method,rank,alpha,gate_percentile,subset,variant,clutter_attenuation_db,target_loss_db,target_retention_ratio,score_mean,pfa_target,threshold,pd,empirical_pfa,target_count,bg_count,path,image_index
raw,0,,,simMed,raw,0.0,0.0,1.0,56.77360962442388,1e-05,11124.174632589524,0.023255813953488372,1.526880735345762e-05,43,65493,C:\Users\刘子轩\Desktop\TP-SSCS项目\data\downloads\aistap_sim\sampledata\sampledata\simMed\simMed_sample.mat,0
raw,0,,,simMed,raw,0.0,0.0,1.0,56.77360962442388,3e-05,9655.504170691933,0.046511627906976744,3.053761470691524e-05,43,65493,C:\Users\刘子轩\Desktop\TP-SSCS项目\data\downloads\aistap_sim\sampledata\sampledata\simMed\simMed_sample.mat,0
raw,0,,,simMed,raw,0.0,0.0,1.0,56.77360962442388,0.0001,7458.75823650836,0.09302325581395349,0.00010688165147420336,43,65493,C:\Users\刘子轩\Desktop\TP-SSCS项目\data\downloads\aistap_sim\sampledata\sampledata\simMed\simMed_sample.mat,0
raw,0,,,simMed,raw,0.0,0.0,1.0,56.77360962442388,0.0003,5149.309725533863,0.11627906976744186,0.00030537614706915243,43,65493,C:\Users\刘子轩\Desktop\TP-SSCS项目\data\downloads\aistap_sim\sampledata\sampledata\simMed\simMed_sample.mat,0
raw,0,,,simMed,raw,0.0,0.0,1.0,56.77360962442388,0.001,3601.5911821606123,0.23255813953488372,0.001007741285328203,43,65493,C:\Users\刘子轩\Desktop\TP-SSCS项目\data\downloads\aistap_sim\sampledata\sampledata\simMed\simMed_sample.mat,0
raw,0,,,simMed,raw,0.0,0.0,1.0,56.77360962442388,0.003,2386.8852097332096,0.32558139534883723,0.0030079550486311513,43,65493,C:\Users\刘子轩\Desktop\TP-SSCS项目\data\downloads\aistap_sim\sampledata\sampledata\simMed\simMed_sample.mat,0
raw,0,,,simMed,raw,0.0,0.0,1.0,56.77360962442388,0.01,1286.4468520244625,0.46511627906976744,0.010001068816514741,43,65493,C:\Users\刘子轩\Desktop\TP-SSCS项目\data\downloads\aistap_sim\sampledata\sampledata\simMed\simMed_sample.mat,0
low_rank_residual,5,,,simMed,low_rank_residual_k5,7.22613762068999,3.714524677454696,0.4251552362492702,10.753076739369304,1e-05,8143.263063957227,0.046511627906976744,1.526880735345762e-05,43,65493,C:\Users\刘子轩\Desktop\TP-SSCS项目\data\downloads\aistap_sim\sampledata\sampledata\simMed\simMed_sample.mat,0
low_rank_residual,5,,,simMed,low_rank_residual_k5,7.22613762068999,3.714524677454696,0.4251552362492702,10.753076739369304,3e-05,5870.939176578246,0.09302325581395349,3.053761470691524e-05,43,65493,C:\Users\刘子轩\Desktop\TP-SSCS项目\data\downloads\aistap_sim\sampledata\sampledata\simMed\simMed_sample.mat,0
low_rank_residual,5,,,simMed,low_rank_residual_k5,7.22613762068999,3.714524677454696,0.4251552362492702,10.753076739369304,0.0001,3953.1533001003054,0.18604651162790697,0.00010688165147420336,43,65493,C:\Users\刘子轩\Desktop\TP-SSCS项目\data\downloads\aistap_sim\sampledata\sampledata\simMed\simMed_sample.mat,0
low_rank_residual,5,,,simMed,low_rank_residual_k5,7.22613762068999,3.714524677454696,0.4251552362492702,10.753076739369304,0.0003,1838.9273792824267,0.32558139534883723,0.00030537614706915243,43,65493,C:\Users\刘子轩\Desktop\TP-SSCS项目\data\downloads\aistap_sim\sampledata\sampledata\simMed\simMed_sample.mat,0
low_rank_residual,5,,,simMed,low_rank_residual_k5,7.22613762068999,3.714524677454696,0.4251552362492702,10.753076739369304,0.001,363.18470159348675,0.7441860465116279,0.001007741285328203,43,65493,C:\Users\刘子轩\Desktop\TP-SSCS项目\data\downloads\aistap_sim\sampledata\sampledata\simMed\simMed_sample.mat,0
low_rank_residual,5,,,simMed,low_rank_residual_k5,7.22613762068999,3.714524677454696,0.4251552362492702,10.753076739369304,0.003,161.71681086626236,0.8604651162790697,0.0030079550486311513,43,65493,C:\Users\刘子轩\Desktop\TP-SSCS项目\data\downloads\aistap_sim\sampledata\sampledata\simMed\simMed_sample.mat,0
low_rank_residual,5,,,simMed,low_rank_residual_k5,7.22613762068999,3.714524677454696,0.4251552362492702,10.753076739369304,0.01,80.47429049792636,0.9767441860465116,0.010001068816514741,43,65493,C:\Users\刘子轩\Desktop\TP-SSCS项目\data\downloads\aistap_sim\sampledata\sampledata\simMed\simMed_sample.mat,0
oracle_blend,5,0.0,,simMed,oracle_blend_k5_a0,12.13945219109975,0.0,1.0,3.468975943428399,1e-05,8259.666061916438,0.046511627906976744,1.526880735345762e-05,43,65493,C:\Users\刘子轩\Desktop\TP-SSCS项目\data\downloads\aistap_sim\sampledata\sampledata\simMed\simMed_sample.mat,0
oracle_blend,5,0.0,,simMed,oracle_blend_k5_a0,12.13945219109975,0.0,1.0,3.468975943428399,3e-05,5966.361670191444,0.09302325581395349,3.053761470691524e-05,43,65493,C:\Users\刘子轩\Desktop\TP-SSCS项目\data\downloads\aistap_sim\sampledata\sampledata\simMed\simMed_sample.mat,0
oracle_blend,5,0.0,,simMed,oracle_blend_k5_a0,12.13945219109975,0.0,1.0,3.468975943428399,0.0001,4068.4319949616593,0.20930232558139536,0.00010688165147420336,43,65493,C:\Users\刘子轩\Desktop\TP-SSCS项目\data\downloads\aistap_sim\sampledata\sampledata\simMed\simMed_sample.mat,0
oracle_blend,5,0.0,,simMed,oracle_blend_k5_a0,12.13945219109975,0.0,1.0,3.468975943428399,0.0003,1913.6526588375905,0.32558139534883723,0.00030537614706915243,43,65493,C:\Users\刘子轩\Desktop\TP-SSCS项目\data\downloads\aistap_sim\sampledata\sampledata\simMed\simMed_sample.mat,0
oracle_blend,5,0.0,,simMed,oracle_blend_k5_a0,12.13945219109975,0.0,1.0,3.468975943428399,0.001,325.70838044098514,0.7441860465116279,0.001007741285328203,43,65493,C:\Users\刘子轩\Desktop\TP-SSCS项目\data\downloads\aistap_sim\sampledata\sampledata\simMed\simMed_sample.mat,0
oracle_blend,5,0.0,,simMed,oracle_blend_k5_a0,12.13945219109975,0.0,1.0,3.468975943428399,0.003,19.752091818886655,1.0,0.0030079550486311513,43,65493,C:\Users\刘子轩\Desktop\TP-SSCS项目\data\downloads\aistap_sim\sampledata\sampledata\simMed\simMed_sample.mat,0
oracle_blend,5,0.0,,simMed,oracle_blend_k5_a0,12.13945219109975,0.0,1.0,3.468975943428399,0.01,0.6075203080581612,1.0,0.010001068816514741,43,65493,C:\Users\刘子轩\Desktop\TP-SSCS项目\data\downloads\aistap_sim\sampledata\sampledata\simMed\simMed_sample.mat,0
oracle_blend,5,0.25,,simMed,oracle_blend_k5_a0.25,11.620692119298985,1.2580505294391697,0.7485054158590557,3.9091046345479117,1e-05,8230.110198261285,0.046511627906976744,1.526880735345762e-05,43,65493,C:\Users\刘子轩\Desktop\TP-SSCS项目\data\downloads\aistap_sim\sampledata\sampledata\simMed\simMed_sample.mat,0
oracle_blend,5,0.25,,simMed,oracle_blend_k5_a0.25,11.620692119298985,1.2580505294391697,0.7485054158590557,3.9091046345479117,3e-05,5942.310010141718,0.09302325581395349,3.053761470691524e-05,43,65493,C:\Users\刘子轩\Desktop\TP-SSCS项目\data\downloads\aistap_sim\sampledata\sampledata\simMed\simMed_sample.mat,0
oracle_blend,5,0.25,,simMed,oracle_blend_k5_a0.25,11.620692119298985,1.2580505294391697,0.7485054158590557,3.9091046345479117,0.0001,4039.117785406791,0.18604651162790697,0.00010688165147420336,43,65493,C:\Users\刘子轩\Desktop\TP-SSCS项目\data\downloads\aistap_sim\sampledata\sampledata\simMed\simMed_sample.mat,0
oracle_blend,5,0.25,,simMed,oracle_blend_k5_a0.25,11.620692119298985,1.2580505294391697,0.7485054158590557,3.9091046345479117,0.0003,1900.9814299557506,0.32558139534883723,0.00030537614706915243,43,65493,C:\Users\刘子轩\Desktop\TP-SSCS项目\data\downloads\aistap_sim\sampledata\sampledata\simMed\simMed_sample.mat,0
oracle_blend,5,0.25,,simMed,oracle_blend_k5_a0.25,11.620692119298985,1.2580505294391697,0.7485054158590557,3.9091046345479117,0.001,324.284875701703,0.7441860465116279,0.001007741285328203,43,65493,C:\Users\刘子轩\Desktop\TP-SSCS项目\data\downloads\aistap_sim\sampledata\sampledata\simMed\simMed_sample.mat,0
oracle_blend,5,0.25,,simMed,oracle_blend_k5_a0.25,11.620692119298985,1.2580505294391697,0.7485054158590557,3.9091046345479117,0.003,22.45324262531771,1.0,0.0030079550486311513,43,65493,C:\Users\刘子轩\Desktop\TP-SSCS项目\data\downloads\aistap_sim\sampledata\sampledata\simMed\simMed_sample.mat,0
oracle_blend,5,0.25,,simMed,oracle_blend_k5_a0.25,11.620692119298985,1.2580505294391697,0.7485054158590557,3.9091046345479117,0.01,5.719072925940293,1.0,0.010001068816514741,43,65493,C:\Users\刘子轩\Desktop\TP-SSCS项目\data\downloads\aistap_sim\sampledata\sampledata\simMed\simMed_sample.mat,0
oracle_blend,5,0.5,,simMed,oracle_blend_k5_a0.5,10.32349819528482,2.4498969625101656,0.5688664271869527,5.2698309975779,1e-05,8200.857744049701,0.046511627906976744,1.526880735345762e-05,43,65493,C:\Users\刘子轩\Desktop\TP-SSCS项目\data\downloads\aistap_sim\sampledata\sampledata\simMed\simMed_sample.mat,0
oracle_blend,5,0.5,,simMed,oracle_blend_k5_a0.5,10.32349819528482,2.4498969625101656,0.5688664271869527,5.2698309975779,3e-05,5918.389041189608,0.09302325581395349,3.053761470691524e-05,43,65493,C:\Users\刘子轩\Desktop\TP-SSCS项目\data\downloads\aistap_sim\sampledata\sampledata\simMed\simMed_sample.mat,0
oracle_blend,5,0.5,,simMed,oracle_blend_k5_a0.5,10.32349819528482,2.4498969625101656,0.5688664271869527,5.2698309975779,0.0001,4010.1332664116094,0.18604651162790697,0.00010688165147420336,43,65493,C:\Users\刘子轩\Desktop\TP-SSCS项目\data\downloads\aistap_sim\sampledata\sampledata\simMed\simMed_sample.mat,0
oracle_blend,5,0.5,,simMed,oracle_blend_k5_a0.5,10.32349819528482,2.4498969625101656,0.5688664271869527,5.2698309975779,0.0003,1888.63455791046,0.32558139534883723,0.00030537614706915243,43,65493,C:\Users\刘子轩\Desktop\TP-SSCS项目\data\downloads\aistap_sim\sampledata\sampledata\simMed\simMed_sample.mat,0
oracle_blend,5,0.5,,simMed,oracle_blend_k5_a0.5,10.32349819528482,2.4498969625101656,0.5688664271869527,5.2698309975779,0.001,324.3385490063278,0.7441860465116279,0.001007741285328203,43,65493,C:\Users\刘子轩\Desktop\TP-SSCS项目\data\downloads\aistap_sim\sampledata\sampledata\simMed\simMed_sample.mat,0
oracle_blend,5,0.5,,simMed,oracle_blend_k5_a0.5,10.32349819528482,2.4498969625101656,0.5688664271869527,5.2698309975779,0.003,54.7892055094743,1.0,0.0030079550486311513,43,65493,C:\Users\刘子轩\Desktop\TP-SSCS项目\data\downloads\aistap_sim\sampledata\sampledata\simMed\simMed_sample.mat,0
oracle_blend,5,0.5,,simMed,oracle_blend_k5_a0.5,10.32349819528482,2.4498969625101656,0.5688664271869527,5.2698309975779,0.01,21.2110761005199,1.0,0.010001068816514741,43,65493,C:\Users\刘子轩\Desktop\TP-SSCS项目\data\downloads\aistap_sim\sampledata\sampledata\simMed\simMed_sample.mat,0
oracle_blend,5,0.75,,simMed,oracle_blend_k5_a0.75,8.76133120382094,3.3622085779105078,0.4610830339836908,7.5511550325183645,1e-05,8171.908699281682,0.046511627906976744,1.526880735345762e-05,43,65493,C:\Users\刘子轩\Desktop\TP-SSCS项目\data\downloads\aistap_sim\sampledata\sampledata\simMed\simMed_sample.mat,0
oracle_blend,5,0.75,,simMed,oracle_blend_k5_a0.75,8.76133120382094,3.3622085779105078,0.4610830339836908,7.5511550325183645,3e-05,5894.598763335118,0.09302325581395349,3.053761470691524e-05,43,65493,C:\Users\刘子轩\Desktop\TP-SSCS项目\data\downloads\aistap_sim\sampledata\sampledata\simMed\simMed_sample.mat,0
oracle_blend,5,0.75,,simMed,oracle_blend_k5_a0.75,8.76133120382094,3.3622085779105078,0.4610830339836908,7.5511550325183645,0.0001,3981.4784379761136,0.18604651162790697,0.00010688165147420336,43,65493,C:\Users\刘子轩\Desktop\TP-SSCS项目\data\downloads\aistap_sim\sampledata\sampledata\simMed\simMed_sample.mat,0
oracle_blend,5,0.75,,simMed,oracle_blend_k5_a0.75,8.76133120382094,3.3622085779105078,0.4610830339836908,7.5511550325183645,0.0003,1864.4601189117711,0.32558139534883723,0.00030537614706915243,43,65493,C:\Users\刘子轩\Desktop\TP-SSCS项目\data\downloads\aistap_sim\sampledata\sampledata\simMed\simMed_sample.mat,0
oracle_blend,5,0.75,,simMed,oracle_blend_k5_a0.75,8.76133120382094,3.3622085779105078,0.4610830339836908,7.5511550325183645,0.001,321.54095565505935,0.7441860465116279,0.001007741285328203,43,65493,C:\Users\刘子轩\Desktop\TP-SSCS项目\data\downloads\aistap_sim\sampledata\sampledata\simMed\simMed_sample.mat,0
oracle_blend,5,0.75,,simMed,oracle_blend_k5_a0.75,8.76133120382094,3.3622085779105078,0.4610830339836908,7.5511550325183645,0.003,102.4008885632067,0.9534883720930233,0.0030079550486311513,43,65493,C:\Users\刘子轩\Desktop\TP-SSCS项目\data\downloads\aistap_sim\sampledata\sampledata\simMed\simMed_sample.mat,0
oracle_blend,5,0.75,,simMed,oracle_blend_k5_a0.75,8.76133120382094,3.3622085779105078,0.4610830339836908,7.5511550325183645,0.01,46.19612341999273,1.0,0.010001068816514741,43,65493,C:\Users\刘子轩\Desktop\TP-SSCS项目\data\downloads\aistap_sim\sampledata\sampledata\simMed\simMed_sample.mat,0
oracle_blend,5,1.0,,simMed,oracle_blend_k5_a1,7.22613762068999,3.714524677454696,0.4251552362492702,10.753076739369304,1e-05,8143.263063957227,0.046511627906976744,1.526880735345762e-05,43,65493,C:\Users\刘子轩\Desktop\TP-SSCS项目\data\downloads\aistap_sim\sampledata\sampledata\simMed\simMed_sample.mat,0
oracle_blend,5,1.0,,simMed,oracle_blend_k5_a1,7.22613762068999,3.714524677454696,0.4251552362492702,10.753076739369304,3e-05,5870.939176578246,0.09302325581395349,3.053761470691524e-05,43,65493,C:\Users\刘子轩\Desktop\TP-SSCS项目\data\downloads\aistap_sim\sampledata\sampledata\simMed\simMed_sample.mat,0
oracle_blend,5,1.0,,simMed,oracle_blend_k5_a1,7.22613762068999,3.714524677454696,0.4251552362492702,10.753076739369304,0.0001,3953.1533001003054,0.18604651162790697,0.00010688165147420336,43,65493,C:\Users\刘子轩\Desktop\TP-SSCS项目\data\downloads\aistap_sim\sampledata\sampledata\simMed\simMed_sample.mat,0
oracle_blend,5,1.0,,simMed,oracle_blend_k5_a1,7.22613762068999,3.714524677454696,0.4251552362492702,10.753076739369304,0.0003,1838.9273792824267,0.32558139534883723,0.00030537614706915243,43,65493,C:\Users\刘子轩\Desktop\TP-SSCS项目\data\downloads\aistap_sim\sampledata\sampledata\simMed\simMed_sample.mat,0
oracle_blend,5,1.0,,simMed,oracle_blend_k5_a1,7.22613762068999,3.714524677454696,0.4251552362492702,10.753076739369304,0.001,363.18470159348675,0.7441860465116279,0.001007741285328203,43,65493,C:\Users\刘子轩\Desktop\TP-SSCS项目\data\downloads\aistap_sim\sampledata\sampledata\simMed\simMed_sample.mat,0
oracle_blend,5,1.0,,simMed,oracle_blend_k5_a1,7.22613762068999,3.714524677454696,0.4251552362492702,10.753076739369304,0.003,161.71681086626236,0.8604651162790697,0.0030079550486311513,43,65493,C:\Users\刘子轩\Desktop\TP-SSCS项目\data\downloads\aistap_sim\sampledata\sampledata\simMed\simMed_sample.mat,0
oracle_blend,5,1.0,,simMed,oracle_blend_k5_a1,7.22613762068999,3.714524677454696,0.4251552362492702,10.753076739369304,0.01,80.47429049792636,0.9767441860465116,0.010001068816514741,43,65493,C:\Users\刘子轩\Desktop\TP-SSCS项目\data\downloads\aistap_sim\sampledata\sampledata\simMed\simMed_sample.mat,0
oracle_gate,5,,50.0,simMed,oracle_gate_k5_p50,8.938118691179625,-2.943911861246799e-06,1.0000006778609865,7.249943767992378,1e-05,8259.666061916438,0.046511627906976744,1.526880735345762e-05,43,65493,C:\Users\刘子轩\Desktop\TP-SSCS项目\data\downloads\aistap_sim\sampledata\sampledata\simMed\simMed_sample.mat,0
oracle_gate,5,,50.0,simMed,oracle_gate_k5_p50,8.938118691179625,-2.943911861246799e-06,1.0000006778609865,7.249943767992378,3e-05,5966.361670191444,0.09302325581395349,3.053761470691524e-05,43,65493,C:\Users\刘子轩\Desktop\TP-SSCS项目\data\downloads\aistap_sim\sampledata\sampledata\simMed\simMed_sample.mat,0
oracle_gate,5,,50.0,simMed,oracle_gate_k5_p50,8.938118691179625,-2.943911861246799e-06,1.0000006778609865,7.249943767992378,0.0001,4068.4319949616593,0.20930232558139536,0.00010688165147420336,43,65493,C:\Users\刘子轩\Desktop\TP-SSCS项目\data\downloads\aistap_sim\sampledata\sampledata\simMed\simMed_sample.mat,0
oracle_gate,5,,50.0,simMed,oracle_gate_k5_p50,8.938118691179625,-2.943911861246799e-06,1.0000006778609865,7.249943767992378,0.0003,1913.6526588375905,0.32558139534883723,0.00030537614706915243,43,65493,C:\Users\刘子轩\Desktop\TP-SSCS项目\data\downloads\aistap_sim\sampledata\sampledata\simMed\simMed_sample.mat,0
oracle_gate,5,,50.0,simMed,oracle_gate_k5_p50,8.938118691179625,-2.943911861246799e-06,1.0000006778609865,7.249943767992378,0.001,362.2715562192308,0.7441860465116279,0.001007741285328203,43,65493,C:\Users\刘子轩\Desktop\TP-SSCS项目\data\downloads\aistap_sim\sampledata\sampledata\simMed\simMed_sample.mat,0
oracle_gate,5,,50.0,simMed,oracle_gate_k5_p50,8.938118691179625,-2.943911861246799e-06,1.0000006778609865,7.249943767992378,0.003,129.09987267762324,0.9069767441860465,0.0030079550486311513,43,65493,C:\Users\刘子轩\Desktop\TP-SSCS项目\data\downloads\aistap_sim\sampledata\sampledata\simMed\simMed_sample.mat,0
oracle_gate,5,,50.0,simMed,oracle_gate_k5_p50,8.938118691179625,-2.943911861246799e-06,1.0000006778609865,7.249943767992378,0.01,60.79748826038869,1.0,0.010001068816514741,43,65493,C:\Users\刘子轩\Desktop\TP-SSCS项目\data\downloads\aistap_sim\sampledata\sampledata\simMed\simMed_sample.mat,0
oracle_gate,5,,70.0,simMed,oracle_gate_k5_p70,8.131159328012934,-3.001959228604784e-05,1.0000069122904593,8.73032827926205,1e-05,8259.666061916438,0.046511627906976744,1.526880735345762e-05,43,65493,C:\Users\刘子轩\Desktop\TP-SSCS项目\data\downloads\aistap_sim\sampledata\sampledata\simMed\simMed_sample.mat,0
oracle_gate,5,,70.0,simMed,oracle_gate_k5_p70,8.131159328012934,-3.001959228604784e-05,1.0000069122904593,8.73032827926205,3e-05,5966.361670191444,0.09302325581395349,3.053761470691524e-05,43,65493,C:\Users\刘子轩\Desktop\TP-SSCS项目\data\downloads\aistap_sim\sampledata\sampledata\simMed\simMed_sample.mat,0
oracle_gate,5,,70.0,simMed,oracle_gate_k5_p70,8.131159328012934,-3.001959228604784e-05,1.0000069122904593,8.73032827926205,0.0001,4068.4319949616593,0.20930232558139536,0.00010688165147420336,43,65493,C:\Users\刘子轩\Desktop\TP-SSCS项目\data\downloads\aistap_sim\sampledata\sampledata\simMed\simMed_sample.mat,0
oracle_gate,5,,70.0,simMed,oracle_gate_k5_p70,8.131159328012934,-3.001959228604784e-05,1.0000069122904593,8.73032827926205,0.0003,1913.6526588375905,0.32558139534883723,0.00030537614706915243,43,65493,C:\Users\刘子轩\Desktop\TP-SSCS项目\data\downloads\aistap_sim\sampledata\sampledata\simMed\simMed_sample.mat,0
oracle_gate,5,,70.0,simMed,oracle_gate_k5_p70,8.131159328012934,-3.001959228604784e-05,1.0000069122904593,8.73032827926205,0.001,362.2715562192308,0.7441860465116279,0.001007741285328203,43,65493,C:\Users\刘子轩\Desktop\TP-SSCS项目\data\downloads\aistap_sim\sampledata\sampledata\simMed\simMed_sample.mat,0
oracle_gate,5,,70.0,simMed,oracle_gate_k5_p70,8.131159328012934,-3.001959228604784e-05,1.0000069122904593,8.73032827926205,0.003,140.02295406887367,0.9069767441860465,0.0030079550486311513,43,65493,C:\Users\刘子轩\Desktop\TP-SSCS项目\data\downloads\aistap_sim\sampledata\sampledata\simMed\simMed_sample.mat,0
oracle_gate,5,,70.0,simMed,oracle_gate_k5_p70,8.131159328012934,-3.001959228604784e-05,1.0000069122904593,8.73032827926205,0.01,69.18896208511653,0.9767441860465116,0.010001068816514741,43,65493,C:\Users\刘子轩\Desktop\TP-SSCS项目\data\downloads\aistap_sim\sampledata\sampledata\simMed\simMed_sample.mat,0
oracle_gate,5,,80.0,simMed,oracle_gate_k5_p80,7.81430725894313,-6.787862527362772e-05,1.0000156297532121,9.391085214278178,1e-05,8259.666061916438,0.046511627906976744,1.526880735345762e-05,43,65493,C:\Users\刘子轩\Desktop\TP-SSCS项目\data\downloads\aistap_sim\sampledata\sampledata\simMed\simMed_sample.mat,0
oracle_gate,5,,80.0,simMed,oracle_gate_k5_p80,7.81430725894313,-6.787862527362772e-05,1.0000156297532121,9.391085214278178,3e-05,5966.361670191444,0.09302325581395349,3.053761470691524e-05,43,65493,C:\Users\刘子轩\Desktop\TP-SSCS项目\data\downloads\aistap_sim\sampledata\sampledata\simMed\simMed_sample.mat,0
oracle_gate,5,,80.0,simMed,oracle_gate_k5_p80,7.81430725894313,-6.787862527362772e-05,1.0000156297532121,9.391085214278178,0.0001,4068.4319949616593,0.20930232558139536,0.00010688165147420336,43,65493,C:\Users\刘子轩\Desktop\TP-SSCS项目\data\downloads\aistap_sim\sampledata\sampledata\simMed\simMed_sample.mat,0
oracle_gate,5,,80.0,simMed,oracle_gate_k5_p80,7.81430725894313,-6.787862527362772e-05,1.0000156297532121,9.391085214278178,0.0003,1913.6526588375905,0.32558139534883723,0.00030537614706915243,43,65493,C:\Users\刘子轩\Desktop\TP-SSCS项目\data\downloads\aistap_sim\sampledata\sampledata\simMed\simMed_sample.mat,0
oracle_gate,5,,80.0,simMed,oracle_gate_k5_p80,7.81430725894313,-6.787862527362772e-05,1.0000156297532121,9.391085214278178,0.001,363.18470159348675,0.7441860465116279,0.001007741285328203,43,65493,C:\Users\刘子轩\Desktop\TP-SSCS项目\data\downloads\aistap_sim\sampledata\sampledata\simMed\simMed_sample.mat,0
oracle_gate,5,,80.0,simMed,oracle_gate_k5_p80,7.81430725894313,-6.787862527362772e-05,1.0000156297532121,9.391085214278178,0.003,144.50483873927092,0.9069767441860465,0.0030079550486311513,43,65493,C:\Users\刘子轩\Desktop\TP-SSCS项目\data\downloads\aistap_sim\sampledata\sampledata\simMed\simMed_sample.mat,0
oracle_gate,5,,80.0,simMed,oracle_gate_k5_p80,7.81430725894313,-6.787862527362772e-05,1.0000156297532121,9.391085214278178,0.01,73.43837320614432,0.9767441860465116,0.010001068816514741,43,65493,C:\Users\刘子轩\Desktop\TP-SSCS项目\data\downloads\aistap_sim\sampledata\sampledata\simMed\simMed_sample.mat,0
oracle_gate,5,,90.0,simMed,oracle_gate_k5_p90,7.499260975174586,-0.0014116311385100285,1.0003250929128853,10.097652241391414,1e-05,8259.666061916438,0.046511627906976744,1.526880735345762e-05,43,65493,C:\Users\刘子轩\Desktop\TP-SSCS项目\data\downloads\aistap_sim\sampledata\sampledata\simMed\simMed_sample.mat,0
oracle_gate,5,,90.0,simMed,oracle_gate_k5_p90,7.499260975174586,-0.0014116311385100285,1.0003250929128853,10.097652241391414,3e-05,5966.361670191444,0.09302325581395349,3.053761470691524e-05,43,65493,C:\Users\刘子轩\Desktop\TP-SSCS项目\data\downloads\aistap_sim\sampledata\sampledata\simMed\simMed_sample.mat,0
oracle_gate,5,,90.0,simMed,oracle_gate_k5_p90,7.499260975174586,-0.0014116311385100285,1.0003250929128853,10.097652241391414,0.0001,4068.4319949616593,0.20930232558139536,0.00010688165147420336,43,65493,C:\Users\刘子轩\Desktop\TP-SSCS项目\data\downloads\aistap_sim\sampledata\sampledata\simMed\simMed_sample.mat,0
oracle_gate,5,,90.0,simMed,oracle_gate_k5_p90,7.499260975174586,-0.0014116311385100285,1.0003250929128853,10.097652241391414,0.0003,1913.6526588375905,0.32558139534883723,0.00030537614706915243,43,65493,C:\Users\刘子轩\Desktop\TP-SSCS项目\data\downloads\aistap_sim\sampledata\sampledata\simMed\simMed_sample.mat,0
oracle_gate,5,,90.0,simMed,oracle_gate_k5_p90,7.499260975174586,-0.0014116311385100285,1.0003250929128853,10.097652241391414,0.001,363.18470159348675,0.7441860465116279,0.001007741285328203,43,65493,C:\Users\刘子轩\Desktop\TP-SSCS项目\data\downloads\aistap_sim\sampledata\sampledata\simMed\simMed_sample.mat,0
oracle_gate,5,,90.0,simMed,oracle_gate_k5_p90,7.499260975174586,-0.0014116311385100285,1.0003250929128853,10.097652241391414,0.003,153.12495360482566,0.8837209302325582,0.0030079550486311513,43,65493,C:\Users\刘子轩\Desktop\TP-SSCS项目\data\downloads\aistap_sim\sampledata\sampledata\simMed\simMed_sample.mat,0
oracle_gate,5,,90.0,simMed,oracle_gate_k5_p90,7.499260975174586,-0.0014116311385100285,1.0003250929128853,10.097652241391414,0.01,76.72538489288613,0.9767441860465116,0.010001068816514741,43,65493,C:\Users\刘子轩\Desktop\TP-SSCS项目\data\downloads\aistap_sim\sampledata\sampledata\simMed\simMed_sample.mat,0
oracle_gate,5,,95.0,simMed,oracle_gate_k5_p95,7.342527267840749,-0.0027312511845648713,1.0006290916214644,10.4687247312019,1e-05,8259.666061916438,0.046511627906976744,1.526880735345762e-05,43,65493,C:\Users\刘子轩\Desktop\TP-SSCS项目\data\downloads\aistap_sim\sampledata\sampledata\simMed\simMed_sample.mat,0
oracle_gate,5,,95.0,simMed,oracle_gate_k5_p95,7.342527267840749,-0.0027312511845648713,1.0006290916214644,10.4687247312019,3e-05,5966.361670191444,0.09302325581395349,3.053761470691524e-05,43,65493,C:\Users\刘子轩\Desktop\TP-SSCS项目\data\downloads\aistap_sim\sampledata\sampledata\simMed\simMed_sample.mat,0
oracle_gate,5,,95.0,simMed,oracle_gate_k5_p95,7.342527267840749,-0.0027312511845648713,1.0006290916214644,10.4687247312019,0.0001,4068.4319949616593,0.20930232558139536,0.00010688165147420336,43,65493,C:\Users\刘子轩\Desktop\TP-SSCS项目\data\downloads\aistap_sim\sampledata\sampledata\simMed\simMed_sample.mat,0
oracle_gate,5,,95.0,simMed,oracle_gate_k5_p95,7.342527267840749,-0.0027312511845648713,1.0006290916214644,10.4687247312019,0.0003,1913.6526588375905,0.32558139534883723,0.00030537614706915243,43,65493,C:\Users\刘子轩\Desktop\TP-SSCS项目\data\downloads\aistap_sim\sampledata\sampledata\simMed\simMed_sample.mat,0
oracle_gate,5,,95.0,simMed,oracle_gate_k5_p95,7.342527267840749,-0.0027312511845648713,1.0006290916214644,10.4687247312019,0.001,363.18470159348675,0.7441860465116279,0.001007741285328203,43,65493,C:\Users\刘子轩\Desktop\TP-SSCS项目\data\downloads\aistap_sim\sampledata\sampledata\simMed\simMed_sample.mat,0
oracle_gate,5,,95.0,simMed,oracle_gate_k5_p95,7.342527267840749,-0.0027312511845648713,1.0006290916214644,10.4687247312019,0.003,157.70310298626592,0.8837209302325582,0.0030079550486311513,43,65493,C:\Users\刘子轩\Desktop\TP-SSCS项目\data\downloads\aistap_sim\sampledata\sampledata\simMed\simMed_sample.mat,0
oracle_gate,5,,95.0,simMed,oracle_gate_k5_p95,7.342527267840749,-0.0027312511845648713,1.0006290916214644,10.4687247312019,0.01,78.42026493202565,0.9767441860465116,0.010001068816514741,43,65493,C:\Users\刘子轩\Desktop\TP-SSCS项目\data\downloads\aistap_sim\sampledata\sampledata\simMed\simMed_sample.mat,0
low_rank_residual,20,,,simMed,low_rank_residual_k20,11.26835218414895,13.905995519867488,0.04068182694210805,4.239467290369253,1e-05,1438.8292450966103,0.13953488372093023,1.526880735345762e-05,43,65493,C:\Users\刘子轩\Desktop\TP-SSCS项目\data\downloads\aistap_sim\sampledata\sampledata\simMed\simMed_sample.mat,0
low_rank_residual,20,,,simMed,low_rank_residual_k20,11.26835218414895,13.905995519867488,0.04068182694210805,4.239467290369253,3e-05,1150.4511124470991,0.20930232558139536,3.053761470691524e-05,43,65493,C:\Users\刘子轩\Desktop\TP-SSCS项目\data\downloads\aistap_sim\sampledata\sampledata\simMed\simMed_sample.mat,0
low_rank_residual,20,,,simMed,low_rank_residual_k20,11.26835218414895,13.905995519867488,0.04068182694210805,4.239467290369253,0.0001,964.2683688397872,0.3023255813953488,0.00010688165147420336,43,65493,C:\Users\刘子轩\Desktop\TP-SSCS项目\data\downloads\aistap_sim\sampledata\sampledata\simMed\simMed_sample.mat,0
low_rank_residual,20,,,simMed,low_rank_residual_k20,11.26835218414895,13.905995519867488,0.04068182694210805,4.239467290369253,0.0003,427.5040924563759,0.4418604651162791,0.00030537614706915243,43,65493,C:\Users\刘子轩\Desktop\TP-SSCS项目\data\downloads\aistap_sim\sampledata\sampledata\simMed\simMed_sample.mat,0
low_rank_residual,20,,,simMed,low_rank_residual_k20,11.26835218414895,13.905995519867488,0.04068182694210805,4.239467290369253,0.001,132.16712110978702,0.7674418604651163,0.001007741285328203,43,65493,C:\Users\刘子轩\Desktop\TP-SSCS项目\data\downloads\aistap_sim\sampledata\sampledata\simMed\simMed_sample.mat,0
low_rank_residual,20,,,simMed,low_rank_residual_k20,11.26835218414895,13.905995519867488,0.04068182694210805,4.239467290369253,0.003,35.78077130032249,0.9534883720930233,0.0030079550486311513,43,65493,C:\Users\刘子轩\Desktop\TP-SSCS项目\data\downloads\aistap_sim\sampledata\sampledata\simMed\simMed_sample.mat,0
low_rank_residual,20,,,simMed,low_rank_residual_k20,11.26835218414895,13.905995519867488,0.04068182694210805,4.239467290369253,0.01,19.47430355338587,0.9534883720930233,0.010001068816514741,43,65493,C:\Users\刘子轩\Desktop\TP-SSCS项目\data\downloads\aistap_sim\sampledata\sampledata\simMed\simMed_sample.mat,0
oracle_blend,20,0.0,,simMed,oracle_blend_k20_a0,12.13945219109975,0.0,1.0,3.468975943428399,1e-05,8259.666061916438,0.046511627906976744,1.526880735345762e-05,43,65493,C:\Users\刘子轩\Desktop\TP-SSCS项目\data\downloads\aistap_sim\sampledata\sampledata\simMed\simMed_sample.mat,0
oracle_blend,20,0.0,,simMed,oracle_blend_k20_a0,12.13945219109975,0.0,1.0,3.468975943428399,3e-05,5966.361670191444,0.09302325581395349,3.053761470691524e-05,43,65493,C:\Users\刘子轩\Desktop\TP-SSCS项目\data\downloads\aistap_sim\sampledata\sampledata\simMed\simMed_sample.mat,0
oracle_blend,20,0.0,,simMed,oracle_blend_k20_a0,12.13945219109975,0.0,1.0,3.468975943428399,0.0001,4068.4319949616593,0.20930232558139536,0.00010688165147420336,43,65493,C:\Users\刘子轩\Desktop\TP-SSCS项目\data\downloads\aistap_sim\sampledata\sampledata\simMed\simMed_sample.mat,0
oracle_blend,20,0.0,,simMed,oracle_blend_k20_a0,12.13945219109975,0.0,1.0,3.468975943428399,0.0003,1913.6526588375905,0.32558139534883723,0.00030537614706915243,43,65493,C:\Users\刘子轩\Desktop\TP-SSCS项目\data\downloads\aistap_sim\sampledata\sampledata\simMed\simMed_sample.mat,0
oracle_blend,20,0.0,,simMed,oracle_blend_k20_a0,12.13945219109975,0.0,1.0,3.468975943428399,0.001,325.70838044098514,0.7441860465116279,0.001007741285328203,43,65493,C:\Users\刘子轩\Desktop\TP-SSCS项目\data\downloads\aistap_sim\sampledata\sampledata\simMed\simMed_sample.mat,0
oracle_blend,20,0.0,,simMed,oracle_blend_k20_a0,12.13945219109975,0.0,1.0,3.468975943428399,0.003,19.752091818886655,1.0,0.0030079550486311513,43,65493,C:\Users\刘子轩\Desktop\TP-SSCS项目\data\downloads\aistap_sim\sampledata\sampledata\simMed\simMed_sample.mat,0
oracle_blend,20,0.0,,simMed,oracle_blend_k20_a0,12.13945219109975,0.0,1.0,3.468975943428399,0.01,0.6075203080581612,1.0,0.010001068816514741,43,65493,C:\Users\刘子轩\Desktop\TP-SSCS项目\data\downloads\aistap_sim\sampledata\sampledata\simMed\simMed_sample.mat,0
oracle_blend,20,0.25,,simMed,oracle_blend_k20_a0.25,13.361559311879,2.363487022448418,0.5802982992871724,2.61812619564938,1e-05,4760.552237346046,0.046511627906976744,1.526880735345762e-05,43,65493,C:\Users\刘子轩\Desktop\TP-SSCS项目\data\downloads\aistap_sim\sampledata\sampledata\simMed\simMed_sample.mat,0
oracle_blend,20,0.25,,simMed,oracle_blend_k20_a0.25,13.361559311879,2.363487022448418,0.5802982992871724,2.61812619564938,3e-05,3427.6195619677064,0.11627906976744186,3.053761470691524e-05,43,65493,C:\Users\刘子轩\Desktop\TP-SSCS项目\data\downloads\aistap_sim\sampledata\sampledata\simMed\simMed_sample.mat,0
oracle_blend,20,0.25,,simMed,oracle_blend_k20_a0.25,13.361559311879,2.363487022448418,0.5802982992871724,2.61812619564938,0.0001,2549.82720131831,0.27906976744186046,0.00010688165147420336,43,65493,C:\Users\刘子轩\Desktop\TP-SSCS项目\data\downloads\aistap_sim\sampledata\sampledata\simMed\simMed_sample.mat,0
oracle_blend,20,0.25,,simMed,oracle_blend_k20_a0.25,13.361559311879,2.363487022448418,0.5802982992871724,2.61812619564938,0.0003,1253.8825003202087,0.4418604651162791,0.00030537614706915243,43,65493,C:\Users\刘子轩\Desktop\TP-SSCS项目\data\downloads\aistap_sim\sampledata\sampledata\simMed\simMed_sample.mat,0
oracle_blend,20,0.25,,simMed,oracle_blend_k20_a0.25,13.361559311879,2.363487022448418,0.5802982992871724,2.61812619564938,0.001,286.99895529323146,0.7441860465116279,0.001007741285328203,43,65493,C:\Users\刘子轩\Desktop\TP-SSCS项目\data\downloads\aistap_sim\sampledata\sampledata\simMed\simMed_sample.mat,0
oracle_blend,20,0.25,,simMed,oracle_blend_k20_a0.25,13.361559311879,2.363487022448418,0.5802982992871724,2.61812619564938,0.003,15.763010361723888,1.0,0.0030079550486311513,43,65493,C:\Users\刘子轩\Desktop\TP-SSCS项目\data\downloads\aistap_sim\sampledata\sampledata\simMed\simMed_sample.mat,0
oracle_blend,20,0.25,,simMed,oracle_blend_k20_a0.25,13.361559311879,2.363487022448418,0.5802982992871724,2.61812619564938,0.01,1.430402989452101,1.0,0.010001068816514741,43,65493,C:\Users\刘子轩\Desktop\TP-SSCS项目\data\downloads\aistap_sim\sampledata\sampledata\simMed\simMed_sample.mat,0
oracle_blend,20,0.5,,simMed,oracle_blend_k20_a0.5,13.626953487934593,5.520495304224491,0.28051137020658107,2.462924837546516,1e-05,2365.329642311391,0.11627906976744186,1.526880735345762e-05,43,65493,C:\Users\刘子轩\Desktop\TP-SSCS项目\data\downloads\aistap_sim\sampledata\sampledata\simMed\simMed_sample.mat,0
oracle_blend,20,0.5,,simMed,oracle_blend_k20_a0.5,13.626953487934593,5.520495304224491,0.28051137020658107,2.462924837546516,3e-05,1847.6500887624036,0.23255813953488372,3.053761470691524e-05,43,65493,C:\Users\刘子轩\Desktop\TP-SSCS项目\data\downloads\aistap_sim\sampledata\sampledata\simMed\simMed_sample.mat,0
oracle_blend,20,0.5,,simMed,oracle_blend_k20_a0.5,13.626953487934593,5.520495304224491,0.28051137020658107,2.462924837546516,0.0001,1493.3026323001034,0.3023255813953488,0.00010688165147420336,43,65493,C:\Users\刘子轩\Desktop\TP-SSCS项目\data\downloads\aistap_sim\sampledata\sampledata\simMed\simMed_sample.mat,0
oracle_blend,20,0.5,,simMed,oracle_blend_k20_a0.5,13.626953487934593,5.520495304224491,0.28051137020658107,2.462924837546516,0.0003,780.0502663130054,0.5581395348837209,0.00030537614706915243,43,65493,C:\Users\刘子轩\Desktop\TP-SSCS项目\data\downloads\aistap_sim\sampledata\sampledata\simMed\simMed_sample.mat,0
oracle_blend,20,0.5,,simMed,oracle_blend_k20_a0.5,13.626953487934593,5.520495304224491,0.28051137020658107,2.462924837546516,0.001,213.51042264200038,0.7906976744186046,0.001007741285328203,43,65493,C:\Users\刘子轩\Desktop\TP-SSCS项目\data\downloads\aistap_sim\sampledata\sampledata\simMed\simMed_sample.mat,0
oracle_blend,20,0.5,,simMed,oracle_blend_k20_a0.5,13.626953487934593,5.520495304224491,0.28051137020658107,2.462924837546516,0.003,17.34234009434472,1.0,0.0030079550486311513,43,65493,C:\Users\刘子轩\Desktop\TP-SSCS项目\data\downloads\aistap_sim\sampledata\sampledata\simMed\simMed_sample.mat,0
oracle_blend,20,0.5,,simMed,oracle_blend_k20_a0.5,13.626953487934593,5.520495304224491,0.28051137020658107,2.462924837546516,0.01,5.123415636050318,1.0,0.010001068816514741,43,65493,C:\Users\刘子轩\Desktop\TP-SSCS项目\data\downloads\aistap_sim\sampledata\sampledata\simMed\simMed_sample.mat,0
oracle_blend,20,0.75,,simMed,oracle_blend_k20_a0.75,12.765373985689173,9.972327691175607,0.10063921275822633,3.003371869119807,1e-05,1597.4967529564194,0.11627906976744186,1.526880735345762e-05,43,65493,C:\Users\刘子轩\Desktop\TP-SSCS项目\data\downloads\aistap_sim\sampledata\sampledata\simMed\simMed_sample.mat,0
oracle_blend,20,0.75,,simMed,oracle_blend_k20_a0.75,12.765373985689173,9.972327691175607,0.10063921275822633,3.003371869119807,3e-05,1363.169552477032,0.23255813953488372,3.053761470691524e-05,43,65493,C:\Users\刘子轩\Desktop\TP-SSCS项目\data\downloads\aistap_sim\sampledata\sampledata\simMed\simMed_sample.mat,0
oracle_blend,20,0.75,,simMed,oracle_blend_k20_a0.75,12.765373985689173,9.972327691175607,0.10063921275822633,3.003371869119807,0.0001,987.004944356085,0.3488372093023256,0.00010688165147420336,43,65493,C:\Users\刘子轩\Desktop\TP-SSCS项目\data\downloads\aistap_sim\sampledata\sampledata\simMed\simMed_sample.mat,0
oracle_blend,20,0.75,,simMed,oracle_blend_k20_a0.75,12.765373985689173,9.972327691175607,0.10063921275822633,3.003371869119807,0.0003,496.5531450753532,0.5813953488372093,0.00030537614706915243,43,65493,C:\Users\刘子轩\Desktop\TP-SSCS项目\data\downloads\aistap_sim\sampledata\sampledata\simMed\simMed_sample.mat,0
oracle_blend,20,0.75,,simMed,oracle_blend_k20_a0.75,12.765373985689173,9.972327691175607,0.10063921275822633,3.003371869119807,0.001,177.7463947708137,0.813953488372093,0.001007741285328203,43,65493,C:\Users\刘子轩\Desktop\TP-SSCS项目\data\downloads\aistap_sim\sampledata\sampledata\simMed\simMed_sample.mat,0
oracle_blend,20,0.75,,simMed,oracle_blend_k20_a0.75,12.765373985689173,9.972327691175607,0.10063921275822633,3.003371869119807,0.003,24.022898594595457,1.0,0.0030079550486311513,43,65493,C:\Users\刘子轩\Desktop\TP-SSCS项目\data\downloads\aistap_sim\sampledata\sampledata\simMed\simMed_sample.mat,0
oracle_blend,20,0.75,,simMed,oracle_blend_k20_a0.75,12.765373985689173,9.972327691175607,0.10063921275822633,3.003371869119807,0.01,11.275661918344959,1.0,0.010001068816514741,43,65493,C:\Users\刘子轩\Desktop\TP-SSCS项目\data\downloads\aistap_sim\sampledata\sampledata\simMed\simMed_sample.mat,0
oracle_blend,20,1.0,,simMed,oracle_blend_k20_a1,11.26835218414895,13.905995519867488,0.04068182694210805,4.239467290369253,1e-05,1438.8292450966103,0.13953488372093023,1.526880735345762e-05,43,65493,C:\Users\刘子轩\Desktop\TP-SSCS项目\data\downloads\aistap_sim\sampledata\sampledata\simMed\simMed_sample.mat,0
oracle_blend,20,1.0,,simMed,oracle_blend_k20_a1,11.26835218414895,13.905995519867488,0.04068182694210805,4.239467290369253,3e-05,1150.4511124470991,0.20930232558139536,3.053761470691524e-05,43,65493,C:\Users\刘子轩\Desktop\TP-SSCS项目\data\downloads\aistap_sim\sampledata\sampledata\simMed\simMed_sample.mat,0
oracle_blend,20,1.0,,simMed,oracle_blend_k20_a1,11.26835218414895,13.905995519867488,0.04068182694210805,4.239467290369253,0.0001,964.2683688397872,0.3023255813953488,0.00010688165147420336,43,65493,C:\Users\刘子轩\Desktop\TP-SSCS项目\data\downloads\aistap_sim\sampledata\sampledata\simMed\simMed_sample.mat,0
oracle_blend,20,1.0,,simMed,oracle_blend_k20_a1,11.26835218414895,13.905995519867488,0.04068182694210805,4.239467290369253,0.0003,427.5040924563759,0.4418604651162791,0.00030537614706915243,43,65493,C:\Users\刘子轩\Desktop\TP-SSCS项目\data\downloads\aistap_sim\sampledata\sampledata\simMed\simMed_sample.mat,0
oracle_blend,20,1.0,,simMed,oracle_blend_k20_a1,11.26835218414895,13.905995519867488,0.04068182694210805,4.239467290369253,0.001,132.16712110978702,0.7674418604651163,0.001007741285328203,43,65493,C:\Users\刘子轩\Desktop\TP-SSCS项目\data\downloads\aistap_sim\sampledata\sampledata\simMed\simMed_sample.mat,0
oracle_blend,20,1.0,,simMed,oracle_blend_k20_a1,11.26835218414895,13.905995519867488,0.04068182694210805,4.239467290369253,0.003,35.78077130032249,0.9534883720930233,0.0030079550486311513,43,65493,C:\Users\刘子轩\Desktop\TP-SSCS项目\data\downloads\aistap_sim\sampledata\sampledata\simMed\simMed_sample.mat,0
oracle_blend,20,1.0,,simMed,oracle_blend_k20_a1,11.26835218414895,13.905995519867488,0.04068182694210805,4.239467290369253,0.01,19.47430355338587,0.9534883720930233,0.010001068816514741,43,65493,C:\Users\刘子轩\Desktop\TP-SSCS项目\data\downloads\aistap_sim\sampledata\sampledata\simMed\simMed_sample.mat,0
oracle_gate,20,,50.0,simMed,oracle_gate_k20_p50,10.432277108118008,-0.00024374370782388453,1.0000561256377993,5.139475456300472,1e-05,8259.666061916438,0.046511627906976744,1.526880735345762e-05,43,65493,C:\Users\刘子轩\Desktop\TP-SSCS项目\data\downloads\aistap_sim\sampledata\sampledata\simMed\simMed_sample.mat,0
oracle_gate,20,,50.0,simMed,oracle_gate_k20_p50,10.432277108118008,-0.00024374370782388453,1.0000561256377993,5.139475456300472,3e-05,5966.361670191444,0.09302325581395349,3.053761470691524e-05,43,65493,C:\Users\刘子轩\Desktop\TP-SSCS项目\data\downloads\aistap_sim\sampledata\sampledata\simMed\simMed_sample.mat,0
oracle_gate,20,,50.0,simMed,oracle_gate_k20_p50,10.432277108118008,-0.00024374370782388453,1.0000561256377993,5.139475456300472,0.0001,4068.4319949616593,0.20930232558139536,0.00010688165147420336,43,65493,C:\Users\刘子轩\Desktop\TP-SSCS项目\data\downloads\aistap_sim\sampledata\sampledata\simMed\simMed_sample.mat,0
oracle_gate,20,,50.0,simMed,oracle_gate_k20_p50,10.432277108118008,-0.00024374370782388453,1.0000561256377993,5.139475456300472,0.0003,1913.6526588375905,0.32558139534883723,0.00030537614706915243,43,65493,C:\Users\刘子轩\Desktop\TP-SSCS项目\data\downloads\aistap_sim\sampledata\sampledata\simMed\simMed_sample.mat,0
oracle_gate,20,,50.0,simMed,oracle_gate_k20_p50,10.432277108118008,-0.00024374370782388453,1.0000561256377993,5.139475456300472,0.001,325.70838044098514,0.7441860465116279,0.001007741285328203,43,65493,C:\Users\刘子轩\Desktop\TP-SSCS项目\data\downloads\aistap_sim\sampledata\sampledata\simMed\simMed_sample.mat,0
oracle_gate,20,,50.0,simMed,oracle_gate_k20_p50,10.432277108118008,-0.00024374370782388453,1.0000561256377993,5.139475456300472,0.003,35.997365341977485,1.0,0.0030079550486311513,43,65493,C:\Users\刘子轩\Desktop\TP-SSCS项目\data\downloads\aistap_sim\sampledata\sampledata\simMed\simMed_sample.mat,0
oracle_gate,20,,50.0,simMed,oracle_gate_k20_p50,10.432277108118008,-0.00024374370782388453,1.0000561256377993,5.139475456300472,0.01,16.401463920073027,1.0,0.010001068816514741,43,65493,C:\Users\刘子轩\Desktop\TP-SSCS项目\data\downloads\aistap_sim\sampledata\sampledata\simMed\simMed_sample.mat,0
oracle_gate,20,,70.0,simMed,oracle_gate_k20_p70,9.913552915388241,-0.0005198351308295875,1.0001197036262135,5.791502067110232,1e-05,8259.666061916438,0.046511627906976744,1.526880735345762e-05,43,65493,C:\Users\刘子轩\Desktop\TP-SSCS项目\data\downloads\aistap_sim\sampledata\sampledata\simMed\simMed_sample.mat,0
oracle_gate,20,,70.0,simMed,oracle_gate_k20_p70,9.913552915388241,-0.0005198351308295875,1.0001197036262135,5.791502067110232,3e-05,5966.361670191444,0.09302325581395349,3.053761470691524e-05,43,65493,C:\Users\刘子轩\Desktop\TP-SSCS项目\data\downloads\aistap_sim\sampledata\sampledata\simMed\simMed_sample.mat,0
oracle_gate,20,,70.0,simMed,oracle_gate_k20_p70,9.913552915388241,-0.0005198351308295875,1.0001197036262135,5.791502067110232,0.0001,4068.4319949616593,0.20930232558139536,0.00010688165147420336,43,65493,C:\Users\刘子轩\Desktop\TP-SSCS项目\data\downloads\aistap_sim\sampledata\sampledata\simMed\simMed_sample.mat,0
oracle_gate,20,,70.0,simMed,oracle_gate_k20_p70,9.913552915388241,-0.0005198351308295875,1.0001197036262135,5.791502067110232,0.0003,1913.6526588375905,0.32558139534883723,0.00030537614706915243,43,65493,C:\Users\刘子轩\Desktop\TP-SSCS项目\data\downloads\aistap_sim\sampledata\sampledata\simMed\simMed_sample.mat,0
oracle_gate,20,,70.0,simMed,oracle_gate_k20_p70,9.913552915388241,-0.0005198351308295875,1.0001197036262135,5.791502067110232,0.001,325.70838044098514,0.7441860465116279,0.001007741285328203,43,65493,C:\Users\刘子轩\Desktop\TP-SSCS项目\data\downloads\aistap_sim\sampledata\sampledata\simMed\simMed_sample.mat,0
oracle_gate,20,,70.0,simMed,oracle_gate_k20_p70,9.913552915388241,-0.0005198351308295875,1.0001197036262135,5.791502067110232,0.003,37.28637814929386,1.0,0.0030079550486311513,43,65493,C:\Users\刘子轩\Desktop\TP-SSCS项目\data\downloads\aistap_sim\sampledata\sampledata\simMed\simMed_sample.mat,0
oracle_gate,20,,70.0,simMed,oracle_gate_k20_p70,9.913552915388241,-0.0005198351308295875,1.0001197036262135,5.791502067110232,0.01,17.946403704486645,1.0,0.010001068816514741,43,65493,C:\Users\刘子轩\Desktop\TP-SSCS项目\data\downloads\aistap_sim\sampledata\sampledata\simMed\simMed_sample.mat,0
oracle_gate,20,,80.0,simMed,oracle_gate_k20_p80,9.693426159081348,-0.0006357057421055448,1.0001463873701157,6.092617187674762,1e-05,8259.666061916438,0.046511627906976744,1.526880735345762e-05,43,65493,C:\Users\刘子轩\Desktop\TP-SSCS项目\data\downloads\aistap_sim\sampledata\sampledata\simMed\simMed_sample.mat,0
oracle_gate,20,,80.0,simMed,oracle_gate_k20_p80,9.693426159081348,-0.0006357057421055448,1.0001463873701157,6.092617187674762,3e-05,5966.361670191444,0.09302325581395349,3.053761470691524e-05,43,65493,C:\Users\刘子轩\Desktop\TP-SSCS项目\data\downloads\aistap_sim\sampledata\sampledata\simMed\simMed_sample.mat,0
oracle_gate,20,,80.0,simMed,oracle_gate_k20_p80,9.693426159081348,-0.0006357057421055448,1.0001463873701157,6.092617187674762,0.0001,4068.4319949616593,0.20930232558139536,0.00010688165147420336,43,65493,C:\Users\刘子轩\Desktop\TP-SSCS项目\data\downloads\aistap_sim\sampledata\sampledata\simMed\simMed_sample.mat,0
oracle_gate,20,,80.0,simMed,oracle_gate_k20_p80,9.693426159081348,-0.0006357057421055448,1.0001463873701157,6.092617187674762,0.0003,1913.6526588375905,0.32558139534883723,0.00030537614706915243,43,65493,C:\Users\刘子轩\Desktop\TP-SSCS项目\data\downloads\aistap_sim\sampledata\sampledata\simMed\simMed_sample.mat,0
oracle_gate,20,,80.0,simMed,oracle_gate_k20_p80,9.693426159081348,-0.0006357057421055448,1.0001463873701157,6.092617187674762,0.001,325.70838044098514,0.7441860465116279,0.001007741285328203,43,65493,C:\Users\刘子轩\Desktop\TP-SSCS项目\data\downloads\aistap_sim\sampledata\sampledata\simMed\simMed_sample.mat,0
oracle_gate,20,,80.0,simMed,oracle_gate_k20_p80,9.693426159081348,-0.0006357057421055448,1.0001463873701157,6.092617187674762,0.003,38.08392530472516,1.0,0.0030079550486311513,43,65493,C:\Users\刘子轩\Desktop\TP-SSCS项目\data\downloads\aistap_sim\sampledata\sampledata\simMed\simMed_sample.mat,0
oracle_gate,20,,80.0,simMed,oracle_gate_k20_p80,9.693426159081348,-0.0006357057421055448,1.0001463873701157,6.092617187674762,0.01,18.443286854428642,1.0,0.010001068816514741,43,65493,C:\Users\刘子轩\Desktop\TP-SSCS项目\data\downloads\aistap_sim\sampledata\sampledata\simMed\simMed_sample.mat,0
oracle_gate,20,,90.0,simMed,oracle_gate_k20_p90,9.48198948352845,-0.0006591300063873475,1.0001517818103987,6.396575920667843,1e-05,8259.666061916438,0.046511627906976744,1.526880735345762e-05,43,65493,C:\Users\刘子轩\Desktop\TP-SSCS项目\data\downloads\aistap_sim\sampledata\sampledata\simMed\simMed_sample.mat,0
oracle_gate,20,,90.0,simMed,oracle_gate_k20_p90,9.48198948352845,-0.0006591300063873475,1.0001517818103987,6.396575920667843,3e-05,5966.361670191444,0.09302325581395349,3.053761470691524e-05,43,65493,C:\Users\刘子轩\Desktop\TP-SSCS项目\data\downloads\aistap_sim\sampledata\sampledata\simMed\simMed_sample.mat,0
oracle_gate,20,,90.0,simMed,oracle_gate_k20_p90,9.48198948352845,-0.0006591300063873475,1.0001517818103987,6.396575920667843,0.0001,4068.4319949616593,0.20930232558139536,0.00010688165147420336,43,65493,C:\Users\刘子轩\Desktop\TP-SSCS项目\data\downloads\aistap_sim\sampledata\sampledata\simMed\simMed_sample.mat,0
oracle_gate,20,,90.0,simMed,oracle_gate_k20_p90,9.48198948352845,-0.0006591300063873475,1.0001517818103987,6.396575920667843,0.0003,1913.6526588375905,0.32558139534883723,0.00030537614706915243,43,65493,C:\Users\刘子轩\Desktop\TP-SSCS项目\data\downloads\aistap_sim\sampledata\sampledata\simMed\simMed_sample.mat,0
oracle_gate,20,,90.0,simMed,oracle_gate_k20_p90,9.48198948352845,-0.0006591300063873475,1.0001517818103987,6.396575920667843,0.001,325.70838044098514,0.7441860465116279,0.001007741285328203,43,65493,C:\Users\刘子轩\Desktop\TP-SSCS项目\data\downloads\aistap_sim\sampledata\sampledata\simMed\simMed_sample.mat,0
oracle_gate,20,,90.0,simMed,oracle_gate_k20_p90,9.48198948352845,-0.0006591300063873475,1.0001517818103987,6.396575920667843,0.003,38.29775703161142,1.0,0.0030079550486311513,43,65493,C:\Users\刘子轩\Desktop\TP-SSCS项目\data\downloads\aistap_sim\sampledata\sampledata\simMed\simMed_sample.mat,0
oracle_gate,20,,90.0,simMed,oracle_gate_k20_p90,9.48198948352845,-0.0006591300063873475,1.0001517818103987,6.396575920667843,0.01,18.68944108388651,1.0,0.010001068816514741,43,65493,C:\Users\刘子轩\Desktop\TP-SSCS项目\data\downloads\aistap_sim\sampledata\sampledata\simMed\simMed_sample.mat,0
oracle_gate,20,,95.0,simMed,oracle_gate_k20_p95,9.370513548192159,-0.00013021722641802917,1.0000299840739535,6.562890411950709,1e-05,8259.666061916438,0.046511627906976744,1.526880735345762e-05,43,65493,C:\Users\刘子轩\Desktop\TP-SSCS项目\data\downloads\aistap_sim\sampledata\sampledata\simMed\simMed_sample.mat,0
oracle_gate,20,,95.0,simMed,oracle_gate_k20_p95,9.370513548192159,-0.00013021722641802917,1.0000299840739535,6.562890411950709,3e-05,5966.361670191444,0.09302325581395349,3.053761470691524e-05,43,65493,C:\Users\刘子轩\Desktop\TP-SSCS项目\data\downloads\aistap_sim\sampledata\sampledata\simMed\simMed_sample.mat,0
oracle_gate,20,,95.0,simMed,oracle_gate_k20_p95,9.370513548192159,-0.00013021722641802917,1.0000299840739535,6.562890411950709,0.0001,4068.4319949616593,0.20930232558139536,0.00010688165147420336,43,65493,C:\Users\刘子轩\Desktop\TP-SSCS项目\data\downloads\aistap_sim\sampledata\sampledata\simMed\simMed_sample.mat,0
oracle_gate,20,,95.0,simMed,oracle_gate_k20_p95,9.370513548192159,-0.00013021722641802917,1.0000299840739535,6.562890411950709,0.0003,1913.6526588375905,0.32558139534883723,0.00030537614706915243,43,65493,C:\Users\刘子轩\Desktop\TP-SSCS项目\data\downloads\aistap_sim\sampledata\sampledata\simMed\simMed_sample.mat,0
oracle_gate,20,,95.0,simMed,oracle_gate_k20_p95,9.370513548192159,-0.00013021722641802917,1.0000299840739535,6.562890411950709,0.001,325.70838044098514,0.7441860465116279,0.001007741285328203,43,65493,C:\Users\刘子轩\Desktop\TP-SSCS项目\data\downloads\aistap_sim\sampledata\sampledata\simMed\simMed_sample.mat,0
oracle_gate,20,,95.0,simMed,oracle_gate_k20_p95,9.370513548192159,-0.00013021722641802917,1.0000299840739535,6.562890411950709,0.003,39.23202504753838,1.0,0.0030079550486311513,43,65493,C:\Users\刘子轩\Desktop\TP-SSCS项目\data\downloads\aistap_sim\sampledata\sampledata\simMed\simMed_sample.mat,0
oracle_gate,20,,95.0,simMed,oracle_gate_k20_p95,9.370513548192159,-0.00013021722641802917,1.0000299840739535,6.562890411950709,0.01,19.047577350123632,1.0,0.010001068816514741,43,65493,C:\Users\刘子轩\Desktop\TP-SSCS项目\data\downloads\aistap_sim\sampledata\sampledata\simMed\simMed_sample.mat,0
low_rank_residual,30,,,simMed,low_rank_residual_k30,12.95069140341474,19.525238054130504,0.011155170037379755,2.8779110511938004,1e-05,802.846272662242,0.13953488372093023,1.526880735345762e-05,43,65493,C:\Users\刘子轩\Desktop\TP-SSCS项目\data\downloads\aistap_sim\sampledata\sampledata\simMed\simMed_sample.mat,0
low_rank_residual,30,,,simMed,low_rank_residual_k30,12.95069140341474,19.525238054130504,0.011155170037379755,2.8779110511938004,3e-05,686.1564991900859,0.16279069767441862,3.053761470691524e-05,43,65493,C:\Users\刘子轩\Desktop\TP-SSCS项目\data\downloads\aistap_sim\sampledata\sampledata\simMed\simMed_sample.mat,0
low_rank_residual,30,,,simMed,low_rank_residual_k30,12.95069140341474,19.525238054130504,0.011155170037379755,2.8779110511938004,0.0001,394.85698953163865,0.23255813953488372,0.00010688165147420336,43,65493,C:\Users\刘子轩\Desktop\TP-SSCS项目\data\downloads\aistap_sim\sampledata\sampledata\simMed\simMed_sample.mat,0
low_rank_residual,30,,,simMed,low_rank_residual_k30,12.95069140341474,19.525238054130504,0.011155170037379755,2.8779110511938004,0.0003,167.6233668881951,0.46511627906976744,0.00030537614706915243,43,65493,C:\Users\刘子轩\Desktop\TP-SSCS项目\data\downloads\aistap_sim\sampledata\sampledata\simMed\simMed_sample.mat,0
low_rank_residual,30,,,simMed,low_rank_residual_k30,12.95069140341474,19.525238054130504,0.011155170037379755,2.8779110511938004,0.001,70.78746984367343,0.7674418604651163,0.001007741285328203,43,65493,C:\Users\刘子轩\Desktop\TP-SSCS项目\data\downloads\aistap_sim\sampledata\sampledata\simMed\simMed_sample.mat,0
low_rank_residual,30,,,simMed,low_rank_residual_k30,12.95069140341474,19.525238054130504,0.011155170037379755,2.8779110511938004,0.003,25.740363614672184,0.9534883720930233,0.0030079550486311513,43,65493,C:\Users\刘子轩\Desktop\TP-SSCS项目\data\downloads\aistap_sim\sampledata\sampledata\simMed\simMed_sample.mat,0
low_rank_residual,30,,,simMed,low_rank_residual_k30,12.95069140341474,19.525238054130504,0.011155170037379755,2.8779110511938004,0.01,13.508083448682333,0.9534883720930233,0.010001068816514741,43,65493,C:\Users\刘子轩\Desktop\TP-SSCS项目\data\downloads\aistap_sim\sampledata\sampledata\simMed\simMed_sample.mat,0
oracle_blend,30,0.0,,simMed,oracle_blend_k30_a0,12.13945219109975,0.0,1.0,3.468975943428399,1e-05,8259.666061916438,0.046511627906976744,1.526880735345762e-05,43,65493,C:\Users\刘子轩\Desktop\TP-SSCS项目\data\downloads\aistap_sim\sampledata\sampledata\simMed\simMed_sample.mat,0
oracle_blend,30,0.0,,simMed,oracle_blend_k30_a0,12.13945219109975,0.0,1.0,3.468975943428399,3e-05,5966.361670191444,0.09302325581395349,3.053761470691524e-05,43,65493,C:\Users\刘子轩\Desktop\TP-SSCS项目\data\downloads\aistap_sim\sampledata\sampledata\simMed\simMed_sample.mat,0
oracle_blend,30,0.0,,simMed,oracle_blend_k30_a0,12.13945219109975,0.0,1.0,3.468975943428399,0.0001,4068.4319949616593,0.20930232558139536,0.00010688165147420336,43,65493,C:\Users\刘子轩\Desktop\TP-SSCS项目\data\downloads\aistap_sim\sampledata\sampledata\simMed\simMed_sample.mat,0
oracle_blend,30,0.0,,simMed,oracle_blend_k30_a0,12.13945219109975,0.0,1.0,3.468975943428399,0.0003,1913.6526588375905,0.32558139534883723,0.00030537614706915243,43,65493,C:\Users\刘子轩\Desktop\TP-SSCS项目\data\downloads\aistap_sim\sampledata\sampledata\simMed\simMed_sample.mat,0
oracle_blend,30,0.0,,simMed,oracle_blend_k30_a0,12.13945219109975,0.0,1.0,3.468975943428399,0.001,325.70838044098514,0.7441860465116279,0.001007741285328203,43,65493,C:\Users\刘子轩\Desktop\TP-SSCS项目\data\downloads\aistap_sim\sampledata\sampledata\simMed\simMed_sample.mat,0
oracle_blend,30,0.0,,simMed,oracle_blend_k30_a0,12.13945219109975,0.0,1.0,3.468975943428399,0.003,19.752091818886655,1.0,0.0030079550486311513,43,65493,C:\Users\刘子轩\Desktop\TP-SSCS项目\data\downloads\aistap_sim\sampledata\sampledata\simMed\simMed_sample.mat,0
oracle_blend,30,0.0,,simMed,oracle_blend_k30_a0,12.13945219109975,0.0,1.0,3.468975943428399,0.01,0.6075203080581612,1.0,0.010001068816514741,43,65493,C:\Users\刘子轩\Desktop\TP-SSCS项目\data\downloads\aistap_sim\sampledata\sampledata\simMed\simMed_sample.mat,0
oracle_blend,30,0.25,,simMed,oracle_blend_k30_a0.25,13.877301299965513,2.4612568089842957,0.5673803868913536,2.32496477419494,1e-05,4747.931370353794,0.046511627906976744,1.526880735345762e-05,43,65493,C:\Users\刘子轩\Desktop\TP-SSCS项目\data\downloads\aistap_sim\sampledata\sampledata\simMed\simMed_sample.mat,0
oracle_blend,30,0.25,,simMed,oracle_blend_k30_a0.25,13.877301299965513,2.4612568089842957,0.5673803868913536,2.32496477419494,3e-05,3391.0563843219097,0.11627906976744186,3.053761470691524e-05,43,65493,C:\Users\刘子轩\Desktop\TP-SSCS项目\data\downloads\aistap_sim\sampledata\sampledata\simMed\simMed_sample.mat,0
oracle_blend,30,0.25,,simMed,oracle_blend_k30_a0.25,13.877301299965513,2.4612568089842957,0.5673803868913536,2.32496477419494,0.0001,2433.7645531163475,0.20930232558139536,0.00010688165147420336,43,65493,C:\Users\刘子轩\Desktop\TP-SSCS项目\data\downloads\aistap_sim\sampledata\sampledata\simMed\simMed_sample.mat,0
oracle_blend,30,0.25,,simMed,oracle_blend_k30_a0.25,13.877301299965513,2.4612568089842957,0.5673803868913536,2.32496477419494,0.0003,1101.3144697694152,0.46511627906976744,0.00030537614706915243,43,65493,C:\Users\刘子轩\Desktop\TP-SSCS项目\data\downloads\aistap_sim\sampledata\sampledata\simMed\simMed_sample.mat,0
oracle_blend,30,0.25,,simMed,oracle_blend_k30_a0.25,13.877301299965513,2.4612568089842957,0.5673803868913536,2.32496477419494,0.001,246.30187927923006,0.7441860465116279,0.001007741285328203,43,65493,C:\Users\刘子轩\Desktop\TP-SSCS项目\data\downloads\aistap_sim\sampledata\sampledata\simMed\simMed_sample.mat,0
oracle_blend,30,0.25,,simMed,oracle_blend_k30_a0.25,13.877301299965513,2.4612568089842957,0.5673803868913536,2.32496477419494,0.003,11.494279889624494,1.0,0.0030079550486311513,43,65493,C:\Users\刘子轩\Desktop\TP-SSCS项目\data\downloads\aistap_sim\sampledata\sampledata\simMed\simMed_sample.mat,0
oracle_blend,30,0.25,,simMed,oracle_blend_k30_a0.25,13.877301299965513,2.4612568089842957,0.5673803868913536,2.32496477419494,0.01,1.06254345935843,1.0,0.010001068816514741,43,65493,C:\Users\刘子轩\Desktop\TP-SSCS项目\data\downloads\aistap_sim\sampledata\sampledata\simMed\simMed_sample.mat,0
oracle_blend,30,0.5,,simMed,oracle_blend_k30_a0.5,14.881226199497299,5.877640038507899,0.2583663775280349,1.8451169024113543,1e-05,2215.1233332916427,0.046511627906976744,1.526880735345762e-05,43,65493,C:\Users\刘子轩\Desktop\TP-SSCS项目\data\downloads\aistap_sim\sampledata\sampledata\simMed\simMed_sample.mat,0
oracle_blend,30,0.5,,simMed,oracle_blend_k30_a0.5,14.881226199497299,5.877640038507899,0.2583663775280349,1.8451169024113543,3e-05,1549.834070654356,0.13953488372093023,3.053761470691524e-05,43,65493,C:\Users\刘子轩\Desktop\TP-SSCS项目\data\downloads\aistap_sim\sampledata\sampledata\simMed\simMed_sample.mat,0
oracle_blend,30,0.5,,simMed,oracle_blend_k30_a0.5,14.881226199497299,5.877640038507899,0.2583663775280349,1.8451169024113543,0.0001,1164.1678882056594,0.3023255813953488,0.00010688165147420336,43,65493,C:\Users\刘子轩\Desktop\TP-SSCS项目\data\downloads\aistap_sim\sampledata\sampledata\simMed\simMed_sample.mat,0
oracle_blend,30,0.5,,simMed,oracle_blend_k30_a0.5,14.881226199497299,5.877640038507899,0.2583663775280349,1.8451169024113543,0.0003,595.0049694164563,0.5581395348837209,0.00030537614706915243,43,65493,C:\Users\刘子轩\Desktop\TP-SSCS项目\data\downloads\aistap_sim\sampledata\sampledata\simMed\simMed_sample.mat,0
oracle_blend,30,0.5,,simMed,oracle_blend_k30_a0.5,14.881226199497299,5.877640038507899,0.2583663775280349,1.8451169024113543,0.001,171.40151943778798,0.7906976744186046,0.001007741285328203,43,65493,C:\Users\刘子轩\Desktop\TP-SSCS项目\data\downloads\aistap_sim\sampledata\sampledata\simMed\simMed_sample.mat,0
oracle_blend,30,0.5,,simMed,oracle_blend_k30_a0.5,14.881226199497299,5.877640038507899,0.2583663775280349,1.8451169024113543,0.003,12.69493738738934,1.0,0.0030079550486311513,43,65493,C:\Users\刘子轩\Desktop\TP-SSCS项目\data\downloads\aistap_sim\sampledata\sampledata\simMed\simMed_sample.mat,0
oracle_blend,30,0.5,,simMed,oracle_blend_k30_a0.5,14.881226199497299,5.877640038507899,0.2583663775280349,1.8451169024113543,0.01,3.6046613401796335,1.0,0.010001068816514741,43,65493,C:\Users\刘子轩\Desktop\TP-SSCS项目\data\downloads\aistap_sim\sampledata\sampledata\simMed\simMed_sample.mat,0
oracle_blend,30,0.75,,simMed,oracle_blend_k30_a0.75,14.467719329894253,11.36927247055173,0.07295797191004358,2.029432328077641,1e-05,840.0626571454474,0.16279069767441862,1.526880735345762e-05,43,65493,C:\Users\刘子轩\Desktop\TP-SSCS项目\data\downloads\aistap_sim\sampledata\sampledata\simMed\simMed_sample.mat,0
oracle_blend,30,0.75,,simMed,oracle_blend_k30_a0.75,14.467719329894253,11.36927247055173,0.07295797191004358,2.029432328077641,3e-05,754.5654898398983,0.18604651162790697,3.053761470691524e-05,43,65493,C:\Users\刘子轩\Desktop\TP-SSCS项目\data\downloads\aistap_sim\sampledata\sampledata\simMed\simMed_sample.mat,0
oracle_blend,30,0.75,,simMed,oracle_blend_k30_a0.75,14.467719329894253,11.36927247055173,0.07295797191004358,2.029432328077641,0.0001,617.6644061303543,0.23255813953488372,0.00010688165147420336,43,65493,C:\Users\刘子轩\Desktop\TP-SSCS项目\data\downloads\aistap_sim\sampledata\sampledata\simMed\simMed_sample.mat,0
oracle_blend,30,0.75,,simMed,oracle_blend_k30_a0.75,14.467719329894253,11.36927247055173,0.07295797191004358,2.029432328077641,0.0003,273.5341998061713,0.627906976744186,0.00030537614706915243,43,65493,C:\Users\刘子轩\Desktop\TP-SSCS项目\data\downloads\aistap_sim\sampledata\sampledata\simMed\simMed_sample.mat,0
oracle_blend,30,0.75,,simMed,oracle_blend_k30_a0.75,14.467719329894253,11.36927247055173,0.07295797191004358,2.029432328077641,0.001,95.16099076063126,0.8372093023255814,0.001007741285328203,43,65493,C:\Users\刘子轩\Desktop\TP-SSCS项目\data\downloads\aistap_sim\sampledata\sampledata\simMed\simMed_sample.mat,0
oracle_blend,30,0.75,,simMed,oracle_blend_k30_a0.75,14.467719329894253,11.36927247055173,0.07295797191004358,2.029432328077641,0.003,18.211923304490686,1.0,0.0030079550486311513,43,65493,C:\Users\刘子轩\Desktop\TP-SSCS项目\data\downloads\aistap_sim\sampledata\sampledata\simMed\simMed_sample.mat,0
oracle_blend,30,0.75,,simMed,oracle_blend_k30_a0.75,14.467719329894253,11.36927247055173,0.07295797191004358,2.029432328077641,0.01,7.831218233531591,1.0,0.010001068816514741,43,65493,C:\Users\刘子轩\Desktop\TP-SSCS项目\data\downloads\aistap_sim\sampledata\sampledata\simMed\simMed_sample.mat,0
oracle_blend,30,1.0,,simMed,oracle_blend_k30_a1,12.95069140341474,19.525238054130504,0.011155170037379755,2.8779110511938004,1e-05,802.846272662242,0.13953488372093023,1.526880735345762e-05,43,65493,C:\Users\刘子轩\Desktop\TP-SSCS项目\data\downloads\aistap_sim\sampledata\sampledata\simMed\simMed_sample.mat,0
oracle_blend,30,1.0,,simMed,oracle_blend_k30_a1,12.95069140341474,19.525238054130504,0.011155170037379755,2.8779110511938004,3e-05,686.1564991900859,0.16279069767441862,3.053761470691524e-05,43,65493,C:\Users\刘子轩\Desktop\TP-SSCS项目\data\downloads\aistap_sim\sampledata\sampledata\simMed\simMed_sample.mat,0
oracle_blend,30,1.0,,simMed,oracle_blend_k30_a1,12.95069140341474,19.525238054130504,0.011155170037379755,2.8779110511938004,0.0001,394.85698953163865,0.23255813953488372,0.00010688165147420336,43,65493,C:\Users\刘子轩\Desktop\TP-SSCS项目\data\downloads\aistap_sim\sampledata\sampledata\simMed\simMed_sample.mat,0
oracle_blend,30,1.0,,simMed,oracle_blend_k30_a1,12.95069140341474,19.525238054130504,0.011155170037379755,2.8779110511938004,0.0003,167.6233668881951,0.46511627906976744,0.00030537614706915243,43,65493,C:\Users\刘子轩\Desktop\TP-SSCS项目\data\downloads\aistap_sim\sampledata\sampledata\simMed\simMed_sample.mat,0
oracle_blend,30,1.0,,simMed,oracle_blend_k30_a1,12.95069140341474,19.525238054130504,0.011155170037379755,2.8779110511938004,0.001,70.78746984367343,0.7674418604651163,0.001007741285328203,43,65493,C:\Users\刘子轩\Desktop\TP-SSCS项目\data\downloads\aistap_sim\sampledata\sampledata\simMed\simMed_sample.mat,0
oracle_blend,30,1.0,,simMed,oracle_blend_k30_a1,12.95069140341474,19.525238054130504,0.011155170037379755,2.8779110511938004,0.003,25.740363614672184,0.9534883720930233,0.0030079550486311513,43,65493,C:\Users\刘子轩\Desktop\TP-SSCS项目\data\downloads\aistap_sim\sampledata\sampledata\simMed\simMed_sample.mat,0
oracle_blend,30,1.0,,simMed,oracle_blend_k30_a1,12.95069140341474,19.525238054130504,0.011155170037379755,2.8779110511938004,0.01,13.508083448682333,0.9534883720930233,0.010001068816514741,43,65493,C:\Users\刘子轩\Desktop\TP-SSCS项目\data\downloads\aistap_sim\sampledata\sampledata\simMed\simMed_sample.mat,0
oracle_gate,30,,50.0,simMed,oracle_gate_k30_p50,10.727585831724777,-3.110573495763564e-05,1.0000071623858118,4.801621514919632,1e-05,8259.666061916438,0.046511627906976744,1.526880735345762e-05,43,65493,C:\Users\刘子轩\Desktop\TP-SSCS项目\data\downloads\aistap_sim\sampledata\sampledata\simMed\simMed_sample.mat,0
oracle_gate,30,,50.0,simMed,oracle_gate_k30_p50,10.727585831724777,-3.110573495763564e-05,1.0000071623858118,4.801621514919632,3e-05,5966.361670191444,0.09302325581395349,3.053761470691524e-05,43,65493,C:\Users\刘子轩\Desktop\TP-SSCS项目\data\downloads\aistap_sim\sampledata\sampledata\simMed\simMed_sample.mat,0
oracle_gate,30,,50.0,simMed,oracle_gate_k30_p50,10.727585831724777,-3.110573495763564e-05,1.0000071623858118,4.801621514919632,0.0001,4068.4319949616593,0.20930232558139536,0.00010688165147420336,43,65493,C:\Users\刘子轩\Desktop\TP-SSCS项目\data\downloads\aistap_sim\sampledata\sampledata\simMed\simMed_sample.mat,0
oracle_gate,30,,50.0,simMed,oracle_gate_k30_p50,10.727585831724777,-3.110573495763564e-05,1.0000071623858118,4.801621514919632,0.0003,1913.6526588375905,0.32558139534883723,0.00030537614706915243,43,65493,C:\Users\刘子轩\Desktop\TP-SSCS项目\data\downloads\aistap_sim\sampledata\sampledata\simMed\simMed_sample.mat,0
oracle_gate,30,,50.0,simMed,oracle_gate_k30_p50,10.727585831724777,-3.110573495763564e-05,1.0000071623858118,4.801621514919632,0.001,325.70838044098514,0.7441860465116279,0.001007741285328203,43,65493,C:\Users\刘子轩\Desktop\TP-SSCS项目\data\downloads\aistap_sim\sampledata\sampledata\simMed\simMed_sample.mat,0
oracle_gate,30,,50.0,simMed,oracle_gate_k30_p50,10.727585831724777,-3.110573495763564e-05,1.0000071623858118,4.801621514919632,0.003,31.437061014982216,1.0,0.0030079550486311513,43,65493,C:\Users\刘子轩\Desktop\TP-SSCS项目\data\downloads\aistap_sim\sampledata\sampledata\simMed\simMed_sample.mat,0
oracle_gate,30,,50.0,simMed,oracle_gate_k30_p50,10.727585831724777,-3.110573495763564e-05,1.0000071623858118,4.801621514919632,0.01,12.663967027015014,1.0,0.010001068816514741,43,65493,C:\Users\刘子轩\Desktop\TP-SSCS项目\data\downloads\aistap_sim\sampledata\sampledata\simMed\simMed_sample.mat,0
oracle_gate,30,,70.0,simMed,oracle_gate_k30_p70,10.346594429354266,-0.0001910896349603477,1.0000440009825033,5.241879875388742,1e-05,8259.666061916438,0.046511627906976744,1.526880735345762e-05,43,65493,C:\Users\刘子轩\Desktop\TP-SSCS项目\data\downloads\aistap_sim\sampledata\sampledata\simMed\simMed_sample.mat,0
oracle_gate,30,,70.0,simMed,oracle_gate_k30_p70,10.346594429354266,-0.0001910896349603477,1.0000440009825033,5.241879875388742,3e-05,5966.361670191444,0.09302325581395349,3.053761470691524e-05,43,65493,C:\Users\刘子轩\Desktop\TP-SSCS项目\data\downloads\aistap_sim\sampledata\sampledata\simMed\simMed_sample.mat,0
oracle_gate,30,,70.0,simMed,oracle_gate_k30_p70,10.346594429354266,-0.0001910896349603477,1.0000440009825033,5.241879875388742,0.0001,4068.4319949616593,0.20930232558139536,0.00010688165147420336,43,65493,C:\Users\刘子轩\Desktop\TP-SSCS项目\data\downloads\aistap_sim\sampledata\sampledata\simMed\simMed_sample.mat,0
oracle_gate,30,,70.0,simMed,oracle_gate_k30_p70,10.346594429354266,-0.0001910896349603477,1.0000440009825033,5.241879875388742,0.0003,1913.6526588375905,0.32558139534883723,0.00030537614706915243,43,65493,C:\Users\刘子轩\Desktop\TP-SSCS项目\data\downloads\aistap_sim\sampledata\sampledata\simMed\simMed_sample.mat,0
oracle_gate,30,,70.0,simMed,oracle_gate_k30_p70,10.346594429354266,-0.0001910896349603477,1.0000440009825033,5.241879875388742,0.001,325.70838044098514,0.7441860465116279,0.001007741285328203,43,65493,C:\Users\刘子轩\Desktop\TP-SSCS项目\data\downloads\aistap_sim\sampledata\sampledata\simMed\simMed_sample.mat,0
oracle_gate,30,,70.0,simMed,oracle_gate_k30_p70,10.346594429354266,-0.0001910896349603477,1.0000440009825033,5.241879875388742,0.003,31.557408499424977,1.0,0.0030079550486311513,43,65493,C:\Users\刘子轩\Desktop\TP-SSCS项目\data\downloads\aistap_sim\sampledata\sampledata\simMed\simMed_sample.mat,0
oracle_gate,30,,70.0,simMed,oracle_gate_k30_p70,10.346594429354266,-0.0001910896349603477,1.0000440009825033,5.241879875388742,0.01,13.245855087228236,1.0,0.010001068816514741,43,65493,C:\Users\刘子轩\Desktop\TP-SSCS项目\data\downloads\aistap_sim\sampledata\sampledata\simMed\simMed_sample.mat,0
oracle_gate,30,,80.0,simMed,oracle_gate_k30_p80,10.173058940716405,-0.0005223068173801408,1.0001202728213627,5.455576037391937,1e-05,8259.666061916438,0.046511627906976744,1.526880735345762e-05,43,65493,C:\Users\刘子轩\Desktop\TP-SSCS项目\data\downloads\aistap_sim\sampledata\sampledata\simMed\simMed_sample.mat,0
oracle_gate,30,,80.0,simMed,oracle_gate_k30_p80,10.173058940716405,-0.0005223068173801408,1.0001202728213627,5.455576037391937,3e-05,5966.361670191444,0.09302325581395349,3.053761470691524e-05,43,65493,C:\Users\刘子轩\Desktop\TP-SSCS项目\data\downloads\aistap_sim\sampledata\sampledata\simMed\simMed_sample.mat,0
oracle_gate,30,,80.0,simMed,oracle_gate_k30_p80,10.173058940716405,-0.0005223068173801408,1.0001202728213627,5.455576037391937,0.0001,4068.4319949616593,0.20930232558139536,0.00010688165147420336,43,65493,C:\Users\刘子轩\Desktop\TP-SSCS项目\data\downloads\aistap_sim\sampledata\sampledata\simMed\simMed_sample.mat,0
oracle_gate,30,,80.0,simMed,oracle_gate_k30_p80,10.173058940716405,-0.0005223068173801408,1.0001202728213627,5.455576037391937,0.0003,1913.6526588375905,0.32558139534883723,0.00030537614706915243,43,65493,C:\Users\刘子轩\Desktop\TP-SSCS项目\data\downloads\aistap_sim\sampledata\sampledata\simMed\simMed_sample.mat,0
oracle_gate,30,,80.0,simMed,oracle_gate_k30_p80,10.173058940716405,-0.0005223068173801408,1.0001202728213627,5.455576037391937,0.001,325.70838044098514,0.7441860465116279,0.001007741285328203,43,65493,C:\Users\刘子轩\Desktop\TP-SSCS项目\data\downloads\aistap_sim\sampledata\sampledata\simMed\simMed_sample.mat,0
oracle_gate,30,,80.0,simMed,oracle_gate_k30_p80,10.173058940716405,-0.0005223068173801408,1.0001202728213627,5.455576037391937,0.003,31.557408499424977,1.0,0.0030079550486311513,43,65493,C:\Users\刘子轩\Desktop\TP-SSCS项目\data\downloads\aistap_sim\sampledata\sampledata\simMed\simMed_sample.mat,0
oracle_gate,30,,80.0,simMed,oracle_gate_k30_p80,10.173058940716405,-0.0005223068173801408,1.0001202728213627,5.455576037391937,0.01,13.351092541755762,1.0,0.010001068816514741,43,65493,C:\Users\刘子轩\Desktop\TP-SSCS项目\data\downloads\aistap_sim\sampledata\sampledata\simMed\simMed_sample.mat,0
oracle_gate,30,,90.0,simMed,oracle_gate_k30_p90,10.004555378003609,-0.0012875531488900655,1.0002965140203013,5.671409018017684,1e-05,8259.666061916438,0.046511627906976744,1.526880735345762e-05,43,65493,C:\Users\刘子轩\Desktop\TP-SSCS项目\data\downloads\aistap_sim\sampledata\sampledata\simMed\simMed_sample.mat,0
oracle_gate,30,,90.0,simMed,oracle_gate_k30_p90,10.004555378003609,-0.0012875531488900655,1.0002965140203013,5.671409018017684,3e-05,5966.361670191444,0.09302325581395349,3.053761470691524e-05,43,65493,C:\Users\刘子轩\Desktop\TP-SSCS项目\data\downloads\aistap_sim\sampledata\sampledata\simMed\simMed_sample.mat,0
oracle_gate,30,,90.0,simMed,oracle_gate_k30_p90,10.004555378003609,-0.0012875531488900655,1.0002965140203013,5.671409018017684,0.0001,4068.4319949616593,0.20930232558139536,0.00010688165147420336,43,65493,C:\Users\刘子轩\Desktop\TP-SSCS项目\data\downloads\aistap_sim\sampledata\sampledata\simMed\simMed_sample.mat,0
oracle_gate,30,,90.0,simMed,oracle_gate_k30_p90,10.004555378003609,-0.0012875531488900655,1.0002965140203013,5.671409018017684,0.0003,1913.6526588375905,0.32558139534883723,0.00030537614706915243,43,65493,C:\Users\刘子轩\Desktop\TP-SSCS项目\data\downloads\aistap_sim\sampledata\sampledata\simMed\simMed_sample.mat,0
oracle_gate,30,,90.0,simMed,oracle_gate_k30_p90,10.004555378003609,-0.0012875531488900655,1.0002965140203013,5.671409018017684,0.001,325.70838044098514,0.7441860465116279,0.001007741285328203,43,65493,C:\Users\刘子轩\Desktop\TP-SSCS项目\data\downloads\aistap_sim\sampledata\sampledata\simMed\simMed_sample.mat,0
oracle_gate,30,,90.0,simMed,oracle_gate_k30_p90,10.004555378003609,-0.0012875531488900655,1.0002965140203013,5.671409018017684,0.003,31.557408499424977,1.0,0.0030079550486311513,43,65493,C:\Users\刘子轩\Desktop\TP-SSCS项目\data\downloads\aistap_sim\sampledata\sampledata\simMed\simMed_sample.mat,0
oracle_gate,30,,90.0,simMed,oracle_gate_k30_p90,10.004555378003609,-0.0012875531488900655,1.0002965140203013,5.671409018017684,0.01,13.51220320125198,1.0,0.010001068816514741,43,65493,C:\Users\刘子轩\Desktop\TP-SSCS项目\data\downloads\aistap_sim\sampledata\sampledata\simMed\simMed_sample.mat,0
oracle_gate,30,,95.0,simMed,oracle_gate_k30_p95,9.91688934483717,-0.0010297066480498612,1.0002371268279182,5.7870545048186965,1e-05,8259.666061916438,0.046511627906976744,1.526880735345762e-05,43,65493,C:\Users\刘子轩\Desktop\TP-SSCS项目\data\downloads\aistap_sim\sampledata\sampledata\simMed\simMed_sample.mat,0
oracle_gate,30,,95.0,simMed,oracle_gate_k30_p95,9.91688934483717,-0.0010297066480498612,1.0002371268279182,5.7870545048186965,3e-05,5966.361670191444,0.09302325581395349,3.053761470691524e-05,43,65493,C:\Users\刘子轩\Desktop\TP-SSCS项目\data\downloads\aistap_sim\sampledata\sampledata\simMed\simMed_sample.mat,0
oracle_gate,30,,95.0,simMed,oracle_gate_k30_p95,9.91688934483717,-0.0010297066480498612,1.0002371268279182,5.7870545048186965,0.0001,4068.4319949616593,0.20930232558139536,0.00010688165147420336,43,65493,C:\Users\刘子轩\Desktop\TP-SSCS项目\data\downloads\aistap_sim\sampledata\sampledata\simMed\simMed_sample.mat,0
oracle_gate,30,,95.0,simMed,oracle_gate_k30_p95,9.91688934483717,-0.0010297066480498612,1.0002371268279182,5.7870545048186965,0.0003,1913.6526588375905,0.32558139534883723,0.00030537614706915243,43,65493,C:\Users\刘子轩\Desktop\TP-SSCS项目\data\downloads\aistap_sim\sampledata\sampledata\simMed\simMed_sample.mat,0
oracle_gate,30,,95.0,simMed,oracle_gate_k30_p95,9.91688934483717,-0.0010297066480498612,1.0002371268279182,5.7870545048186965,0.001,325.70838044098514,0.7441860465116279,0.001007741285328203,43,65493,C:\Users\刘子轩\Desktop\TP-SSCS项目\data\downloads\aistap_sim\sampledata\sampledata\simMed\simMed_sample.mat,0
oracle_gate,30,,95.0,simMed,oracle_gate_k30_p95,9.91688934483717,-0.0010297066480498612,1.0002371268279182,5.7870545048186965,0.003,32.346456019752715,1.0,0.0030079550486311513,43,65493,C:\Users\刘子轩\Desktop\TP-SSCS项目\data\downloads\aistap_sim\sampledata\sampledata\simMed\simMed_sample.mat,0
oracle_gate,30,,95.0,simMed,oracle_gate_k30_p95,9.91688934483717,-0.0010297066480498612,1.0002371268279182,5.7870545048186965,0.01,13.74316899975037,1.0,0.010001068816514741,43,65493,C:\Users\刘子轩\Desktop\TP-SSCS项目\data\downloads\aistap_sim\sampledata\sampledata\simMed\simMed_sample.mat,0
trainable_gate,30,,,simMed,trainable_gate_rank30,10.073811079110868,0.3933022315414098,0.913418444191442,5.581685972857258,1e-05,8262.907740049252,0.046511627906976744,1.526880735345762e-05,43,65493,C:\Users\刘子轩\Desktop\TP-SSCS项目\data\downloads\aistap_sim\sampledata\sampledata\simMed\simMed_sample.mat,0
trainable_gate,30,,,simMed,trainable_gate_rank30,10.073811079110868,0.3933022315414098,0.913418444191442,5.581685972857258,3e-05,5871.769701972094,0.11627906976744186,3.053761470691524e-05,43,65493,C:\Users\刘子轩\Desktop\TP-SSCS项目\data\downloads\aistap_sim\sampledata\sampledata\simMed\simMed_sample.mat,0
trainable_gate,30,,,simMed,trainable_gate_rank30,10.073811079110868,0.3933022315414098,0.913418444191442,5.581685972857258,0.0001,2788.60358566771,0.3023255813953488,0.00010688165147420336,43,65493,C:\Users\刘子轩\Desktop\TP-SSCS项目\data\downloads\aistap_sim\sampledata\sampledata\simMed\simMed_sample.mat,0
trainable_gate,30,,,simMed,trainable_gate_rank30,10.073811079110868,0.3933022315414098,0.913418444191442,5.581685972857258,0.0003,1345.312914288937,0.46511627906976744,0.00030537614706915243,43,65493,C:\Users\刘子轩\Desktop\TP-SSCS项目\data\downloads\aistap_sim\sampledata\sampledata\simMed\simMed_sample.mat,0
trainable_gate,30,,,simMed,trainable_gate_rank30,10.073811079110868,0.3933022315414098,0.913418444191442,5.581685972857258,0.001,300.5597925914026,0.7441860465116279,0.001007741285328203,43,65493,C:\Users\刘子轩\Desktop\TP-SSCS项目\data\downloads\aistap_sim\sampledata\sampledata\simMed\simMed_sample.mat,0
trainable_gate,30,,,simMed,trainable_gate_rank30,10.073811079110868,0.3933022315414098,0.913418444191442,5.581685972857258,0.003,40.81666822242653,1.0,0.0030079550486311513,43,65493,C:\Users\刘子轩\Desktop\TP-SSCS项目\data\downloads\aistap_sim\sampledata\sampledata\simMed\simMed_sample.mat,0
trainable_gate,30,,,simMed,trainable_gate_rank30,10.073811079110868,0.3933022315414098,0.913418444191442,5.581685972857258,0.01,14.342260297654706,1.0,0.010001068816514741,43,65493,C:\Users\刘子轩\Desktop\TP-SSCS项目\data\downloads\aistap_sim\sampledata\sampledata\simMed\simMed_sample.mat,0
raw,0,,,simNoiseOnly,raw,0.0,0.0,1.0,90.00060221470095,1e-05,8474.764966781358,0.046511627906976744,1.526880735345762e-05,43,65493,C:\Users\刘子轩\Desktop\TP-SSCS项目\data\downloads\aistap_sim\sampledata\sampledata\simNoiseOnly\simNoiseOnly_sample.mat,0
raw,0,,,simNoiseOnly,raw,0.0,0.0,1.0,90.00060221470095,3e-05,5824.701700123973,0.11627906976744186,3.053761470691524e-05,43,65493,C:\Users\刘子轩\Desktop\TP-SSCS项目\data\downloads\aistap_sim\sampledata\sampledata\simNoiseOnly\simNoiseOnly_sample.mat,0
raw,0,,,simNoiseOnly,raw,0.0,0.0,1.0,90.00060221470095,0.0001,4062.447136381865,0.20930232558139536,0.00010688165147420336,43,65493,C:\Users\刘子轩\Desktop\TP-SSCS项目\data\downloads\aistap_sim\sampledata\sampledata\simNoiseOnly\simNoiseOnly_sample.mat,0
raw,0,,,simNoiseOnly,raw,0.0,0.0,1.0,90.00060221470095,0.0003,1995.805114911917,0.3488372093023256,0.00030537614706915243,43,65493,C:\Users\刘子轩\Desktop\TP-SSCS项目\data\downloads\aistap_sim\sampledata\sampledata\simNoiseOnly\simNoiseOnly_sample.mat,0
raw,0,,,simNoiseOnly,raw,0.0,0.0,1.0,90.00060221470095,0.001,407.8287507111117,0.7674418604651163,0.001007741285328203,43,65493,C:\Users\刘子轩\Desktop\TP-SSCS项目\data\downloads\aistap_sim\sampledata\sampledata\simNoiseOnly\simNoiseOnly_sample.mat,0
raw,0,,,simNoiseOnly,raw,0.0,0.0,1.0,90.00060221470095,0.003,228.34277754247117,0.8372093023255814,0.0030079550486311513,43,65493,C:\Users\刘子轩\Desktop\TP-SSCS项目\data\downloads\aistap_sim\sampledata\sampledata\simNoiseOnly\simNoiseOnly_sample.mat,0
raw,0,,,simNoiseOnly,raw,0.0,0.0,1.0,90.00060221470095,0.01,192.21202920375154,0.8837209302325582,0.010001068816514741,43,65493,C:\Users\刘子轩\Desktop\TP-SSCS项目\data\downloads\aistap_sim\sampledata\sampledata\simNoiseOnly\simNoiseOnly_sample.mat,0
low_rank_residual,5,,,simNoiseOnly,low_rank_residual_k5,0.28036604372316365,3.714524677454696,0.4251552362492702,84.37403349866632,1e-05,3252.5073704923398,0.09302325581395349,1.526880735345762e-05,43,65493,C:\Users\刘子轩\Desktop\TP-SSCS项目\data\downloads\aistap_sim\sampledata\sampledata\simNoiseOnly\simNoiseOnly_sample.mat,0
low_rank_residual,5,,,simNoiseOnly,low_rank_residual_k5,0.28036604372316365,3.714524677454696,0.4251552362492702,84.37403349866632,3e-05,2593.5347097347826,0.13953488372093023,3.053761470691524e-05,43,65493,C:\Users\刘子轩\Desktop\TP-SSCS项目\data\downloads\aistap_sim\sampledata\sampledata\simNoiseOnly\simNoiseOnly_sample.mat,0
low_rank_residual,5,,,simNoiseOnly,low_rank_residual_k5,0.28036604372316365,3.714524677454696,0.4251552362492702,84.37403349866632,0.0001,1803.5649236159013,0.27906976744186046,0.00010688165147420336,43,65493,C:\Users\刘子轩\Desktop\TP-SSCS项目\data\downloads\aistap_sim\sampledata\sampledata\simNoiseOnly\simNoiseOnly_sample.mat,0
low_rank_residual,5,,,simNoiseOnly,low_rank_residual_k5,0.28036604372316365,3.714524677454696,0.4251552362492702,84.37403349866632,0.0003,1028.9554145701052,0.4418604651162791,0.00030537614706915243,43,65493,C:\Users\刘子轩\Desktop\TP-SSCS项目\data\downloads\aistap_sim\sampledata\sampledata\simNoiseOnly\simNoiseOnly_sample.mat,0
low_rank_residual,5,,,simNoiseOnly,low_rank_residual_k5,0.28036604372316365,3.714524677454696,0.4251552362492702,84.37403349866632,0.001,315.6136321856686,0.7674418604651163,0.001007741285328203,43,65493,C:\Users\刘子轩\Desktop\TP-SSCS项目\data\downloads\aistap_sim\sampledata\sampledata\simNoiseOnly\simNoiseOnly_sample.mat,0
low_rank_residual,5,,,simNoiseOnly,low_rank_residual_k5,0.28036604372316365,3.714524677454696,0.4251552362492702,84.37403349866632,0.003,214.6525199488765,0.8372093023255814,0.0030079550486311513,43,65493,C:\Users\刘子轩\Desktop\TP-SSCS项目\data\downloads\aistap_sim\sampledata\sampledata\simNoiseOnly\simNoiseOnly_sample.mat,0
low_rank_residual,5,,,simNoiseOnly,low_rank_residual_k5,0.28036604372316365,3.714524677454696,0.4251552362492702,84.37403349866632,0.01,183.71445770418964,0.8604651162790697,0.010001068816514741,43,65493,C:\Users\刘子轩\Desktop\TP-SSCS项目\data\downloads\aistap_sim\sampledata\sampledata\simNoiseOnly\simNoiseOnly_sample.mat,0
oracle_blend,5,0.0,,simNoiseOnly,oracle_blend_k5_a0,14.140441272955629,0.0,1.0,3.468975943428399,1e-05,8259.666061916438,0.046511627906976744,1.526880735345762e-05,43,65493,C:\Users\刘子轩\Desktop\TP-SSCS项目\data\downloads\aistap_sim\sampledata\sampledata\simNoiseOnly\simNoiseOnly_sample.mat,0
oracle_blend,5,0.0,,simNoiseOnly,oracle_blend_k5_a0,14.140441272955629,0.0,1.0,3.468975943428399,3e-05,5966.361670191444,0.09302325581395349,3.053761470691524e-05,43,65493,C:\Users\刘子轩\Desktop\TP-SSCS项目\data\downloads\aistap_sim\sampledata\sampledata\simNoiseOnly\simNoiseOnly_sample.mat,0
oracle_blend,5,0.0,,simNoiseOnly,oracle_blend_k5_a0,14.140441272955629,0.0,1.0,3.468975943428399,0.0001,4068.4319949616593,0.20930232558139536,0.00010688165147420336,43,65493,C:\Users\刘子轩\Desktop\TP-SSCS项目\data\downloads\aistap_sim\sampledata\sampledata\simNoiseOnly\simNoiseOnly_sample.mat,0
oracle_blend,5,0.0,,simNoiseOnly,oracle_blend_k5_a0,14.140441272955629,0.0,1.0,3.468975943428399,0.0003,1913.6526588375905,0.32558139534883723,0.00030537614706915243,43,65493,C:\Users\刘子轩\Desktop\TP-SSCS项目\data\downloads\aistap_sim\sampledata\sampledata\simNoiseOnly\simNoiseOnly_sample.mat,0
oracle_blend,5,0.0,,simNoiseOnly,oracle_blend_k5_a0,14.140441272955629,0.0,1.0,3.468975943428399,0.001,325.70838044098514,0.7441860465116279,0.001007741285328203,43,65493,C:\Users\刘子轩\Desktop\TP-SSCS项目\data\downloads\aistap_sim\sampledata\sampledata\simNoiseOnly\simNoiseOnly_sample.mat,0
oracle_blend,5,0.0,,simNoiseOnly,oracle_blend_k5_a0,14.140441272955629,0.0,1.0,3.468975943428399,0.003,19.752091818886655,1.0,0.0030079550486311513,43,65493,C:\Users\刘子轩\Desktop\TP-SSCS项目\data\downloads\aistap_sim\sampledata\sampledata\simNoiseOnly\simNoiseOnly_sample.mat,0
oracle_blend,5,0.0,,simNoiseOnly,oracle_blend_k5_a0,14.140441272955629,0.0,1.0,3.468975943428399,0.01,0.6075203080581612,1.0,0.010001068816514741,43,65493,C:\Users\刘子轩\Desktop\TP-SSCS项目\data\downloads\aistap_sim\sampledata\sampledata\simNoiseOnly\simNoiseOnly_sample.mat,0
oracle_blend,5,0.25,,simNoiseOnly,oracle_blend_k5_a0.25,10.484439048880738,1.2580505294391697,0.7485054158590557,8.050104360200276,1e-05,5483.521400437898,0.06976744186046512,1.526880735345762e-05,43,65493,C:\Users\刘子轩\Desktop\TP-SSCS项目\data\downloads\aistap_sim\sampledata\sampledata\simNoiseOnly\simNoiseOnly_sample.mat,0
oracle_blend,5,0.25,,simNoiseOnly,oracle_blend_k5_a0.25,10.484439048880738,1.2580505294391697,0.7485054158590557,8.050104360200276,3e-05,4291.792001388545,0.18604651162790697,3.053761470691524e-05,43,65493,C:\Users\刘子轩\Desktop\TP-SSCS项目\data\downloads\aistap_sim\sampledata\sampledata\simNoiseOnly\simNoiseOnly_sample.mat,0
oracle_blend,5,0.25,,simNoiseOnly,oracle_blend_k5_a0.25,10.484439048880738,1.2580505294391697,0.7485054158590557,8.050104360200276,0.0001,3031.4681777020005,0.2558139534883721,0.00010688165147420336,43,65493,C:\Users\刘子轩\Desktop\TP-SSCS项目\data\downloads\aistap_sim\sampledata\sampledata\simNoiseOnly\simNoiseOnly_sample.mat,0
oracle_blend,5,0.25,,simNoiseOnly,oracle_blend_k5_a0.25,10.484439048880738,1.2580505294391697,0.7485054158590557,8.050104360200276,0.0003,1674.6535578812898,0.3488372093023256,0.00030537614706915243,43,65493,C:\Users\刘子轩\Desktop\TP-SSCS项目\data\downloads\aistap_sim\sampledata\sampledata\simNoiseOnly\simNoiseOnly_sample.mat,0
oracle_blend,5,0.25,,simNoiseOnly,oracle_blend_k5_a0.25,10.484439048880738,1.2580505294391697,0.7485054158590557,8.050104360200276,0.001,293.09984537325323,0.7441860465116279,0.001007741285328203,43,65493,C:\Users\刘子轩\Desktop\TP-SSCS项目\data\downloads\aistap_sim\sampledata\sampledata\simNoiseOnly\simNoiseOnly_sample.mat,0
oracle_blend,5,0.25,,simNoiseOnly,oracle_blend_k5_a0.25,10.484439048880738,1.2580505294391697,0.7485054158590557,8.050104360200276,0.003,21.23471759816107,1.0,0.0030079550486311513,43,65493,C:\Users\刘子轩\Desktop\TP-SSCS项目\data\downloads\aistap_sim\sampledata\sampledata\simNoiseOnly\simNoiseOnly_sample.mat,0
oracle_blend,5,0.25,,simNoiseOnly,oracle_blend_k5_a0.25,10.484439048880738,1.2580505294391697,0.7485054158590557,8.050104360200276,0.01,11.88426862926755,1.0,0.010001068816514741,43,65493,C:\Users\刘子轩\Desktop\TP-SSCS项目\data\downloads\aistap_sim\sampledata\sampledata\simNoiseOnly\simNoiseOnly_sample.mat,0
oracle_blend,5,0.5,,simNoiseOnly,oracle_blend_k5_a0.5,5.9136118879093535,2.4498969625101656,0.5688664271869527,23.06132342499722,1e-05,4040.3273132975987,0.11627906976744186,1.526880735345762e-05,43,65493,C:\Users\刘子轩\Desktop\TP-SSCS项目\data\downloads\aistap_sim\sampledata\sampledata\simNoiseOnly\simNoiseOnly_sample.mat,0
oracle_blend,5,0.5,,simNoiseOnly,oracle_blend_k5_a0.5,5.9136118879093535,2.4498969625101656,0.5688664271869527,23.06132342499722,3e-05,3661.1882900009755,0.13953488372093023,3.053761470691524e-05,43,65493,C:\Users\刘子轩\Desktop\TP-SSCS项目\data\downloads\aistap_sim\sampledata\sampledata\simNoiseOnly\simNoiseOnly_sample.mat,0
oracle_blend,5,0.5,,simNoiseOnly,oracle_blend_k5_a0.5,5.9136118879093535,2.4498969625101656,0.5688664271869527,23.06132342499722,0.0001,2402.1294309585073,0.32558139534883723,0.00010688165147420336,43,65493,C:\Users\刘子轩\Desktop\TP-SSCS项目\data\downloads\aistap_sim\sampledata\sampledata\simNoiseOnly\simNoiseOnly_sample.mat,0
oracle_blend,5,0.5,,simNoiseOnly,oracle_blend_k5_a0.5,5.9136118879093535,2.4498969625101656,0.5688664271869527,23.06132342499722,0.0003,1387.9699390892652,0.4186046511627907,0.00030537614706915243,43,65493,C:\Users\刘子轩\Desktop\TP-SSCS项目\data\downloads\aistap_sim\sampledata\sampledata\simNoiseOnly\simNoiseOnly_sample.mat,0
oracle_blend,5,0.5,,simNoiseOnly,oracle_blend_k5_a0.5,5.9136118879093535,2.4498969625101656,0.5688664271869527,23.06132342499722,0.001,281.48331133131563,0.7674418604651163,0.001007741285328203,43,65493,C:\Users\刘子轩\Desktop\TP-SSCS项目\data\downloads\aistap_sim\sampledata\sampledata\simNoiseOnly\simNoiseOnly_sample.mat,0
oracle_blend,5,0.5,,simNoiseOnly,oracle_blend_k5_a0.5,5.9136118879093535,2.4498969625101656,0.5688664271869527,23.06132342499722,0.003,58.53650983303259,1.0,0.0030079550486311513,43,65493,C:\Users\刘子轩\Desktop\TP-SSCS项目\data\downloads\aistap_sim\sampledata\sampledata\simNoiseOnly\simNoiseOnly_sample.mat,0
oracle_blend,5,0.5,,simNoiseOnly,oracle_blend_k5_a0.5,5.9136118879093535,2.4498969625101656,0.5688664271869527,23.06132342499722,0.01,46.72002245098914,1.0,0.010001068816514741,43,65493,C:\Users\刘子轩\Desktop\TP-SSCS项目\data\downloads\aistap_sim\sampledata\sampledata\simNoiseOnly\simNoiseOnly_sample.mat,0
oracle_blend,5,0.75,,simNoiseOnly,oracle_blend_k5_a0.75,2.684800989514561,3.3622085779105078,0.4610830339836908,48.50263313781924,1e-05,3509.855132832697,0.09302325581395349,1.526880735345762e-05,43,65493,C:\Users\刘子轩\Desktop\TP-SSCS项目\data\downloads\aistap_sim\sampledata\sampledata\simNoiseOnly\simNoiseOnly_sample.mat,0
oracle_blend,5,0.75,,simNoiseOnly,oracle_blend_k5_a0.75,2.684800989514561,3.3622085779105078,0.4610830339836908,48.50263313781924,3e-05,3048.1802586088243,0.13953488372093023,3.053761470691524e-05,43,65493,C:\Users\刘子轩\Desktop\TP-SSCS项目\data\downloads\aistap_sim\sampledata\sampledata\simNoiseOnly\simNoiseOnly_sample.mat,0
oracle_blend,5,0.75,,simNoiseOnly,oracle_blend_k5_a0.75,2.684800989514561,3.3622085779105078,0.4610830339836908,48.50263313781924,0.0001,1908.236922194474,0.27906976744186046,0.00010688165147420336,43,65493,C:\Users\刘子轩\Desktop\TP-SSCS项目\data\downloads\aistap_sim\sampledata\sampledata\simNoiseOnly\simNoiseOnly_sample.mat,0
oracle_blend,5,0.75,,simNoiseOnly,oracle_blend_k5_a0.75,2.684800989514561,3.3622085779105078,0.4610830339836908,48.50263313781924,0.0003,1111.2814484690227,0.46511627906976744,0.00030537614706915243,43,65493,C:\Users\刘子轩\Desktop\TP-SSCS项目\data\downloads\aistap_sim\sampledata\sampledata\simNoiseOnly\simNoiseOnly_sample.mat,0
oracle_blend,5,0.75,,simNoiseOnly,oracle_blend_k5_a0.75,2.684800989514561,3.3622085779105078,0.4610830339836908,48.50263313781924,0.001,281.95440127612454,0.7674418604651163,0.001007741285328203,43,65493,C:\Users\刘子轩\Desktop\TP-SSCS项目\data\downloads\aistap_sim\sampledata\sampledata\simNoiseOnly\simNoiseOnly_sample.mat,0
oracle_blend,5,0.75,,simNoiseOnly,oracle_blend_k5_a0.75,2.684800989514561,3.3622085779105078,0.4610830339836908,48.50263313781924,0.003,124.56619487312786,0.9767441860465116,0.0030079550486311513,43,65493,C:\Users\刘子轩\Desktop\TP-SSCS项目\data\downloads\aistap_sim\sampledata\sampledata\simNoiseOnly\simNoiseOnly_sample.mat,0
oracle_blend,5,0.75,,simNoiseOnly,oracle_blend_k5_a0.75,2.684800989514561,3.3622085779105078,0.4610830339836908,48.50263313781924,0.01,104.14646152755247,1.0,0.010001068816514741,43,65493,C:\Users\刘子轩\Desktop\TP-SSCS项目\data\downloads\aistap_sim\sampledata\sampledata\simNoiseOnly\simNoiseOnly_sample.mat,0
oracle_blend,5,1.0,,simNoiseOnly,oracle_blend_k5_a1,0.28036604372316365,3.714524677454696,0.4251552362492702,84.37403349866632,1e-05,3252.5073704923398,0.09302325581395349,1.526880735345762e-05,43,65493,C:\Users\刘子轩\Desktop\TP-SSCS项目\data\downloads\aistap_sim\sampledata\sampledata\simNoiseOnly\simNoiseOnly_sample.mat,0
oracle_blend,5,1.0,,simNoiseOnly,oracle_blend_k5_a1,0.28036604372316365,3.714524677454696,0.4251552362492702,84.37403349866632,3e-05,2593.5347097347826,0.13953488372093023,3.053761470691524e-05,43,65493,C:\Users\刘子轩\Desktop\TP-SSCS项目\data\downloads\aistap_sim\sampledata\sampledata\simNoiseOnly\simNoiseOnly_sample.mat,0
oracle_blend,5,1.0,,simNoiseOnly,oracle_blend_k5_a1,0.28036604372316365,3.714524677454696,0.4251552362492702,84.37403349866632,0.0001,1803.5649236159013,0.27906976744186046,0.00010688165147420336,43,65493,C:\Users\刘子轩\Desktop\TP-SSCS项目\data\downloads\aistap_sim\sampledata\sampledata\simNoiseOnly\simNoiseOnly_sample.mat,0
oracle_blend,5,1.0,,simNoiseOnly,oracle_blend_k5_a1,0.28036604372316365,3.714524677454696,0.4251552362492702,84.37403349866632,0.0003,1028.9554145701052,0.4418604651162791,0.00030537614706915243,43,65493,C:\Users\刘子轩\Desktop\TP-SSCS项目\data\downloads\aistap_sim\sampledata\sampledata\simNoiseOnly\simNoiseOnly_sample.mat,0
oracle_blend,5,1.0,,simNoiseOnly,oracle_blend_k5_a1,0.28036604372316365,3.714524677454696,0.4251552362492702,84.37403349866632,0.001,315.6136321856686,0.7674418604651163,0.001007741285328203,43,65493,C:\Users\刘子轩\Desktop\TP-SSCS项目\data\downloads\aistap_sim\sampledata\sampledata\simNoiseOnly\simNoiseOnly_sample.mat,0
oracle_blend,5,1.0,,simNoiseOnly,oracle_blend_k5_a1,0.28036604372316365,3.714524677454696,0.4251552362492702,84.37403349866632,0.003,214.6525199488765,0.8372093023255814,0.0030079550486311513,43,65493,C:\Users\刘子轩\Desktop\TP-SSCS项目\data\downloads\aistap_sim\sampledata\sampledata\simNoiseOnly\simNoiseOnly_sample.mat,0
oracle_blend,5,1.0,,simNoiseOnly,oracle_blend_k5_a1,0.28036604372316365,3.714524677454696,0.4251552362492702,84.37403349866632,0.01,183.71445770418964,0.8604651162790697,0.010001068816514741,43,65493,C:\Users\刘子轩\Desktop\TP-SSCS项目\data\downloads\aistap_sim\sampledata\sampledata\simNoiseOnly\simNoiseOnly_sample.mat,0
oracle_gate,5,,50.0,simNoiseOnly,oracle_gate_k5_p50,2.9937401583036722,-2.943911861246799e-06,1.0000006778609865,45.172216358142165,1e-05,8259.666061916438,0.046511627906976744,1.526880735345762e-05,43,65493,C:\Users\刘子轩\Desktop\TP-SSCS项目\data\downloads\aistap_sim\sampledata\sampledata\simNoiseOnly\simNoiseOnly_sample.mat,0
oracle_gate,5,,50.0,simNoiseOnly,oracle_gate_k5_p50,2.9937401583036722,-2.943911861246799e-06,1.0000006778609865,45.172216358142165,3e-05,5966.361670191444,0.09302325581395349,3.053761470691524e-05,43,65493,C:\Users\刘子轩\Desktop\TP-SSCS项目\data\downloads\aistap_sim\sampledata\sampledata\simNoiseOnly\simNoiseOnly_sample.mat,0
oracle_gate,5,,50.0,simNoiseOnly,oracle_gate_k5_p50,2.9937401583036722,-2.943911861246799e-06,1.0000006778609865,45.172216358142165,0.0001,4068.4319949616593,0.20930232558139536,0.00010688165147420336,43,65493,C:\Users\刘子轩\Desktop\TP-SSCS项目\data\downloads\aistap_sim\sampledata\sampledata\simNoiseOnly\simNoiseOnly_sample.mat,0
oracle_gate,5,,50.0,simNoiseOnly,oracle_gate_k5_p50,2.9937401583036722,-2.943911861246799e-06,1.0000006778609865,45.172216358142165,0.0003,1913.6526588375905,0.32558139534883723,0.00030537614706915243,43,65493,C:\Users\刘子轩\Desktop\TP-SSCS项目\data\downloads\aistap_sim\sampledata\sampledata\simNoiseOnly\simNoiseOnly_sample.mat,0
oracle_gate,5,,50.0,simNoiseOnly,oracle_gate_k5_p50,2.9937401583036722,-2.943911861246799e-06,1.0000006778609865,45.172216358142165,0.001,330.96372545074263,0.7441860465116279,0.001007741285328203,43,65493,C:\Users\刘子轩\Desktop\TP-SSCS项目\data\downloads\aistap_sim\sampledata\sampledata\simNoiseOnly\simNoiseOnly_sample.mat,0
oracle_gate,5,,50.0,simNoiseOnly,oracle_gate_k5_p50,2.9937401583036722,-2.943911861246799e-06,1.0000006778609865,45.172216358142165,0.003,203.46631973438085,0.7906976744186046,0.0030079550486311513,43,65493,C:\Users\刘子轩\Desktop\TP-SSCS项目\data\downloads\aistap_sim\sampledata\sampledata\simNoiseOnly\simNoiseOnly_sample.mat,0
oracle_gate,5,,50.0,simNoiseOnly,oracle_gate_k5_p50,2.9937401583036722,-2.943911861246799e-06,1.0000006778609865,45.172216358142165,0.01,169.15108597209021,0.8604651162790697,0.010001068816514741,43,65493,C:\Users\刘子轩\Desktop\TP-SSCS项目\data\downloads\aistap_sim\sampledata\sampledata\simNoiseOnly\simNoiseOnly_sample.mat,0
oracle_gate,5,,70.0,simNoiseOnly,oracle_gate_k5_p70,1.646944158198092,-3.001959228604784e-05,1.0000069122904593,61.595785735613426,1e-05,8259.666061916438,0.046511627906976744,1.526880735345762e-05,43,65493,C:\Users\刘子轩\Desktop\TP-SSCS项目\data\downloads\aistap_sim\sampledata\sampledata\simNoiseOnly\simNoiseOnly_sample.mat,0
oracle_gate,5,,70.0,simNoiseOnly,oracle_gate_k5_p70,1.646944158198092,-3.001959228604784e-05,1.0000069122904593,61.595785735613426,3e-05,5966.361670191444,0.09302325581395349,3.053761470691524e-05,43,65493,C:\Users\刘子轩\Desktop\TP-SSCS项目\data\downloads\aistap_sim\sampledata\sampledata\simNoiseOnly\simNoiseOnly_sample.mat,0
oracle_gate,5,,70.0,simNoiseOnly,oracle_gate_k5_p70,1.646944158198092,-3.001959228604784e-05,1.0000069122904593,61.595785735613426,0.0001,4068.4319949616593,0.20930232558139536,0.00010688165147420336,43,65493,C:\Users\刘子轩\Desktop\TP-SSCS项目\data\downloads\aistap_sim\sampledata\sampledata\simNoiseOnly\simNoiseOnly_sample.mat,0
oracle_gate,5,,70.0,simNoiseOnly,oracle_gate_k5_p70,1.646944158198092,-3.001959228604784e-05,1.0000069122904593,61.595785735613426,0.0003,1913.6526588375905,0.32558139534883723,0.00030537614706915243,43,65493,C:\Users\刘子轩\Desktop\TP-SSCS项目\data\downloads\aistap_sim\sampledata\sampledata\simNoiseOnly\simNoiseOnly_sample.mat,0
oracle_gate,5,,70.0,simNoiseOnly,oracle_gate_k5_p70,1.646944158198092,-3.001959228604784e-05,1.0000069122904593,61.595785735613426,0.001,330.96372545074263,0.7441860465116279,0.001007741285328203,43,65493,C:\Users\刘子轩\Desktop\TP-SSCS项目\data\downloads\aistap_sim\sampledata\sampledata\simNoiseOnly\simNoiseOnly_sample.mat,0
oracle_gate,5,,70.0,simNoiseOnly,oracle_gate_k5_p70,1.646944158198092,-3.001959228604784e-05,1.0000069122904593,61.595785735613426,0.003,209.0618536367923,0.7906976744186046,0.0030079550486311513,43,65493,C:\Users\刘子轩\Desktop\TP-SSCS项目\data\downloads\aistap_sim\sampledata\sampledata\simNoiseOnly\simNoiseOnly_sample.mat,0
oracle_gate,5,,70.0,simNoiseOnly,oracle_gate_k5_p70,1.646944158198092,-3.001959228604784e-05,1.0000069122904593,61.595785735613426,0.01,176.30504540780564,0.8604651162790697,0.010001068816514741,43,65493,C:\Users\刘子轩\Desktop\TP-SSCS项目\data\downloads\aistap_sim\sampledata\sampledata\simNoiseOnly\simNoiseOnly_sample.mat,0
oracle_gate,5,,80.0,simNoiseOnly,oracle_gate_k5_p80,1.1082400263943712,-6.787862527362772e-05,1.0000156297532121,69.73028058891826,1e-05,8259.666061916438,0.046511627906976744,1.526880735345762e-05,43,65493,C:\Users\刘子轩\Desktop\TP-SSCS项目\data\downloads\aistap_sim\sampledata\sampledata\simNoiseOnly\simNoiseOnly_sample.mat,0
oracle_gate,5,,80.0,simNoiseOnly,oracle_gate_k5_p80,1.1082400263943712,-6.787862527362772e-05,1.0000156297532121,69.73028058891826,3e-05,5966.361670191444,0.09302325581395349,3.053761470691524e-05,43,65493,C:\Users\刘子轩\Desktop\TP-SSCS项目\data\downloads\aistap_sim\sampledata\sampledata\simNoiseOnly\simNoiseOnly_sample.mat,0
oracle_gate,5,,80.0,simNoiseOnly,oracle_gate_k5_p80,1.1082400263943712,-6.787862527362772e-05,1.0000156297532121,69.73028058891826,0.0001,4068.4319949616593,0.20930232558139536,0.00010688165147420336,43,65493,C:\Users\刘子轩\Desktop\TP-SSCS项目\data\downloads\aistap_sim\sampledata\sampledata\simNoiseOnly\simNoiseOnly_sample.mat,0
oracle_gate,5,,80.0,simNoiseOnly,oracle_gate_k5_p80,1.1082400263943712,-6.787862527362772e-05,1.0000156297532121,69.73028058891826,0.0003,1913.6526588375905,0.32558139534883723,0.00030537614706915243,43,65493,C:\Users\刘子轩\Desktop\TP-SSCS项目\data\downloads\aistap_sim\sampledata\sampledata\simNoiseOnly\simNoiseOnly_sample.mat,0
oracle_gate,5,,80.0,simNoiseOnly,oracle_gate_k5_p80,1.1082400263943712,-6.787862527362772e-05,1.0000156297532121,69.73028058891826,0.001,330.96372545074263,0.7441860465116279,0.001007741285328203,43,65493,C:\Users\刘子轩\Desktop\TP-SSCS项目\data\downloads\aistap_sim\sampledata\sampledata\simNoiseOnly\simNoiseOnly_sample.mat,0
oracle_gate,5,,80.0,simNoiseOnly,oracle_gate_k5_p80,1.1082400263943712,-6.787862527362772e-05,1.0000156297532121,69.73028058891826,0.003,210.6244364595495,0.7906976744186046,0.0030079550486311513,43,65493,C:\Users\刘子轩\Desktop\TP-SSCS项目\data\downloads\aistap_sim\sampledata\sampledata\simNoiseOnly\simNoiseOnly_sample.mat,0
oracle_gate,5,,80.0,simNoiseOnly,oracle_gate_k5_p80,1.1082400263943712,-6.787862527362772e-05,1.0000156297532121,69.73028058891826,0.01,178.67764512747362,0.8604651162790697,0.010001068816514741,43,65493,C:\Users\刘子轩\Desktop\TP-SSCS项目\data\downloads\aistap_sim\sampledata\sampledata\simNoiseOnly\simNoiseOnly_sample.mat,0
oracle_gate,5,,90.0,simNoiseOnly,oracle_gate_k5_p90,0.6282641404104019,-0.0014116311385100285,1.0003250929128853,77.87875522751914,1e-05,8259.666061916438,0.046511627906976744,1.526880735345762e-05,43,65493,C:\Users\刘子轩\Desktop\TP-SSCS项目\data\downloads\aistap_sim\sampledata\sampledata\simNoiseOnly\simNoiseOnly_sample.mat,0
oracle_gate,5,,90.0,simNoiseOnly,oracle_gate_k5_p90,0.6282641404104019,-0.0014116311385100285,1.0003250929128853,77.87875522751914,3e-05,5966.361670191444,0.09302325581395349,3.053761470691524e-05,43,65493,C:\Users\刘子轩\Desktop\TP-SSCS项目\data\downloads\aistap_sim\sampledata\sampledata\simNoiseOnly\simNoiseOnly_sample.mat,0
oracle_gate,5,,90.0,simNoiseOnly,oracle_gate_k5_p90,0.6282641404104019,-0.0014116311385100285,1.0003250929128853,77.87875522751914,0.0001,4068.4319949616593,0.20930232558139536,0.00010688165147420336,43,65493,C:\Users\刘子轩\Desktop\TP-SSCS项目\data\downloads\aistap_sim\sampledata\sampledata\simNoiseOnly\simNoiseOnly_sample.mat,0
oracle_gate,5,,90.0,simNoiseOnly,oracle_gate_k5_p90,0.6282641404104019,-0.0014116311385100285,1.0003250929128853,77.87875522751914,0.0003,1913.6526588375905,0.32558139534883723,0.00030537614706915243,43,65493,C:\Users\刘子轩\Desktop\TP-SSCS项目\data\downloads\aistap_sim\sampledata\sampledata\simNoiseOnly\simNoiseOnly_sample.mat,0
oracle_gate,5,,90.0,simNoiseOnly,oracle_gate_k5_p90,0.6282641404104019,-0.0014116311385100285,1.0003250929128853,77.87875522751914,0.001,330.96372545074263,0.7441860465116279,0.001007741285328203,43,65493,C:\Users\刘子轩\Desktop\TP-SSCS项目\data\downloads\aistap_sim\sampledata\sampledata\simNoiseOnly\simNoiseOnly_sample.mat,0
oracle_gate,5,,90.0,simNoiseOnly,oracle_gate_k5_p90,0.6282641404104019,-0.0014116311385100285,1.0003250929128853,77.87875522751914,0.003,211.86639501700662,0.7906976744186046,0.0030079550486311513,43,65493,C:\Users\刘子轩\Desktop\TP-SSCS项目\data\downloads\aistap_sim\sampledata\sampledata\simNoiseOnly\simNoiseOnly_sample.mat,0
oracle_gate,5,,90.0,simNoiseOnly,oracle_gate_k5_p90,0.6282641404104019,-0.0014116311385100285,1.0003250929128853,77.87875522751914,0.01,180.86305782590605,0.8604651162790697,0.010001068816514741,43,65493,C:\Users\刘子轩\Desktop\TP-SSCS项目\data\downloads\aistap_sim\sampledata\sampledata\simNoiseOnly\simNoiseOnly_sample.mat,0
oracle_gate,5,,95.0,simNoiseOnly,oracle_gate_k5_p95,0.40859635487640267,-0.0027312511845648713,1.0006290916214644,81.91921461314206,1e-05,8259.666061916438,0.046511627906976744,1.526880735345762e-05,43,65493,C:\Users\刘子轩\Desktop\TP-SSCS项目\data\downloads\aistap_sim\sampledata\sampledata\simNoiseOnly\simNoiseOnly_sample.mat,0
oracle_gate,5,,95.0,simNoiseOnly,oracle_gate_k5_p95,0.40859635487640267,-0.0027312511845648713,1.0006290916214644,81.91921461314206,3e-05,5966.361670191444,0.09302325581395349,3.053761470691524e-05,43,65493,C:\Users\刘子轩\Desktop\TP-SSCS项目\data\downloads\aistap_sim\sampledata\sampledata\simNoiseOnly\simNoiseOnly_sample.mat,0
oracle_gate,5,,95.0,simNoiseOnly,oracle_gate_k5_p95,0.40859635487640267,-0.0027312511845648713,1.0006290916214644,81.91921461314206,0.0001,4068.4319949616593,0.20930232558139536,0.00010688165147420336,43,65493,C:\Users\刘子轩\Desktop\TP-SSCS项目\data\downloads\aistap_sim\sampledata\sampledata\simNoiseOnly\simNoiseOnly_sample.mat,0
oracle_gate,5,,95.0,simNoiseOnly,oracle_gate_k5_p95,0.40859635487640267,-0.0027312511845648713,1.0006290916214644,81.91921461314206,0.0003,1913.6526588375905,0.32558139534883723,0.00030537614706915243,43,65493,C:\Users\刘子轩\Desktop\TP-SSCS项目\data\downloads\aistap_sim\sampledata\sampledata\simNoiseOnly\simNoiseOnly_sample.mat,0
oracle_gate,5,,95.0,simNoiseOnly,oracle_gate_k5_p95,0.40859635487640267,-0.0027312511845648713,1.0006290916214644,81.91921461314206,0.001,330.96372545074263,0.7441860465116279,0.001007741285328203,43,65493,C:\Users\刘子轩\Desktop\TP-SSCS项目\data\downloads\aistap_sim\sampledata\sampledata\simNoiseOnly\simNoiseOnly_sample.mat,0
oracle_gate,5,,95.0,simNoiseOnly,oracle_gate_k5_p95,0.40859635487640267,-0.0027312511845648713,1.0006290916214644,81.91921461314206,0.003,212.59072968927663,0.7906976744186046,0.0030079550486311513,43,65493,C:\Users\刘子轩\Desktop\TP-SSCS项目\data\downloads\aistap_sim\sampledata\sampledata\simNoiseOnly\simNoiseOnly_sample.mat,0
oracle_gate,5,,95.0,simNoiseOnly,oracle_gate_k5_p95,0.40859635487640267,-0.0027312511845648713,1.0006290916214644,81.91921461314206,0.01,181.68730951508778,0.8604651162790697,0.010001068816514741,43,65493,C:\Users\刘子轩\Desktop\TP-SSCS项目\data\downloads\aistap_sim\sampledata\sampledata\simNoiseOnly\simNoiseOnly_sample.mat,0
low_rank_residual,20,,,simNoiseOnly,low_rank_residual_k20,1.0222449743378639,13.905995519867488,0.04068182694210805,71.12477703812559,1e-05,1421.9710771497598,0.11627906976744186,1.526880735345762e-05,43,65493,C:\Users\刘子轩\Desktop\TP-SSCS项目\data\downloads\aistap_sim\sampledata\sampledata\simNoiseOnly\simNoiseOnly_sample.mat,0
low_rank_residual,20,,,simNoiseOnly,low_rank_residual_k20,1.0222449743378639,13.905995519867488,0.04068182694210805,71.12477703812559,3e-05,1155.0841365516321,0.27906976744186046,3.053761470691524e-05,43,65493,C:\Users\刘子轩\Desktop\TP-SSCS项目\data\downloads\aistap_sim\sampledata\sampledata\simNoiseOnly\simNoiseOnly_sample.mat,0
low_rank_residual,20,,,simNoiseOnly,low_rank_residual_k20,1.0222449743378639,13.905995519867488,0.04068182694210805,71.12477703812559,0.0001,776.2697589798348,0.3953488372093023,0.00010688165147420336,43,65493,C:\Users\刘子轩\Desktop\TP-SSCS项目\data\downloads\aistap_sim\sampledata\sampledata\simNoiseOnly\simNoiseOnly_sample.mat,0
low_rank_residual,20,,,simNoiseOnly,low_rank_residual_k20,1.0222449743378639,13.905995519867488,0.04068182694210805,71.12477703812559,0.0003,466.4641176727924,0.46511627906976744,0.00030537614706915243,43,65493,C:\Users\刘子轩\Desktop\TP-SSCS项目\data\downloads\aistap_sim\sampledata\sampledata\simNoiseOnly\simNoiseOnly_sample.mat,0
low_rank_residual,20,,,simNoiseOnly,low_rank_residual_k20,1.0222449743378639,13.905995519867488,0.04068182694210805,71.12477703812559,0.001,217.71195150382093,0.7674418604651163,0.001007741285328203,43,65493,C:\Users\刘子轩\Desktop\TP-SSCS项目\data\downloads\aistap_sim\sampledata\sampledata\simNoiseOnly\simNoiseOnly_sample.mat,0
low_rank_residual,20,,,simNoiseOnly,low_rank_residual_k20,1.0222449743378639,13.905995519867488,0.04068182694210805,71.12477703812559,0.003,180.52458107162886,0.813953488372093,0.0030079550486311513,43,65493,C:\Users\刘子轩\Desktop\TP-SSCS项目\data\downloads\aistap_sim\sampledata\sampledata\simNoiseOnly\simNoiseOnly_sample.mat,0
low_rank_residual,20,,,simNoiseOnly,low_rank_residual_k20,1.0222449743378639,13.905995519867488,0.04068182694210805,71.12477703812559,0.01,155.950750945569,0.8604651162790697,0.010001068816514741,43,65493,C:\Users\刘子轩\Desktop\TP-SSCS项目\data\downloads\aistap_sim\sampledata\sampledata\simNoiseOnly\simNoiseOnly_sample.mat,0
oracle_blend,20,0.0,,simNoiseOnly,oracle_blend_k20_a0,14.140441272955629,0.0,1.0,3.468975943428399,1e-05,8259.666061916438,0.046511627906976744,1.526880735345762e-05,43,65493,C:\Users\刘子轩\Desktop\TP-SSCS项目\data\downloads\aistap_sim\sampledata\sampledata\simNoiseOnly\simNoiseOnly_sample.mat,0
oracle_blend,20,0.0,,simNoiseOnly,oracle_blend_k20_a0,14.140441272955629,0.0,1.0,3.468975943428399,3e-05,5966.361670191444,0.09302325581395349,3.053761470691524e-05,43,65493,C:\Users\刘子轩\Desktop\TP-SSCS项目\data\downloads\aistap_sim\sampledata\sampledata\simNoiseOnly\simNoiseOnly_sample.mat,0
oracle_blend,20,0.0,,simNoiseOnly,oracle_blend_k20_a0,14.140441272955629,0.0,1.0,3.468975943428399,0.0001,4068.4319949616593,0.20930232558139536,0.00010688165147420336,43,65493,C:\Users\刘子轩\Desktop\TP-SSCS项目\data\downloads\aistap_sim\sampledata\sampledata\simNoiseOnly\simNoiseOnly_sample.mat,0
oracle_blend,20,0.0,,simNoiseOnly,oracle_blend_k20_a0,14.140441272955629,0.0,1.0,3.468975943428399,0.0003,1913.6526588375905,0.32558139534883723,0.00030537614706915243,43,65493,C:\Users\刘子轩\Desktop\TP-SSCS项目\data\downloads\aistap_sim\sampledata\sampledata\simNoiseOnly\simNoiseOnly_sample.mat,0
oracle_blend,20,0.0,,simNoiseOnly,oracle_blend_k20_a0,14.140441272955629,0.0,1.0,3.468975943428399,0.001,325.70838044098514,0.7441860465116279,0.001007741285328203,43,65493,C:\Users\刘子轩\Desktop\TP-SSCS项目\data\downloads\aistap_sim\sampledata\sampledata\simNoiseOnly\simNoiseOnly_sample.mat,0
oracle_blend,20,0.0,,simNoiseOnly,oracle_blend_k20_a0,14.140441272955629,0.0,1.0,3.468975943428399,0.003,19.752091818886655,1.0,0.0030079550486311513,43,65493,C:\Users\刘子轩\Desktop\TP-SSCS项目\data\downloads\aistap_sim\sampledata\sampledata\simNoiseOnly\simNoiseOnly_sample.mat,0
oracle_blend,20,0.0,,simNoiseOnly,oracle_blend_k20_a0,14.140441272955629,0.0,1.0,3.468975943428399,0.01,0.6075203080581612,1.0,0.010001068816514741,43,65493,C:\Users\刘子轩\Desktop\TP-SSCS项目\data\downloads\aistap_sim\sampledata\sampledata\simNoiseOnly\simNoiseOnly_sample.mat,0
oracle_blend,20,0.25,,simNoiseOnly,oracle_blend_k20_a0.25,11.115955609478618,2.363487022448418,0.5802982992871724,6.960650923782891,1e-05,5218.1674491809135,0.046511627906976744,1.526880735345762e-05,43,65493,C:\Users\刘子轩\Desktop\TP-SSCS项目\data\downloads\aistap_sim\sampledata\sampledata\simNoiseOnly\simNoiseOnly_sample.mat,0
oracle_blend,20,0.25,,simNoiseOnly,oracle_blend_k20_a0.25,11.115955609478618,2.363487022448418,0.5802982992871724,6.960650923782891,3e-05,3877.383700109242,0.13953488372093023,3.053761470691524e-05,43,65493,C:\Users\刘子轩\Desktop\TP-SSCS项目\data\downloads\aistap_sim\sampledata\sampledata\simNoiseOnly\simNoiseOnly_sample.mat,0
oracle_blend,20,0.25,,simNoiseOnly,oracle_blend_k20_a0.25,11.115955609478618,2.363487022448418,0.5802982992871724,6.960650923782891,0.0001,2738.522527019035,0.2558139534883721,0.00010688165147420336,43,65493,C:\Users\刘子轩\Desktop\TP-SSCS项目\data\downloads\aistap_sim\sampledata\sampledata\simNoiseOnly\simNoiseOnly_sample.mat,0
oracle_blend,20,0.25,,simNoiseOnly,oracle_blend_k20_a0.25,11.115955609478618,2.363487022448418,0.5802982992871724,6.960650923782891,0.0003,1443.4218199503532,0.37209302325581395,0.00030537614706915243,43,65493,C:\Users\刘子轩\Desktop\TP-SSCS项目\data\downloads\aistap_sim\sampledata\sampledata\simNoiseOnly\simNoiseOnly_sample.mat,0
oracle_blend,20,0.25,,simNoiseOnly,oracle_blend_k20_a0.25,11.115955609478618,2.363487022448418,0.5802982992871724,6.960650923782891,0.001,260.7093763485383,0.7441860465116279,0.001007741285328203,43,65493,C:\Users\刘子轩\Desktop\TP-SSCS项目\data\downloads\aistap_sim\sampledata\sampledata\simNoiseOnly\simNoiseOnly_sample.mat,0
oracle_blend,20,0.25,,simNoiseOnly,oracle_blend_k20_a0.25,11.115955609478618,2.363487022448418,0.5802982992871724,6.960650923782891,0.003,16.100823358633136,1.0,0.0030079550486311513,43,65493,C:\Users\刘子轩\Desktop\TP-SSCS项目\data\downloads\aistap_sim\sampledata\sampledata\simNoiseOnly\simNoiseOnly_sample.mat,0
oracle_blend,20,0.25,,simNoiseOnly,oracle_blend_k20_a0.25,11.115955609478618,2.363487022448418,0.5802982992871724,6.960650923782891,0.01,10.057250550266017,1.0,0.010001068816514741,43,65493,C:\Users\刘子轩\Desktop\TP-SSCS项目\data\downloads\aistap_sim\sampledata\sampledata\simNoiseOnly\simNoiseOnly_sample.mat,0
oracle_blend,20,0.5,,simNoiseOnly,oracle_blend_k20_a0.5,6.66432281305433,5.520495304224491,0.28051137020658107,19.400509433017255,1e-05,3136.7920808464523,0.09302325581395349,1.526880735345762e-05,43,65493,C:\Users\刘子轩\Desktop\TP-SSCS项目\data\downloads\aistap_sim\sampledata\sampledata\simNoiseOnly\simNoiseOnly_sample.mat,0
oracle_blend,20,0.5,,simNoiseOnly,oracle_blend_k20_a0.5,6.66432281305433,5.520495304224491,0.28051137020658107,19.400509433017255,3e-05,2657.88863583221,0.18604651162790697,3.053761470691524e-05,43,65493,C:\Users\刘子轩\Desktop\TP-SSCS项目\data\downloads\aistap_sim\sampledata\sampledata\simNoiseOnly\simNoiseOnly_sample.mat,0
oracle_blend,20,0.5,,simNoiseOnly,oracle_blend_k20_a0.5,6.66432281305433,5.520495304224491,0.28051137020658107,19.400509433017255,0.0001,1639.9136303748307,0.32558139534883723,0.00010688165147420336,43,65493,C:\Users\刘子轩\Desktop\TP-SSCS项目\data\downloads\aistap_sim\sampledata\sampledata\simNoiseOnly\simNoiseOnly_sample.mat,0
oracle_blend,20,0.5,,simNoiseOnly,oracle_blend_k20_a0.5,6.66432281305433,5.520495304224491,0.28051137020658107,19.400509433017255,0.0003,1030.6799621209782,0.46511627906976744,0.00030537614706915243,43,65493,C:\Users\刘子轩\Desktop\TP-SSCS项目\data\downloads\aistap_sim\sampledata\sampledata\simNoiseOnly\simNoiseOnly_sample.mat,0
oracle_blend,20,0.5,,simNoiseOnly,oracle_blend_k20_a0.5,6.66432281305433,5.520495304224491,0.28051137020658107,19.400509433017255,0.001,200.25728371905265,0.7674418604651163,0.001007741285328203,43,65493,C:\Users\刘子轩\Desktop\TP-SSCS项目\data\downloads\aistap_sim\sampledata\sampledata\simNoiseOnly\simNoiseOnly_sample.mat,0
oracle_blend,20,0.5,,simNoiseOnly,oracle_blend_k20_a0.5,6.66432281305433,5.520495304224491,0.28051137020658107,19.400509433017255,0.003,49.534271350172645,1.0,0.0030079550486311513,43,65493,C:\Users\刘子轩\Desktop\TP-SSCS项目\data\downloads\aistap_sim\sampledata\sampledata\simNoiseOnly\simNoiseOnly_sample.mat,0
oracle_blend,20,0.5,,simNoiseOnly,oracle_blend_k20_a0.5,6.66432281305433,5.520495304224491,0.28051137020658107,19.400509433017255,0.01,39.73932545690274,1.0,0.010001068816514741,43,65493,C:\Users\刘子轩\Desktop\TP-SSCS项目\data\downloads\aistap_sim\sampledata\sampledata\simNoiseOnly\simNoiseOnly_sample.mat,0
oracle_blend,20,0.75,,simNoiseOnly,oracle_blend_k20_a0.75,3.4370713297581945,9.972327691175607,0.10063921275822633,40.788551471131484,1e-05,2006.1425577159016,0.11627906976744186,1.526880735345762e-05,43,65493,C:\Users\刘子轩\Desktop\TP-SSCS项目\data\downloads\aistap_sim\sampledata\sampledata\simNoiseOnly\simNoiseOnly_sample.mat,0
oracle_blend,20,0.75,,simNoiseOnly,oracle_blend_k20_a0.75,3.4370713297581945,9.972327691175607,0.10063921275822633,40.788551471131484,3e-05,1809.678779839522,0.13953488372093023,3.053761470691524e-05,43,65493,C:\Users\刘子轩\Desktop\TP-SSCS项目\data\downloads\aistap_sim\sampledata\sampledata\simNoiseOnly\simNoiseOnly_sample.mat,0
oracle_blend,20,0.75,,simNoiseOnly,oracle_blend_k20_a0.75,3.4370713297581945,9.972327691175607,0.10063921275822633,40.788551471131484,0.0001,1101.9219570145738,0.4186046511627907,0.00010688165147420336,43,65493,C:\Users\刘子轩\Desktop\TP-SSCS项目\data\downloads\aistap_sim\sampledata\sampledata\simNoiseOnly\simNoiseOnly_sample.mat,0
oracle_blend,20,0.75,,simNoiseOnly,oracle_blend_k20_a0.75,3.4370713297581945,9.972327691175607,0.10063921275822633,40.788551471131484,0.0003,718.8210448703805,0.5116279069767442,0.00030537614706915243,43,65493,C:\Users\刘子轩\Desktop\TP-SSCS项目\data\downloads\aistap_sim\sampledata\sampledata\simNoiseOnly\simNoiseOnly_sample.mat,0
oracle_blend,20,0.75,,simNoiseOnly,oracle_blend_k20_a0.75,3.4370713297581945,9.972327691175607,0.10063921275822633,40.788551471131484,0.001,176.3117727667949,0.7906976744186046,0.001007741285328203,43,65493,C:\Users\刘子轩\Desktop\TP-SSCS项目\data\downloads\aistap_sim\sampledata\sampledata\simNoiseOnly\simNoiseOnly_sample.mat,0
oracle_blend,20,0.75,,simNoiseOnly,oracle_blend_k20_a0.75,3.4370713297581945,9.972327691175607,0.10063921275822633,40.788551471131484,0.003,105.16728248338089,0.9767441860465116,0.0030079550486311513,43,65493,C:\Users\刘子轩\Desktop\TP-SSCS项目\data\downloads\aistap_sim\sampledata\sampledata\simNoiseOnly\simNoiseOnly_sample.mat,0
oracle_blend,20,0.75,,simNoiseOnly,oracle_blend_k20_a0.75,3.4370713297581945,9.972327691175607,0.10063921275822633,40.788551471131484,0.01,88.2620459359151,1.0,0.010001068816514741,43,65493,C:\Users\刘子轩\Desktop\TP-SSCS项目\data\downloads\aistap_sim\sampledata\sampledata\simNoiseOnly\simNoiseOnly_sample.mat,0
oracle_blend,20,1.0,,simNoiseOnly,oracle_blend_k20_a1,1.0222449743378639,13.905995519867488,0.04068182694210805,71.12477703812559,1e-05,1421.9710771497598,0.11627906976744186,1.526880735345762e-05,43,65493,C:\Users\刘子轩\Desktop\TP-SSCS项目\data\downloads\aistap_sim\sampledata\sampledata\simNoiseOnly\simNoiseOnly_sample.mat,0
oracle_blend,20,1.0,,simNoiseOnly,oracle_blend_k20_a1,1.0222449743378639,13.905995519867488,0.04068182694210805,71.12477703812559,3e-05,1155.0841365516321,0.27906976744186046,3.053761470691524e-05,43,65493,C:\Users\刘子轩\Desktop\TP-SSCS项目\data\downloads\aistap_sim\sampledata\sampledata\simNoiseOnly\simNoiseOnly_sample.mat,0
oracle_blend,20,1.0,,simNoiseOnly,oracle_blend_k20_a1,1.0222449743378639,13.905995519867488,0.04068182694210805,71.12477703812559,0.0001,776.2697589798348,0.3953488372093023,0.00010688165147420336,43,65493,C:\Users\刘子轩\Desktop\TP-SSCS项目\data\downloads\aistap_sim\sampledata\sampledata\simNoiseOnly\simNoiseOnly_sample.mat,0
oracle_blend,20,1.0,,simNoiseOnly,oracle_blend_k20_a1,1.0222449743378639,13.905995519867488,0.04068182694210805,71.12477703812559,0.0003,466.4641176727924,0.46511627906976744,0.00030537614706915243,43,65493,C:\Users\刘子轩\Desktop\TP-SSCS项目\data\downloads\aistap_sim\sampledata\sampledata\simNoiseOnly\simNoiseOnly_sample.mat,0
oracle_blend,20,1.0,,simNoiseOnly,oracle_blend_k20_a1,1.0222449743378639,13.905995519867488,0.04068182694210805,71.12477703812559,0.001,217.71195150382093,0.7674418604651163,0.001007741285328203,43,65493,C:\Users\刘子轩\Desktop\TP-SSCS项目\data\downloads\aistap_sim\sampledata\sampledata\simNoiseOnly\simNoiseOnly_sample.mat,0
oracle_blend,20,1.0,,simNoiseOnly,oracle_blend_k20_a1,1.0222449743378639,13.905995519867488,0.04068182694210805,71.12477703812559,0.003,180.52458107162886,0.813953488372093,0.0030079550486311513,43,65493,C:\Users\刘子轩\Desktop\TP-SSCS项目\data\downloads\aistap_sim\sampledata\sampledata\simNoiseOnly\simNoiseOnly_sample.mat,0
oracle_blend,20,1.0,,simNoiseOnly,oracle_blend_k20_a1,1.0222449743378639,13.905995519867488,0.04068182694210805,71.12477703812559,0.01,155.950750945569,0.8604651162790697,0.010001068816514741,43,65493,C:\Users\刘子轩\Desktop\TP-SSCS项目\data\downloads\aistap_sim\sampledata\sampledata\simNoiseOnly\simNoiseOnly_sample.mat,0
oracle_gate,20,,50.0,simNoiseOnly,oracle_gate_k20_p50,3.6281920047213276,-0.00024374370782388453,1.0000561256377993,39.032486209415396,1e-05,8259.666061916438,0.046511627906976744,1.526880735345762e-05,43,65493,C:\Users\刘子轩\Desktop\TP-SSCS项目\data\downloads\aistap_sim\sampledata\sampledata\simNoiseOnly\simNoiseOnly_sample.mat,0
oracle_gate,20,,50.0,simNoiseOnly,oracle_gate_k20_p50,3.6281920047213276,-0.00024374370782388453,1.0000561256377993,39.032486209415396,3e-05,5966.361670191444,0.09302325581395349,3.053761470691524e-05,43,65493,C:\Users\刘子轩\Desktop\TP-SSCS项目\data\downloads\aistap_sim\sampledata\sampledata\simNoiseOnly\simNoiseOnly_sample.mat,0
oracle_gate,20,,50.0,simNoiseOnly,oracle_gate_k20_p50,3.6281920047213276,-0.00024374370782388453,1.0000561256377993,39.032486209415396,0.0001,4068.4319949616593,0.20930232558139536,0.00010688165147420336,43,65493,C:\Users\刘子轩\Desktop\TP-SSCS项目\data\downloads\aistap_sim\sampledata\sampledata\simNoiseOnly\simNoiseOnly_sample.mat,0
oracle_gate,20,,50.0,simNoiseOnly,oracle_gate_k20_p50,3.6281920047213276,-0.00024374370782388453,1.0000561256377993,39.032486209415396,0.0003,1913.6526588375905,0.32558139534883723,0.00030537614706915243,43,65493,C:\Users\刘子轩\Desktop\TP-SSCS项目\data\downloads\aistap_sim\sampledata\sampledata\simNoiseOnly\simNoiseOnly_sample.mat,0
oracle_gate,20,,50.0,simNoiseOnly,oracle_gate_k20_p50,3.6281920047213276,-0.00024374370782388453,1.0000561256377993,39.032486209415396,0.001,325.70838044098514,0.7441860465116279,0.001007741285328203,43,65493,C:\Users\刘子轩\Desktop\TP-SSCS项目\data\downloads\aistap_sim\sampledata\sampledata\simNoiseOnly\simNoiseOnly_sample.mat,0
oracle_gate,20,,50.0,simNoiseOnly,oracle_gate_k20_p50,3.6281920047213276,-0.00024374370782388453,1.0000561256377993,39.032486209415396,0.003,173.97553435099272,0.8604651162790697,0.0030079550486311513,43,65493,C:\Users\刘子轩\Desktop\TP-SSCS项目\data\downloads\aistap_sim\sampledata\sampledata\simNoiseOnly\simNoiseOnly_sample.mat,0
oracle_gate,20,,50.0,simNoiseOnly,oracle_gate_k20_p50,3.6281920047213276,-0.00024374370782388453,1.0000561256377993,39.032486209415396,0.01,144.66724686838864,0.9069767441860465,0.010001068816514741,43,65493,C:\Users\刘子轩\Desktop\TP-SSCS项目\data\downloads\aistap_sim\sampledata\sampledata\simNoiseOnly\simNoiseOnly_sample.mat,0
oracle_gate,20,,70.0,simNoiseOnly,oracle_gate_k20_p70,2.2945696458068388,-0.0005198351308295875,1.0001197036262135,53.062590810370736,1e-05,8259.666061916438,0.046511627906976744,1.526880735345762e-05,43,65493,C:\Users\刘子轩\Desktop\TP-SSCS项目\data\downloads\aistap_sim\sampledata\sampledata\simNoiseOnly\simNoiseOnly_sample.mat,0
oracle_gate,20,,70.0,simNoiseOnly,oracle_gate_k20_p70,2.2945696458068388,-0.0005198351308295875,1.0001197036262135,53.062590810370736,3e-05,5966.361670191444,0.09302325581395349,3.053761470691524e-05,43,65493,C:\Users\刘子轩\Desktop\TP-SSCS项目\data\downloads\aistap_sim\sampledata\sampledata\simNoiseOnly\simNoiseOnly_sample.mat,0
oracle_gate,20,,70.0,simNoiseOnly,oracle_gate_k20_p70,2.2945696458068388,-0.0005198351308295875,1.0001197036262135,53.062590810370736,0.0001,4068.4319949616593,0.20930232558139536,0.00010688165147420336,43,65493,C:\Users\刘子轩\Desktop\TP-SSCS项目\data\downloads\aistap_sim\sampledata\sampledata\simNoiseOnly\simNoiseOnly_sample.mat,0
oracle_gate,20,,70.0,simNoiseOnly,oracle_gate_k20_p70,2.2945696458068388,-0.0005198351308295875,1.0001197036262135,53.062590810370736,0.0003,1913.6526588375905,0.32558139534883723,0.00030537614706915243,43,65493,C:\Users\刘子轩\Desktop\TP-SSCS项目\data\downloads\aistap_sim\sampledata\sampledata\simNoiseOnly\simNoiseOnly_sample.mat,0
oracle_gate,20,,70.0,simNoiseOnly,oracle_gate_k20_p70,2.2945696458068388,-0.0005198351308295875,1.0001197036262135,53.062590810370736,0.001,325.70838044098514,0.7441860465116279,0.001007741285328203,43,65493,C:\Users\刘子轩\Desktop\TP-SSCS项目\data\downloads\aistap_sim\sampledata\sampledata\simNoiseOnly\simNoiseOnly_sample.mat,0
oracle_gate,20,,70.0,simNoiseOnly,oracle_gate_k20_p70,2.2945696458068388,-0.0005198351308295875,1.0001197036262135,53.062590810370736,0.003,179.6439391835083,0.8604651162790697,0.0030079550486311513,43,65493,C:\Users\刘子轩\Desktop\TP-SSCS项目\data\downloads\aistap_sim\sampledata\sampledata\simNoiseOnly\simNoiseOnly_sample.mat,0
oracle_gate,20,,70.0,simNoiseOnly,oracle_gate_k20_p70,2.2945696458068388,-0.0005198351308295875,1.0001197036262135,53.062590810370736,0.01,150.94187813417778,0.8837209302325582,0.010001068816514741,43,65493,C:\Users\刘子轩\Desktop\TP-SSCS项目\data\downloads\aistap_sim\sampledata\sampledata\simNoiseOnly\simNoiseOnly_sample.mat,0
oracle_gate,20,,80.0,simNoiseOnly,oracle_gate_k20_p80,1.7652913865288913,-0.0006357057421055448,1.0001463873701157,59.93993625699609,1e-05,8259.666061916438,0.046511627906976744,1.526880735345762e-05,43,65493,C:\Users\刘子轩\Desktop\TP-SSCS项目\data\downloads\aistap_sim\sampledata\sampledata\simNoiseOnly\simNoiseOnly_sample.mat,0
oracle_gate,20,,80.0,simNoiseOnly,oracle_gate_k20_p80,1.7652913865288913,-0.0006357057421055448,1.0001463873701157,59.93993625699609,3e-05,5966.361670191444,0.09302325581395349,3.053761470691524e-05,43,65493,C:\Users\刘子轩\Desktop\TP-SSCS项目\data\downloads\aistap_sim\sampledata\sampledata\simNoiseOnly\simNoiseOnly_sample.mat,0
oracle_gate,20,,80.0,simNoiseOnly,oracle_gate_k20_p80,1.7652913865288913,-0.0006357057421055448,1.0001463873701157,59.93993625699609,0.0001,4068.4319949616593,0.20930232558139536,0.00010688165147420336,43,65493,C:\Users\刘子轩\Desktop\TP-SSCS项目\data\downloads\aistap_sim\sampledata\sampledata\simNoiseOnly\simNoiseOnly_sample.mat,0
oracle_gate,20,,80.0,simNoiseOnly,oracle_gate_k20_p80,1.7652913865288913,-0.0006357057421055448,1.0001463873701157,59.93993625699609,0.0003,1913.6526588375905,0.32558139534883723,0.00030537614706915243,43,65493,C:\Users\刘子轩\Desktop\TP-SSCS项目\data\downloads\aistap_sim\sampledata\sampledata\simNoiseOnly\simNoiseOnly_sample.mat,0
oracle_gate,20,,80.0,simNoiseOnly,oracle_gate_k20_p80,1.7652913865288913,-0.0006357057421055448,1.0001463873701157,59.93993625699609,0.001,325.70838044098514,0.7441860465116279,0.001007741285328203,43,65493,C:\Users\刘子轩\Desktop\TP-SSCS项目\data\downloads\aistap_sim\sampledata\sampledata\simNoiseOnly\simNoiseOnly_sample.mat,0
oracle_gate,20,,80.0,simNoiseOnly,oracle_gate_k20_p80,1.7652913865288913,-0.0006357057421055448,1.0001463873701157,59.93993625699609,0.003,180.59156911853958,0.8604651162790697,0.0030079550486311513,43,65493,C:\Users\刘子轩\Desktop\TP-SSCS项目\data\downloads\aistap_sim\sampledata\sampledata\simNoiseOnly\simNoiseOnly_sample.mat,0
oracle_gate,20,,80.0,simNoiseOnly,oracle_gate_k20_p80,1.7652913865288913,-0.0006357057421055448,1.0001463873701157,59.93993625699609,0.01,153.08984691683528,0.8837209302325582,0.010001068816514741,43,65493,C:\Users\刘子轩\Desktop\TP-SSCS项目\data\downloads\aistap_sim\sampledata\sampledata\simNoiseOnly\simNoiseOnly_sample.mat,0
oracle_gate,20,,90.0,simNoiseOnly,oracle_gate_k20_p90,1.2940621932018965,-0.0006591300063873475,1.0001517818103987,66.80964992303497,1e-05,8259.666061916438,0.046511627906976744,1.526880735345762e-05,43,65493,C:\Users\刘子轩\Desktop\TP-SSCS项目\data\downloads\aistap_sim\sampledata\sampledata\simNoiseOnly\simNoiseOnly_sample.mat,0
oracle_gate,20,,90.0,simNoiseOnly,oracle_gate_k20_p90,1.2940621932018965,-0.0006591300063873475,1.0001517818103987,66.80964992303497,3e-05,5966.361670191444,0.09302325581395349,3.053761470691524e-05,43,65493,C:\Users\刘子轩\Desktop\TP-SSCS项目\data\downloads\aistap_sim\sampledata\sampledata\simNoiseOnly\simNoiseOnly_sample.mat,0
oracle_gate,20,,90.0,simNoiseOnly,oracle_gate_k20_p90,1.2940621932018965,-0.0006591300063873475,1.0001517818103987,66.80964992303497,0.0001,4068.4319949616593,0.20930232558139536,0.00010688165147420336,43,65493,C:\Users\刘子轩\Desktop\TP-SSCS项目\data\downloads\aistap_sim\sampledata\sampledata\simNoiseOnly\simNoiseOnly_sample.mat,0
oracle_gate,20,,90.0,simNoiseOnly,oracle_gate_k20_p90,1.2940621932018965,-0.0006591300063873475,1.0001517818103987,66.80964992303497,0.0003,1913.6526588375905,0.32558139534883723,0.00030537614706915243,43,65493,C:\Users\刘子轩\Desktop\TP-SSCS项目\data\downloads\aistap_sim\sampledata\sampledata\simNoiseOnly\simNoiseOnly_sample.mat,0
oracle_gate,20,,90.0,simNoiseOnly,oracle_gate_k20_p90,1.2940621932018965,-0.0006591300063873475,1.0001517818103987,66.80964992303497,0.001,325.70838044098514,0.7441860465116279,0.001007741285328203,43,65493,C:\Users\刘子轩\Desktop\TP-SSCS项目\data\downloads\aistap_sim\sampledata\sampledata\simNoiseOnly\simNoiseOnly_sample.mat,0
oracle_gate,20,,90.0,simNoiseOnly,oracle_gate_k20_p90,1.2940621932018965,-0.0006591300063873475,1.0001517818103987,66.80964992303497,0.003,182.10010468745202,0.8604651162790697,0.0030079550486311513,43,65493,C:\Users\刘子轩\Desktop\TP-SSCS项目\data\downloads\aistap_sim\sampledata\sampledata\simNoiseOnly\simNoiseOnly_sample.mat,0
oracle_gate,20,,90.0,simNoiseOnly,oracle_gate_k20_p90,1.2940621932018965,-0.0006591300063873475,1.0001517818103987,66.80964992303497,0.01,154.53025023583925,0.8837209302325582,0.010001068816514741,43,65493,C:\Users\刘子轩\Desktop\TP-SSCS项目\data\downloads\aistap_sim\sampledata\sampledata\simNoiseOnly\simNoiseOnly_sample.mat,0
oracle_gate,20,,95.0,simNoiseOnly,oracle_gate_k20_p95,1.0765835393400844,-0.00013021722641802917,1.0000299840739535,70.24041380969524,1e-05,8259.666061916438,0.046511627906976744,1.526880735345762e-05,43,65493,C:\Users\刘子轩\Desktop\TP-SSCS项目\data\downloads\aistap_sim\sampledata\sampledata\simNoiseOnly\simNoiseOnly_sample.mat,0
oracle_gate,20,,95.0,simNoiseOnly,oracle_gate_k20_p95,1.0765835393400844,-0.00013021722641802917,1.0000299840739535,70.24041380969524,3e-05,5966.361670191444,0.09302325581395349,3.053761470691524e-05,43,65493,C:\Users\刘子轩\Desktop\TP-SSCS项目\data\downloads\aistap_sim\sampledata\sampledata\simNoiseOnly\simNoiseOnly_sample.mat,0
oracle_gate,20,,95.0,simNoiseOnly,oracle_gate_k20_p95,1.0765835393400844,-0.00013021722641802917,1.0000299840739535,70.24041380969524,0.0001,4068.4319949616593,0.20930232558139536,0.00010688165147420336,43,65493,C:\Users\刘子轩\Desktop\TP-SSCS项目\data\downloads\aistap_sim\sampledata\sampledata\simNoiseOnly\simNoiseOnly_sample.mat,0
oracle_gate,20,,95.0,simNoiseOnly,oracle_gate_k20_p95,1.0765835393400844,-0.00013021722641802917,1.0000299840739535,70.24041380969524,0.0003,1913.6526588375905,0.32558139534883723,0.00030537614706915243,43,65493,C:\Users\刘子轩\Desktop\TP-SSCS项目\data\downloads\aistap_sim\sampledata\sampledata\simNoiseOnly\simNoiseOnly_sample.mat,0
oracle_gate,20,,95.0,simNoiseOnly,oracle_gate_k20_p95,1.0765835393400844,-0.00013021722641802917,1.0000299840739535,70.24041380969524,0.001,325.70838044098514,0.7441860465116279,0.001007741285328203,43,65493,C:\Users\刘子轩\Desktop\TP-SSCS项目\data\downloads\aistap_sim\sampledata\sampledata\simNoiseOnly\simNoiseOnly_sample.mat,0
oracle_gate,20,,95.0,simNoiseOnly,oracle_gate_k20_p95,1.0765835393400844,-0.00013021722641802917,1.0000299840739535,70.24041380969524,0.003,182.2196915065092,0.8604651162790697,0.0030079550486311513,43,65493,C:\Users\刘子轩\Desktop\TP-SSCS项目\data\downloads\aistap_sim\sampledata\sampledata\simNoiseOnly\simNoiseOnly_sample.mat,0
oracle_gate,20,,95.0,simNoiseOnly,oracle_gate_k20_p95,1.0765835393400844,-0.00013021722641802917,1.0000299840739535,70.24041380969524,0.01,155.13017345270956,0.8837209302325582,0.010001068816514741,43,65493,C:\Users\刘子轩\Desktop\TP-SSCS项目\data\downloads\aistap_sim\sampledata\sampledata\simNoiseOnly\simNoiseOnly_sample.mat,0
low_rank_residual,30,,,simNoiseOnly,low_rank_residual_k30,1.5058581610940693,19.525238054130504,0.011155170037379755,63.62965951345727,1e-05,1028.6928358480818,0.16279069767441862,1.526880735345762e-05,43,65493,C:\Users\刘子轩\Desktop\TP-SSCS项目\data\downloads\aistap_sim\sampledata\sampledata\simNoiseOnly\simNoiseOnly_sample.mat,0
low_rank_residual,30,,,simNoiseOnly,low_rank_residual_k30,1.5058581610940693,19.525238054130504,0.011155170037379755,63.62965951345727,3e-05,931.7422928664663,0.23255813953488372,3.053761470691524e-05,43,65493,C:\Users\刘子轩\Desktop\TP-SSCS项目\data\downloads\aistap_sim\sampledata\sampledata\simNoiseOnly\simNoiseOnly_sample.mat,0
low_rank_residual,30,,,simNoiseOnly,low_rank_residual_k30,1.5058581610940693,19.525238054130504,0.011155170037379755,63.62965951345727,0.0001,554.3133995242562,0.4418604651162791,0.00010688165147420336,43,65493,C:\Users\刘子轩\Desktop\TP-SSCS项目\data\downloads\aistap_sim\sampledata\sampledata\simNoiseOnly\simNoiseOnly_sample.mat,0
low_rank_residual,30,,,simNoiseOnly,low_rank_residual_k30,1.5058581610940693,19.525238054130504,0.011155170037379755,63.62965951345727,0.0003,334.9241901382619,0.627906976744186,0.00030537614706915243,43,65493,C:\Users\刘子轩\Desktop\TP-SSCS项目\data\downloads\aistap_sim\sampledata\sampledata\simNoiseOnly\simNoiseOnly_sample.mat,0
low_rank_residual,30,,,simNoiseOnly,low_rank_residual_k30,1.5058581610940693,19.525238054130504,0.011155170037379755,63.62965951345727,0.001,190.93031744736606,0.7441860465116279,0.001007741285328203,43,65493,C:\Users\刘子轩\Desktop\TP-SSCS项目\data\downloads\aistap_sim\sampledata\sampledata\simNoiseOnly\simNoiseOnly_sample.mat,0
low_rank_residual,30,,,simNoiseOnly,low_rank_residual_k30,1.5058581610940693,19.525238054130504,0.011155170037379755,63.62965951345727,0.003,161.9569317024632,0.7906976744186046,0.0030079550486311513,43,65493,C:\Users\刘子轩\Desktop\TP-SSCS项目\data\downloads\aistap_sim\sampledata\sampledata\simNoiseOnly\simNoiseOnly_sample.mat,0
low_rank_residual,30,,,simNoiseOnly,low_rank_residual_k30,1.5058581610940693,19.525238054130504,0.011155170037379755,63.62965951345727,0.01,139.5562440306498,0.8604651162790697,0.010001068816514741,43,65493,C:\Users\刘子轩\Desktop\TP-SSCS项目\data\downloads\aistap_sim\sampledata\sampledata\simNoiseOnly\simNoiseOnly_sample.mat,0
oracle_blend,30,0.0,,simNoiseOnly,oracle_blend_k30_a0,14.140441272955629,0.0,1.0,3.468975943428399,1e-05,8259.666061916438,0.046511627906976744,1.526880735345762e-05,43,65493,C:\Users\刘子轩\Desktop\TP-SSCS项目\data\downloads\aistap_sim\sampledata\sampledata\simNoiseOnly\simNoiseOnly_sample.mat,0
oracle_blend,30,0.0,,simNoiseOnly,oracle_blend_k30_a0,14.140441272955629,0.0,1.0,3.468975943428399,3e-05,5966.361670191444,0.09302325581395349,3.053761470691524e-05,43,65493,C:\Users\刘子轩\Desktop\TP-SSCS项目\data\downloads\aistap_sim\sampledata\sampledata\simNoiseOnly\simNoiseOnly_sample.mat,0
oracle_blend,30,0.0,,simNoiseOnly,oracle_blend_k30_a0,14.140441272955629,0.0,1.0,3.468975943428399,0.0001,4068.4319949616593,0.20930232558139536,0.00010688165147420336,43,65493,C:\Users\刘子轩\Desktop\TP-SSCS项目\data\downloads\aistap_sim\sampledata\sampledata\simNoiseOnly\simNoiseOnly_sample.mat,0
oracle_blend,30,0.0,,simNoiseOnly,oracle_blend_k30_a0,14.140441272955629,0.0,1.0,3.468975943428399,0.0003,1913.6526588375905,0.32558139534883723,0.00030537614706915243,43,65493,C:\Users\刘子轩\Desktop\TP-SSCS项目\data\downloads\aistap_sim\sampledata\sampledata\simNoiseOnly\simNoiseOnly_sample.mat,0
oracle_blend,30,0.0,,simNoiseOnly,oracle_blend_k30_a0,14.140441272955629,0.0,1.0,3.468975943428399,0.001,325.70838044098514,0.7441860465116279,0.001007741285328203,43,65493,C:\Users\刘子轩\Desktop\TP-SSCS项目\data\downloads\aistap_sim\sampledata\sampledata\simNoiseOnly\simNoiseOnly_sample.mat,0
oracle_blend,30,0.0,,simNoiseOnly,oracle_blend_k30_a0,14.140441272955629,0.0,1.0,3.468975943428399,0.003,19.752091818886655,1.0,0.0030079550486311513,43,65493,C:\Users\刘子轩\Desktop\TP-SSCS项目\data\downloads\aistap_sim\sampledata\sampledata\simNoiseOnly\simNoiseOnly_sample.mat,0
oracle_blend,30,0.0,,simNoiseOnly,oracle_blend_k30_a0,14.140441272955629,0.0,1.0,3.468975943428399,0.01,0.6075203080581612,1.0,0.010001068816514741,43,65493,C:\Users\刘子轩\Desktop\TP-SSCS项目\data\downloads\aistap_sim\sampledata\sampledata\simNoiseOnly\simNoiseOnly_sample.mat,0
oracle_blend,30,0.25,,simNoiseOnly,oracle_blend_k30_a0.25,11.479427316711613,2.4612568089842957,0.5673803868913536,6.401808573315824,1e-05,5118.806385711872,0.046511627906976744,1.526880735345762e-05,43,65493,C:\Users\刘子轩\Desktop\TP-SSCS项目\data\downloads\aistap_sim\sampledata\sampledata\simNoiseOnly\simNoiseOnly_sample.mat,0
oracle_blend,30,0.25,,simNoiseOnly,oracle_blend_k30_a0.25,11.479427316711613,2.4612568089842957,0.5673803868913536,6.401808573315824,3e-05,3787.9586560859047,0.11627906976744186,3.053761470691524e-05,43,65493,C:\Users\刘子轩\Desktop\TP-SSCS项目\data\downloads\aistap_sim\sampledata\sampledata\simNoiseOnly\simNoiseOnly_sample.mat,0
oracle_blend,30,0.25,,simNoiseOnly,oracle_blend_k30_a0.25,11.479427316711613,2.4612568089842957,0.5673803868913536,6.401808573315824,0.0001,2710.0256142099142,0.23255813953488372,0.00010688165147420336,43,65493,C:\Users\刘子轩\Desktop\TP-SSCS项目\data\downloads\aistap_sim\sampledata\sampledata\simNoiseOnly\simNoiseOnly_sample.mat,0
oracle_blend,30,0.25,,simNoiseOnly,oracle_blend_k30_a0.25,11.479427316711613,2.4612568089842957,0.5673803868913536,6.401808573315824,0.0003,1355.5617039951749,0.37209302325581395,0.00030537614706915243,43,65493,C:\Users\刘子轩\Desktop\TP-SSCS项目\data\downloads\aistap_sim\sampledata\sampledata\simNoiseOnly\simNoiseOnly_sample.mat,0
oracle_blend,30,0.25,,simNoiseOnly,oracle_blend_k30_a0.25,11.479427316711613,2.4612568089842957,0.5673803868913536,6.401808573315824,0.001,251.9021434229479,0.7441860465116279,0.001007741285328203,43,65493,C:\Users\刘子轩\Desktop\TP-SSCS项目\data\downloads\aistap_sim\sampledata\sampledata\simNoiseOnly\simNoiseOnly_sample.mat,0
oracle_blend,30,0.25,,simNoiseOnly,oracle_blend_k30_a0.25,11.479427316711613,2.4612568089842957,0.5673803868913536,6.401808573315824,0.003,14.961699486503841,1.0,0.0030079550486311513,43,65493,C:\Users\刘子轩\Desktop\TP-SSCS项目\data\downloads\aistap_sim\sampledata\sampledata\simNoiseOnly\simNoiseOnly_sample.mat,0
oracle_blend,30,0.25,,simNoiseOnly,oracle_blend_k30_a0.25,11.479427316711613,2.4612568089842957,0.5673803868913536,6.401808573315824,0.01,9.029635371254212,1.0,0.010001068816514741,43,65493,C:\Users\刘子轩\Desktop\TP-SSCS项目\data\downloads\aistap_sim\sampledata\sampledata\simNoiseOnly\simNoiseOnly_sample.mat,0
oracle_blend,30,0.5,,simNoiseOnly,oracle_blend_k30_a0.5,7.135414449641458,5.877640038507899,0.2583663775280349,17.406200044949777,1e-05,2896.0670059356053,0.06976744186046512,1.526880735345762e-05,43,65493,C:\Users\刘子轩\Desktop\TP-SSCS项目\data\downloads\aistap_sim\sampledata\sampledata\simNoiseOnly\simNoiseOnly_sample.mat,0
oracle_blend,30,0.5,,simNoiseOnly,oracle_blend_k30_a0.5,7.135414449641458,5.877640038507899,0.2583663775280349,17.406200044949777,3e-05,2366.3780103639506,0.18604651162790697,3.053761470691524e-05,43,65493,C:\Users\刘子轩\Desktop\TP-SSCS项目\data\downloads\aistap_sim\sampledata\sampledata\simNoiseOnly\simNoiseOnly_sample.mat,0
oracle_blend,30,0.5,,simNoiseOnly,oracle_blend_k30_a0.5,7.135414449641458,5.877640038507899,0.2583663775280349,17.406200044949777,0.0001,1517.3343212232908,0.32558139534883723,0.00010688165147420336,43,65493,C:\Users\刘子轩\Desktop\TP-SSCS项目\data\downloads\aistap_sim\sampledata\sampledata\simNoiseOnly\simNoiseOnly_sample.mat,0
oracle_blend,30,0.5,,simNoiseOnly,oracle_blend_k30_a0.5,7.135414449641458,5.877640038507899,0.2583663775280349,17.406200044949777,0.0003,924.4598518294924,0.46511627906976744,0.00030537614706915243,43,65493,C:\Users\刘子轩\Desktop\TP-SSCS项目\data\downloads\aistap_sim\sampledata\sampledata\simNoiseOnly\simNoiseOnly_sample.mat,0
oracle_blend,30,0.5,,simNoiseOnly,oracle_blend_k30_a0.5,7.135414449641458,5.877640038507899,0.2583663775280349,17.406200044949777,0.001,179.99523625463394,0.7906976744186046,0.001007741285328203,43,65493,C:\Users\刘子轩\Desktop\TP-SSCS项目\data\downloads\aistap_sim\sampledata\sampledata\simNoiseOnly\simNoiseOnly_sample.mat,0
oracle_blend,30,0.5,,simNoiseOnly,oracle_blend_k30_a0.5,7.135414449641458,5.877640038507899,0.2583663775280349,17.406200044949777,0.003,44.1429201044113,1.0,0.0030079550486311513,43,65493,C:\Users\刘子轩\Desktop\TP-SSCS项目\data\downloads\aistap_sim\sampledata\sampledata\simNoiseOnly\simNoiseOnly_sample.mat,0
oracle_blend,30,0.5,,simNoiseOnly,oracle_blend_k30_a0.5,7.135414449641458,5.877640038507899,0.2583663775280349,17.406200044949777,0.01,35.50321032385026,1.0,0.010001068816514741,43,65493,C:\Users\刘子轩\Desktop\TP-SSCS项目\data\downloads\aistap_sim\sampledata\sampledata\simNoiseOnly\simNoiseOnly_sample.mat,0
oracle_blend,30,0.75,,simNoiseOnly,oracle_blend_k30_a0.75,3.9216498649052256,11.36927247055173,0.07295797191004358,36.48215035833026,1e-05,1633.8178902556815,0.11627906976744186,1.526880735345762e-05,43,65493,C:\Users\刘子轩\Desktop\TP-SSCS项目\data\downloads\aistap_sim\sampledata\sampledata\simNoiseOnly\simNoiseOnly_sample.mat,0
oracle_blend,30,0.75,,simNoiseOnly,oracle_blend_k30_a0.75,3.9216498649052256,11.36927247055173,0.07295797191004358,36.48215035833026,3e-05,1498.4443581891244,0.16279069767441862,3.053761470691524e-05,43,65493,C:\Users\刘子轩\Desktop\TP-SSCS项目\data\downloads\aistap_sim\sampledata\sampledata\simNoiseOnly\simNoiseOnly_sample.mat,0
oracle_blend,30,0.75,,simNoiseOnly,oracle_blend_k30_a0.75,3.9216498649052256,11.36927247055173,0.07295797191004358,36.48215035833026,0.0001,910.8019599881661,0.4186046511627907,0.00010688165147420336,43,65493,C:\Users\刘子轩\Desktop\TP-SSCS项目\data\downloads\aistap_sim\sampledata\sampledata\simNoiseOnly\simNoiseOnly_sample.mat,0
oracle_blend,30,0.75,,simNoiseOnly,oracle_blend_k30_a0.75,3.9216498649052256,11.36927247055173,0.07295797191004358,36.48215035833026,0.0003,543.0005238087679,0.5348837209302325,0.00030537614706915243,43,65493,C:\Users\刘子轩\Desktop\TP-SSCS项目\data\downloads\aistap_sim\sampledata\sampledata\simNoiseOnly\simNoiseOnly_sample.mat,0
oracle_blend,30,0.75,,simNoiseOnly,oracle_blend_k30_a0.75,3.9216498649052256,11.36927247055173,0.07295797191004358,36.48215035833026,0.001,144.17086098040528,0.8372093023255814,0.001007741285328203,43,65493,C:\Users\刘子轩\Desktop\TP-SSCS项目\data\downloads\aistap_sim\sampledata\sampledata\simNoiseOnly\simNoiseOnly_sample.mat,0
oracle_blend,30,0.75,,simNoiseOnly,oracle_blend_k30_a0.75,3.9216498649052256,11.36927247055173,0.07295797191004358,36.48215035833026,0.003,93.07755962226642,0.9534883720930233,0.0030079550486311513,43,65493,C:\Users\刘子轩\Desktop\TP-SSCS项目\data\downloads\aistap_sim\sampledata\sampledata\simNoiseOnly\simNoiseOnly_sample.mat,0
oracle_blend,30,0.75,,simNoiseOnly,oracle_blend_k30_a0.75,3.9216498649052256,11.36927247055173,0.07295797191004358,36.48215035833026,0.01,79.15216436013462,0.9767441860465116,0.010001068816514741,43,65493,C:\Users\刘子轩\Desktop\TP-SSCS项目\data\downloads\aistap_sim\sampledata\sampledata\simNoiseOnly\simNoiseOnly_sample.mat,0
oracle_blend,30,1.0,,simNoiseOnly,oracle_blend_k30_a1,1.5058581610940693,19.525238054130504,0.011155170037379755,63.62965951345727,1e-05,1028.6928358480818,0.16279069767441862,1.526880735345762e-05,43,65493,C:\Users\刘子轩\Desktop\TP-SSCS项目\data\downloads\aistap_sim\sampledata\sampledata\simNoiseOnly\simNoiseOnly_sample.mat,0
oracle_blend,30,1.0,,simNoiseOnly,oracle_blend_k30_a1,1.5058581610940693,19.525238054130504,0.011155170037379755,63.62965951345727,3e-05,931.7422928664663,0.23255813953488372,3.053761470691524e-05,43,65493,C:\Users\刘子轩\Desktop\TP-SSCS项目\data\downloads\aistap_sim\sampledata\sampledata\simNoiseOnly\simNoiseOnly_sample.mat,0
oracle_blend,30,1.0,,simNoiseOnly,oracle_blend_k30_a1,1.5058581610940693,19.525238054130504,0.011155170037379755,63.62965951345727,0.0001,554.3133995242562,0.4418604651162791,0.00010688165147420336,43,65493,C:\Users\刘子轩\Desktop\TP-SSCS项目\data\downloads\aistap_sim\sampledata\sampledata\simNoiseOnly\simNoiseOnly_sample.mat,0
oracle_blend,30,1.0,,simNoiseOnly,oracle_blend_k30_a1,1.5058581610940693,19.525238054130504,0.011155170037379755,63.62965951345727,0.0003,334.9241901382619,0.627906976744186,0.00030537614706915243,43,65493,C:\Users\刘子轩\Desktop\TP-SSCS项目\data\downloads\aistap_sim\sampledata\sampledata\simNoiseOnly\simNoiseOnly_sample.mat,0
oracle_blend,30,1.0,,simNoiseOnly,oracle_blend_k30_a1,1.5058581610940693,19.525238054130504,0.011155170037379755,63.62965951345727,0.001,190.93031744736606,0.7441860465116279,0.001007741285328203,43,65493,C:\Users\刘子轩\Desktop\TP-SSCS项目\data\downloads\aistap_sim\sampledata\sampledata\simNoiseOnly\simNoiseOnly_sample.mat,0
oracle_blend,30,1.0,,simNoiseOnly,oracle_blend_k30_a1,1.5058581610940693,19.525238054130504,0.011155170037379755,63.62965951345727,0.003,161.9569317024632,0.7906976744186046,0.0030079550486311513,43,65493,C:\Users\刘子轩\Desktop\TP-SSCS项目\data\downloads\aistap_sim\sampledata\sampledata\simNoiseOnly\simNoiseOnly_sample.mat,0
oracle_blend,30,1.0,,simNoiseOnly,oracle_blend_k30_a1,1.5058581610940693,19.525238054130504,0.011155170037379755,63.62965951345727,0.01,139.5562440306498,0.8604651162790697,0.010001068816514741,43,65493,C:\Users\刘子轩\Desktop\TP-SSCS项目\data\downloads\aistap_sim\sampledata\sampledata\simNoiseOnly\simNoiseOnly_sample.mat,0
oracle_gate,30,,50.0,simNoiseOnly,oracle_gate_k30_p50,4.060791843944195,-3.110573495763564e-05,1.0000071623858118,35.33183804334699,1e-05,8259.666061916438,0.046511627906976744,1.526880735345762e-05,43,65493,C:\Users\刘子轩\Desktop\TP-SSCS项目\data\downloads\aistap_sim\sampledata\sampledata\simNoiseOnly\simNoiseOnly_sample.mat,0
oracle_gate,30,,50.0,simNoiseOnly,oracle_gate_k30_p50,4.060791843944195,-3.110573495763564e-05,1.0000071623858118,35.33183804334699,3e-05,5966.361670191444,0.09302325581395349,3.053761470691524e-05,43,65493,C:\Users\刘子轩\Desktop\TP-SSCS项目\data\downloads\aistap_sim\sampledata\sampledata\simNoiseOnly\simNoiseOnly_sample.mat,0
oracle_gate,30,,50.0,simNoiseOnly,oracle_gate_k30_p50,4.060791843944195,-3.110573495763564e-05,1.0000071623858118,35.33183804334699,0.0001,4068.4319949616593,0.20930232558139536,0.00010688165147420336,43,65493,C:\Users\刘子轩\Desktop\TP-SSCS项目\data\downloads\aistap_sim\sampledata\sampledata\simNoiseOnly\simNoiseOnly_sample.mat,0
oracle_gate,30,,50.0,simNoiseOnly,oracle_gate_k30_p50,4.060791843944195,-3.110573495763564e-05,1.0000071623858118,35.33183804334699,0.0003,1913.6526588375905,0.32558139534883723,0.00030537614706915243,43,65493,C:\Users\刘子轩\Desktop\TP-SSCS项目\data\downloads\aistap_sim\sampledata\sampledata\simNoiseOnly\simNoiseOnly_sample.mat,0
oracle_gate,30,,50.0,simNoiseOnly,oracle_gate_k30_p50,4.060791843944195,-3.110573495763564e-05,1.0000071623858118,35.33183804334699,0.001,325.70838044098514,0.7441860465116279,0.001007741285328203,43,65493,C:\Users\刘子轩\Desktop\TP-SSCS项目\data\downloads\aistap_sim\sampledata\sampledata\simNoiseOnly\simNoiseOnly_sample.mat,0
oracle_gate,30,,50.0,simNoiseOnly,oracle_gate_k30_p50,4.060791843944195,-3.110573495763564e-05,1.0000071623858118,35.33183804334699,0.003,155.6594134205599,0.8837209302325582,0.0030079550486311513,43,65493,C:\Users\刘子轩\Desktop\TP-SSCS项目\data\downloads\aistap_sim\sampledata\sampledata\simNoiseOnly\simNoiseOnly_sample.mat,0
oracle_gate,30,,50.0,simNoiseOnly,oracle_gate_k30_p50,4.060791843944195,-3.110573495763564e-05,1.0000071623858118,35.33183804334699,0.01,130.15604004380813,0.9069767441860465,0.010001068816514741,43,65493,C:\Users\刘子轩\Desktop\TP-SSCS项目\data\downloads\aistap_sim\sampledata\sampledata\simNoiseOnly\simNoiseOnly_sample.mat,0
oracle_gate,30,,70.0,simNoiseOnly,oracle_gate_k30_p70,2.73749943863852,-0.0001910896349603477,1.0000440009825033,47.917645644072515,1e-05,8259.666061916438,0.046511627906976744,1.526880735345762e-05,43,65493,C:\Users\刘子轩\Desktop\TP-SSCS项目\data\downloads\aistap_sim\sampledata\sampledata\simNoiseOnly\simNoiseOnly_sample.mat,0
oracle_gate,30,,70.0,simNoiseOnly,oracle_gate_k30_p70,2.73749943863852,-0.0001910896349603477,1.0000440009825033,47.917645644072515,3e-05,5966.361670191444,0.09302325581395349,3.053761470691524e-05,43,65493,C:\Users\刘子轩\Desktop\TP-SSCS项目\data\downloads\aistap_sim\sampledata\sampledata\simNoiseOnly\simNoiseOnly_sample.mat,0
oracle_gate,30,,70.0,simNoiseOnly,oracle_gate_k30_p70,2.73749943863852,-0.0001910896349603477,1.0000440009825033,47.917645644072515,0.0001,4068.4319949616593,0.20930232558139536,0.00010688165147420336,43,65493,C:\Users\刘子轩\Desktop\TP-SSCS项目\data\downloads\aistap_sim\sampledata\sampledata\simNoiseOnly\simNoiseOnly_sample.mat,0
oracle_gate,30,,70.0,simNoiseOnly,oracle_gate_k30_p70,2.73749943863852,-0.0001910896349603477,1.0000440009825033,47.917645644072515,0.0003,1913.6526588375905,0.32558139534883723,0.00030537614706915243,43,65493,C:\Users\刘子轩\Desktop\TP-SSCS项目\data\downloads\aistap_sim\sampledata\sampledata\simNoiseOnly\simNoiseOnly_sample.mat,0
oracle_gate,30,,70.0,simNoiseOnly,oracle_gate_k30_p70,2.73749943863852,-0.0001910896349603477,1.0000440009825033,47.917645644072515,0.001,325.70838044098514,0.7441860465116279,0.001007741285328203,43,65493,C:\Users\刘子轩\Desktop\TP-SSCS项目\data\downloads\aistap_sim\sampledata\sampledata\simNoiseOnly\simNoiseOnly_sample.mat,0
oracle_gate,30,,70.0,simNoiseOnly,oracle_gate_k30_p70,2.73749943863852,-0.0001910896349603477,1.0000440009825033,47.917645644072515,0.003,161.9569317024632,0.8837209302325582,0.0030079550486311513,43,65493,C:\Users\刘子轩\Desktop\TP-SSCS项目\data\downloads\aistap_sim\sampledata\sampledata\simNoiseOnly\simNoiseOnly_sample.mat,0
oracle_gate,30,,70.0,simNoiseOnly,oracle_gate_k30_p70,2.73749943863852,-0.0001910896349603477,1.0000440009825033,47.917645644072515,0.01,136.30506564069336,0.9069767441860465,0.010001068816514741,43,65493,C:\Users\刘子轩\Desktop\TP-SSCS项目\data\downloads\aistap_sim\sampledata\sampledata\simNoiseOnly\simNoiseOnly_sample.mat,0
oracle_gate,30,,80.0,simNoiseOnly,oracle_gate_k30_p80,2.211732361616687,-0.0005223068173801408,1.0001202728213627,54.084420317099884,1e-05,8259.666061916438,0.046511627906976744,1.526880735345762e-05,43,65493,C:\Users\刘子轩\Desktop\TP-SSCS项目\data\downloads\aistap_sim\sampledata\sampledata\simNoiseOnly\simNoiseOnly_sample.mat,0
oracle_gate,30,,80.0,simNoiseOnly,oracle_gate_k30_p80,2.211732361616687,-0.0005223068173801408,1.0001202728213627,54.084420317099884,3e-05,5966.361670191444,0.09302325581395349,3.053761470691524e-05,43,65493,C:\Users\刘子轩\Desktop\TP-SSCS项目\data\downloads\aistap_sim\sampledata\sampledata\simNoiseOnly\simNoiseOnly_sample.mat,0
oracle_gate,30,,80.0,simNoiseOnly,oracle_gate_k30_p80,2.211732361616687,-0.0005223068173801408,1.0001202728213627,54.084420317099884,0.0001,4068.4319949616593,0.20930232558139536,0.00010688165147420336,43,65493,C:\Users\刘子轩\Desktop\TP-SSCS项目\data\downloads\aistap_sim\sampledata\sampledata\simNoiseOnly\simNoiseOnly_sample.mat,0
oracle_gate,30,,80.0,simNoiseOnly,oracle_gate_k30_p80,2.211732361616687,-0.0005223068173801408,1.0001202728213627,54.084420317099884,0.0003,1913.6526588375905,0.32558139534883723,0.00030537614706915243,43,65493,C:\Users\刘子轩\Desktop\TP-SSCS项目\data\downloads\aistap_sim\sampledata\sampledata\simNoiseOnly\simNoiseOnly_sample.mat,0
oracle_gate,30,,80.0,simNoiseOnly,oracle_gate_k30_p80,2.211732361616687,-0.0005223068173801408,1.0001202728213627,54.084420317099884,0.001,325.70838044098514,0.7441860465116279,0.001007741285328203,43,65493,C:\Users\刘子轩\Desktop\TP-SSCS项目\data\downloads\aistap_sim\sampledata\sampledata\simNoiseOnly\simNoiseOnly_sample.mat,0
oracle_gate,30,,80.0,simNoiseOnly,oracle_gate_k30_p80,2.211732361616687,-0.0005223068173801408,1.0001202728213627,54.084420317099884,0.003,163.24110078374665,0.8837209302325582,0.0030079550486311513,43,65493,C:\Users\刘子轩\Desktop\TP-SSCS项目\data\downloads\aistap_sim\sampledata\sampledata\simNoiseOnly\simNoiseOnly_sample.mat,0
oracle_gate,30,,80.0,simNoiseOnly,oracle_gate_k30_p80,2.211732361616687,-0.0005223068173801408,1.0001202728213627,54.084420317099884,0.01,137.43425019752814,0.9069767441860465,0.010001068816514741,43,65493,C:\Users\刘子轩\Desktop\TP-SSCS项目\data\downloads\aistap_sim\sampledata\sampledata\simNoiseOnly\simNoiseOnly_sample.mat,0
oracle_gate,30,,90.0,simNoiseOnly,oracle_gate_k30_p90,1.7427475366919642,-0.0012875531488900655,1.0002965140203013,60.25188822407935,1e-05,8259.666061916438,0.046511627906976744,1.526880735345762e-05,43,65493,C:\Users\刘子轩\Desktop\TP-SSCS项目\data\downloads\aistap_sim\sampledata\sampledata\simNoiseOnly\simNoiseOnly_sample.mat,0
oracle_gate,30,,90.0,simNoiseOnly,oracle_gate_k30_p90,1.7427475366919642,-0.0012875531488900655,1.0002965140203013,60.25188822407935,3e-05,5966.361670191444,0.09302325581395349,3.053761470691524e-05,43,65493,C:\Users\刘子轩\Desktop\TP-SSCS项目\data\downloads\aistap_sim\sampledata\sampledata\simNoiseOnly\simNoiseOnly_sample.mat,0
oracle_gate,30,,90.0,simNoiseOnly,oracle_gate_k30_p90,1.7427475366919642,-0.0012875531488900655,1.0002965140203013,60.25188822407935,0.0001,4068.4319949616593,0.20930232558139536,0.00010688165147420336,43,65493,C:\Users\刘子轩\Desktop\TP-SSCS项目\data\downloads\aistap_sim\sampledata\sampledata\simNoiseOnly\simNoiseOnly_sample.mat,0
oracle_gate,30,,90.0,simNoiseOnly,oracle_gate_k30_p90,1.7427475366919642,-0.0012875531488900655,1.0002965140203013,60.25188822407935,0.0003,1913.6526588375905,0.32558139534883723,0.00030537614706915243,43,65493,C:\Users\刘子轩\Desktop\TP-SSCS项目\data\downloads\aistap_sim\sampledata\sampledata\simNoiseOnly\simNoiseOnly_sample.mat,0
oracle_gate,30,,90.0,simNoiseOnly,oracle_gate_k30_p90,1.7427475366919642,-0.0012875531488900655,1.0002965140203013,60.25188822407935,0.001,325.70838044098514,0.7441860465116279,0.001007741285328203,43,65493,C:\Users\刘子轩\Desktop\TP-SSCS项目\data\downloads\aistap_sim\sampledata\sampledata\simNoiseOnly\simNoiseOnly_sample.mat,0
oracle_gate,30,,90.0,simNoiseOnly,oracle_gate_k30_p90,1.7427475366919642,-0.0012875531488900655,1.0002965140203013,60.25188822407935,0.003,164.48634807206926,0.8837209302325582,0.0030079550486311513,43,65493,C:\Users\刘子轩\Desktop\TP-SSCS项目\data\downloads\aistap_sim\sampledata\sampledata\simNoiseOnly\simNoiseOnly_sample.mat,0
oracle_gate,30,,90.0,simNoiseOnly,oracle_gate_k30_p90,1.7427475366919642,-0.0012875531488900655,1.0002965140203013,60.25188822407935,0.01,139.0082088791455,0.9069767441860465,0.010001068816514741,43,65493,C:\Users\刘子轩\Desktop\TP-SSCS项目\data\downloads\aistap_sim\sampledata\sampledata\simNoiseOnly\simNoiseOnly_sample.mat,0
oracle_gate,30,,95.0,simNoiseOnly,oracle_gate_k30_p95,1.52505681730295,-0.0010297066480498612,1.0002371268279182,63.34899562324,1e-05,8259.666061916438,0.046511627906976744,1.526880735345762e-05,43,65493,C:\Users\刘子轩\Desktop\TP-SSCS项目\data\downloads\aistap_sim\sampledata\sampledata\simNoiseOnly\simNoiseOnly_sample.mat,0
oracle_gate,30,,95.0,simNoiseOnly,oracle_gate_k30_p95,1.52505681730295,-0.0010297066480498612,1.0002371268279182,63.34899562324,3e-05,5966.361670191444,0.09302325581395349,3.053761470691524e-05,43,65493,C:\Users\刘子轩\Desktop\TP-SSCS项目\data\downloads\aistap_sim\sampledata\sampledata\simNoiseOnly\simNoiseOnly_sample.mat,0
oracle_gate,30,,95.0,simNoiseOnly,oracle_gate_k30_p95,1.52505681730295,-0.0010297066480498612,1.0002371268279182,63.34899562324,0.0001,4068.4319949616593,0.20930232558139536,0.00010688165147420336,43,65493,C:\Users\刘子轩\Desktop\TP-SSCS项目\data\downloads\aistap_sim\sampledata\sampledata\simNoiseOnly\simNoiseOnly_sample.mat,0
oracle_gate,30,,95.0,simNoiseOnly,oracle_gate_k30_p95,1.52505681730295,-0.0010297066480498612,1.0002371268279182,63.34899562324,0.0003,1913.6526588375905,0.32558139534883723,0.00030537614706915243,43,65493,C:\Users\刘子轩\Desktop\TP-SSCS项目\data\downloads\aistap_sim\sampledata\sampledata\simNoiseOnly\simNoiseOnly_sample.mat,0
oracle_gate,30,,95.0,simNoiseOnly,oracle_gate_k30_p95,1.52505681730295,-0.0010297066480498612,1.0002371268279182,63.34899562324,0.001,325.70838044098514,0.7441860465116279,0.001007741285328203,43,65493,C:\Users\刘子轩\Desktop\TP-SSCS项目\data\downloads\aistap_sim\sampledata\sampledata\simNoiseOnly\simNoiseOnly_sample.mat,0
oracle_gate,30,,95.0,simNoiseOnly,oracle_gate_k30_p95,1.52505681730295,-0.0010297066480498612,1.0002371268279182,63.34899562324,0.003,164.7360990136916,0.8837209302325582,0.0030079550486311513,43,65493,C:\Users\刘子轩\Desktop\TP-SSCS项目\data\downloads\aistap_sim\sampledata\sampledata\simNoiseOnly\simNoiseOnly_sample.mat,0
oracle_gate,30,,95.0,simNoiseOnly,oracle_gate_k30_p95,1.52505681730295,-0.0010297066480498612,1.0002371268279182,63.34899562324,0.01,139.42037683522244,0.9069767441860465,0.010001068816514741,43,65493,C:\Users\刘子轩\Desktop\TP-SSCS项目\data\downloads\aistap_sim\sampledata\sampledata\simNoiseOnly\simNoiseOnly_sample.mat,0
trainable_gate,30,,,simNoiseOnly,trainable_gate_rank30,1.3308213316703421,0.3933022315414098,0.913418444191442,66.24655248884379,1e-05,8468.254891747109,0.046511627906976744,1.526880735345762e-05,43,65493,C:\Users\刘子轩\Desktop\TP-SSCS项目\data\downloads\aistap_sim\sampledata\sampledata\simNoiseOnly\simNoiseOnly_sample.mat,0
trainable_gate,30,,,simNoiseOnly,trainable_gate_rank30,1.3308213316703421,0.3933022315414098,0.913418444191442,66.24655248884379,3e-05,5790.191092529735,0.11627906976744186,3.053761470691524e-05,43,65493,C:\Users\刘子轩\Desktop\TP-SSCS项目\data\downloads\aistap_sim\sampledata\sampledata\simNoiseOnly\simNoiseOnly_sample.mat,0
trainable_gate,30,,,simNoiseOnly,trainable_gate_rank30,1.3308213316703421,0.3933022315414098,0.913418444191442,66.24655248884379,0.0001,3459.417265387517,0.2558139534883721,0.00010688165147420336,43,65493,C:\Users\刘子轩\Desktop\TP-SSCS项目\data\downloads\aistap_sim\sampledata\sampledata\simNoiseOnly\simNoiseOnly_sample.mat,0
trainable_gate,30,,,simNoiseOnly,trainable_gate_rank30,1.3308213316703421,0.3933022315414098,0.913418444191442,66.24655248884379,0.0003,1578.7716900212058,0.37209302325581395,0.00030537614706915243,43,65493,C:\Users\刘子轩\Desktop\TP-SSCS项目\data\downloads\aistap_sim\sampledata\sampledata\simNoiseOnly\simNoiseOnly_sample.mat,0
trainable_gate,30,,,simNoiseOnly,trainable_gate_rank30,1.3308213316703421,0.3933022315414098,0.913418444191442,66.24655248884379,0.001,229.88069515549515,0.7906976744186046,0.001007741285328203,43,65493,C:\Users\刘子轩\Desktop\TP-SSCS项目\data\downloads\aistap_sim\sampledata\sampledata\simNoiseOnly\simNoiseOnly_sample.mat,0
trainable_gate,30,,,simNoiseOnly,trainable_gate_rank30,1.3308213316703421,0.3933022315414098,0.913418444191442,66.24655248884379,0.003,167.34084376345805,0.8372093023255814,0.0030079550486311513,43,65493,C:\Users\刘子轩\Desktop\TP-SSCS项目\data\downloads\aistap_sim\sampledata\sampledata\simNoiseOnly\simNoiseOnly_sample.mat,0
trainable_gate,30,,,simNoiseOnly,trainable_gate_rank30,1.3308213316703421,0.3933022315414098,0.913418444191442,66.24655248884379,0.01,141.77842738507158,0.8604651162790697,0.010001068816514741,43,65493,C:\Users\刘子轩\Desktop\TP-SSCS项目\data\downloads\aistap_sim\sampledata\sampledata\simNoiseOnly\simNoiseOnly_sample.mat,0
raw,0,,,simWind,raw,0.0,0.0,1.0,46.833847657670916,1e-05,8616.68416578504,0.046511627906976744,1.526880735345762e-05,43,65493,C:\Users\刘子轩\Desktop\TP-SSCS项目\data\downloads\aistap_sim\sampledata\sampledata\simWind\simWind_sample.mat,0
raw,0,,,simWind,raw,0.0,0.0,1.0,46.833847657670916,3e-05,6624.480152864272,0.09302325581395349,3.053761470691524e-05,43,65493,C:\Users\刘子轩\Desktop\TP-SSCS项目\data\downloads\aistap_sim\sampledata\sampledata\simWind\simWind_sample.mat,0
raw,0,,,simWind,raw,0.0,0.0,1.0,46.833847657670916,0.0001,6002.704428609053,0.09302325581395349,0.00010688165147420336,43,65493,C:\Users\刘子轩\Desktop\TP-SSCS项目\data\downloads\aistap_sim\sampledata\sampledata\simWind\simWind_sample.mat,0
raw,0,,,simWind,raw,0.0,0.0,1.0,46.833847657670916,0.0003,4167.557688596562,0.18604651162790697,0.00030537614706915243,43,65493,C:\Users\刘子轩\Desktop\TP-SSCS项目\data\downloads\aistap_sim\sampledata\sampledata\simWind\simWind_sample.mat,0
raw,0,,,simWind,raw,0.0,0.0,1.0,46.833847657670916,0.001,2664.77103568016,0.3023255813953488,0.001007741285328203,43,65493,C:\Users\刘子轩\Desktop\TP-SSCS项目\data\downloads\aistap_sim\sampledata\sampledata\simWind\simWind_sample.mat,0
raw,0,,,simWind,raw,0.0,0.0,1.0,46.833847657670916,0.003,1863.5932502080925,0.32558139534883723,0.0030079550486311513,43,65493,C:\Users\刘子轩\Desktop\TP-SSCS项目\data\downloads\aistap_sim\sampledata\sampledata\simWind\simWind_sample.mat,0
raw,0,,,simWind,raw,0.0,0.0,1.0,46.833847657670916,0.01,985.5013435885612,0.5348837209302325,0.010001068816514741,43,65493,C:\Users\刘子轩\Desktop\TP-SSCS项目\data\downloads\aistap_sim\sampledata\sampledata\simWind\simWind_sample.mat,0
low_rank_residual,5,,,simWind,low_rank_residual_k5,6.097892609235548,3.714524677454696,0.4251552362492702,11.501926234432943,1e-05,8138.402586346896,0.046511627906976744,1.526880735345762e-05,43,65493,C:\Users\刘子轩\Desktop\TP-SSCS项目\data\downloads\aistap_sim\sampledata\sampledata\simWind\simWind_sample.mat,0
low_rank_residual,5,,,simWind,low_rank_residual_k5,6.097892609235548,3.714524677454696,0.4251552362492702,11.501926234432943,3e-05,5811.33920958984,0.11627906976744186,3.053761470691524e-05,43,65493,C:\Users\刘子轩\Desktop\TP-SSCS项目\data\downloads\aistap_sim\sampledata\sampledata\simWind\simWind_sample.mat,0
low_rank_residual,5,,,simWind,low_rank_residual_k5,6.097892609235548,3.714524677454696,0.4251552362492702,11.501926234432943,0.0001,3961.3546601736307,0.18604651162790697,0.00010688165147420336,43,65493,C:\Users\刘子轩\Desktop\TP-SSCS项目\data\downloads\aistap_sim\sampledata\sampledata\simWind\simWind_sample.mat,0
low_rank_residual,5,,,simWind,low_rank_residual_k5,6.097892609235548,3.714524677454696,0.4251552362492702,11.501926234432943,0.0003,1840.3930591439348,0.32558139534883723,0.00030537614706915243,43,65493,C:\Users\刘子轩\Desktop\TP-SSCS项目\data\downloads\aistap_sim\sampledata\sampledata\simWind\simWind_sample.mat,0
low_rank_residual,5,,,simWind,low_rank_residual_k5,6.097892609235548,3.714524677454696,0.4251552362492702,11.501926234432943,0.001,339.3136203634461,0.7441860465116279,0.001007741285328203,43,65493,C:\Users\刘子轩\Desktop\TP-SSCS项目\data\downloads\aistap_sim\sampledata\sampledata\simWind\simWind_sample.mat,0
low_rank_residual,5,,,simWind,low_rank_residual_k5,6.097892609235548,3.714524677454696,0.4251552362492702,11.501926234432943,0.003,138.66791119481724,0.9069767441860465,0.0030079550486311513,43,65493,C:\Users\刘子轩\Desktop\TP-SSCS项目\data\downloads\aistap_sim\sampledata\sampledata\simWind\simWind_sample.mat,0
low_rank_residual,5,,,simWind,low_rank_residual_k5,6.097892609235548,3.714524677454696,0.4251552362492702,11.501926234432943,0.01,78.1669129192875,0.9767441860465116,0.010001068816514741,43,65493,C:\Users\刘子轩\Desktop\TP-SSCS项目\data\downloads\aistap_sim\sampledata\sampledata\simWind\simWind_sample.mat,0
oracle_blend,5,0.0,,simWind,oracle_blend_k5_a0,11.303585508058614,0.0,1.0,3.468975943428399,1e-05,8259.666061916438,0.046511627906976744,1.526880735345762e-05,43,65493,C:\Users\刘子轩\Desktop\TP-SSCS项目\data\downloads\aistap_sim\sampledata\sampledata\simWind\simWind_sample.mat,0
oracle_blend,5,0.0,,simWind,oracle_blend_k5_a0,11.303585508058614,0.0,1.0,3.468975943428399,3e-05,5966.361670191444,0.09302325581395349,3.053761470691524e-05,43,65493,C:\Users\刘子轩\Desktop\TP-SSCS项目\data\downloads\aistap_sim\sampledata\sampledata\simWind\simWind_sample.mat,0
oracle_blend,5,0.0,,simWind,oracle_blend_k5_a0,11.303585508058614,0.0,1.0,3.468975943428399,0.0001,4068.4319949616593,0.20930232558139536,0.00010688165147420336,43,65493,C:\Users\刘子轩\Desktop\TP-SSCS项目\data\downloads\aistap_sim\sampledata\sampledata\simWind\simWind_sample.mat,0
oracle_blend,5,0.0,,simWind,oracle_blend_k5_a0,11.303585508058614,0.0,1.0,3.468975943428399,0.0003,1913.6526588375905,0.32558139534883723,0.00030537614706915243,43,65493,C:\Users\刘子轩\Desktop\TP-SSCS项目\data\downloads\aistap_sim\sampledata\sampledata\simWind\simWind_sample.mat,0
oracle_blend,5,0.0,,simWind,oracle_blend_k5_a0,11.303585508058614,0.0,1.0,3.468975943428399,0.001,325.70838044098514,0.7441860465116279,0.001007741285328203,43,65493,C:\Users\刘子轩\Desktop\TP-SSCS项目\data\downloads\aistap_sim\sampledata\sampledata\simWind\simWind_sample.mat,0
oracle_blend,5,0.0,,simWind,oracle_blend_k5_a0,11.303585508058614,0.0,1.0,3.468975943428399,0.003,19.752091818886655,1.0,0.0030079550486311513,43,65493,C:\Users\刘子轩\Desktop\TP-SSCS项目\data\downloads\aistap_sim\sampledata\sampledata\simWind\simWind_sample.mat,0
oracle_blend,5,0.0,,simWind,oracle_blend_k5_a0,11.303585508058614,0.0,1.0,3.468975943428399,0.01,0.6075203080581612,1.0,0.010001068816514741,43,65493,C:\Users\刘子轩\Desktop\TP-SSCS项目\data\downloads\aistap_sim\sampledata\sampledata\simWind\simWind_sample.mat,0
oracle_blend,5,0.25,,simWind,oracle_blend_k5_a0.25,10.735002881722998,1.2580505294391697,0.7485054158590557,3.954208367216615,1e-05,8228.65398758545,0.046511627906976744,1.526880735345762e-05,43,65493,C:\Users\刘子轩\Desktop\TP-SSCS项目\data\downloads\aistap_sim\sampledata\sampledata\simWind\simWind_sample.mat,0
oracle_blend,5,0.25,,simWind,oracle_blend_k5_a0.25,10.735002881722998,1.2580505294391697,0.7485054158590557,3.954208367216615,3e-05,5927.221349330813,0.09302325581395349,3.053761470691524e-05,43,65493,C:\Users\刘子轩\Desktop\TP-SSCS项目\data\downloads\aistap_sim\sampledata\sampledata\simWind\simWind_sample.mat,0
oracle_blend,5,0.25,,simWind,oracle_blend_k5_a0.25,10.735002881722998,1.2580505294391697,0.7485054158590557,3.954208367216615,0.0001,4041.104507551458,0.18604651162790697,0.00010688165147420336,43,65493,C:\Users\刘子轩\Desktop\TP-SSCS项目\data\downloads\aistap_sim\sampledata\sampledata\simWind\simWind_sample.mat,0
oracle_blend,5,0.25,,simWind,oracle_blend_k5_a0.25,10.735002881722998,1.2580505294391697,0.7485054158590557,3.954208367216615,0.0003,1898.0269850222337,0.32558139534883723,0.00030537614706915243,43,65493,C:\Users\刘子轩\Desktop\TP-SSCS项目\data\downloads\aistap_sim\sampledata\sampledata\simWind\simWind_sample.mat,0
oracle_blend,5,0.25,,simWind,oracle_blend_k5_a0.25,10.735002881722998,1.2580505294391697,0.7485054158590557,3.954208367216615,0.001,323.57581693103714,0.7441860465116279,0.001007741285328203,43,65493,C:\Users\刘子轩\Desktop\TP-SSCS项目\data\downloads\aistap_sim\sampledata\sampledata\simWind\simWind_sample.mat,0
oracle_blend,5,0.25,,simWind,oracle_blend_k5_a0.25,10.735002881722998,1.2580505294391697,0.7485054158590557,3.954208367216615,0.003,20.57337542443081,1.0,0.0030079550486311513,43,65493,C:\Users\刘子轩\Desktop\TP-SSCS项目\data\downloads\aistap_sim\sampledata\sampledata\simWind\simWind_sample.mat,0
oracle_blend,5,0.25,,simWind,oracle_blend_k5_a0.25,10.735002881722998,1.2580505294391697,0.7485054158590557,3.954208367216615,0.01,5.544523702809863,1.0,0.010001068816514741,43,65493,C:\Users\刘子轩\Desktop\TP-SSCS项目\data\downloads\aistap_sim\sampledata\sampledata\simWind\simWind_sample.mat,0
oracle_blend,5,0.5,,simWind,oracle_blend_k5_a0.5,9.337827939432758,2.4498969625101656,0.5688664271869527,5.454777556980111,1e-05,8198.10605021353,0.046511627906976744,1.526880735345762e-05,43,65493,C:\Users\刘子轩\Desktop\TP-SSCS项目\data\downloads\aistap_sim\sampledata\sampledata\simWind\simWind_sample.mat,0
oracle_blend,5,0.5,,simWind,oracle_blend_k5_a0.5,9.337827939432758,2.4498969625101656,0.5688664271869527,5.454777556980111,3e-05,5888.337498943668,0.09302325581395349,3.053761470691524e-05,43,65493,C:\Users\刘子轩\Desktop\TP-SSCS项目\data\downloads\aistap_sim\sampledata\sampledata\simWind\simWind_sample.mat,0
oracle_blend,5,0.5,,simWind,oracle_blend_k5_a0.5,9.337827939432758,2.4498969625101656,0.5688664271869527,5.454777556980111,0.0001,4014.14912261672,0.18604651162790697,0.00010688165147420336,43,65493,C:\Users\刘子轩\Desktop\TP-SSCS项目\data\downloads\aistap_sim\sampledata\sampledata\simWind\simWind_sample.mat,0
oracle_blend,5,0.5,,simWind,oracle_blend_k5_a0.5,9.337827939432758,2.4498969625101656,0.5688664271869527,5.454777556980111,0.0003,1882.843024111412,0.32558139534883723,0.00030537614706915243,43,65493,C:\Users\刘子轩\Desktop\TP-SSCS项目\data\downloads\aistap_sim\sampledata\sampledata\simWind\simWind_sample.mat,0
oracle_blend,5,0.5,,simWind,oracle_blend_k5_a0.5,9.337827939432758,2.4498969625101656,0.5688664271869527,5.454777556980111,0.001,325.45096041880186,0.7441860465116279,0.001007741285328203,43,65493,C:\Users\刘子轩\Desktop\TP-SSCS项目\data\downloads\aistap_sim\sampledata\sampledata\simWind\simWind_sample.mat,0
oracle_blend,5,0.5,,simWind,oracle_blend_k5_a0.5,9.337827939432758,2.4498969625101656,0.5688664271869527,5.454777556980111,0.003,48.543800362122965,1.0,0.0030079550486311513,43,65493,C:\Users\刘子轩\Desktop\TP-SSCS项目\data\downloads\aistap_sim\sampledata\sampledata\simWind\simWind_sample.mat,0
oracle_blend,5,0.5,,simWind,oracle_blend_k5_a0.5,9.337827939432758,2.4498969625101656,0.5688664271869527,5.454777556980111,0.01,20.5644136348463,1.0,0.010001068816514741,43,65493,C:\Users\刘子轩\Desktop\TP-SSCS项目\data\downloads\aistap_sim\sampledata\sampledata\simWind\simWind_sample.mat,0
oracle_blend,5,0.75,,simWind,oracle_blend_k5_a0.75,7.690642737288172,3.3622085779105078,0.4610830339836908,7.970683512718888,1e-05,8168.02224980068,0.046511627906976744,1.526880735345762e-05,43,65493,C:\Users\刘子轩\Desktop\TP-SSCS项目\data\downloads\aistap_sim\sampledata\sampledata\simWind\simWind_sample.mat,0
oracle_blend,5,0.75,,simWind,oracle_blend_k5_a0.75,7.690642737288172,3.3622085779105078,0.4610830339836908,7.970683512718888,3e-05,5849.71011903001,0.09302325581395349,3.053761470691524e-05,43,65493,C:\Users\刘子轩\Desktop\TP-SSCS项目\data\downloads\aistap_sim\sampledata\sampledata\simWind\simWind_sample.mat,0
oracle_blend,5,0.75,,simWind,oracle_blend_k5_a0.75,7.690642737288172,3.3622085779105078,0.4610830339836908,7.970683512718888,0.0001,3987.5658401574437,0.18604651162790697,0.00010688165147420336,43,65493,C:\Users\刘子轩\Desktop\TP-SSCS项目\data\downloads\aistap_sim\sampledata\sampledata\simWind\simWind_sample.mat,0
oracle_blend,5,0.75,,simWind,oracle_blend_k5_a0.75,7.690642737288172,3.3622085779105078,0.4610830339836908,7.970683512718888,0.0003,1865.506703592998,0.32558139534883723,0.00030537614706915243,43,65493,C:\Users\刘子轩\Desktop\TP-SSCS项目\data\downloads\aistap_sim\sampledata\sampledata\simWind\simWind_sample.mat,0
oracle_blend,5,0.75,,simWind,oracle_blend_k5_a0.75,7.690642737288172,3.3622085779105078,0.4610830339836908,7.970683512718888,0.001,323.5144889339012,0.7441860465116279,0.001007741285328203,43,65493,C:\Users\刘子轩\Desktop\TP-SSCS项目\data\downloads\aistap_sim\sampledata\sampledata\simWind\simWind_sample.mat,0
oracle_blend,5,0.75,,simWind,oracle_blend_k5_a0.75,7.690642737288172,3.3622085779105078,0.4610830339836908,7.970683512718888,0.003,86.20703439263214,0.9767441860465116,0.0030079550486311513,43,65493,C:\Users\刘子轩\Desktop\TP-SSCS项目\data\downloads\aistap_sim\sampledata\sampledata\simWind\simWind_sample.mat,0
oracle_blend,5,0.75,,simWind,oracle_blend_k5_a0.75,7.690642737288172,3.3622085779105078,0.4610830339836908,7.970683512718888,0.01,45.032550498264094,1.0,0.010001068816514741,43,65493,C:\Users\刘子轩\Desktop\TP-SSCS项目\data\downloads\aistap_sim\sampledata\sampledata\simWind\simWind_sample.mat,0
oracle_blend,5,1.0,,simWind,oracle_blend_k5_a1,6.097892609235548,3.714524677454696,0.4251552362492702,11.501926234432943,1e-05,8138.402586346896,0.046511627906976744,1.526880735345762e-05,43,65493,C:\Users\刘子轩\Desktop\TP-SSCS项目\data\downloads\aistap_sim\sampledata\sampledata\simWind\simWind_sample.mat,0
oracle_blend,5,1.0,,simWind,oracle_blend_k5_a1,6.097892609235548,3.714524677454696,0.4251552362492702,11.501926234432943,3e-05,5811.33920958984,0.11627906976744186,3.053761470691524e-05,43,65493,C:\Users\刘子轩\Desktop\TP-SSCS项目\data\downloads\aistap_sim\sampledata\sampledata\simWind\simWind_sample.mat,0
oracle_blend,5,1.0,,simWind,oracle_blend_k5_a1,6.097892609235548,3.714524677454696,0.4251552362492702,11.501926234432943,0.0001,3961.3546601736307,0.18604651162790697,0.00010688165147420336,43,65493,C:\Users\刘子轩\Desktop\TP-SSCS项目\data\downloads\aistap_sim\sampledata\sampledata\simWind\simWind_sample.mat,0
oracle_blend,5,1.0,,simWind,oracle_blend_k5_a1,6.097892609235548,3.714524677454696,0.4251552362492702,11.501926234432943,0.0003,1840.3930591439348,0.32558139534883723,0.00030537614706915243,43,65493,C:\Users\刘子轩\Desktop\TP-SSCS项目\data\downloads\aistap_sim\sampledata\sampledata\simWind\simWind_sample.mat,0
oracle_blend,5,1.0,,simWind,oracle_blend_k5_a1,6.097892609235548,3.714524677454696,0.4251552362492702,11.501926234432943,0.001,339.3136203634461,0.7441860465116279,0.001007741285328203,43,65493,C:\Users\刘子轩\Desktop\TP-SSCS项目\data\downloads\aistap_sim\sampledata\sampledata\simWind\simWind_sample.mat,0
oracle_blend,5,1.0,,simWind,oracle_blend_k5_a1,6.097892609235548,3.714524677454696,0.4251552362492702,11.501926234432943,0.003,138.66791119481724,0.9069767441860465,0.0030079550486311513,43,65493,C:\Users\刘子轩\Desktop\TP-SSCS项目\data\downloads\aistap_sim\sampledata\sampledata\simWind\simWind_sample.mat,0
oracle_blend,5,1.0,,simWind,oracle_blend_k5_a1,6.097892609235548,3.714524677454696,0.4251552362492702,11.501926234432943,0.01,78.1669129192875,0.9767441860465116,0.010001068816514741,43,65493,C:\Users\刘子轩\Desktop\TP-SSCS项目\data\downloads\aistap_sim\sampledata\sampledata\simWind\simWind_sample.mat,0
oracle_gate,5,,50.0,simWind,oracle_gate_k5_p50,7.815962018259425,-2.943911861246799e-06,1.0000006778609865,7.743969558551877,1e-05,8259.666061916438,0.046511627906976744,1.526880735345762e-05,43,65493,C:\Users\刘子轩\Desktop\TP-SSCS项目\data\downloads\aistap_sim\sampledata\sampledata\simWind\simWind_sample.mat,0
oracle_gate,5,,50.0,simWind,oracle_gate_k5_p50,7.815962018259425,-2.943911861246799e-06,1.0000006778609865,7.743969558551877,3e-05,5966.361670191444,0.09302325581395349,3.053761470691524e-05,43,65493,C:\Users\刘子轩\Desktop\TP-SSCS项目\data\downloads\aistap_sim\sampledata\sampledata\simWind\simWind_sample.mat,0
oracle_gate,5,,50.0,simWind,oracle_gate_k5_p50,7.815962018259425,-2.943911861246799e-06,1.0000006778609865,7.743969558551877,0.0001,4068.4319949616593,0.20930232558139536,0.00010688165147420336,43,65493,C:\Users\刘子轩\Desktop\TP-SSCS项目\data\downloads\aistap_sim\sampledata\sampledata\simWind\simWind_sample.mat,0
oracle_gate,5,,50.0,simWind,oracle_gate_k5_p50,7.815962018259425,-2.943911861246799e-06,1.0000006778609865,7.743969558551877,0.0003,1913.6526588375905,0.32558139534883723,0.00030537614706915243,43,65493,C:\Users\刘子轩\Desktop\TP-SSCS项目\data\downloads\aistap_sim\sampledata\sampledata\simWind\simWind_sample.mat,0
oracle_gate,5,,50.0,simWind,oracle_gate_k5_p50,7.815962018259425,-2.943911861246799e-06,1.0000006778609865,7.743969558551877,0.001,343.4867446509567,0.7441860465116279,0.001007741285328203,43,65493,C:\Users\刘子轩\Desktop\TP-SSCS项目\data\downloads\aistap_sim\sampledata\sampledata\simWind\simWind_sample.mat,0
oracle_gate,5,,50.0,simWind,oracle_gate_k5_p50,7.815962018259425,-2.943911861246799e-06,1.0000006778609865,7.743969558551877,0.003,117.93322442877871,0.9302325581395349,0.0030079550486311513,43,65493,C:\Users\刘子轩\Desktop\TP-SSCS项目\data\downloads\aistap_sim\sampledata\sampledata\simWind\simWind_sample.mat,0
oracle_gate,5,,50.0,simWind,oracle_gate_k5_p50,7.815962018259425,-2.943911861246799e-06,1.0000006778609865,7.743969558551877,0.01,60.31558529740975,1.0,0.010001068816514741,43,65493,C:\Users\刘子轩\Desktop\TP-SSCS项目\data\downloads\aistap_sim\sampledata\sampledata\simWind\simWind_sample.mat,0
oracle_gate,5,,70.0,simWind,oracle_gate_k5_p70,7.008140543496438,-3.001959228604784e-05,1.0000069122904593,9.32708177771019,1e-05,8259.666061916438,0.046511627906976744,1.526880735345762e-05,43,65493,C:\Users\刘子轩\Desktop\TP-SSCS项目\data\downloads\aistap_sim\sampledata\sampledata\simWind\simWind_sample.mat,0
oracle_gate,5,,70.0,simWind,oracle_gate_k5_p70,7.008140543496438,-3.001959228604784e-05,1.0000069122904593,9.32708177771019,3e-05,5966.361670191444,0.09302325581395349,3.053761470691524e-05,43,65493,C:\Users\刘子轩\Desktop\TP-SSCS项目\data\downloads\aistap_sim\sampledata\sampledata\simWind\simWind_sample.mat,0
oracle_gate,5,,70.0,simWind,oracle_gate_k5_p70,7.008140543496438,-3.001959228604784e-05,1.0000069122904593,9.32708177771019,0.0001,4068.4319949616593,0.20930232558139536,0.00010688165147420336,43,65493,C:\Users\刘子轩\Desktop\TP-SSCS项目\data\downloads\aistap_sim\sampledata\sampledata\simWind\simWind_sample.mat,0
oracle_gate,5,,70.0,simWind,oracle_gate_k5_p70,7.008140543496438,-3.001959228604784e-05,1.0000069122904593,9.32708177771019,0.0003,1913.6526588375905,0.32558139534883723,0.00030537614706915243,43,65493,C:\Users\刘子轩\Desktop\TP-SSCS项目\data\downloads\aistap_sim\sampledata\sampledata\simWind\simWind_sample.mat,0
oracle_gate,5,,70.0,simWind,oracle_gate_k5_p70,7.008140543496438,-3.001959228604784e-05,1.0000069122904593,9.32708177771019,0.001,343.4867446509567,0.7441860465116279,0.001007741285328203,43,65493,C:\Users\刘子轩\Desktop\TP-SSCS项目\data\downloads\aistap_sim\sampledata\sampledata\simWind\simWind_sample.mat,0
oracle_gate,5,,70.0,simWind,oracle_gate_k5_p70,7.008140543496438,-3.001959228604784e-05,1.0000069122904593,9.32708177771019,0.003,125.81226180559919,0.9302325581395349,0.0030079550486311513,43,65493,C:\Users\刘子轩\Desktop\TP-SSCS项目\data\downloads\aistap_sim\sampledata\sampledata\simWind\simWind_sample.mat,0
oracle_gate,5,,70.0,simWind,oracle_gate_k5_p70,7.008140543496438,-3.001959228604784e-05,1.0000069122904593,9.32708177771019,0.01,67.85586330988897,0.9767441860465116,0.010001068816514741,43,65493,C:\Users\刘子轩\Desktop\TP-SSCS项目\data\downloads\aistap_sim\sampledata\sampledata\simWind\simWind_sample.mat,0
oracle_gate,5,,80.0,simWind,oracle_gate_k5_p80,6.691235238325358,-6.787862527362772e-05,1.0000156297532121,10.033127126617902,1e-05,8259.666061916438,0.046511627906976744,1.526880735345762e-05,43,65493,C:\Users\刘子轩\Desktop\TP-SSCS项目\data\downloads\aistap_sim\sampledata\sampledata\simWind\simWind_sample.mat,0
oracle_gate,5,,80.0,simWind,oracle_gate_k5_p80,6.691235238325358,-6.787862527362772e-05,1.0000156297532121,10.033127126617902,3e-05,5966.361670191444,0.09302325581395349,3.053761470691524e-05,43,65493,C:\Users\刘子轩\Desktop\TP-SSCS项目\data\downloads\aistap_sim\sampledata\sampledata\simWind\simWind_sample.mat,0
oracle_gate,5,,80.0,simWind,oracle_gate_k5_p80,6.691235238325358,-6.787862527362772e-05,1.0000156297532121,10.033127126617902,0.0001,4068.4319949616593,0.20930232558139536,0.00010688165147420336,43,65493,C:\Users\刘子轩\Desktop\TP-SSCS项目\data\downloads\aistap_sim\sampledata\sampledata\simWind\simWind_sample.mat,0
oracle_gate,5,,80.0,simWind,oracle_gate_k5_p80,6.691235238325358,-6.787862527362772e-05,1.0000156297532121,10.033127126617902,0.0003,1913.6526588375905,0.32558139534883723,0.00030537614706915243,43,65493,C:\Users\刘子轩\Desktop\TP-SSCS项目\data\downloads\aistap_sim\sampledata\sampledata\simWind\simWind_sample.mat,0
oracle_gate,5,,80.0,simWind,oracle_gate_k5_p80,6.691235238325358,-6.787862527362772e-05,1.0000156297532121,10.033127126617902,0.001,343.4867446509567,0.7441860465116279,0.001007741285328203,43,65493,C:\Users\刘子轩\Desktop\TP-SSCS项目\data\downloads\aistap_sim\sampledata\sampledata\simWind\simWind_sample.mat,0
oracle_gate,5,,80.0,simWind,oracle_gate_k5_p80,6.691235238325358,-6.787862527362772e-05,1.0000156297532121,10.033127126617902,0.003,127.25687772941286,0.9302325581395349,0.0030079550486311513,43,65493,C:\Users\刘子轩\Desktop\TP-SSCS项目\data\downloads\aistap_sim\sampledata\sampledata\simWind\simWind_sample.mat,0
oracle_gate,5,,80.0,simWind,oracle_gate_k5_p80,6.691235238325358,-6.787862527362772e-05,1.0000156297532121,10.033127126617902,0.01,70.56909244030058,0.9767441860465116,0.010001068816514741,43,65493,C:\Users\刘子轩\Desktop\TP-SSCS项目\data\downloads\aistap_sim\sampledata\sampledata\simWind\simWind_sample.mat,0
oracle_gate,5,,90.0,simWind,oracle_gate_k5_p90,6.3731040308336695,-0.0014116311385100285,1.0003250929128853,10.795665903021291,1e-05,8259.666061916438,0.046511627906976744,1.526880735345762e-05,43,65493,C:\Users\刘子轩\Desktop\TP-SSCS项目\data\downloads\aistap_sim\sampledata\sampledata\simWind\simWind_sample.mat,0
oracle_gate,5,,90.0,simWind,oracle_gate_k5_p90,6.3731040308336695,-0.0014116311385100285,1.0003250929128853,10.795665903021291,3e-05,5966.361670191444,0.09302325581395349,3.053761470691524e-05,43,65493,C:\Users\刘子轩\Desktop\TP-SSCS项目\data\downloads\aistap_sim\sampledata\sampledata\simWind\simWind_sample.mat,0
oracle_gate,5,,90.0,simWind,oracle_gate_k5_p90,6.3731040308336695,-0.0014116311385100285,1.0003250929128853,10.795665903021291,0.0001,4068.4319949616593,0.20930232558139536,0.00010688165147420336,43,65493,C:\Users\刘子轩\Desktop\TP-SSCS项目\data\downloads\aistap_sim\sampledata\sampledata\simWind\simWind_sample.mat,0
oracle_gate,5,,90.0,simWind,oracle_gate_k5_p90,6.3731040308336695,-0.0014116311385100285,1.0003250929128853,10.795665903021291,0.0003,1913.6526588375905,0.32558139534883723,0.00030537614706915243,43,65493,C:\Users\刘子轩\Desktop\TP-SSCS项目\data\downloads\aistap_sim\sampledata\sampledata\simWind\simWind_sample.mat,0
oracle_gate,5,,90.0,simWind,oracle_gate_k5_p90,6.3731040308336695,-0.0014116311385100285,1.0003250929128853,10.795665903021291,0.001,343.4867446509567,0.7441860465116279,0.001007741285328203,43,65493,C:\Users\刘子轩\Desktop\TP-SSCS项目\data\downloads\aistap_sim\sampledata\sampledata\simWind\simWind_sample.mat,0
oracle_gate,5,,90.0,simWind,oracle_gate_k5_p90,6.3731040308336695,-0.0014116311385100285,1.0003250929128853,10.795665903021291,0.003,131.17836235319064,0.9069767441860465,0.0030079550486311513,43,65493,C:\Users\刘子轩\Desktop\TP-SSCS项目\data\downloads\aistap_sim\sampledata\sampledata\simWind\simWind_sample.mat,0
oracle_gate,5,,90.0,simWind,oracle_gate_k5_p90,6.3731040308336695,-0.0014116311385100285,1.0003250929128853,10.795665903021291,0.01,73.68839320877427,0.9767441860465116,0.010001068816514741,43,65493,C:\Users\刘子轩\Desktop\TP-SSCS项目\data\downloads\aistap_sim\sampledata\sampledata\simWind\simWind_sample.mat,0
oracle_gate,5,,95.0,simWind,oracle_gate_k5_p95,6.212901879091683,-0.0027312511845648713,1.0006290916214644,11.201331520084437,1e-05,8259.666061916438,0.046511627906976744,1.526880735345762e-05,43,65493,C:\Users\刘子轩\Desktop\TP-SSCS项目\data\downloads\aistap_sim\sampledata\sampledata\simWind\simWind_sample.mat,0
oracle_gate,5,,95.0,simWind,oracle_gate_k5_p95,6.212901879091683,-0.0027312511845648713,1.0006290916214644,11.201331520084437,3e-05,5966.361670191444,0.09302325581395349,3.053761470691524e-05,43,65493,C:\Users\刘子轩\Desktop\TP-SSCS项目\data\downloads\aistap_sim\sampledata\sampledata\simWind\simWind_sample.mat,0
oracle_gate,5,,95.0,simWind,oracle_gate_k5_p95,6.212901879091683,-0.0027312511845648713,1.0006290916214644,11.201331520084437,0.0001,4068.4319949616593,0.20930232558139536,0.00010688165147420336,43,65493,C:\Users\刘子轩\Desktop\TP-SSCS项目\data\downloads\aistap_sim\sampledata\sampledata\simWind\simWind_sample.mat,0
oracle_gate,5,,95.0,simWind,oracle_gate_k5_p95,6.212901879091683,-0.0027312511845648713,1.0006290916214644,11.201331520084437,0.0003,1913.6526588375905,0.32558139534883723,0.00030537614706915243,43,65493,C:\Users\刘子轩\Desktop\TP-SSCS项目\data\downloads\aistap_sim\sampledata\sampledata\simWind\simWind_sample.mat,0
oracle_gate,5,,95.0,simWind,oracle_gate_k5_p95,6.212901879091683,-0.0027312511845648713,1.0006290916214644,11.201331520084437,0.001,343.4867446509567,0.7441860465116279,0.001007741285328203,43,65493,C:\Users\刘子轩\Desktop\TP-SSCS项目\data\downloads\aistap_sim\sampledata\sampledata\simWind\simWind_sample.mat,0
oracle_gate,5,,95.0,simWind,oracle_gate_k5_p95,6.212901879091683,-0.0027312511845648713,1.0006290916214644,11.201331520084437,0.003,135.75457711683862,0.9069767441860465,0.0030079550486311513,43,65493,C:\Users\刘子轩\Desktop\TP-SSCS项目\data\downloads\aistap_sim\sampledata\sampledata\simWind\simWind_sample.mat,0
oracle_gate,5,,95.0,simWind,oracle_gate_k5_p95,6.212901879091683,-0.0027312511845648713,1.0006290916214644,11.201331520084437,0.01,75.83781771824533,0.9767441860465116,0.010001068816514741,43,65493,C:\Users\刘子轩\Desktop\TP-SSCS项目\data\downloads\aistap_sim\sampledata\sampledata\simWind\simWind_sample.mat,0
low_rank_residual,20,,,simWind,low_rank_residual_k20,9.338919999239682,13.905995519867488,0.04068182694210805,5.453406092528709,1e-05,1407.4128843919973,0.13953488372093023,1.526880735345762e-05,43,65493,C:\Users\刘子轩\Desktop\TP-SSCS项目\data\downloads\aistap_sim\sampledata\sampledata\simWind\simWind_sample.mat,0
low_rank_residual,20,,,simWind,low_rank_residual_k20,9.338919999239682,13.905995519867488,0.04068182694210805,5.453406092528709,3e-05,1187.6627276009162,0.20930232558139536,3.053761470691524e-05,43,65493,C:\Users\刘子轩\Desktop\TP-SSCS项目\data\downloads\aistap_sim\sampledata\sampledata\simWind\simWind_sample.mat,0
low_rank_residual,20,,,simWind,low_rank_residual_k20,9.338919999239682,13.905995519867488,0.04068182694210805,5.453406092528709,0.0001,949.1081473518516,0.3023255813953488,0.00010688165147420336,43,65493,C:\Users\刘子轩\Desktop\TP-SSCS项目\data\downloads\aistap_sim\sampledata\sampledata\simWind\simWind_sample.mat,0
low_rank_residual,20,,,simWind,low_rank_residual_k20,9.338919999239682,13.905995519867488,0.04068182694210805,5.453406092528709,0.0003,434.0497291099187,0.4418604651162791,0.00030537614706915243,43,65493,C:\Users\刘子轩\Desktop\TP-SSCS项目\data\downloads\aistap_sim\sampledata\sampledata\simWind\simWind_sample.mat,0
low_rank_residual,20,,,simWind,low_rank_residual_k20,9.338919999239682,13.905995519867488,0.04068182694210805,5.453406092528709,0.001,160.95281129481327,0.7674418604651163,0.001007741285328203,43,65493,C:\Users\刘子轩\Desktop\TP-SSCS项目\data\downloads\aistap_sim\sampledata\sampledata\simWind\simWind_sample.mat,0
low_rank_residual,20,,,simWind,low_rank_residual_k20,9.338919999239682,13.905995519867488,0.04068182694210805,5.453406092528709,0.003,47.75666413405485,0.9302325581395349,0.0030079550486311513,43,65493,C:\Users\刘子轩\Desktop\TP-SSCS项目\data\downloads\aistap_sim\sampledata\sampledata\simWind\simWind_sample.mat,0
low_rank_residual,20,,,simWind,low_rank_residual_k20,9.338919999239682,13.905995519867488,0.04068182694210805,5.453406092528709,0.01,26.853342050277718,0.9534883720930233,0.010001068816514741,43,65493,C:\Users\刘子轩\Desktop\TP-SSCS项目\data\downloads\aistap_sim\sampledata\sampledata\simWind\simWind_sample.mat,0
oracle_blend,20,0.0,,simWind,oracle_blend_k20_a0,11.303585508058614,0.0,1.0,3.468975943428399,1e-05,8259.666061916438,0.046511627906976744,1.526880735345762e-05,43,65493,C:\Users\刘子轩\Desktop\TP-SSCS项目\data\downloads\aistap_sim\sampledata\sampledata\simWind\simWind_sample.mat,0
oracle_blend,20,0.0,,simWind,oracle_blend_k20_a0,11.303585508058614,0.0,1.0,3.468975943428399,3e-05,5966.361670191444,0.09302325581395349,3.053761470691524e-05,43,65493,C:\Users\刘子轩\Desktop\TP-SSCS项目\data\downloads\aistap_sim\sampledata\sampledata\simWind\simWind_sample.mat,0
oracle_blend,20,0.0,,simWind,oracle_blend_k20_a0,11.303585508058614,0.0,1.0,3.468975943428399,0.0001,4068.4319949616593,0.20930232558139536,0.00010688165147420336,43,65493,C:\Users\刘子轩\Desktop\TP-SSCS项目\data\downloads\aistap_sim\sampledata\sampledata\simWind\simWind_sample.mat,0
oracle_blend,20,0.0,,simWind,oracle_blend_k20_a0,11.303585508058614,0.0,1.0,3.468975943428399,0.0003,1913.6526588375905,0.32558139534883723,0.00030537614706915243,43,65493,C:\Users\刘子轩\Desktop\TP-SSCS项目\data\downloads\aistap_sim\sampledata\sampledata\simWind\simWind_sample.mat,0
oracle_blend,20,0.0,,simWind,oracle_blend_k20_a0,11.303585508058614,0.0,1.0,3.468975943428399,0.001,325.70838044098514,0.7441860465116279,0.001007741285328203,43,65493,C:\Users\刘子轩\Desktop\TP-SSCS项目\data\downloads\aistap_sim\sampledata\sampledata\simWind\simWind_sample.mat,0
oracle_blend,20,0.0,,simWind,oracle_blend_k20_a0,11.303585508058614,0.0,1.0,3.468975943428399,0.003,19.752091818886655,1.0,0.0030079550486311513,43,65493,C:\Users\刘子轩\Desktop\TP-SSCS项目\data\downloads\aistap_sim\sampledata\sampledata\simWind\simWind_sample.mat,0
oracle_blend,20,0.0,,simWind,oracle_blend_k20_a0,11.303585508058614,0.0,1.0,3.468975943428399,0.01,0.6075203080581612,1.0,0.010001068816514741,43,65493,C:\Users\刘子轩\Desktop\TP-SSCS项目\data\downloads\aistap_sim\sampledata\sampledata\simWind\simWind_sample.mat,0
oracle_blend,20,0.25,,simWind,oracle_blend_k20_a0.25,12.368325428051586,2.363487022448418,0.5802982992871724,2.7147340871361463,1e-05,4772.077474761703,0.046511627906976744,1.526880735345762e-05,43,65493,C:\Users\刘子轩\Desktop\TP-SSCS项目\data\downloads\aistap_sim\sampledata\sampledata\simWind\simWind_sample.mat,0
oracle_blend,20,0.25,,simWind,oracle_blend_k20_a0.25,12.368325428051586,2.363487022448418,0.5802982992871724,2.7147340871361463,3e-05,3419.928472126754,0.11627906976744186,3.053761470691524e-05,43,65493,C:\Users\刘子轩\Desktop\TP-SSCS项目\data\downloads\aistap_sim\sampledata\sampledata\simWind\simWind_sample.mat,0
oracle_blend,20,0.25,,simWind,oracle_blend_k20_a0.25,12.368325428051586,2.363487022448418,0.5802982992871724,2.7147340871361463,0.0001,2577.4164123217697,0.2558139534883721,0.00010688165147420336,43,65493,C:\Users\刘子轩\Desktop\TP-SSCS项目\data\downloads\aistap_sim\sampledata\sampledata\simWind\simWind_sample.mat,0
oracle_blend,20,0.25,,simWind,oracle_blend_k20_a0.25,12.368325428051586,2.363487022448418,0.5802982992871724,2.7147340871361463,0.0003,1260.7851637592246,0.4418604651162791,0.00030537614706915243,43,65493,C:\Users\刘子轩\Desktop\TP-SSCS项目\data\downloads\aistap_sim\sampledata\sampledata\simWind\simWind_sample.mat,0
oracle_blend,20,0.25,,simWind,oracle_blend_k20_a0.25,12.368325428051586,2.363487022448418,0.5802982992871724,2.7147340871361463,0.001,286.3416285183871,0.7441860465116279,0.001007741285328203,43,65493,C:\Users\刘子轩\Desktop\TP-SSCS项目\data\downloads\aistap_sim\sampledata\sampledata\simWind\simWind_sample.mat,0
oracle_blend,20,0.25,,simWind,oracle_blend_k20_a0.25,12.368325428051586,2.363487022448418,0.5802982992871724,2.7147340871361463,0.003,17.236103441826675,1.0,0.0030079550486311513,43,65493,C:\Users\刘子轩\Desktop\TP-SSCS项目\data\downloads\aistap_sim\sampledata\sampledata\simWind\simWind_sample.mat,0
oracle_blend,20,0.25,,simWind,oracle_blend_k20_a0.25,12.368325428051586,2.363487022448418,0.5802982992871724,2.7147340871361463,0.01,1.9083401895354692,1.0,0.010001068816514741,43,65493,C:\Users\刘子轩\Desktop\TP-SSCS项目\data\downloads\aistap_sim\sampledata\sampledata\simWind\simWind_sample.mat,0
oracle_blend,20,0.5,,simWind,oracle_blend_k20_a0.5,12.243243451560105,5.520495304224491,0.28051137020658107,2.7940584932221135,1e-05,2355.6790922208743,0.13953488372093023,1.526880735345762e-05,43,65493,C:\Users\刘子轩\Desktop\TP-SSCS项目\data\downloads\aistap_sim\sampledata\sampledata\simWind\simWind_sample.mat,0
oracle_blend,20,0.5,,simWind,oracle_blend_k20_a0.5,12.243243451560105,5.520495304224491,0.28051137020658107,2.7940584932221135,3e-05,1868.9497038757847,0.20930232558139536,3.053761470691524e-05,43,65493,C:\Users\刘子轩\Desktop\TP-SSCS项目\data\downloads\aistap_sim\sampledata\sampledata\simWind\simWind_sample.mat,0
oracle_blend,20,0.5,,simWind,oracle_blend_k20_a0.5,12.243243451560105,5.520495304224491,0.28051137020658107,2.7940584932221135,0.0001,1587.6751046960123,0.3023255813953488,0.00010688165147420336,43,65493,C:\Users\刘子轩\Desktop\TP-SSCS项目\data\downloads\aistap_sim\sampledata\sampledata\simWind\simWind_sample.mat,0
oracle_blend,20,0.5,,simWind,oracle_blend_k20_a0.5,12.243243451560105,5.520495304224491,0.28051137020658107,2.7940584932221135,0.0003,869.3129971621527,0.5348837209302325,0.00030537614706915243,43,65493,C:\Users\刘子轩\Desktop\TP-SSCS项目\data\downloads\aistap_sim\sampledata\sampledata\simWind\simWind_sample.mat,0
oracle_blend,20,0.5,,simWind,oracle_blend_k20_a0.5,12.243243451560105,5.520495304224491,0.28051137020658107,2.7940584932221135,0.001,209.43856937424363,0.7906976744186046,0.001007741285328203,43,65493,C:\Users\刘子轩\Desktop\TP-SSCS项目\data\downloads\aistap_sim\sampledata\sampledata\simWind\simWind_sample.mat,0
oracle_blend,20,0.5,,simWind,oracle_blend_k20_a0.5,12.243243451560105,5.520495304224491,0.28051137020658107,2.7940584932221135,0.003,20.91743298431911,1.0,0.0030079550486311513,43,65493,C:\Users\刘子轩\Desktop\TP-SSCS项目\data\downloads\aistap_sim\sampledata\sampledata\simWind\simWind_sample.mat,0
oracle_blend,20,0.5,,simWind,oracle_blend_k20_a0.5,12.243243451560105,5.520495304224491,0.28051137020658107,2.7940584932221135,0.01,7.040733789569042,1.0,0.010001068816514741,43,65493,C:\Users\刘子轩\Desktop\TP-SSCS项目\data\downloads\aistap_sim\sampledata\sampledata\simWind\simWind_sample.mat,0
oracle_blend,20,0.75,,simWind,oracle_blend_k20_a0.75,11.015432089095803,9.972327691175607,0.10063921275822633,3.7069491616863006,1e-05,1568.5153489810887,0.09302325581395349,1.526880735345762e-05,43,65493,C:\Users\刘子轩\Desktop\TP-SSCS项目\data\downloads\aistap_sim\sampledata\sampledata\simWind\simWind_sample.mat,0
oracle_blend,20,0.75,,simWind,oracle_blend_k20_a0.75,11.015432089095803,9.972327691175607,0.10063921275822633,3.7069491616863006,3e-05,1294.6659289949628,0.2558139534883721,3.053761470691524e-05,43,65493,C:\Users\刘子轩\Desktop\TP-SSCS项目\data\downloads\aistap_sim\sampledata\sampledata\simWind\simWind_sample.mat,0
oracle_blend,20,0.75,,simWind,oracle_blend_k20_a0.75,11.015432089095803,9.972327691175607,0.10063921275822633,3.7069491616863006,0.0001,1000.3305447675565,0.3023255813953488,0.00010688165147420336,43,65493,C:\Users\刘子轩\Desktop\TP-SSCS项目\data\downloads\aistap_sim\sampledata\sampledata\simWind\simWind_sample.mat,0
oracle_blend,20,0.75,,simWind,oracle_blend_k20_a0.75,11.015432089095803,9.972327691175607,0.10063921275822633,3.7069491616863006,0.0003,626.3524436767789,0.5348837209302325,0.00030537614706915243,43,65493,C:\Users\刘子轩\Desktop\TP-SSCS项目\data\downloads\aistap_sim\sampledata\sampledata\simWind\simWind_sample.mat,0
oracle_blend,20,0.75,,simWind,oracle_blend_k20_a0.75,11.015432089095803,9.972327691175607,0.10063921275822633,3.7069491616863006,0.001,175.73916797283505,0.813953488372093,0.001007741285328203,43,65493,C:\Users\刘子轩\Desktop\TP-SSCS项目\data\downloads\aistap_sim\sampledata\sampledata\simWind\simWind_sample.mat,0
oracle_blend,20,0.75,,simWind,oracle_blend_k20_a0.75,11.015432089095803,9.972327691175607,0.10063921275822633,3.7069491616863006,0.003,30.552939398637545,1.0,0.0030079550486311513,43,65493,C:\Users\刘子轩\Desktop\TP-SSCS项目\data\downloads\aistap_sim\sampledata\sampledata\simWind\simWind_sample.mat,0
oracle_blend,20,0.75,,simWind,oracle_blend_k20_a0.75,11.015432089095803,9.972327691175607,0.10063921275822633,3.7069491616863006,0.01,15.564908002231071,1.0,0.010001068816514741,43,65493,C:\Users\刘子轩\Desktop\TP-SSCS项目\data\downloads\aistap_sim\sampledata\sampledata\simWind\simWind_sample.mat,0
oracle_blend,20,1.0,,simWind,oracle_blend_k20_a1,9.338919999239682,13.905995519867488,0.04068182694210805,5.453406092528709,1e-05,1407.4128843919973,0.13953488372093023,1.526880735345762e-05,43,65493,C:\Users\刘子轩\Desktop\TP-SSCS项目\data\downloads\aistap_sim\sampledata\sampledata\simWind\simWind_sample.mat,0
oracle_blend,20,1.0,,simWind,oracle_blend_k20_a1,9.338919999239682,13.905995519867488,0.04068182694210805,5.453406092528709,3e-05,1187.6627276009162,0.20930232558139536,3.053761470691524e-05,43,65493,C:\Users\刘子轩\Desktop\TP-SSCS项目\data\downloads\aistap_sim\sampledata\sampledata\simWind\simWind_sample.mat,0
oracle_blend,20,1.0,,simWind,oracle_blend_k20_a1,9.338919999239682,13.905995519867488,0.04068182694210805,5.453406092528709,0.0001,949.1081473518516,0.3023255813953488,0.00010688165147420336,43,65493,C:\Users\刘子轩\Desktop\TP-SSCS项目\data\downloads\aistap_sim\sampledata\sampledata\simWind\simWind_sample.mat,0
oracle_blend,20,1.0,,simWind,oracle_blend_k20_a1,9.338919999239682,13.905995519867488,0.04068182694210805,5.453406092528709,0.0003,434.0497291099187,0.4418604651162791,0.00030537614706915243,43,65493,C:\Users\刘子轩\Desktop\TP-SSCS项目\data\downloads\aistap_sim\sampledata\sampledata\simWind\simWind_sample.mat,0
oracle_blend,20,1.0,,simWind,oracle_blend_k20_a1,9.338919999239682,13.905995519867488,0.04068182694210805,5.453406092528709,0.001,160.95281129481327,0.7674418604651163,0.001007741285328203,43,65493,C:\Users\刘子轩\Desktop\TP-SSCS项目\data\downloads\aistap_sim\sampledata\sampledata\simWind\simWind_sample.mat,0
oracle_blend,20,1.0,,simWind,oracle_blend_k20_a1,9.338919999239682,13.905995519867488,0.04068182694210805,5.453406092528709,0.003,47.75666413405485,0.9302325581395349,0.0030079550486311513,43,65493,C:\Users\刘子轩\Desktop\TP-SSCS项目\data\downloads\aistap_sim\sampledata\sampledata\simWind\simWind_sample.mat,0
oracle_blend,20,1.0,,simWind,oracle_blend_k20_a1,9.338919999239682,13.905995519867488,0.04068182694210805,5.453406092528709,0.01,26.853342050277718,0.9534883720930233,0.010001068816514741,43,65493,C:\Users\刘子轩\Desktop\TP-SSCS项目\data\downloads\aistap_sim\sampledata\sampledata\simWind\simWind_sample.mat,0
oracle_gate,20,,50.0,simWind,oracle_gate_k20_p50,9.057047236481925,-0.00024374370782388453,1.0000561256377993,5.819090550503424,1e-05,8259.666061916438,0.046511627906976744,1.526880735345762e-05,43,65493,C:\Users\刘子轩\Desktop\TP-SSCS项目\data\downloads\aistap_sim\sampledata\sampledata\simWind\simWind_sample.mat,0
oracle_gate,20,,50.0,simWind,oracle_gate_k20_p50,9.057047236481925,-0.00024374370782388453,1.0000561256377993,5.819090550503424,3e-05,5966.361670191444,0.09302325581395349,3.053761470691524e-05,43,65493,C:\Users\刘子轩\Desktop\TP-SSCS项目\data\downloads\aistap_sim\sampledata\sampledata\simWind\simWind_sample.mat,0
oracle_gate,20,,50.0,simWind,oracle_gate_k20_p50,9.057047236481925,-0.00024374370782388453,1.0000561256377993,5.819090550503424,0.0001,4068.4319949616593,0.20930232558139536,0.00010688165147420336,43,65493,C:\Users\刘子轩\Desktop\TP-SSCS项目\data\downloads\aistap_sim\sampledata\sampledata\simWind\simWind_sample.mat,0
oracle_gate,20,,50.0,simWind,oracle_gate_k20_p50,9.057047236481925,-0.00024374370782388453,1.0000561256377993,5.819090550503424,0.0003,1913.6526588375905,0.32558139534883723,0.00030537614706915243,43,65493,C:\Users\刘子轩\Desktop\TP-SSCS项目\data\downloads\aistap_sim\sampledata\sampledata\simWind\simWind_sample.mat,0
oracle_gate,20,,50.0,simWind,oracle_gate_k20_p50,9.057047236481925,-0.00024374370782388453,1.0000561256377993,5.819090550503424,0.001,325.70838044098514,0.7441860465116279,0.001007741285328203,43,65493,C:\Users\刘子轩\Desktop\TP-SSCS项目\data\downloads\aistap_sim\sampledata\sampledata\simWind\simWind_sample.mat,0
oracle_gate,20,,50.0,simWind,oracle_gate_k20_p50,9.057047236481925,-0.00024374370782388453,1.0000561256377993,5.819090550503424,0.003,46.97260650757608,1.0,0.0030079550486311513,43,65493,C:\Users\刘子轩\Desktop\TP-SSCS项目\data\downloads\aistap_sim\sampledata\sampledata\simWind\simWind_sample.mat,0
oracle_gate,20,,50.0,simWind,oracle_gate_k20_p50,9.057047236481925,-0.00024374370782388453,1.0000561256377993,5.819090550503424,0.01,22.901221928349766,1.0,0.010001068816514741,43,65493,C:\Users\刘子轩\Desktop\TP-SSCS项目\data\downloads\aistap_sim\sampledata\sampledata\simWind\simWind_sample.mat,0
oracle_gate,20,,70.0,simWind,oracle_gate_k20_p70,8.457079881846514,-0.0005198351308295875,1.0001197036262135,6.68115966776157,1e-05,8259.666061916438,0.046511627906976744,1.526880735345762e-05,43,65493,C:\Users\刘子轩\Desktop\TP-SSCS项目\data\downloads\aistap_sim\sampledata\sampledata\simWind\simWind_sample.mat,0
oracle_gate,20,,70.0,simWind,oracle_gate_k20_p70,8.457079881846514,-0.0005198351308295875,1.0001197036262135,6.68115966776157,3e-05,5966.361670191444,0.09302325581395349,3.053761470691524e-05,43,65493,C:\Users\刘子轩\Desktop\TP-SSCS项目\data\downloads\aistap_sim\sampledata\sampledata\simWind\simWind_sample.mat,0
oracle_gate,20,,70.0,simWind,oracle_gate_k20_p70,8.457079881846514,-0.0005198351308295875,1.0001197036262135,6.68115966776157,0.0001,4068.4319949616593,0.20930232558139536,0.00010688165147420336,43,65493,C:\Users\刘子轩\Desktop\TP-SSCS项目\data\downloads\aistap_sim\sampledata\sampledata\simWind\simWind_sample.mat,0
oracle_gate,20,,70.0,simWind,oracle_gate_k20_p70,8.457079881846514,-0.0005198351308295875,1.0001197036262135,6.68115966776157,0.0003,1913.6526588375905,0.32558139534883723,0.00030537614706915243,43,65493,C:\Users\刘子轩\Desktop\TP-SSCS项目\data\downloads\aistap_sim\sampledata\sampledata\simWind\simWind_sample.mat,0
oracle_gate,20,,70.0,simWind,oracle_gate_k20_p70,8.457079881846514,-0.0005198351308295875,1.0001197036262135,6.68115966776157,0.001,325.70838044098514,0.7441860465116279,0.001007741285328203,43,65493,C:\Users\刘子轩\Desktop\TP-SSCS项目\data\downloads\aistap_sim\sampledata\sampledata\simWind\simWind_sample.mat,0
oracle_gate,20,,70.0,simWind,oracle_gate_k20_p70,8.457079881846514,-0.0005198351308295875,1.0001197036262135,6.68115966776157,0.003,48.92873729117003,1.0,0.0030079550486311513,43,65493,C:\Users\刘子轩\Desktop\TP-SSCS项目\data\downloads\aistap_sim\sampledata\sampledata\simWind\simWind_sample.mat,0
oracle_gate,20,,70.0,simWind,oracle_gate_k20_p70,8.457079881846514,-0.0005198351308295875,1.0001197036262135,6.68115966776157,0.01,24.819488972178036,1.0,0.010001068816514741,43,65493,C:\Users\刘子轩\Desktop\TP-SSCS项目\data\downloads\aistap_sim\sampledata\sampledata\simWind\simWind_sample.mat,0
oracle_gate,20,,80.0,simWind,oracle_gate_k20_p80,8.210245694492011,-0.0006357057421055448,1.0001463873701157,7.0718862982079775,1e-05,8259.666061916438,0.046511627906976744,1.526880735345762e-05,43,65493,C:\Users\刘子轩\Desktop\TP-SSCS项目\data\downloads\aistap_sim\sampledata\sampledata\simWind\simWind_sample.mat,0
oracle_gate,20,,80.0,simWind,oracle_gate_k20_p80,8.210245694492011,-0.0006357057421055448,1.0001463873701157,7.0718862982079775,3e-05,5966.361670191444,0.09302325581395349,3.053761470691524e-05,43,65493,C:\Users\刘子轩\Desktop\TP-SSCS项目\data\downloads\aistap_sim\sampledata\sampledata\simWind\simWind_sample.mat,0
oracle_gate,20,,80.0,simWind,oracle_gate_k20_p80,8.210245694492011,-0.0006357057421055448,1.0001463873701157,7.0718862982079775,0.0001,4068.4319949616593,0.20930232558139536,0.00010688165147420336,43,65493,C:\Users\刘子轩\Desktop\TP-SSCS项目\data\downloads\aistap_sim\sampledata\sampledata\simWind\simWind_sample.mat,0
oracle_gate,20,,80.0,simWind,oracle_gate_k20_p80,8.210245694492011,-0.0006357057421055448,1.0001463873701157,7.0718862982079775,0.0003,1913.6526588375905,0.32558139534883723,0.00030537614706915243,43,65493,C:\Users\刘子轩\Desktop\TP-SSCS项目\data\downloads\aistap_sim\sampledata\sampledata\simWind\simWind_sample.mat,0
oracle_gate,20,,80.0,simWind,oracle_gate_k20_p80,8.210245694492011,-0.0006357057421055448,1.0001463873701157,7.0718862982079775,0.001,325.70838044098514,0.7441860465116279,0.001007741285328203,43,65493,C:\Users\刘子轩\Desktop\TP-SSCS项目\data\downloads\aistap_sim\sampledata\sampledata\simWind\simWind_sample.mat,0
oracle_gate,20,,80.0,simWind,oracle_gate_k20_p80,8.210245694492011,-0.0006357057421055448,1.0001463873701157,7.0718862982079775,0.003,49.26789012304342,1.0,0.0030079550486311513,43,65493,C:\Users\刘子轩\Desktop\TP-SSCS项目\data\downloads\aistap_sim\sampledata\sampledata\simWind\simWind_sample.mat,0
oracle_gate,20,,80.0,simWind,oracle_gate_k20_p80,8.210245694492011,-0.0006357057421055448,1.0001463873701157,7.0718862982079775,0.01,25.261770366224077,1.0,0.010001068816514741,43,65493,C:\Users\刘子轩\Desktop\TP-SSCS项目\data\downloads\aistap_sim\sampledata\sampledata\simWind\simWind_sample.mat,0
oracle_gate,20,,90.0,simWind,oracle_gate_k20_p90,7.974292099365046,-0.0006591300063873475,1.0001517818103987,7.466733122900881,1e-05,8259.666061916438,0.046511627906976744,1.526880735345762e-05,43,65493,C:\Users\刘子轩\Desktop\TP-SSCS项目\data\downloads\aistap_sim\sampledata\sampledata\simWind\simWind_sample.mat,0
oracle_gate,20,,90.0,simWind,oracle_gate_k20_p90,7.974292099365046,-0.0006591300063873475,1.0001517818103987,7.466733122900881,3e-05,5966.361670191444,0.09302325581395349,3.053761470691524e-05,43,65493,C:\Users\刘子轩\Desktop\TP-SSCS项目\data\downloads\aistap_sim\sampledata\sampledata\simWind\simWind_sample.mat,0
oracle_gate,20,,90.0,simWind,oracle_gate_k20_p90,7.974292099365046,-0.0006591300063873475,1.0001517818103987,7.466733122900881,0.0001,4068.4319949616593,0.20930232558139536,0.00010688165147420336,43,65493,C:\Users\刘子轩\Desktop\TP-SSCS项目\data\downloads\aistap_sim\sampledata\sampledata\simWind\simWind_sample.mat,0
oracle_gate,20,,90.0,simWind,oracle_gate_k20_p90,7.974292099365046,-0.0006591300063873475,1.0001517818103987,7.466733122900881,0.0003,1913.6526588375905,0.32558139534883723,0.00030537614706915243,43,65493,C:\Users\刘子轩\Desktop\TP-SSCS项目\data\downloads\aistap_sim\sampledata\sampledata\simWind\simWind_sample.mat,0
oracle_gate,20,,90.0,simWind,oracle_gate_k20_p90,7.974292099365046,-0.0006591300063873475,1.0001517818103987,7.466733122900881,0.001,325.70838044098514,0.7441860465116279,0.001007741285328203,43,65493,C:\Users\刘子轩\Desktop\TP-SSCS项目\data\downloads\aistap_sim\sampledata\sampledata\simWind\simWind_sample.mat,0
oracle_gate,20,,90.0,simWind,oracle_gate_k20_p90,7.974292099365046,-0.0006591300063873475,1.0001517818103987,7.466733122900881,0.003,49.714701584599545,1.0,0.0030079550486311513,43,65493,C:\Users\刘子轩\Desktop\TP-SSCS项目\data\downloads\aistap_sim\sampledata\sampledata\simWind\simWind_sample.mat,0
oracle_gate,20,,90.0,simWind,oracle_gate_k20_p90,7.974292099365046,-0.0006591300063873475,1.0001517818103987,7.466733122900881,0.01,25.797536444658057,1.0,0.010001068816514741,43,65493,C:\Users\刘子轩\Desktop\TP-SSCS项目\data\downloads\aistap_sim\sampledata\sampledata\simWind\simWind_sample.mat,0
oracle_gate,20,,95.0,simWind,oracle_gate_k20_p95,7.846887350203364,-0.00013021722641802917,1.0000299840739535,7.689022006805899,1e-05,8259.666061916438,0.046511627906976744,1.526880735345762e-05,43,65493,C:\Users\刘子轩\Desktop\TP-SSCS项目\data\downloads\aistap_sim\sampledata\sampledata\simWind\simWind_sample.mat,0
oracle_gate,20,,95.0,simWind,oracle_gate_k20_p95,7.846887350203364,-0.00013021722641802917,1.0000299840739535,7.689022006805899,3e-05,5966.361670191444,0.09302325581395349,3.053761470691524e-05,43,65493,C:\Users\刘子轩\Desktop\TP-SSCS项目\data\downloads\aistap_sim\sampledata\sampledata\simWind\simWind_sample.mat,0
oracle_gate,20,,95.0,simWind,oracle_gate_k20_p95,7.846887350203364,-0.00013021722641802917,1.0000299840739535,7.689022006805899,0.0001,4068.4319949616593,0.20930232558139536,0.00010688165147420336,43,65493,C:\Users\刘子轩\Desktop\TP-SSCS项目\data\downloads\aistap_sim\sampledata\sampledata\simWind\simWind_sample.mat,0
oracle_gate,20,,95.0,simWind,oracle_gate_k20_p95,7.846887350203364,-0.00013021722641802917,1.0000299840739535,7.689022006805899,0.0003,1913.6526588375905,0.32558139534883723,0.00030537614706915243,43,65493,C:\Users\刘子轩\Desktop\TP-SSCS项目\data\downloads\aistap_sim\sampledata\sampledata\simWind\simWind_sample.mat,0
oracle_gate,20,,95.0,simWind,oracle_gate_k20_p95,7.846887350203364,-0.00013021722641802917,1.0000299840739535,7.689022006805899,0.001,325.70838044098514,0.7441860465116279,0.001007741285328203,43,65493,C:\Users\刘子轩\Desktop\TP-SSCS项目\data\downloads\aistap_sim\sampledata\sampledata\simWind\simWind_sample.mat,0
oracle_gate,20,,95.0,simWind,oracle_gate_k20_p95,7.846887350203364,-0.00013021722641802917,1.0000299840739535,7.689022006805899,0.003,50.06569905631765,1.0,0.0030079550486311513,43,65493,C:\Users\刘子轩\Desktop\TP-SSCS项目\data\downloads\aistap_sim\sampledata\sampledata\simWind\simWind_sample.mat,0
oracle_gate,20,,95.0,simWind,oracle_gate_k20_p95,7.846887350203364,-0.00013021722641802917,1.0000299840739535,7.689022006805899,0.01,26.30078168881999,1.0,0.010001068816514741,43,65493,C:\Users\刘子轩\Desktop\TP-SSCS项目\data\downloads\aistap_sim\sampledata\sampledata\simWind\simWind_sample.mat,0
low_rank_residual,30,,,simWind,low_rank_residual_k30,10.813302221026062,19.525238054130504,0.011155170037379755,3.883556401118943,1e-05,762.4651420941657,0.13953488372093023,1.526880735345762e-05,43,65493,C:\Users\刘子轩\Desktop\TP-SSCS项目\data\downloads\aistap_sim\sampledata\sampledata\simWind\simWind_sample.mat,0
low_rank_residual,30,,,simWind,low_rank_residual_k30,10.813302221026062,19.525238054130504,0.011155170037379755,3.883556401118943,3e-05,675.8359899709218,0.13953488372093023,3.053761470691524e-05,43,65493,C:\Users\刘子轩\Desktop\TP-SSCS项目\data\downloads\aistap_sim\sampledata\sampledata\simWind\simWind_sample.mat,0
low_rank_residual,30,,,simWind,low_rank_residual_k30,10.813302221026062,19.525238054130504,0.011155170037379755,3.883556401118943,0.0001,425.7774764075933,0.16279069767441862,0.00010688165147420336,43,65493,C:\Users\刘子轩\Desktop\TP-SSCS项目\data\downloads\aistap_sim\sampledata\sampledata\simWind\simWind_sample.mat,0
low_rank_residual,30,,,simWind,low_rank_residual_k30,10.813302221026062,19.525238054130504,0.011155170037379755,3.883556401118943,0.0003,159.8331657518777,0.4883720930232558,0.00030537614706915243,43,65493,C:\Users\刘子轩\Desktop\TP-SSCS项目\data\downloads\aistap_sim\sampledata\sampledata\simWind\simWind_sample.mat,0
low_rank_residual,30,,,simWind,low_rank_residual_k30,10.813302221026062,19.525238054130504,0.011155170037379755,3.883556401118943,0.001,62.542401908383525,0.813953488372093,0.001007741285328203,43,65493,C:\Users\刘子轩\Desktop\TP-SSCS项目\data\downloads\aistap_sim\sampledata\sampledata\simWind\simWind_sample.mat,0
low_rank_residual,30,,,simWind,low_rank_residual_k30,10.813302221026062,19.525238054130504,0.011155170037379755,3.883556401118943,0.003,28.293707118562192,0.8837209302325582,0.0030079550486311513,43,65493,C:\Users\刘子轩\Desktop\TP-SSCS项目\data\downloads\aistap_sim\sampledata\sampledata\simWind\simWind_sample.mat,0
low_rank_residual,30,,,simWind,low_rank_residual_k30,10.813302221026062,19.525238054130504,0.011155170037379755,3.883556401118943,0.01,17.423410147430893,0.9069767441860465,0.010001068816514741,43,65493,C:\Users\刘子轩\Desktop\TP-SSCS项目\data\downloads\aistap_sim\sampledata\sampledata\simWind\simWind_sample.mat,0
oracle_blend,30,0.0,,simWind,oracle_blend_k30_a0,11.303585508058614,0.0,1.0,3.468975943428399,1e-05,8259.666061916438,0.046511627906976744,1.526880735345762e-05,43,65493,C:\Users\刘子轩\Desktop\TP-SSCS项目\data\downloads\aistap_sim\sampledata\sampledata\simWind\simWind_sample.mat,0
oracle_blend,30,0.0,,simWind,oracle_blend_k30_a0,11.303585508058614,0.0,1.0,3.468975943428399,3e-05,5966.361670191444,0.09302325581395349,3.053761470691524e-05,43,65493,C:\Users\刘子轩\Desktop\TP-SSCS项目\data\downloads\aistap_sim\sampledata\sampledata\simWind\simWind_sample.mat,0
oracle_blend,30,0.0,,simWind,oracle_blend_k30_a0,11.303585508058614,0.0,1.0,3.468975943428399,0.0001,4068.4319949616593,0.20930232558139536,0.00010688165147420336,43,65493,C:\Users\刘子轩\Desktop\TP-SSCS项目\data\downloads\aistap_sim\sampledata\sampledata\simWind\simWind_sample.mat,0
oracle_blend,30,0.0,,simWind,oracle_blend_k30_a0,11.303585508058614,0.0,1.0,3.468975943428399,0.0003,1913.6526588375905,0.32558139534883723,0.00030537614706915243,43,65493,C:\Users\刘子轩\Desktop\TP-SSCS项目\data\downloads\aistap_sim\sampledata\sampledata\simWind\simWind_sample.mat,0
oracle_blend,30,0.0,,simWind,oracle_blend_k30_a0,11.303585508058614,0.0,1.0,3.468975943428399,0.001,325.70838044098514,0.7441860465116279,0.001007741285328203,43,65493,C:\Users\刘子轩\Desktop\TP-SSCS项目\data\downloads\aistap_sim\sampledata\sampledata\simWind\simWind_sample.mat,0
oracle_blend,30,0.0,,simWind,oracle_blend_k30_a0,11.303585508058614,0.0,1.0,3.468975943428399,0.003,19.752091818886655,1.0,0.0030079550486311513,43,65493,C:\Users\刘子轩\Desktop\TP-SSCS项目\data\downloads\aistap_sim\sampledata\sampledata\simWind\simWind_sample.mat,0
oracle_blend,30,0.0,,simWind,oracle_blend_k30_a0,11.303585508058614,0.0,1.0,3.468975943428399,0.01,0.6075203080581612,1.0,0.010001068816514741,43,65493,C:\Users\刘子轩\Desktop\TP-SSCS项目\data\downloads\aistap_sim\sampledata\sampledata\simWind\simWind_sample.mat,0
oracle_blend,30,0.25,,simWind,oracle_blend_k30_a0.25,12.932962451312441,2.4612568089842957,0.5673803868913536,2.383765850232058,1e-05,4752.33614420344,0.046511627906976744,1.526880735345762e-05,43,65493,C:\Users\刘子轩\Desktop\TP-SSCS项目\data\downloads\aistap_sim\sampledata\sampledata\simWind\simWind_sample.mat,0
oracle_blend,30,0.25,,simWind,oracle_blend_k30_a0.25,12.932962451312441,2.4612568089842957,0.5673803868913536,2.383765850232058,3e-05,3387.966563240274,0.11627906976744186,3.053761470691524e-05,43,65493,C:\Users\刘子轩\Desktop\TP-SSCS项目\data\downloads\aistap_sim\sampledata\sampledata\simWind\simWind_sample.mat,0
oracle_blend,30,0.25,,simWind,oracle_blend_k30_a0.25,12.932962451312441,2.4612568089842957,0.5673803868913536,2.383765850232058,0.0001,2464.223513675367,0.18604651162790697,0.00010688165147420336,43,65493,C:\Users\刘子轩\Desktop\TP-SSCS项目\data\downloads\aistap_sim\sampledata\sampledata\simWind\simWind_sample.mat,0
oracle_blend,30,0.25,,simWind,oracle_blend_k30_a0.25,12.932962451312441,2.4612568089842957,0.5673803868913536,2.383765850232058,0.0003,1083.0921510520764,0.46511627906976744,0.00030537614706915243,43,65493,C:\Users\刘子轩\Desktop\TP-SSCS项目\data\downloads\aistap_sim\sampledata\sampledata\simWind\simWind_sample.mat,0
oracle_blend,30,0.25,,simWind,oracle_blend_k30_a0.25,12.932962451312441,2.4612568089842957,0.5673803868913536,2.383765850232058,0.001,228.53360064570188,0.7441860465116279,0.001007741285328203,43,65493,C:\Users\刘子轩\Desktop\TP-SSCS项目\data\downloads\aistap_sim\sampledata\sampledata\simWind\simWind_sample.mat,0
oracle_blend,30,0.25,,simWind,oracle_blend_k30_a0.25,12.932962451312441,2.4612568089842957,0.5673803868913536,2.383765850232058,0.003,11.405650881557943,1.0,0.0030079550486311513,43,65493,C:\Users\刘子轩\Desktop\TP-SSCS项目\data\downloads\aistap_sim\sampledata\sampledata\simWind\simWind_sample.mat,0
oracle_blend,30,0.25,,simWind,oracle_blend_k30_a0.25,12.932962451312441,2.4612568089842957,0.5673803868913536,2.383765850232058,0.01,1.2631436987972524,1.0,0.010001068816514741,43,65493,C:\Users\刘子轩\Desktop\TP-SSCS项目\data\downloads\aistap_sim\sampledata\sampledata\simWind\simWind_sample.mat,0
oracle_blend,30,0.5,,simWind,oracle_blend_k30_a0.5,13.50179658782488,5.877640038507899,0.2583663775280349,2.0911258954483682,1e-05,2220.7792980698214,0.046511627906976744,1.526880735345762e-05,43,65493,C:\Users\刘子轩\Desktop\TP-SSCS项目\data\downloads\aistap_sim\sampledata\sampledata\simWind\simWind_sample.mat,0
oracle_blend,30,0.5,,simWind,oracle_blend_k30_a0.5,13.50179658782488,5.877640038507899,0.2583663775280349,2.0911258954483682,3e-05,1559.0635400120443,0.11627906976744186,3.053761470691524e-05,43,65493,C:\Users\刘子轩\Desktop\TP-SSCS项目\data\downloads\aistap_sim\sampledata\sampledata\simWind\simWind_sample.mat,0
oracle_blend,30,0.5,,simWind,oracle_blend_k30_a0.5,13.50179658782488,5.877640038507899,0.2583663775280349,2.0911258954483682,0.0001,1259.4775917472575,0.27906976744186046,0.00010688165147420336,43,65493,C:\Users\刘子轩\Desktop\TP-SSCS项目\data\downloads\aistap_sim\sampledata\sampledata\simWind\simWind_sample.mat,0
oracle_blend,30,0.5,,simWind,oracle_blend_k30_a0.5,13.50179658782488,5.877640038507899,0.2583663775280349,2.0911258954483682,0.0003,575.5669999336773,0.5348837209302325,0.00030537614706915243,43,65493,C:\Users\刘子轩\Desktop\TP-SSCS项目\data\downloads\aistap_sim\sampledata\sampledata\simWind\simWind_sample.mat,0
oracle_blend,30,0.5,,simWind,oracle_blend_k30_a0.5,13.50179658782488,5.877640038507899,0.2583663775280349,2.0911258954483682,0.001,165.02281069177516,0.7906976744186046,0.001007741285328203,43,65493,C:\Users\刘子轩\Desktop\TP-SSCS项目\data\downloads\aistap_sim\sampledata\sampledata\simWind\simWind_sample.mat,0
oracle_blend,30,0.5,,simWind,oracle_blend_k30_a0.5,13.50179658782488,5.877640038507899,0.2583663775280349,2.0911258954483682,0.003,12.23668622808735,1.0,0.0030079550486311513,43,65493,C:\Users\刘子轩\Desktop\TP-SSCS项目\data\downloads\aistap_sim\sampledata\sampledata\simWind\simWind_sample.mat,0
oracle_blend,30,0.5,,simWind,oracle_blend_k30_a0.5,13.50179658782488,5.877640038507899,0.2583663775280349,2.0911258954483682,0.01,4.560344976881781,1.0,0.010001068816514741,43,65493,C:\Users\刘子轩\Desktop\TP-SSCS项目\data\downloads\aistap_sim\sampledata\sampledata\simWind\simWind_sample.mat,0
oracle_blend,30,0.75,,simWind,oracle_blend_k30_a0.75,12.570830262577203,11.36927247055173,0.07295797191004358,2.59105607907733,1e-05,903.1939943747251,0.16279069767441862,1.526880735345762e-05,43,65493,C:\Users\刘子轩\Desktop\TP-SSCS项目\data\downloads\aistap_sim\sampledata\sampledata\simWind\simWind_sample.mat,0
oracle_blend,30,0.75,,simWind,oracle_blend_k30_a0.75,12.570830262577203,11.36927247055173,0.07295797191004358,2.59105607907733,3e-05,784.0391216608572,0.16279069767441862,3.053761470691524e-05,43,65493,C:\Users\刘子轩\Desktop\TP-SSCS项目\data\downloads\aistap_sim\sampledata\sampledata\simWind\simWind_sample.mat,0
oracle_blend,30,0.75,,simWind,oracle_blend_k30_a0.75,12.570830262577203,11.36927247055173,0.07295797191004358,2.59105607907733,0.0001,615.27395972444,0.20930232558139536,0.00010688165147420336,43,65493,C:\Users\刘子轩\Desktop\TP-SSCS项目\data\downloads\aistap_sim\sampledata\sampledata\simWind\simWind_sample.mat,0
oracle_blend,30,0.75,,simWind,oracle_blend_k30_a0.75,12.570830262577203,11.36927247055173,0.07295797191004358,2.59105607907733,0.0003,262.095161561871,0.627906976744186,0.00030537614706915243,43,65493,C:\Users\刘子轩\Desktop\TP-SSCS项目\data\downloads\aistap_sim\sampledata\sampledata\simWind\simWind_sample.mat,0
oracle_blend,30,0.75,,simWind,oracle_blend_k30_a0.75,12.570830262577203,11.36927247055173,0.07295797191004358,2.59105607907733,0.001,90.15686517285552,0.8604651162790697,0.001007741285328203,43,65493,C:\Users\刘子轩\Desktop\TP-SSCS项目\data\downloads\aistap_sim\sampledata\sampledata\simWind\simWind_sample.mat,0
oracle_blend,30,0.75,,simWind,oracle_blend_k30_a0.75,12.570830262577203,11.36927247055173,0.07295797191004358,2.59105607907733,0.003,18.534466947946022,1.0,0.0030079550486311513,43,65493,C:\Users\刘子轩\Desktop\TP-SSCS项目\data\downloads\aistap_sim\sampledata\sampledata\simWind\simWind_sample.mat,0
oracle_blend,30,0.75,,simWind,oracle_blend_k30_a0.75,12.570830262577203,11.36927247055173,0.07295797191004358,2.59105607907733,0.01,9.963104794527148,1.0,0.010001068816514741,43,65493,C:\Users\刘子轩\Desktop\TP-SSCS项目\data\downloads\aistap_sim\sampledata\sampledata\simWind\simWind_sample.mat,0
oracle_blend,30,1.0,,simWind,oracle_blend_k30_a1,10.813302221026062,19.525238054130504,0.011155170037379755,3.883556401118943,1e-05,762.4651420941657,0.13953488372093023,1.526880735345762e-05,43,65493,C:\Users\刘子轩\Desktop\TP-SSCS项目\data\downloads\aistap_sim\sampledata\sampledata\simWind\simWind_sample.mat,0
oracle_blend,30,1.0,,simWind,oracle_blend_k30_a1,10.813302221026062,19.525238054130504,0.011155170037379755,3.883556401118943,3e-05,675.8359899709218,0.13953488372093023,3.053761470691524e-05,43,65493,C:\Users\刘子轩\Desktop\TP-SSCS项目\data\downloads\aistap_sim\sampledata\sampledata\simWind\simWind_sample.mat,0
oracle_blend,30,1.0,,simWind,oracle_blend_k30_a1,10.813302221026062,19.525238054130504,0.011155170037379755,3.883556401118943,0.0001,425.7774764075933,0.16279069767441862,0.00010688165147420336,43,65493,C:\Users\刘子轩\Desktop\TP-SSCS项目\data\downloads\aistap_sim\sampledata\sampledata\simWind\simWind_sample.mat,0
oracle_blend,30,1.0,,simWind,oracle_blend_k30_a1,10.813302221026062,19.525238054130504,0.011155170037379755,3.883556401118943,0.0003,159.8331657518777,0.4883720930232558,0.00030537614706915243,43,65493,C:\Users\刘子轩\Desktop\TP-SSCS项目\data\downloads\aistap_sim\sampledata\sampledata\simWind\simWind_sample.mat,0
oracle_blend,30,1.0,,simWind,oracle_blend_k30_a1,10.813302221026062,19.525238054130504,0.011155170037379755,3.883556401118943,0.001,62.542401908383525,0.813953488372093,0.001007741285328203,43,65493,C:\Users\刘子轩\Desktop\TP-SSCS项目\data\downloads\aistap_sim\sampledata\sampledata\simWind\simWind_sample.mat,0
oracle_blend,30,1.0,,simWind,oracle_blend_k30_a1,10.813302221026062,19.525238054130504,0.011155170037379755,3.883556401118943,0.003,28.293707118562192,0.8837209302325582,0.0030079550486311513,43,65493,C:\Users\刘子轩\Desktop\TP-SSCS项目\data\downloads\aistap_sim\sampledata\sampledata\simWind\simWind_sample.mat,0
oracle_blend,30,1.0,,simWind,oracle_blend_k30_a1,10.813302221026062,19.525238054130504,0.011155170037379755,3.883556401118943,0.01,17.423410147430893,0.9069767441860465,0.010001068816514741,43,65493,C:\Users\刘子轩\Desktop\TP-SSCS项目\data\downloads\aistap_sim\sampledata\sampledata\simWind\simWind_sample.mat,0
oracle_gate,30,,50.0,simWind,oracle_gate_k30_p50,9.437167494114778,-3.110573495763564e-05,1.0000071623858118,5.331422365287068,1e-05,8259.666061916438,0.046511627906976744,1.526880735345762e-05,43,65493,C:\Users\刘子轩\Desktop\TP-SSCS项目\data\downloads\aistap_sim\sampledata\sampledata\simWind\simWind_sample.mat,0
oracle_gate,30,,50.0,simWind,oracle_gate_k30_p50,9.437167494114778,-3.110573495763564e-05,1.0000071623858118,5.331422365287068,3e-05,5966.361670191444,0.09302325581395349,3.053761470691524e-05,43,65493,C:\Users\刘子轩\Desktop\TP-SSCS项目\data\downloads\aistap_sim\sampledata\sampledata\simWind\simWind_sample.mat,0
oracle_gate,30,,50.0,simWind,oracle_gate_k30_p50,9.437167494114778,-3.110573495763564e-05,1.0000071623858118,5.331422365287068,0.0001,4068.4319949616593,0.20930232558139536,0.00010688165147420336,43,65493,C:\Users\刘子轩\Desktop\TP-SSCS项目\data\downloads\aistap_sim\sampledata\sampledata\simWind\simWind_sample.mat,0
oracle_gate,30,,50.0,simWind,oracle_gate_k30_p50,9.437167494114778,-3.110573495763564e-05,1.0000071623858118,5.331422365287068,0.0003,1913.6526588375905,0.32558139534883723,0.00030537614706915243,43,65493,C:\Users\刘子轩\Desktop\TP-SSCS项目\data\downloads\aistap_sim\sampledata\sampledata\simWind\simWind_sample.mat,0
oracle_gate,30,,50.0,simWind,oracle_gate_k30_p50,9.437167494114778,-3.110573495763564e-05,1.0000071623858118,5.331422365287068,0.001,325.70838044098514,0.7441860465116279,0.001007741285328203,43,65493,C:\Users\刘子轩\Desktop\TP-SSCS项目\data\downloads\aistap_sim\sampledata\sampledata\simWind\simWind_sample.mat,0
oracle_gate,30,,50.0,simWind,oracle_gate_k30_p50,9.437167494114778,-3.110573495763564e-05,1.0000071623858118,5.331422365287068,0.003,31.94867987527369,1.0,0.0030079550486311513,43,65493,C:\Users\刘子轩\Desktop\TP-SSCS项目\data\downloads\aistap_sim\sampledata\sampledata\simWind\simWind_sample.mat,0
oracle_gate,30,,50.0,simWind,oracle_gate_k30_p50,9.437167494114778,-3.110573495763564e-05,1.0000071623858118,5.331422365287068,0.01,15.626083515717431,1.0,0.010001068816514741,43,65493,C:\Users\刘子轩\Desktop\TP-SSCS项目\data\downloads\aistap_sim\sampledata\sampledata\simWind\simWind_sample.mat,0
oracle_gate,30,,70.0,simWind,oracle_gate_k30_p70,8.924614824258727,-0.0001910896349603477,1.0000440009825033,5.999269288456553,1e-05,8259.666061916438,0.046511627906976744,1.526880735345762e-05,43,65493,C:\Users\刘子轩\Desktop\TP-SSCS项目\data\downloads\aistap_sim\sampledata\sampledata\simWind\simWind_sample.mat,0
oracle_gate,30,,70.0,simWind,oracle_gate_k30_p70,8.924614824258727,-0.0001910896349603477,1.0000440009825033,5.999269288456553,3e-05,5966.361670191444,0.09302325581395349,3.053761470691524e-05,43,65493,C:\Users\刘子轩\Desktop\TP-SSCS项目\data\downloads\aistap_sim\sampledata\sampledata\simWind\simWind_sample.mat,0
oracle_gate,30,,70.0,simWind,oracle_gate_k30_p70,8.924614824258727,-0.0001910896349603477,1.0000440009825033,5.999269288456553,0.0001,4068.4319949616593,0.20930232558139536,0.00010688165147420336,43,65493,C:\Users\刘子轩\Desktop\TP-SSCS项目\data\downloads\aistap_sim\sampledata\sampledata\simWind\simWind_sample.mat,0
oracle_gate,30,,70.0,simWind,oracle_gate_k30_p70,8.924614824258727,-0.0001910896349603477,1.0000440009825033,5.999269288456553,0.0003,1913.6526588375905,0.32558139534883723,0.00030537614706915243,43,65493,C:\Users\刘子轩\Desktop\TP-SSCS项目\data\downloads\aistap_sim\sampledata\sampledata\simWind\simWind_sample.mat,0
oracle_gate,30,,70.0,simWind,oracle_gate_k30_p70,8.924614824258727,-0.0001910896349603477,1.0000440009825033,5.999269288456553,0.001,325.70838044098514,0.7441860465116279,0.001007741285328203,43,65493,C:\Users\刘子轩\Desktop\TP-SSCS项目\data\downloads\aistap_sim\sampledata\sampledata\simWind\simWind_sample.mat,0
oracle_gate,30,,70.0,simWind,oracle_gate_k30_p70,8.924614824258727,-0.0001910896349603477,1.0000440009825033,5.999269288456553,0.003,32.80068008756361,1.0,0.0030079550486311513,43,65493,C:\Users\刘子轩\Desktop\TP-SSCS项目\data\downloads\aistap_sim\sampledata\sampledata\simWind\simWind_sample.mat,0
oracle_gate,30,,70.0,simWind,oracle_gate_k30_p70,8.924614824258727,-0.0001910896349603477,1.0000440009825033,5.999269288456553,0.01,16.79033424106224,1.0,0.010001068816514741,43,65493,C:\Users\刘子轩\Desktop\TP-SSCS项目\data\downloads\aistap_sim\sampledata\sampledata\simWind\simWind_sample.mat,0
oracle_gate,30,,80.0,simWind,oracle_gate_k30_p80,8.714085801864632,-0.0005223068173801408,1.0001202728213627,6.297254693036527,1e-05,8259.666061916438,0.046511627906976744,1.526880735345762e-05,43,65493,C:\Users\刘子轩\Desktop\TP-SSCS项目\data\downloads\aistap_sim\sampledata\sampledata\simWind\simWind_sample.mat,0
oracle_gate,30,,80.0,simWind,oracle_gate_k30_p80,8.714085801864632,-0.0005223068173801408,1.0001202728213627,6.297254693036527,3e-05,5966.361670191444,0.09302325581395349,3.053761470691524e-05,43,65493,C:\Users\刘子轩\Desktop\TP-SSCS项目\data\downloads\aistap_sim\sampledata\sampledata\simWind\simWind_sample.mat,0
oracle_gate,30,,80.0,simWind,oracle_gate_k30_p80,8.714085801864632,-0.0005223068173801408,1.0001202728213627,6.297254693036527,0.0001,4068.4319949616593,0.20930232558139536,0.00010688165147420336,43,65493,C:\Users\刘子轩\Desktop\TP-SSCS项目\data\downloads\aistap_sim\sampledata\sampledata\simWind\simWind_sample.mat,0
oracle_gate,30,,80.0,simWind,oracle_gate_k30_p80,8.714085801864632,-0.0005223068173801408,1.0001202728213627,6.297254693036527,0.0003,1913.6526588375905,0.32558139534883723,0.00030537614706915243,43,65493,C:\Users\刘子轩\Desktop\TP-SSCS项目\data\downloads\aistap_sim\sampledata\sampledata\simWind\simWind_sample.mat,0
oracle_gate,30,,80.0,simWind,oracle_gate_k30_p80,8.714085801864632,-0.0005223068173801408,1.0001202728213627,6.297254693036527,0.001,325.70838044098514,0.7441860465116279,0.001007741285328203,43,65493,C:\Users\刘子轩\Desktop\TP-SSCS项目\data\downloads\aistap_sim\sampledata\sampledata\simWind\simWind_sample.mat,0
oracle_gate,30,,80.0,simWind,oracle_gate_k30_p80,8.714085801864632,-0.0005223068173801408,1.0001202728213627,6.297254693036527,0.003,32.919964145809345,1.0,0.0030079550486311513,43,65493,C:\Users\刘子轩\Desktop\TP-SSCS项目\data\downloads\aistap_sim\sampledata\sampledata\simWind\simWind_sample.mat,0
oracle_gate,30,,80.0,simWind,oracle_gate_k30_p80,8.714085801864632,-0.0005223068173801408,1.0001202728213627,6.297254693036527,0.01,17.00592367781061,1.0,0.010001068816514741,43,65493,C:\Users\刘子轩\Desktop\TP-SSCS项目\data\downloads\aistap_sim\sampledata\sampledata\simWind\simWind_sample.mat,0
oracle_gate,30,,90.0,simWind,oracle_gate_k30_p90,8.503715030609666,-0.0012875531488900655,1.0002965140203013,6.609800260325043,1e-05,8259.666061916438,0.046511627906976744,1.526880735345762e-05,43,65493,C:\Users\刘子轩\Desktop\TP-SSCS项目\data\downloads\aistap_sim\sampledata\sampledata\simWind\simWind_sample.mat,0
oracle_gate,30,,90.0,simWind,oracle_gate_k30_p90,8.503715030609666,-0.0012875531488900655,1.0002965140203013,6.609800260325043,3e-05,5966.361670191444,0.09302325581395349,3.053761470691524e-05,43,65493,C:\Users\刘子轩\Desktop\TP-SSCS项目\data\downloads\aistap_sim\sampledata\sampledata\simWind\simWind_sample.mat,0
oracle_gate,30,,90.0,simWind,oracle_gate_k30_p90,8.503715030609666,-0.0012875531488900655,1.0002965140203013,6.609800260325043,0.0001,4068.4319949616593,0.20930232558139536,0.00010688165147420336,43,65493,C:\Users\刘子轩\Desktop\TP-SSCS项目\data\downloads\aistap_sim\sampledata\sampledata\simWind\simWind_sample.mat,0
oracle_gate,30,,90.0,simWind,oracle_gate_k30_p90,8.503715030609666,-0.0012875531488900655,1.0002965140203013,6.609800260325043,0.0003,1913.6526588375905,0.32558139534883723,0.00030537614706915243,43,65493,C:\Users\刘子轩\Desktop\TP-SSCS项目\data\downloads\aistap_sim\sampledata\sampledata\simWind\simWind_sample.mat,0
oracle_gate,30,,90.0,simWind,oracle_gate_k30_p90,8.503715030609666,-0.0012875531488900655,1.0002965140203013,6.609800260325043,0.001,325.70838044098514,0.7441860465116279,0.001007741285328203,43,65493,C:\Users\刘子轩\Desktop\TP-SSCS项目\data\downloads\aistap_sim\sampledata\sampledata\simWind\simWind_sample.mat,0
oracle_gate,30,,90.0,simWind,oracle_gate_k30_p90,8.503715030609666,-0.0012875531488900655,1.0002965140203013,6.609800260325043,0.003,34.40928206491927,1.0,0.0030079550486311513,43,65493,C:\Users\刘子轩\Desktop\TP-SSCS项目\data\downloads\aistap_sim\sampledata\sampledata\simWind\simWind_sample.mat,0
oracle_gate,30,,90.0,simWind,oracle_gate_k30_p90,8.503715030609666,-0.0012875531488900655,1.0002965140203013,6.609800260325043,0.01,17.33508800132886,1.0,0.010001068816514741,43,65493,C:\Users\刘子轩\Desktop\TP-SSCS项目\data\downloads\aistap_sim\sampledata\sampledata\simWind\simWind_sample.mat,0
oracle_gate,30,,95.0,simWind,oracle_gate_k30_p95,8.395669353141544,-0.0010297066480498612,1.0002371268279182,6.776304350094052,1e-05,8259.666061916438,0.046511627906976744,1.526880735345762e-05,43,65493,C:\Users\刘子轩\Desktop\TP-SSCS项目\data\downloads\aistap_sim\sampledata\sampledata\simWind\simWind_sample.mat,0
oracle_gate,30,,95.0,simWind,oracle_gate_k30_p95,8.395669353141544,-0.0010297066480498612,1.0002371268279182,6.776304350094052,3e-05,5966.361670191444,0.09302325581395349,3.053761470691524e-05,43,65493,C:\Users\刘子轩\Desktop\TP-SSCS项目\data\downloads\aistap_sim\sampledata\sampledata\simWind\simWind_sample.mat,0
oracle_gate,30,,95.0,simWind,oracle_gate_k30_p95,8.395669353141544,-0.0010297066480498612,1.0002371268279182,6.776304350094052,0.0001,4068.4319949616593,0.20930232558139536,0.00010688165147420336,43,65493,C:\Users\刘子轩\Desktop\TP-SSCS项目\data\downloads\aistap_sim\sampledata\sampledata\simWind\simWind_sample.mat,0
oracle_gate,30,,95.0,simWind,oracle_gate_k30_p95,8.395669353141544,-0.0010297066480498612,1.0002371268279182,6.776304350094052,0.0003,1913.6526588375905,0.32558139534883723,0.00030537614706915243,43,65493,C:\Users\刘子轩\Desktop\TP-SSCS项目\data\downloads\aistap_sim\sampledata\sampledata\simWind\simWind_sample.mat,0
oracle_gate,30,,95.0,simWind,oracle_gate_k30_p95,8.395669353141544,-0.0010297066480498612,1.0002371268279182,6.776304350094052,0.001,325.70838044098514,0.7441860465116279,0.001007741285328203,43,65493,C:\Users\刘子轩\Desktop\TP-SSCS项目\data\downloads\aistap_sim\sampledata\sampledata\simWind\simWind_sample.mat,0
oracle_gate,30,,95.0,simWind,oracle_gate_k30_p95,8.395669353141544,-0.0010297066480498612,1.0002371268279182,6.776304350094052,0.003,34.40928206491927,1.0,0.0030079550486311513,43,65493,C:\Users\刘子轩\Desktop\TP-SSCS项目\data\downloads\aistap_sim\sampledata\sampledata\simWind\simWind_sample.mat,0
oracle_gate,30,,95.0,simWind,oracle_gate_k30_p95,8.395669353141544,-0.0010297066480498612,1.0002371268279182,6.776304350094052,0.01,17.511844463753885,1.0,0.010001068816514741,43,65493,C:\Users\刘子轩\Desktop\TP-SSCS项目\data\downloads\aistap_sim\sampledata\sampledata\simWind\simWind_sample.mat,0
trainable_gate,30,,,simWind,trainable_gate_rank30,8.560302647451257,0.3933022315414098,0.913418444191442,6.5242346760689385,1e-05,8282.718952381605,0.046511627906976744,1.526880735345762e-05,43,65493,C:\Users\刘子轩\Desktop\TP-SSCS项目\data\downloads\aistap_sim\sampledata\sampledata\simWind\simWind_sample.mat,0
trainable_gate,30,,,simWind,trainable_gate_rank30,8.560302647451257,0.3933022315414098,0.913418444191442,6.5242346760689385,3e-05,5872.386231986153,0.11627906976744186,3.053761470691524e-05,43,65493,C:\Users\刘子轩\Desktop\TP-SSCS项目\data\downloads\aistap_sim\sampledata\sampledata\simWind\simWind_sample.mat,0
trainable_gate,30,,,simWind,trainable_gate_rank30,8.560302647451257,0.3933022315414098,0.913418444191442,6.5242346760689385,0.0001,2797.8970107606538,0.3023255813953488,0.00010688165147420336,43,65493,C:\Users\刘子轩\Desktop\TP-SSCS项目\data\downloads\aistap_sim\sampledata\sampledata\simWind\simWind_sample.mat,0
trainable_gate,30,,,simWind,trainable_gate_rank30,8.560302647451257,0.3933022315414098,0.913418444191442,6.5242346760689385,0.0003,1301.0164829115274,0.46511627906976744,0.00030537614706915243,43,65493,C:\Users\刘子轩\Desktop\TP-SSCS项目\data\downloads\aistap_sim\sampledata\sampledata\simWind\simWind_sample.mat,0
trainable_gate,30,,,simWind,trainable_gate_rank30,8.560302647451257,0.3933022315414098,0.913418444191442,6.5242346760689385,0.001,210.49860422346302,0.7906976744186046,0.001007741285328203,43,65493,C:\Users\刘子轩\Desktop\TP-SSCS项目\data\downloads\aistap_sim\sampledata\sampledata\simWind\simWind_sample.mat,0
trainable_gate,30,,,simWind,trainable_gate_rank30,8.560302647451257,0.3933022315414098,0.913418444191442,6.5242346760689385,0.003,35.926483958217,0.9767441860465116,0.0030079550486311513,43,65493,C:\Users\刘子轩\Desktop\TP-SSCS项目\data\downloads\aistap_sim\sampledata\sampledata\simWind\simWind_sample.mat,0
trainable_gate,30,,,simWind,trainable_gate_rank30,8.560302647451257,0.3933022315414098,0.913418444191442,6.5242346760689385,0.01,18.06526464202711,0.9767441860465116,0.010001068816514741,43,65493,C:\Users\刘子轩\Desktop\TP-SSCS项目\data\downloads\aistap_sim\sampledata\sampledata\simWind\simWind_sample.mat,0

