asset,pfa_target,method,method_family,training_cells,guard_cells,os_percentile,pd_mean,empirical_pfa_mean,n_items
simMed_test.mat,1e-05,low_rank_residual_k30_ca_t4_g1_cfar_local,classical_local_cfar_param_sweep,4.0,1.0,,0.09697341266427659,0.0,105
simMed_test.mat,1e-05,low_rank_residual_k30_ca_t4_g2_cfar_local,classical_local_cfar_param_sweep,4.0,2.0,,0.09289114014293422,0.0,105
simMed_test.mat,1e-05,low_rank_residual_k30_ca_t6_g1_cfar_local,classical_local_cfar_param_sweep,6.0,1.0,,0.09012385421004422,0.0,105
simMed_test.mat,1e-05,low_rank_residual_k30_ca_t6_g2_cfar_local,classical_local_cfar_param_sweep,6.0,2.0,,0.08825666226075345,0.0,105
simMed_test.mat,1e-05,low_rank_residual_k30_ca_t8_g1_cfar_local,classical_local_cfar_param_sweep,8.0,1.0,,0.0888262556879866,0.0,105
simMed_test.mat,1e-05,low_rank_residual_k30_ca_t8_g2_cfar_local,classical_local_cfar_param_sweep,8.0,2.0,,0.08834607832475304,0.0,105
simMed_test.mat,1e-05,low_rank_residual_k30_global_topk,global,,,,0.09885361114797112,0.0,105
simMed_test.mat,1e-05,low_rank_residual_k30_goca_t4_g1_cfar_local,classical_local_cfar_param_sweep,4.0,1.0,,0.09841858974659401,0.0,105
simMed_test.mat,1e-05,low_rank_residual_k30_goca_t4_g2_cfar_local,classical_local_cfar_param_sweep,4.0,2.0,,0.09472075801369334,0.0,105
simMed_test.mat,1e-05,low_rank_residual_k30_goca_t6_g1_cfar_local,classical_local_cfar_param_sweep,6.0,1.0,,0.09290369492251092,0.0,105
simMed_test.mat,1e-05,low_rank_residual_k30_goca_t6_g2_cfar_local,classical_local_cfar_param_sweep,6.0,2.0,,0.08896681357733874,0.0,105
simMed_test.mat,1e-05,low_rank_residual_k30_goca_t8_g1_cfar_local,classical_local_cfar_param_sweep,8.0,1.0,,0.08953393042075845,0.0,105
simMed_test.mat,1e-05,low_rank_residual_k30_goca_t8_g2_cfar_local,classical_local_cfar_param_sweep,8.0,2.0,,0.08631595072670165,0.0,105
simMed_test.mat,1e-05,low_rank_residual_k30_os60_t4_g1_cfar_local,classical_local_cfar_param_sweep,4.0,1.0,60.0,0.09257812210532451,0.0,105
simMed_test.mat,1e-05,low_rank_residual_k30_os60_t4_g2_cfar_local,classical_local_cfar_param_sweep,4.0,2.0,60.0,0.09118923813759723,0.0,105
simMed_test.mat,1e-05,low_rank_residual_k30_os60_t6_g1_cfar_local,classical_local_cfar_param_sweep,6.0,1.0,60.0,0.09208960734568111,0.0,105
simMed_test.mat,1e-05,low_rank_residual_k30_os60_t6_g2_cfar_local,classical_local_cfar_param_sweep,6.0,2.0,60.0,0.09167980056368337,0.0,105
simMed_test.mat,1e-05,low_rank_residual_k30_os60_t8_g1_cfar_local,classical_local_cfar_param_sweep,8.0,1.0,60.0,0.09345819953614941,0.0,105
simMed_test.mat,1e-05,low_rank_residual_k30_os60_t8_g2_cfar_local,classical_local_cfar_param_sweep,8.0,2.0,60.0,0.09541184938345366,0.0,105
simMed_test.mat,1e-05,low_rank_residual_k30_os75_t4_g1_cfar_local,classical_local_cfar_param_sweep,4.0,1.0,75.0,0.0932850406524651,0.0,105
simMed_test.mat,1e-05,low_rank_residual_k30_os75_t4_g2_cfar_local,classical_local_cfar_param_sweep,4.0,2.0,75.0,0.09342768699786998,0.0,105
simMed_test.mat,1e-05,low_rank_residual_k30_os75_t6_g1_cfar_local,classical_local_cfar_param_sweep,6.0,1.0,75.0,0.09328665035045561,0.0,105
simMed_test.mat,1e-05,low_rank_residual_k30_os75_t6_g2_cfar_local,classical_local_cfar_param_sweep,6.0,2.0,75.0,0.09204693641187521,0.0,105
simMed_test.mat,1e-05,low_rank_residual_k30_os75_t8_g1_cfar_local,classical_local_cfar_param_sweep,8.0,1.0,75.0,0.09315454657166813,0.0,105
simMed_test.mat,1e-05,low_rank_residual_k30_os75_t8_g2_cfar_local,classical_local_cfar_param_sweep,8.0,2.0,75.0,0.09375286975537941,0.0,105
simMed_test.mat,1e-05,low_rank_residual_k30_os90_t4_g1_cfar_local,classical_local_cfar_param_sweep,4.0,1.0,90.0,0.09079956557211101,0.0,105
simMed_test.mat,1e-05,low_rank_residual_k30_os90_t4_g2_cfar_local,classical_local_cfar_param_sweep,4.0,2.0,90.0,0.09538911837881218,0.0,105
simMed_test.mat,1e-05,low_rank_residual_k30_os90_t6_g1_cfar_local,classical_local_cfar_param_sweep,6.0,1.0,90.0,0.09441562411239422,0.0,105
simMed_test.mat,1e-05,low_rank_residual_k30_os90_t6_g2_cfar_local,classical_local_cfar_param_sweep,6.0,2.0,90.0,0.09476243646980807,0.0,105
simMed_test.mat,1e-05,low_rank_residual_k30_os90_t8_g1_cfar_local,classical_local_cfar_param_sweep,8.0,1.0,90.0,0.09550905938401924,0.0,105
simMed_test.mat,1e-05,low_rank_residual_k30_os90_t8_g2_cfar_local,classical_local_cfar_param_sweep,8.0,2.0,90.0,0.09269263395685233,0.0,105
simMed_test.mat,1e-05,low_rank_residual_k30_soca_t4_g1_cfar_local,classical_local_cfar_param_sweep,4.0,1.0,,0.0018695305752221161,0.0,105
simMed_test.mat,1e-05,low_rank_residual_k30_soca_t4_g2_cfar_local,classical_local_cfar_param_sweep,4.0,2.0,,0.004073994204156571,0.0,105
simMed_test.mat,1e-05,low_rank_residual_k30_soca_t6_g1_cfar_local,classical_local_cfar_param_sweep,6.0,1.0,,0.0018695305752221161,0.0,105
simMed_test.mat,1e-05,low_rank_residual_k30_soca_t6_g2_cfar_local,classical_local_cfar_param_sweep,6.0,2.0,,0.004073994204156571,0.0,105
simMed_test.mat,1e-05,low_rank_residual_k30_soca_t8_g1_cfar_local,classical_local_cfar_param_sweep,8.0,1.0,,0.0018695305752221161,0.0,105
simMed_test.mat,1e-05,low_rank_residual_k30_soca_t8_g2_cfar_local,classical_local_cfar_param_sweep,8.0,2.0,,0.004073994204156571,0.0,105
simMed_test.mat,1e-05,raw_ca_t4_g1_cfar_local,classical_local_cfar_param_sweep,4.0,1.0,,0.10144802710904603,0.0,105
simMed_test.mat,1e-05,raw_ca_t4_g2_cfar_local,classical_local_cfar_param_sweep,4.0,2.0,,0.0776194098163334,0.0,105
simMed_test.mat,1e-05,raw_ca_t6_g1_cfar_local,classical_local_cfar_param_sweep,6.0,1.0,,0.09049883695767569,0.0,105
simMed_test.mat,1e-05,raw_ca_t6_g2_cfar_local,classical_local_cfar_param_sweep,6.0,2.0,,0.07634087668228712,0.0,105
simMed_test.mat,1e-05,raw_ca_t8_g1_cfar_local,classical_local_cfar_param_sweep,8.0,1.0,,0.0822490181702882,0.0,105
simMed_test.mat,1e-05,raw_ca_t8_g2_cfar_local,classical_local_cfar_param_sweep,8.0,2.0,,0.07082788830151908,0.0,105
simMed_test.mat,1e-05,raw_global_topk,global,,,,0.0783311427619855,0.0,105
simMed_test.mat,1e-05,raw_goca_t4_g1_cfar_local,classical_local_cfar_param_sweep,4.0,1.0,,0.10088341330154685,0.0,105
simMed_test.mat,1e-05,raw_goca_t4_g2_cfar_local,classical_local_cfar_param_sweep,4.0,2.0,,0.07203265565340966,0.0,105
simMed_test.mat,1e-05,raw_goca_t6_g1_cfar_local,classical_local_cfar_param_sweep,6.0,1.0,,0.08624041992433287,0.0,105
simMed_test.mat,1e-05,raw_goca_t6_g2_cfar_local,classical_local_cfar_param_sweep,6.0,2.0,,0.07090285405382506,0.0,105
simMed_test.mat,1e-05,raw_goca_t8_g1_cfar_local,classical_local_cfar_param_sweep,8.0,1.0,,0.07974234503015205,0.0,105
simMed_test.mat,1e-05,raw_goca_t8_g2_cfar_local,classical_local_cfar_param_sweep,8.0,2.0,,0.06594554921263127,0.0,105
simMed_test.mat,1e-05,raw_os60_t4_g1_cfar_local,classical_local_cfar_param_sweep,4.0,1.0,60.0,0.08102909262962786,0.0,105
simMed_test.mat,1e-05,raw_os60_t4_g2_cfar_local,classical_local_cfar_param_sweep,4.0,2.0,60.0,0.07903735943838007,0.0,105
simMed_test.mat,1e-05,raw_os60_t6_g1_cfar_local,classical_local_cfar_param_sweep,6.0,1.0,60.0,0.08208492745790817,0.0,105
simMed_test.mat,1e-05,raw_os60_t6_g2_cfar_local,classical_local_cfar_param_sweep,6.0,2.0,60.0,0.07904058354904851,0.0,105
simMed_test.mat,1e-05,raw_os60_t8_g1_cfar_local,classical_local_cfar_param_sweep,8.0,1.0,60.0,0.08257577241308132,0.0,105
simMed_test.mat,1e-05,raw_os60_t8_g2_cfar_local,classical_local_cfar_param_sweep,8.0,2.0,60.0,0.08000261809514497,0.0,105
simMed_test.mat,1e-05,raw_os75_t4_g1_cfar_local,classical_local_cfar_param_sweep,4.0,1.0,75.0,0.082174135504532,0.0,105
simMed_test.mat,1e-05,raw_os75_t4_g2_cfar_local,classical_local_cfar_param_sweep,4.0,2.0,75.0,0.0787104443883334,0.0,105
simMed_test.mat,1e-05,raw_os75_t6_g1_cfar_local,classical_local_cfar_param_sweep,6.0,1.0,75.0,0.08418222095132344,0.0,105
simMed_test.mat,1e-05,raw_os75_t6_g2_cfar_local,classical_local_cfar_param_sweep,6.0,2.0,75.0,0.079991727611155,0.0,105
simMed_test.mat,1e-05,raw_os75_t8_g1_cfar_local,classical_local_cfar_param_sweep,8.0,1.0,75.0,0.08426706289647899,0.0,105
simMed_test.mat,1e-05,raw_os75_t8_g2_cfar_local,classical_local_cfar_param_sweep,8.0,2.0,75.0,0.07859874679599198,0.0,105
simMed_test.mat,1e-05,raw_os90_t4_g1_cfar_local,classical_local_cfar_param_sweep,4.0,1.0,90.0,0.08605777885470953,0.0,105
simMed_test.mat,1e-05,raw_os90_t4_g2_cfar_local,classical_local_cfar_param_sweep,4.0,2.0,90.0,0.07930868964338474,0.0,105
simMed_test.mat,1e-05,raw_os90_t6_g1_cfar_local,classical_local_cfar_param_sweep,6.0,1.0,90.0,0.08283066125514175,0.0,105
simMed_test.mat,1e-05,raw_os90_t6_g2_cfar_local,classical_local_cfar_param_sweep,6.0,2.0,90.0,0.07913413258142549,0.0,105
simMed_test.mat,1e-05,raw_os90_t8_g1_cfar_local,classical_local_cfar_param_sweep,8.0,1.0,90.0,0.07837161820717954,0.0,105
simMed_test.mat,1e-05,raw_os90_t8_g2_cfar_local,classical_local_cfar_param_sweep,8.0,2.0,90.0,0.07601832476433955,0.0,105
simMed_test.mat,1e-05,raw_soca_t4_g1_cfar_local,classical_local_cfar_param_sweep,4.0,1.0,,0.001043337401680067,0.0,105
simMed_test.mat,1e-05,raw_soca_t4_g2_cfar_local,classical_local_cfar_param_sweep,4.0,2.0,,0.004357927161146121,0.0,105
simMed_test.mat,1e-05,raw_soca_t6_g1_cfar_local,classical_local_cfar_param_sweep,6.0,1.0,,0.001043337401680067,0.0,105
simMed_test.mat,1e-05,raw_soca_t6_g2_cfar_local,classical_local_cfar_param_sweep,6.0,2.0,,0.004357927161146121,0.0,105
simMed_test.mat,1e-05,raw_soca_t8_g1_cfar_local,classical_local_cfar_param_sweep,8.0,1.0,,0.001043337401680067,0.0,105
simMed_test.mat,1e-05,raw_soca_t8_g2_cfar_local,classical_local_cfar_param_sweep,8.0,2.0,,0.004357927161146121,0.0,105
simMed_test.mat,1e-05,tpsscs_finished_detector,proposed,,,,0.18454489041963204,0.0,105
simMed_test.mat,3e-05,low_rank_residual_k30_ca_t4_g1_cfar_local,classical_local_cfar_param_sweep,4.0,1.0,,0.14917950393763632,1.526753812803079e-05,105
simMed_test.mat,3e-05,low_rank_residual_k30_ca_t4_g2_cfar_local,classical_local_cfar_param_sweep,4.0,2.0,,0.1468330413827762,1.526753812803079e-05,105
simMed_test.mat,3e-05,low_rank_residual_k30_ca_t6_g1_cfar_local,classical_local_cfar_param_sweep,6.0,1.0,,0.1472670864958721,1.526753812803079e-05,105
simMed_test.mat,3e-05,low_rank_residual_k30_ca_t6_g2_cfar_local,classical_local_cfar_param_sweep,6.0,2.0,,0.14527509161538488,1.526753812803079e-05,105
simMed_test.mat,3e-05,low_rank_residual_k30_ca_t8_g1_cfar_local,classical_local_cfar_param_sweep,8.0,1.0,,0.14435680373022136,1.526753812803079e-05,105
simMed_test.mat,3e-05,low_rank_residual_k30_ca_t8_g2_cfar_local,classical_local_cfar_param_sweep,8.0,2.0,,0.14409421152047064,1.526753812803079e-05,105
simMed_test.mat,3e-05,low_rank_residual_k30_global_topk,global,,,,0.1503500214703694,1.526753812803079e-05,105
simMed_test.mat,3e-05,low_rank_residual_k30_goca_t4_g1_cfar_local,classical_local_cfar_param_sweep,4.0,1.0,,0.14760408060436964,1.526753812803079e-05,105
simMed_test.mat,3e-05,low_rank_residual_k30_goca_t4_g2_cfar_local,classical_local_cfar_param_sweep,4.0,2.0,,0.14644591000766524,1.526753812803079e-05,105
simMed_test.mat,3e-05,low_rank_residual_k30_goca_t6_g1_cfar_local,classical_local_cfar_param_sweep,6.0,1.0,,0.14737966870890637,1.526753812803079e-05,105
simMed_test.mat,3e-05,low_rank_residual_k30_goca_t6_g2_cfar_local,classical_local_cfar_param_sweep,6.0,2.0,,0.1415894007914991,1.526753812803079e-05,105
simMed_test.mat,3e-05,low_rank_residual_k30_goca_t8_g1_cfar_local,classical_local_cfar_param_sweep,8.0,1.0,,0.1462373281675186,1.526753812803079e-05,105
simMed_test.mat,3e-05,low_rank_residual_k30_goca_t8_g2_cfar_local,classical_local_cfar_param_sweep,8.0,2.0,,0.14019249525776162,1.526753812803079e-05,105
simMed_test.mat,3e-05,low_rank_residual_k30_os60_t4_g1_cfar_local,classical_local_cfar_param_sweep,4.0,1.0,60.0,0.14271946088843868,1.526753812803079e-05,105
simMed_test.mat,3e-05,low_rank_residual_k30_os60_t4_g2_cfar_local,classical_local_cfar_param_sweep,4.0,2.0,60.0,0.14563969114255482,1.526753812803079e-05,105
simMed_test.mat,3e-05,low_rank_residual_k30_os60_t6_g1_cfar_local,classical_local_cfar_param_sweep,6.0,1.0,60.0,0.14515361409008837,1.526753812803079e-05,105
simMed_test.mat,3e-05,low_rank_residual_k30_os60_t6_g2_cfar_local,classical_local_cfar_param_sweep,6.0,2.0,60.0,0.1471910805079617,1.526753812803079e-05,105
simMed_test.mat,3e-05,low_rank_residual_k30_os60_t8_g1_cfar_local,classical_local_cfar_param_sweep,8.0,1.0,60.0,0.14546206942908987,1.526753812803079e-05,105
simMed_test.mat,3e-05,low_rank_residual_k30_os60_t8_g2_cfar_local,classical_local_cfar_param_sweep,8.0,2.0,60.0,0.14827469434210938,1.526753812803079e-05,105
simMed_test.mat,3e-05,low_rank_residual_k30_os75_t4_g1_cfar_local,classical_local_cfar_param_sweep,4.0,1.0,75.0,0.1472000714708006,1.526753812803079e-05,105
simMed_test.mat,3e-05,low_rank_residual_k30_os75_t4_g2_cfar_local,classical_local_cfar_param_sweep,4.0,2.0,75.0,0.14811891892656423,1.526753812803079e-05,105
simMed_test.mat,3e-05,low_rank_residual_k30_os75_t6_g1_cfar_local,classical_local_cfar_param_sweep,6.0,1.0,75.0,0.1451858189183613,1.526753812803079e-05,105
simMed_test.mat,3e-05,low_rank_residual_k30_os75_t6_g2_cfar_local,classical_local_cfar_param_sweep,6.0,2.0,75.0,0.1451408551035935,1.526753812803079e-05,105
simMed_test.mat,3e-05,low_rank_residual_k30_os75_t8_g1_cfar_local,classical_local_cfar_param_sweep,8.0,1.0,75.0,0.14687330595889972,1.526753812803079e-05,105
simMed_test.mat,3e-05,low_rank_residual_k30_os75_t8_g2_cfar_local,classical_local_cfar_param_sweep,8.0,2.0,75.0,0.1467450309454454,1.526753812803079e-05,105
simMed_test.mat,3e-05,low_rank_residual_k30_os90_t4_g1_cfar_local,classical_local_cfar_param_sweep,4.0,1.0,90.0,0.14917941878907245,1.526753812803079e-05,105
simMed_test.mat,3e-05,low_rank_residual_k30_os90_t4_g2_cfar_local,classical_local_cfar_param_sweep,4.0,2.0,90.0,0.14275696429655335,1.526753812803079e-05,105
simMed_test.mat,3e-05,low_rank_residual_k30_os90_t6_g1_cfar_local,classical_local_cfar_param_sweep,6.0,1.0,90.0,0.14470464763182728,1.526753812803079e-05,105
simMed_test.mat,3e-05,low_rank_residual_k30_os90_t6_g2_cfar_local,classical_local_cfar_param_sweep,6.0,2.0,90.0,0.14335068140552717,1.526753812803079e-05,105
simMed_test.mat,3e-05,low_rank_residual_k30_os90_t8_g1_cfar_local,classical_local_cfar_param_sweep,8.0,1.0,90.0,0.14474901984352673,1.526753812803079e-05,105
simMed_test.mat,3e-05,low_rank_residual_k30_os90_t8_g2_cfar_local,classical_local_cfar_param_sweep,8.0,2.0,90.0,0.1434813129722868,1.526753812803079e-05,105
simMed_test.mat,3e-05,low_rank_residual_k30_soca_t4_g1_cfar_local,classical_local_cfar_param_sweep,4.0,1.0,,0.0020638940348916986,1.526753812803079e-05,105
simMed_test.mat,3e-05,low_rank_residual_k30_soca_t4_g2_cfar_local,classical_local_cfar_param_sweep,4.0,2.0,,0.00480941658706091,1.526753812803079e-05,105
simMed_test.mat,3e-05,low_rank_residual_k30_soca_t6_g1_cfar_local,classical_local_cfar_param_sweep,6.0,1.0,,0.0020638940348916986,1.526753812803079e-05,105
simMed_test.mat,3e-05,low_rank_residual_k30_soca_t6_g2_cfar_local,classical_local_cfar_param_sweep,6.0,2.0,,0.00480941658706091,1.526753812803079e-05,105
simMed_test.mat,3e-05,low_rank_residual_k30_soca_t8_g1_cfar_local,classical_local_cfar_param_sweep,8.0,1.0,,0.0020638940348916986,1.526753812803079e-05,105
simMed_test.mat,3e-05,low_rank_residual_k30_soca_t8_g2_cfar_local,classical_local_cfar_param_sweep,8.0,2.0,,0.00480941658706091,1.526753812803079e-05,105
simMed_test.mat,3e-05,raw_ca_t4_g1_cfar_local,classical_local_cfar_param_sweep,4.0,1.0,,0.14558082984826662,1.526753812803079e-05,105
simMed_test.mat,3e-05,raw_ca_t4_g2_cfar_local,classical_local_cfar_param_sweep,4.0,2.0,,0.11132206854954796,1.526753812803079e-05,105
simMed_test.mat,3e-05,raw_ca_t6_g1_cfar_local,classical_local_cfar_param_sweep,6.0,1.0,,0.12984224616522128,1.526753812803079e-05,105
simMed_test.mat,3e-05,raw_ca_t6_g2_cfar_local,classical_local_cfar_param_sweep,6.0,2.0,,0.11269203822272986,1.526753812803079e-05,105
simMed_test.mat,3e-05,raw_ca_t8_g1_cfar_local,classical_local_cfar_param_sweep,8.0,1.0,,0.12418732249091648,1.526753812803079e-05,105
simMed_test.mat,3e-05,raw_ca_t8_g2_cfar_local,classical_local_cfar_param_sweep,8.0,2.0,,0.10941335982384659,1.526753812803079e-05,105
simMed_test.mat,3e-05,raw_global_topk,global,,,,0.11489453378068927,1.526753812803079e-05,105
simMed_test.mat,3e-05,raw_goca_t4_g1_cfar_local,classical_local_cfar_param_sweep,4.0,1.0,,0.1461497379508278,1.526753812803079e-05,105
simMed_test.mat,3e-05,raw_goca_t4_g2_cfar_local,classical_local_cfar_param_sweep,4.0,2.0,,0.10523281893986845,1.526753812803079e-05,105
simMed_test.mat,3e-05,raw_goca_t6_g1_cfar_local,classical_local_cfar_param_sweep,6.0,1.0,,0.13128761350363555,1.526753812803079e-05,105
simMed_test.mat,3e-05,raw_goca_t6_g2_cfar_local,classical_local_cfar_param_sweep,6.0,2.0,,0.1076274088906929,1.526753812803079e-05,105
simMed_test.mat,3e-05,raw_goca_t8_g1_cfar_local,classical_local_cfar_param_sweep,8.0,1.0,,0.11899258253078863,1.526753812803079e-05,105
simMed_test.mat,3e-05,raw_goca_t8_g2_cfar_local,classical_local_cfar_param_sweep,8.0,2.0,,0.106741799936197,1.526753812803079e-05,105
simMed_test.mat,3e-05,raw_os60_t4_g1_cfar_local,classical_local_cfar_param_sweep,4.0,1.0,60.0,0.1199166662715677,1.526753812803079e-05,105
simMed_test.mat,3e-05,raw_os60_t4_g2_cfar_local,classical_local_cfar_param_sweep,4.0,2.0,60.0,0.11834203171263112,1.526753812803079e-05,105
simMed_test.mat,3e-05,raw_os60_t6_g1_cfar_local,classical_local_cfar_param_sweep,6.0,1.0,60.0,0.12097016762566185,1.526753812803079e-05,105
simMed_test.mat,3e-05,raw_os60_t6_g2_cfar_local,classical_local_cfar_param_sweep,6.0,2.0,60.0,0.11450967211230581,1.526753812803079e-05,105
simMed_test.mat,3e-05,raw_os60_t8_g1_cfar_local,classical_local_cfar_param_sweep,8.0,1.0,60.0,0.11640027789167007,1.526753812803079e-05,105
simMed_test.mat,3e-05,raw_os60_t8_g2_cfar_local,classical_local_cfar_param_sweep,8.0,2.0,60.0,0.11582764096311506,1.526753812803079e-05,105
simMed_test.mat,3e-05,raw_os75_t4_g1_cfar_local,classical_local_cfar_param_sweep,4.0,1.0,75.0,0.11794741525512317,1.526753812803079e-05,105
simMed_test.mat,3e-05,raw_os75_t4_g2_cfar_local,classical_local_cfar_param_sweep,4.0,2.0,75.0,0.1147990763027104,1.526753812803079e-05,105
simMed_test.mat,3e-05,raw_os75_t6_g1_cfar_local,classical_local_cfar_param_sweep,6.0,1.0,75.0,0.12040668999699138,1.526753812803079e-05,105
simMed_test.mat,3e-05,raw_os75_t6_g2_cfar_local,classical_local_cfar_param_sweep,6.0,2.0,75.0,0.11592608743611071,1.526753812803079e-05,105
simMed_test.mat,3e-05,raw_os75_t8_g1_cfar_local,classical_local_cfar_param_sweep,8.0,1.0,75.0,0.11821274156325,1.526753812803079e-05,105
simMed_test.mat,3e-05,raw_os75_t8_g2_cfar_local,classical_local_cfar_param_sweep,8.0,2.0,75.0,0.11444196445327673,1.526753812803079e-05,105
simMed_test.mat,3e-05,raw_os90_t4_g1_cfar_local,classical_local_cfar_param_sweep,4.0,1.0,90.0,0.12435950039421022,1.526753812803079e-05,105
simMed_test.mat,3e-05,raw_os90_t4_g2_cfar_local,classical_local_cfar_param_sweep,4.0,2.0,90.0,0.11747305581251682,1.526753812803079e-05,105
simMed_test.mat,3e-05,raw_os90_t6_g1_cfar_local,classical_local_cfar_param_sweep,6.0,1.0,90.0,0.12051236966314009,1.526753812803079e-05,105
simMed_test.mat,3e-05,raw_os90_t6_g2_cfar_local,classical_local_cfar_param_sweep,6.0,2.0,90.0,0.11825707273588731,1.526753812803079e-05,105
simMed_test.mat,3e-05,raw_os90_t8_g1_cfar_local,classical_local_cfar_param_sweep,8.0,1.0,90.0,0.11597812590296233,1.526753812803079e-05,105
simMed_test.mat,3e-05,raw_os90_t8_g2_cfar_local,classical_local_cfar_param_sweep,8.0,2.0,90.0,0.11257239828461141,1.526753812803079e-05,105
simMed_test.mat,3e-05,raw_soca_t4_g1_cfar_local,classical_local_cfar_param_sweep,4.0,1.0,,0.0012300787648920183,1.526753812803079e-05,105
simMed_test.mat,3e-05,raw_soca_t4_g2_cfar_local,classical_local_cfar_param_sweep,4.0,2.0,,0.005327378470220072,1.526753812803079e-05,105
simMed_test.mat,3e-05,raw_soca_t6_g1_cfar_local,classical_local_cfar_param_sweep,6.0,1.0,,0.0012300787648920183,1.526753812803079e-05,105
simMed_test.mat,3e-05,raw_soca_t6_g2_cfar_local,classical_local_cfar_param_sweep,6.0,2.0,,0.005327378470220072,1.526753812803079e-05,105
simMed_test.mat,3e-05,raw_soca_t8_g1_cfar_local,classical_local_cfar_param_sweep,8.0,1.0,,0.0012300787648920183,1.526753812803079e-05,105
simMed_test.mat,3e-05,raw_soca_t8_g2_cfar_local,classical_local_cfar_param_sweep,8.0,2.0,,0.005327378470220072,1.526753812803079e-05,105
simMed_test.mat,3e-05,tpsscs_finished_detector,proposed,,,,0.23292866331646775,1.526753812803079e-05,105
simMed_test.mat,0.0001,low_rank_residual_k30_ca_t4_g1_cfar_local,classical_local_cfar_param_sweep,4.0,1.0,,0.31365062282219913,9.160522876818475e-05,105
simMed_test.mat,0.0001,low_rank_residual_k30_ca_t4_g2_cfar_local,classical_local_cfar_param_sweep,4.0,2.0,,0.29294860431786063,9.160522876818475e-05,105
simMed_test.mat,0.0001,low_rank_residual_k30_ca_t6_g1_cfar_local,classical_local_cfar_param_sweep,6.0,1.0,,0.3101047977558412,9.160522876818475e-05,105
simMed_test.mat,0.0001,low_rank_residual_k30_ca_t6_g2_cfar_local,classical_local_cfar_param_sweep,6.0,2.0,,0.2935145957420575,9.160522876818475e-05,105
simMed_test.mat,0.0001,low_rank_residual_k30_ca_t8_g1_cfar_local,classical_local_cfar_param_sweep,8.0,1.0,,0.3086483333207953,9.160522876818475e-05,105
simMed_test.mat,0.0001,low_rank_residual_k30_ca_t8_g2_cfar_local,classical_local_cfar_param_sweep,8.0,2.0,,0.29475803720736776,9.160522876818475e-05,105
simMed_test.mat,0.0001,low_rank_residual_k30_global_topk,global,,,,0.2943857234377076,9.160522876818475e-05,105
simMed_test.mat,0.0001,low_rank_residual_k30_goca_t4_g1_cfar_local,classical_local_cfar_param_sweep,4.0,1.0,,0.3163564014687515,9.160522876818475e-05,105
simMed_test.mat,0.0001,low_rank_residual_k30_goca_t4_g2_cfar_local,classical_local_cfar_param_sweep,4.0,2.0,,0.2942337319580208,9.160522876818475e-05,105
simMed_test.mat,0.0001,low_rank_residual_k30_goca_t6_g1_cfar_local,classical_local_cfar_param_sweep,6.0,1.0,,0.30652517590740824,9.160522876818475e-05,105
simMed_test.mat,0.0001,low_rank_residual_k30_goca_t6_g2_cfar_local,classical_local_cfar_param_sweep,6.0,2.0,,0.28952948313921983,9.160522876818475e-05,105
simMed_test.mat,0.0001,low_rank_residual_k30_goca_t8_g1_cfar_local,classical_local_cfar_param_sweep,8.0,1.0,,0.3061710821324077,9.160522876818475e-05,105
simMed_test.mat,0.0001,low_rank_residual_k30_goca_t8_g2_cfar_local,classical_local_cfar_param_sweep,8.0,2.0,,0.28974318383208353,9.160522876818475e-05,105
simMed_test.mat,0.0001,low_rank_residual_k30_os60_t4_g1_cfar_local,classical_local_cfar_param_sweep,4.0,1.0,60.0,0.2979517868478599,9.160522876818475e-05,105
simMed_test.mat,0.0001,low_rank_residual_k30_os60_t4_g2_cfar_local,classical_local_cfar_param_sweep,4.0,2.0,60.0,0.29796087588302883,9.160522876818475e-05,105
simMed_test.mat,0.0001,low_rank_residual_k30_os60_t6_g1_cfar_local,classical_local_cfar_param_sweep,6.0,1.0,60.0,0.29875034484456037,9.160522876818475e-05,105
simMed_test.mat,0.0001,low_rank_residual_k30_os60_t6_g2_cfar_local,classical_local_cfar_param_sweep,6.0,2.0,60.0,0.2985039137514882,9.160522876818475e-05,105
simMed_test.mat,0.0001,low_rank_residual_k30_os60_t8_g1_cfar_local,classical_local_cfar_param_sweep,8.0,1.0,60.0,0.29894527165024987,9.160522876818475e-05,105
simMed_test.mat,0.0001,low_rank_residual_k30_os60_t8_g2_cfar_local,classical_local_cfar_param_sweep,8.0,2.0,60.0,0.30110132560398456,9.160522876818475e-05,105
simMed_test.mat,0.0001,low_rank_residual_k30_os75_t4_g1_cfar_local,classical_local_cfar_param_sweep,4.0,1.0,75.0,0.30147529355620734,9.160522876818475e-05,105
simMed_test.mat,0.0001,low_rank_residual_k30_os75_t4_g2_cfar_local,classical_local_cfar_param_sweep,4.0,2.0,75.0,0.29611001728825875,9.160522876818475e-05,105
simMed_test.mat,0.0001,low_rank_residual_k30_os75_t6_g1_cfar_local,classical_local_cfar_param_sweep,6.0,1.0,75.0,0.2956528671877524,9.160522876818475e-05,105
simMed_test.mat,0.0001,low_rank_residual_k30_os75_t6_g2_cfar_local,classical_local_cfar_param_sweep,6.0,2.0,75.0,0.29888625522916534,9.160522876818475e-05,105
simMed_test.mat,0.0001,low_rank_residual_k30_os75_t8_g1_cfar_local,classical_local_cfar_param_sweep,8.0,1.0,75.0,0.30078525006657875,9.160522876818475e-05,105
simMed_test.mat,0.0001,low_rank_residual_k30_os75_t8_g2_cfar_local,classical_local_cfar_param_sweep,8.0,2.0,75.0,0.30136951431735276,9.160522876818475e-05,105
simMed_test.mat,0.0001,low_rank_residual_k30_os90_t4_g1_cfar_local,classical_local_cfar_param_sweep,4.0,1.0,90.0,0.2959205189705559,9.160522876818475e-05,105
simMed_test.mat,0.0001,low_rank_residual_k30_os90_t4_g2_cfar_local,classical_local_cfar_param_sweep,4.0,2.0,90.0,0.29026847068589134,9.160522876818475e-05,105
simMed_test.mat,0.0001,low_rank_residual_k30_os90_t6_g1_cfar_local,classical_local_cfar_param_sweep,6.0,1.0,90.0,0.294938244476329,9.160522876818475e-05,105
simMed_test.mat,0.0001,low_rank_residual_k30_os90_t6_g2_cfar_local,classical_local_cfar_param_sweep,6.0,2.0,90.0,0.29147336195297746,9.160522876818475e-05,105
simMed_test.mat,0.0001,low_rank_residual_k30_os90_t8_g1_cfar_local,classical_local_cfar_param_sweep,8.0,1.0,90.0,0.2960629253582473,9.160522876818475e-05,105
simMed_test.mat,0.0001,low_rank_residual_k30_os90_t8_g2_cfar_local,classical_local_cfar_param_sweep,8.0,2.0,90.0,0.2975498424796112,9.160522876818475e-05,105
simMed_test.mat,0.0001,low_rank_residual_k30_soca_t4_g1_cfar_local,classical_local_cfar_param_sweep,4.0,1.0,,0.0020638940348916986,9.160522876818475e-05,105
simMed_test.mat,0.0001,low_rank_residual_k30_soca_t4_g2_cfar_local,classical_local_cfar_param_sweep,4.0,2.0,,0.0055109584650733755,9.160522876818475e-05,105
simMed_test.mat,0.0001,low_rank_residual_k30_soca_t6_g1_cfar_local,classical_local_cfar_param_sweep,6.0,1.0,,0.0020638940348916986,9.160522876818475e-05,105
simMed_test.mat,0.0001,low_rank_residual_k30_soca_t6_g2_cfar_local,classical_local_cfar_param_sweep,6.0,2.0,,0.0055109584650733755,9.160522876818475e-05,105
simMed_test.mat,0.0001,low_rank_residual_k30_soca_t8_g1_cfar_local,classical_local_cfar_param_sweep,8.0,1.0,,0.0020638940348916986,9.160522876818475e-05,105
simMed_test.mat,0.0001,low_rank_residual_k30_soca_t8_g2_cfar_local,classical_local_cfar_param_sweep,8.0,2.0,,0.0055109584650733755,9.160522876818475e-05,105
simMed_test.mat,0.0001,raw_ca_t4_g1_cfar_local,classical_local_cfar_param_sweep,4.0,1.0,,0.258368185762237,9.160522876818475e-05,105
simMed_test.mat,0.0001,raw_ca_t4_g2_cfar_local,classical_local_cfar_param_sweep,4.0,2.0,,0.2143093935991228,9.160522876818475e-05,105
simMed_test.mat,0.0001,raw_ca_t6_g1_cfar_local,classical_local_cfar_param_sweep,6.0,1.0,,0.24440787227154864,9.160522876818475e-05,105
simMed_test.mat,0.0001,raw_ca_t6_g2_cfar_local,classical_local_cfar_param_sweep,6.0,2.0,,0.20567502719181355,9.160522876818475e-05,105
simMed_test.mat,0.0001,raw_ca_t8_g1_cfar_local,classical_local_cfar_param_sweep,8.0,1.0,,0.22586249576105247,9.160522876818475e-05,105
simMed_test.mat,0.0001,raw_ca_t8_g2_cfar_local,classical_local_cfar_param_sweep,8.0,2.0,,0.20552326263724333,9.160522876818475e-05,105
simMed_test.mat,0.0001,raw_global_topk,global,,,,0.19556315067817254,9.160522876818475e-05,105
simMed_test.mat,0.0001,raw_goca_t4_g1_cfar_local,classical_local_cfar_param_sweep,4.0,1.0,,0.26009380069811733,9.160522876818475e-05,105
simMed_test.mat,0.0001,raw_goca_t4_g2_cfar_local,classical_local_cfar_param_sweep,4.0,2.0,,0.20331038319365735,9.160522876818475e-05,105
simMed_test.mat,0.0001,raw_goca_t6_g1_cfar_local,classical_local_cfar_param_sweep,6.0,1.0,,0.23599704838869515,9.160522876818475e-05,105
simMed_test.mat,0.0001,raw_goca_t6_g2_cfar_local,classical_local_cfar_param_sweep,6.0,2.0,,0.1991552630082605,9.160522876818475e-05,105
simMed_test.mat,0.0001,raw_goca_t8_g1_cfar_local,classical_local_cfar_param_sweep,8.0,1.0,,0.22022345598489063,9.160522876818475e-05,105
simMed_test.mat,0.0001,raw_goca_t8_g2_cfar_local,classical_local_cfar_param_sweep,8.0,2.0,,0.1981383592971941,9.160522876818475e-05,105
simMed_test.mat,0.0001,raw_os60_t4_g1_cfar_local,classical_local_cfar_param_sweep,4.0,1.0,60.0,0.22205145109408272,9.160522876818475e-05,105
simMed_test.mat,0.0001,raw_os60_t4_g2_cfar_local,classical_local_cfar_param_sweep,4.0,2.0,60.0,0.2139662866676264,9.160522876818475e-05,105
simMed_test.mat,0.0001,raw_os60_t6_g1_cfar_local,classical_local_cfar_param_sweep,6.0,1.0,60.0,0.22089650165333585,9.160522876818475e-05,105
simMed_test.mat,0.0001,raw_os60_t6_g2_cfar_local,classical_local_cfar_param_sweep,6.0,2.0,60.0,0.21195734366205138,9.160522876818475e-05,105
simMed_test.mat,0.0001,raw_os60_t8_g1_cfar_local,classical_local_cfar_param_sweep,8.0,1.0,60.0,0.21766417243871838,9.160522876818475e-05,105
simMed_test.mat,0.0001,raw_os60_t8_g2_cfar_local,classical_local_cfar_param_sweep,8.0,2.0,60.0,0.20969349698465486,9.160522876818475e-05,105
simMed_test.mat,0.0001,raw_os75_t4_g1_cfar_local,classical_local_cfar_param_sweep,4.0,1.0,75.0,0.22346365147853994,9.160522876818475e-05,105
simMed_test.mat,0.0001,raw_os75_t4_g2_cfar_local,classical_local_cfar_param_sweep,4.0,2.0,75.0,0.2125869355876792,9.160522876818475e-05,105
simMed_test.mat,0.0001,raw_os75_t6_g1_cfar_local,classical_local_cfar_param_sweep,6.0,1.0,75.0,0.2231135943151329,9.160522876818475e-05,105
simMed_test.mat,0.0001,raw_os75_t6_g2_cfar_local,classical_local_cfar_param_sweep,6.0,2.0,75.0,0.21504703268337666,9.160522876818475e-05,105
simMed_test.mat,0.0001,raw_os75_t8_g1_cfar_local,classical_local_cfar_param_sweep,8.0,1.0,75.0,0.2189741285058569,9.160522876818475e-05,105
simMed_test.mat,0.0001,raw_os75_t8_g2_cfar_local,classical_local_cfar_param_sweep,8.0,2.0,75.0,0.21304511729593076,9.160522876818475e-05,105
simMed_test.mat,0.0001,raw_os90_t4_g1_cfar_local,classical_local_cfar_param_sweep,4.0,1.0,90.0,0.2272137211820379,9.160522876818475e-05,105
simMed_test.mat,0.0001,raw_os90_t4_g2_cfar_local,classical_local_cfar_param_sweep,4.0,2.0,90.0,0.2128632078864866,9.160522876818475e-05,105
simMed_test.mat,0.0001,raw_os90_t6_g1_cfar_local,classical_local_cfar_param_sweep,6.0,1.0,90.0,0.22070435074759445,9.160522876818475e-05,105
simMed_test.mat,0.0001,raw_os90_t6_g2_cfar_local,classical_local_cfar_param_sweep,6.0,2.0,90.0,0.20579563145489546,9.160522876818475e-05,105
simMed_test.mat,0.0001,raw_os90_t8_g1_cfar_local,classical_local_cfar_param_sweep,8.0,1.0,90.0,0.21399469536963497,9.160522876818475e-05,105
simMed_test.mat,0.0001,raw_os90_t8_g2_cfar_local,classical_local_cfar_param_sweep,8.0,2.0,90.0,0.20412814943973126,9.160522876818475e-05,105
simMed_test.mat,0.0001,raw_soca_t4_g1_cfar_local,classical_local_cfar_param_sweep,4.0,1.0,,0.0016459261669757755,9.160522876818475e-05,105
simMed_test.mat,0.0001,raw_soca_t4_g2_cfar_local,classical_local_cfar_param_sweep,4.0,2.0,,0.006473999514470589,9.160522876818475e-05,105
simMed_test.mat,0.0001,raw_soca_t6_g1_cfar_local,classical_local_cfar_param_sweep,6.0,1.0,,0.0016459261669757755,9.160522876818475e-05,105
simMed_test.mat,0.0001,raw_soca_t6_g2_cfar_local,classical_local_cfar_param_sweep,6.0,2.0,,0.006473999514470589,9.160522876818475e-05,105
simMed_test.mat,0.0001,raw_soca_t8_g1_cfar_local,classical_local_cfar_param_sweep,8.0,1.0,,0.0016459261669757755,9.160522876818475e-05,105
simMed_test.mat,0.0001,raw_soca_t8_g2_cfar_local,classical_local_cfar_param_sweep,8.0,2.0,,0.006473999514470589,9.160522876818475e-05,105
simMed_test.mat,0.0001,tpsscs_finished_detector,proposed,,,,0.3631281887560889,9.160522876818475e-05,105
simMed_test.mat,0.0003,low_rank_residual_k30_ca_t4_g1_cfar_local,classical_local_cfar_param_sweep,4.0,1.0,,0.4859530172619007,0.00029008322443258505,105
simMed_test.mat,0.0003,low_rank_residual_k30_ca_t4_g2_cfar_local,classical_local_cfar_param_sweep,4.0,2.0,,0.46072221019263765,0.00029008322443258505,105
simMed_test.mat,0.0003,low_rank_residual_k30_ca_t6_g1_cfar_local,classical_local_cfar_param_sweep,6.0,1.0,,0.47664115704774657,0.00029008322443258505,105
simMed_test.mat,0.0003,low_rank_residual_k30_ca_t6_g2_cfar_local,classical_local_cfar_param_sweep,6.0,2.0,,0.4577281769626305,0.00029008322443258505,105
simMed_test.mat,0.0003,low_rank_residual_k30_ca_t8_g1_cfar_local,classical_local_cfar_param_sweep,8.0,1.0,,0.4720422304773393,0.00029008322443258505,105
simMed_test.mat,0.0003,low_rank_residual_k30_ca_t8_g2_cfar_local,classical_local_cfar_param_sweep,8.0,2.0,,0.45815072242000665,0.00029008322443258505,105
simMed_test.mat,0.0003,low_rank_residual_k30_global_topk,global,,,,0.45748134897575243,0.00029008322443258505,105
simMed_test.mat,0.0003,low_rank_residual_k30_goca_t4_g1_cfar_local,classical_local_cfar_param_sweep,4.0,1.0,,0.4896700856179057,0.00029008322443258505,105
simMed_test.mat,0.0003,low_rank_residual_k30_goca_t4_g2_cfar_local,classical_local_cfar_param_sweep,4.0,2.0,,0.4503325367722147,0.00029008322443258505,105
simMed_test.mat,0.0003,low_rank_residual_k30_goca_t6_g1_cfar_local,classical_local_cfar_param_sweep,6.0,1.0,,0.4796252130743364,0.00029008322443258505,105
simMed_test.mat,0.0003,low_rank_residual_k30_goca_t6_g2_cfar_local,classical_local_cfar_param_sweep,6.0,2.0,,0.4488996759063244,0.00029008322443258505,105
simMed_test.mat,0.0003,low_rank_residual_k30_goca_t8_g1_cfar_local,classical_local_cfar_param_sweep,8.0,1.0,,0.4694357294463814,0.00029008322443258505,105
simMed_test.mat,0.0003,low_rank_residual_k30_goca_t8_g2_cfar_local,classical_local_cfar_param_sweep,8.0,2.0,,0.44918437038566716,0.00029008322443258505,105
simMed_test.mat,0.0003,low_rank_residual_k30_os60_t4_g1_cfar_local,classical_local_cfar_param_sweep,4.0,1.0,60.0,0.4579808242352117,0.00029008322443258505,105
simMed_test.mat,0.0003,low_rank_residual_k30_os60_t4_g2_cfar_local,classical_local_cfar_param_sweep,4.0,2.0,60.0,0.4571918655022455,0.00029008322443258505,105
simMed_test.mat,0.0003,low_rank_residual_k30_os60_t6_g1_cfar_local,classical_local_cfar_param_sweep,6.0,1.0,60.0,0.4591776542834117,0.00029008322443258505,105
simMed_test.mat,0.0003,low_rank_residual_k30_os60_t6_g2_cfar_local,classical_local_cfar_param_sweep,6.0,2.0,60.0,0.4586822830349765,0.00029008322443258505,105
simMed_test.mat,0.0003,low_rank_residual_k30_os60_t8_g1_cfar_local,classical_local_cfar_param_sweep,8.0,1.0,60.0,0.4597025982231958,0.00029008322443258505,105
simMed_test.mat,0.0003,low_rank_residual_k30_os60_t8_g2_cfar_local,classical_local_cfar_param_sweep,8.0,2.0,60.0,0.4624705071857929,0.00029008322443258505,105
simMed_test.mat,0.0003,low_rank_residual_k30_os75_t4_g1_cfar_local,classical_local_cfar_param_sweep,4.0,1.0,75.0,0.4590721370277164,0.00029008322443258505,105
simMed_test.mat,0.0003,low_rank_residual_k30_os75_t4_g2_cfar_local,classical_local_cfar_param_sweep,4.0,2.0,75.0,0.45344710788048775,0.00029008322443258505,105
simMed_test.mat,0.0003,low_rank_residual_k30_os75_t6_g1_cfar_local,classical_local_cfar_param_sweep,6.0,1.0,75.0,0.4593262105842229,0.00029008322443258505,105
simMed_test.mat,0.0003,low_rank_residual_k30_os75_t6_g2_cfar_local,classical_local_cfar_param_sweep,6.0,2.0,75.0,0.45909349605340555,0.00029008322443258505,105
simMed_test.mat,0.0003,low_rank_residual_k30_os75_t8_g1_cfar_local,classical_local_cfar_param_sweep,8.0,1.0,75.0,0.45907533281970325,0.00029008322443258505,105
simMed_test.mat,0.0003,low_rank_residual_k30_os75_t8_g2_cfar_local,classical_local_cfar_param_sweep,8.0,2.0,75.0,0.4575556549302382,0.00029008322443258505,105
simMed_test.mat,0.0003,low_rank_residual_k30_os90_t4_g1_cfar_local,classical_local_cfar_param_sweep,4.0,1.0,90.0,0.46696002892555566,0.00029008322443258505,105
simMed_test.mat,0.0003,low_rank_residual_k30_os90_t4_g2_cfar_local,classical_local_cfar_param_sweep,4.0,2.0,90.0,0.45289424491760694,0.00029008322443258505,105
simMed_test.mat,0.0003,low_rank_residual_k30_os90_t6_g1_cfar_local,classical_local_cfar_param_sweep,6.0,1.0,90.0,0.4613807077970397,0.00029008322443258505,105
simMed_test.mat,0.0003,low_rank_residual_k30_os90_t6_g2_cfar_local,classical_local_cfar_param_sweep,6.0,2.0,90.0,0.45409784919870777,0.00029008322443258505,105
simMed_test.mat,0.0003,low_rank_residual_k30_os90_t8_g1_cfar_local,classical_local_cfar_param_sweep,8.0,1.0,90.0,0.4582298558038963,0.00029008322443258505,105
simMed_test.mat,0.0003,low_rank_residual_k30_os90_t8_g2_cfar_local,classical_local_cfar_param_sweep,8.0,2.0,90.0,0.4561190429987242,0.00029008322443258505,105
simMed_test.mat,0.0003,low_rank_residual_k30_soca_t4_g1_cfar_local,classical_local_cfar_param_sweep,4.0,1.0,,0.0020638940348916986,0.00029008322443258505,105
simMed_test.mat,0.0003,low_rank_residual_k30_soca_t4_g2_cfar_local,classical_local_cfar_param_sweep,4.0,2.0,,0.0055109584650733755,0.00029008322443258505,105
simMed_test.mat,0.0003,low_rank_residual_k30_soca_t6_g1_cfar_local,classical_local_cfar_param_sweep,6.0,1.0,,0.0020638940348916986,0.00029008322443258505,105
simMed_test.mat,0.0003,low_rank_residual_k30_soca_t6_g2_cfar_local,classical_local_cfar_param_sweep,6.0,2.0,,0.0055109584650733755,0.00029008322443258505,105
simMed_test.mat,0.0003,low_rank_residual_k30_soca_t8_g1_cfar_local,classical_local_cfar_param_sweep,8.0,1.0,,0.0020638940348916986,0.00029008322443258505,105
simMed_test.mat,0.0003,low_rank_residual_k30_soca_t8_g2_cfar_local,classical_local_cfar_param_sweep,8.0,2.0,,0.0055109584650733755,0.00029008322443258505,105
simMed_test.mat,0.0003,raw_ca_t4_g1_cfar_local,classical_local_cfar_param_sweep,4.0,1.0,,0.40223952221469383,0.00029008322443258505,105
simMed_test.mat,0.0003,raw_ca_t4_g2_cfar_local,classical_local_cfar_param_sweep,4.0,2.0,,0.3433768630207124,0.00029008322443258505,105
simMed_test.mat,0.0003,raw_ca_t6_g1_cfar_local,classical_local_cfar_param_sweep,6.0,1.0,,0.37854089306471617,0.00029008322443258505,105
simMed_test.mat,0.0003,raw_ca_t6_g2_cfar_local,classical_local_cfar_param_sweep,6.0,2.0,,0.333570157859788,0.00029008322443258505,105
simMed_test.mat,0.0003,raw_ca_t8_g1_cfar_local,classical_local_cfar_param_sweep,8.0,1.0,,0.3617599234710444,0.00029008322443258505,105
simMed_test.mat,0.0003,raw_ca_t8_g2_cfar_local,classical_local_cfar_param_sweep,8.0,2.0,,0.33339706125326435,0.00029008322443258505,105
simMed_test.mat,0.0003,raw_global_topk,global,,,,0.2685671393591548,0.00029008322443258505,105
simMed_test.mat,0.0003,raw_goca_t4_g1_cfar_local,classical_local_cfar_param_sweep,4.0,1.0,,0.39353499475938253,0.00029008322443258505,105
simMed_test.mat,0.0003,raw_goca_t4_g2_cfar_local,classical_local_cfar_param_sweep,4.0,2.0,,0.3375086026656805,0.00029008322443258505,105
simMed_test.mat,0.0003,raw_goca_t6_g1_cfar_local,classical_local_cfar_param_sweep,6.0,1.0,,0.3706241416534644,0.00029008322443258505,105
simMed_test.mat,0.0003,raw_goca_t6_g2_cfar_local,classical_local_cfar_param_sweep,6.0,2.0,,0.3267179834775907,0.00029008322443258505,105
simMed_test.mat,0.0003,raw_goca_t8_g1_cfar_local,classical_local_cfar_param_sweep,8.0,1.0,,0.3514940457562492,0.00029008322443258505,105
simMed_test.mat,0.0003,raw_goca_t8_g2_cfar_local,classical_local_cfar_param_sweep,8.0,2.0,,0.3234397363724594,0.00029008322443258505,105
simMed_test.mat,0.0003,raw_os60_t4_g1_cfar_local,classical_local_cfar_param_sweep,4.0,1.0,60.0,0.36190619087677994,0.00029008322443258505,105
simMed_test.mat,0.0003,raw_os60_t4_g2_cfar_local,classical_local_cfar_param_sweep,4.0,2.0,60.0,0.3396259885347771,0.00029008322443258505,105
simMed_test.mat,0.0003,raw_os60_t6_g1_cfar_local,classical_local_cfar_param_sweep,6.0,1.0,60.0,0.3508630641442803,0.00029008322443258505,105
simMed_test.mat,0.0003,raw_os60_t6_g2_cfar_local,classical_local_cfar_param_sweep,6.0,2.0,60.0,0.3319696702608331,0.00029008322443258505,105
simMed_test.mat,0.0003,raw_os60_t8_g1_cfar_local,classical_local_cfar_param_sweep,8.0,1.0,60.0,0.3393623517953942,0.00029008322443258505,105
simMed_test.mat,0.0003,raw_os60_t8_g2_cfar_local,classical_local_cfar_param_sweep,8.0,2.0,60.0,0.3300946288503033,0.00029008322443258505,105
simMed_test.mat,0.0003,raw_os75_t4_g1_cfar_local,classical_local_cfar_param_sweep,4.0,1.0,75.0,0.3567242987227406,0.00029008322443258505,105
simMed_test.mat,0.0003,raw_os75_t4_g2_cfar_local,classical_local_cfar_param_sweep,4.0,2.0,75.0,0.34273959010518107,0.00029008322443258505,105
simMed_test.mat,0.0003,raw_os75_t6_g1_cfar_local,classical_local_cfar_param_sweep,6.0,1.0,75.0,0.35462157541670025,0.00029008322443258505,105
simMed_test.mat,0.0003,raw_os75_t6_g2_cfar_local,classical_local_cfar_param_sweep,6.0,2.0,75.0,0.3434777902930234,0.00029008322443258505,105
simMed_test.mat,0.0003,raw_os75_t8_g1_cfar_local,classical_local_cfar_param_sweep,8.0,1.0,75.0,0.35435786252308754,0.00029008322443258505,105
simMed_test.mat,0.0003,raw_os75_t8_g2_cfar_local,classical_local_cfar_param_sweep,8.0,2.0,75.0,0.34086683016790165,0.00029008322443258505,105
simMed_test.mat,0.0003,raw_os90_t4_g1_cfar_local,classical_local_cfar_param_sweep,4.0,1.0,90.0,0.364337598278413,0.00029008322443258505,105
simMed_test.mat,0.0003,raw_os90_t4_g2_cfar_local,classical_local_cfar_param_sweep,4.0,2.0,90.0,0.34687261594494534,0.00029008322443258505,105
simMed_test.mat,0.0003,raw_os90_t6_g1_cfar_local,classical_local_cfar_param_sweep,6.0,1.0,90.0,0.3545102283808841,0.00029008322443258505,105
simMed_test.mat,0.0003,raw_os90_t6_g2_cfar_local,classical_local_cfar_param_sweep,6.0,2.0,90.0,0.3431843487769169,0.00029008322443258505,105
simMed_test.mat,0.0003,raw_os90_t8_g1_cfar_local,classical_local_cfar_param_sweep,8.0,1.0,90.0,0.3456406162149888,0.00029008322443258505,105
simMed_test.mat,0.0003,raw_os90_t8_g2_cfar_local,classical_local_cfar_param_sweep,8.0,2.0,90.0,0.34004762899857677,0.00029008322443258505,105
simMed_test.mat,0.0003,raw_soca_t4_g1_cfar_local,classical_local_cfar_param_sweep,4.0,1.0,,0.002497670784457922,0.00029008322443258505,105
simMed_test.mat,0.0003,raw_soca_t4_g2_cfar_local,classical_local_cfar_param_sweep,4.0,2.0,,0.007928332897248444,0.00029008322443258505,105
simMed_test.mat,0.0003,raw_soca_t6_g1_cfar_local,classical_local_cfar_param_sweep,6.0,1.0,,0.002497670784457922,0.00029008322443258505,105
simMed_test.mat,0.0003,raw_soca_t6_g2_cfar_local,classical_local_cfar_param_sweep,6.0,2.0,,0.007928332897248444,0.00029008322443258505,105
simMed_test.mat,0.0003,raw_soca_t8_g1_cfar_local,classical_local_cfar_param_sweep,8.0,1.0,,0.002497670784457922,0.00029008322443258505,105
simMed_test.mat,0.0003,raw_soca_t8_g2_cfar_local,classical_local_cfar_param_sweep,8.0,2.0,,0.007928332897248444,0.00029008322443258505,105
simMed_test.mat,0.0003,tpsscs_finished_detector,proposed,,,,0.5154646610355453,0.00029008322443258505,105
simMed_test.mat,0.001,low_rank_residual_k30_ca_t4_g1_cfar_local,classical_local_cfar_param_sweep,4.0,1.0,,0.6822465985015158,0.0009923899783220015,105
simMed_test.mat,0.001,low_rank_residual_k30_ca_t4_g2_cfar_local,classical_local_cfar_param_sweep,4.0,2.0,,0.6656016815940212,0.0009923899783220015,105
simMed_test.mat,0.001,low_rank_residual_k30_ca_t6_g1_cfar_local,classical_local_cfar_param_sweep,6.0,1.0,,0.6751517607464766,0.0009923899783220015,105
simMed_test.mat,0.001,low_rank_residual_k30_ca_t6_g2_cfar_local,classical_local_cfar_param_sweep,6.0,2.0,,0.6638353269610386,0.0009923899783220015,105
simMed_test.mat,0.001,low_rank_residual_k30_ca_t8_g1_cfar_local,classical_local_cfar_param_sweep,8.0,1.0,,0.6711388637980326,0.0009923899783220015,105
simMed_test.mat,0.001,low_rank_residual_k30_ca_t8_g2_cfar_local,classical_local_cfar_param_sweep,8.0,2.0,,0.6614556994375982,0.0009923899783220015,105
simMed_test.mat,0.001,low_rank_residual_k30_global_topk,global,,,,0.6488084401825713,0.0009923899783220015,105
simMed_test.mat,0.001,low_rank_residual_k30_goca_t4_g1_cfar_local,classical_local_cfar_param_sweep,4.0,1.0,,0.6701487831494657,0.0009923899783220015,105
simMed_test.mat,0.001,low_rank_residual_k30_goca_t4_g2_cfar_local,classical_local_cfar_param_sweep,4.0,2.0,,0.6480993578817303,0.0009923899783220015,105
simMed_test.mat,0.001,low_rank_residual_k30_goca_t6_g1_cfar_local,classical_local_cfar_param_sweep,6.0,1.0,,0.6666306472769317,0.0009923899783220015,105
simMed_test.mat,0.001,low_rank_residual_k30_goca_t6_g2_cfar_local,classical_local_cfar_param_sweep,6.0,2.0,,0.651187922712495,0.0009923899783220015,105
simMed_test.mat,0.001,low_rank_residual_k30_goca_t8_g1_cfar_local,classical_local_cfar_param_sweep,8.0,1.0,,0.663332361215776,0.0009923899783220015,105
simMed_test.mat,0.001,low_rank_residual_k30_goca_t8_g2_cfar_local,classical_local_cfar_param_sweep,8.0,2.0,,0.6557416351635715,0.0009923899783220015,105
simMed_test.mat,0.001,low_rank_residual_k30_os60_t4_g1_cfar_local,classical_local_cfar_param_sweep,4.0,1.0,60.0,0.6688568471298445,0.0009923899783220015,105
simMed_test.mat,0.001,low_rank_residual_k30_os60_t4_g2_cfar_local,classical_local_cfar_param_sweep,4.0,2.0,60.0,0.6662631498328528,0.0009923899783220015,105
simMed_test.mat,0.001,low_rank_residual_k30_os60_t6_g1_cfar_local,classical_local_cfar_param_sweep,6.0,1.0,60.0,0.6649195913737858,0.0009923899783220015,105
simMed_test.mat,0.001,low_rank_residual_k30_os60_t6_g2_cfar_local,classical_local_cfar_param_sweep,6.0,2.0,60.0,0.6629417867300222,0.0009923899783220015,105
simMed_test.mat,0.001,low_rank_residual_k30_os60_t8_g1_cfar_local,classical_local_cfar_param_sweep,8.0,1.0,60.0,0.6625544512132079,0.0009923899783220015,105
simMed_test.mat,0.001,low_rank_residual_k30_os60_t8_g2_cfar_local,classical_local_cfar_param_sweep,8.0,2.0,60.0,0.6621252597886035,0.0009923899783220015,105
simMed_test.mat,0.001,low_rank_residual_k30_os75_t4_g1_cfar_local,classical_local_cfar_param_sweep,4.0,1.0,75.0,0.6685012213397628,0.0009923899783220015,105
simMed_test.mat,0.001,low_rank_residual_k30_os75_t4_g2_cfar_local,classical_local_cfar_param_sweep,4.0,2.0,75.0,0.6672414712260167,0.0009923899783220015,105
simMed_test.mat,0.001,low_rank_residual_k30_os75_t6_g1_cfar_local,classical_local_cfar_param_sweep,6.0,1.0,75.0,0.6670570040819642,0.0009923899783220015,105
simMed_test.mat,0.001,low_rank_residual_k30_os75_t6_g2_cfar_local,classical_local_cfar_param_sweep,6.0,2.0,75.0,0.6662843162471395,0.0009923899783220015,105
simMed_test.mat,0.001,low_rank_residual_k30_os75_t8_g1_cfar_local,classical_local_cfar_param_sweep,8.0,1.0,75.0,0.6657573313956112,0.0009923899783220015,105
simMed_test.mat,0.001,low_rank_residual_k30_os75_t8_g2_cfar_local,classical_local_cfar_param_sweep,8.0,2.0,75.0,0.6633464545753773,0.0009923899783220015,105
simMed_test.mat,0.001,low_rank_residual_k30_os90_t4_g1_cfar_local,classical_local_cfar_param_sweep,4.0,1.0,90.0,0.6631851816989325,0.0009923899783220015,105
simMed_test.mat,0.001,low_rank_residual_k30_os90_t4_g2_cfar_local,classical_local_cfar_param_sweep,4.0,2.0,90.0,0.6637539845635057,0.0009923899783220015,105
simMed_test.mat,0.001,low_rank_residual_k30_os90_t6_g1_cfar_local,classical_local_cfar_param_sweep,6.0,1.0,90.0,0.670007188300653,0.0009923899783220015,105
simMed_test.mat,0.001,low_rank_residual_k30_os90_t6_g2_cfar_local,classical_local_cfar_param_sweep,6.0,2.0,90.0,0.6667911751792234,0.0009923899783220015,105
simMed_test.mat,0.001,low_rank_residual_k30_os90_t8_g1_cfar_local,classical_local_cfar_param_sweep,8.0,1.0,90.0,0.6678091095009858,0.0009923899783220015,105
simMed_test.mat,0.001,low_rank_residual_k30_os90_t8_g2_cfar_local,classical_local_cfar_param_sweep,8.0,2.0,90.0,0.665219178907326,0.0009923899783220015,105
simMed_test.mat,0.001,low_rank_residual_k30_soca_t4_g1_cfar_local,classical_local_cfar_param_sweep,4.0,1.0,,0.0022470442180418815,0.0009923899783220015,105
simMed_test.mat,0.001,low_rank_residual_k30_soca_t4_g2_cfar_local,classical_local_cfar_param_sweep,4.0,2.0,,0.006170299124414035,0.0009923899783220015,105
simMed_test.mat,0.001,low_rank_residual_k30_soca_t6_g1_cfar_local,classical_local_cfar_param_sweep,6.0,1.0,,0.0022470442180418815,0.0009923899783220015,105
simMed_test.mat,0.001,low_rank_residual_k30_soca_t6_g2_cfar_local,classical_local_cfar_param_sweep,6.0,2.0,,0.006170299124414035,0.0009923899783220015,105
simMed_test.mat,0.001,low_rank_residual_k30_soca_t8_g1_cfar_local,classical_local_cfar_param_sweep,8.0,1.0,,0.0022470442180418815,0.0009923899783220015,105
simMed_test.mat,0.001,low_rank_residual_k30_soca_t8_g2_cfar_local,classical_local_cfar_param_sweep,8.0,2.0,,0.006170299124414035,0.0009923899783220015,105
simMed_test.mat,0.001,raw_ca_t4_g1_cfar_local,classical_local_cfar_param_sweep,4.0,1.0,,0.5857601867260714,0.0009923899783220015,105
simMed_test.mat,0.001,raw_ca_t4_g2_cfar_local,classical_local_cfar_param_sweep,4.0,2.0,,0.5435160415166214,0.0009923899783220015,105
simMed_test.mat,0.001,raw_ca_t6_g1_cfar_local,classical_local_cfar_param_sweep,6.0,1.0,,0.5730339164938935,0.0009923899783220015,105
simMed_test.mat,0.001,raw_ca_t6_g2_cfar_local,classical_local_cfar_param_sweep,6.0,2.0,,0.5379912978290595,0.0009923899783220015,105
simMed_test.mat,0.001,raw_ca_t8_g1_cfar_local,classical_local_cfar_param_sweep,8.0,1.0,,0.551577232139837,0.0009923899783220015,105
simMed_test.mat,0.001,raw_ca_t8_g2_cfar_local,classical_local_cfar_param_sweep,8.0,2.0,,0.5202574420924755,0.0009923899783220015,105
simMed_test.mat,0.001,raw_global_topk,global,,,,0.35694212605591935,0.0009923899783220015,105
simMed_test.mat,0.001,raw_goca_t4_g1_cfar_local,classical_local_cfar_param_sweep,4.0,1.0,,0.5604301810061625,0.0009923899783220015,105
simMed_test.mat,0.001,raw_goca_t4_g2_cfar_local,classical_local_cfar_param_sweep,4.0,2.0,,0.5250725422612541,0.0009923899783220015,105
simMed_test.mat,0.001,raw_goca_t6_g1_cfar_local,classical_local_cfar_param_sweep,6.0,1.0,,0.5405106092362966,0.0009923899783220015,105
simMed_test.mat,0.001,raw_goca_t6_g2_cfar_local,classical_local_cfar_param_sweep,6.0,2.0,,0.5120814138898979,0.0009923899783220015,105
simMed_test.mat,0.001,raw_goca_t8_g1_cfar_local,classical_local_cfar_param_sweep,8.0,1.0,,0.5190610660715625,0.0009923899783220015,105
simMed_test.mat,0.001,raw_goca_t8_g2_cfar_local,classical_local_cfar_param_sweep,8.0,2.0,,0.49629749702785686,0.0009923899783220015,105
simMed_test.mat,0.001,raw_os60_t4_g1_cfar_local,classical_local_cfar_param_sweep,4.0,1.0,60.0,0.5587511844687215,0.0009923899783220015,105
simMed_test.mat,0.001,raw_os60_t4_g2_cfar_local,classical_local_cfar_param_sweep,4.0,2.0,60.0,0.5174156163504361,0.0009923899783220015,105
simMed_test.mat,0.001,raw_os60_t6_g1_cfar_local,classical_local_cfar_param_sweep,6.0,1.0,60.0,0.5274291914774843,0.0009923899783220015,105
simMed_test.mat,0.001,raw_os60_t6_g2_cfar_local,classical_local_cfar_param_sweep,6.0,2.0,60.0,0.48776878533053025,0.0009923899783220015,105
simMed_test.mat,0.001,raw_os60_t8_g1_cfar_local,classical_local_cfar_param_sweep,8.0,1.0,60.0,0.4951094883787361,0.0009923899783220015,105
simMed_test.mat,0.001,raw_os60_t8_g2_cfar_local,classical_local_cfar_param_sweep,8.0,2.0,60.0,0.4729441471413232,0.0009923899783220015,105
simMed_test.mat,0.001,raw_os75_t4_g1_cfar_local,classical_local_cfar_param_sweep,4.0,1.0,75.0,0.5611749878301159,0.0009923899783220015,105
simMed_test.mat,0.001,raw_os75_t4_g2_cfar_local,classical_local_cfar_param_sweep,4.0,2.0,75.0,0.5348310155115114,0.0009923899783220015,105
simMed_test.mat,0.001,raw_os75_t6_g1_cfar_local,classical_local_cfar_param_sweep,6.0,1.0,75.0,0.553670994129002,0.0009923899783220015,105
simMed_test.mat,0.001,raw_os75_t6_g2_cfar_local,classical_local_cfar_param_sweep,6.0,2.0,75.0,0.516576003990256,0.0009923899783220015,105
simMed_test.mat,0.001,raw_os75_t8_g1_cfar_local,classical_local_cfar_param_sweep,8.0,1.0,75.0,0.5329224237321859,0.0009923899783220015,105
simMed_test.mat,0.001,raw_os75_t8_g2_cfar_local,classical_local_cfar_param_sweep,8.0,2.0,75.0,0.49903897058854463,0.0009923899783220015,105
simMed_test.mat,0.001,raw_os90_t4_g1_cfar_local,classical_local_cfar_param_sweep,4.0,1.0,90.0,0.5591530408971471,0.0009923899783220015,105
simMed_test.mat,0.001,raw_os90_t4_g2_cfar_local,classical_local_cfar_param_sweep,4.0,2.0,90.0,0.5438244032139979,0.0009923899783220015,105
simMed_test.mat,0.001,raw_os90_t6_g1_cfar_local,classical_local_cfar_param_sweep,6.0,1.0,90.0,0.5561743457361077,0.0009923899783220015,105
simMed_test.mat,0.001,raw_os90_t6_g2_cfar_local,classical_local_cfar_param_sweep,6.0,2.0,90.0,0.5420960062022677,0.0009923899783220015,105
simMed_test.mat,0.001,raw_os90_t8_g1_cfar_local,classical_local_cfar_param_sweep,8.0,1.0,90.0,0.5491942825111082,0.0009923899783220015,105
simMed_test.mat,0.001,raw_os90_t8_g2_cfar_local,classical_local_cfar_param_sweep,8.0,2.0,90.0,0.5255962709156269,0.0009923899783220015,105
simMed_test.mat,0.001,raw_soca_t4_g1_cfar_local,classical_local_cfar_param_sweep,4.0,1.0,,0.002497670784457922,0.0009923899783220015,105
simMed_test.mat,0.001,raw_soca_t4_g2_cfar_local,classical_local_cfar_param_sweep,4.0,2.0,,0.008593038138612723,0.0009923899783220015,105
simMed_test.mat,0.001,raw_soca_t6_g1_cfar_local,classical_local_cfar_param_sweep,6.0,1.0,,0.002497670784457922,0.0009923899783220015,105
simMed_test.mat,0.001,raw_soca_t6_g2_cfar_local,classical_local_cfar_param_sweep,6.0,2.0,,0.008593038138612723,0.0009923899783220015,105
simMed_test.mat,0.001,raw_soca_t8_g1_cfar_local,classical_local_cfar_param_sweep,8.0,1.0,,0.002497670784457922,0.0009923899783220015,105
simMed_test.mat,0.001,raw_soca_t8_g2_cfar_local,classical_local_cfar_param_sweep,8.0,2.0,,0.008593038138612723,0.0009923899783220015,105
simMed_test.mat,0.001,tpsscs_finished_detector,proposed,,,,0.6957533928816516,0.0009923899783220015,105
simMed_test.mat,0.003,low_rank_residual_k30_ca_t4_g1_cfar_local,classical_local_cfar_param_sweep,4.0,1.0,,0.7804215624303475,0.002992437473094035,105
simMed_test.mat,0.003,low_rank_residual_k30_ca_t4_g2_cfar_local,classical_local_cfar_param_sweep,4.0,2.0,,0.7795332483174787,0.002992437473094035,105
simMed_test.mat,0.003,low_rank_residual_k30_ca_t6_g1_cfar_local,classical_local_cfar_param_sweep,6.0,1.0,,0.781990138103465,0.002992437473094035,105
simMed_test.mat,0.003,low_rank_residual_k30_ca_t6_g2_cfar_local,classical_local_cfar_param_sweep,6.0,2.0,,0.7826915597718721,0.002992437473094035,105
simMed_test.mat,0.003,low_rank_residual_k30_ca_t8_g1_cfar_local,classical_local_cfar_param_sweep,8.0,1.0,,0.7866602887062552,0.002992437473094035,105
simMed_test.mat,0.003,low_rank_residual_k30_ca_t8_g2_cfar_local,classical_local_cfar_param_sweep,8.0,2.0,,0.7865569968179714,0.002992437473094035,105
simMed_test.mat,0.003,low_rank_residual_k30_global_topk,global,,,,0.7763674110573479,0.002992437473094035,105
simMed_test.mat,0.003,low_rank_residual_k30_goca_t4_g1_cfar_local,classical_local_cfar_param_sweep,4.0,1.0,,0.7584013727976746,0.002992437473094035,105
simMed_test.mat,0.003,low_rank_residual_k30_goca_t4_g2_cfar_local,classical_local_cfar_param_sweep,4.0,2.0,,0.7654548821409305,0.002992437473094035,105
simMed_test.mat,0.003,low_rank_residual_k30_goca_t6_g1_cfar_local,classical_local_cfar_param_sweep,6.0,1.0,,0.7686760333522719,0.002992437473094035,105
simMed_test.mat,0.003,low_rank_residual_k30_goca_t6_g2_cfar_local,classical_local_cfar_param_sweep,6.0,2.0,,0.7690288147914014,0.002992437473094035,105
simMed_test.mat,0.003,low_rank_residual_k30_goca_t8_g1_cfar_local,classical_local_cfar_param_sweep,8.0,1.0,,0.7727671403997758,0.002992437473094035,105
simMed_test.mat,0.003,low_rank_residual_k30_goca_t8_g2_cfar_local,classical_local_cfar_param_sweep,8.0,2.0,,0.7702076993932281,0.002992437473094035,105
simMed_test.mat,0.003,low_rank_residual_k30_os60_t4_g1_cfar_local,classical_local_cfar_param_sweep,4.0,1.0,60.0,0.7896187359829074,0.002992437473094035,105
simMed_test.mat,0.003,low_rank_residual_k30_os60_t4_g2_cfar_local,classical_local_cfar_param_sweep,4.0,2.0,60.0,0.7880676046564591,0.002992437473094035,105
simMed_test.mat,0.003,low_rank_residual_k30_os60_t6_g1_cfar_local,classical_local_cfar_param_sweep,6.0,1.0,60.0,0.7868349132291209,0.002992437473094035,105
simMed_test.mat,0.003,low_rank_residual_k30_os60_t6_g2_cfar_local,classical_local_cfar_param_sweep,6.0,2.0,60.0,0.78627140447,0.002992437473094035,105
simMed_test.mat,0.003,low_rank_residual_k30_os60_t8_g1_cfar_local,classical_local_cfar_param_sweep,8.0,1.0,60.0,0.7871530635789672,0.002992437473094035,105
simMed_test.mat,0.003,low_rank_residual_k30_os60_t8_g2_cfar_local,classical_local_cfar_param_sweep,8.0,2.0,60.0,0.7861426485549127,0.002992437473094035,105
simMed_test.mat,0.003,low_rank_residual_k30_os75_t4_g1_cfar_local,classical_local_cfar_param_sweep,4.0,1.0,75.0,0.786653967776949,0.002992437473094035,105
simMed_test.mat,0.003,low_rank_residual_k30_os75_t4_g2_cfar_local,classical_local_cfar_param_sweep,4.0,2.0,75.0,0.7865773328157085,0.002992437473094035,105
simMed_test.mat,0.003,low_rank_residual_k30_os75_t6_g1_cfar_local,classical_local_cfar_param_sweep,6.0,1.0,75.0,0.7883550288097383,0.002992437473094035,105
simMed_test.mat,0.003,low_rank_residual_k30_os75_t6_g2_cfar_local,classical_local_cfar_param_sweep,6.0,2.0,75.0,0.7882172721197522,0.002992437473094035,105
simMed_test.mat,0.003,low_rank_residual_k30_os75_t8_g1_cfar_local,classical_local_cfar_param_sweep,8.0,1.0,75.0,0.7905957568832244,0.002992437473094035,105
simMed_test.mat,0.003,low_rank_residual_k30_os75_t8_g2_cfar_local,classical_local_cfar_param_sweep,8.0,2.0,75.0,0.7887627067393903,0.002992437473094035,105
simMed_test.mat,0.003,low_rank_residual_k30_os90_t4_g1_cfar_local,classical_local_cfar_param_sweep,4.0,1.0,90.0,0.7775056362009991,0.002992437473094035,105
simMed_test.mat,0.003,low_rank_residual_k30_os90_t4_g2_cfar_local,classical_local_cfar_param_sweep,4.0,2.0,90.0,0.7835523644243405,0.002992437473094035,105
simMed_test.mat,0.003,low_rank_residual_k30_os90_t6_g1_cfar_local,classical_local_cfar_param_sweep,6.0,1.0,90.0,0.7841726822954861,0.002992437473094035,105
simMed_test.mat,0.003,low_rank_residual_k30_os90_t6_g2_cfar_local,classical_local_cfar_param_sweep,6.0,2.0,90.0,0.7872320337763311,0.002992437473094035,105
simMed_test.mat,0.003,low_rank_residual_k30_os90_t8_g1_cfar_local,classical_local_cfar_param_sweep,8.0,1.0,90.0,0.7877644965048247,0.002992437473094035,105
simMed_test.mat,0.003,low_rank_residual_k30_os90_t8_g2_cfar_local,classical_local_cfar_param_sweep,8.0,2.0,90.0,0.7875891865716659,0.002992437473094035,105
simMed_test.mat,0.003,low_rank_residual_k30_soca_t4_g1_cfar_local,classical_local_cfar_param_sweep,4.0,1.0,,0.0022470442180418815,0.002992437473094035,105
simMed_test.mat,0.003,low_rank_residual_k30_soca_t4_g2_cfar_local,classical_local_cfar_param_sweep,4.0,2.0,,0.006170299124414035,0.002992437473094035,105
simMed_test.mat,0.003,low_rank_residual_k30_soca_t6_g1_cfar_local,classical_local_cfar_param_sweep,6.0,1.0,,0.0022470442180418815,0.002992437473094035,105
simMed_test.mat,0.003,low_rank_residual_k30_soca_t6_g2_cfar_local,classical_local_cfar_param_sweep,6.0,2.0,,0.006170299124414035,0.002992437473094035,105
simMed_test.mat,0.003,low_rank_residual_k30_soca_t8_g1_cfar_local,classical_local_cfar_param_sweep,8.0,1.0,,0.0022470442180418815,0.002992437473094035,105
simMed_test.mat,0.003,low_rank_residual_k30_soca_t8_g2_cfar_local,classical_local_cfar_param_sweep,8.0,2.0,,0.006170299124414035,0.002992437473094035,105
simMed_test.mat,0.003,raw_ca_t4_g1_cfar_local,classical_local_cfar_param_sweep,4.0,1.0,,0.6849926665827266,0.002992437473094035,105
simMed_test.mat,0.003,raw_ca_t4_g2_cfar_local,classical_local_cfar_param_sweep,4.0,2.0,,0.668961182619588,0.002992437473094035,105
simMed_test.mat,0.003,raw_ca_t6_g1_cfar_local,classical_local_cfar_param_sweep,6.0,1.0,,0.6762236674892029,0.002992437473094035,105
simMed_test.mat,0.003,raw_ca_t6_g2_cfar_local,classical_local_cfar_param_sweep,6.0,2.0,,0.6599231651023713,0.002992437473094035,105
simMed_test.mat,0.003,raw_ca_t8_g1_cfar_local,classical_local_cfar_param_sweep,8.0,1.0,,0.6589614951013846,0.002992437473094035,105
simMed_test.mat,0.003,raw_ca_t8_g2_cfar_local,classical_local_cfar_param_sweep,8.0,2.0,,0.636649359501088,0.002992437473094035,105
simMed_test.mat,0.003,raw_global_topk,global,,,,0.4673269223287094,0.002992437473094035,105
simMed_test.mat,0.003,raw_goca_t4_g1_cfar_local,classical_local_cfar_param_sweep,4.0,1.0,,0.6597901069607357,0.002992437473094035,105
simMed_test.mat,0.003,raw_goca_t4_g2_cfar_local,classical_local_cfar_param_sweep,4.0,2.0,,0.6474068679652026,0.002992437473094035,105
simMed_test.mat,0.003,raw_goca_t6_g1_cfar_local,classical_local_cfar_param_sweep,6.0,1.0,,0.6481699935583275,0.002992437473094035,105
simMed_test.mat,0.003,raw_goca_t6_g2_cfar_local,classical_local_cfar_param_sweep,6.0,2.0,,0.6295428365372249,0.002992437473094035,105
simMed_test.mat,0.003,raw_goca_t8_g1_cfar_local,classical_local_cfar_param_sweep,8.0,1.0,,0.6270242327133468,0.002992437473094035,105
simMed_test.mat,0.003,raw_goca_t8_g2_cfar_local,classical_local_cfar_param_sweep,8.0,2.0,,0.6119328216076824,0.002992437473094035,105
simMed_test.mat,0.003,raw_os60_t4_g1_cfar_local,classical_local_cfar_param_sweep,4.0,1.0,60.0,0.6864718449496643,0.002992437473094035,105
simMed_test.mat,0.003,raw_os60_t4_g2_cfar_local,classical_local_cfar_param_sweep,4.0,2.0,60.0,0.6527735743447974,0.002992437473094035,105
simMed_test.mat,0.003,raw_os60_t6_g1_cfar_local,classical_local_cfar_param_sweep,6.0,1.0,60.0,0.6578672940553014,0.002992437473094035,105
simMed_test.mat,0.003,raw_os60_t6_g2_cfar_local,classical_local_cfar_param_sweep,6.0,2.0,60.0,0.6155985014694314,0.002992437473094035,105
simMed_test.mat,0.003,raw_os60_t8_g1_cfar_local,classical_local_cfar_param_sweep,8.0,1.0,60.0,0.6174012234013494,0.002992437473094035,105
simMed_test.mat,0.003,raw_os60_t8_g2_cfar_local,classical_local_cfar_param_sweep,8.0,2.0,60.0,0.5900598502289948,0.002992437473094035,105
simMed_test.mat,0.003,raw_os75_t4_g1_cfar_local,classical_local_cfar_param_sweep,4.0,1.0,75.0,0.6939456527285086,0.002992437473094035,105
simMed_test.mat,0.003,raw_os75_t4_g2_cfar_local,classical_local_cfar_param_sweep,4.0,2.0,75.0,0.6634042667557245,0.002992437473094035,105
simMed_test.mat,0.003,raw_os75_t6_g1_cfar_local,classical_local_cfar_param_sweep,6.0,1.0,75.0,0.6820217294773117,0.002992437473094035,105
simMed_test.mat,0.003,raw_os75_t6_g2_cfar_local,classical_local_cfar_param_sweep,6.0,2.0,75.0,0.6423787688905932,0.002992437473094035,105
simMed_test.mat,0.003,raw_os75_t8_g1_cfar_local,classical_local_cfar_param_sweep,8.0,1.0,75.0,0.6548198055926155,0.002992437473094035,105
simMed_test.mat,0.003,raw_os75_t8_g2_cfar_local,classical_local_cfar_param_sweep,8.0,2.0,75.0,0.6192068079903483,0.002992437473094035,105
simMed_test.mat,0.003,raw_os90_t4_g1_cfar_local,classical_local_cfar_param_sweep,4.0,1.0,90.0,0.6797422816724189,0.002992437473094035,105
simMed_test.mat,0.003,raw_os90_t4_g2_cfar_local,classical_local_cfar_param_sweep,4.0,2.0,90.0,0.6764521188867093,0.002992437473094035,105
simMed_test.mat,0.003,raw_os90_t6_g1_cfar_local,classical_local_cfar_param_sweep,6.0,1.0,90.0,0.6826684413189315,0.002992437473094035,105
simMed_test.mat,0.003,raw_os90_t6_g2_cfar_local,classical_local_cfar_param_sweep,6.0,2.0,90.0,0.6683606344737564,0.002992437473094035,105
simMed_test.mat,0.003,raw_os90_t8_g1_cfar_local,classical_local_cfar_param_sweep,8.0,1.0,90.0,0.6689070611489197,0.002992437473094035,105
simMed_test.mat,0.003,raw_os90_t8_g2_cfar_local,classical_local_cfar_param_sweep,8.0,2.0,90.0,0.6522564216535658,0.002992437473094035,105
simMed_test.mat,0.003,raw_soca_t4_g1_cfar_local,classical_local_cfar_param_sweep,4.0,1.0,,0.002497670784457922,0.002992437473094035,105
simMed_test.mat,0.003,raw_soca_t4_g2_cfar_local,classical_local_cfar_param_sweep,4.0,2.0,,0.0090692286148032,0.002992437473094035,105
simMed_test.mat,0.003,raw_soca_t6_g1_cfar_local,classical_local_cfar_param_sweep,6.0,1.0,,0.002497670784457922,0.002992437473094035,105
simMed_test.mat,0.003,raw_soca_t6_g2_cfar_local,classical_local_cfar_param_sweep,6.0,2.0,,0.0090692286148032,0.002992437473094035,105
simMed_test.mat,0.003,raw_soca_t8_g1_cfar_local,classical_local_cfar_param_sweep,8.0,1.0,,0.002497670784457922,0.002992437473094035,105
simMed_test.mat,0.003,raw_soca_t8_g2_cfar_local,classical_local_cfar_param_sweep,8.0,2.0,,0.0090692286148032,0.002992437473094035,105
simMed_test.mat,0.003,tpsscs_finished_detector,proposed,,,,0.8138666025670929,0.002992437473094035,105
simMed_test.mat,0.01,low_rank_residual_k30_ca_t4_g1_cfar_local,classical_local_cfar_param_sweep,4.0,1.0,,0.8295872068373559,0.009992820396478995,105
simMed_test.mat,0.01,low_rank_residual_k30_ca_t4_g2_cfar_local,classical_local_cfar_param_sweep,4.0,2.0,,0.8349723979034425,0.009992820396478995,105
simMed_test.mat,0.01,low_rank_residual_k30_ca_t6_g1_cfar_local,classical_local_cfar_param_sweep,6.0,1.0,,0.838128821038361,0.009992820396478995,105
simMed_test.mat,0.01,low_rank_residual_k30_ca_t6_g2_cfar_local,classical_local_cfar_param_sweep,6.0,2.0,,0.8406785561742827,0.009992820396478995,105
simMed_test.mat,0.01,low_rank_residual_k30_ca_t8_g1_cfar_local,classical_local_cfar_param_sweep,8.0,1.0,,0.8406677006749065,0.009992820396478995,105
simMed_test.mat,0.01,low_rank_residual_k30_ca_t8_g2_cfar_local,classical_local_cfar_param_sweep,8.0,2.0,,0.8431749314795433,0.009992820396478995,105
simMed_test.mat,0.01,low_rank_residual_k30_global_topk,global,,,,0.8382638287231589,0.009992820396478995,105
simMed_test.mat,0.01,low_rank_residual_k30_goca_t4_g1_cfar_local,classical_local_cfar_param_sweep,4.0,1.0,,0.8137489149187349,0.009992820396478995,105
simMed_test.mat,0.01,low_rank_residual_k30_goca_t4_g2_cfar_local,classical_local_cfar_param_sweep,4.0,2.0,,0.8211675721167278,0.009992820396478995,105
simMed_test.mat,0.01,low_rank_residual_k30_goca_t6_g1_cfar_local,classical_local_cfar_param_sweep,6.0,1.0,,0.824939409119615,0.009992820396478995,105
simMed_test.mat,0.01,low_rank_residual_k30_goca_t6_g2_cfar_local,classical_local_cfar_param_sweep,6.0,2.0,,0.8302791969544315,0.009992820396478995,105
simMed_test.mat,0.01,low_rank_residual_k30_goca_t8_g1_cfar_local,classical_local_cfar_param_sweep,8.0,1.0,,0.8316056403631251,0.009992820396478995,105
simMed_test.mat,0.01,low_rank_residual_k30_goca_t8_g2_cfar_local,classical_local_cfar_param_sweep,8.0,2.0,,0.8344343771255089,0.009992820396478995,105
simMed_test.mat,0.01,low_rank_residual_k30_os60_t4_g1_cfar_local,classical_local_cfar_param_sweep,4.0,1.0,60.0,0.8416174661196244,0.009992820396478995,105
simMed_test.mat,0.01,low_rank_residual_k30_os60_t4_g2_cfar_local,classical_local_cfar_param_sweep,4.0,2.0,60.0,0.8462064821461218,0.009992820396478995,105
simMed_test.mat,0.01,low_rank_residual_k30_os60_t6_g1_cfar_local,classical_local_cfar_param_sweep,6.0,1.0,60.0,0.8463198201778825,0.009992820396478995,105
simMed_test.mat,0.01,low_rank_residual_k30_os60_t6_g2_cfar_local,classical_local_cfar_param_sweep,6.0,2.0,60.0,0.8476517501115003,0.009992820396478995,105
simMed_test.mat,0.01,low_rank_residual_k30_os60_t8_g1_cfar_local,classical_local_cfar_param_sweep,8.0,1.0,60.0,0.8484677659414275,0.009992820396478995,105
simMed_test.mat,0.01,low_rank_residual_k30_os60_t8_g2_cfar_local,classical_local_cfar_param_sweep,8.0,2.0,60.0,0.8511481615971666,0.009992820396478995,105
simMed_test.mat,0.01,low_rank_residual_k30_os75_t4_g1_cfar_local,classical_local_cfar_param_sweep,4.0,1.0,75.0,0.8402780305174239,0.009992820396478995,105
simMed_test.mat,0.01,low_rank_residual_k30_os75_t4_g2_cfar_local,classical_local_cfar_param_sweep,4.0,2.0,75.0,0.8442451621850479,0.009992820396478995,105
simMed_test.mat,0.01,low_rank_residual_k30_os75_t6_g1_cfar_local,classical_local_cfar_param_sweep,6.0,1.0,75.0,0.8444921999579182,0.009992820396478995,105
simMed_test.mat,0.01,low_rank_residual_k30_os75_t6_g2_cfar_local,classical_local_cfar_param_sweep,6.0,2.0,75.0,0.8476619257223119,0.009992820396478995,105
simMed_test.mat,0.01,low_rank_residual_k30_os75_t8_g1_cfar_local,classical_local_cfar_param_sweep,8.0,1.0,75.0,0.8476751024414223,0.009992820396478995,105
simMed_test.mat,0.01,low_rank_residual_k30_os75_t8_g2_cfar_local,classical_local_cfar_param_sweep,8.0,2.0,75.0,0.8493565955764495,0.009992820396478995,105
simMed_test.mat,0.01,low_rank_residual_k30_os90_t4_g1_cfar_local,classical_local_cfar_param_sweep,4.0,1.0,90.0,0.8338832217526763,0.009992820396478995,105
simMed_test.mat,0.01,low_rank_residual_k30_os90_t4_g2_cfar_local,classical_local_cfar_param_sweep,4.0,2.0,90.0,0.8390156878451671,0.009992820396478995,105
simMed_test.mat,0.01,low_rank_residual_k30_os90_t6_g1_cfar_local,classical_local_cfar_param_sweep,6.0,1.0,90.0,0.8423360691399746,0.009992820396478995,105
simMed_test.mat,0.01,low_rank_residual_k30_os90_t6_g2_cfar_local,classical_local_cfar_param_sweep,6.0,2.0,90.0,0.8443804398876844,0.009992820396478995,105
simMed_test.mat,0.01,low_rank_residual_k30_os90_t8_g1_cfar_local,classical_local_cfar_param_sweep,8.0,1.0,90.0,0.8433589431932698,0.009992820396478995,105
simMed_test.mat,0.01,low_rank_residual_k30_os90_t8_g2_cfar_local,classical_local_cfar_param_sweep,8.0,2.0,90.0,0.8444125939123179,0.009992820396478995,105
simMed_test.mat,0.01,low_rank_residual_k30_soca_t4_g1_cfar_local,classical_local_cfar_param_sweep,4.0,1.0,,0.0022470442180418815,0.009992820396478995,105
simMed_test.mat,0.01,low_rank_residual_k30_soca_t4_g2_cfar_local,classical_local_cfar_param_sweep,4.0,2.0,,0.00736210216141831,0.009992820396478995,105
simMed_test.mat,0.01,low_rank_residual_k30_soca_t6_g1_cfar_local,classical_local_cfar_param_sweep,6.0,1.0,,0.0022470442180418815,0.009992820396478995,105
simMed_test.mat,0.01,low_rank_residual_k30_soca_t6_g2_cfar_local,classical_local_cfar_param_sweep,6.0,2.0,,0.00736210216141831,0.009992820396478995,105
simMed_test.mat,0.01,low_rank_residual_k30_soca_t8_g1_cfar_local,classical_local_cfar_param_sweep,8.0,1.0,,0.0022470442180418815,0.009992820396478995,105
simMed_test.mat,0.01,low_rank_residual_k30_soca_t8_g2_cfar_local,classical_local_cfar_param_sweep,8.0,2.0,,0.00736210216141831,0.009992820396478995,105
simMed_test.mat,0.01,raw_ca_t4_g1_cfar_local,classical_local_cfar_param_sweep,4.0,1.0,,0.7730556610246089,0.009992820396478995,105
simMed_test.mat,0.01,raw_ca_t4_g2_cfar_local,classical_local_cfar_param_sweep,4.0,2.0,,0.7727675360699257,0.009992820396478995,105
simMed_test.mat,0.01,raw_ca_t6_g1_cfar_local,classical_local_cfar_param_sweep,6.0,1.0,,0.7827985970234822,0.009992820396478995,105
simMed_test.mat,0.01,raw_ca_t6_g2_cfar_local,classical_local_cfar_param_sweep,6.0,2.0,,0.7753874013216602,0.009992820396478995,105
simMed_test.mat,0.01,raw_ca_t8_g1_cfar_local,classical_local_cfar_param_sweep,8.0,1.0,,0.780146473498216,0.009992820396478995,105
simMed_test.mat,0.01,raw_ca_t8_g2_cfar_local,classical_local_cfar_param_sweep,8.0,2.0,,0.7672648570274924,0.009992820396478995,105
simMed_test.mat,0.01,raw_global_topk,global,,,,0.6340198282838332,0.009992820396478995,105
simMed_test.mat,0.01,raw_goca_t4_g1_cfar_local,classical_local_cfar_param_sweep,4.0,1.0,,0.7401008824201648,0.009992820396478995,105
simMed_test.mat,0.01,raw_goca_t4_g2_cfar_local,classical_local_cfar_param_sweep,4.0,2.0,,0.7481139355772055,0.009992820396478995,105
simMed_test.mat,0.01,raw_goca_t6_g1_cfar_local,classical_local_cfar_param_sweep,6.0,1.0,,0.7536421139450985,0.009992820396478995,105
simMed_test.mat,0.01,raw_goca_t6_g2_cfar_local,classical_local_cfar_param_sweep,6.0,2.0,,0.7532850524057834,0.009992820396478995,105
simMed_test.mat,0.01,raw_goca_t8_g1_cfar_local,classical_local_cfar_param_sweep,8.0,1.0,,0.748133274447584,0.009992820396478995,105
simMed_test.mat,0.01,raw_goca_t8_g2_cfar_local,classical_local_cfar_param_sweep,8.0,2.0,,0.7411538851334654,0.009992820396478995,105
simMed_test.mat,0.01,raw_os60_t4_g1_cfar_local,classical_local_cfar_param_sweep,4.0,1.0,60.0,0.8027183944107711,0.009992820396478995,105
simMed_test.mat,0.01,raw_os60_t4_g2_cfar_local,classical_local_cfar_param_sweep,4.0,2.0,60.0,0.7834435669858618,0.009992820396478995,105
simMed_test.mat,0.01,raw_os60_t6_g1_cfar_local,classical_local_cfar_param_sweep,6.0,1.0,60.0,0.7896119231057716,0.009992820396478995,105
simMed_test.mat,0.01,raw_os60_t6_g2_cfar_local,classical_local_cfar_param_sweep,6.0,2.0,60.0,0.7654911534190164,0.009992820396478995,105
simMed_test.mat,0.01,raw_os60_t8_g1_cfar_local,classical_local_cfar_param_sweep,8.0,1.0,60.0,0.7673017736156003,0.009992820396478995,105
simMed_test.mat,0.01,raw_os60_t8_g2_cfar_local,classical_local_cfar_param_sweep,8.0,2.0,60.0,0.746851185644133,0.009992820396478995,105
simMed_test.mat,0.01,raw_os75_t4_g1_cfar_local,classical_local_cfar_param_sweep,4.0,1.0,75.0,0.7875486290683464,0.009992820396478995,105
simMed_test.mat,0.01,raw_os75_t4_g2_cfar_local,classical_local_cfar_param_sweep,4.0,2.0,75.0,0.7783697881526576,0.009992820396478995,105
simMed_test.mat,0.01,raw_os75_t6_g1_cfar_local,classical_local_cfar_param_sweep,6.0,1.0,75.0,0.7927238253633959,0.009992820396478995,105
simMed_test.mat,0.01,raw_os75_t6_g2_cfar_local,classical_local_cfar_param_sweep,6.0,2.0,75.0,0.7736590909634624,0.009992820396478995,105
simMed_test.mat,0.01,raw_os75_t8_g1_cfar_local,classical_local_cfar_param_sweep,8.0,1.0,75.0,0.7806905105093609,0.009992820396478995,105
simMed_test.mat,0.01,raw_os75_t8_g2_cfar_local,classical_local_cfar_param_sweep,8.0,2.0,75.0,0.7618965862242618,0.009992820396478995,105
simMed_test.mat,0.01,raw_os90_t4_g1_cfar_local,classical_local_cfar_param_sweep,4.0,1.0,90.0,0.7586013672120477,0.009992820396478995,105
simMed_test.mat,0.01,raw_os90_t4_g2_cfar_local,classical_local_cfar_param_sweep,4.0,2.0,90.0,0.7593978505409656,0.009992820396478995,105
simMed_test.mat,0.01,raw_os90_t6_g1_cfar_local,classical_local_cfar_param_sweep,6.0,1.0,90.0,0.7726159356602897,0.009992820396478995,105
simMed_test.mat,0.01,raw_os90_t6_g2_cfar_local,classical_local_cfar_param_sweep,6.0,2.0,90.0,0.774297125565156,0.009992820396478995,105
simMed_test.mat,0.01,raw_os90_t8_g1_cfar_local,classical_local_cfar_param_sweep,8.0,1.0,90.0,0.7785571109124017,0.009992820396478995,105
simMed_test.mat,0.01,raw_os90_t8_g2_cfar_local,classical_local_cfar_param_sweep,8.0,2.0,90.0,0.7724459150888875,0.009992820396478995,105
simMed_test.mat,0.01,raw_soca_t4_g1_cfar_local,classical_local_cfar_param_sweep,4.0,1.0,,0.002497670784457922,0.009992820396478995,105
simMed_test.mat,0.01,raw_soca_t4_g2_cfar_local,classical_local_cfar_param_sweep,4.0,2.0,,0.0090692286148032,0.009992820396478995,105
simMed_test.mat,0.01,raw_soca_t6_g1_cfar_local,classical_local_cfar_param_sweep,6.0,1.0,,0.002497670784457922,0.009992820396478995,105
simMed_test.mat,0.01,raw_soca_t6_g2_cfar_local,classical_local_cfar_param_sweep,6.0,2.0,,0.0090692286148032,0.009992820396478995,105
simMed_test.mat,0.01,raw_soca_t8_g1_cfar_local,classical_local_cfar_param_sweep,8.0,1.0,,0.002497670784457922,0.009992820396478995,105
simMed_test.mat,0.01,raw_soca_t8_g2_cfar_local,classical_local_cfar_param_sweep,8.0,2.0,,0.0090692286148032,0.009992820396478995,105
simMed_test.mat,0.01,tpsscs_finished_detector,proposed,,,,0.8692331860864192,0.009992820396478995,105
simWind_test.mat,1e-05,low_rank_residual_k30_ca_t4_g1_cfar_local,classical_local_cfar_param_sweep,4.0,1.0,,0.10110607448976584,0.0,105
simWind_test.mat,1e-05,low_rank_residual_k30_ca_t4_g2_cfar_local,classical_local_cfar_param_sweep,4.0,2.0,,0.09171677710028364,0.0,105
simWind_test.mat,1e-05,low_rank_residual_k30_ca_t6_g1_cfar_local,classical_local_cfar_param_sweep,6.0,1.0,,0.09658291080961459,0.0,105
simWind_test.mat,1e-05,low_rank_residual_k30_ca_t6_g2_cfar_local,classical_local_cfar_param_sweep,6.0,2.0,,0.09138533890598528,0.0,105
simWind_test.mat,1e-05,low_rank_residual_k30_ca_t8_g1_cfar_local,classical_local_cfar_param_sweep,8.0,1.0,,0.0926825791674409,0.0,105
simWind_test.mat,1e-05,low_rank_residual_k30_ca_t8_g2_cfar_local,classical_local_cfar_param_sweep,8.0,2.0,,0.09253636864948651,0.0,105
simWind_test.mat,1e-05,low_rank_residual_k30_global_topk,global,,,,0.10406778999802849,0.0,105
simWind_test.mat,1e-05,low_rank_residual_k30_goca_t4_g1_cfar_local,classical_local_cfar_param_sweep,4.0,1.0,,0.09990865322012829,0.0,105
simWind_test.mat,1e-05,low_rank_residual_k30_goca_t4_g2_cfar_local,classical_local_cfar_param_sweep,4.0,2.0,,0.09575947243352938,0.0,105
simWind_test.mat,1e-05,low_rank_residual_k30_goca_t6_g1_cfar_local,classical_local_cfar_param_sweep,6.0,1.0,,0.09543098672180912,0.0,105
simWind_test.mat,1e-05,low_rank_residual_k30_goca_t6_g2_cfar_local,classical_local_cfar_param_sweep,6.0,2.0,,0.09303911380666288,0.0,105
simWind_test.mat,1e-05,low_rank_residual_k30_goca_t8_g1_cfar_local,classical_local_cfar_param_sweep,8.0,1.0,,0.09062287874627731,0.0,105
simWind_test.mat,1e-05,low_rank_residual_k30_goca_t8_g2_cfar_local,classical_local_cfar_param_sweep,8.0,2.0,,0.0906289316137527,0.0,105
simWind_test.mat,1e-05,low_rank_residual_k30_os60_t4_g1_cfar_local,classical_local_cfar_param_sweep,4.0,1.0,60.0,0.09433787125244002,0.0,105
simWind_test.mat,1e-05,low_rank_residual_k30_os60_t4_g2_cfar_local,classical_local_cfar_param_sweep,4.0,2.0,60.0,0.09283810779779358,0.0,105
simWind_test.mat,1e-05,low_rank_residual_k30_os60_t6_g1_cfar_local,classical_local_cfar_param_sweep,6.0,1.0,60.0,0.09107060961566568,0.0,105
simWind_test.mat,1e-05,low_rank_residual_k30_os60_t6_g2_cfar_local,classical_local_cfar_param_sweep,6.0,2.0,60.0,0.09070760082565667,0.0,105
simWind_test.mat,1e-05,low_rank_residual_k30_os60_t8_g1_cfar_local,classical_local_cfar_param_sweep,8.0,1.0,60.0,0.09084486056061017,0.0,105
simWind_test.mat,1e-05,low_rank_residual_k30_os60_t8_g2_cfar_local,classical_local_cfar_param_sweep,8.0,2.0,60.0,0.09114701858977108,0.0,105
simWind_test.mat,1e-05,low_rank_residual_k30_os75_t4_g1_cfar_local,classical_local_cfar_param_sweep,4.0,1.0,75.0,0.0946205942768719,0.0,105
simWind_test.mat,1e-05,low_rank_residual_k30_os75_t4_g2_cfar_local,classical_local_cfar_param_sweep,4.0,2.0,75.0,0.09286631140044722,0.0,105
simWind_test.mat,1e-05,low_rank_residual_k30_os75_t6_g1_cfar_local,classical_local_cfar_param_sweep,6.0,1.0,75.0,0.09044272639371177,0.0,105
simWind_test.mat,1e-05,low_rank_residual_k30_os75_t6_g2_cfar_local,classical_local_cfar_param_sweep,6.0,2.0,75.0,0.08893086283791657,0.0,105
simWind_test.mat,1e-05,low_rank_residual_k30_os75_t8_g1_cfar_local,classical_local_cfar_param_sweep,8.0,1.0,75.0,0.09104696543830221,0.0,105
simWind_test.mat,1e-05,low_rank_residual_k30_os75_t8_g2_cfar_local,classical_local_cfar_param_sweep,8.0,2.0,75.0,0.09148306229559013,0.0,105
simWind_test.mat,1e-05,low_rank_residual_k30_os90_t4_g1_cfar_local,classical_local_cfar_param_sweep,4.0,1.0,90.0,0.10082241385940718,0.0,105
simWind_test.mat,1e-05,low_rank_residual_k30_os90_t4_g2_cfar_local,classical_local_cfar_param_sweep,4.0,2.0,90.0,0.09448981795397042,0.0,105
simWind_test.mat,1e-05,low_rank_residual_k30_os90_t6_g1_cfar_local,classical_local_cfar_param_sweep,6.0,1.0,90.0,0.09301421659040611,0.0,105
simWind_test.mat,1e-05,low_rank_residual_k30_os90_t6_g2_cfar_local,classical_local_cfar_param_sweep,6.0,2.0,90.0,0.09357869122662706,0.0,105
simWind_test.mat,1e-05,low_rank_residual_k30_os90_t8_g1_cfar_local,classical_local_cfar_param_sweep,8.0,1.0,90.0,0.09324806665953961,0.0,105
simWind_test.mat,1e-05,low_rank_residual_k30_os90_t8_g2_cfar_local,classical_local_cfar_param_sweep,8.0,2.0,90.0,0.09071618295079499,0.0,105
simWind_test.mat,1e-05,low_rank_residual_k30_soca_t4_g1_cfar_local,classical_local_cfar_param_sweep,4.0,1.0,,0.0018695305752221161,0.0,105
simWind_test.mat,1e-05,low_rank_residual_k30_soca_t4_g2_cfar_local,classical_local_cfar_param_sweep,4.0,2.0,,0.004073994204156571,0.0,105
simWind_test.mat,1e-05,low_rank_residual_k30_soca_t6_g1_cfar_local,classical_local_cfar_param_sweep,6.0,1.0,,0.0018695305752221161,0.0,105
simWind_test.mat,1e-05,low_rank_residual_k30_soca_t6_g2_cfar_local,classical_local_cfar_param_sweep,6.0,2.0,,0.004073994204156571,0.0,105
simWind_test.mat,1e-05,low_rank_residual_k30_soca_t8_g1_cfar_local,classical_local_cfar_param_sweep,8.0,1.0,,0.0018695305752221161,0.0,105
simWind_test.mat,1e-05,low_rank_residual_k30_soca_t8_g2_cfar_local,classical_local_cfar_param_sweep,8.0,2.0,,0.004073994204156571,0.0,105
simWind_test.mat,1e-05,raw_ca_t4_g1_cfar_local,classical_local_cfar_param_sweep,4.0,1.0,,0.10164072793889598,0.0,105
simWind_test.mat,1e-05,raw_ca_t4_g2_cfar_local,classical_local_cfar_param_sweep,4.0,2.0,,0.07716575693794783,0.0,105
simWind_test.mat,1e-05,raw_ca_t6_g1_cfar_local,classical_local_cfar_param_sweep,6.0,1.0,,0.09015409371885413,0.0,105
simWind_test.mat,1e-05,raw_ca_t6_g2_cfar_local,classical_local_cfar_param_sweep,6.0,2.0,,0.07416598258980198,0.0,105
simWind_test.mat,1e-05,raw_ca_t8_g1_cfar_local,classical_local_cfar_param_sweep,8.0,1.0,,0.0801519859564022,0.0,105
simWind_test.mat,1e-05,raw_ca_t8_g2_cfar_local,classical_local_cfar_param_sweep,8.0,2.0,,0.07037840115730629,0.0,105
simWind_test.mat,1e-05,raw_global_topk,global,,,,0.0815710388412704,0.0,105
simWind_test.mat,1e-05,raw_goca_t4_g1_cfar_local,classical_local_cfar_param_sweep,4.0,1.0,,0.10409525121428752,0.0,105
simWind_test.mat,1e-05,raw_goca_t4_g2_cfar_local,classical_local_cfar_param_sweep,4.0,2.0,,0.07311542696901392,0.0,105
simWind_test.mat,1e-05,raw_goca_t6_g1_cfar_local,classical_local_cfar_param_sweep,6.0,1.0,,0.08935741420690767,0.0,105
simWind_test.mat,1e-05,raw_goca_t6_g2_cfar_local,classical_local_cfar_param_sweep,6.0,2.0,,0.07382804854956966,0.0,105
simWind_test.mat,1e-05,raw_goca_t8_g1_cfar_local,classical_local_cfar_param_sweep,8.0,1.0,,0.08196230630056207,0.0,105
simWind_test.mat,1e-05,raw_goca_t8_g2_cfar_local,classical_local_cfar_param_sweep,8.0,2.0,,0.06593043933999054,0.0,105
simWind_test.mat,1e-05,raw_os60_t4_g1_cfar_local,classical_local_cfar_param_sweep,4.0,1.0,60.0,0.0809513568727618,0.0,105
simWind_test.mat,1e-05,raw_os60_t4_g2_cfar_local,classical_local_cfar_param_sweep,4.0,2.0,60.0,0.07723341375346357,0.0,105
simWind_test.mat,1e-05,raw_os60_t6_g1_cfar_local,classical_local_cfar_param_sweep,6.0,1.0,60.0,0.07928191011107306,0.0,105
simWind_test.mat,1e-05,raw_os60_t6_g2_cfar_local,classical_local_cfar_param_sweep,6.0,2.0,60.0,0.08385402722957772,0.0,105
simWind_test.mat,1e-05,raw_os60_t8_g1_cfar_local,classical_local_cfar_param_sweep,8.0,1.0,60.0,0.08532018921306031,0.0,105
simWind_test.mat,1e-05,raw_os60_t8_g2_cfar_local,classical_local_cfar_param_sweep,8.0,2.0,60.0,0.08263154372058733,0.0,105
simWind_test.mat,1e-05,raw_os75_t4_g1_cfar_local,classical_local_cfar_param_sweep,4.0,1.0,75.0,0.08323604713654169,0.0,105
simWind_test.mat,1e-05,raw_os75_t4_g2_cfar_local,classical_local_cfar_param_sweep,4.0,2.0,75.0,0.07605375864054786,0.0,105
simWind_test.mat,1e-05,raw_os75_t6_g1_cfar_local,classical_local_cfar_param_sweep,6.0,1.0,75.0,0.08025732914187764,0.0,105
simWind_test.mat,1e-05,raw_os75_t6_g2_cfar_local,classical_local_cfar_param_sweep,6.0,2.0,75.0,0.07814808261955117,0.0,105
simWind_test.mat,1e-05,raw_os75_t8_g1_cfar_local,classical_local_cfar_param_sweep,8.0,1.0,75.0,0.0821925216882731,0.0,105
simWind_test.mat,1e-05,raw_os75_t8_g2_cfar_local,classical_local_cfar_param_sweep,8.0,2.0,75.0,0.07814446052249735,0.0,105
simWind_test.mat,1e-05,raw_os90_t4_g1_cfar_local,classical_local_cfar_param_sweep,4.0,1.0,90.0,0.08524458124509224,0.0,105
simWind_test.mat,1e-05,raw_os90_t4_g2_cfar_local,classical_local_cfar_param_sweep,4.0,2.0,90.0,0.07548842826641541,0.0,105
simWind_test.mat,1e-05,raw_os90_t6_g1_cfar_local,classical_local_cfar_param_sweep,6.0,1.0,90.0,0.07826643228329039,0.0,105
simWind_test.mat,1e-05,raw_os90_t6_g2_cfar_local,classical_local_cfar_param_sweep,6.0,2.0,90.0,0.0753014182560481,0.0,105
simWind_test.mat,1e-05,raw_os90_t8_g1_cfar_local,classical_local_cfar_param_sweep,8.0,1.0,90.0,0.07724442984064485,0.0,105
simWind_test.mat,1e-05,raw_os90_t8_g2_cfar_local,classical_local_cfar_param_sweep,8.0,2.0,90.0,0.07657358142618492,0.0,105
simWind_test.mat,1e-05,raw_soca_t4_g1_cfar_local,classical_local_cfar_param_sweep,4.0,1.0,,0.0012300787648920183,0.0,105
simWind_test.mat,1e-05,raw_soca_t4_g2_cfar_local,classical_local_cfar_param_sweep,4.0,2.0,,0.004357927161146121,0.0,105
simWind_test.mat,1e-05,raw_soca_t6_g1_cfar_local,classical_local_cfar_param_sweep,6.0,1.0,,0.0012300787648920183,0.0,105
simWind_test.mat,1e-05,raw_soca_t6_g2_cfar_local,classical_local_cfar_param_sweep,6.0,2.0,,0.004357927161146121,0.0,105
simWind_test.mat,1e-05,raw_soca_t8_g1_cfar_local,classical_local_cfar_param_sweep,8.0,1.0,,0.0012300787648920183,0.0,105
simWind_test.mat,1e-05,raw_soca_t8_g2_cfar_local,classical_local_cfar_param_sweep,8.0,2.0,,0.004357927161146121,0.0,105
simWind_test.mat,1e-05,tpsscs_finished_detector,proposed,,,,0.184519215649939,0.0,105
simWind_test.mat,3e-05,low_rank_residual_k30_ca_t4_g1_cfar_local,classical_local_cfar_param_sweep,4.0,1.0,,0.15936671486742685,1.526753812803079e-05,105
simWind_test.mat,3e-05,low_rank_residual_k30_ca_t4_g2_cfar_local,classical_local_cfar_param_sweep,4.0,2.0,,0.1502987124241805,1.526753812803079e-05,105
simWind_test.mat,3e-05,low_rank_residual_k30_ca_t6_g1_cfar_local,classical_local_cfar_param_sweep,6.0,1.0,,0.15286313487148878,1.526753812803079e-05,105
simWind_test.mat,3e-05,low_rank_residual_k30_ca_t6_g2_cfar_local,classical_local_cfar_param_sweep,6.0,2.0,,0.14742523112947958,1.526753812803079e-05,105
simWind_test.mat,3e-05,low_rank_residual_k30_ca_t8_g1_cfar_local,classical_local_cfar_param_sweep,8.0,1.0,,0.1502885854143737,1.526753812803079e-05,105
simWind_test.mat,3e-05,low_rank_residual_k30_ca_t8_g2_cfar_local,classical_local_cfar_param_sweep,8.0,2.0,,0.14817851191917694,1.526753812803079e-05,105
simWind_test.mat,3e-05,low_rank_residual_k30_global_topk,global,,,,0.163758064783849,1.526753812803079e-05,105
simWind_test.mat,3e-05,low_rank_residual_k30_goca_t4_g1_cfar_local,classical_local_cfar_param_sweep,4.0,1.0,,0.155820349965132,1.526753812803079e-05,105
simWind_test.mat,3e-05,low_rank_residual_k30_goca_t4_g2_cfar_local,classical_local_cfar_param_sweep,4.0,2.0,,0.1479780375687303,1.526753812803079e-05,105
simWind_test.mat,3e-05,low_rank_residual_k30_goca_t6_g1_cfar_local,classical_local_cfar_param_sweep,6.0,1.0,,0.15331055917442943,1.526753812803079e-05,105
simWind_test.mat,3e-05,low_rank_residual_k30_goca_t6_g2_cfar_local,classical_local_cfar_param_sweep,6.0,2.0,,0.1457879054081044,1.526753812803079e-05,105
simWind_test.mat,3e-05,low_rank_residual_k30_goca_t8_g1_cfar_local,classical_local_cfar_param_sweep,8.0,1.0,,0.1528865048326553,1.526753812803079e-05,105
simWind_test.mat,3e-05,low_rank_residual_k30_goca_t8_g2_cfar_local,classical_local_cfar_param_sweep,8.0,2.0,,0.14647185493782217,1.526753812803079e-05,105
simWind_test.mat,3e-05,low_rank_residual_k30_os60_t4_g1_cfar_local,classical_local_cfar_param_sweep,4.0,1.0,60.0,0.1526630537606634,1.526753812803079e-05,105
simWind_test.mat,3e-05,low_rank_residual_k30_os60_t4_g2_cfar_local,classical_local_cfar_param_sweep,4.0,2.0,60.0,0.14905878441776285,1.526753812803079e-05,105
simWind_test.mat,3e-05,low_rank_residual_k30_os60_t6_g1_cfar_local,classical_local_cfar_param_sweep,6.0,1.0,60.0,0.1487722220063669,1.526753812803079e-05,105
simWind_test.mat,3e-05,low_rank_residual_k30_os60_t6_g2_cfar_local,classical_local_cfar_param_sweep,6.0,2.0,60.0,0.14640383210697377,1.526753812803079e-05,105
simWind_test.mat,3e-05,low_rank_residual_k30_os60_t8_g1_cfar_local,classical_local_cfar_param_sweep,8.0,1.0,60.0,0.1456685832986581,1.526753812803079e-05,105
simWind_test.mat,3e-05,low_rank_residual_k30_os60_t8_g2_cfar_local,classical_local_cfar_param_sweep,8.0,2.0,60.0,0.14593731816897154,1.526753812803079e-05,105
simWind_test.mat,3e-05,low_rank_residual_k30_os75_t4_g1_cfar_local,classical_local_cfar_param_sweep,4.0,1.0,75.0,0.1515748745388532,1.526753812803079e-05,105
simWind_test.mat,3e-05,low_rank_residual_k30_os75_t4_g2_cfar_local,classical_local_cfar_param_sweep,4.0,2.0,75.0,0.1465754484092979,1.526753812803079e-05,105
simWind_test.mat,3e-05,low_rank_residual_k30_os75_t6_g1_cfar_local,classical_local_cfar_param_sweep,6.0,1.0,75.0,0.14602730122257934,1.526753812803079e-05,105
simWind_test.mat,3e-05,low_rank_residual_k30_os75_t6_g2_cfar_local,classical_local_cfar_param_sweep,6.0,2.0,75.0,0.1479025331788767,1.526753812803079e-05,105
simWind_test.mat,3e-05,low_rank_residual_k30_os75_t8_g1_cfar_local,classical_local_cfar_param_sweep,8.0,1.0,75.0,0.14823091080483058,1.526753812803079e-05,105
simWind_test.mat,3e-05,low_rank_residual_k30_os75_t8_g2_cfar_local,classical_local_cfar_param_sweep,8.0,2.0,75.0,0.14668055511254943,1.526753812803079e-05,105
simWind_test.mat,3e-05,low_rank_residual_k30_os90_t4_g1_cfar_local,classical_local_cfar_param_sweep,4.0,1.0,90.0,0.15640003010914671,1.526753812803079e-05,105
simWind_test.mat,3e-05,low_rank_residual_k30_os90_t4_g2_cfar_local,classical_local_cfar_param_sweep,4.0,2.0,90.0,0.15449668843469955,1.526753812803079e-05,105
simWind_test.mat,3e-05,low_rank_residual_k30_os90_t6_g1_cfar_local,classical_local_cfar_param_sweep,6.0,1.0,90.0,0.1536723111763065,1.526753812803079e-05,105
simWind_test.mat,3e-05,low_rank_residual_k30_os90_t6_g2_cfar_local,classical_local_cfar_param_sweep,6.0,2.0,90.0,0.14786011541855568,1.526753812803079e-05,105
simWind_test.mat,3e-05,low_rank_residual_k30_os90_t8_g1_cfar_local,classical_local_cfar_param_sweep,8.0,1.0,90.0,0.14868847251096762,1.526753812803079e-05,105
simWind_test.mat,3e-05,low_rank_residual_k30_os90_t8_g2_cfar_local,classical_local_cfar_param_sweep,8.0,2.0,90.0,0.14595664748979809,1.526753812803079e-05,105
simWind_test.mat,3e-05,low_rank_residual_k30_soca_t4_g1_cfar_local,classical_local_cfar_param_sweep,4.0,1.0,,0.0020638940348916986,1.526753812803079e-05,105
simWind_test.mat,3e-05,low_rank_residual_k30_soca_t4_g2_cfar_local,classical_local_cfar_param_sweep,4.0,2.0,,0.00480941658706091,1.526753812803079e-05,105
simWind_test.mat,3e-05,low_rank_residual_k30_soca_t6_g1_cfar_local,classical_local_cfar_param_sweep,6.0,1.0,,0.0020638940348916986,1.526753812803079e-05,105
simWind_test.mat,3e-05,low_rank_residual_k30_soca_t6_g2_cfar_local,classical_local_cfar_param_sweep,6.0,2.0,,0.00480941658706091,1.526753812803079e-05,105
simWind_test.mat,3e-05,low_rank_residual_k30_soca_t8_g1_cfar_local,classical_local_cfar_param_sweep,8.0,1.0,,0.0020638940348916986,1.526753812803079e-05,105
simWind_test.mat,3e-05,low_rank_residual_k30_soca_t8_g2_cfar_local,classical_local_cfar_param_sweep,8.0,2.0,,0.00480941658706091,1.526753812803079e-05,105
simWind_test.mat,3e-05,raw_ca_t4_g1_cfar_local,classical_local_cfar_param_sweep,4.0,1.0,,0.14854951551408543,1.526753812803079e-05,105
simWind_test.mat,3e-05,raw_ca_t4_g2_cfar_local,classical_local_cfar_param_sweep,4.0,2.0,,0.11165928344901432,1.526753812803079e-05,105
simWind_test.mat,3e-05,raw_ca_t6_g1_cfar_local,classical_local_cfar_param_sweep,6.0,1.0,,0.13084367976934413,1.526753812803079e-05,105
simWind_test.mat,3e-05,raw_ca_t6_g2_cfar_local,classical_local_cfar_param_sweep,6.0,2.0,,0.1115557299352657,1.526753812803079e-05,105
simWind_test.mat,3e-05,raw_ca_t8_g1_cfar_local,classical_local_cfar_param_sweep,8.0,1.0,,0.12647129208830524,1.526753812803079e-05,105
simWind_test.mat,3e-05,raw_ca_t8_g2_cfar_local,classical_local_cfar_param_sweep,8.0,2.0,,0.11062232869885547,1.526753812803079e-05,105
simWind_test.mat,3e-05,raw_global_topk,global,,,,0.12712998216772955,1.526753812803079e-05,105
simWind_test.mat,3e-05,raw_goca_t4_g1_cfar_local,classical_local_cfar_param_sweep,4.0,1.0,,0.1499716762887007,1.526753812803079e-05,105
simWind_test.mat,3e-05,raw_goca_t4_g2_cfar_local,classical_local_cfar_param_sweep,4.0,2.0,,0.10731036325723331,1.526753812803079e-05,105
simWind_test.mat,3e-05,raw_goca_t6_g1_cfar_local,classical_local_cfar_param_sweep,6.0,1.0,,0.13310231811891876,1.526753812803079e-05,105
simWind_test.mat,3e-05,raw_goca_t6_g2_cfar_local,classical_local_cfar_param_sweep,6.0,2.0,,0.10815980159408951,1.526753812803079e-05,105
simWind_test.mat,3e-05,raw_goca_t8_g1_cfar_local,classical_local_cfar_param_sweep,8.0,1.0,,0.12217453464919215,1.526753812803079e-05,105
simWind_test.mat,3e-05,raw_goca_t8_g2_cfar_local,classical_local_cfar_param_sweep,8.0,2.0,,0.1065639496347636,1.526753812803079e-05,105
simWind_test.mat,3e-05,raw_os60_t4_g1_cfar_local,classical_local_cfar_param_sweep,4.0,1.0,60.0,0.11950946057869553,1.526753812803079e-05,105
simWind_test.mat,3e-05,raw_os60_t4_g2_cfar_local,classical_local_cfar_param_sweep,4.0,2.0,60.0,0.11512230016802522,1.526753812803079e-05,105
simWind_test.mat,3e-05,raw_os60_t6_g1_cfar_local,classical_local_cfar_param_sweep,6.0,1.0,60.0,0.12163321630357601,1.526753812803079e-05,105
simWind_test.mat,3e-05,raw_os60_t6_g2_cfar_local,classical_local_cfar_param_sweep,6.0,2.0,60.0,0.11627548485189196,1.526753812803079e-05,105
simWind_test.mat,3e-05,raw_os60_t8_g1_cfar_local,classical_local_cfar_param_sweep,8.0,1.0,60.0,0.11765396157203195,1.526753812803079e-05,105
simWind_test.mat,3e-05,raw_os60_t8_g2_cfar_local,classical_local_cfar_param_sweep,8.0,2.0,60.0,0.12041567469773419,1.526753812803079e-05,105
simWind_test.mat,3e-05,raw_os75_t4_g1_cfar_local,classical_local_cfar_param_sweep,4.0,1.0,75.0,0.11866697232511826,1.526753812803079e-05,105
simWind_test.mat,3e-05,raw_os75_t4_g2_cfar_local,classical_local_cfar_param_sweep,4.0,2.0,75.0,0.11443932125095757,1.526753812803079e-05,105
simWind_test.mat,3e-05,raw_os75_t6_g1_cfar_local,classical_local_cfar_param_sweep,6.0,1.0,75.0,0.11943620657891273,1.526753812803079e-05,105
simWind_test.mat,3e-05,raw_os75_t6_g2_cfar_local,classical_local_cfar_param_sweep,6.0,2.0,75.0,0.11874432974599186,1.526753812803079e-05,105
simWind_test.mat,3e-05,raw_os75_t8_g1_cfar_local,classical_local_cfar_param_sweep,8.0,1.0,75.0,0.12040556818137314,1.526753812803079e-05,105
simWind_test.mat,3e-05,raw_os75_t8_g2_cfar_local,classical_local_cfar_param_sweep,8.0,2.0,75.0,0.11704740155880139,1.526753812803079e-05,105
simWind_test.mat,3e-05,raw_os90_t4_g1_cfar_local,classical_local_cfar_param_sweep,4.0,1.0,90.0,0.12545352292330247,1.526753812803079e-05,105
simWind_test.mat,3e-05,raw_os90_t4_g2_cfar_local,classical_local_cfar_param_sweep,4.0,2.0,90.0,0.11480641274455253,1.526753812803079e-05,105
simWind_test.mat,3e-05,raw_os90_t6_g1_cfar_local,classical_local_cfar_param_sweep,6.0,1.0,90.0,0.1225537121741585,1.526753812803079e-05,105
simWind_test.mat,3e-05,raw_os90_t6_g2_cfar_local,classical_local_cfar_param_sweep,6.0,2.0,90.0,0.11455210650790501,1.526753812803079e-05,105
simWind_test.mat,3e-05,raw_os90_t8_g1_cfar_local,classical_local_cfar_param_sweep,8.0,1.0,90.0,0.11989103886523689,1.526753812803079e-05,105
simWind_test.mat,3e-05,raw_os90_t8_g2_cfar_local,classical_local_cfar_param_sweep,8.0,2.0,90.0,0.11096115172104588,1.526753812803079e-05,105
simWind_test.mat,3e-05,raw_soca_t4_g1_cfar_local,classical_local_cfar_param_sweep,4.0,1.0,,0.0012300787648920183,1.526753812803079e-05,105
simWind_test.mat,3e-05,raw_soca_t4_g2_cfar_local,classical_local_cfar_param_sweep,4.0,2.0,,0.0051686483114899125,1.526753812803079e-05,105
simWind_test.mat,3e-05,raw_soca_t6_g1_cfar_local,classical_local_cfar_param_sweep,6.0,1.0,,0.0012300787648920183,1.526753812803079e-05,105
simWind_test.mat,3e-05,raw_soca_t6_g2_cfar_local,classical_local_cfar_param_sweep,6.0,2.0,,0.0051686483114899125,1.526753812803079e-05,105
simWind_test.mat,3e-05,raw_soca_t8_g1_cfar_local,classical_local_cfar_param_sweep,8.0,1.0,,0.0012300787648920183,1.526753812803079e-05,105
simWind_test.mat,3e-05,raw_soca_t8_g2_cfar_local,classical_local_cfar_param_sweep,8.0,2.0,,0.0051686483114899125,1.526753812803079e-05,105
simWind_test.mat,3e-05,tpsscs_finished_detector,proposed,,,,0.23871466421913765,1.526753812803079e-05,105
simWind_test.mat,0.0001,low_rank_residual_k30_ca_t4_g1_cfar_local,classical_local_cfar_param_sweep,4.0,1.0,,0.31663255964036535,9.160522876818475e-05,105
simWind_test.mat,0.0001,low_rank_residual_k30_ca_t4_g2_cfar_local,classical_local_cfar_param_sweep,4.0,2.0,,0.30040146770117515,9.160522876818475e-05,105
simWind_test.mat,0.0001,low_rank_residual_k30_ca_t6_g1_cfar_local,classical_local_cfar_param_sweep,6.0,1.0,,0.31468636837528197,9.160522876818475e-05,105
simWind_test.mat,0.0001,low_rank_residual_k30_ca_t6_g2_cfar_local,classical_local_cfar_param_sweep,6.0,2.0,,0.29741652070345204,9.160522876818475e-05,105
simWind_test.mat,0.0001,low_rank_residual_k30_ca_t8_g1_cfar_local,classical_local_cfar_param_sweep,8.0,1.0,,0.30508244402293966,9.160522876818475e-05,105
simWind_test.mat,0.0001,low_rank_residual_k30_ca_t8_g2_cfar_local,classical_local_cfar_param_sweep,8.0,2.0,,0.29744102968135333,9.160522876818475e-05,105
simWind_test.mat,0.0001,low_rank_residual_k30_global_topk,global,,,,0.31075641617749705,9.160522876818475e-05,105
simWind_test.mat,0.0001,low_rank_residual_k30_goca_t4_g1_cfar_local,classical_local_cfar_param_sweep,4.0,1.0,,0.3195497859893308,9.160522876818475e-05,105
simWind_test.mat,0.0001,low_rank_residual_k30_goca_t4_g2_cfar_local,classical_local_cfar_param_sweep,4.0,2.0,,0.29292103360521193,9.160522876818475e-05,105
simWind_test.mat,0.0001,low_rank_residual_k30_goca_t6_g1_cfar_local,classical_local_cfar_param_sweep,6.0,1.0,,0.3090965527406525,9.160522876818475e-05,105
simWind_test.mat,0.0001,low_rank_residual_k30_goca_t6_g2_cfar_local,classical_local_cfar_param_sweep,6.0,2.0,,0.2918840177794008,9.160522876818475e-05,105
simWind_test.mat,0.0001,low_rank_residual_k30_goca_t8_g1_cfar_local,classical_local_cfar_param_sweep,8.0,1.0,,0.3044590010804944,9.160522876818475e-05,105
simWind_test.mat,0.0001,low_rank_residual_k30_goca_t8_g2_cfar_local,classical_local_cfar_param_sweep,8.0,2.0,,0.29759023804524404,9.160522876818475e-05,105
simWind_test.mat,0.0001,low_rank_residual_k30_os60_t4_g1_cfar_local,classical_local_cfar_param_sweep,4.0,1.0,60.0,0.2961298172748789,9.160522876818475e-05,105
simWind_test.mat,0.0001,low_rank_residual_k30_os60_t4_g2_cfar_local,classical_local_cfar_param_sweep,4.0,2.0,60.0,0.2984004816092054,9.160522876818475e-05,105
simWind_test.mat,0.0001,low_rank_residual_k30_os60_t6_g1_cfar_local,classical_local_cfar_param_sweep,6.0,1.0,60.0,0.29795309804762926,9.160522876818475e-05,105
simWind_test.mat,0.0001,low_rank_residual_k30_os60_t6_g2_cfar_local,classical_local_cfar_param_sweep,6.0,2.0,60.0,0.29708519547068424,9.160522876818475e-05,105
simWind_test.mat,0.0001,low_rank_residual_k30_os60_t8_g1_cfar_local,classical_local_cfar_param_sweep,8.0,1.0,60.0,0.298435199510376,9.160522876818475e-05,105
simWind_test.mat,0.0001,low_rank_residual_k30_os60_t8_g2_cfar_local,classical_local_cfar_param_sweep,8.0,2.0,60.0,0.2988588802986769,9.160522876818475e-05,105
simWind_test.mat,0.0001,low_rank_residual_k30_os75_t4_g1_cfar_local,classical_local_cfar_param_sweep,4.0,1.0,75.0,0.2969878478519963,9.160522876818475e-05,105
simWind_test.mat,0.0001,low_rank_residual_k30_os75_t4_g2_cfar_local,classical_local_cfar_param_sweep,4.0,2.0,75.0,0.2985529978148201,9.160522876818475e-05,105
simWind_test.mat,0.0001,low_rank_residual_k30_os75_t6_g1_cfar_local,classical_local_cfar_param_sweep,6.0,1.0,75.0,0.2988250573186139,9.160522876818475e-05,105
simWind_test.mat,0.0001,low_rank_residual_k30_os75_t6_g2_cfar_local,classical_local_cfar_param_sweep,6.0,2.0,75.0,0.2955315080417721,9.160522876818475e-05,105
simWind_test.mat,0.0001,low_rank_residual_k30_os75_t8_g1_cfar_local,classical_local_cfar_param_sweep,8.0,1.0,75.0,0.2968955800094895,9.160522876818475e-05,105
simWind_test.mat,0.0001,low_rank_residual_k30_os75_t8_g2_cfar_local,classical_local_cfar_param_sweep,8.0,2.0,75.0,0.29554556132885373,9.160522876818475e-05,105
simWind_test.mat,0.0001,low_rank_residual_k30_os90_t4_g1_cfar_local,classical_local_cfar_param_sweep,4.0,1.0,90.0,0.30132035026562365,9.160522876818475e-05,105
simWind_test.mat,0.0001,low_rank_residual_k30_os90_t4_g2_cfar_local,classical_local_cfar_param_sweep,4.0,2.0,90.0,0.2950892758025095,9.160522876818475e-05,105
simWind_test.mat,0.0001,low_rank_residual_k30_os90_t6_g1_cfar_local,classical_local_cfar_param_sweep,6.0,1.0,90.0,0.297207125508672,9.160522876818475e-05,105
simWind_test.mat,0.0001,low_rank_residual_k30_os90_t6_g2_cfar_local,classical_local_cfar_param_sweep,6.0,2.0,90.0,0.2922276607087697,9.160522876818475e-05,105
simWind_test.mat,0.0001,low_rank_residual_k30_os90_t8_g1_cfar_local,classical_local_cfar_param_sweep,8.0,1.0,90.0,0.2949617104023623,9.160522876818475e-05,105
simWind_test.mat,0.0001,low_rank_residual_k30_os90_t8_g2_cfar_local,classical_local_cfar_param_sweep,8.0,2.0,90.0,0.29441192991077175,9.160522876818475e-05,105
simWind_test.mat,0.0001,low_rank_residual_k30_soca_t4_g1_cfar_local,classical_local_cfar_param_sweep,4.0,1.0,,0.0020638940348916986,9.160522876818475e-05,105
simWind_test.mat,0.0001,low_rank_residual_k30_soca_t4_g2_cfar_local,classical_local_cfar_param_sweep,4.0,2.0,,0.005324217101861425,9.160522876818475e-05,105
simWind_test.mat,0.0001,low_rank_residual_k30_soca_t6_g1_cfar_local,classical_local_cfar_param_sweep,6.0,1.0,,0.0020638940348916986,9.160522876818475e-05,105
simWind_test.mat,0.0001,low_rank_residual_k30_soca_t6_g2_cfar_local,classical_local_cfar_param_sweep,6.0,2.0,,0.005324217101861425,9.160522876818475e-05,105
simWind_test.mat,0.0001,low_rank_residual_k30_soca_t8_g1_cfar_local,classical_local_cfar_param_sweep,8.0,1.0,,0.0020638940348916986,9.160522876818475e-05,105
simWind_test.mat,0.0001,low_rank_residual_k30_soca_t8_g2_cfar_local,classical_local_cfar_param_sweep,8.0,2.0,,0.005324217101861425,9.160522876818475e-05,105
simWind_test.mat,0.0001,raw_ca_t4_g1_cfar_local,classical_local_cfar_param_sweep,4.0,1.0,,0.26542978957330865,9.160522876818475e-05,105
simWind_test.mat,0.0001,raw_ca_t4_g2_cfar_local,classical_local_cfar_param_sweep,4.0,2.0,,0.21963730401052584,9.160522876818475e-05,105
simWind_test.mat,0.0001,raw_ca_t6_g1_cfar_local,classical_local_cfar_param_sweep,6.0,1.0,,0.2504871856906519,9.160522876818475e-05,105
simWind_test.mat,0.0001,raw_ca_t6_g2_cfar_local,classical_local_cfar_param_sweep,6.0,2.0,,0.21247618502501958,9.160522876818475e-05,105
simWind_test.mat,0.0001,raw_ca_t8_g1_cfar_local,classical_local_cfar_param_sweep,8.0,1.0,,0.2317237856428548,9.160522876818475e-05,105
simWind_test.mat,0.0001,raw_ca_t8_g2_cfar_local,classical_local_cfar_param_sweep,8.0,2.0,,0.20945128021088172,9.160522876818475e-05,105
simWind_test.mat,0.0001,raw_global_topk,global,,,,0.21430520549964138,9.160522876818475e-05,105
simWind_test.mat,0.0001,raw_goca_t4_g1_cfar_local,classical_local_cfar_param_sweep,4.0,1.0,,0.26483937144298203,9.160522876818475e-05,105
simWind_test.mat,0.0001,raw_goca_t4_g2_cfar_local,classical_local_cfar_param_sweep,4.0,2.0,,0.21393082445573353,9.160522876818475e-05,105
simWind_test.mat,0.0001,raw_goca_t6_g1_cfar_local,classical_local_cfar_param_sweep,6.0,1.0,,0.24466398339955825,9.160522876818475e-05,105
simWind_test.mat,0.0001,raw_goca_t6_g2_cfar_local,classical_local_cfar_param_sweep,6.0,2.0,,0.2085579623603874,9.160522876818475e-05,105
simWind_test.mat,0.0001,raw_goca_t8_g1_cfar_local,classical_local_cfar_param_sweep,8.0,1.0,,0.2258786866346507,9.160522876818475e-05,105
simWind_test.mat,0.0001,raw_goca_t8_g2_cfar_local,classical_local_cfar_param_sweep,8.0,2.0,,0.20214335885238058,9.160522876818475e-05,105
simWind_test.mat,0.0001,raw_os60_t4_g1_cfar_local,classical_local_cfar_param_sweep,4.0,1.0,60.0,0.2303313619075022,9.160522876818475e-05,105
simWind_test.mat,0.0001,raw_os60_t4_g2_cfar_local,classical_local_cfar_param_sweep,4.0,2.0,60.0,0.22210113670129253,9.160522876818475e-05,105
simWind_test.mat,0.0001,raw_os60_t6_g1_cfar_local,classical_local_cfar_param_sweep,6.0,1.0,60.0,0.227852197311948,9.160522876818475e-05,105
simWind_test.mat,0.0001,raw_os60_t6_g2_cfar_local,classical_local_cfar_param_sweep,6.0,2.0,60.0,0.2204707801053264,9.160522876818475e-05,105
simWind_test.mat,0.0001,raw_os60_t8_g1_cfar_local,classical_local_cfar_param_sweep,8.0,1.0,60.0,0.22458242861872518,9.160522876818475e-05,105
simWind_test.mat,0.0001,raw_os60_t8_g2_cfar_local,classical_local_cfar_param_sweep,8.0,2.0,60.0,0.22245520183353645,9.160522876818475e-05,105
simWind_test.mat,0.0001,raw_os75_t4_g1_cfar_local,classical_local_cfar_param_sweep,4.0,1.0,75.0,0.23137379523315454,9.160522876818475e-05,105
simWind_test.mat,0.0001,raw_os75_t4_g2_cfar_local,classical_local_cfar_param_sweep,4.0,2.0,75.0,0.21925529751204567,9.160522876818475e-05,105
simWind_test.mat,0.0001,raw_os75_t6_g1_cfar_local,classical_local_cfar_param_sweep,6.0,1.0,75.0,0.22799052646210144,9.160522876818475e-05,105
simWind_test.mat,0.0001,raw_os75_t6_g2_cfar_local,classical_local_cfar_param_sweep,6.0,2.0,75.0,0.22108762165820933,9.160522876818475e-05,105
simWind_test.mat,0.0001,raw_os75_t8_g1_cfar_local,classical_local_cfar_param_sweep,8.0,1.0,75.0,0.22604997314804137,9.160522876818475e-05,105
simWind_test.mat,0.0001,raw_os75_t8_g2_cfar_local,classical_local_cfar_param_sweep,8.0,2.0,75.0,0.21891201541947475,9.160522876818475e-05,105
simWind_test.mat,0.0001,raw_os90_t4_g1_cfar_local,classical_local_cfar_param_sweep,4.0,1.0,90.0,0.23000811143782549,9.160522876818475e-05,105
simWind_test.mat,0.0001,raw_os90_t4_g2_cfar_local,classical_local_cfar_param_sweep,4.0,2.0,90.0,0.22299535832065792,9.160522876818475e-05,105
simWind_test.mat,0.0001,raw_os90_t6_g1_cfar_local,classical_local_cfar_param_sweep,6.0,1.0,90.0,0.2241521265325938,9.160522876818475e-05,105
simWind_test.mat,0.0001,raw_os90_t6_g2_cfar_local,classical_local_cfar_param_sweep,6.0,2.0,90.0,0.21797341645936527,9.160522876818475e-05,105
simWind_test.mat,0.0001,raw_os90_t8_g1_cfar_local,classical_local_cfar_param_sweep,8.0,1.0,90.0,0.21687453993456635,9.160522876818475e-05,105
simWind_test.mat,0.0001,raw_os90_t8_g2_cfar_local,classical_local_cfar_param_sweep,8.0,2.0,90.0,0.21198801743377577,9.160522876818475e-05,105
simWind_test.mat,0.0001,raw_soca_t4_g1_cfar_local,classical_local_cfar_param_sweep,4.0,1.0,,0.0016459261669757755,9.160522876818475e-05,105
simWind_test.mat,0.0001,raw_soca_t4_g2_cfar_local,classical_local_cfar_param_sweep,4.0,2.0,,0.006473999514470589,9.160522876818475e-05,105
simWind_test.mat,0.0001,raw_soca_t6_g1_cfar_local,classical_local_cfar_param_sweep,6.0,1.0,,0.0016459261669757755,9.160522876818475e-05,105
simWind_test.mat,0.0001,raw_soca_t6_g2_cfar_local,classical_local_cfar_param_sweep,6.0,2.0,,0.006473999514470589,9.160522876818475e-05,105
simWind_test.mat,0.0001,raw_soca_t8_g1_cfar_local,classical_local_cfar_param_sweep,8.0,1.0,,0.0016459261669757755,9.160522876818475e-05,105
simWind_test.mat,0.0001,raw_soca_t8_g2_cfar_local,classical_local_cfar_param_sweep,8.0,2.0,,0.006473999514470589,9.160522876818475e-05,105
simWind_test.mat,0.0001,tpsscs_finished_detector,proposed,,,,0.37324521082765943,9.160522876818475e-05,105
simWind_test.mat,0.0003,low_rank_residual_k30_ca_t4_g1_cfar_local,classical_local_cfar_param_sweep,4.0,1.0,,0.49614726458576763,0.00029008322443258505,105
simWind_test.mat,0.0003,low_rank_residual_k30_ca_t4_g2_cfar_local,classical_local_cfar_param_sweep,4.0,2.0,,0.47031278935583104,0.00029008322443258505,105
simWind_test.mat,0.0003,low_rank_residual_k30_ca_t6_g1_cfar_local,classical_local_cfar_param_sweep,6.0,1.0,,0.4885665287275211,0.00029008322443258505,105
simWind_test.mat,0.0003,low_rank_residual_k30_ca_t6_g2_cfar_local,classical_local_cfar_param_sweep,6.0,2.0,,0.4765116413498008,0.00029008322443258505,105
simWind_test.mat,0.0003,low_rank_residual_k30_ca_t8_g1_cfar_local,classical_local_cfar_param_sweep,8.0,1.0,,0.4881987161703926,0.00029008322443258505,105
simWind_test.mat,0.0003,low_rank_residual_k30_ca_t8_g2_cfar_local,classical_local_cfar_param_sweep,8.0,2.0,,0.4733048529593731,0.00029008322443258505,105
simWind_test.mat,0.0003,low_rank_residual_k30_global_topk,global,,,,0.486945497023541,0.00029008322443258505,105
simWind_test.mat,0.0003,low_rank_residual_k30_goca_t4_g1_cfar_local,classical_local_cfar_param_sweep,4.0,1.0,,0.49542154249489473,0.00029008322443258505,105
simWind_test.mat,0.0003,low_rank_residual_k30_goca_t4_g2_cfar_local,classical_local_cfar_param_sweep,4.0,2.0,,0.4681100234135177,0.00029008322443258505,105
simWind_test.mat,0.0003,low_rank_residual_k30_goca_t6_g1_cfar_local,classical_local_cfar_param_sweep,6.0,1.0,,0.4856021916685604,0.00029008322443258505,105
simWind_test.mat,0.0003,low_rank_residual_k30_goca_t6_g2_cfar_local,classical_local_cfar_param_sweep,6.0,2.0,,0.4641234573763571,0.00029008322443258505,105
simWind_test.mat,0.0003,low_rank_residual_k30_goca_t8_g1_cfar_local,classical_local_cfar_param_sweep,8.0,1.0,,0.488909989308236,0.00029008322443258505,105
simWind_test.mat,0.0003,low_rank_residual_k30_goca_t8_g2_cfar_local,classical_local_cfar_param_sweep,8.0,2.0,,0.4748241027962966,0.00029008322443258505,105
simWind_test.mat,0.0003,low_rank_residual_k30_os60_t4_g1_cfar_local,classical_local_cfar_param_sweep,4.0,1.0,60.0,0.4709300677608753,0.00029008322443258505,105
simWind_test.mat,0.0003,low_rank_residual_k30_os60_t4_g2_cfar_local,classical_local_cfar_param_sweep,4.0,2.0,60.0,0.4696170847712727,0.00029008322443258505,105
simWind_test.mat,0.0003,low_rank_residual_k30_os60_t6_g1_cfar_local,classical_local_cfar_param_sweep,6.0,1.0,60.0,0.4702337871774723,0.00029008322443258505,105
simWind_test.mat,0.0003,low_rank_residual_k30_os60_t6_g2_cfar_local,classical_local_cfar_param_sweep,6.0,2.0,60.0,0.4709585775793525,0.00029008322443258505,105
simWind_test.mat,0.0003,low_rank_residual_k30_os60_t8_g1_cfar_local,classical_local_cfar_param_sweep,8.0,1.0,60.0,0.47171316965358073,0.00029008322443258505,105
simWind_test.mat,0.0003,low_rank_residual_k30_os60_t8_g2_cfar_local,classical_local_cfar_param_sweep,8.0,2.0,60.0,0.47567392302067196,0.00029008322443258505,105
simWind_test.mat,0.0003,low_rank_residual_k30_os75_t4_g1_cfar_local,classical_local_cfar_param_sweep,4.0,1.0,75.0,0.46993135433729244,0.00029008322443258505,105
simWind_test.mat,0.0003,low_rank_residual_k30_os75_t4_g2_cfar_local,classical_local_cfar_param_sweep,4.0,2.0,75.0,0.47027636344611634,0.00029008322443258505,105
simWind_test.mat,0.0003,low_rank_residual_k30_os75_t6_g1_cfar_local,classical_local_cfar_param_sweep,6.0,1.0,75.0,0.47016616480126044,0.00029008322443258505,105
simWind_test.mat,0.0003,low_rank_residual_k30_os75_t6_g2_cfar_local,classical_local_cfar_param_sweep,6.0,2.0,75.0,0.4711969676070305,0.00029008322443258505,105
simWind_test.mat,0.0003,low_rank_residual_k30_os75_t8_g1_cfar_local,classical_local_cfar_param_sweep,8.0,1.0,75.0,0.4724862816085452,0.00029008322443258505,105
simWind_test.mat,0.0003,low_rank_residual_k30_os75_t8_g2_cfar_local,classical_local_cfar_param_sweep,8.0,2.0,75.0,0.47114177502771853,0.00029008322443258505,105
simWind_test.mat,0.0003,low_rank_residual_k30_os90_t4_g1_cfar_local,classical_local_cfar_param_sweep,4.0,1.0,90.0,0.4743427931665253,0.00029008322443258505,105
simWind_test.mat,0.0003,low_rank_residual_k30_os90_t4_g2_cfar_local,classical_local_cfar_param_sweep,4.0,2.0,90.0,0.46997901613952325,0.00029008322443258505,105
simWind_test.mat,0.0003,low_rank_residual_k30_os90_t6_g1_cfar_local,classical_local_cfar_param_sweep,6.0,1.0,90.0,0.47630725643085736,0.00029008322443258505,105
simWind_test.mat,0.0003,low_rank_residual_k30_os90_t6_g2_cfar_local,classical_local_cfar_param_sweep,6.0,2.0,90.0,0.47160321223752927,0.00029008322443258505,105
simWind_test.mat,0.0003,low_rank_residual_k30_os90_t8_g1_cfar_local,classical_local_cfar_param_sweep,8.0,1.0,90.0,0.4746865013303552,0.00029008322443258505,105
simWind_test.mat,0.0003,low_rank_residual_k30_os90_t8_g2_cfar_local,classical_local_cfar_param_sweep,8.0,2.0,90.0,0.473692534573916,0.00029008322443258505,105
simWind_test.mat,0.0003,low_rank_residual_k30_soca_t4_g1_cfar_local,classical_local_cfar_param_sweep,4.0,1.0,,0.0020638940348916986,0.00029008322443258505,105
simWind_test.mat,0.0003,low_rank_residual_k30_soca_t4_g2_cfar_local,classical_local_cfar_param_sweep,4.0,2.0,,0.0055109584650733755,0.00029008322443258505,105
simWind_test.mat,0.0003,low_rank_residual_k30_soca_t6_g1_cfar_local,classical_local_cfar_param_sweep,6.0,1.0,,0.0020638940348916986,0.00029008322443258505,105
simWind_test.mat,0.0003,low_rank_residual_k30_soca_t6_g2_cfar_local,classical_local_cfar_param_sweep,6.0,2.0,,0.0055109584650733755,0.00029008322443258505,105
simWind_test.mat,0.0003,low_rank_residual_k30_soca_t8_g1_cfar_local,classical_local_cfar_param_sweep,8.0,1.0,,0.0020638940348916986,0.00029008322443258505,105
simWind_test.mat,0.0003,low_rank_residual_k30_soca_t8_g2_cfar_local,classical_local_cfar_param_sweep,8.0,2.0,,0.0055109584650733755,0.00029008322443258505,105
simWind_test.mat,0.0003,raw_ca_t4_g1_cfar_local,classical_local_cfar_param_sweep,4.0,1.0,,0.41296490859513146,0.00029008322443258505,105
simWind_test.mat,0.0003,raw_ca_t4_g2_cfar_local,classical_local_cfar_param_sweep,4.0,2.0,,0.3551056013085577,0.00029008322443258505,105
simWind_test.mat,0.0003,raw_ca_t6_g1_cfar_local,classical_local_cfar_param_sweep,6.0,1.0,,0.3956235536830978,0.00029008322443258505,105
simWind_test.mat,0.0003,raw_ca_t6_g2_cfar_local,classical_local_cfar_param_sweep,6.0,2.0,,0.3485400919788131,0.00029008322443258505,105
simWind_test.mat,0.0003,raw_ca_t8_g1_cfar_local,classical_local_cfar_param_sweep,8.0,1.0,,0.3756562835243407,0.00029008322443258505,105
simWind_test.mat,0.0003,raw_ca_t8_g2_cfar_local,classical_local_cfar_param_sweep,8.0,2.0,,0.34749121394694765,0.00029008322443258505,105
simWind_test.mat,0.0003,raw_global_topk,global,,,,0.29322671847155846,0.00029008322443258505,105
simWind_test.mat,0.0003,raw_goca_t4_g1_cfar_local,classical_local_cfar_param_sweep,4.0,1.0,,0.4075398649604642,0.00029008322443258505,105
simWind_test.mat,0.0003,raw_goca_t4_g2_cfar_local,classical_local_cfar_param_sweep,4.0,2.0,,0.3472722881540601,0.00029008322443258505,105
simWind_test.mat,0.0003,raw_goca_t6_g1_cfar_local,classical_local_cfar_param_sweep,6.0,1.0,,0.3840665855368327,0.00029008322443258505,105
simWind_test.mat,0.0003,raw_goca_t6_g2_cfar_local,classical_local_cfar_param_sweep,6.0,2.0,,0.33924569000205856,0.00029008322443258505,105
simWind_test.mat,0.0003,raw_goca_t8_g1_cfar_local,classical_local_cfar_param_sweep,8.0,1.0,,0.36412319013751054,0.00029008322443258505,105
simWind_test.mat,0.0003,raw_goca_t8_g2_cfar_local,classical_local_cfar_param_sweep,8.0,2.0,,0.3360259123641508,0.00029008322443258505,105
simWind_test.mat,0.0003,raw_os60_t4_g1_cfar_local,classical_local_cfar_param_sweep,4.0,1.0,60.0,0.3726994312163716,0.00029008322443258505,105
simWind_test.mat,0.0003,raw_os60_t4_g2_cfar_local,classical_local_cfar_param_sweep,4.0,2.0,60.0,0.36191847456980025,0.00029008322443258505,105
simWind_test.mat,0.0003,raw_os60_t6_g1_cfar_local,classical_local_cfar_param_sweep,6.0,1.0,60.0,0.3637002217504804,0.00029008322443258505,105
simWind_test.mat,0.0003,raw_os60_t6_g2_cfar_local,classical_local_cfar_param_sweep,6.0,2.0,60.0,0.3535031968841235,0.00029008322443258505,105
simWind_test.mat,0.0003,raw_os60_t8_g1_cfar_local,classical_local_cfar_param_sweep,8.0,1.0,60.0,0.3568851524624736,0.00029008322443258505,105
simWind_test.mat,0.0003,raw_os60_t8_g2_cfar_local,classical_local_cfar_param_sweep,8.0,2.0,60.0,0.357200606005475,0.00029008322443258505,105
simWind_test.mat,0.0003,raw_os75_t4_g1_cfar_local,classical_local_cfar_param_sweep,4.0,1.0,75.0,0.3628991662286561,0.00029008322443258505,105
simWind_test.mat,0.0003,raw_os75_t4_g2_cfar_local,classical_local_cfar_param_sweep,4.0,2.0,75.0,0.3566948933158281,0.00029008322443258505,105
simWind_test.mat,0.0003,raw_os75_t6_g1_cfar_local,classical_local_cfar_param_sweep,6.0,1.0,75.0,0.3676934332670483,0.00029008322443258505,105
simWind_test.mat,0.0003,raw_os75_t6_g2_cfar_local,classical_local_cfar_param_sweep,6.0,2.0,75.0,0.35503144898456684,0.00029008322443258505,105
simWind_test.mat,0.0003,raw_os75_t8_g1_cfar_local,classical_local_cfar_param_sweep,8.0,1.0,75.0,0.3617897249989672,0.00029008322443258505,105
simWind_test.mat,0.0003,raw_os75_t8_g2_cfar_local,classical_local_cfar_param_sweep,8.0,2.0,75.0,0.3543031803078544,0.00029008322443258505,105
simWind_test.mat,0.0003,raw_os90_t4_g1_cfar_local,classical_local_cfar_param_sweep,4.0,1.0,90.0,0.37893435712055823,0.00029008322443258505,105
simWind_test.mat,0.0003,raw_os90_t4_g2_cfar_local,classical_local_cfar_param_sweep,4.0,2.0,90.0,0.36110886300445866,0.00029008322443258505,105
simWind_test.mat,0.0003,raw_os90_t6_g1_cfar_local,classical_local_cfar_param_sweep,6.0,1.0,90.0,0.36871196603835604,0.00029008322443258505,105
simWind_test.mat,0.0003,raw_os90_t6_g2_cfar_local,classical_local_cfar_param_sweep,6.0,2.0,90.0,0.3520142040369834,0.00029008322443258505,105
simWind_test.mat,0.0003,raw_os90_t8_g1_cfar_local,classical_local_cfar_param_sweep,8.0,1.0,90.0,0.36019716852873285,0.00029008322443258505,105
simWind_test.mat,0.0003,raw_os90_t8_g2_cfar_local,classical_local_cfar_param_sweep,8.0,2.0,90.0,0.34704288277287554,0.00029008322443258505,105
simWind_test.mat,0.0003,raw_soca_t4_g1_cfar_local,classical_local_cfar_param_sweep,4.0,1.0,,0.002497670784457922,0.00029008322443258505,105
simWind_test.mat,0.0003,raw_soca_t4_g2_cfar_local,classical_local_cfar_param_sweep,4.0,2.0,,0.007928332897248444,0.00029008322443258505,105
simWind_test.mat,0.0003,raw_soca_t6_g1_cfar_local,classical_local_cfar_param_sweep,6.0,1.0,,0.002497670784457922,0.00029008322443258505,105
simWind_test.mat,0.0003,raw_soca_t6_g2_cfar_local,classical_local_cfar_param_sweep,6.0,2.0,,0.007928332897248444,0.00029008322443258505,105
simWind_test.mat,0.0003,raw_soca_t8_g1_cfar_local,classical_local_cfar_param_sweep,8.0,1.0,,0.002497670784457922,0.00029008322443258505,105
simWind_test.mat,0.0003,raw_soca_t8_g2_cfar_local,classical_local_cfar_param_sweep,8.0,2.0,,0.007928332897248444,0.00029008322443258505,105
simWind_test.mat,0.0003,tpsscs_finished_detector,proposed,,,,0.5368152651851739,0.00029008322443258505,105
simWind_test.mat,0.001,low_rank_residual_k30_ca_t4_g1_cfar_local,classical_local_cfar_param_sweep,4.0,1.0,,0.6910389336726087,0.0009923899783220015,105
simWind_test.mat,0.001,low_rank_residual_k30_ca_t4_g2_cfar_local,classical_local_cfar_param_sweep,4.0,2.0,,0.6778100523606366,0.0009923899783220015,105
simWind_test.mat,0.001,low_rank_residual_k30_ca_t6_g1_cfar_local,classical_local_cfar_param_sweep,6.0,1.0,,0.690473389202962,0.0009923899783220015,105
simWind_test.mat,0.001,low_rank_residual_k30_ca_t6_g2_cfar_local,classical_local_cfar_param_sweep,6.0,2.0,,0.6787585226814273,0.0009923899783220015,105
simWind_test.mat,0.001,low_rank_residual_k30_ca_t8_g1_cfar_local,classical_local_cfar_param_sweep,8.0,1.0,,0.6883261388259473,0.0009923899783220015,105
simWind_test.mat,0.001,low_rank_residual_k30_ca_t8_g2_cfar_local,classical_local_cfar_param_sweep,8.0,2.0,,0.6805313203954518,0.0009923899783220015,105
simWind_test.mat,0.001,low_rank_residual_k30_global_topk,global,,,,0.6696725698476255,0.0009923899783220015,105
simWind_test.mat,0.001,low_rank_residual_k30_goca_t4_g1_cfar_local,classical_local_cfar_param_sweep,4.0,1.0,,0.6787313100567104,0.0009923899783220015,105
simWind_test.mat,0.001,low_rank_residual_k30_goca_t4_g2_cfar_local,classical_local_cfar_param_sweep,4.0,2.0,,0.6643099776266803,0.0009923899783220015,105
simWind_test.mat,0.001,low_rank_residual_k30_goca_t6_g1_cfar_local,classical_local_cfar_param_sweep,6.0,1.0,,0.6847732206314352,0.0009923899783220015,105
simWind_test.mat,0.001,low_rank_residual_k30_goca_t6_g2_cfar_local,classical_local_cfar_param_sweep,6.0,2.0,,0.6720604569437125,0.0009923899783220015,105
simWind_test.mat,0.001,low_rank_residual_k30_goca_t8_g1_cfar_local,classical_local_cfar_param_sweep,8.0,1.0,,0.6854852443621421,0.0009923899783220015,105
simWind_test.mat,0.001,low_rank_residual_k30_goca_t8_g2_cfar_local,classical_local_cfar_param_sweep,8.0,2.0,,0.6765860261153438,0.0009923899783220015,105
simWind_test.mat,0.001,low_rank_residual_k30_os60_t4_g1_cfar_local,classical_local_cfar_param_sweep,4.0,1.0,60.0,0.679568282160919,0.0009923899783220015,105
simWind_test.mat,0.001,low_rank_residual_k30_os60_t4_g2_cfar_local,classical_local_cfar_param_sweep,4.0,2.0,60.0,0.6791238823123663,0.0009923899783220015,105
simWind_test.mat,0.001,low_rank_residual_k30_os60_t6_g1_cfar_local,classical_local_cfar_param_sweep,6.0,1.0,60.0,0.6794479898438022,0.0009923899783220015,105
simWind_test.mat,0.001,low_rank_residual_k30_os60_t6_g2_cfar_local,classical_local_cfar_param_sweep,6.0,2.0,60.0,0.6784050089240738,0.0009923899783220015,105
simWind_test.mat,0.001,low_rank_residual_k30_os60_t8_g1_cfar_local,classical_local_cfar_param_sweep,8.0,1.0,60.0,0.6806715151708572,0.0009923899783220015,105
simWind_test.mat,0.001,low_rank_residual_k30_os60_t8_g2_cfar_local,classical_local_cfar_param_sweep,8.0,2.0,60.0,0.6802048691089023,0.0009923899783220015,105
simWind_test.mat,0.001,low_rank_residual_k30_os75_t4_g1_cfar_local,classical_local_cfar_param_sweep,4.0,1.0,75.0,0.6778922662356903,0.0009923899783220015,105
simWind_test.mat,0.001,low_rank_residual_k30_os75_t4_g2_cfar_local,classical_local_cfar_param_sweep,4.0,2.0,75.0,0.6764698635463694,0.0009923899783220015,105
simWind_test.mat,0.001,low_rank_residual_k30_os75_t6_g1_cfar_local,classical_local_cfar_param_sweep,6.0,1.0,75.0,0.6787643720707066,0.0009923899783220015,105
simWind_test.mat,0.001,low_rank_residual_k30_os75_t6_g2_cfar_local,classical_local_cfar_param_sweep,6.0,2.0,75.0,0.67688291198698,0.0009923899783220015,105
simWind_test.mat,0.001,low_rank_residual_k30_os75_t8_g1_cfar_local,classical_local_cfar_param_sweep,8.0,1.0,75.0,0.6805347120328277,0.0009923899783220015,105
simWind_test.mat,0.001,low_rank_residual_k30_os75_t8_g2_cfar_local,classical_local_cfar_param_sweep,8.0,2.0,75.0,0.6780223764272224,0.0009923899783220015,105
simWind_test.mat,0.001,low_rank_residual_k30_os90_t4_g1_cfar_local,classical_local_cfar_param_sweep,4.0,1.0,90.0,0.675969183429249,0.0009923899783220015,105
simWind_test.mat,0.001,low_rank_residual_k30_os90_t4_g2_cfar_local,classical_local_cfar_param_sweep,4.0,2.0,90.0,0.6727620112071948,0.0009923899783220015,105
simWind_test.mat,0.001,low_rank_residual_k30_os90_t6_g1_cfar_local,classical_local_cfar_param_sweep,6.0,1.0,90.0,0.6784515938536434,0.0009923899783220015,105
simWind_test.mat,0.001,low_rank_residual_k30_os90_t6_g2_cfar_local,classical_local_cfar_param_sweep,6.0,2.0,90.0,0.6763493183069379,0.0009923899783220015,105
simWind_test.mat,0.001,low_rank_residual_k30_os90_t8_g1_cfar_local,classical_local_cfar_param_sweep,8.0,1.0,90.0,0.6790390307595562,0.0009923899783220015,105
simWind_test.mat,0.001,low_rank_residual_k30_os90_t8_g2_cfar_local,classical_local_cfar_param_sweep,8.0,2.0,90.0,0.6782695543167628,0.0009923899783220015,105
simWind_test.mat,0.001,low_rank_residual_k30_soca_t4_g1_cfar_local,classical_local_cfar_param_sweep,4.0,1.0,,0.0022470442180418815,0.0009923899783220015,105
simWind_test.mat,0.001,low_rank_residual_k30_soca_t4_g2_cfar_local,classical_local_cfar_param_sweep,4.0,2.0,,0.006170299124414035,0.0009923899783220015,105
simWind_test.mat,0.001,low_rank_residual_k30_soca_t6_g1_cfar_local,classical_local_cfar_param_sweep,6.0,1.0,,0.0022470442180418815,0.0009923899783220015,105
simWind_test.mat,0.001,low_rank_residual_k30_soca_t6_g2_cfar_local,classical_local_cfar_param_sweep,6.0,2.0,,0.006170299124414035,0.0009923899783220015,105
simWind_test.mat,0.001,low_rank_residual_k30_soca_t8_g1_cfar_local,classical_local_cfar_param_sweep,8.0,1.0,,0.0022470442180418815,0.0009923899783220015,105
simWind_test.mat,0.001,low_rank_residual_k30_soca_t8_g2_cfar_local,classical_local_cfar_param_sweep,8.0,2.0,,0.006170299124414035,0.0009923899783220015,105
simWind_test.mat,0.001,raw_ca_t4_g1_cfar_local,classical_local_cfar_param_sweep,4.0,1.0,,0.6109159993711828,0.0009923899783220015,105
simWind_test.mat,0.001,raw_ca_t4_g2_cfar_local,classical_local_cfar_param_sweep,4.0,2.0,,0.5655324453954708,0.0009923899783220015,105
simWind_test.mat,0.001,raw_ca_t6_g1_cfar_local,classical_local_cfar_param_sweep,6.0,1.0,,0.594112378832168,0.0009923899783220015,105
simWind_test.mat,0.001,raw_ca_t6_g2_cfar_local,classical_local_cfar_param_sweep,6.0,2.0,,0.5612123125225824,0.0009923899783220015,105
simWind_test.mat,0.001,raw_ca_t8_g1_cfar_local,classical_local_cfar_param_sweep,8.0,1.0,,0.5730403308513655,0.0009923899783220015,105
simWind_test.mat,0.001,raw_ca_t8_g2_cfar_local,classical_local_cfar_param_sweep,8.0,2.0,,0.5461528836890606,0.0009923899783220015,105
simWind_test.mat,0.001,raw_global_topk,global,,,,0.397208550062243,0.0009923899783220015,105
simWind_test.mat,0.001,raw_goca_t4_g1_cfar_local,classical_local_cfar_param_sweep,4.0,1.0,,0.5825825915342732,0.0009923899783220015,105
simWind_test.mat,0.001,raw_goca_t4_g2_cfar_local,classical_local_cfar_param_sweep,4.0,2.0,,0.5452485754483889,0.0009923899783220015,105
simWind_test.mat,0.001,raw_goca_t6_g1_cfar_local,classical_local_cfar_param_sweep,6.0,1.0,,0.5632041132221521,0.0009923899783220015,105
simWind_test.mat,0.001,raw_goca_t6_g2_cfar_local,classical_local_cfar_param_sweep,6.0,2.0,,0.5424811761268213,0.0009923899783220015,105
simWind_test.mat,0.001,raw_goca_t8_g1_cfar_local,classical_local_cfar_param_sweep,8.0,1.0,,0.5460419522709778,0.0009923899783220015,105
simWind_test.mat,0.001,raw_goca_t8_g2_cfar_local,classical_local_cfar_param_sweep,8.0,2.0,,0.5234919641392193,0.0009923899783220015,105
simWind_test.mat,0.001,raw_os60_t4_g1_cfar_local,classical_local_cfar_param_sweep,4.0,1.0,60.0,0.5800056169863318,0.0009923899783220015,105
simWind_test.mat,0.001,raw_os60_t4_g2_cfar_local,classical_local_cfar_param_sweep,4.0,2.0,60.0,0.5439923210276051,0.0009923899783220015,105
simWind_test.mat,0.001,raw_os60_t6_g1_cfar_local,classical_local_cfar_param_sweep,6.0,1.0,60.0,0.5538008805161538,0.0009923899783220015,105
simWind_test.mat,0.001,raw_os60_t6_g2_cfar_local,classical_local_cfar_param_sweep,6.0,2.0,60.0,0.522427270567162,0.0009923899783220015,105
simWind_test.mat,0.001,raw_os60_t8_g1_cfar_local,classical_local_cfar_param_sweep,8.0,1.0,60.0,0.5248198102371171,0.0009923899783220015,105
simWind_test.mat,0.001,raw_os60_t8_g2_cfar_local,classical_local_cfar_param_sweep,8.0,2.0,60.0,0.5086243127165204,0.0009923899783220015,105
simWind_test.mat,0.001,raw_os75_t4_g1_cfar_local,classical_local_cfar_param_sweep,4.0,1.0,75.0,0.5840507322635509,0.0009923899783220015,105
simWind_test.mat,0.001,raw_os75_t4_g2_cfar_local,classical_local_cfar_param_sweep,4.0,2.0,75.0,0.5632634747131886,0.0009923899783220015,105
simWind_test.mat,0.001,raw_os75_t6_g1_cfar_local,classical_local_cfar_param_sweep,6.0,1.0,75.0,0.5776039859743218,0.0009923899783220015,105
simWind_test.mat,0.001,raw_os75_t6_g2_cfar_local,classical_local_cfar_param_sweep,6.0,2.0,75.0,0.5438449772932431,0.0009923899783220015,105
simWind_test.mat,0.001,raw_os75_t8_g1_cfar_local,classical_local_cfar_param_sweep,8.0,1.0,75.0,0.5542344197758803,0.0009923899783220015,105
simWind_test.mat,0.001,raw_os75_t8_g2_cfar_local,classical_local_cfar_param_sweep,8.0,2.0,75.0,0.5246616268017821,0.0009923899783220015,105
simWind_test.mat,0.001,raw_os90_t4_g1_cfar_local,classical_local_cfar_param_sweep,4.0,1.0,90.0,0.584496446790188,0.0009923899783220015,105
simWind_test.mat,0.001,raw_os90_t4_g2_cfar_local,classical_local_cfar_param_sweep,4.0,2.0,90.0,0.5671932782569443,0.0009923899783220015,105
simWind_test.mat,0.001,raw_os90_t6_g1_cfar_local,classical_local_cfar_param_sweep,6.0,1.0,90.0,0.5751897148238811,0.0009923899783220015,105
simWind_test.mat,0.001,raw_os90_t6_g2_cfar_local,classical_local_cfar_param_sweep,6.0,2.0,90.0,0.5635878908200421,0.0009923899783220015,105
simWind_test.mat,0.001,raw_os90_t8_g1_cfar_local,classical_local_cfar_param_sweep,8.0,1.0,90.0,0.5722788376861616,0.0009923899783220015,105
simWind_test.mat,0.001,raw_os90_t8_g2_cfar_local,classical_local_cfar_param_sweep,8.0,2.0,90.0,0.5557781326396242,0.0009923899783220015,105
simWind_test.mat,0.001,raw_soca_t4_g1_cfar_local,classical_local_cfar_param_sweep,4.0,1.0,,0.002497670784457922,0.0009923899783220015,105
simWind_test.mat,0.001,raw_soca_t4_g2_cfar_local,classical_local_cfar_param_sweep,4.0,2.0,,0.008593038138612723,0.0009923899783220015,105
simWind_test.mat,0.001,raw_soca_t6_g1_cfar_local,classical_local_cfar_param_sweep,6.0,1.0,,0.002497670784457922,0.0009923899783220015,105
simWind_test.mat,0.001,raw_soca_t6_g2_cfar_local,classical_local_cfar_param_sweep,6.0,2.0,,0.008593038138612723,0.0009923899783220015,105
simWind_test.mat,0.001,raw_soca_t8_g1_cfar_local,classical_local_cfar_param_sweep,8.0,1.0,,0.002497670784457922,0.0009923899783220015,105
simWind_test.mat,0.001,raw_soca_t8_g2_cfar_local,classical_local_cfar_param_sweep,8.0,2.0,,0.008593038138612723,0.0009923899783220015,105
simWind_test.mat,0.001,tpsscs_finished_detector,proposed,,,,0.709979513423963,0.0009923899783220015,105
simWind_test.mat,0.003,low_rank_residual_k30_ca_t4_g1_cfar_local,classical_local_cfar_param_sweep,4.0,1.0,,0.7855316279383313,0.002992437473094035,105
simWind_test.mat,0.003,low_rank_residual_k30_ca_t4_g2_cfar_local,classical_local_cfar_param_sweep,4.0,2.0,,0.7840259819032322,0.002992437473094035,105
simWind_test.mat,0.003,low_rank_residual_k30_ca_t6_g1_cfar_local,classical_local_cfar_param_sweep,6.0,1.0,,0.7876593388456483,0.002992437473094035,105
simWind_test.mat,0.003,low_rank_residual_k30_ca_t6_g2_cfar_local,classical_local_cfar_param_sweep,6.0,2.0,,0.7873591109307742,0.002992437473094035,105
simWind_test.mat,0.003,low_rank_residual_k30_ca_t8_g1_cfar_local,classical_local_cfar_param_sweep,8.0,1.0,,0.7891975854311439,0.002992437473094035,105
simWind_test.mat,0.003,low_rank_residual_k30_ca_t8_g2_cfar_local,classical_local_cfar_param_sweep,8.0,2.0,,0.788225057815945,0.002992437473094035,105
simWind_test.mat,0.003,low_rank_residual_k30_global_topk,global,,,,0.7791822124386072,0.002992437473094035,105
simWind_test.mat,0.003,low_rank_residual_k30_goca_t4_g1_cfar_local,classical_local_cfar_param_sweep,4.0,1.0,,0.7672896529865181,0.002992437473094035,105
simWind_test.mat,0.003,low_rank_residual_k30_goca_t4_g2_cfar_local,classical_local_cfar_param_sweep,4.0,2.0,,0.7707584905925716,0.002992437473094035,105
simWind_test.mat,0.003,low_rank_residual_k30_goca_t6_g1_cfar_local,classical_local_cfar_param_sweep,6.0,1.0,,0.774996943001133,0.002992437473094035,105
simWind_test.mat,0.003,low_rank_residual_k30_goca_t6_g2_cfar_local,classical_local_cfar_param_sweep,6.0,2.0,,0.7764591097849384,0.002992437473094035,105
simWind_test.mat,0.003,low_rank_residual_k30_goca_t8_g1_cfar_local,classical_local_cfar_param_sweep,8.0,1.0,,0.7834720898949751,0.002992437473094035,105
simWind_test.mat,0.003,low_rank_residual_k30_goca_t8_g2_cfar_local,classical_local_cfar_param_sweep,8.0,2.0,,0.7817371842501151,0.002992437473094035,105
simWind_test.mat,0.003,low_rank_residual_k30_os60_t4_g1_cfar_local,classical_local_cfar_param_sweep,4.0,1.0,60.0,0.7901924532863017,0.002992437473094035,105
simWind_test.mat,0.003,low_rank_residual_k30_os60_t4_g2_cfar_local,classical_local_cfar_param_sweep,4.0,2.0,60.0,0.7901084848287078,0.002992437473094035,105
simWind_test.mat,0.003,low_rank_residual_k30_os60_t6_g1_cfar_local,classical_local_cfar_param_sweep,6.0,1.0,60.0,0.7893121971329379,0.002992437473094035,105
simWind_test.mat,0.003,low_rank_residual_k30_os60_t6_g2_cfar_local,classical_local_cfar_param_sweep,6.0,2.0,60.0,0.7901169674413349,0.002992437473094035,105
simWind_test.mat,0.003,low_rank_residual_k30_os60_t8_g1_cfar_local,classical_local_cfar_param_sweep,8.0,1.0,60.0,0.7912362817523478,0.002992437473094035,105
simWind_test.mat,0.003,low_rank_residual_k30_os60_t8_g2_cfar_local,classical_local_cfar_param_sweep,8.0,2.0,60.0,0.7912028915344025,0.002992437473094035,105
simWind_test.mat,0.003,low_rank_residual_k30_os75_t4_g1_cfar_local,classical_local_cfar_param_sweep,4.0,1.0,75.0,0.7883334410645448,0.002992437473094035,105
simWind_test.mat,0.003,low_rank_residual_k30_os75_t4_g2_cfar_local,classical_local_cfar_param_sweep,4.0,2.0,75.0,0.7886325586230454,0.002992437473094035,105
simWind_test.mat,0.003,low_rank_residual_k30_os75_t6_g1_cfar_local,classical_local_cfar_param_sweep,6.0,1.0,75.0,0.7884235863061094,0.002992437473094035,105
simWind_test.mat,0.003,low_rank_residual_k30_os75_t6_g2_cfar_local,classical_local_cfar_param_sweep,6.0,2.0,75.0,0.7878200383562802,0.002992437473094035,105
simWind_test.mat,0.003,low_rank_residual_k30_os75_t8_g1_cfar_local,classical_local_cfar_param_sweep,8.0,1.0,75.0,0.790506686679895,0.002992437473094035,105
simWind_test.mat,0.003,low_rank_residual_k30_os75_t8_g2_cfar_local,classical_local_cfar_param_sweep,8.0,2.0,75.0,0.7898636492658442,0.002992437473094035,105
simWind_test.mat,0.003,low_rank_residual_k30_os90_t4_g1_cfar_local,classical_local_cfar_param_sweep,4.0,1.0,90.0,0.7802309145700084,0.002992437473094035,105
simWind_test.mat,0.003,low_rank_residual_k30_os90_t4_g2_cfar_local,classical_local_cfar_param_sweep,4.0,2.0,90.0,0.7882880997423699,0.002992437473094035,105
simWind_test.mat,0.003,low_rank_residual_k30_os90_t6_g1_cfar_local,classical_local_cfar_param_sweep,6.0,1.0,90.0,0.7860641886149716,0.002992437473094035,105
simWind_test.mat,0.003,low_rank_residual_k30_os90_t6_g2_cfar_local,classical_local_cfar_param_sweep,6.0,2.0,90.0,0.7875183353261123,0.002992437473094035,105
simWind_test.mat,0.003,low_rank_residual_k30_os90_t8_g1_cfar_local,classical_local_cfar_param_sweep,8.0,1.0,90.0,0.7897206778639934,0.002992437473094035,105
simWind_test.mat,0.003,low_rank_residual_k30_os90_t8_g2_cfar_local,classical_local_cfar_param_sweep,8.0,2.0,90.0,0.7874927665627824,0.002992437473094035,105
simWind_test.mat,0.003,low_rank_residual_k30_soca_t4_g1_cfar_local,classical_local_cfar_param_sweep,4.0,1.0,,0.0022470442180418815,0.002992437473094035,105
simWind_test.mat,0.003,low_rank_residual_k30_soca_t4_g2_cfar_local,classical_local_cfar_param_sweep,4.0,2.0,,0.006170299124414035,0.002992437473094035,105
simWind_test.mat,0.003,low_rank_residual_k30_soca_t6_g1_cfar_local,classical_local_cfar_param_sweep,6.0,1.0,,0.0022470442180418815,0.002992437473094035,105
simWind_test.mat,0.003,low_rank_residual_k30_soca_t6_g2_cfar_local,classical_local_cfar_param_sweep,6.0,2.0,,0.006170299124414035,0.002992437473094035,105
simWind_test.mat,0.003,low_rank_residual_k30_soca_t8_g1_cfar_local,classical_local_cfar_param_sweep,8.0,1.0,,0.0022470442180418815,0.002992437473094035,105
simWind_test.mat,0.003,low_rank_residual_k30_soca_t8_g2_cfar_local,classical_local_cfar_param_sweep,8.0,2.0,,0.006170299124414035,0.002992437473094035,105
simWind_test.mat,0.003,raw_ca_t4_g1_cfar_local,classical_local_cfar_param_sweep,4.0,1.0,,0.7112797264540405,0.002992437473094035,105
simWind_test.mat,0.003,raw_ca_t4_g2_cfar_local,classical_local_cfar_param_sweep,4.0,2.0,,0.6970981588014866,0.002992437473094035,105
simWind_test.mat,0.003,raw_ca_t6_g1_cfar_local,classical_local_cfar_param_sweep,6.0,1.0,,0.704038170984782,0.002992437473094035,105
simWind_test.mat,0.003,raw_ca_t6_g2_cfar_local,classical_local_cfar_param_sweep,6.0,2.0,,0.6834677607278513,0.002992437473094035,105
simWind_test.mat,0.003,raw_ca_t8_g1_cfar_local,classical_local_cfar_param_sweep,8.0,1.0,,0.6890869240992076,0.002992437473094035,105
simWind_test.mat,0.003,raw_ca_t8_g2_cfar_local,classical_local_cfar_param_sweep,8.0,2.0,,0.6696365230670477,0.002992437473094035,105
simWind_test.mat,0.003,raw_global_topk,global,,,,0.5055982782592047,0.002992437473094035,105
simWind_test.mat,0.003,raw_goca_t4_g1_cfar_local,classical_local_cfar_param_sweep,4.0,1.0,,0.6820424277880216,0.002992437473094035,105
simWind_test.mat,0.003,raw_goca_t4_g2_cfar_local,classical_local_cfar_param_sweep,4.0,2.0,,0.6712115757650898,0.002992437473094035,105
simWind_test.mat,0.003,raw_goca_t6_g1_cfar_local,classical_local_cfar_param_sweep,6.0,1.0,,0.6725452642614448,0.002992437473094035,105
simWind_test.mat,0.003,raw_goca_t6_g2_cfar_local,classical_local_cfar_param_sweep,6.0,2.0,,0.658685177990422,0.002992437473094035,105
simWind_test.mat,0.003,raw_goca_t8_g1_cfar_local,classical_local_cfar_param_sweep,8.0,1.0,,0.6518863769820733,0.002992437473094035,105
simWind_test.mat,0.003,raw_goca_t8_g2_cfar_local,classical_local_cfar_param_sweep,8.0,2.0,,0.6402066450519618,0.002992437473094035,105
simWind_test.mat,0.003,raw_os60_t4_g1_cfar_local,classical_local_cfar_param_sweep,4.0,1.0,60.0,0.71222281928148,0.002992437473094035,105
simWind_test.mat,0.003,raw_os60_t4_g2_cfar_local,classical_local_cfar_param_sweep,4.0,2.0,60.0,0.6802269397694432,0.002992437473094035,105
simWind_test.mat,0.003,raw_os60_t6_g1_cfar_local,classical_local_cfar_param_sweep,6.0,1.0,60.0,0.6858710655224841,0.002992437473094035,105
simWind_test.mat,0.003,raw_os60_t6_g2_cfar_local,classical_local_cfar_param_sweep,6.0,2.0,60.0,0.6559502469160932,0.002992437473094035,105
simWind_test.mat,0.003,raw_os60_t8_g1_cfar_local,classical_local_cfar_param_sweep,8.0,1.0,60.0,0.6544777489069538,0.002992437473094035,105
simWind_test.mat,0.003,raw_os60_t8_g2_cfar_local,classical_local_cfar_param_sweep,8.0,2.0,60.0,0.6315975744130369,0.002992437473094035,105
simWind_test.mat,0.003,raw_os75_t4_g1_cfar_local,classical_local_cfar_param_sweep,4.0,1.0,75.0,0.7193470660540442,0.002992437473094035,105
simWind_test.mat,0.003,raw_os75_t4_g2_cfar_local,classical_local_cfar_param_sweep,4.0,2.0,75.0,0.6914578940818125,0.002992437473094035,105
simWind_test.mat,0.003,raw_os75_t6_g1_cfar_local,classical_local_cfar_param_sweep,6.0,1.0,75.0,0.7045221461820675,0.002992437473094035,105
simWind_test.mat,0.003,raw_os75_t6_g2_cfar_local,classical_local_cfar_param_sweep,6.0,2.0,75.0,0.6742150909938487,0.002992437473094035,105
simWind_test.mat,0.003,raw_os75_t8_g1_cfar_local,classical_local_cfar_param_sweep,8.0,1.0,75.0,0.6839915254391399,0.002992437473094035,105
simWind_test.mat,0.003,raw_os75_t8_g2_cfar_local,classical_local_cfar_param_sweep,8.0,2.0,75.0,0.6519213513901422,0.002992437473094035,105
simWind_test.mat,0.003,raw_os90_t4_g1_cfar_local,classical_local_cfar_param_sweep,4.0,1.0,90.0,0.7065812970560162,0.002992437473094035,105
simWind_test.mat,0.003,raw_os90_t4_g2_cfar_local,classical_local_cfar_param_sweep,4.0,2.0,90.0,0.698884111915742,0.002992437473094035,105
simWind_test.mat,0.003,raw_os90_t6_g1_cfar_local,classical_local_cfar_param_sweep,6.0,1.0,90.0,0.70654651460783,0.002992437473094035,105
simWind_test.mat,0.003,raw_os90_t6_g2_cfar_local,classical_local_cfar_param_sweep,6.0,2.0,90.0,0.6979995992821821,0.002992437473094035,105
simWind_test.mat,0.003,raw_os90_t8_g1_cfar_local,classical_local_cfar_param_sweep,8.0,1.0,90.0,0.7016108664995117,0.002992437473094035,105
simWind_test.mat,0.003,raw_os90_t8_g2_cfar_local,classical_local_cfar_param_sweep,8.0,2.0,90.0,0.6824414407384805,0.002992437473094035,105
simWind_test.mat,0.003,raw_soca_t4_g1_cfar_local,classical_local_cfar_param_sweep,4.0,1.0,,0.002497670784457922,0.002992437473094035,105
simWind_test.mat,0.003,raw_soca_t4_g2_cfar_local,classical_local_cfar_param_sweep,4.0,2.0,,0.0090692286148032,0.002992437473094035,105
simWind_test.mat,0.003,raw_soca_t6_g1_cfar_local,classical_local_cfar_param_sweep,6.0,1.0,,0.002497670784457922,0.002992437473094035,105
simWind_test.mat,0.003,raw_soca_t6_g2_cfar_local,classical_local_cfar_param_sweep,6.0,2.0,,0.0090692286148032,0.002992437473094035,105
simWind_test.mat,0.003,raw_soca_t8_g1_cfar_local,classical_local_cfar_param_sweep,8.0,1.0,,0.002497670784457922,0.002992437473094035,105
simWind_test.mat,0.003,raw_soca_t8_g2_cfar_local,classical_local_cfar_param_sweep,8.0,2.0,,0.0090692286148032,0.002992437473094035,105
simWind_test.mat,0.003,tpsscs_finished_detector,proposed,,,,0.8122135397335509,0.002992437473094035,105
simWind_test.mat,0.01,low_rank_residual_k30_ca_t4_g1_cfar_local,classical_local_cfar_param_sweep,4.0,1.0,,0.8402047915941757,0.009992820396478995,105
simWind_test.mat,0.01,low_rank_residual_k30_ca_t4_g2_cfar_local,classical_local_cfar_param_sweep,4.0,2.0,,0.8430607918839831,0.009992820396478995,105
simWind_test.mat,0.01,low_rank_residual_k30_ca_t6_g1_cfar_local,classical_local_cfar_param_sweep,6.0,1.0,,0.8436539683961382,0.009992820396478995,105
simWind_test.mat,0.01,low_rank_residual_k30_ca_t6_g2_cfar_local,classical_local_cfar_param_sweep,6.0,2.0,,0.8453874220628611,0.009992820396478995,105
simWind_test.mat,0.01,low_rank_residual_k30_ca_t8_g1_cfar_local,classical_local_cfar_param_sweep,8.0,1.0,,0.8435064746587254,0.009992820396478995,105
simWind_test.mat,0.01,low_rank_residual_k30_ca_t8_g2_cfar_local,classical_local_cfar_param_sweep,8.0,2.0,,0.8429701710030465,0.009992820396478995,105
simWind_test.mat,0.01,low_rank_residual_k30_global_topk,global,,,,0.8393465413357233,0.009992820396478995,105
simWind_test.mat,0.01,low_rank_residual_k30_goca_t4_g1_cfar_local,classical_local_cfar_param_sweep,4.0,1.0,,0.8260215300036394,0.009992820396478995,105
simWind_test.mat,0.01,low_rank_residual_k30_goca_t4_g2_cfar_local,classical_local_cfar_param_sweep,4.0,2.0,,0.8301803728786433,0.009992820396478995,105
simWind_test.mat,0.01,low_rank_residual_k30_goca_t6_g1_cfar_local,classical_local_cfar_param_sweep,6.0,1.0,,0.8314426743714092,0.009992820396478995,105
simWind_test.mat,0.01,low_rank_residual_k30_goca_t6_g2_cfar_local,classical_local_cfar_param_sweep,6.0,2.0,,0.8359488253176012,0.009992820396478995,105
simWind_test.mat,0.01,low_rank_residual_k30_goca_t8_g1_cfar_local,classical_local_cfar_param_sweep,8.0,1.0,,0.8393035035195949,0.009992820396478995,105
simWind_test.mat,0.01,low_rank_residual_k30_goca_t8_g2_cfar_local,classical_local_cfar_param_sweep,8.0,2.0,,0.8391156676847804,0.009992820396478995,105
simWind_test.mat,0.01,low_rank_residual_k30_os60_t4_g1_cfar_local,classical_local_cfar_param_sweep,4.0,1.0,60.0,0.8487406180428448,0.009992820396478995,105
simWind_test.mat,0.01,low_rank_residual_k30_os60_t4_g2_cfar_local,classical_local_cfar_param_sweep,4.0,2.0,60.0,0.8477314153474904,0.009992820396478995,105
simWind_test.mat,0.01,low_rank_residual_k30_os60_t6_g1_cfar_local,classical_local_cfar_param_sweep,6.0,1.0,60.0,0.8486569409169114,0.009992820396478995,105
simWind_test.mat,0.01,low_rank_residual_k30_os60_t6_g2_cfar_local,classical_local_cfar_param_sweep,6.0,2.0,60.0,0.8485536590874605,0.009992820396478995,105
simWind_test.mat,0.01,low_rank_residual_k30_os60_t8_g1_cfar_local,classical_local_cfar_param_sweep,8.0,1.0,60.0,0.8499511864341464,0.009992820396478995,105
simWind_test.mat,0.01,low_rank_residual_k30_os60_t8_g2_cfar_local,classical_local_cfar_param_sweep,8.0,2.0,60.0,0.8488856736804563,0.009992820396478995,105
simWind_test.mat,0.01,low_rank_residual_k30_os75_t4_g1_cfar_local,classical_local_cfar_param_sweep,4.0,1.0,75.0,0.8445975365634026,0.009992820396478995,105
simWind_test.mat,0.01,low_rank_residual_k30_os75_t4_g2_cfar_local,classical_local_cfar_param_sweep,4.0,2.0,75.0,0.846721316908796,0.009992820396478995,105
simWind_test.mat,0.01,low_rank_residual_k30_os75_t6_g1_cfar_local,classical_local_cfar_param_sweep,6.0,1.0,75.0,0.8472611393613128,0.009992820396478995,105
simWind_test.mat,0.01,low_rank_residual_k30_os75_t6_g2_cfar_local,classical_local_cfar_param_sweep,6.0,2.0,75.0,0.8470051964175529,0.009992820396478995,105
simWind_test.mat,0.01,low_rank_residual_k30_os75_t8_g1_cfar_local,classical_local_cfar_param_sweep,8.0,1.0,75.0,0.8466659500131186,0.009992820396478995,105
simWind_test.mat,0.01,low_rank_residual_k30_os75_t8_g2_cfar_local,classical_local_cfar_param_sweep,8.0,2.0,75.0,0.8467276058039904,0.009992820396478995,105
simWind_test.mat,0.01,low_rank_residual_k30_os90_t4_g1_cfar_local,classical_local_cfar_param_sweep,4.0,1.0,90.0,0.8388356028418565,0.009992820396478995,105
simWind_test.mat,0.01,low_rank_residual_k30_os90_t4_g2_cfar_local,classical_local_cfar_param_sweep,4.0,2.0,90.0,0.8432015767928648,0.009992820396478995,105
simWind_test.mat,0.01,low_rank_residual_k30_os90_t6_g1_cfar_local,classical_local_cfar_param_sweep,6.0,1.0,90.0,0.8434021826404033,0.009992820396478995,105
simWind_test.mat,0.01,low_rank_residual_k30_os90_t6_g2_cfar_local,classical_local_cfar_param_sweep,6.0,2.0,90.0,0.8452496202151658,0.009992820396478995,105
simWind_test.mat,0.01,low_rank_residual_k30_os90_t8_g1_cfar_local,classical_local_cfar_param_sweep,8.0,1.0,90.0,0.8477147969523168,0.009992820396478995,105
simWind_test.mat,0.01,low_rank_residual_k30_os90_t8_g2_cfar_local,classical_local_cfar_param_sweep,8.0,2.0,90.0,0.8473393989005851,0.009992820396478995,105
simWind_test.mat,0.01,low_rank_residual_k30_soca_t4_g1_cfar_local,classical_local_cfar_param_sweep,4.0,1.0,,0.0022470442180418815,0.009992820396478995,105
simWind_test.mat,0.01,low_rank_residual_k30_soca_t4_g2_cfar_local,classical_local_cfar_param_sweep,4.0,2.0,,0.0071114755950022705,0.009992820396478995,105
simWind_test.mat,0.01,low_rank_residual_k30_soca_t6_g1_cfar_local,classical_local_cfar_param_sweep,6.0,1.0,,0.0022470442180418815,0.009992820396478995,105
simWind_test.mat,0.01,low_rank_residual_k30_soca_t6_g2_cfar_local,classical_local_cfar_param_sweep,6.0,2.0,,0.0071114755950022705,0.009992820396478995,105
simWind_test.mat,0.01,low_rank_residual_k30_soca_t8_g1_cfar_local,classical_local_cfar_param_sweep,8.0,1.0,,0.0022470442180418815,0.009992820396478995,105
simWind_test.mat,0.01,low_rank_residual_k30_soca_t8_g2_cfar_local,classical_local_cfar_param_sweep,8.0,2.0,,0.0071114755950022705,0.009992820396478995,105
simWind_test.mat,0.01,raw_ca_t4_g1_cfar_local,classical_local_cfar_param_sweep,4.0,1.0,,0.8047232645307977,0.009992820396478995,105
simWind_test.mat,0.01,raw_ca_t4_g2_cfar_local,classical_local_cfar_param_sweep,4.0,2.0,,0.8062967334619059,0.009992820396478995,105
simWind_test.mat,0.01,raw_ca_t6_g1_cfar_local,classical_local_cfar_param_sweep,6.0,1.0,,0.8116125060285024,0.009992820396478995,105
simWind_test.mat,0.01,raw_ca_t6_g2_cfar_local,classical_local_cfar_param_sweep,6.0,2.0,,0.8020353048379435,0.009992820396478995,105
simWind_test.mat,0.01,raw_ca_t8_g1_cfar_local,classical_local_cfar_param_sweep,8.0,1.0,,0.804551329435348,0.009992820396478995,105
simWind_test.mat,0.01,raw_ca_t8_g2_cfar_local,classical_local_cfar_param_sweep,8.0,2.0,,0.7940599980581262,0.009992820396478995,105
simWind_test.mat,0.01,raw_global_topk,global,,,,0.6761250342301373,0.009992820396478995,105
simWind_test.mat,0.01,raw_goca_t4_g1_cfar_local,classical_local_cfar_param_sweep,4.0,1.0,,0.7694971109381663,0.009992820396478995,105
simWind_test.mat,0.01,raw_goca_t4_g2_cfar_local,classical_local_cfar_param_sweep,4.0,2.0,,0.7814425136223595,0.009992820396478995,105
simWind_test.mat,0.01,raw_goca_t6_g1_cfar_local,classical_local_cfar_param_sweep,6.0,1.0,,0.7810888660165357,0.009992820396478995,105
simWind_test.mat,0.01,raw_goca_t6_g2_cfar_local,classical_local_cfar_param_sweep,6.0,2.0,,0.7804716388024998,0.009992820396478995,105
simWind_test.mat,0.01,raw_goca_t8_g1_cfar_local,classical_local_cfar_param_sweep,8.0,1.0,,0.7770766470300728,0.009992820396478995,105
simWind_test.mat,0.01,raw_goca_t8_g2_cfar_local,classical_local_cfar_param_sweep,8.0,2.0,,0.7700173098434229,0.009992820396478995,105
simWind_test.mat,0.01,raw_os60_t4_g1_cfar_local,classical_local_cfar_param_sweep,4.0,1.0,60.0,0.8226547669066848,0.009992820396478995,105
simWind_test.mat,0.01,raw_os60_t4_g2_cfar_local,classical_local_cfar_param_sweep,4.0,2.0,60.0,0.8043711198396711,0.009992820396478995,105
simWind_test.mat,0.01,raw_os60_t6_g1_cfar_local,classical_local_cfar_param_sweep,6.0,1.0,60.0,0.8103568719308061,0.009992820396478995,105
simWind_test.mat,0.01,raw_os60_t6_g2_cfar_local,classical_local_cfar_param_sweep,6.0,2.0,60.0,0.7940992405318593,0.009992820396478995,105
simWind_test.mat,0.01,raw_os60_t8_g1_cfar_local,classical_local_cfar_param_sweep,8.0,1.0,60.0,0.7950628128378092,0.009992820396478995,105
simWind_test.mat,0.01,raw_os60_t8_g2_cfar_local,classical_local_cfar_param_sweep,8.0,2.0,60.0,0.7817814410045797,0.009992820396478995,105
simWind_test.mat,0.01,raw_os75_t4_g1_cfar_local,classical_local_cfar_param_sweep,4.0,1.0,75.0,0.8159673781188863,0.009992820396478995,105
simWind_test.mat,0.01,raw_os75_t4_g2_cfar_local,classical_local_cfar_param_sweep,4.0,2.0,75.0,0.8057159798402346,0.009992820396478995,105
simWind_test.mat,0.01,raw_os75_t6_g1_cfar_local,classical_local_cfar_param_sweep,6.0,1.0,75.0,0.8141926827399226,0.009992820396478995,105
simWind_test.mat,0.01,raw_os75_t6_g2_cfar_local,classical_local_cfar_param_sweep,6.0,2.0,75.0,0.7946190488240411,0.009992820396478995,105
simWind_test.mat,0.01,raw_os75_t8_g1_cfar_local,classical_local_cfar_param_sweep,8.0,1.0,75.0,0.8016657480814683,0.009992820396478995,105
simWind_test.mat,0.01,raw_os75_t8_g2_cfar_local,classical_local_cfar_param_sweep,8.0,2.0,75.0,0.7862337542556562,0.009992820396478995,105
simWind_test.mat,0.01,raw_os90_t4_g1_cfar_local,classical_local_cfar_param_sweep,4.0,1.0,90.0,0.7882029553430387,0.009992820396478995,105
simWind_test.mat,0.01,raw_os90_t4_g2_cfar_local,classical_local_cfar_param_sweep,4.0,2.0,90.0,0.7956565838002152,0.009992820396478995,105
simWind_test.mat,0.01,raw_os90_t6_g1_cfar_local,classical_local_cfar_param_sweep,6.0,1.0,90.0,0.8017460834577088,0.009992820396478995,105
simWind_test.mat,0.01,raw_os90_t6_g2_cfar_local,classical_local_cfar_param_sweep,6.0,2.0,90.0,0.8041063042135573,0.009992820396478995,105
simWind_test.mat,0.01,raw_os90_t8_g1_cfar_local,classical_local_cfar_param_sweep,8.0,1.0,90.0,0.8111999318185227,0.009992820396478995,105
simWind_test.mat,0.01,raw_os90_t8_g2_cfar_local,classical_local_cfar_param_sweep,8.0,2.0,90.0,0.8028557263113332,0.009992820396478995,105
simWind_test.mat,0.01,raw_soca_t4_g1_cfar_local,classical_local_cfar_param_sweep,4.0,1.0,,0.002497670784457922,0.009992820396478995,105
simWind_test.mat,0.01,raw_soca_t4_g2_cfar_local,classical_local_cfar_param_sweep,4.0,2.0,,0.0090692286148032,0.009992820396478995,105
simWind_test.mat,0.01,raw_soca_t6_g1_cfar_local,classical_local_cfar_param_sweep,6.0,1.0,,0.002497670784457922,0.009992820396478995,105
simWind_test.mat,0.01,raw_soca_t6_g2_cfar_local,classical_local_cfar_param_sweep,6.0,2.0,,0.0090692286148032,0.009992820396478995,105
simWind_test.mat,0.01,raw_soca_t8_g1_cfar_local,classical_local_cfar_param_sweep,8.0,1.0,,0.002497670784457922,0.009992820396478995,105
simWind_test.mat,0.01,raw_soca_t8_g2_cfar_local,classical_local_cfar_param_sweep,8.0,2.0,,0.0090692286148032,0.009992820396478995,105
simWind_test.mat,0.01,tpsscs_finished_detector,proposed,,,,0.8663473290962684,0.009992820396478995,105
combined,1e-05,low_rank_residual_k30_ca_t4_g1_cfar_local,classical_local_cfar_param_sweep,4.0,1.0,,0.09903974357702121,0.0,210
combined,1e-05,low_rank_residual_k30_ca_t4_g2_cfar_local,classical_local_cfar_param_sweep,4.0,2.0,,0.09230395862160894,0.0,210
combined,1e-05,low_rank_residual_k30_ca_t6_g1_cfar_local,classical_local_cfar_param_sweep,6.0,1.0,,0.0933533825098294,0.0,210
combined,1e-05,low_rank_residual_k30_ca_t6_g2_cfar_local,classical_local_cfar_param_sweep,6.0,2.0,,0.08982100058336938,0.0,210
combined,1e-05,low_rank_residual_k30_ca_t8_g1_cfar_local,classical_local_cfar_param_sweep,8.0,1.0,,0.09075441742771376,0.0,210
combined,1e-05,low_rank_residual_k30_ca_t8_g2_cfar_local,classical_local_cfar_param_sweep,8.0,2.0,,0.09044122348711979,0.0,210
combined,1e-05,low_rank_residual_k30_global_topk,global,,,,0.1014607005729998,0.0,210
combined,1e-05,low_rank_residual_k30_goca_t4_g1_cfar_local,classical_local_cfar_param_sweep,4.0,1.0,,0.09916362148336115,0.0,210
combined,1e-05,low_rank_residual_k30_goca_t4_g2_cfar_local,classical_local_cfar_param_sweep,4.0,2.0,,0.09524011522361135,0.0,210
combined,1e-05,low_rank_residual_k30_goca_t6_g1_cfar_local,classical_local_cfar_param_sweep,6.0,1.0,,0.09416734082216001,0.0,210
combined,1e-05,low_rank_residual_k30_goca_t6_g2_cfar_local,classical_local_cfar_param_sweep,6.0,2.0,,0.09100296369200082,0.0,210
combined,1e-05,low_rank_residual_k30_goca_t8_g1_cfar_local,classical_local_cfar_param_sweep,8.0,1.0,,0.09007840458351789,0.0,210
combined,1e-05,low_rank_residual_k30_goca_t8_g2_cfar_local,classical_local_cfar_param_sweep,8.0,2.0,,0.08847244117022718,0.0,210
combined,1e-05,low_rank_residual_k30_os60_t4_g1_cfar_local,classical_local_cfar_param_sweep,4.0,1.0,60.0,0.09345799667888227,0.0,210
combined,1e-05,low_rank_residual_k30_os60_t4_g2_cfar_local,classical_local_cfar_param_sweep,4.0,2.0,60.0,0.0920136729676954,0.0,210
combined,1e-05,low_rank_residual_k30_os60_t6_g1_cfar_local,classical_local_cfar_param_sweep,6.0,1.0,60.0,0.0915801084806734,0.0,210
combined,1e-05,low_rank_residual_k30_os60_t6_g2_cfar_local,classical_local_cfar_param_sweep,6.0,2.0,60.0,0.09119370069467002,0.0,210
combined,1e-05,low_rank_residual_k30_os60_t8_g1_cfar_local,classical_local_cfar_param_sweep,8.0,1.0,60.0,0.09215153004837978,0.0,210
combined,1e-05,low_rank_residual_k30_os60_t8_g2_cfar_local,classical_local_cfar_param_sweep,8.0,2.0,60.0,0.09327943398661237,0.0,210
combined,1e-05,low_rank_residual_k30_os75_t4_g1_cfar_local,classical_local_cfar_param_sweep,4.0,1.0,75.0,0.0939528174646685,0.0,210
combined,1e-05,low_rank_residual_k30_os75_t4_g2_cfar_local,classical_local_cfar_param_sweep,4.0,2.0,75.0,0.09314699919915859,0.0,210
combined,1e-05,low_rank_residual_k30_os75_t6_g1_cfar_local,classical_local_cfar_param_sweep,6.0,1.0,75.0,0.0918646883720837,0.0,210
combined,1e-05,low_rank_residual_k30_os75_t6_g2_cfar_local,classical_local_cfar_param_sweep,6.0,2.0,75.0,0.0904888996248959,0.0,210
combined,1e-05,low_rank_residual_k30_os75_t8_g1_cfar_local,classical_local_cfar_param_sweep,8.0,1.0,75.0,0.09210075600498518,0.0,210
combined,1e-05,low_rank_residual_k30_os75_t8_g2_cfar_local,classical_local_cfar_param_sweep,8.0,2.0,75.0,0.09261796602548478,0.0,210
combined,1e-05,low_rank_residual_k30_os90_t4_g1_cfar_local,classical_local_cfar_param_sweep,4.0,1.0,90.0,0.0958109897157591,0.0,210
combined,1e-05,low_rank_residual_k30_os90_t4_g2_cfar_local,classical_local_cfar_param_sweep,4.0,2.0,90.0,0.0949394681663913,0.0,210
combined,1e-05,low_rank_residual_k30_os90_t6_g1_cfar_local,classical_local_cfar_param_sweep,6.0,1.0,90.0,0.09371492035140017,0.0,210
combined,1e-05,low_rank_residual_k30_os90_t6_g2_cfar_local,classical_local_cfar_param_sweep,6.0,2.0,90.0,0.09417056384821758,0.0,210
combined,1e-05,low_rank_residual_k30_os90_t8_g1_cfar_local,classical_local_cfar_param_sweep,8.0,1.0,90.0,0.09437856302177942,0.0,210
combined,1e-05,low_rank_residual_k30_os90_t8_g2_cfar_local,classical_local_cfar_param_sweep,8.0,2.0,90.0,0.09170440845382366,0.0,210
combined,1e-05,low_rank_residual_k30_soca_t4_g1_cfar_local,classical_local_cfar_param_sweep,4.0,1.0,,0.0018695305752221161,0.0,210
combined,1e-05,low_rank_residual_k30_soca_t4_g2_cfar_local,classical_local_cfar_param_sweep,4.0,2.0,,0.004073994204156571,0.0,210
combined,1e-05,low_rank_residual_k30_soca_t6_g1_cfar_local,classical_local_cfar_param_sweep,6.0,1.0,,0.0018695305752221161,0.0,210
combined,1e-05,low_rank_residual_k30_soca_t6_g2_cfar_local,classical_local_cfar_param_sweep,6.0,2.0,,0.004073994204156571,0.0,210
combined,1e-05,low_rank_residual_k30_soca_t8_g1_cfar_local,classical_local_cfar_param_sweep,8.0,1.0,,0.0018695305752221161,0.0,210
combined,1e-05,low_rank_residual_k30_soca_t8_g2_cfar_local,classical_local_cfar_param_sweep,8.0,2.0,,0.004073994204156571,0.0,210
combined,1e-05,raw_ca_t4_g1_cfar_local,classical_local_cfar_param_sweep,4.0,1.0,,0.101544377523971,0.0,210
combined,1e-05,raw_ca_t4_g2_cfar_local,classical_local_cfar_param_sweep,4.0,2.0,,0.07739258337714063,0.0,210
combined,1e-05,raw_ca_t6_g1_cfar_local,classical_local_cfar_param_sweep,6.0,1.0,,0.09032646533826491,0.0,210
combined,1e-05,raw_ca_t6_g2_cfar_local,classical_local_cfar_param_sweep,6.0,2.0,,0.07525342963604455,0.0,210
combined,1e-05,raw_ca_t8_g1_cfar_local,classical_local_cfar_param_sweep,8.0,1.0,,0.08120050206334518,0.0,210
combined,1e-05,raw_ca_t8_g2_cfar_local,classical_local_cfar_param_sweep,8.0,2.0,,0.07060314472941268,0.0,210
combined,1e-05,raw_global_topk,global,,,,0.07995109080162795,0.0,210
combined,1e-05,raw_goca_t4_g1_cfar_local,classical_local_cfar_param_sweep,4.0,1.0,,0.10248933225791718,0.0,210
combined,1e-05,raw_goca_t4_g2_cfar_local,classical_local_cfar_param_sweep,4.0,2.0,,0.07257404131121178,0.0,210
combined,1e-05,raw_goca_t6_g1_cfar_local,classical_local_cfar_param_sweep,6.0,1.0,,0.08779891706562026,0.0,210
combined,1e-05,raw_goca_t6_g2_cfar_local,classical_local_cfar_param_sweep,6.0,2.0,,0.07236545130169736,0.0,210
combined,1e-05,raw_goca_t8_g1_cfar_local,classical_local_cfar_param_sweep,8.0,1.0,,0.08085232566535706,0.0,210
combined,1e-05,raw_goca_t8_g2_cfar_local,classical_local_cfar_param_sweep,8.0,2.0,,0.0659379942763109,0.0,210
combined,1e-05,raw_os60_t4_g1_cfar_local,classical_local_cfar_param_sweep,4.0,1.0,60.0,0.08099022475119481,0.0,210
combined,1e-05,raw_os60_t4_g2_cfar_local,classical_local_cfar_param_sweep,4.0,2.0,60.0,0.07813538659592181,0.0,210
combined,1e-05,raw_os60_t6_g1_cfar_local,classical_local_cfar_param_sweep,6.0,1.0,60.0,0.08068341878449062,0.0,210
combined,1e-05,raw_os60_t6_g2_cfar_local,classical_local_cfar_param_sweep,6.0,2.0,60.0,0.08144730538931311,0.0,210
combined,1e-05,raw_os60_t8_g1_cfar_local,classical_local_cfar_param_sweep,8.0,1.0,60.0,0.08394798081307081,0.0,210
combined,1e-05,raw_os60_t8_g2_cfar_local,classical_local_cfar_param_sweep,8.0,2.0,60.0,0.08131708090786616,0.0,210
combined,1e-05,raw_os75_t4_g1_cfar_local,classical_local_cfar_param_sweep,4.0,1.0,75.0,0.08270509132053684,0.0,210
combined,1e-05,raw_os75_t4_g2_cfar_local,classical_local_cfar_param_sweep,4.0,2.0,75.0,0.07738210151444064,0.0,210
combined,1e-05,raw_os75_t6_g1_cfar_local,classical_local_cfar_param_sweep,6.0,1.0,75.0,0.08221977504660054,0.0,210
combined,1e-05,raw_os75_t6_g2_cfar_local,classical_local_cfar_param_sweep,6.0,2.0,75.0,0.07906990511535307,0.0,210
combined,1e-05,raw_os75_t8_g1_cfar_local,classical_local_cfar_param_sweep,8.0,1.0,75.0,0.08322979229237605,0.0,210
combined,1e-05,raw_os75_t8_g2_cfar_local,classical_local_cfar_param_sweep,8.0,2.0,75.0,0.07837160365924466,0.0,210
combined,1e-05,raw_os90_t4_g1_cfar_local,classical_local_cfar_param_sweep,4.0,1.0,90.0,0.08565118004990087,0.0,210
combined,1e-05,raw_os90_t4_g2_cfar_local,classical_local_cfar_param_sweep,4.0,2.0,90.0,0.07739855895490007,0.0,210
combined,1e-05,raw_os90_t6_g1_cfar_local,classical_local_cfar_param_sweep,6.0,1.0,90.0,0.08054854676921606,0.0,210
combined,1e-05,raw_os90_t6_g2_cfar_local,classical_local_cfar_param_sweep,6.0,2.0,90.0,0.0772177754187368,0.0,210
combined,1e-05,raw_os90_t8_g1_cfar_local,classical_local_cfar_param_sweep,8.0,1.0,90.0,0.0778080240239122,0.0,210
combined,1e-05,raw_os90_t8_g2_cfar_local,classical_local_cfar_param_sweep,8.0,2.0,90.0,0.07629595309526224,0.0,210
combined,1e-05,raw_soca_t4_g1_cfar_local,classical_local_cfar_param_sweep,4.0,1.0,,0.0011367080832860427,0.0,210
combined,1e-05,raw_soca_t4_g2_cfar_local,classical_local_cfar_param_sweep,4.0,2.0,,0.004357927161146121,0.0,210
combined,1e-05,raw_soca_t6_g1_cfar_local,classical_local_cfar_param_sweep,6.0,1.0,,0.0011367080832860427,0.0,210
combined,1e-05,raw_soca_t6_g2_cfar_local,classical_local_cfar_param_sweep,6.0,2.0,,0.004357927161146121,0.0,210
combined,1e-05,raw_soca_t8_g1_cfar_local,classical_local_cfar_param_sweep,8.0,1.0,,0.0011367080832860427,0.0,210
combined,1e-05,raw_soca_t8_g2_cfar_local,classical_local_cfar_param_sweep,8.0,2.0,,0.004357927161146121,0.0,210
combined,1e-05,tpsscs_finished_detector,proposed,,,,0.1845320530347855,0.0,210
combined,3e-05,low_rank_residual_k30_ca_t4_g1_cfar_local,classical_local_cfar_param_sweep,4.0,1.0,,0.15427310940253156,1.526753812803079e-05,210
combined,3e-05,low_rank_residual_k30_ca_t4_g2_cfar_local,classical_local_cfar_param_sweep,4.0,2.0,,0.14856587690347836,1.526753812803079e-05,210
combined,3e-05,low_rank_residual_k30_ca_t6_g1_cfar_local,classical_local_cfar_param_sweep,6.0,1.0,,0.15006511068368045,1.526753812803079e-05,210
combined,3e-05,low_rank_residual_k30_ca_t6_g2_cfar_local,classical_local_cfar_param_sweep,6.0,2.0,,0.1463501613724322,1.526753812803079e-05,210
combined,3e-05,low_rank_residual_k30_ca_t8_g1_cfar_local,classical_local_cfar_param_sweep,8.0,1.0,,0.14732269457229752,1.526753812803079e-05,210
combined,3e-05,low_rank_residual_k30_ca_t8_g2_cfar_local,classical_local_cfar_param_sweep,8.0,2.0,,0.14613636171982378,1.526753812803079e-05,210
combined,3e-05,low_rank_residual_k30_global_topk,global,,,,0.15705404312710922,1.526753812803079e-05,210
combined,3e-05,low_rank_residual_k30_goca_t4_g1_cfar_local,classical_local_cfar_param_sweep,4.0,1.0,,0.15171221528475082,1.526753812803079e-05,210
combined,3e-05,low_rank_residual_k30_goca_t4_g2_cfar_local,classical_local_cfar_param_sweep,4.0,2.0,,0.14721197378819775,1.526753812803079e-05,210
combined,3e-05,low_rank_residual_k30_goca_t6_g1_cfar_local,classical_local_cfar_param_sweep,6.0,1.0,,0.1503451139416679,1.526753812803079e-05,210
combined,3e-05,low_rank_residual_k30_goca_t6_g2_cfar_local,classical_local_cfar_param_sweep,6.0,2.0,,0.14368865309980175,1.526753812803079e-05,210
combined,3e-05,low_rank_residual_k30_goca_t8_g1_cfar_local,classical_local_cfar_param_sweep,8.0,1.0,,0.14956191650008696,1.526753812803079e-05,210
combined,3e-05,low_rank_residual_k30_goca_t8_g2_cfar_local,classical_local_cfar_param_sweep,8.0,2.0,,0.1433321750977919,1.526753812803079e-05,210
combined,3e-05,low_rank_residual_k30_os60_t4_g1_cfar_local,classical_local_cfar_param_sweep,4.0,1.0,60.0,0.14769125732455105,1.526753812803079e-05,210
combined,3e-05,low_rank_residual_k30_os60_t4_g2_cfar_local,classical_local_cfar_param_sweep,4.0,2.0,60.0,0.14734923778015882,1.526753812803079e-05,210
combined,3e-05,low_rank_residual_k30_os60_t6_g1_cfar_local,classical_local_cfar_param_sweep,6.0,1.0,60.0,0.14696291804822764,1.526753812803079e-05,210
combined,3e-05,low_rank_residual_k30_os60_t6_g2_cfar_local,classical_local_cfar_param_sweep,6.0,2.0,60.0,0.14679745630746774,1.526753812803079e-05,210
combined,3e-05,low_rank_residual_k30_os60_t8_g1_cfar_local,classical_local_cfar_param_sweep,8.0,1.0,60.0,0.14556532636387398,1.526753812803079e-05,210
combined,3e-05,low_rank_residual_k30_os60_t8_g2_cfar_local,classical_local_cfar_param_sweep,8.0,2.0,60.0,0.1471060062555405,1.526753812803079e-05,210
combined,3e-05,low_rank_residual_k30_os75_t4_g1_cfar_local,classical_local_cfar_param_sweep,4.0,1.0,75.0,0.1493874730048269,1.526753812803079e-05,210
combined,3e-05,low_rank_residual_k30_os75_t4_g2_cfar_local,classical_local_cfar_param_sweep,4.0,2.0,75.0,0.14734718366793106,1.526753812803079e-05,210
combined,3e-05,low_rank_residual_k30_os75_t6_g1_cfar_local,classical_local_cfar_param_sweep,6.0,1.0,75.0,0.14560656007047032,1.526753812803079e-05,210
combined,3e-05,low_rank_residual_k30_os75_t6_g2_cfar_local,classical_local_cfar_param_sweep,6.0,2.0,75.0,0.1465216941412351,1.526753812803079e-05,210
combined,3e-05,low_rank_residual_k30_os75_t8_g1_cfar_local,classical_local_cfar_param_sweep,8.0,1.0,75.0,0.14755210838186514,1.526753812803079e-05,210
combined,3e-05,low_rank_residual_k30_os75_t8_g2_cfar_local,classical_local_cfar_param_sweep,8.0,2.0,75.0,0.14671279302899742,1.526753812803079e-05,210
combined,3e-05,low_rank_residual_k30_os90_t4_g1_cfar_local,classical_local_cfar_param_sweep,4.0,1.0,90.0,0.15278972444910957,1.526753812803079e-05,210
combined,3e-05,low_rank_residual_k30_os90_t4_g2_cfar_local,classical_local_cfar_param_sweep,4.0,2.0,90.0,0.14862682636562646,1.526753812803079e-05,210
combined,3e-05,low_rank_residual_k30_os90_t6_g1_cfar_local,classical_local_cfar_param_sweep,6.0,1.0,90.0,0.14918847940406688,1.526753812803079e-05,210
combined,3e-05,low_rank_residual_k30_os90_t6_g2_cfar_local,classical_local_cfar_param_sweep,6.0,2.0,90.0,0.14560539841204143,1.526753812803079e-05,210
combined,3e-05,low_rank_residual_k30_os90_t8_g1_cfar_local,classical_local_cfar_param_sweep,8.0,1.0,90.0,0.14671874617724717,1.526753812803079e-05,210
combined,3e-05,low_rank_residual_k30_os90_t8_g2_cfar_local,classical_local_cfar_param_sweep,8.0,2.0,90.0,0.14471898023104246,1.526753812803079e-05,210
combined,3e-05,low_rank_residual_k30_soca_t4_g1_cfar_local,classical_local_cfar_param_sweep,4.0,1.0,,0.0020638940348916986,1.526753812803079e-05,210
combined,3e-05,low_rank_residual_k30_soca_t4_g2_cfar_local,classical_local_cfar_param_sweep,4.0,2.0,,0.00480941658706091,1.526753812803079e-05,210
combined,3e-05,low_rank_residual_k30_soca_t6_g1_cfar_local,classical_local_cfar_param_sweep,6.0,1.0,,0.0020638940348916986,1.526753812803079e-05,210
combined,3e-05,low_rank_residual_k30_soca_t6_g2_cfar_local,classical_local_cfar_param_sweep,6.0,2.0,,0.00480941658706091,1.526753812803079e-05,210
combined,3e-05,low_rank_residual_k30_soca_t8_g1_cfar_local,classical_local_cfar_param_sweep,8.0,1.0,,0.0020638940348916986,1.526753812803079e-05,210
combined,3e-05,low_rank_residual_k30_soca_t8_g2_cfar_local,classical_local_cfar_param_sweep,8.0,2.0,,0.00480941658706091,1.526753812803079e-05,210
combined,3e-05,raw_ca_t4_g1_cfar_local,classical_local_cfar_param_sweep,4.0,1.0,,0.14706517268117603,1.526753812803079e-05,210
combined,3e-05,raw_ca_t4_g2_cfar_local,classical_local_cfar_param_sweep,4.0,2.0,,0.11149067599928114,1.526753812803079e-05,210
combined,3e-05,raw_ca_t6_g1_cfar_local,classical_local_cfar_param_sweep,6.0,1.0,,0.1303429629672827,1.526753812803079e-05,210
combined,3e-05,raw_ca_t6_g2_cfar_local,classical_local_cfar_param_sweep,6.0,2.0,,0.11212388407899777,1.526753812803079e-05,210
combined,3e-05,raw_ca_t8_g1_cfar_local,classical_local_cfar_param_sweep,8.0,1.0,,0.12532930728961084,1.526753812803079e-05,210
combined,3e-05,raw_ca_t8_g2_cfar_local,classical_local_cfar_param_sweep,8.0,2.0,,0.11001784426135101,1.526753812803079e-05,210
combined,3e-05,raw_global_topk,global,,,,0.12101225797420942,1.526753812803079e-05,210
combined,3e-05,raw_goca_t4_g1_cfar_local,classical_local_cfar_param_sweep,4.0,1.0,,0.14806070711976427,1.526753812803079e-05,210
combined,3e-05,raw_goca_t4_g2_cfar_local,classical_local_cfar_param_sweep,4.0,2.0,,0.10627159109855087,1.526753812803079e-05,210
combined,3e-05,raw_goca_t6_g1_cfar_local,classical_local_cfar_param_sweep,6.0,1.0,,0.13219496581127715,1.526753812803079e-05,210
combined,3e-05,raw_goca_t6_g2_cfar_local,classical_local_cfar_param_sweep,6.0,2.0,,0.10789360524239121,1.526753812803079e-05,210
combined,3e-05,raw_goca_t8_g1_cfar_local,classical_local_cfar_param_sweep,8.0,1.0,,0.12058355858999038,1.526753812803079e-05,210
combined,3e-05,raw_goca_t8_g2_cfar_local,classical_local_cfar_param_sweep,8.0,2.0,,0.1066528747854803,1.526753812803079e-05,210
combined,3e-05,raw_os60_t4_g1_cfar_local,classical_local_cfar_param_sweep,4.0,1.0,60.0,0.1197130634251316,1.526753812803079e-05,210
combined,3e-05,raw_os60_t4_g2_cfar_local,classical_local_cfar_param_sweep,4.0,2.0,60.0,0.11673216594032818,1.526753812803079e-05,210
combined,3e-05,raw_os60_t6_g1_cfar_local,classical_local_cfar_param_sweep,6.0,1.0,60.0,0.12130169196461893,1.526753812803079e-05,210
combined,3e-05,raw_os60_t6_g2_cfar_local,classical_local_cfar_param_sweep,6.0,2.0,60.0,0.11539257848209888,1.526753812803079e-05,210
combined,3e-05,raw_os60_t8_g1_cfar_local,classical_local_cfar_param_sweep,8.0,1.0,60.0,0.11702711973185101,1.526753812803079e-05,210
combined,3e-05,raw_os60_t8_g2_cfar_local,classical_local_cfar_param_sweep,8.0,2.0,60.0,0.11812165783042462,1.526753812803079e-05,210
combined,3e-05,raw_os75_t4_g1_cfar_local,classical_local_cfar_param_sweep,4.0,1.0,75.0,0.11830719379012072,1.526753812803079e-05,210
combined,3e-05,raw_os75_t4_g2_cfar_local,classical_local_cfar_param_sweep,4.0,2.0,75.0,0.11461919877683398,1.526753812803079e-05,210
combined,3e-05,raw_os75_t6_g1_cfar_local,classical_local_cfar_param_sweep,6.0,1.0,75.0,0.11992144828795204,1.526753812803079e-05,210
combined,3e-05,raw_os75_t6_g2_cfar_local,classical_local_cfar_param_sweep,6.0,2.0,75.0,0.11733520859105129,1.526753812803079e-05,210
combined,3e-05,raw_os75_t8_g1_cfar_local,classical_local_cfar_param_sweep,8.0,1.0,75.0,0.11930915487231157,1.526753812803079e-05,210
combined,3e-05,raw_os75_t8_g2_cfar_local,classical_local_cfar_param_sweep,8.0,2.0,75.0,0.11574468300603907,1.526753812803079e-05,210
combined,3e-05,raw_os90_t4_g1_cfar_local,classical_local_cfar_param_sweep,4.0,1.0,90.0,0.12490651165875634,1.526753812803079e-05,210
combined,3e-05,raw_os90_t4_g2_cfar_local,classical_local_cfar_param_sweep,4.0,2.0,90.0,0.11613973427853468,1.526753812803079e-05,210
combined,3e-05,raw_os90_t6_g1_cfar_local,classical_local_cfar_param_sweep,6.0,1.0,90.0,0.1215330409186493,1.526753812803079e-05,210
combined,3e-05,raw_os90_t6_g2_cfar_local,classical_local_cfar_param_sweep,6.0,2.0,90.0,0.11640458962189616,1.526753812803079e-05,210
combined,3e-05,raw_os90_t8_g1_cfar_local,classical_local_cfar_param_sweep,8.0,1.0,90.0,0.11793458238409962,1.526753812803079e-05,210
combined,3e-05,raw_os90_t8_g2_cfar_local,classical_local_cfar_param_sweep,8.0,2.0,90.0,0.11176677500282864,1.526753812803079e-05,210
combined,3e-05,raw_soca_t4_g1_cfar_local,classical_local_cfar_param_sweep,4.0,1.0,,0.0012300787648920183,1.526753812803079e-05,210
combined,3e-05,raw_soca_t4_g2_cfar_local,classical_local_cfar_param_sweep,4.0,2.0,,0.005248013390854993,1.526753812803079e-05,210
combined,3e-05,raw_soca_t6_g1_cfar_local,classical_local_cfar_param_sweep,6.0,1.0,,0.0012300787648920183,1.526753812803079e-05,210
combined,3e-05,raw_soca_t6_g2_cfar_local,classical_local_cfar_param_sweep,6.0,2.0,,0.005248013390854993,1.526753812803079e-05,210
combined,3e-05,raw_soca_t8_g1_cfar_local,classical_local_cfar_param_sweep,8.0,1.0,,0.0012300787648920183,1.526753812803079e-05,210
combined,3e-05,raw_soca_t8_g2_cfar_local,classical_local_cfar_param_sweep,8.0,2.0,,0.005248013390854993,1.526753812803079e-05,210
combined,3e-05,tpsscs_finished_detector,proposed,,,,0.23582166376780267,1.526753812803079e-05,210
combined,0.0001,low_rank_residual_k30_ca_t4_g1_cfar_local,classical_local_cfar_param_sweep,4.0,1.0,,0.31514159123128227,9.160522876818475e-05,210
combined,0.0001,low_rank_residual_k30_ca_t4_g2_cfar_local,classical_local_cfar_param_sweep,4.0,2.0,,0.2966750360095179,9.160522876818475e-05,210
combined,0.0001,low_rank_residual_k30_ca_t6_g1_cfar_local,classical_local_cfar_param_sweep,6.0,1.0,,0.31239558306556164,9.160522876818475e-05,210
combined,0.0001,low_rank_residual_k30_ca_t6_g2_cfar_local,classical_local_cfar_param_sweep,6.0,2.0,,0.2954655582227548,9.160522876818475e-05,210
combined,0.0001,low_rank_residual_k30_ca_t8_g1_cfar_local,classical_local_cfar_param_sweep,8.0,1.0,,0.3068653886718675,9.160522876818475e-05,210
combined,0.0001,low_rank_residual_k30_ca_t8_g2_cfar_local,classical_local_cfar_param_sweep,8.0,2.0,,0.2960995334443605,9.160522876818475e-05,210
combined,0.0001,low_rank_residual_k30_global_topk,global,,,,0.30257106980760234,9.160522876818475e-05,210
combined,0.0001,low_rank_residual_k30_goca_t4_g1_cfar_local,classical_local_cfar_param_sweep,4.0,1.0,,0.3179530937290412,9.160522876818475e-05,210
combined,0.0001,low_rank_residual_k30_goca_t4_g2_cfar_local,classical_local_cfar_param_sweep,4.0,2.0,,0.2935773827816163,9.160522876818475e-05,210
combined,0.0001,low_rank_residual_k30_goca_t6_g1_cfar_local,classical_local_cfar_param_sweep,6.0,1.0,,0.30781086432403043,9.160522876818475e-05,210
combined,0.0001,low_rank_residual_k30_goca_t6_g2_cfar_local,classical_local_cfar_param_sweep,6.0,2.0,,0.2907067504593103,9.160522876818475e-05,210
combined,0.0001,low_rank_residual_k30_goca_t8_g1_cfar_local,classical_local_cfar_param_sweep,8.0,1.0,,0.305315041606451,9.160522876818475e-05,210
combined,0.0001,low_rank_residual_k30_goca_t8_g2_cfar_local,classical_local_cfar_param_sweep,8.0,2.0,,0.29366671093866376,9.160522876818475e-05,210
combined,0.0001,low_rank_residual_k30_os60_t4_g1_cfar_local,classical_local_cfar_param_sweep,4.0,1.0,60.0,0.2970408020613694,9.160522876818475e-05,210
combined,0.0001,low_rank_residual_k30_os60_t4_g2_cfar_local,classical_local_cfar_param_sweep,4.0,2.0,60.0,0.29818067874611714,9.160522876818475e-05,210
combined,0.0001,low_rank_residual_k30_os60_t6_g1_cfar_local,classical_local_cfar_param_sweep,6.0,1.0,60.0,0.2983517214460948,9.160522876818475e-05,210
combined,0.0001,low_rank_residual_k30_os60_t6_g2_cfar_local,classical_local_cfar_param_sweep,6.0,2.0,60.0,0.2977945546110862,9.160522876818475e-05,210
combined,0.0001,low_rank_residual_k30_os60_t8_g1_cfar_local,classical_local_cfar_param_sweep,8.0,1.0,60.0,0.29869023558031293,9.160522876818475e-05,210
combined,0.0001,low_rank_residual_k30_os60_t8_g2_cfar_local,classical_local_cfar_param_sweep,8.0,2.0,60.0,0.29998010295133076,9.160522876818475e-05,210
combined,0.0001,low_rank_residual_k30_os75_t4_g1_cfar_local,classical_local_cfar_param_sweep,4.0,1.0,75.0,0.29923157070410183,9.160522876818475e-05,210
combined,0.0001,low_rank_residual_k30_os75_t4_g2_cfar_local,classical_local_cfar_param_sweep,4.0,2.0,75.0,0.2973315075515394,9.160522876818475e-05,210
combined,0.0001,low_rank_residual_k30_os75_t6_g1_cfar_local,classical_local_cfar_param_sweep,6.0,1.0,75.0,0.29723896225318314,9.160522876818475e-05,210
combined,0.0001,low_rank_residual_k30_os75_t6_g2_cfar_local,classical_local_cfar_param_sweep,6.0,2.0,75.0,0.2972088816354687,9.160522876818475e-05,210
combined,0.0001,low_rank_residual_k30_os75_t8_g1_cfar_local,classical_local_cfar_param_sweep,8.0,1.0,75.0,0.29884041503803416,9.160522876818475e-05,210
combined,0.0001,low_rank_residual_k30_os75_t8_g2_cfar_local,classical_local_cfar_param_sweep,8.0,2.0,75.0,0.29845753782310325,9.160522876818475e-05,210
combined,0.0001,low_rank_residual_k30_os90_t4_g1_cfar_local,classical_local_cfar_param_sweep,4.0,1.0,90.0,0.2986204346180898,9.160522876818475e-05,210
combined,0.0001,low_rank_residual_k30_os90_t4_g2_cfar_local,classical_local_cfar_param_sweep,4.0,2.0,90.0,0.29267887324420044,9.160522876818475e-05,210
combined,0.0001,low_rank_residual_k30_os90_t6_g1_cfar_local,classical_local_cfar_param_sweep,6.0,1.0,90.0,0.2960726849925005,9.160522876818475e-05,210
combined,0.0001,low_rank_residual_k30_os90_t6_g2_cfar_local,classical_local_cfar_param_sweep,6.0,2.0,90.0,0.2918505113308736,9.160522876818475e-05,210
combined,0.0001,low_rank_residual_k30_os90_t8_g1_cfar_local,classical_local_cfar_param_sweep,8.0,1.0,90.0,0.2955123178803048,9.160522876818475e-05,210
combined,0.0001,low_rank_residual_k30_os90_t8_g2_cfar_local,classical_local_cfar_param_sweep,8.0,2.0,90.0,0.2959808861951915,9.160522876818475e-05,210
combined,0.0001,low_rank_residual_k30_soca_t4_g1_cfar_local,classical_local_cfar_param_sweep,4.0,1.0,,0.0020638940348916986,9.160522876818475e-05,210
combined,0.0001,low_rank_residual_k30_soca_t4_g2_cfar_local,classical_local_cfar_param_sweep,4.0,2.0,,0.0054175877834674,9.160522876818475e-05,210
combined,0.0001,low_rank_residual_k30_soca_t6_g1_cfar_local,classical_local_cfar_param_sweep,6.0,1.0,,0.0020638940348916986,9.160522876818475e-05,210
combined,0.0001,low_rank_residual_k30_soca_t6_g2_cfar_local,classical_local_cfar_param_sweep,6.0,2.0,,0.0054175877834674,9.160522876818475e-05,210
combined,0.0001,low_rank_residual_k30_soca_t8_g1_cfar_local,classical_local_cfar_param_sweep,8.0,1.0,,0.0020638940348916986,9.160522876818475e-05,210
combined,0.0001,low_rank_residual_k30_soca_t8_g2_cfar_local,classical_local_cfar_param_sweep,8.0,2.0,,0.0054175877834674,9.160522876818475e-05,210
combined,0.0001,raw_ca_t4_g1_cfar_local,classical_local_cfar_param_sweep,4.0,1.0,,0.26189898766777286,9.160522876818475e-05,210
combined,0.0001,raw_ca_t4_g2_cfar_local,classical_local_cfar_param_sweep,4.0,2.0,,0.2169733488048243,9.160522876818475e-05,210
combined,0.0001,raw_ca_t6_g1_cfar_local,classical_local_cfar_param_sweep,6.0,1.0,,0.24744752898110028,9.160522876818475e-05,210
combined,0.0001,raw_ca_t6_g2_cfar_local,classical_local_cfar_param_sweep,6.0,2.0,,0.20907560610841655,9.160522876818475e-05,210
combined,0.0001,raw_ca_t8_g1_cfar_local,classical_local_cfar_param_sweep,8.0,1.0,,0.2287931407019536,9.160522876818475e-05,210
combined,0.0001,raw_ca_t8_g2_cfar_local,classical_local_cfar_param_sweep,8.0,2.0,,0.20748727142406254,9.160522876818475e-05,210
combined,0.0001,raw_global_topk,global,,,,0.20493417808890696,9.160522876818475e-05,210
combined,0.0001,raw_goca_t4_g1_cfar_local,classical_local_cfar_param_sweep,4.0,1.0,,0.2624665860705497,9.160522876818475e-05,210
combined,0.0001,raw_goca_t4_g2_cfar_local,classical_local_cfar_param_sweep,4.0,2.0,,0.2086206038246954,9.160522876818475e-05,210
combined,0.0001,raw_goca_t6_g1_cfar_local,classical_local_cfar_param_sweep,6.0,1.0,,0.2403305158941267,9.160522876818475e-05,210
combined,0.0001,raw_goca_t6_g2_cfar_local,classical_local_cfar_param_sweep,6.0,2.0,,0.20385661268432395,9.160522876818475e-05,210
combined,0.0001,raw_goca_t8_g1_cfar_local,classical_local_cfar_param_sweep,8.0,1.0,,0.22305107130977064,9.160522876818475e-05,210
combined,0.0001,raw_goca_t8_g2_cfar_local,classical_local_cfar_param_sweep,8.0,2.0,,0.20014085907478732,9.160522876818475e-05,210
combined,0.0001,raw_os60_t4_g1_cfar_local,classical_local_cfar_param_sweep,4.0,1.0,60.0,0.22619140650079247,9.160522876818475e-05,210
combined,0.0001,raw_os60_t4_g2_cfar_local,classical_local_cfar_param_sweep,4.0,2.0,60.0,0.21803371168445948,9.160522876818475e-05,210
combined,0.0001,raw_os60_t6_g1_cfar_local,classical_local_cfar_param_sweep,6.0,1.0,60.0,0.22437434948264193,9.160522876818475e-05,210
combined,0.0001,raw_os60_t6_g2_cfar_local,classical_local_cfar_param_sweep,6.0,2.0,60.0,0.21621406188368886,9.160522876818475e-05,210
combined,0.0001,raw_os60_t8_g1_cfar_local,classical_local_cfar_param_sweep,8.0,1.0,60.0,0.22112330052872178,9.160522876818475e-05,210
combined,0.0001,raw_os60_t8_g2_cfar_local,classical_local_cfar_param_sweep,8.0,2.0,60.0,0.21607434940909567,9.160522876818475e-05,210
combined,0.0001,raw_os75_t4_g1_cfar_local,classical_local_cfar_param_sweep,4.0,1.0,75.0,0.22741872335584723,9.160522876818475e-05,210
combined,0.0001,raw_os75_t4_g2_cfar_local,classical_local_cfar_param_sweep,4.0,2.0,75.0,0.2159211165498624,9.160522876818475e-05,210
combined,0.0001,raw_os75_t6_g1_cfar_local,classical_local_cfar_param_sweep,6.0,1.0,75.0,0.22555206038861714,9.160522876818475e-05,210
combined,0.0001,raw_os75_t6_g2_cfar_local,classical_local_cfar_param_sweep,6.0,2.0,75.0,0.218067327170793,9.160522876818475e-05,210
combined,0.0001,raw_os75_t8_g1_cfar_local,classical_local_cfar_param_sweep,8.0,1.0,75.0,0.22251205082694916,9.160522876818475e-05,210
combined,0.0001,raw_os75_t8_g2_cfar_local,classical_local_cfar_param_sweep,8.0,2.0,75.0,0.21597856635770277,9.160522876818475e-05,210
combined,0.0001,raw_os90_t4_g1_cfar_local,classical_local_cfar_param_sweep,4.0,1.0,90.0,0.22861091630993166,9.160522876818475e-05,210
combined,0.0001,raw_os90_t4_g2_cfar_local,classical_local_cfar_param_sweep,4.0,2.0,90.0,0.21792928310357226,9.160522876818475e-05,210
combined,0.0001,raw_os90_t6_g1_cfar_local,classical_local_cfar_param_sweep,6.0,1.0,90.0,0.22242823864009412,9.160522876818475e-05,210
combined,0.0001,raw_os90_t6_g2_cfar_local,classical_local_cfar_param_sweep,6.0,2.0,90.0,0.21188452395713037,9.160522876818475e-05,210
combined,0.0001,raw_os90_t8_g1_cfar_local,classical_local_cfar_param_sweep,8.0,1.0,90.0,0.21543461765210067,9.160522876818475e-05,210
combined,0.0001,raw_os90_t8_g2_cfar_local,classical_local_cfar_param_sweep,8.0,2.0,90.0,0.2080580834367535,9.160522876818475e-05,210
combined,0.0001,raw_soca_t4_g1_cfar_local,classical_local_cfar_param_sweep,4.0,1.0,,0.0016459261669757755,9.160522876818475e-05,210
combined,0.0001,raw_soca_t4_g2_cfar_local,classical_local_cfar_param_sweep,4.0,2.0,,0.006473999514470589,9.160522876818475e-05,210
combined,0.0001,raw_soca_t6_g1_cfar_local,classical_local_cfar_param_sweep,6.0,1.0,,0.0016459261669757755,9.160522876818475e-05,210
combined,0.0001,raw_soca_t6_g2_cfar_local,classical_local_cfar_param_sweep,6.0,2.0,,0.006473999514470589,9.160522876818475e-05,210
combined,0.0001,raw_soca_t8_g1_cfar_local,classical_local_cfar_param_sweep,8.0,1.0,,0.0016459261669757755,9.160522876818475e-05,210
combined,0.0001,raw_soca_t8_g2_cfar_local,classical_local_cfar_param_sweep,8.0,2.0,,0.006473999514470589,9.160522876818475e-05,210
combined,0.0001,tpsscs_finished_detector,proposed,,,,0.3681866997918742,9.160522876818475e-05,210
combined,0.0003,low_rank_residual_k30_ca_t4_g1_cfar_local,classical_local_cfar_param_sweep,4.0,1.0,,0.4910501409238342,0.00029008322443258505,210
combined,0.0003,low_rank_residual_k30_ca_t4_g2_cfar_local,classical_local_cfar_param_sweep,4.0,2.0,,0.46551749977423434,0.00029008322443258505,210
combined,0.0003,low_rank_residual_k30_ca_t6_g1_cfar_local,classical_local_cfar_param_sweep,6.0,1.0,,0.48260384288763386,0.00029008322443258505,210
combined,0.0003,low_rank_residual_k30_ca_t6_g2_cfar_local,classical_local_cfar_param_sweep,6.0,2.0,,0.46711990915621565,0.00029008322443258505,210
combined,0.0003,low_rank_residual_k30_ca_t8_g1_cfar_local,classical_local_cfar_param_sweep,8.0,1.0,,0.480120473323866,0.00029008322443258505,210
combined,0.0003,low_rank_residual_k30_ca_t8_g2_cfar_local,classical_local_cfar_param_sweep,8.0,2.0,,0.46572778768968986,0.00029008322443258505,210
combined,0.0003,low_rank_residual_k30_global_topk,global,,,,0.47221342299964675,0.00029008322443258505,210
combined,0.0003,low_rank_residual_k30_goca_t4_g1_cfar_local,classical_local_cfar_param_sweep,4.0,1.0,,0.49254581405640024,0.00029008322443258505,210
combined,0.0003,low_rank_residual_k30_goca_t4_g2_cfar_local,classical_local_cfar_param_sweep,4.0,2.0,,0.45922128009286617,0.00029008322443258505,210
combined,0.0003,low_rank_residual_k30_goca_t6_g1_cfar_local,classical_local_cfar_param_sweep,6.0,1.0,,0.48261370237144846,0.00029008322443258505,210
combined,0.0003,low_rank_residual_k30_goca_t6_g2_cfar_local,classical_local_cfar_param_sweep,6.0,2.0,,0.45651156664134074,0.00029008322443258505,210
combined,0.0003,low_rank_residual_k30_goca_t8_g1_cfar_local,classical_local_cfar_param_sweep,8.0,1.0,,0.47917285937730875,0.00029008322443258505,210
combined,0.0003,low_rank_residual_k30_goca_t8_g2_cfar_local,classical_local_cfar_param_sweep,8.0,2.0,,0.4620042365909819,0.00029008322443258505,210
combined,0.0003,low_rank_residual_k30_os60_t4_g1_cfar_local,classical_local_cfar_param_sweep,4.0,1.0,60.0,0.4644554459980435,0.00029008322443258505,210
combined,0.0003,low_rank_residual_k30_os60_t4_g2_cfar_local,classical_local_cfar_param_sweep,4.0,2.0,60.0,0.4634044751367591,0.00029008322443258505,210
combined,0.0003,low_rank_residual_k30_os60_t6_g1_cfar_local,classical_local_cfar_param_sweep,6.0,1.0,60.0,0.464705720730442,0.00029008322443258505,210
combined,0.0003,low_rank_residual_k30_os60_t6_g2_cfar_local,classical_local_cfar_param_sweep,6.0,2.0,60.0,0.4648204303071645,0.00029008322443258505,210
combined,0.0003,low_rank_residual_k30_os60_t8_g1_cfar_local,classical_local_cfar_param_sweep,8.0,1.0,60.0,0.46570788393838825,0.00029008322443258505,210
combined,0.0003,low_rank_residual_k30_os60_t8_g2_cfar_local,classical_local_cfar_param_sweep,8.0,2.0,60.0,0.46907221510323244,0.00029008322443258505,210
combined,0.0003,low_rank_residual_k30_os75_t4_g1_cfar_local,classical_local_cfar_param_sweep,4.0,1.0,75.0,0.4645017456825044,0.00029008322443258505,210
combined,0.0003,low_rank_residual_k30_os75_t4_g2_cfar_local,classical_local_cfar_param_sweep,4.0,2.0,75.0,0.4618617356633021,0.00029008322443258505,210
combined,0.0003,low_rank_residual_k30_os75_t6_g1_cfar_local,classical_local_cfar_param_sweep,6.0,1.0,75.0,0.4647461876927417,0.00029008322443258505,210
combined,0.0003,low_rank_residual_k30_os75_t6_g2_cfar_local,classical_local_cfar_param_sweep,6.0,2.0,75.0,0.465145231830218,0.00029008322443258505,210
combined,0.0003,low_rank_residual_k30_os75_t8_g1_cfar_local,classical_local_cfar_param_sweep,8.0,1.0,75.0,0.46578080721412424,0.00029008322443258505,210
combined,0.0003,low_rank_residual_k30_os75_t8_g2_cfar_local,classical_local_cfar_param_sweep,8.0,2.0,75.0,0.4643487149789784,0.00029008322443258505,210
combined,0.0003,low_rank_residual_k30_os90_t4_g1_cfar_local,classical_local_cfar_param_sweep,4.0,1.0,90.0,0.47065141104604047,0.00029008322443258505,210
combined,0.0003,low_rank_residual_k30_os90_t4_g2_cfar_local,classical_local_cfar_param_sweep,4.0,2.0,90.0,0.46143663052856504,0.00029008322443258505,210
combined,0.0003,low_rank_residual_k30_os90_t6_g1_cfar_local,classical_local_cfar_param_sweep,6.0,1.0,90.0,0.4688439821139485,0.00029008322443258505,210
combined,0.0003,low_rank_residual_k30_os90_t6_g2_cfar_local,classical_local_cfar_param_sweep,6.0,2.0,90.0,0.46285053071811855,0.00029008322443258505,210
combined,0.0003,low_rank_residual_k30_os90_t8_g1_cfar_local,classical_local_cfar_param_sweep,8.0,1.0,90.0,0.4664581785671258,0.00029008322443258505,210
combined,0.0003,low_rank_residual_k30_os90_t8_g2_cfar_local,classical_local_cfar_param_sweep,8.0,2.0,90.0,0.4649057887863201,0.00029008322443258505,210
combined,0.0003,low_rank_residual_k30_soca_t4_g1_cfar_local,classical_local_cfar_param_sweep,4.0,1.0,,0.0020638940348916986,0.00029008322443258505,210
combined,0.0003,low_rank_residual_k30_soca_t4_g2_cfar_local,classical_local_cfar_param_sweep,4.0,2.0,,0.0055109584650733755,0.00029008322443258505,210
combined,0.0003,low_rank_residual_k30_soca_t6_g1_cfar_local,classical_local_cfar_param_sweep,6.0,1.0,,0.0020638940348916986,0.00029008322443258505,210
combined,0.0003,low_rank_residual_k30_soca_t6_g2_cfar_local,classical_local_cfar_param_sweep,6.0,2.0,,0.0055109584650733755,0.00029008322443258505,210
combined,0.0003,low_rank_residual_k30_soca_t8_g1_cfar_local,classical_local_cfar_param_sweep,8.0,1.0,,0.0020638940348916986,0.00029008322443258505,210
combined,0.0003,low_rank_residual_k30_soca_t8_g2_cfar_local,classical_local_cfar_param_sweep,8.0,2.0,,0.0055109584650733755,0.00029008322443258505,210
combined,0.0003,raw_ca_t4_g1_cfar_local,classical_local_cfar_param_sweep,4.0,1.0,,0.40760221540491265,0.00029008322443258505,210
combined,0.0003,raw_ca_t4_g2_cfar_local,classical_local_cfar_param_sweep,4.0,2.0,,0.3492412321646351,0.00029008322443258505,210
combined,0.0003,raw_ca_t6_g1_cfar_local,classical_local_cfar_param_sweep,6.0,1.0,,0.38708222337390696,0.00029008322443258505,210
combined,0.0003,raw_ca_t6_g2_cfar_local,classical_local_cfar_param_sweep,6.0,2.0,,0.3410551249193005,0.00029008322443258505,210
combined,0.0003,raw_ca_t8_g1_cfar_local,classical_local_cfar_param_sweep,8.0,1.0,,0.3687081034976925,0.00029008322443258505,210
combined,0.0003,raw_ca_t8_g2_cfar_local,classical_local_cfar_param_sweep,8.0,2.0,,0.340444137600106,0.00029008322443258505,210
combined,0.0003,raw_global_topk,global,,,,0.2808969289153566,0.00029008322443258505,210
combined,0.0003,raw_goca_t4_g1_cfar_local,classical_local_cfar_param_sweep,4.0,1.0,,0.40053742985992336,0.00029008322443258505,210
combined,0.0003,raw_goca_t4_g2_cfar_local,classical_local_cfar_param_sweep,4.0,2.0,,0.3423904454098703,0.00029008322443258505,210
combined,0.0003,raw_goca_t6_g1_cfar_local,classical_local_cfar_param_sweep,6.0,1.0,,0.3773453635951486,0.00029008322443258505,210
combined,0.0003,raw_goca_t6_g2_cfar_local,classical_local_cfar_param_sweep,6.0,2.0,,0.3329818367398246,0.00029008322443258505,210
combined,0.0003,raw_goca_t8_g1_cfar_local,classical_local_cfar_param_sweep,8.0,1.0,,0.35780861794687985,0.00029008322443258505,210
combined,0.0003,raw_goca_t8_g2_cfar_local,classical_local_cfar_param_sweep,8.0,2.0,,0.3297328243683051,0.00029008322443258505,210
combined,0.0003,raw_os60_t4_g1_cfar_local,classical_local_cfar_param_sweep,4.0,1.0,60.0,0.36730281104657575,0.00029008322443258505,210
combined,0.0003,raw_os60_t4_g2_cfar_local,classical_local_cfar_param_sweep,4.0,2.0,60.0,0.35077223155228865,0.00029008322443258505,210
combined,0.0003,raw_os60_t6_g1_cfar_local,classical_local_cfar_param_sweep,6.0,1.0,60.0,0.35728164294738035,0.00029008322443258505,210
combined,0.0003,raw_os60_t6_g2_cfar_local,classical_local_cfar_param_sweep,6.0,2.0,60.0,0.3427364335724783,0.00029008322443258505,210
combined,0.0003,raw_os60_t8_g1_cfar_local,classical_local_cfar_param_sweep,8.0,1.0,60.0,0.34812375212893387,0.00029008322443258505,210
combined,0.0003,raw_os60_t8_g2_cfar_local,classical_local_cfar_param_sweep,8.0,2.0,60.0,0.3436476174278892,0.00029008322443258505,210
combined,0.0003,raw_os75_t4_g1_cfar_local,classical_local_cfar_param_sweep,4.0,1.0,75.0,0.3598117324756983,0.00029008322443258505,210
combined,0.0003,raw_os75_t4_g2_cfar_local,classical_local_cfar_param_sweep,4.0,2.0,75.0,0.3497172417105046,0.00029008322443258505,210
combined,0.0003,raw_os75_t6_g1_cfar_local,classical_local_cfar_param_sweep,6.0,1.0,75.0,0.3611575043418743,0.00029008322443258505,210
combined,0.0003,raw_os75_t6_g2_cfar_local,classical_local_cfar_param_sweep,6.0,2.0,75.0,0.3492546196387951,0.00029008322443258505,210
combined,0.0003,raw_os75_t8_g1_cfar_local,classical_local_cfar_param_sweep,8.0,1.0,75.0,0.3580737937610274,0.00029008322443258505,210
combined,0.0003,raw_os75_t8_g2_cfar_local,classical_local_cfar_param_sweep,8.0,2.0,75.0,0.347585005237878,0.00029008322443258505,210
combined,0.0003,raw_os90_t4_g1_cfar_local,classical_local_cfar_param_sweep,4.0,1.0,90.0,0.37163597769948564,0.00029008322443258505,210
combined,0.0003,raw_os90_t4_g2_cfar_local,classical_local_cfar_param_sweep,4.0,2.0,90.0,0.353990739474702,0.00029008322443258505,210
combined,0.0003,raw_os90_t6_g1_cfar_local,classical_local_cfar_param_sweep,6.0,1.0,90.0,0.3616110972096201,0.00029008322443258505,210
combined,0.0003,raw_os90_t6_g2_cfar_local,classical_local_cfar_param_sweep,6.0,2.0,90.0,0.3475992764069501,0.00029008322443258505,210
combined,0.0003,raw_os90_t8_g1_cfar_local,classical_local_cfar_param_sweep,8.0,1.0,90.0,0.3529188923718608,0.00029008322443258505,210
combined,0.0003,raw_os90_t8_g2_cfar_local,classical_local_cfar_param_sweep,8.0,2.0,90.0,0.34354525588572615,0.00029008322443258505,210
combined,0.0003,raw_soca_t4_g1_cfar_local,classical_local_cfar_param_sweep,4.0,1.0,,0.002497670784457922,0.00029008322443258505,210
combined,0.0003,raw_soca_t4_g2_cfar_local,classical_local_cfar_param_sweep,4.0,2.0,,0.007928332897248444,0.00029008322443258505,210
combined,0.0003,raw_soca_t6_g1_cfar_local,classical_local_cfar_param_sweep,6.0,1.0,,0.002497670784457922,0.00029008322443258505,210
combined,0.0003,raw_soca_t6_g2_cfar_local,classical_local_cfar_param_sweep,6.0,2.0,,0.007928332897248444,0.00029008322443258505,210
combined,0.0003,raw_soca_t8_g1_cfar_local,classical_local_cfar_param_sweep,8.0,1.0,,0.002497670784457922,0.00029008322443258505,210
combined,0.0003,raw_soca_t8_g2_cfar_local,classical_local_cfar_param_sweep,8.0,2.0,,0.007928332897248444,0.00029008322443258505,210
combined,0.0003,tpsscs_finished_detector,proposed,,,,0.5261399631103596,0.00029008322443258505,210
combined,0.001,low_rank_residual_k30_ca_t4_g1_cfar_local,classical_local_cfar_param_sweep,4.0,1.0,,0.6866427660870623,0.0009923899783220015,210
combined,0.001,low_rank_residual_k30_ca_t4_g2_cfar_local,classical_local_cfar_param_sweep,4.0,2.0,,0.6717058669773288,0.0009923899783220015,210
combined,0.001,low_rank_residual_k30_ca_t6_g1_cfar_local,classical_local_cfar_param_sweep,6.0,1.0,,0.6828125749747194,0.0009923899783220015,210
combined,0.001,low_rank_residual_k30_ca_t6_g2_cfar_local,classical_local_cfar_param_sweep,6.0,2.0,,0.6712969248212329,0.0009923899783220015,210
combined,0.001,low_rank_residual_k30_ca_t8_g1_cfar_local,classical_local_cfar_param_sweep,8.0,1.0,,0.6797325013119899,0.0009923899783220015,210
combined,0.001,low_rank_residual_k30_ca_t8_g2_cfar_local,classical_local_cfar_param_sweep,8.0,2.0,,0.670993509916525,0.0009923899783220015,210
combined,0.001,low_rank_residual_k30_global_topk,global,,,,0.6592405050150983,0.0009923899783220015,210
combined,0.001,low_rank_residual_k30_goca_t4_g1_cfar_local,classical_local_cfar_param_sweep,4.0,1.0,,0.674440046603088,0.0009923899783220015,210
combined,0.001,low_rank_residual_k30_goca_t4_g2_cfar_local,classical_local_cfar_param_sweep,4.0,2.0,,0.6562046677542054,0.0009923899783220015,210
combined,0.001,low_rank_residual_k30_goca_t6_g1_cfar_local,classical_local_cfar_param_sweep,6.0,1.0,,0.6757019339541834,0.0009923899783220015,210
combined,0.001,low_rank_residual_k30_goca_t6_g2_cfar_local,classical_local_cfar_param_sweep,6.0,2.0,,0.6616241898281038,0.0009923899783220015,210
combined,0.001,low_rank_residual_k30_goca_t8_g1_cfar_local,classical_local_cfar_param_sweep,8.0,1.0,,0.6744088027889591,0.0009923899783220015,210
combined,0.001,low_rank_residual_k30_goca_t8_g2_cfar_local,classical_local_cfar_param_sweep,8.0,2.0,,0.6661638306394577,0.0009923899783220015,210
combined,0.001,low_rank_residual_k30_os60_t4_g1_cfar_local,classical_local_cfar_param_sweep,4.0,1.0,60.0,0.6742125646453817,0.0009923899783220015,210
combined,0.001,low_rank_residual_k30_os60_t4_g2_cfar_local,classical_local_cfar_param_sweep,4.0,2.0,60.0,0.6726935160726095,0.0009923899783220015,210
combined,0.001,low_rank_residual_k30_os60_t6_g1_cfar_local,classical_local_cfar_param_sweep,6.0,1.0,60.0,0.672183790608794,0.0009923899783220015,210
combined,0.001,low_rank_residual_k30_os60_t6_g2_cfar_local,classical_local_cfar_param_sweep,6.0,2.0,60.0,0.670673397827048,0.0009923899783220015,210
combined,0.001,low_rank_residual_k30_os60_t8_g1_cfar_local,classical_local_cfar_param_sweep,8.0,1.0,60.0,0.6716129831920327,0.0009923899783220015,210
combined,0.001,low_rank_residual_k30_os60_t8_g2_cfar_local,classical_local_cfar_param_sweep,8.0,2.0,60.0,0.6711650644487529,0.0009923899783220015,210
combined,0.001,low_rank_residual_k30_os75_t4_g1_cfar_local,classical_local_cfar_param_sweep,4.0,1.0,75.0,0.6731967437877265,0.0009923899783220015,210
combined,0.001,low_rank_residual_k30_os75_t4_g2_cfar_local,classical_local_cfar_param_sweep,4.0,2.0,75.0,0.6718556673861931,0.0009923899783220015,210
combined,0.001,low_rank_residual_k30_os75_t6_g1_cfar_local,classical_local_cfar_param_sweep,6.0,1.0,75.0,0.6729106880763355,0.0009923899783220015,210
combined,0.001,low_rank_residual_k30_os75_t6_g2_cfar_local,classical_local_cfar_param_sweep,6.0,2.0,75.0,0.6715836141170598,0.0009923899783220015,210
combined,0.001,low_rank_residual_k30_os75_t8_g1_cfar_local,classical_local_cfar_param_sweep,8.0,1.0,75.0,0.6731460217142194,0.0009923899783220015,210
combined,0.001,low_rank_residual_k30_os75_t8_g2_cfar_local,classical_local_cfar_param_sweep,8.0,2.0,75.0,0.6706844155012999,0.0009923899783220015,210
combined,0.001,low_rank_residual_k30_os90_t4_g1_cfar_local,classical_local_cfar_param_sweep,4.0,1.0,90.0,0.6695771825640907,0.0009923899783220015,210
combined,0.001,low_rank_residual_k30_os90_t4_g2_cfar_local,classical_local_cfar_param_sweep,4.0,2.0,90.0,0.6682579978853502,0.0009923899783220015,210
combined,0.001,low_rank_residual_k30_os90_t6_g1_cfar_local,classical_local_cfar_param_sweep,6.0,1.0,90.0,0.6742293910771481,0.0009923899783220015,210
combined,0.001,low_rank_residual_k30_os90_t6_g2_cfar_local,classical_local_cfar_param_sweep,6.0,2.0,90.0,0.6715702467430806,0.0009923899783220015,210
combined,0.001,low_rank_residual_k30_os90_t8_g1_cfar_local,classical_local_cfar_param_sweep,8.0,1.0,90.0,0.6734240701302711,0.0009923899783220015,210
combined,0.001,low_rank_residual_k30_os90_t8_g2_cfar_local,classical_local_cfar_param_sweep,8.0,2.0,90.0,0.6717443666120445,0.0009923899783220015,210
combined,0.001,low_rank_residual_k30_soca_t4_g1_cfar_local,classical_local_cfar_param_sweep,4.0,1.0,,0.0022470442180418815,0.0009923899783220015,210
combined,0.001,low_rank_residual_k30_soca_t4_g2_cfar_local,classical_local_cfar_param_sweep,4.0,2.0,,0.006170299124414035,0.0009923899783220015,210
combined,0.001,low_rank_residual_k30_soca_t6_g1_cfar_local,classical_local_cfar_param_sweep,6.0,1.0,,0.0022470442180418815,0.0009923899783220015,210
combined,0.001,low_rank_residual_k30_soca_t6_g2_cfar_local,classical_local_cfar_param_sweep,6.0,2.0,,0.006170299124414035,0.0009923899783220015,210
combined,0.001,low_rank_residual_k30_soca_t8_g1_cfar_local,classical_local_cfar_param_sweep,8.0,1.0,,0.0022470442180418815,0.0009923899783220015,210
combined,0.001,low_rank_residual_k30_soca_t8_g2_cfar_local,classical_local_cfar_param_sweep,8.0,2.0,,0.006170299124414035,0.0009923899783220015,210
combined,0.001,raw_ca_t4_g1_cfar_local,classical_local_cfar_param_sweep,4.0,1.0,,0.5983380930486271,0.0009923899783220015,210
combined,0.001,raw_ca_t4_g2_cfar_local,classical_local_cfar_param_sweep,4.0,2.0,,0.5545242434560461,0.0009923899783220015,210
combined,0.001,raw_ca_t6_g1_cfar_local,classical_local_cfar_param_sweep,6.0,1.0,,0.5835731476630308,0.0009923899783220015,210
combined,0.001,raw_ca_t6_g2_cfar_local,classical_local_cfar_param_sweep,6.0,2.0,,0.549601805175821,0.0009923899783220015,210
combined,0.001,raw_ca_t8_g1_cfar_local,classical_local_cfar_param_sweep,8.0,1.0,,0.5623087814956013,0.0009923899783220015,210
combined,0.001,raw_ca_t8_g2_cfar_local,classical_local_cfar_param_sweep,8.0,2.0,,0.533205162890768,0.0009923899783220015,210
combined,0.001,raw_global_topk,global,,,,0.37707533805908117,0.0009923899783220015,210
combined,0.001,raw_goca_t4_g1_cfar_local,classical_local_cfar_param_sweep,4.0,1.0,,0.5715063862702178,0.0009923899783220015,210
combined,0.001,raw_goca_t4_g2_cfar_local,classical_local_cfar_param_sweep,4.0,2.0,,0.5351605588548215,0.0009923899783220015,210
combined,0.001,raw_goca_t6_g1_cfar_local,classical_local_cfar_param_sweep,6.0,1.0,,0.5518573612292244,0.0009923899783220015,210
combined,0.001,raw_goca_t6_g2_cfar_local,classical_local_cfar_param_sweep,6.0,2.0,,0.5272812950083596,0.0009923899783220015,210
combined,0.001,raw_goca_t8_g1_cfar_local,classical_local_cfar_param_sweep,8.0,1.0,,0.5325515091712701,0.0009923899783220015,210
combined,0.001,raw_goca_t8_g2_cfar_local,classical_local_cfar_param_sweep,8.0,2.0,,0.5098947305835381,0.0009923899783220015,210
combined,0.001,raw_os60_t4_g1_cfar_local,classical_local_cfar_param_sweep,4.0,1.0,60.0,0.5693784007275267,0.0009923899783220015,210
combined,0.001,raw_os60_t4_g2_cfar_local,classical_local_cfar_param_sweep,4.0,2.0,60.0,0.5307039686890206,0.0009923899783220015,210
combined,0.001,raw_os60_t6_g1_cfar_local,classical_local_cfar_param_sweep,6.0,1.0,60.0,0.540615035996819,0.0009923899783220015,210
combined,0.001,raw_os60_t6_g2_cfar_local,classical_local_cfar_param_sweep,6.0,2.0,60.0,0.5050980279488461,0.0009923899783220015,210
combined,0.001,raw_os60_t8_g1_cfar_local,classical_local_cfar_param_sweep,8.0,1.0,60.0,0.5099646493079266,0.0009923899783220015,210
combined,0.001,raw_os60_t8_g2_cfar_local,classical_local_cfar_param_sweep,8.0,2.0,60.0,0.49078422992892184,0.0009923899783220015,210
combined,0.001,raw_os75_t4_g1_cfar_local,classical_local_cfar_param_sweep,4.0,1.0,75.0,0.5726128600468334,0.0009923899783220015,210
combined,0.001,raw_os75_t4_g2_cfar_local,classical_local_cfar_param_sweep,4.0,2.0,75.0,0.5490472451123499,0.0009923899783220015,210
combined,0.001,raw_os75_t6_g1_cfar_local,classical_local_cfar_param_sweep,6.0,1.0,75.0,0.5656374900516619,0.0009923899783220015,210
combined,0.001,raw_os75_t6_g2_cfar_local,classical_local_cfar_param_sweep,6.0,2.0,75.0,0.5302104906417496,0.0009923899783220015,210
combined,0.001,raw_os75_t8_g1_cfar_local,classical_local_cfar_param_sweep,8.0,1.0,75.0,0.543578421754033,0.0009923899783220015,210
combined,0.001,raw_os75_t8_g2_cfar_local,classical_local_cfar_param_sweep,8.0,2.0,75.0,0.5118502986951634,0.0009923899783220015,210
combined,0.001,raw_os90_t4_g1_cfar_local,classical_local_cfar_param_sweep,4.0,1.0,90.0,0.5718247438436675,0.0009923899783220015,210
combined,0.001,raw_os90_t4_g2_cfar_local,classical_local_cfar_param_sweep,4.0,2.0,90.0,0.5555088407354711,0.0009923899783220015,210
combined,0.001,raw_os90_t6_g1_cfar_local,classical_local_cfar_param_sweep,6.0,1.0,90.0,0.5656820302799944,0.0009923899783220015,210
combined,0.001,raw_os90_t6_g2_cfar_local,classical_local_cfar_param_sweep,6.0,2.0,90.0,0.5528419485111549,0.0009923899783220015,210
combined,0.001,raw_os90_t8_g1_cfar_local,classical_local_cfar_param_sweep,8.0,1.0,90.0,0.5607365600986349,0.0009923899783220015,210
combined,0.001,raw_os90_t8_g2_cfar_local,classical_local_cfar_param_sweep,8.0,2.0,90.0,0.5406872017776255,0.0009923899783220015,210
combined,0.001,raw_soca_t4_g1_cfar_local,classical_local_cfar_param_sweep,4.0,1.0,,0.002497670784457922,0.0009923899783220015,210
combined,0.001,raw_soca_t4_g2_cfar_local,classical_local_cfar_param_sweep,4.0,2.0,,0.008593038138612723,0.0009923899783220015,210
combined,0.001,raw_soca_t6_g1_cfar_local,classical_local_cfar_param_sweep,6.0,1.0,,0.002497670784457922,0.0009923899783220015,210
combined,0.001,raw_soca_t6_g2_cfar_local,classical_local_cfar_param_sweep,6.0,2.0,,0.008593038138612723,0.0009923899783220015,210
combined,0.001,raw_soca_t8_g1_cfar_local,classical_local_cfar_param_sweep,8.0,1.0,,0.002497670784457922,0.0009923899783220015,210
combined,0.001,raw_soca_t8_g2_cfar_local,classical_local_cfar_param_sweep,8.0,2.0,,0.008593038138612723,0.0009923899783220015,210
combined,0.001,tpsscs_finished_detector,proposed,,,,0.7028664531528073,0.0009923899783220015,210
combined,0.003,low_rank_residual_k30_ca_t4_g1_cfar_local,classical_local_cfar_param_sweep,4.0,1.0,,0.7829765951843394,0.002992437473094035,210
combined,0.003,low_rank_residual_k30_ca_t4_g2_cfar_local,classical_local_cfar_param_sweep,4.0,2.0,,0.7817796151103554,0.002992437473094035,210
combined,0.003,low_rank_residual_k30_ca_t6_g1_cfar_local,classical_local_cfar_param_sweep,6.0,1.0,,0.7848247384745567,0.002992437473094035,210
combined,0.003,low_rank_residual_k30_ca_t6_g2_cfar_local,classical_local_cfar_param_sweep,6.0,2.0,,0.7850253353513232,0.002992437473094035,210
combined,0.003,low_rank_residual_k30_ca_t8_g1_cfar_local,classical_local_cfar_param_sweep,8.0,1.0,,0.7879289370686995,0.002992437473094035,210
combined,0.003,low_rank_residual_k30_ca_t8_g2_cfar_local,classical_local_cfar_param_sweep,8.0,2.0,,0.7873910273169582,0.002992437473094035,210
combined,0.003,low_rank_residual_k30_global_topk,global,,,,0.7777748117479776,0.002992437473094035,210
combined,0.003,low_rank_residual_k30_goca_t4_g1_cfar_local,classical_local_cfar_param_sweep,4.0,1.0,,0.7628455128920965,0.002992437473094035,210
combined,0.003,low_rank_residual_k30_goca_t4_g2_cfar_local,classical_local_cfar_param_sweep,4.0,2.0,,0.7681066863667511,0.002992437473094035,210
combined,0.003,low_rank_residual_k30_goca_t6_g1_cfar_local,classical_local_cfar_param_sweep,6.0,1.0,,0.7718364881767024,0.002992437473094035,210
combined,0.003,low_rank_residual_k30_goca_t6_g2_cfar_local,classical_local_cfar_param_sweep,6.0,2.0,,0.7727439622881699,0.002992437473094035,210
combined,0.003,low_rank_residual_k30_goca_t8_g1_cfar_local,classical_local_cfar_param_sweep,8.0,1.0,,0.7781196151473755,0.002992437473094035,210
combined,0.003,low_rank_residual_k30_goca_t8_g2_cfar_local,classical_local_cfar_param_sweep,8.0,2.0,,0.7759724418216716,0.002992437473094035,210
combined,0.003,low_rank_residual_k30_os60_t4_g1_cfar_local,classical_local_cfar_param_sweep,4.0,1.0,60.0,0.7899055946346046,0.002992437473094035,210
combined,0.003,low_rank_residual_k30_os60_t4_g2_cfar_local,classical_local_cfar_param_sweep,4.0,2.0,60.0,0.7890880447425835,0.002992437473094035,210
combined,0.003,low_rank_residual_k30_os60_t6_g1_cfar_local,classical_local_cfar_param_sweep,6.0,1.0,60.0,0.7880735551810294,0.002992437473094035,210
combined,0.003,low_rank_residual_k30_os60_t6_g2_cfar_local,classical_local_cfar_param_sweep,6.0,2.0,60.0,0.7881941859556674,0.002992437473094035,210
combined,0.003,low_rank_residual_k30_os60_t8_g1_cfar_local,classical_local_cfar_param_sweep,8.0,1.0,60.0,0.7891946726656575,0.002992437473094035,210
combined,0.003,low_rank_residual_k30_os60_t8_g2_cfar_local,classical_local_cfar_param_sweep,8.0,2.0,60.0,0.7886727700446576,0.002992437473094035,210
combined,0.003,low_rank_residual_k30_os75_t4_g1_cfar_local,classical_local_cfar_param_sweep,4.0,1.0,75.0,0.7874937044207468,0.002992437473094035,210
combined,0.003,low_rank_residual_k30_os75_t4_g2_cfar_local,classical_local_cfar_param_sweep,4.0,2.0,75.0,0.787604945719377,0.002992437473094035,210
combined,0.003,low_rank_residual_k30_os75_t6_g1_cfar_local,classical_local_cfar_param_sweep,6.0,1.0,75.0,0.7883893075579239,0.002992437473094035,210
combined,0.003,low_rank_residual_k30_os75_t6_g2_cfar_local,classical_local_cfar_param_sweep,6.0,2.0,75.0,0.7880186552380163,0.002992437473094035,210
combined,0.003,low_rank_residual_k30_os75_t8_g1_cfar_local,classical_local_cfar_param_sweep,8.0,1.0,75.0,0.7905512217815598,0.002992437473094035,210
combined,0.003,low_rank_residual_k30_os75_t8_g2_cfar_local,classical_local_cfar_param_sweep,8.0,2.0,75.0,0.7893131780026172,0.002992437473094035,210
combined,0.003,low_rank_residual_k30_os90_t4_g1_cfar_local,classical_local_cfar_param_sweep,4.0,1.0,90.0,0.7788682753855037,0.002992437473094035,210
combined,0.003,low_rank_residual_k30_os90_t4_g2_cfar_local,classical_local_cfar_param_sweep,4.0,2.0,90.0,0.7859202320833553,0.002992437473094035,210
combined,0.003,low_rank_residual_k30_os90_t6_g1_cfar_local,classical_local_cfar_param_sweep,6.0,1.0,90.0,0.785118435455229,0.002992437473094035,210
combined,0.003,low_rank_residual_k30_os90_t6_g2_cfar_local,classical_local_cfar_param_sweep,6.0,2.0,90.0,0.7873751845512217,0.002992437473094035,210
combined,0.003,low_rank_residual_k30_os90_t8_g1_cfar_local,classical_local_cfar_param_sweep,8.0,1.0,90.0,0.788742587184409,0.002992437473094035,210
combined,0.003,low_rank_residual_k30_os90_t8_g2_cfar_local,classical_local_cfar_param_sweep,8.0,2.0,90.0,0.7875409765672242,0.002992437473094035,210
combined,0.003,low_rank_residual_k30_soca_t4_g1_cfar_local,classical_local_cfar_param_sweep,4.0,1.0,,0.0022470442180418815,0.002992437473094035,210
combined,0.003,low_rank_residual_k30_soca_t4_g2_cfar_local,classical_local_cfar_param_sweep,4.0,2.0,,0.006170299124414035,0.002992437473094035,210
combined,0.003,low_rank_residual_k30_soca_t6_g1_cfar_local,classical_local_cfar_param_sweep,6.0,1.0,,0.0022470442180418815,0.002992437473094035,210
combined,0.003,low_rank_residual_k30_soca_t6_g2_cfar_local,classical_local_cfar_param_sweep,6.0,2.0,,0.006170299124414035,0.002992437473094035,210
combined,0.003,low_rank_residual_k30_soca_t8_g1_cfar_local,classical_local_cfar_param_sweep,8.0,1.0,,0.0022470442180418815,0.002992437473094035,210
combined,0.003,low_rank_residual_k30_soca_t8_g2_cfar_local,classical_local_cfar_param_sweep,8.0,2.0,,0.006170299124414035,0.002992437473094035,210
combined,0.003,raw_ca_t4_g1_cfar_local,classical_local_cfar_param_sweep,4.0,1.0,,0.6981361965183835,0.002992437473094035,210
combined,0.003,raw_ca_t4_g2_cfar_local,classical_local_cfar_param_sweep,4.0,2.0,,0.6830296707105373,0.002992437473094035,210
combined,0.003,raw_ca_t6_g1_cfar_local,classical_local_cfar_param_sweep,6.0,1.0,,0.6901309192369924,0.002992437473094035,210
combined,0.003,raw_ca_t6_g2_cfar_local,classical_local_cfar_param_sweep,6.0,2.0,,0.6716954629151112,0.002992437473094035,210
combined,0.003,raw_ca_t8_g1_cfar_local,classical_local_cfar_param_sweep,8.0,1.0,,0.6740242096002962,0.002992437473094035,210
combined,0.003,raw_ca_t8_g2_cfar_local,classical_local_cfar_param_sweep,8.0,2.0,,0.6531429412840679,0.002992437473094035,210
combined,0.003,raw_global_topk,global,,,,0.48646260029395705,0.002992437473094035,210
combined,0.003,raw_goca_t4_g1_cfar_local,classical_local_cfar_param_sweep,4.0,1.0,,0.6709162673743786,0.002992437473094035,210
combined,0.003,raw_goca_t4_g2_cfar_local,classical_local_cfar_param_sweep,4.0,2.0,,0.6593092218651462,0.002992437473094035,210
combined,0.003,raw_goca_t6_g1_cfar_local,classical_local_cfar_param_sweep,6.0,1.0,,0.6603576289098861,0.002992437473094035,210
combined,0.003,raw_goca_t6_g2_cfar_local,classical_local_cfar_param_sweep,6.0,2.0,,0.6441140072638234,0.002992437473094035,210
combined,0.003,raw_goca_t8_g1_cfar_local,classical_local_cfar_param_sweep,8.0,1.0,,0.6394553048477101,0.002992437473094035,210
combined,0.003,raw_goca_t8_g2_cfar_local,classical_local_cfar_param_sweep,8.0,2.0,,0.6260697333298221,0.002992437473094035,210
combined,0.003,raw_os60_t4_g1_cfar_local,classical_local_cfar_param_sweep,4.0,1.0,60.0,0.6993473321155721,0.002992437473094035,210
combined,0.003,raw_os60_t4_g2_cfar_local,classical_local_cfar_param_sweep,4.0,2.0,60.0,0.6665002570571202,0.002992437473094035,210
combined,0.003,raw_os60_t6_g1_cfar_local,classical_local_cfar_param_sweep,6.0,1.0,60.0,0.6718691797888927,0.002992437473094035,210
combined,0.003,raw_os60_t6_g2_cfar_local,classical_local_cfar_param_sweep,6.0,2.0,60.0,0.6357743741927623,0.002992437473094035,210
combined,0.003,raw_os60_t8_g1_cfar_local,classical_local_cfar_param_sweep,8.0,1.0,60.0,0.6359394861541516,0.002992437473094035,210
combined,0.003,raw_os60_t8_g2_cfar_local,classical_local_cfar_param_sweep,8.0,2.0,60.0,0.6108287123210158,0.002992437473094035,210
combined,0.003,raw_os75_t4_g1_cfar_local,classical_local_cfar_param_sweep,4.0,1.0,75.0,0.7066463593912764,0.002992437473094035,210
combined,0.003,raw_os75_t4_g2_cfar_local,classical_local_cfar_param_sweep,4.0,2.0,75.0,0.6774310804187684,0.002992437473094035,210
combined,0.003,raw_os75_t6_g1_cfar_local,classical_local_cfar_param_sweep,6.0,1.0,75.0,0.6932719378296897,0.002992437473094035,210
combined,0.003,raw_os75_t6_g2_cfar_local,classical_local_cfar_param_sweep,6.0,2.0,75.0,0.6582969299422209,0.002992437473094035,210
combined,0.003,raw_os75_t8_g1_cfar_local,classical_local_cfar_param_sweep,8.0,1.0,75.0,0.6694056655158777,0.002992437473094035,210
combined,0.003,raw_os75_t8_g2_cfar_local,classical_local_cfar_param_sweep,8.0,2.0,75.0,0.6355640796902452,0.002992437473094035,210
combined,0.003,raw_os90_t4_g1_cfar_local,classical_local_cfar_param_sweep,4.0,1.0,90.0,0.6931617893642175,0.002992437473094035,210
combined,0.003,raw_os90_t4_g2_cfar_local,classical_local_cfar_param_sweep,4.0,2.0,90.0,0.6876681154012256,0.002992437473094035,210
combined,0.003,raw_os90_t6_g1_cfar_local,classical_local_cfar_param_sweep,6.0,1.0,90.0,0.6946074779633807,0.002992437473094035,210
combined,0.003,raw_os90_t6_g2_cfar_local,classical_local_cfar_param_sweep,6.0,2.0,90.0,0.6831801168779692,0.002992437473094035,210
combined,0.003,raw_os90_t8_g1_cfar_local,classical_local_cfar_param_sweep,8.0,1.0,90.0,0.6852589638242157,0.002992437473094035,210
combined,0.003,raw_os90_t8_g2_cfar_local,classical_local_cfar_param_sweep,8.0,2.0,90.0,0.6673489311960231,0.002992437473094035,210
combined,0.003,raw_soca_t4_g1_cfar_local,classical_local_cfar_param_sweep,4.0,1.0,,0.002497670784457922,0.002992437473094035,210
combined,0.003,raw_soca_t4_g2_cfar_local,classical_local_cfar_param_sweep,4.0,2.0,,0.0090692286148032,0.002992437473094035,210
combined,0.003,raw_soca_t6_g1_cfar_local,classical_local_cfar_param_sweep,6.0,1.0,,0.002497670784457922,0.002992437473094035,210
combined,0.003,raw_soca_t6_g2_cfar_local,classical_local_cfar_param_sweep,6.0,2.0,,0.0090692286148032,0.002992437473094035,210
combined,0.003,raw_soca_t8_g1_cfar_local,classical_local_cfar_param_sweep,8.0,1.0,,0.002497670784457922,0.002992437473094035,210
combined,0.003,raw_soca_t8_g2_cfar_local,classical_local_cfar_param_sweep,8.0,2.0,,0.0090692286148032,0.002992437473094035,210
combined,0.003,tpsscs_finished_detector,proposed,,,,0.813040071150322,0.002992437473094035,210
combined,0.01,low_rank_residual_k30_ca_t4_g1_cfar_local,classical_local_cfar_param_sweep,4.0,1.0,,0.8348959992157658,0.009992820396478995,210
combined,0.01,low_rank_residual_k30_ca_t4_g2_cfar_local,classical_local_cfar_param_sweep,4.0,2.0,,0.8390165948937128,0.009992820396478995,210
combined,0.01,low_rank_residual_k30_ca_t6_g1_cfar_local,classical_local_cfar_param_sweep,6.0,1.0,,0.8408913947172495,0.009992820396478995,210
combined,0.01,low_rank_residual_k30_ca_t6_g2_cfar_local,classical_local_cfar_param_sweep,6.0,2.0,,0.8430329891185718,0.009992820396478995,210
combined,0.01,low_rank_residual_k30_ca_t8_g1_cfar_local,classical_local_cfar_param_sweep,8.0,1.0,,0.842087087666816,0.009992820396478995,210
combined,0.01,low_rank_residual_k30_ca_t8_g2_cfar_local,classical_local_cfar_param_sweep,8.0,2.0,,0.8430725512412949,0.009992820396478995,210
combined,0.01,low_rank_residual_k30_global_topk,global,,,,0.8388051850294409,0.009992820396478995,210
combined,0.01,low_rank_residual_k30_goca_t4_g1_cfar_local,classical_local_cfar_param_sweep,4.0,1.0,,0.8198852224611872,0.009992820396478995,210
combined,0.01,low_rank_residual_k30_goca_t4_g2_cfar_local,classical_local_cfar_param_sweep,4.0,2.0,,0.8256739724976856,0.009992820396478995,210
combined,0.01,low_rank_residual_k30_goca_t6_g1_cfar_local,classical_local_cfar_param_sweep,6.0,1.0,,0.8281910417455122,0.009992820396478995,210
combined,0.01,low_rank_residual_k30_goca_t6_g2_cfar_local,classical_local_cfar_param_sweep,6.0,2.0,,0.8331140111360165,0.009992820396478995,210
combined,0.01,low_rank_residual_k30_goca_t8_g1_cfar_local,classical_local_cfar_param_sweep,8.0,1.0,,0.8354545719413601,0.009992820396478995,210
combined,0.01,low_rank_residual_k30_goca_t8_g2_cfar_local,classical_local_cfar_param_sweep,8.0,2.0,,0.8367750224051447,0.009992820396478995,210
combined,0.01,low_rank_residual_k30_os60_t4_g1_cfar_local,classical_local_cfar_param_sweep,4.0,1.0,60.0,0.8451790420812346,0.009992820396478995,210
combined,0.01,low_rank_residual_k30_os60_t4_g2_cfar_local,classical_local_cfar_param_sweep,4.0,2.0,60.0,0.8469689487468062,0.009992820396478995,210
combined,0.01,low_rank_residual_k30_os60_t6_g1_cfar_local,classical_local_cfar_param_sweep,6.0,1.0,60.0,0.847488380547397,0.009992820396478995,210
combined,0.01,low_rank_residual_k30_os60_t6_g2_cfar_local,classical_local_cfar_param_sweep,6.0,2.0,60.0,0.8481027045994803,0.009992820396478995,210
combined,0.01,low_rank_residual_k30_os60_t8_g1_cfar_local,classical_local_cfar_param_sweep,8.0,1.0,60.0,0.849209476187787,0.009992820396478995,210
combined,0.01,low_rank_residual_k30_os60_t8_g2_cfar_local,classical_local_cfar_param_sweep,8.0,2.0,60.0,0.8500169176388114,0.009992820396478995,210
combined,0.01,low_rank_residual_k30_os75_t4_g1_cfar_local,classical_local_cfar_param_sweep,4.0,1.0,75.0,0.8424377835404132,0.009992820396478995,210
combined,0.01,low_rank_residual_k30_os75_t4_g2_cfar_local,classical_local_cfar_param_sweep,4.0,2.0,75.0,0.845483239546922,0.009992820396478995,210
combined,0.01,low_rank_residual_k30_os75_t6_g1_cfar_local,classical_local_cfar_param_sweep,6.0,1.0,75.0,0.8458766696596154,0.009992820396478995,210
combined,0.01,low_rank_residual_k30_os75_t6_g2_cfar_local,classical_local_cfar_param_sweep,6.0,2.0,75.0,0.8473335610699323,0.009992820396478995,210
combined,0.01,low_rank_residual_k30_os75_t8_g1_cfar_local,classical_local_cfar_param_sweep,8.0,1.0,75.0,0.8471705262272705,0.009992820396478995,210
combined,0.01,low_rank_residual_k30_os75_t8_g2_cfar_local,classical_local_cfar_param_sweep,8.0,2.0,75.0,0.84804210069022,0.009992820396478995,210
combined,0.01,low_rank_residual_k30_os90_t4_g1_cfar_local,classical_local_cfar_param_sweep,4.0,1.0,90.0,0.8363594122972663,0.009992820396478995,210
combined,0.01,low_rank_residual_k30_os90_t4_g2_cfar_local,classical_local_cfar_param_sweep,4.0,2.0,90.0,0.841108632319016,0.009992820396478995,210
combined,0.01,low_rank_residual_k30_os90_t6_g1_cfar_local,classical_local_cfar_param_sweep,6.0,1.0,90.0,0.842869125890189,0.009992820396478995,210
combined,0.01,low_rank_residual_k30_os90_t6_g2_cfar_local,classical_local_cfar_param_sweep,6.0,2.0,90.0,0.8448150300514251,0.009992820396478995,210
combined,0.01,low_rank_residual_k30_os90_t8_g1_cfar_local,classical_local_cfar_param_sweep,8.0,1.0,90.0,0.8455368700727933,0.009992820396478995,210
combined,0.01,low_rank_residual_k30_os90_t8_g2_cfar_local,classical_local_cfar_param_sweep,8.0,2.0,90.0,0.8458759964064515,0.009992820396478995,210
combined,0.01,low_rank_residual_k30_soca_t4_g1_cfar_local,classical_local_cfar_param_sweep,4.0,1.0,,0.0022470442180418815,0.009992820396478995,210
combined,0.01,low_rank_residual_k30_soca_t4_g2_cfar_local,classical_local_cfar_param_sweep,4.0,2.0,,0.00723678887821029,0.009992820396478995,210
combined,0.01,low_rank_residual_k30_soca_t6_g1_cfar_local,classical_local_cfar_param_sweep,6.0,1.0,,0.0022470442180418815,0.009992820396478995,210
combined,0.01,low_rank_residual_k30_soca_t6_g2_cfar_local,classical_local_cfar_param_sweep,6.0,2.0,,0.00723678887821029,0.009992820396478995,210
combined,0.01,low_rank_residual_k30_soca_t8_g1_cfar_local,classical_local_cfar_param_sweep,8.0,1.0,,0.0022470442180418815,0.009992820396478995,210
combined,0.01,low_rank_residual_k30_soca_t8_g2_cfar_local,classical_local_cfar_param_sweep,8.0,2.0,,0.00723678887821029,0.009992820396478995,210
combined,0.01,raw_ca_t4_g1_cfar_local,classical_local_cfar_param_sweep,4.0,1.0,,0.7888894627777033,0.009992820396478995,210
combined,0.01,raw_ca_t4_g2_cfar_local,classical_local_cfar_param_sweep,4.0,2.0,,0.7895321347659157,0.009992820396478995,210
combined,0.01,raw_ca_t6_g1_cfar_local,classical_local_cfar_param_sweep,6.0,1.0,,0.7972055515259923,0.009992820396478995,210
combined,0.01,raw_ca_t6_g2_cfar_local,classical_local_cfar_param_sweep,6.0,2.0,,0.7887113530798018,0.009992820396478995,210
combined,0.01,raw_ca_t8_g1_cfar_local,classical_local_cfar_param_sweep,8.0,1.0,,0.7923489014667819,0.009992820396478995,210
combined,0.01,raw_ca_t8_g2_cfar_local,classical_local_cfar_param_sweep,8.0,2.0,,0.7806624275428092,0.009992820396478995,210
combined,0.01,raw_global_topk,global,,,,0.6550724312569852,0.009992820396478995,210
combined,0.01,raw_goca_t4_g1_cfar_local,classical_local_cfar_param_sweep,4.0,1.0,,0.7547989966791656,0.009992820396478995,210
combined,0.01,raw_goca_t4_g2_cfar_local,classical_local_cfar_param_sweep,4.0,2.0,,0.7647782245997825,0.009992820396478995,210
combined,0.01,raw_goca_t6_g1_cfar_local,classical_local_cfar_param_sweep,6.0,1.0,,0.7673654899808172,0.009992820396478995,210
combined,0.01,raw_goca_t6_g2_cfar_local,classical_local_cfar_param_sweep,6.0,2.0,,0.7668783456041416,0.009992820396478995,210
combined,0.01,raw_goca_t8_g1_cfar_local,classical_local_cfar_param_sweep,8.0,1.0,,0.7626049607388286,0.009992820396478995,210
combined,0.01,raw_goca_t8_g2_cfar_local,classical_local_cfar_param_sweep,8.0,2.0,,0.7555855974884441,0.009992820396478995,210
combined,0.01,raw_os60_t4_g1_cfar_local,classical_local_cfar_param_sweep,4.0,1.0,60.0,0.8126865806587279,0.009992820396478995,210
combined,0.01,raw_os60_t4_g2_cfar_local,classical_local_cfar_param_sweep,4.0,2.0,60.0,0.7939073434127666,0.009992820396478995,210
combined,0.01,raw_os60_t6_g1_cfar_local,classical_local_cfar_param_sweep,6.0,1.0,60.0,0.7999843975182888,0.009992820396478995,210
combined,0.01,raw_os60_t6_g2_cfar_local,classical_local_cfar_param_sweep,6.0,2.0,60.0,0.7797951969754379,0.009992820396478995,210
combined,0.01,raw_os60_t8_g1_cfar_local,classical_local_cfar_param_sweep,8.0,1.0,60.0,0.7811822932267046,0.009992820396478995,210
combined,0.01,raw_os60_t8_g2_cfar_local,classical_local_cfar_param_sweep,8.0,2.0,60.0,0.7643163133243563,0.009992820396478995,210
combined,0.01,raw_os75_t4_g1_cfar_local,classical_local_cfar_param_sweep,4.0,1.0,75.0,0.8017580035936163,0.009992820396478995,210
combined,0.01,raw_os75_t4_g2_cfar_local,classical_local_cfar_param_sweep,4.0,2.0,75.0,0.7920428839964462,0.009992820396478995,210
combined,0.01,raw_os75_t6_g1_cfar_local,classical_local_cfar_param_sweep,6.0,1.0,75.0,0.8034582540516593,0.009992820396478995,210
combined,0.01,raw_os75_t6_g2_cfar_local,classical_local_cfar_param_sweep,6.0,2.0,75.0,0.7841390698937518,0.009992820396478995,210
combined,0.01,raw_os75_t8_g1_cfar_local,classical_local_cfar_param_sweep,8.0,1.0,75.0,0.7911781292954145,0.009992820396478995,210
combined,0.01,raw_os75_t8_g2_cfar_local,classical_local_cfar_param_sweep,8.0,2.0,75.0,0.774065170239959,0.009992820396478995,210
combined,0.01,raw_os90_t4_g1_cfar_local,classical_local_cfar_param_sweep,4.0,1.0,90.0,0.7734021612775432,0.009992820396478995,210
combined,0.01,raw_os90_t4_g2_cfar_local,classical_local_cfar_param_sweep,4.0,2.0,90.0,0.7775272171705904,0.009992820396478995,210
combined,0.01,raw_os90_t6_g1_cfar_local,classical_local_cfar_param_sweep,6.0,1.0,90.0,0.7871810095589992,0.009992820396478995,210
combined,0.01,raw_os90_t6_g2_cfar_local,classical_local_cfar_param_sweep,6.0,2.0,90.0,0.7892017148893566,0.009992820396478995,210
combined,0.01,raw_os90_t8_g1_cfar_local,classical_local_cfar_param_sweep,8.0,1.0,90.0,0.7948785213654622,0.009992820396478995,210
combined,0.01,raw_os90_t8_g2_cfar_local,classical_local_cfar_param_sweep,8.0,2.0,90.0,0.7876508207001104,0.009992820396478995,210
combined,0.01,raw_soca_t4_g1_cfar_local,classical_local_cfar_param_sweep,4.0,1.0,,0.002497670784457922,0.009992820396478995,210
combined,0.01,raw_soca_t4_g2_cfar_local,classical_local_cfar_param_sweep,4.0,2.0,,0.0090692286148032,0.009992820396478995,210
combined,0.01,raw_soca_t6_g1_cfar_local,classical_local_cfar_param_sweep,6.0,1.0,,0.002497670784457922,0.009992820396478995,210
combined,0.01,raw_soca_t6_g2_cfar_local,classical_local_cfar_param_sweep,6.0,2.0,,0.0090692286148032,0.009992820396478995,210
combined,0.01,raw_soca_t8_g1_cfar_local,classical_local_cfar_param_sweep,8.0,1.0,,0.002497670784457922,0.009992820396478995,210
combined,0.01,raw_soca_t8_g2_cfar_local,classical_local_cfar_param_sweep,8.0,2.0,,0.0090692286148032,0.009992820396478995,210
combined,0.01,tpsscs_finished_detector,proposed,,,,0.8677902575913439,0.009992820396478995,210
