pfa_target,threshold,pd,empirical_pfa,target_count,background_count,max_false_alarms,false_alarms,detections,threshold_policy,asset,image_index,item_id,method,method_family,train_asset,test_asset
1e-05,0.9997256274664175,0.3023255813953488,0.0,43,65493,0,0,13,loso_supervised_tpsscs_feature_hgb_conservative_topk_strict_gt,simWind_test.mat,0,simWind_test.mat#0,loso_supervised_tpsscs_feature_hgb,learned_tpsscs_feature_ensemble,simMed_test.mat,simWind_test.mat
3e-05,0.9996137560725883,0.4883720930232558,1.526880735345762e-05,43,65493,1,1,22,loso_supervised_tpsscs_feature_hgb_conservative_topk_strict_gt,simWind_test.mat,0,simWind_test.mat#0,loso_supervised_tpsscs_feature_hgb,learned_tpsscs_feature_ensemble,simMed_test.mat,simWind_test.mat
0.0001,0.9975414329633825,0.8372093023255814,9.161284412074573e-05,43,65493,6,6,42,loso_supervised_tpsscs_feature_hgb_conservative_topk_strict_gt,simWind_test.mat,0,simWind_test.mat#0,loso_supervised_tpsscs_feature_hgb,learned_tpsscs_feature_ensemble,simMed_test.mat,simWind_test.mat
0.0003,0.9911340851771336,0.8837209302325582,0.0002901073397156948,43,65493,19,19,57,loso_supervised_tpsscs_feature_hgb_conservative_topk_strict_gt,simWind_test.mat,0,simWind_test.mat#0,loso_supervised_tpsscs_feature_hgb,learned_tpsscs_feature_ensemble,simMed_test.mat,simWind_test.mat
0.001,0.895893695105766,0.9534883720930233,0.0009924724779747454,43,65493,65,65,106,loso_supervised_tpsscs_feature_hgb_conservative_topk_strict_gt,simWind_test.mat,0,simWind_test.mat#0,loso_supervised_tpsscs_feature_hgb,learned_tpsscs_feature_ensemble,simMed_test.mat,simWind_test.mat
0.003,0.7725104292758186,0.9534883720930233,0.0029926862412776936,43,65493,196,196,237,loso_supervised_tpsscs_feature_hgb_conservative_topk_strict_gt,simWind_test.mat,0,simWind_test.mat#0,loso_supervised_tpsscs_feature_hgb,learned_tpsscs_feature_ensemble,simMed_test.mat,simWind_test.mat
0.01,0.39943395939565085,0.9767441860465116,0.009985800009161284,43,65493,654,654,696,loso_supervised_tpsscs_feature_hgb_conservative_topk_strict_gt,simWind_test.mat,0,simWind_test.mat#0,loso_supervised_tpsscs_feature_hgb,learned_tpsscs_feature_ensemble,simMed_test.mat,simWind_test.mat
1e-05,0.9995507552181152,0.35714285714285715,0.0,28,65508,0,0,10,loso_supervised_tpsscs_feature_hgb_conservative_topk_strict_gt,simWind_test.mat,3,simWind_test.mat#3,loso_supervised_tpsscs_feature_hgb,learned_tpsscs_feature_ensemble,simMed_test.mat,simWind_test.mat
3e-05,0.9994988973514018,0.39285714285714285,1.526531110704036e-05,28,65508,1,1,12,loso_supervised_tpsscs_feature_hgb_conservative_topk_strict_gt,simWind_test.mat,3,simWind_test.mat#3,loso_supervised_tpsscs_feature_hgb,learned_tpsscs_feature_ensemble,simMed_test.mat,simWind_test.mat
0.0001,0.9974553581694199,0.5714285714285714,9.159186664224217e-05,28,65508,6,6,22,loso_supervised_tpsscs_feature_hgb_conservative_topk_strict_gt,simWind_test.mat,3,simWind_test.mat#3,loso_supervised_tpsscs_feature_hgb,learned_tpsscs_feature_ensemble,simMed_test.mat,simWind_test.mat
0.0003,0.9802256825577144,0.75,0.00029004091103376685,28,65508,19,19,40,loso_supervised_tpsscs_feature_hgb_conservative_topk_strict_gt,simWind_test.mat,3,simWind_test.mat#3,loso_supervised_tpsscs_feature_hgb,learned_tpsscs_feature_ensemble,simMed_test.mat,simWind_test.mat
0.001,0.8851212047202806,0.8214285714285714,0.0009922452219576234,28,65508,65,65,88,loso_supervised_tpsscs_feature_hgb_conservative_topk_strict_gt,simWind_test.mat,3,simWind_test.mat#3,loso_supervised_tpsscs_feature_hgb,learned_tpsscs_feature_ensemble,simMed_test.mat,simWind_test.mat
0.003,0.6762112280554643,0.8571428571428571,0.002992000976979911,28,65508,196,196,220,loso_supervised_tpsscs_feature_hgb_conservative_topk_strict_gt,simWind_test.mat,3,simWind_test.mat#3,loso_supervised_tpsscs_feature_hgb,learned_tpsscs_feature_ensemble,simMed_test.mat,simWind_test.mat
0.01,0.2825476119572471,0.9642857142857143,0.009998778775111437,28,65508,655,655,682,loso_supervised_tpsscs_feature_hgb_conservative_topk_strict_gt,simWind_test.mat,3,simWind_test.mat#3,loso_supervised_tpsscs_feature_hgb,learned_tpsscs_feature_ensemble,simMed_test.mat,simWind_test.mat
1e-05,0.9997006744753074,0.44,0.0,50,65486,0,0,22,loso_supervised_tpsscs_feature_hgb_conservative_topk_strict_gt,simWind_test.mat,7,simWind_test.mat#7,loso_supervised_tpsscs_feature_hgb,learned_tpsscs_feature_ensemble,simMed_test.mat,simWind_test.mat
3e-05,0.9995493484495073,0.66,1.5270439483248328e-05,50,65486,1,1,34,loso_supervised_tpsscs_feature_hgb_conservative_topk_strict_gt,simWind_test.mat,7,simWind_test.mat#7,loso_supervised_tpsscs_feature_hgb,learned_tpsscs_feature_ensemble,simMed_test.mat,simWind_test.mat
0.0001,0.9992123216572334,0.84,9.162263689948997e-05,50,65486,6,6,48,loso_supervised_tpsscs_feature_hgb_conservative_topk_strict_gt,simWind_test.mat,7,simWind_test.mat#7,loso_supervised_tpsscs_feature_hgb,learned_tpsscs_feature_ensemble,simMed_test.mat,simWind_test.mat
0.0003,0.9967369996647506,0.98,0.0002901383501817182,50,65486,19,19,68,loso_supervised_tpsscs_feature_hgb_conservative_topk_strict_gt,simWind_test.mat,7,simWind_test.mat#7,loso_supervised_tpsscs_feature_hgb,learned_tpsscs_feature_ensemble,simMed_test.mat,simWind_test.mat
0.001,0.9432249497713725,1.0,0.0009925785664111413,50,65486,65,65,115,loso_supervised_tpsscs_feature_hgb_conservative_topk_strict_gt,simWind_test.mat,7,simWind_test.mat#7,loso_supervised_tpsscs_feature_hgb,learned_tpsscs_feature_ensemble,simMed_test.mat,simWind_test.mat
0.003,0.773883770260913,1.0,0.002993006138716672,50,65486,196,196,246,loso_supervised_tpsscs_feature_hgb_conservative_topk_strict_gt,simWind_test.mat,7,simWind_test.mat#7,loso_supervised_tpsscs_feature_hgb,learned_tpsscs_feature_ensemble,simMed_test.mat,simWind_test.mat
0.01,0.37704173332099805,1.0,0.009986867422044406,50,65486,654,654,704,loso_supervised_tpsscs_feature_hgb_conservative_topk_strict_gt,simWind_test.mat,7,simWind_test.mat#7,loso_supervised_tpsscs_feature_hgb,learned_tpsscs_feature_ensemble,simMed_test.mat,simWind_test.mat
1e-05,0.9997529209978776,0.25,0.0,24,65512,0,0,6,loso_supervised_tpsscs_feature_hgb_conservative_topk_strict_gt,simWind_test.mat,8,simWind_test.mat#8,loso_supervised_tpsscs_feature_hgb,learned_tpsscs_feature_ensemble,simMed_test.mat,simWind_test.mat
3e-05,0.9995822622901779,0.5416666666666666,1.5264379045060447e-05,24,65512,1,1,14,loso_supervised_tpsscs_feature_hgb_conservative_topk_strict_gt,simWind_test.mat,8,simWind_test.mat#8,loso_supervised_tpsscs_feature_hgb,learned_tpsscs_feature_ensemble,simMed_test.mat,simWind_test.mat
0.0001,0.9985271114886762,0.625,9.158627427036269e-05,24,65512,6,6,21,loso_supervised_tpsscs_feature_hgb_conservative_topk_strict_gt,simWind_test.mat,8,simWind_test.mat#8,loso_supervised_tpsscs_feature_hgb,learned_tpsscs_feature_ensemble,simMed_test.mat,simWind_test.mat
0.0003,0.9930855514367953,0.75,0.0002900232018561485,24,65512,19,19,37,loso_supervised_tpsscs_feature_hgb_conservative_topk_strict_gt,simWind_test.mat,8,simWind_test.mat#8,loso_supervised_tpsscs_feature_hgb,learned_tpsscs_feature_ensemble,simMed_test.mat,simWind_test.mat
0.001,0.931222626931674,0.875,0.000992184637928929,24,65512,65,65,86,loso_supervised_tpsscs_feature_hgb_conservative_topk_strict_gt,simWind_test.mat,8,simWind_test.mat#8,loso_supervised_tpsscs_feature_hgb,learned_tpsscs_feature_ensemble,simMed_test.mat,simWind_test.mat
0.003,0.7000498414137799,0.9583333333333334,0.0029918182928318476,24,65512,196,196,219,loso_supervised_tpsscs_feature_hgb_conservative_topk_strict_gt,simWind_test.mat,8,simWind_test.mat#8,loso_supervised_tpsscs_feature_hgb,learned_tpsscs_feature_ensemble,simMed_test.mat,simWind_test.mat
0.01,0.3011306439896917,0.9583333333333334,0.009998168274514593,24,65512,655,655,678,loso_supervised_tpsscs_feature_hgb_conservative_topk_strict_gt,simWind_test.mat,8,simWind_test.mat#8,loso_supervised_tpsscs_feature_hgb,learned_tpsscs_feature_ensemble,simMed_test.mat,simWind_test.mat
1e-05,0.9997958076690001,0.08695652173913043,0.0,23,65513,0,0,2,loso_supervised_tpsscs_feature_hgb_conservative_topk_strict_gt,simWind_test.mat,9,simWind_test.mat#9,loso_supervised_tpsscs_feature_hgb,learned_tpsscs_feature_ensemble,simMed_test.mat,simWind_test.mat
3e-05,0.999765935106813,0.391304347826087,1.526414604734938e-05,23,65513,1,1,10,loso_supervised_tpsscs_feature_hgb_conservative_topk_strict_gt,simWind_test.mat,9,simWind_test.mat#9,loso_supervised_tpsscs_feature_hgb,learned_tpsscs_feature_ensemble,simMed_test.mat,simWind_test.mat
0.0001,0.9989124882442554,0.9130434782608695,9.158487628409629e-05,23,65513,6,6,27,loso_supervised_tpsscs_feature_hgb_conservative_topk_strict_gt,simWind_test.mat,9,simWind_test.mat#9,loso_supervised_tpsscs_feature_hgb,learned_tpsscs_feature_ensemble,simMed_test.mat,simWind_test.mat
0.0003,0.9840984610698965,0.9130434782608695,0.00029001877489963823,23,65513,19,19,40,loso_supervised_tpsscs_feature_hgb_conservative_topk_strict_gt,simWind_test.mat,9,simWind_test.mat#9,loso_supervised_tpsscs_feature_hgb,learned_tpsscs_feature_ensemble,simMed_test.mat,simWind_test.mat
0.001,0.9024968072354892,0.9565217391304348,0.0009921694930777097,23,65513,65,65,87,loso_supervised_tpsscs_feature_hgb_conservative_topk_strict_gt,simWind_test.mat,9,simWind_test.mat#9,loso_supervised_tpsscs_feature_hgb,learned_tpsscs_feature_ensemble,simMed_test.mat,simWind_test.mat
0.003,0.7146342616728801,1.0,0.0029917726252804786,23,65513,196,196,219,loso_supervised_tpsscs_feature_hgb_conservative_topk_strict_gt,simWind_test.mat,9,simWind_test.mat#9,loso_supervised_tpsscs_feature_hgb,learned_tpsscs_feature_ensemble,simMed_test.mat,simWind_test.mat
0.01,0.32029478019658797,1.0,0.009998015661013845,23,65513,655,655,678,loso_supervised_tpsscs_feature_hgb_conservative_topk_strict_gt,simWind_test.mat,9,simWind_test.mat#9,loso_supervised_tpsscs_feature_hgb,learned_tpsscs_feature_ensemble,simMed_test.mat,simWind_test.mat
1e-05,0.9997603224227866,0.3103448275862069,0.0,58,65478,0,0,18,loso_supervised_tpsscs_feature_hgb_conservative_topk_strict_gt,simWind_test.mat,11,simWind_test.mat#11,loso_supervised_tpsscs_feature_hgb,learned_tpsscs_feature_ensemble,simMed_test.mat,simWind_test.mat
3e-05,0.9997593307417416,0.3103448275862069,1.527230520174715e-05,58,65478,1,1,19,loso_supervised_tpsscs_feature_hgb_conservative_topk_strict_gt,simWind_test.mat,11,simWind_test.mat#11,loso_supervised_tpsscs_feature_hgb,learned_tpsscs_feature_ensemble,simMed_test.mat,simWind_test.mat
0.0001,0.9993249812451468,0.7413793103448276,9.163383121048291e-05,58,65478,6,6,49,loso_supervised_tpsscs_feature_hgb_conservative_topk_strict_gt,simWind_test.mat,11,simWind_test.mat#11,loso_supervised_tpsscs_feature_hgb,learned_tpsscs_feature_ensemble,simMed_test.mat,simWind_test.mat
0.0003,0.9976298503119805,0.8793103448275862,0.0002901737988331959,58,65478,19,19,70,loso_supervised_tpsscs_feature_hgb_conservative_topk_strict_gt,simWind_test.mat,11,simWind_test.mat#11,loso_supervised_tpsscs_feature_hgb,learned_tpsscs_feature_ensemble,simMed_test.mat,simWind_test.mat
0.001,0.9513593971225873,0.9827586206896551,0.0009926998381135648,58,65478,65,65,122,loso_supervised_tpsscs_feature_hgb_conservative_topk_strict_gt,simWind_test.mat,11,simWind_test.mat#11,loso_supervised_tpsscs_feature_hgb,learned_tpsscs_feature_ensemble,simMed_test.mat,simWind_test.mat
0.003,0.7850188381511077,1.0,0.0029933718195424416,58,65478,196,196,254,loso_supervised_tpsscs_feature_hgb_conservative_topk_strict_gt,simWind_test.mat,11,simWind_test.mat#11,loso_supervised_tpsscs_feature_hgb,learned_tpsscs_feature_ensemble,simMed_test.mat,simWind_test.mat
0.01,0.40748437396180875,1.0,0.009988087601942638,58,65478,654,654,712,loso_supervised_tpsscs_feature_hgb_conservative_topk_strict_gt,simWind_test.mat,11,simWind_test.mat#11,loso_supervised_tpsscs_feature_hgb,learned_tpsscs_feature_ensemble,simMed_test.mat,simWind_test.mat
1e-05,0.999698921473376,0.24561403508771928,0.0,57,65479,0,0,14,loso_supervised_tpsscs_feature_hgb_conservative_topk_strict_gt,simWind_test.mat,12,simWind_test.mat#12,loso_supervised_tpsscs_feature_hgb,learned_tpsscs_feature_ensemble,simMed_test.mat,simWind_test.mat
3e-05,0.999696108589893,0.24561403508771928,1.5272071962003084e-05,57,65479,1,1,15,loso_supervised_tpsscs_feature_hgb_conservative_topk_strict_gt,simWind_test.mat,12,simWind_test.mat#12,loso_supervised_tpsscs_feature_hgb,learned_tpsscs_feature_ensemble,simMed_test.mat,simWind_test.mat
0.0001,0.9990470124794514,0.45614035087719296,9.163243177201851e-05,57,65479,6,6,32,loso_supervised_tpsscs_feature_hgb_conservative_topk_strict_gt,simWind_test.mat,12,simWind_test.mat#12,loso_supervised_tpsscs_feature_hgb,learned_tpsscs_feature_ensemble,simMed_test.mat,simWind_test.mat
0.0003,0.9961792637709678,0.5789473684210527,0.0002901693672780586,57,65479,19,19,52,loso_supervised_tpsscs_feature_hgb_conservative_topk_strict_gt,simWind_test.mat,12,simWind_test.mat#12,loso_supervised_tpsscs_feature_hgb,learned_tpsscs_feature_ensemble,simMed_test.mat,simWind_test.mat
0.001,0.9144832888512303,0.8070175438596491,0.0009926846775302005,57,65479,65,65,111,loso_supervised_tpsscs_feature_hgb_conservative_topk_strict_gt,simWind_test.mat,12,simWind_test.mat#12,loso_supervised_tpsscs_feature_hgb,learned_tpsscs_feature_ensemble,simMed_test.mat,simWind_test.mat
0.003,0.653214370405745,0.9122807017543859,0.0029933261045526046,57,65479,196,196,248,loso_supervised_tpsscs_feature_hgb_conservative_topk_strict_gt,simWind_test.mat,12,simWind_test.mat#12,loso_supervised_tpsscs_feature_hgb,learned_tpsscs_feature_ensemble,simMed_test.mat,simWind_test.mat
0.01,0.20496834630899086,0.9649122807017544,0.009987935063150018,57,65479,654,654,709,loso_supervised_tpsscs_feature_hgb_conservative_topk_strict_gt,simWind_test.mat,12,simWind_test.mat#12,loso_supervised_tpsscs_feature_hgb,learned_tpsscs_feature_ensemble,simMed_test.mat,simWind_test.mat
1e-05,0.9989478746595442,0.5882352941176471,0.0,17,65519,0,0,10,loso_supervised_tpsscs_feature_hgb_conservative_topk_strict_gt,simWind_test.mat,13,simWind_test.mat#13,loso_supervised_tpsscs_feature_hgb,learned_tpsscs_feature_ensemble,simMed_test.mat,simWind_test.mat
3e-05,0.9946553944480769,0.7058823529411765,1.526274821044277e-05,17,65519,1,1,13,loso_supervised_tpsscs_feature_hgb_conservative_topk_strict_gt,simWind_test.mat,13,simWind_test.mat#13,loso_supervised_tpsscs_feature_hgb,learned_tpsscs_feature_ensemble,simMed_test.mat,simWind_test.mat
0.0001,0.9841489436489599,0.7058823529411765,9.157648926265664e-05,17,65519,6,6,18,loso_supervised_tpsscs_feature_hgb_conservative_topk_strict_gt,simWind_test.mat,13,simWind_test.mat#13,loso_supervised_tpsscs_feature_hgb,learned_tpsscs_feature_ensemble,simMed_test.mat,simWind_test.mat
0.0003,0.9502939950228358,0.7647058823529411,0.00028999221599841266,17,65519,19,19,32,loso_supervised_tpsscs_feature_hgb_conservative_topk_strict_gt,simWind_test.mat,13,simWind_test.mat#13,loso_supervised_tpsscs_feature_hgb,learned_tpsscs_feature_ensemble,simMed_test.mat,simWind_test.mat
0.001,0.8341001862942008,0.7647058823529411,0.0009920786336787802,17,65519,65,65,78,loso_supervised_tpsscs_feature_hgb_conservative_topk_strict_gt,simWind_test.mat,13,simWind_test.mat#13,loso_supervised_tpsscs_feature_hgb,learned_tpsscs_feature_ensemble,simMed_test.mat,simWind_test.mat
0.003,0.5240875433123016,0.8235294117647058,0.0029914986492467835,17,65519,196,196,210,loso_supervised_tpsscs_feature_hgb_conservative_topk_strict_gt,simWind_test.mat,13,simWind_test.mat#13,loso_supervised_tpsscs_feature_hgb,learned_tpsscs_feature_ensemble,simMed_test.mat,simWind_test.mat
0.01,0.19481938306907617,1.0,0.009997100077840016,17,65519,655,655,672,loso_supervised_tpsscs_feature_hgb_conservative_topk_strict_gt,simWind_test.mat,13,simWind_test.mat#13,loso_supervised_tpsscs_feature_hgb,learned_tpsscs_feature_ensemble,simMed_test.mat,simWind_test.mat
1e-05,0.9995863755118389,0.43333333333333335,0.0,30,65506,0,0,13,loso_supervised_tpsscs_feature_hgb_conservative_topk_strict_gt,simWind_test.mat,14,simWind_test.mat#14,loso_supervised_tpsscs_feature_hgb,learned_tpsscs_feature_ensemble,simMed_test.mat,simWind_test.mat
3e-05,0.9995386524569554,0.4666666666666667,1.526577718071627e-05,30,65506,1,1,15,loso_supervised_tpsscs_feature_hgb_conservative_topk_strict_gt,simWind_test.mat,14,simWind_test.mat#14,loso_supervised_tpsscs_feature_hgb,learned_tpsscs_feature_ensemble,simMed_test.mat,simWind_test.mat
0.0001,0.9990056337356961,0.6,9.159466308429762e-05,30,65506,6,6,24,loso_supervised_tpsscs_feature_hgb_conservative_topk_strict_gt,simWind_test.mat,14,simWind_test.mat#14,loso_supervised_tpsscs_feature_hgb,learned_tpsscs_feature_ensemble,simMed_test.mat,simWind_test.mat
0.0003,0.9912913423814768,0.6333333333333333,0.00029004976643360914,30,65506,19,19,38,loso_supervised_tpsscs_feature_hgb_conservative_topk_strict_gt,simWind_test.mat,14,simWind_test.mat#14,loso_supervised_tpsscs_feature_hgb,learned_tpsscs_feature_ensemble,simMed_test.mat,simWind_test.mat
0.001,0.9172494438280308,0.7666666666666667,0.0009922755167465576,30,65506,65,65,88,loso_supervised_tpsscs_feature_hgb_conservative_topk_strict_gt,simWind_test.mat,14,simWind_test.mat#14,loso_supervised_tpsscs_feature_hgb,learned_tpsscs_feature_ensemble,simMed_test.mat,simWind_test.mat
0.003,0.749668962940961,0.7666666666666667,0.002992092327420389,30,65506,196,196,219,loso_supervised_tpsscs_feature_hgb_conservative_topk_strict_gt,simWind_test.mat,14,simWind_test.mat#14,loso_supervised_tpsscs_feature_hgb,learned_tpsscs_feature_ensemble,simMed_test.mat,simWind_test.mat
0.01,0.349005076278952,0.9333333333333333,0.009999084053369156,30,65506,655,655,683,loso_supervised_tpsscs_feature_hgb_conservative_topk_strict_gt,simWind_test.mat,14,simWind_test.mat#14,loso_supervised_tpsscs_feature_hgb,learned_tpsscs_feature_ensemble,simMed_test.mat,simWind_test.mat
1e-05,0.9997434896163773,0.18604651162790697,0.0,43,65493,0,0,8,loso_supervised_tpsscs_feature_hgb_conservative_topk_strict_gt,simWind_test.mat,15,simWind_test.mat#15,loso_supervised_tpsscs_feature_hgb,learned_tpsscs_feature_ensemble,simMed_test.mat,simWind_test.mat
3e-05,0.9996852511456161,0.2558139534883721,1.526880735345762e-05,43,65493,1,1,12,loso_supervised_tpsscs_feature_hgb_conservative_topk_strict_gt,simWind_test.mat,15,simWind_test.mat#15,loso_supervised_tpsscs_feature_hgb,learned_tpsscs_feature_ensemble,simMed_test.mat,simWind_test.mat
0.0001,0.9993938508929949,0.3953488372093023,9.161284412074573e-05,43,65493,6,6,23,loso_supervised_tpsscs_feature_hgb_conservative_topk_strict_gt,simWind_test.mat,15,simWind_test.mat#15,loso_supervised_tpsscs_feature_hgb,learned_tpsscs_feature_ensemble,simMed_test.mat,simWind_test.mat
0.0003,0.99032512413772,0.6976744186046512,0.0002901073397156948,43,65493,19,19,49,loso_supervised_tpsscs_feature_hgb_conservative_topk_strict_gt,simWind_test.mat,15,simWind_test.mat#15,loso_supervised_tpsscs_feature_hgb,learned_tpsscs_feature_ensemble,simMed_test.mat,simWind_test.mat
0.001,0.9377460309241004,0.8372093023255814,0.0009924724779747454,43,65493,65,65,101,loso_supervised_tpsscs_feature_hgb_conservative_topk_strict_gt,simWind_test.mat,15,simWind_test.mat#15,loso_supervised_tpsscs_feature_hgb,learned_tpsscs_feature_ensemble,simMed_test.mat,simWind_test.mat
0.003,0.7736891385211883,0.9069767441860465,0.0029926862412776936,43,65493,196,196,235,loso_supervised_tpsscs_feature_hgb_conservative_topk_strict_gt,simWind_test.mat,15,simWind_test.mat#15,loso_supervised_tpsscs_feature_hgb,learned_tpsscs_feature_ensemble,simMed_test.mat,simWind_test.mat
0.01,0.38789731217175716,0.9767441860465116,0.009985800009161284,43,65493,654,654,696,loso_supervised_tpsscs_feature_hgb_conservative_topk_strict_gt,simWind_test.mat,15,simWind_test.mat#15,loso_supervised_tpsscs_feature_hgb,learned_tpsscs_feature_ensemble,simMed_test.mat,simWind_test.mat
1e-05,0.9995167379225687,0.7391304347826086,0.0,23,65513,0,0,17,loso_supervised_tpsscs_feature_hgb_conservative_topk_strict_gt,simWind_test.mat,16,simWind_test.mat#16,loso_supervised_tpsscs_feature_hgb,learned_tpsscs_feature_ensemble,simMed_test.mat,simWind_test.mat
3e-05,0.999515323892466,0.7391304347826086,1.526414604734938e-05,23,65513,1,1,18,loso_supervised_tpsscs_feature_hgb_conservative_topk_strict_gt,simWind_test.mat,16,simWind_test.mat#16,loso_supervised_tpsscs_feature_hgb,learned_tpsscs_feature_ensemble,simMed_test.mat,simWind_test.mat
0.0001,0.9980698677706195,0.782608695652174,9.158487628409629e-05,23,65513,6,6,24,loso_supervised_tpsscs_feature_hgb_conservative_topk_strict_gt,simWind_test.mat,16,simWind_test.mat#16,loso_supervised_tpsscs_feature_hgb,learned_tpsscs_feature_ensemble,simMed_test.mat,simWind_test.mat
0.0003,0.9644151648338696,0.9130434782608695,0.00029001877489963823,23,65513,19,19,40,loso_supervised_tpsscs_feature_hgb_conservative_topk_strict_gt,simWind_test.mat,16,simWind_test.mat#16,loso_supervised_tpsscs_feature_hgb,learned_tpsscs_feature_ensemble,simMed_test.mat,simWind_test.mat
0.001,0.8417725735183598,0.9565217391304348,0.0009921694930777097,23,65513,65,65,87,loso_supervised_tpsscs_feature_hgb_conservative_topk_strict_gt,simWind_test.mat,16,simWind_test.mat#16,loso_supervised_tpsscs_feature_hgb,learned_tpsscs_feature_ensemble,simMed_test.mat,simWind_test.mat
0.003,0.6124282920613168,0.9565217391304348,0.0029917726252804786,23,65513,196,196,218,loso_supervised_tpsscs_feature_hgb_conservative_topk_strict_gt,simWind_test.mat,16,simWind_test.mat#16,loso_supervised_tpsscs_feature_hgb,learned_tpsscs_feature_ensemble,simMed_test.mat,simWind_test.mat
0.01,0.23298767848721422,0.9565217391304348,0.009998015661013845,23,65513,655,655,677,loso_supervised_tpsscs_feature_hgb_conservative_topk_strict_gt,simWind_test.mat,16,simWind_test.mat#16,loso_supervised_tpsscs_feature_hgb,learned_tpsscs_feature_ensemble,simMed_test.mat,simWind_test.mat
1e-05,0.9997906544020543,0.1724137931034483,0.0,29,65507,0,0,5,loso_supervised_tpsscs_feature_hgb_conservative_topk_strict_gt,simWind_test.mat,17,simWind_test.mat#17,loso_supervised_tpsscs_feature_hgb,learned_tpsscs_feature_ensemble,simMed_test.mat,simWind_test.mat
3e-05,0.9997531356044748,0.20689655172413793,1.5265544140320883e-05,29,65507,1,1,7,loso_supervised_tpsscs_feature_hgb_conservative_topk_strict_gt,simWind_test.mat,17,simWind_test.mat#17,loso_supervised_tpsscs_feature_hgb,learned_tpsscs_feature_ensemble,simMed_test.mat,simWind_test.mat
0.0001,0.9986692551568686,0.7931034482758621,9.159326484192529e-05,29,65507,6,6,29,loso_supervised_tpsscs_feature_hgb_conservative_topk_strict_gt,simWind_test.mat,17,simWind_test.mat#17,loso_supervised_tpsscs_feature_hgb,learned_tpsscs_feature_ensemble,simMed_test.mat,simWind_test.mat
0.0003,0.9774817148678553,0.7931034482758621,0.00029004533866609675,29,65507,19,19,42,loso_supervised_tpsscs_feature_hgb_conservative_topk_strict_gt,simWind_test.mat,17,simWind_test.mat#17,loso_supervised_tpsscs_feature_hgb,learned_tpsscs_feature_ensemble,simMed_test.mat,simWind_test.mat
0.001,0.8324222052137825,0.8620689655172413,0.0009922603691208574,29,65507,65,65,90,loso_supervised_tpsscs_feature_hgb_conservative_topk_strict_gt,simWind_test.mat,17,simWind_test.mat#17,loso_supervised_tpsscs_feature_hgb,learned_tpsscs_feature_ensemble,simMed_test.mat,simWind_test.mat
0.003,0.46376794990681103,0.896551724137931,0.002992046651502893,29,65507,196,196,222,loso_supervised_tpsscs_feature_hgb_conservative_topk_strict_gt,simWind_test.mat,17,simWind_test.mat#17,loso_supervised_tpsscs_feature_hgb,learned_tpsscs_feature_ensemble,simMed_test.mat,simWind_test.mat
0.01,0.14621355270637845,0.9310344827586207,0.009998931411910177,29,65507,655,655,682,loso_supervised_tpsscs_feature_hgb_conservative_topk_strict_gt,simWind_test.mat,17,simWind_test.mat#17,loso_supervised_tpsscs_feature_hgb,learned_tpsscs_feature_ensemble,simMed_test.mat,simWind_test.mat
1e-05,0.9996565536128827,0.6730769230769231,0.0,52,65484,0,0,35,loso_supervised_tpsscs_feature_hgb_conservative_topk_strict_gt,simWind_test.mat,18,simWind_test.mat#18,loso_supervised_tpsscs_feature_hgb,learned_tpsscs_feature_ensemble,simMed_test.mat,simWind_test.mat
3e-05,0.9996277958382015,0.6923076923076923,1.5270905870136215e-05,52,65484,1,1,37,loso_supervised_tpsscs_feature_hgb_conservative_topk_strict_gt,simWind_test.mat,18,simWind_test.mat#18,loso_supervised_tpsscs_feature_hgb,learned_tpsscs_feature_ensemble,simMed_test.mat,simWind_test.mat
0.0001,0.999216228021088,0.8846153846153846,9.16254352208173e-05,52,65484,6,6,52,loso_supervised_tpsscs_feature_hgb_conservative_topk_strict_gt,simWind_test.mat,18,simWind_test.mat#18,loso_supervised_tpsscs_feature_hgb,learned_tpsscs_feature_ensemble,simMed_test.mat,simWind_test.mat
0.0003,0.9933681987912625,0.9423076923076923,0.0002901472115325881,52,65484,19,19,68,loso_supervised_tpsscs_feature_hgb_conservative_topk_strict_gt,simWind_test.mat,18,simWind_test.mat#18,loso_supervised_tpsscs_feature_hgb,learned_tpsscs_feature_ensemble,simMed_test.mat,simWind_test.mat
0.001,0.9350332284406304,0.9807692307692307,0.000992608881558854,52,65484,65,65,116,loso_supervised_tpsscs_feature_hgb_conservative_topk_strict_gt,simWind_test.mat,18,simWind_test.mat#18,loso_supervised_tpsscs_feature_hgb,learned_tpsscs_feature_ensemble,simMed_test.mat,simWind_test.mat
0.003,0.751042024271103,1.0,0.0029930975505466986,52,65484,196,196,248,loso_supervised_tpsscs_feature_hgb_conservative_topk_strict_gt,simWind_test.mat,18,simWind_test.mat#18,loso_supervised_tpsscs_feature_hgb,learned_tpsscs_feature_ensemble,simMed_test.mat,simWind_test.mat
0.01,0.40773359754359634,1.0,0.009987172439069086,52,65484,654,654,706,loso_supervised_tpsscs_feature_hgb_conservative_topk_strict_gt,simWind_test.mat,18,simWind_test.mat#18,loso_supervised_tpsscs_feature_hgb,learned_tpsscs_feature_ensemble,simMed_test.mat,simWind_test.mat
1e-05,0.9997097555851955,0.7083333333333334,0.0,24,65512,0,0,17,loso_supervised_tpsscs_feature_hgb_conservative_topk_strict_gt,simWind_test.mat,19,simWind_test.mat#19,loso_supervised_tpsscs_feature_hgb,learned_tpsscs_feature_ensemble,simMed_test.mat,simWind_test.mat
3e-05,0.9996811077617489,0.7083333333333334,1.5264379045060447e-05,24,65512,1,1,18,loso_supervised_tpsscs_feature_hgb_conservative_topk_strict_gt,simWind_test.mat,19,simWind_test.mat#19,loso_supervised_tpsscs_feature_hgb,learned_tpsscs_feature_ensemble,simMed_test.mat,simWind_test.mat
0.0001,0.9990134589517597,0.9583333333333334,9.158627427036269e-05,24,65512,6,6,29,loso_supervised_tpsscs_feature_hgb_conservative_topk_strict_gt,simWind_test.mat,19,simWind_test.mat#19,loso_supervised_tpsscs_feature_hgb,learned_tpsscs_feature_ensemble,simMed_test.mat,simWind_test.mat
0.0003,0.9897633817971245,1.0,0.0002900232018561485,24,65512,19,19,43,loso_supervised_tpsscs_feature_hgb_conservative_topk_strict_gt,simWind_test.mat,19,simWind_test.mat#19,loso_supervised_tpsscs_feature_hgb,learned_tpsscs_feature_ensemble,simMed_test.mat,simWind_test.mat
0.001,0.9061256017960144,1.0,0.000992184637928929,24,65512,65,65,89,loso_supervised_tpsscs_feature_hgb_conservative_topk_strict_gt,simWind_test.mat,19,simWind_test.mat#19,loso_supervised_tpsscs_feature_hgb,learned_tpsscs_feature_ensemble,simMed_test.mat,simWind_test.mat
0.003,0.7463295488942759,1.0,0.0029918182928318476,24,65512,196,196,220,loso_supervised_tpsscs_feature_hgb_conservative_topk_strict_gt,simWind_test.mat,19,simWind_test.mat#19,loso_supervised_tpsscs_feature_hgb,learned_tpsscs_feature_ensemble,simMed_test.mat,simWind_test.mat
0.01,0.33992597317313605,1.0,0.009998168274514593,24,65512,655,655,679,loso_supervised_tpsscs_feature_hgb_conservative_topk_strict_gt,simWind_test.mat,19,simWind_test.mat#19,loso_supervised_tpsscs_feature_hgb,learned_tpsscs_feature_ensemble,simMed_test.mat,simWind_test.mat
1e-05,0.9997594309172402,0.0,0.0,24,65512,0,0,0,loso_supervised_tpsscs_feature_hgb_conservative_topk_strict_gt,simWind_test.mat,20,simWind_test.mat#20,loso_supervised_tpsscs_feature_hgb,learned_tpsscs_feature_ensemble,simMed_test.mat,simWind_test.mat
3e-05,0.9996892674424257,0.25,1.5264379045060447e-05,24,65512,1,1,7,loso_supervised_tpsscs_feature_hgb_conservative_topk_strict_gt,simWind_test.mat,20,simWind_test.mat#20,loso_supervised_tpsscs_feature_hgb,learned_tpsscs_feature_ensemble,simMed_test.mat,simWind_test.mat
0.0001,0.9950976466772314,0.625,9.158627427036269e-05,24,65512,6,6,21,loso_supervised_tpsscs_feature_hgb_conservative_topk_strict_gt,simWind_test.mat,20,simWind_test.mat#20,loso_supervised_tpsscs_feature_hgb,learned_tpsscs_feature_ensemble,simMed_test.mat,simWind_test.mat
0.0003,0.9458801050971065,0.7083333333333334,0.0002900232018561485,24,65512,19,19,36,loso_supervised_tpsscs_feature_hgb_conservative_topk_strict_gt,simWind_test.mat,20,simWind_test.mat#20,loso_supervised_tpsscs_feature_hgb,learned_tpsscs_feature_ensemble,simMed_test.mat,simWind_test.mat
0.001,0.7930774838363196,0.7083333333333334,0.000992184637928929,24,65512,65,65,82,loso_supervised_tpsscs_feature_hgb_conservative_topk_strict_gt,simWind_test.mat,20,simWind_test.mat#20,loso_supervised_tpsscs_feature_hgb,learned_tpsscs_feature_ensemble,simMed_test.mat,simWind_test.mat
0.003,0.4782219812331587,0.8333333333333334,0.0029918182928318476,24,65512,196,196,216,loso_supervised_tpsscs_feature_hgb_conservative_topk_strict_gt,simWind_test.mat,20,simWind_test.mat#20,loso_supervised_tpsscs_feature_hgb,learned_tpsscs_feature_ensemble,simMed_test.mat,simWind_test.mat
0.01,0.1769570978661151,0.875,0.009998168274514593,24,65512,655,655,676,loso_supervised_tpsscs_feature_hgb_conservative_topk_strict_gt,simWind_test.mat,20,simWind_test.mat#20,loso_supervised_tpsscs_feature_hgb,learned_tpsscs_feature_ensemble,simMed_test.mat,simWind_test.mat
1e-05,0.9996210720055894,0.6470588235294118,0.0,17,65519,0,0,11,loso_supervised_tpsscs_feature_hgb_conservative_topk_strict_gt,simWind_test.mat,21,simWind_test.mat#21,loso_supervised_tpsscs_feature_hgb,learned_tpsscs_feature_ensemble,simMed_test.mat,simWind_test.mat
3e-05,0.9995796181640549,0.6470588235294118,1.526274821044277e-05,17,65519,1,1,12,loso_supervised_tpsscs_feature_hgb_conservative_topk_strict_gt,simWind_test.mat,21,simWind_test.mat#21,loso_supervised_tpsscs_feature_hgb,learned_tpsscs_feature_ensemble,simMed_test.mat,simWind_test.mat
0.0001,0.995045660196735,0.9411764705882353,9.157648926265664e-05,17,65519,6,6,22,loso_supervised_tpsscs_feature_hgb_conservative_topk_strict_gt,simWind_test.mat,21,simWind_test.mat#21,loso_supervised_tpsscs_feature_hgb,learned_tpsscs_feature_ensemble,simMed_test.mat,simWind_test.mat
0.0003,0.937371189156967,0.9411764705882353,0.00028999221599841266,17,65519,19,19,35,loso_supervised_tpsscs_feature_hgb_conservative_topk_strict_gt,simWind_test.mat,21,simWind_test.mat#21,loso_supervised_tpsscs_feature_hgb,learned_tpsscs_feature_ensemble,simMed_test.mat,simWind_test.mat
0.001,0.7655460091266539,0.9411764705882353,0.0009920786336787802,17,65519,65,65,81,loso_supervised_tpsscs_feature_hgb_conservative_topk_strict_gt,simWind_test.mat,21,simWind_test.mat#21,loso_supervised_tpsscs_feature_hgb,learned_tpsscs_feature_ensemble,simMed_test.mat,simWind_test.mat
0.003,0.4818451284285242,0.9411764705882353,0.0029914986492467835,17,65519,196,196,212,loso_supervised_tpsscs_feature_hgb_conservative_topk_strict_gt,simWind_test.mat,21,simWind_test.mat#21,loso_supervised_tpsscs_feature_hgb,learned_tpsscs_feature_ensemble,simMed_test.mat,simWind_test.mat
0.01,0.1887636817317578,1.0,0.009997100077840016,17,65519,655,655,672,loso_supervised_tpsscs_feature_hgb_conservative_topk_strict_gt,simWind_test.mat,21,simWind_test.mat#21,loso_supervised_tpsscs_feature_hgb,learned_tpsscs_feature_ensemble,simMed_test.mat,simWind_test.mat
1e-05,0.9993595592678729,0.46153846153846156,0.0,52,65484,0,0,24,loso_supervised_tpsscs_feature_hgb_conservative_topk_strict_gt,simWind_test.mat,22,simWind_test.mat#22,loso_supervised_tpsscs_feature_hgb,learned_tpsscs_feature_ensemble,simMed_test.mat,simWind_test.mat
3e-05,0.9993000452642965,0.46153846153846156,1.5270905870136215e-05,52,65484,1,1,25,loso_supervised_tpsscs_feature_hgb_conservative_topk_strict_gt,simWind_test.mat,22,simWind_test.mat#22,loso_supervised_tpsscs_feature_hgb,learned_tpsscs_feature_ensemble,simMed_test.mat,simWind_test.mat
0.0001,0.9987261618484173,0.5192307692307693,9.16254352208173e-05,52,65484,6,6,33,loso_supervised_tpsscs_feature_hgb_conservative_topk_strict_gt,simWind_test.mat,22,simWind_test.mat#22,loso_supervised_tpsscs_feature_hgb,learned_tpsscs_feature_ensemble,simMed_test.mat,simWind_test.mat
0.0003,0.9923940810959206,0.6730769230769231,0.0002901472115325881,52,65484,19,19,54,loso_supervised_tpsscs_feature_hgb_conservative_topk_strict_gt,simWind_test.mat,22,simWind_test.mat#22,loso_supervised_tpsscs_feature_hgb,learned_tpsscs_feature_ensemble,simMed_test.mat,simWind_test.mat
0.001,0.9271877230722827,0.8653846153846154,0.000992608881558854,52,65484,65,65,110,loso_supervised_tpsscs_feature_hgb_conservative_topk_strict_gt,simWind_test.mat,22,simWind_test.mat#22,loso_supervised_tpsscs_feature_hgb,learned_tpsscs_feature_ensemble,simMed_test.mat,simWind_test.mat
0.003,0.6477879154379155,0.9230769230769231,0.0029930975505466986,52,65484,196,196,244,loso_supervised_tpsscs_feature_hgb_conservative_topk_strict_gt,simWind_test.mat,22,simWind_test.mat#22,loso_supervised_tpsscs_feature_hgb,learned_tpsscs_feature_ensemble,simMed_test.mat,simWind_test.mat
0.01,0.25896276964639575,0.9807692307692307,0.009987172439069086,52,65484,654,654,705,loso_supervised_tpsscs_feature_hgb_conservative_topk_strict_gt,simWind_test.mat,22,simWind_test.mat#22,loso_supervised_tpsscs_feature_hgb,learned_tpsscs_feature_ensemble,simMed_test.mat,simWind_test.mat
1e-05,0.999506283144908,0.41818181818181815,0.0,55,65481,0,0,23,loso_supervised_tpsscs_feature_hgb_conservative_topk_strict_gt,simWind_test.mat,23,simWind_test.mat#23,loso_supervised_tpsscs_feature_hgb,learned_tpsscs_feature_ensemble,simMed_test.mat,simWind_test.mat
3e-05,0.9993789820546362,0.4727272727272727,1.5271605503886624e-05,55,65481,1,1,27,loso_supervised_tpsscs_feature_hgb_conservative_topk_strict_gt,simWind_test.mat,23,simWind_test.mat#23,loso_supervised_tpsscs_feature_hgb,learned_tpsscs_feature_ensemble,simMed_test.mat,simWind_test.mat
0.0001,0.9991271460418304,0.4909090909090909,9.162963302331974e-05,55,65481,6,6,33,loso_supervised_tpsscs_feature_hgb_conservative_topk_strict_gt,simWind_test.mat,23,simWind_test.mat#23,loso_supervised_tpsscs_feature_hgb,learned_tpsscs_feature_ensemble,simMed_test.mat,simWind_test.mat
0.0003,0.9965599894415528,0.6363636363636364,0.00029016050457384584,55,65481,19,19,54,loso_supervised_tpsscs_feature_hgb_conservative_topk_strict_gt,simWind_test.mat,23,simWind_test.mat#23,loso_supervised_tpsscs_feature_hgb,learned_tpsscs_feature_ensemble,simMed_test.mat,simWind_test.mat
0.001,0.9614787227492099,0.8181818181818182,0.0009926543577526306,55,65481,65,65,110,loso_supervised_tpsscs_feature_hgb_conservative_topk_strict_gt,simWind_test.mat,23,simWind_test.mat#23,loso_supervised_tpsscs_feature_hgb,learned_tpsscs_feature_ensemble,simMed_test.mat,simWind_test.mat
0.003,0.7768761153532583,0.9454545454545454,0.002993234678761778,55,65481,196,196,248,loso_supervised_tpsscs_feature_hgb_conservative_topk_strict_gt,simWind_test.mat,23,simWind_test.mat#23,loso_supervised_tpsscs_feature_hgb,learned_tpsscs_feature_ensemble,simMed_test.mat,simWind_test.mat
0.01,0.31405058443526085,0.9636363636363636,0.009987629999541852,55,65481,654,654,707,loso_supervised_tpsscs_feature_hgb_conservative_topk_strict_gt,simWind_test.mat,23,simWind_test.mat#23,loso_supervised_tpsscs_feature_hgb,learned_tpsscs_feature_ensemble,simMed_test.mat,simWind_test.mat
1e-05,0.9997466432811573,0.3783783783783784,0.0,37,65499,0,0,14,loso_supervised_tpsscs_feature_hgb_conservative_topk_strict_gt,simWind_test.mat,24,simWind_test.mat#24,loso_supervised_tpsscs_feature_hgb,learned_tpsscs_feature_ensemble,simMed_test.mat,simWind_test.mat
3e-05,0.9996936339141657,0.5405405405405406,1.5267408662727676e-05,37,65499,1,1,21,loso_supervised_tpsscs_feature_hgb_conservative_topk_strict_gt,simWind_test.mat,24,simWind_test.mat#24,loso_supervised_tpsscs_feature_hgb,learned_tpsscs_feature_ensemble,simMed_test.mat,simWind_test.mat
0.0001,0.9993860618247481,0.7837837837837838,9.160445197636606e-05,37,65499,6,6,35,loso_supervised_tpsscs_feature_hgb_conservative_topk_strict_gt,simWind_test.mat,24,simWind_test.mat#24,loso_supervised_tpsscs_feature_hgb,learned_tpsscs_feature_ensemble,simMed_test.mat,simWind_test.mat
0.0003,0.996078144257879,0.918918918918919,0.00029008076459182585,37,65499,19,19,53,loso_supervised_tpsscs_feature_hgb_conservative_topk_strict_gt,simWind_test.mat,24,simWind_test.mat#24,loso_supervised_tpsscs_feature_hgb,learned_tpsscs_feature_ensemble,simMed_test.mat,simWind_test.mat
0.001,0.9300341956818193,0.9459459459459459,0.0009923815630772988,37,65499,65,65,100,loso_supervised_tpsscs_feature_hgb_conservative_topk_strict_gt,simWind_test.mat,24,simWind_test.mat#24,loso_supervised_tpsscs_feature_hgb,learned_tpsscs_feature_ensemble,simMed_test.mat,simWind_test.mat
0.003,0.7548691766088037,0.9459459459459459,0.0029924120978946245,37,65499,196,196,231,loso_supervised_tpsscs_feature_hgb_conservative_topk_strict_gt,simWind_test.mat,24,simWind_test.mat#24,loso_supervised_tpsscs_feature_hgb,learned_tpsscs_feature_ensemble,simMed_test.mat,simWind_test.mat
0.01,0.4391179313127201,0.972972972972973,0.009984885265423899,37,65499,654,654,690,loso_supervised_tpsscs_feature_hgb_conservative_topk_strict_gt,simWind_test.mat,24,simWind_test.mat#24,loso_supervised_tpsscs_feature_hgb,learned_tpsscs_feature_ensemble,simMed_test.mat,simWind_test.mat
1e-05,0.9996231990708778,0.36666666666666664,0.0,30,65506,0,0,11,loso_supervised_tpsscs_feature_hgb_conservative_topk_strict_gt,simWind_test.mat,25,simWind_test.mat#25,loso_supervised_tpsscs_feature_hgb,learned_tpsscs_feature_ensemble,simMed_test.mat,simWind_test.mat
3e-05,0.9996010769846416,0.4,1.526577718071627e-05,30,65506,1,1,13,loso_supervised_tpsscs_feature_hgb_conservative_topk_strict_gt,simWind_test.mat,25,simWind_test.mat#25,loso_supervised_tpsscs_feature_hgb,learned_tpsscs_feature_ensemble,simMed_test.mat,simWind_test.mat
0.0001,0.9994385192016022,0.43333333333333335,9.159466308429762e-05,30,65506,6,6,19,loso_supervised_tpsscs_feature_hgb_conservative_topk_strict_gt,simWind_test.mat,25,simWind_test.mat#25,loso_supervised_tpsscs_feature_hgb,learned_tpsscs_feature_ensemble,simMed_test.mat,simWind_test.mat
0.0003,0.9951173826479057,0.7333333333333333,0.00029004976643360914,30,65506,19,19,41,loso_supervised_tpsscs_feature_hgb_conservative_topk_strict_gt,simWind_test.mat,25,simWind_test.mat#25,loso_supervised_tpsscs_feature_hgb,learned_tpsscs_feature_ensemble,simMed_test.mat,simWind_test.mat
0.001,0.8960903242030074,0.8666666666666667,0.0009922755167465576,30,65506,65,65,91,loso_supervised_tpsscs_feature_hgb_conservative_topk_strict_gt,simWind_test.mat,25,simWind_test.mat#25,loso_supervised_tpsscs_feature_hgb,learned_tpsscs_feature_ensemble,simMed_test.mat,simWind_test.mat
0.003,0.5931223972127897,0.9666666666666667,0.002992092327420389,30,65506,196,196,225,loso_supervised_tpsscs_feature_hgb_conservative_topk_strict_gt,simWind_test.mat,25,simWind_test.mat#25,loso_supervised_tpsscs_feature_hgb,learned_tpsscs_feature_ensemble,simMed_test.mat,simWind_test.mat
0.01,0.20979125798121429,1.0,0.009999084053369156,30,65506,655,655,685,loso_supervised_tpsscs_feature_hgb_conservative_topk_strict_gt,simWind_test.mat,25,simWind_test.mat#25,loso_supervised_tpsscs_feature_hgb,learned_tpsscs_feature_ensemble,simMed_test.mat,simWind_test.mat
1e-05,0.9996867510602045,0.3968253968253968,0.0,63,65473,0,0,25,loso_supervised_tpsscs_feature_hgb_conservative_topk_strict_gt,simWind_test.mat,26,simWind_test.mat#26,loso_supervised_tpsscs_feature_hgb,learned_tpsscs_feature_ensemble,simMed_test.mat,simWind_test.mat
3e-05,0.9996809507680698,0.3968253968253968,1.5273471507338904e-05,63,65473,1,1,26,loso_supervised_tpsscs_feature_hgb_conservative_topk_strict_gt,simWind_test.mat,26,simWind_test.mat#26,loso_supervised_tpsscs_feature_hgb,learned_tpsscs_feature_ensemble,simMed_test.mat,simWind_test.mat
0.0001,0.9994017558331184,0.7142857142857143,9.164082904403341e-05,63,65473,6,6,51,loso_supervised_tpsscs_feature_hgb_conservative_topk_strict_gt,simWind_test.mat,26,simWind_test.mat#26,loso_supervised_tpsscs_feature_hgb,learned_tpsscs_feature_ensemble,simMed_test.mat,simWind_test.mat
0.0003,0.9984948060931702,0.8888888888888888,0.00029019595863943913,63,65473,19,19,75,loso_supervised_tpsscs_feature_hgb_conservative_topk_strict_gt,simWind_test.mat,26,simWind_test.mat#26,loso_supervised_tpsscs_feature_hgb,learned_tpsscs_feature_ensemble,simMed_test.mat,simWind_test.mat
0.001,0.9361806161162034,0.9682539682539683,0.0009927756479770288,63,65473,65,65,126,loso_supervised_tpsscs_feature_hgb_conservative_topk_strict_gt,simWind_test.mat,26,simWind_test.mat#26,loso_supervised_tpsscs_feature_hgb,learned_tpsscs_feature_ensemble,simMed_test.mat,simWind_test.mat
0.003,0.7538416178220388,0.9682539682539683,0.002993600415438425,63,65473,196,196,257,loso_supervised_tpsscs_feature_hgb_conservative_topk_strict_gt,simWind_test.mat,26,simWind_test.mat#26,loso_supervised_tpsscs_feature_hgb,learned_tpsscs_feature_ensemble,simMed_test.mat,simWind_test.mat
0.01,0.403984504691438,0.9841269841269841,0.009988850365799643,63,65473,654,654,716,loso_supervised_tpsscs_feature_hgb_conservative_topk_strict_gt,simWind_test.mat,26,simWind_test.mat#26,loso_supervised_tpsscs_feature_hgb,learned_tpsscs_feature_ensemble,simMed_test.mat,simWind_test.mat
1e-05,0.9996204617581911,0.3559322033898305,0.0,59,65477,0,0,21,loso_supervised_tpsscs_feature_hgb_conservative_topk_strict_gt,simWind_test.mat,27,simWind_test.mat#27,loso_supervised_tpsscs_feature_hgb,learned_tpsscs_feature_ensemble,simMed_test.mat,simWind_test.mat
3e-05,0.9996188657071076,0.3559322033898305,1.5272538448615544e-05,59,65477,1,1,22,loso_supervised_tpsscs_feature_hgb_conservative_topk_strict_gt,simWind_test.mat,27,simWind_test.mat#27,loso_supervised_tpsscs_feature_hgb,learned_tpsscs_feature_ensemble,simMed_test.mat,simWind_test.mat
0.0001,0.9994256201666714,0.5084745762711864,9.163523069169327e-05,59,65477,6,6,36,loso_supervised_tpsscs_feature_hgb_conservative_topk_strict_gt,simWind_test.mat,27,simWind_test.mat#27,loso_supervised_tpsscs_feature_hgb,learned_tpsscs_feature_ensemble,simMed_test.mat,simWind_test.mat
0.0003,0.997147404930107,0.711864406779661,0.00029017823052369533,59,65477,19,19,61,loso_supervised_tpsscs_feature_hgb_conservative_topk_strict_gt,simWind_test.mat,27,simWind_test.mat#27,loso_supervised_tpsscs_feature_hgb,learned_tpsscs_feature_ensemble,simMed_test.mat,simWind_test.mat
0.001,0.9073881844457778,0.847457627118644,0.0009927149991600104,59,65477,65,65,115,loso_supervised_tpsscs_feature_hgb_conservative_topk_strict_gt,simWind_test.mat,27,simWind_test.mat#27,loso_supervised_tpsscs_feature_hgb,learned_tpsscs_feature_ensemble,simMed_test.mat,simWind_test.mat
0.003,0.5241218122613053,0.9661016949152542,0.002993417535928647,59,65477,196,196,253,loso_supervised_tpsscs_feature_hgb_conservative_topk_strict_gt,simWind_test.mat,27,simWind_test.mat#27,loso_supervised_tpsscs_feature_hgb,learned_tpsscs_feature_ensemble,simMed_test.mat,simWind_test.mat
0.01,0.16667391005555754,0.9830508474576272,0.009988240145394567,59,65477,654,654,712,loso_supervised_tpsscs_feature_hgb_conservative_topk_strict_gt,simWind_test.mat,27,simWind_test.mat#27,loso_supervised_tpsscs_feature_hgb,learned_tpsscs_feature_ensemble,simMed_test.mat,simWind_test.mat
1e-05,0.9997574296177084,0.46153846153846156,0.0,26,65510,0,0,12,loso_supervised_tpsscs_feature_hgb_conservative_topk_strict_gt,simWind_test.mat,28,simWind_test.mat#28,loso_supervised_tpsscs_feature_hgb,learned_tpsscs_feature_ensemble,simMed_test.mat,simWind_test.mat
3e-05,0.999671700173491,0.6923076923076923,1.5264845061822624e-05,26,65510,1,1,19,loso_supervised_tpsscs_feature_hgb_conservative_topk_strict_gt,simWind_test.mat,28,simWind_test.mat#28,loso_supervised_tpsscs_feature_hgb,learned_tpsscs_feature_ensemble,simMed_test.mat,simWind_test.mat
0.0001,0.999043617992304,0.9230769230769231,9.158907037093573e-05,26,65510,6,6,30,loso_supervised_tpsscs_feature_hgb_conservative_topk_strict_gt,simWind_test.mat,28,simWind_test.mat#28,loso_supervised_tpsscs_feature_hgb,learned_tpsscs_feature_ensemble,simMed_test.mat,simWind_test.mat
0.0003,0.9835199234269498,0.9615384615384616,0.00029003205617462985,26,65510,19,19,44,loso_supervised_tpsscs_feature_hgb_conservative_topk_strict_gt,simWind_test.mat,28,simWind_test.mat#28,loso_supervised_tpsscs_feature_hgb,learned_tpsscs_feature_ensemble,simMed_test.mat,simWind_test.mat
0.001,0.8947542174348552,0.9615384615384616,0.0009922149290184704,26,65510,65,65,90,loso_supervised_tpsscs_feature_hgb_conservative_topk_strict_gt,simWind_test.mat,28,simWind_test.mat#28,loso_supervised_tpsscs_feature_hgb,learned_tpsscs_feature_ensemble,simMed_test.mat,simWind_test.mat
0.003,0.7115065371815561,0.9615384615384616,0.002991909632117234,26,65510,196,196,221,loso_supervised_tpsscs_feature_hgb_conservative_topk_strict_gt,simWind_test.mat,28,simWind_test.mat#28,loso_supervised_tpsscs_feature_hgb,learned_tpsscs_feature_ensemble,simMed_test.mat,simWind_test.mat
0.01,0.3717660686022573,1.0,0.009998473515493819,26,65510,655,655,681,loso_supervised_tpsscs_feature_hgb_conservative_topk_strict_gt,simWind_test.mat,28,simWind_test.mat#28,loso_supervised_tpsscs_feature_hgb,learned_tpsscs_feature_ensemble,simMed_test.mat,simWind_test.mat
1e-05,0.9995812556350215,0.2692307692307692,0.0,26,65510,0,0,7,loso_supervised_tpsscs_feature_hgb_conservative_topk_strict_gt,simWind_test.mat,29,simWind_test.mat#29,loso_supervised_tpsscs_feature_hgb,learned_tpsscs_feature_ensemble,simMed_test.mat,simWind_test.mat
3e-05,0.9992252290751731,0.3076923076923077,1.5264845061822624e-05,26,65510,1,1,9,loso_supervised_tpsscs_feature_hgb_conservative_topk_strict_gt,simWind_test.mat,29,simWind_test.mat#29,loso_supervised_tpsscs_feature_hgb,learned_tpsscs_feature_ensemble,simMed_test.mat,simWind_test.mat
0.0001,0.9947171839512619,0.5769230769230769,9.158907037093573e-05,26,65510,6,6,21,loso_supervised_tpsscs_feature_hgb_conservative_topk_strict_gt,simWind_test.mat,29,simWind_test.mat#29,loso_supervised_tpsscs_feature_hgb,learned_tpsscs_feature_ensemble,simMed_test.mat,simWind_test.mat
0.0003,0.9284590821367249,0.7692307692307693,0.00029003205617462985,26,65510,19,19,39,loso_supervised_tpsscs_feature_hgb_conservative_topk_strict_gt,simWind_test.mat,29,simWind_test.mat#29,loso_supervised_tpsscs_feature_hgb,learned_tpsscs_feature_ensemble,simMed_test.mat,simWind_test.mat
0.001,0.7414883993462453,0.7692307692307693,0.0009922149290184704,26,65510,65,65,85,loso_supervised_tpsscs_feature_hgb_conservative_topk_strict_gt,simWind_test.mat,29,simWind_test.mat#29,loso_supervised_tpsscs_feature_hgb,learned_tpsscs_feature_ensemble,simMed_test.mat,simWind_test.mat
0.003,0.48030211287533603,0.8076923076923077,0.002991909632117234,26,65510,196,196,217,loso_supervised_tpsscs_feature_hgb_conservative_topk_strict_gt,simWind_test.mat,29,simWind_test.mat#29,loso_supervised_tpsscs_feature_hgb,learned_tpsscs_feature_ensemble,simMed_test.mat,simWind_test.mat
0.01,0.17855524261567743,0.8461538461538461,0.009998473515493819,26,65510,655,655,677,loso_supervised_tpsscs_feature_hgb_conservative_topk_strict_gt,simWind_test.mat,29,simWind_test.mat#29,loso_supervised_tpsscs_feature_hgb,learned_tpsscs_feature_ensemble,simMed_test.mat,simWind_test.mat
1e-05,0.9994827822446044,0.32,0.0,25,65511,0,0,8,loso_supervised_tpsscs_feature_hgb_conservative_topk_strict_gt,simWind_test.mat,31,simWind_test.mat#31,loso_supervised_tpsscs_feature_hgb,learned_tpsscs_feature_ensemble,simMed_test.mat,simWind_test.mat
3e-05,0.9989382172119886,0.36,1.526461204988475e-05,25,65511,1,1,10,loso_supervised_tpsscs_feature_hgb_conservative_topk_strict_gt,simWind_test.mat,31,simWind_test.mat#31,loso_supervised_tpsscs_feature_hgb,learned_tpsscs_feature_ensemble,simMed_test.mat,simWind_test.mat
0.0001,0.9748678263290345,0.6,9.158767229930851e-05,25,65511,6,6,21,loso_supervised_tpsscs_feature_hgb_conservative_topk_strict_gt,simWind_test.mat,31,simWind_test.mat#31,loso_supervised_tpsscs_feature_hgb,learned_tpsscs_feature_ensemble,simMed_test.mat,simWind_test.mat
0.0003,0.9216142176879364,0.64,0.0002900276289478103,25,65511,19,19,35,loso_supervised_tpsscs_feature_hgb_conservative_topk_strict_gt,simWind_test.mat,31,simWind_test.mat#31,loso_supervised_tpsscs_feature_hgb,learned_tpsscs_feature_ensemble,simMed_test.mat,simWind_test.mat
0.001,0.7265822472772913,0.84,0.0009921997832425089,25,65511,65,65,86,loso_supervised_tpsscs_feature_hgb_conservative_topk_strict_gt,simWind_test.mat,31,simWind_test.mat#31,loso_supervised_tpsscs_feature_hgb,learned_tpsscs_feature_ensemble,simMed_test.mat,simWind_test.mat
0.003,0.4060833302126139,0.88,0.0029918639617774116,25,65511,196,196,218,loso_supervised_tpsscs_feature_hgb_conservative_topk_strict_gt,simWind_test.mat,31,simWind_test.mat#31,loso_supervised_tpsscs_feature_hgb,learned_tpsscs_feature_ensemble,simMed_test.mat,simWind_test.mat
0.01,0.1497465658074437,0.96,0.009998320892674512,25,65511,655,655,679,loso_supervised_tpsscs_feature_hgb_conservative_topk_strict_gt,simWind_test.mat,31,simWind_test.mat#31,loso_supervised_tpsscs_feature_hgb,learned_tpsscs_feature_ensemble,simMed_test.mat,simWind_test.mat
1e-05,0.999765964020956,0.2222222222222222,0.0,27,65509,0,0,6,loso_supervised_tpsscs_feature_hgb_conservative_topk_strict_gt,simWind_test.mat,32,simWind_test.mat#32,loso_supervised_tpsscs_feature_hgb,learned_tpsscs_feature_ensemble,simMed_test.mat,simWind_test.mat
3e-05,0.9997378090686805,0.4074074074074074,1.5265078080874384e-05,27,65509,1,1,12,loso_supervised_tpsscs_feature_hgb_conservative_topk_strict_gt,simWind_test.mat,32,simWind_test.mat#32,loso_supervised_tpsscs_feature_hgb,learned_tpsscs_feature_ensemble,simMed_test.mat,simWind_test.mat
0.0001,0.9993118533315385,0.8518518518518519,9.15904684852463e-05,27,65509,6,6,29,loso_supervised_tpsscs_feature_hgb_conservative_topk_strict_gt,simWind_test.mat,32,simWind_test.mat#32,loso_supervised_tpsscs_feature_hgb,learned_tpsscs_feature_ensemble,simMed_test.mat,simWind_test.mat
0.0003,0.9934584681805324,0.9629629629629629,0.0002900364835366133,27,65509,19,19,45,loso_supervised_tpsscs_feature_hgb_conservative_topk_strict_gt,simWind_test.mat,32,simWind_test.mat#32,loso_supervised_tpsscs_feature_hgb,learned_tpsscs_feature_ensemble,simMed_test.mat,simWind_test.mat
0.001,0.958863407285037,0.9629629629629629,0.000992230075256835,27,65509,65,65,91,loso_supervised_tpsscs_feature_hgb_conservative_topk_strict_gt,simWind_test.mat,32,simWind_test.mat#32,loso_supervised_tpsscs_feature_hgb,learned_tpsscs_feature_ensemble,simMed_test.mat,simWind_test.mat
0.003,0.8152265640226618,0.9629629629629629,0.002991955303851379,27,65509,196,196,222,loso_supervised_tpsscs_feature_hgb_conservative_topk_strict_gt,simWind_test.mat,32,simWind_test.mat#32,loso_supervised_tpsscs_feature_hgb,learned_tpsscs_feature_ensemble,simMed_test.mat,simWind_test.mat
0.01,0.43171498134144537,0.9629629629629629,0.00999862614297272,27,65509,655,655,681,loso_supervised_tpsscs_feature_hgb_conservative_topk_strict_gt,simWind_test.mat,32,simWind_test.mat#32,loso_supervised_tpsscs_feature_hgb,learned_tpsscs_feature_ensemble,simMed_test.mat,simWind_test.mat
1e-05,0.9996577045143855,0.4166666666666667,0.0,36,65500,0,0,15,loso_supervised_tpsscs_feature_hgb_conservative_topk_strict_gt,simWind_test.mat,33,simWind_test.mat#33,loso_supervised_tpsscs_feature_hgb,learned_tpsscs_feature_ensemble,simMed_test.mat,simWind_test.mat
3e-05,0.9992759656946191,0.5277777777777778,1.5267175572519083e-05,36,65500,1,1,20,loso_supervised_tpsscs_feature_hgb_conservative_topk_strict_gt,simWind_test.mat,33,simWind_test.mat#33,loso_supervised_tpsscs_feature_hgb,learned_tpsscs_feature_ensemble,simMed_test.mat,simWind_test.mat
0.0001,0.9984592341459394,0.6388888888888888,9.16030534351145e-05,36,65500,6,6,29,loso_supervised_tpsscs_feature_hgb_conservative_topk_strict_gt,simWind_test.mat,33,simWind_test.mat#33,loso_supervised_tpsscs_feature_hgb,learned_tpsscs_feature_ensemble,simMed_test.mat,simWind_test.mat
0.0003,0.9928221685777263,0.8055555555555556,0.0002900763358778626,36,65500,19,19,48,loso_supervised_tpsscs_feature_hgb_conservative_topk_strict_gt,simWind_test.mat,33,simWind_test.mat#33,loso_supervised_tpsscs_feature_hgb,learned_tpsscs_feature_ensemble,simMed_test.mat,simWind_test.mat
0.001,0.8967330833668329,0.8888888888888888,0.0009923664122137405,36,65500,65,65,97,loso_supervised_tpsscs_feature_hgb_conservative_topk_strict_gt,simWind_test.mat,33,simWind_test.mat#33,loso_supervised_tpsscs_feature_hgb,learned_tpsscs_feature_ensemble,simMed_test.mat,simWind_test.mat
0.003,0.610952639463599,0.9444444444444444,0.0029923664122137403,36,65500,196,196,230,loso_supervised_tpsscs_feature_hgb_conservative_topk_strict_gt,simWind_test.mat,33,simWind_test.mat#33,loso_supervised_tpsscs_feature_hgb,learned_tpsscs_feature_ensemble,simMed_test.mat,simWind_test.mat
0.01,0.19710281980285074,0.9722222222222222,0.01,36,65500,655,655,690,loso_supervised_tpsscs_feature_hgb_conservative_topk_strict_gt,simWind_test.mat,33,simWind_test.mat#33,loso_supervised_tpsscs_feature_hgb,learned_tpsscs_feature_ensemble,simMed_test.mat,simWind_test.mat
1e-05,0.9997201842066787,0.11864406779661017,0.0,59,65477,0,0,7,loso_supervised_tpsscs_feature_hgb_conservative_topk_strict_gt,simWind_test.mat,34,simWind_test.mat#34,loso_supervised_tpsscs_feature_hgb,learned_tpsscs_feature_ensemble,simMed_test.mat,simWind_test.mat
3e-05,0.999690729724914,0.22033898305084745,1.5272538448615544e-05,59,65477,1,1,14,loso_supervised_tpsscs_feature_hgb_conservative_topk_strict_gt,simWind_test.mat,34,simWind_test.mat#34,loso_supervised_tpsscs_feature_hgb,learned_tpsscs_feature_ensemble,simMed_test.mat,simWind_test.mat
0.0001,0.9974059899194511,0.4745762711864407,9.163523069169327e-05,59,65477,6,6,34,loso_supervised_tpsscs_feature_hgb_conservative_topk_strict_gt,simWind_test.mat,34,simWind_test.mat#34,loso_supervised_tpsscs_feature_hgb,learned_tpsscs_feature_ensemble,simMed_test.mat,simWind_test.mat
0.0003,0.9874773391707864,0.576271186440678,0.00029017823052369533,59,65477,19,19,53,loso_supervised_tpsscs_feature_hgb_conservative_topk_strict_gt,simWind_test.mat,34,simWind_test.mat#34,loso_supervised_tpsscs_feature_hgb,learned_tpsscs_feature_ensemble,simMed_test.mat,simWind_test.mat
0.001,0.8853330751156314,0.7627118644067796,0.0009927149991600104,59,65477,65,65,110,loso_supervised_tpsscs_feature_hgb_conservative_topk_strict_gt,simWind_test.mat,34,simWind_test.mat#34,loso_supervised_tpsscs_feature_hgb,learned_tpsscs_feature_ensemble,simMed_test.mat,simWind_test.mat
0.003,0.6404855951252835,0.9322033898305084,0.002993417535928647,59,65477,196,196,251,loso_supervised_tpsscs_feature_hgb_conservative_topk_strict_gt,simWind_test.mat,34,simWind_test.mat#34,loso_supervised_tpsscs_feature_hgb,learned_tpsscs_feature_ensemble,simMed_test.mat,simWind_test.mat
0.01,0.2557008203224863,0.9661016949152542,0.009988240145394567,59,65477,654,654,711,loso_supervised_tpsscs_feature_hgb_conservative_topk_strict_gt,simWind_test.mat,34,simWind_test.mat#34,loso_supervised_tpsscs_feature_hgb,learned_tpsscs_feature_ensemble,simMed_test.mat,simWind_test.mat
1e-05,0.9997359309660561,0.43636363636363634,0.0,55,65481,0,0,24,loso_supervised_tpsscs_feature_hgb_conservative_topk_strict_gt,simWind_test.mat,35,simWind_test.mat#35,loso_supervised_tpsscs_feature_hgb,learned_tpsscs_feature_ensemble,simMed_test.mat,simWind_test.mat
3e-05,0.9996723022337124,0.6545454545454545,1.5271605503886624e-05,55,65481,1,1,37,loso_supervised_tpsscs_feature_hgb_conservative_topk_strict_gt,simWind_test.mat,35,simWind_test.mat#35,loso_supervised_tpsscs_feature_hgb,learned_tpsscs_feature_ensemble,simMed_test.mat,simWind_test.mat
0.0001,0.9990923173474296,0.8727272727272727,9.162963302331974e-05,55,65481,6,6,54,loso_supervised_tpsscs_feature_hgb_conservative_topk_strict_gt,simWind_test.mat,35,simWind_test.mat#35,loso_supervised_tpsscs_feature_hgb,learned_tpsscs_feature_ensemble,simMed_test.mat,simWind_test.mat
0.0003,0.99806353554568,0.8909090909090909,0.00029016050457384584,55,65481,19,19,68,loso_supervised_tpsscs_feature_hgb_conservative_topk_strict_gt,simWind_test.mat,35,simWind_test.mat#35,loso_supervised_tpsscs_feature_hgb,learned_tpsscs_feature_ensemble,simMed_test.mat,simWind_test.mat
0.001,0.9555525660140347,0.9818181818181818,0.0009926543577526306,55,65481,65,65,119,loso_supervised_tpsscs_feature_hgb_conservative_topk_strict_gt,simWind_test.mat,35,simWind_test.mat#35,loso_supervised_tpsscs_feature_hgb,learned_tpsscs_feature_ensemble,simMed_test.mat,simWind_test.mat
0.003,0.7943207575110275,0.9818181818181818,0.002993234678761778,55,65481,196,196,250,loso_supervised_tpsscs_feature_hgb_conservative_topk_strict_gt,simWind_test.mat,35,simWind_test.mat#35,loso_supervised_tpsscs_feature_hgb,learned_tpsscs_feature_ensemble,simMed_test.mat,simWind_test.mat
0.01,0.4323181026174881,0.9818181818181818,0.009987629999541852,55,65481,654,654,708,loso_supervised_tpsscs_feature_hgb_conservative_topk_strict_gt,simWind_test.mat,35,simWind_test.mat#35,loso_supervised_tpsscs_feature_hgb,learned_tpsscs_feature_ensemble,simMed_test.mat,simWind_test.mat
1e-05,0.9997970589863984,0.07692307692307693,0.0,13,65523,0,0,1,loso_supervised_tpsscs_feature_hgb_conservative_topk_strict_gt,simWind_test.mat,36,simWind_test.mat#36,loso_supervised_tpsscs_feature_hgb,learned_tpsscs_feature_ensemble,simMed_test.mat,simWind_test.mat
3e-05,0.9995970106020697,0.7692307692307693,1.5261816461395235e-05,13,65523,1,1,11,loso_supervised_tpsscs_feature_hgb_conservative_topk_strict_gt,simWind_test.mat,36,simWind_test.mat#36,loso_supervised_tpsscs_feature_hgb,learned_tpsscs_feature_ensemble,simMed_test.mat,simWind_test.mat
0.0001,0.9982235358692708,0.8461538461538461,9.15708987683714e-05,13,65523,6,6,17,loso_supervised_tpsscs_feature_hgb_conservative_topk_strict_gt,simWind_test.mat,36,simWind_test.mat#36,loso_supervised_tpsscs_feature_hgb,learned_tpsscs_feature_ensemble,simMed_test.mat,simWind_test.mat
0.0003,0.9731459612293323,1.0,0.00028997451276650945,13,65523,19,19,32,loso_supervised_tpsscs_feature_hgb_conservative_topk_strict_gt,simWind_test.mat,36,simWind_test.mat#36,loso_supervised_tpsscs_feature_hgb,learned_tpsscs_feature_ensemble,simMed_test.mat,simWind_test.mat
0.001,0.8019631708579013,1.0,0.0009920180699906902,13,65523,65,65,78,loso_supervised_tpsscs_feature_hgb_conservative_topk_strict_gt,simWind_test.mat,36,simWind_test.mat#36,loso_supervised_tpsscs_feature_hgb,learned_tpsscs_feature_ensemble,simMed_test.mat,simWind_test.mat
0.003,0.5219152966463748,1.0,0.002991316026433466,13,65523,196,196,209,loso_supervised_tpsscs_feature_hgb_conservative_topk_strict_gt,simWind_test.mat,36,simWind_test.mat#36,loso_supervised_tpsscs_feature_hgb,learned_tpsscs_feature_ensemble,simMed_test.mat,simWind_test.mat
0.01,0.2240811857396535,1.0,0.00999648978221388,13,65523,655,655,668,loso_supervised_tpsscs_feature_hgb_conservative_topk_strict_gt,simWind_test.mat,36,simWind_test.mat#36,loso_supervised_tpsscs_feature_hgb,learned_tpsscs_feature_ensemble,simMed_test.mat,simWind_test.mat
1e-05,0.9997515164121408,0.2558139534883721,0.0,43,65493,0,0,11,loso_supervised_tpsscs_feature_hgb_conservative_topk_strict_gt,simWind_test.mat,38,simWind_test.mat#38,loso_supervised_tpsscs_feature_hgb,learned_tpsscs_feature_ensemble,simMed_test.mat,simWind_test.mat
3e-05,0.9996550089452894,0.4186046511627907,1.526880735345762e-05,43,65493,1,1,19,loso_supervised_tpsscs_feature_hgb_conservative_topk_strict_gt,simWind_test.mat,38,simWind_test.mat#38,loso_supervised_tpsscs_feature_hgb,learned_tpsscs_feature_ensemble,simMed_test.mat,simWind_test.mat
0.0001,0.9994589361788119,0.5348837209302325,9.161284412074573e-05,43,65493,6,6,29,loso_supervised_tpsscs_feature_hgb_conservative_topk_strict_gt,simWind_test.mat,38,simWind_test.mat#38,loso_supervised_tpsscs_feature_hgb,learned_tpsscs_feature_ensemble,simMed_test.mat,simWind_test.mat
0.0003,0.9926221845942795,0.6744186046511628,0.0002901073397156948,43,65493,19,19,48,loso_supervised_tpsscs_feature_hgb_conservative_topk_strict_gt,simWind_test.mat,38,simWind_test.mat#38,loso_supervised_tpsscs_feature_hgb,learned_tpsscs_feature_ensemble,simMed_test.mat,simWind_test.mat
0.001,0.9453850936556047,0.813953488372093,0.0009924724779747454,43,65493,65,65,100,loso_supervised_tpsscs_feature_hgb_conservative_topk_strict_gt,simWind_test.mat,38,simWind_test.mat#38,loso_supervised_tpsscs_feature_hgb,learned_tpsscs_feature_ensemble,simMed_test.mat,simWind_test.mat
0.003,0.7579335875032052,0.8604651162790697,0.0029926862412776936,43,65493,196,196,233,loso_supervised_tpsscs_feature_hgb_conservative_topk_strict_gt,simWind_test.mat,38,simWind_test.mat#38,loso_supervised_tpsscs_feature_hgb,learned_tpsscs_feature_ensemble,simMed_test.mat,simWind_test.mat
0.01,0.3271672096707303,0.9534883720930233,0.009985800009161284,43,65493,654,654,695,loso_supervised_tpsscs_feature_hgb_conservative_topk_strict_gt,simWind_test.mat,38,simWind_test.mat#38,loso_supervised_tpsscs_feature_hgb,learned_tpsscs_feature_ensemble,simMed_test.mat,simWind_test.mat
1e-05,0.9997094613134444,0.4444444444444444,0.0,36,65500,0,0,16,loso_supervised_tpsscs_feature_hgb_conservative_topk_strict_gt,simWind_test.mat,39,simWind_test.mat#39,loso_supervised_tpsscs_feature_hgb,learned_tpsscs_feature_ensemble,simMed_test.mat,simWind_test.mat
3e-05,0.9996988592931094,0.4722222222222222,1.5267175572519083e-05,36,65500,1,1,18,loso_supervised_tpsscs_feature_hgb_conservative_topk_strict_gt,simWind_test.mat,39,simWind_test.mat#39,loso_supervised_tpsscs_feature_hgb,learned_tpsscs_feature_ensemble,simMed_test.mat,simWind_test.mat
0.0001,0.999104076001808,0.8333333333333334,9.16030534351145e-05,36,65500,6,6,36,loso_supervised_tpsscs_feature_hgb_conservative_topk_strict_gt,simWind_test.mat,39,simWind_test.mat#39,loso_supervised_tpsscs_feature_hgb,learned_tpsscs_feature_ensemble,simMed_test.mat,simWind_test.mat
0.0003,0.9960998610816935,0.8611111111111112,0.0002900763358778626,36,65500,19,19,50,loso_supervised_tpsscs_feature_hgb_conservative_topk_strict_gt,simWind_test.mat,39,simWind_test.mat#39,loso_supervised_tpsscs_feature_hgb,learned_tpsscs_feature_ensemble,simMed_test.mat,simWind_test.mat
0.001,0.9287681326684294,0.9444444444444444,0.0009923664122137405,36,65500,65,65,99,loso_supervised_tpsscs_feature_hgb_conservative_topk_strict_gt,simWind_test.mat,39,simWind_test.mat#39,loso_supervised_tpsscs_feature_hgb,learned_tpsscs_feature_ensemble,simMed_test.mat,simWind_test.mat
0.003,0.7022894195676225,0.9722222222222222,0.0029923664122137403,36,65500,196,196,231,loso_supervised_tpsscs_feature_hgb_conservative_topk_strict_gt,simWind_test.mat,39,simWind_test.mat#39,loso_supervised_tpsscs_feature_hgb,learned_tpsscs_feature_ensemble,simMed_test.mat,simWind_test.mat
0.01,0.30561000842626396,1.0,0.01,36,65500,655,655,691,loso_supervised_tpsscs_feature_hgb_conservative_topk_strict_gt,simWind_test.mat,39,simWind_test.mat#39,loso_supervised_tpsscs_feature_hgb,learned_tpsscs_feature_ensemble,simMed_test.mat,simWind_test.mat
1e-05,0.9997528786336979,0.17857142857142858,0.0,28,65508,0,0,5,loso_supervised_tpsscs_feature_hgb_conservative_topk_strict_gt,simWind_test.mat,40,simWind_test.mat#40,loso_supervised_tpsscs_feature_hgb,learned_tpsscs_feature_ensemble,simMed_test.mat,simWind_test.mat
3e-05,0.9994789691524764,0.42857142857142855,1.526531110704036e-05,28,65508,1,1,13,loso_supervised_tpsscs_feature_hgb_conservative_topk_strict_gt,simWind_test.mat,40,simWind_test.mat#40,loso_supervised_tpsscs_feature_hgb,learned_tpsscs_feature_ensemble,simMed_test.mat,simWind_test.mat
0.0001,0.9989159661285714,0.4642857142857143,9.159186664224217e-05,28,65508,6,6,19,loso_supervised_tpsscs_feature_hgb_conservative_topk_strict_gt,simWind_test.mat,40,simWind_test.mat#40,loso_supervised_tpsscs_feature_hgb,learned_tpsscs_feature_ensemble,simMed_test.mat,simWind_test.mat
0.0003,0.9955861688086435,0.6071428571428571,0.00029004091103376685,28,65508,19,19,36,loso_supervised_tpsscs_feature_hgb_conservative_topk_strict_gt,simWind_test.mat,40,simWind_test.mat#40,loso_supervised_tpsscs_feature_hgb,learned_tpsscs_feature_ensemble,simMed_test.mat,simWind_test.mat
0.001,0.9326252953290267,0.9642857142857143,0.0009922452219576234,28,65508,65,65,92,loso_supervised_tpsscs_feature_hgb_conservative_topk_strict_gt,simWind_test.mat,40,simWind_test.mat#40,loso_supervised_tpsscs_feature_hgb,learned_tpsscs_feature_ensemble,simMed_test.mat,simWind_test.mat
0.003,0.796400772080806,1.0,0.002992000976979911,28,65508,196,196,224,loso_supervised_tpsscs_feature_hgb_conservative_topk_strict_gt,simWind_test.mat,40,simWind_test.mat#40,loso_supervised_tpsscs_feature_hgb,learned_tpsscs_feature_ensemble,simMed_test.mat,simWind_test.mat
0.01,0.38189654033906445,1.0,0.009998778775111437,28,65508,655,655,683,loso_supervised_tpsscs_feature_hgb_conservative_topk_strict_gt,simWind_test.mat,40,simWind_test.mat#40,loso_supervised_tpsscs_feature_hgb,learned_tpsscs_feature_ensemble,simMed_test.mat,simWind_test.mat
1e-05,0.9994625822042135,0.6545454545454545,0.0,55,65481,0,0,36,loso_supervised_tpsscs_feature_hgb_conservative_topk_strict_gt,simWind_test.mat,41,simWind_test.mat#41,loso_supervised_tpsscs_feature_hgb,learned_tpsscs_feature_ensemble,simMed_test.mat,simWind_test.mat
3e-05,0.9994221921704196,0.6727272727272727,1.5271605503886624e-05,55,65481,1,1,38,loso_supervised_tpsscs_feature_hgb_conservative_topk_strict_gt,simWind_test.mat,41,simWind_test.mat#41,loso_supervised_tpsscs_feature_hgb,learned_tpsscs_feature_ensemble,simMed_test.mat,simWind_test.mat
0.0001,0.9987568831100339,0.8727272727272727,9.162963302331974e-05,55,65481,6,6,54,loso_supervised_tpsscs_feature_hgb_conservative_topk_strict_gt,simWind_test.mat,41,simWind_test.mat#41,loso_supervised_tpsscs_feature_hgb,learned_tpsscs_feature_ensemble,simMed_test.mat,simWind_test.mat
0.0003,0.9951862820310097,0.9454545454545454,0.00029016050457384584,55,65481,19,19,71,loso_supervised_tpsscs_feature_hgb_conservative_topk_strict_gt,simWind_test.mat,41,simWind_test.mat#41,loso_supervised_tpsscs_feature_hgb,learned_tpsscs_feature_ensemble,simMed_test.mat,simWind_test.mat
0.001,0.9502311450564842,0.9818181818181818,0.0009926543577526306,55,65481,65,65,119,loso_supervised_tpsscs_feature_hgb_conservative_topk_strict_gt,simWind_test.mat,41,simWind_test.mat#41,loso_supervised_tpsscs_feature_hgb,learned_tpsscs_feature_ensemble,simMed_test.mat,simWind_test.mat
0.003,0.782902255662975,0.9818181818181818,0.002993234678761778,55,65481,196,196,250,loso_supervised_tpsscs_feature_hgb_conservative_topk_strict_gt,simWind_test.mat,41,simWind_test.mat#41,loso_supervised_tpsscs_feature_hgb,learned_tpsscs_feature_ensemble,simMed_test.mat,simWind_test.mat
0.01,0.4210422671168809,0.9818181818181818,0.009987629999541852,55,65481,654,654,708,loso_supervised_tpsscs_feature_hgb_conservative_topk_strict_gt,simWind_test.mat,41,simWind_test.mat#41,loso_supervised_tpsscs_feature_hgb,learned_tpsscs_feature_ensemble,simMed_test.mat,simWind_test.mat
1e-05,0.9997671569454263,0.25806451612903225,0.0,31,65505,0,0,8,loso_supervised_tpsscs_feature_hgb_conservative_topk_strict_gt,simWind_test.mat,42,simWind_test.mat#42,loso_supervised_tpsscs_feature_hgb,learned_tpsscs_feature_ensemble,simMed_test.mat,simWind_test.mat
3e-05,0.9996814433427439,0.6774193548387096,1.5266010228226854e-05,31,65505,1,1,22,loso_supervised_tpsscs_feature_hgb_conservative_topk_strict_gt,simWind_test.mat,42,simWind_test.mat#42,loso_supervised_tpsscs_feature_hgb,learned_tpsscs_feature_ensemble,simMed_test.mat,simWind_test.mat
0.0001,0.9991611726724189,0.8387096774193549,9.159606136936111e-05,31,65505,6,6,32,loso_supervised_tpsscs_feature_hgb_conservative_topk_strict_gt,simWind_test.mat,42,simWind_test.mat#42,loso_supervised_tpsscs_feature_hgb,learned_tpsscs_feature_ensemble,simMed_test.mat,simWind_test.mat
0.0003,0.9927552346093971,0.9354838709677419,0.0002900541943363102,31,65505,19,19,48,loso_supervised_tpsscs_feature_hgb_conservative_topk_strict_gt,simWind_test.mat,42,simWind_test.mat#42,loso_supervised_tpsscs_feature_hgb,learned_tpsscs_feature_ensemble,simMed_test.mat,simWind_test.mat
0.001,0.8736868373946509,1.0,0.0009922906648347455,31,65505,65,65,96,loso_supervised_tpsscs_feature_hgb_conservative_topk_strict_gt,simWind_test.mat,42,simWind_test.mat#42,loso_supervised_tpsscs_feature_hgb,learned_tpsscs_feature_ensemble,simMed_test.mat,simWind_test.mat
0.003,0.6927597184577546,1.0,0.002992138004732463,31,65505,196,196,227,loso_supervised_tpsscs_feature_hgb_conservative_topk_strict_gt,simWind_test.mat,42,simWind_test.mat#42,loso_supervised_tpsscs_feature_hgb,learned_tpsscs_feature_ensemble,simMed_test.mat,simWind_test.mat
0.01,0.36011199638515123,1.0,0.009999236699488588,31,65505,655,655,686,loso_supervised_tpsscs_feature_hgb_conservative_topk_strict_gt,simWind_test.mat,42,simWind_test.mat#42,loso_supervised_tpsscs_feature_hgb,learned_tpsscs_feature_ensemble,simMed_test.mat,simWind_test.mat
1e-05,0.9996874010337926,0.46938775510204084,0.0,49,65487,0,0,23,loso_supervised_tpsscs_feature_hgb_conservative_topk_strict_gt,simWind_test.mat,43,simWind_test.mat#43,loso_supervised_tpsscs_feature_hgb,learned_tpsscs_feature_ensemble,simMed_test.mat,simWind_test.mat
3e-05,0.9996429607870098,0.5510204081632653,1.5270206300487118e-05,49,65487,1,1,28,loso_supervised_tpsscs_feature_hgb_conservative_topk_strict_gt,simWind_test.mat,43,simWind_test.mat#43,loso_supervised_tpsscs_feature_hgb,learned_tpsscs_feature_ensemble,simMed_test.mat,simWind_test.mat
0.0001,0.9988372022797131,0.6530612244897959,9.162123780292272e-05,49,65487,6,6,38,loso_supervised_tpsscs_feature_hgb_conservative_topk_strict_gt,simWind_test.mat,43,simWind_test.mat#43,loso_supervised_tpsscs_feature_hgb,learned_tpsscs_feature_ensemble,simMed_test.mat,simWind_test.mat
0.0003,0.9950541620033568,0.7551020408163265,0.0002901339197092553,49,65487,19,19,56,loso_supervised_tpsscs_feature_hgb_conservative_topk_strict_gt,simWind_test.mat,43,simWind_test.mat#43,loso_supervised_tpsscs_feature_hgb,learned_tpsscs_feature_ensemble,simMed_test.mat,simWind_test.mat
0.001,0.9606725887413613,0.8367346938775511,0.0009925634095316628,49,65487,65,65,106,loso_supervised_tpsscs_feature_hgb_conservative_topk_strict_gt,simWind_test.mat,43,simWind_test.mat#43,loso_supervised_tpsscs_feature_hgb,learned_tpsscs_feature_ensemble,simMed_test.mat,simWind_test.mat
0.003,0.781310910281117,0.9387755102040817,0.0029929604348954753,49,65487,196,196,242,loso_supervised_tpsscs_feature_hgb_conservative_topk_strict_gt,simWind_test.mat,43,simWind_test.mat#43,loso_supervised_tpsscs_feature_hgb,learned_tpsscs_feature_ensemble,simMed_test.mat,simWind_test.mat
0.01,0.2822622508563639,0.9795918367346939,0.009986714920518577,49,65487,654,654,702,loso_supervised_tpsscs_feature_hgb_conservative_topk_strict_gt,simWind_test.mat,43,simWind_test.mat#43,loso_supervised_tpsscs_feature_hgb,learned_tpsscs_feature_ensemble,simMed_test.mat,simWind_test.mat
1e-05,0.9997476990247355,0.5263157894736842,0.0,38,65498,0,0,20,loso_supervised_tpsscs_feature_hgb_conservative_topk_strict_gt,simWind_test.mat,44,simWind_test.mat#44,loso_supervised_tpsscs_feature_hgb,learned_tpsscs_feature_ensemble,simMed_test.mat,simWind_test.mat
3e-05,0.9997117630363483,0.7631578947368421,1.526764176005374e-05,38,65498,1,1,30,loso_supervised_tpsscs_feature_hgb_conservative_topk_strict_gt,simWind_test.mat,44,simWind_test.mat#44,loso_supervised_tpsscs_feature_hgb,learned_tpsscs_feature_ensemble,simMed_test.mat,simWind_test.mat
0.0001,0.9992121571721456,0.8947368421052632,9.160585056032245e-05,38,65498,6,6,40,loso_supervised_tpsscs_feature_hgb_conservative_topk_strict_gt,simWind_test.mat,44,simWind_test.mat#44,loso_supervised_tpsscs_feature_hgb,learned_tpsscs_feature_ensemble,simMed_test.mat,simWind_test.mat
0.0003,0.9926416471015418,0.9736842105263158,0.0002900851934410211,38,65498,19,19,56,loso_supervised_tpsscs_feature_hgb_conservative_topk_strict_gt,simWind_test.mat,44,simWind_test.mat#44,loso_supervised_tpsscs_feature_hgb,learned_tpsscs_feature_ensemble,simMed_test.mat,simWind_test.mat
0.001,0.9399819511267486,1.0,0.0009923967144034932,38,65498,65,65,103,loso_supervised_tpsscs_feature_hgb_conservative_topk_strict_gt,simWind_test.mat,44,simWind_test.mat#44,loso_supervised_tpsscs_feature_hgb,learned_tpsscs_feature_ensemble,simMed_test.mat,simWind_test.mat
0.003,0.7529435347376131,1.0,0.0029924577849705335,38,65498,196,196,234,loso_supervised_tpsscs_feature_hgb_conservative_topk_strict_gt,simWind_test.mat,44,simWind_test.mat#44,loso_supervised_tpsscs_feature_hgb,learned_tpsscs_feature_ensemble,simMed_test.mat,simWind_test.mat
0.01,0.3503789207480464,1.0,0.009985037711075147,38,65498,654,654,692,loso_supervised_tpsscs_feature_hgb_conservative_topk_strict_gt,simWind_test.mat,44,simWind_test.mat#44,loso_supervised_tpsscs_feature_hgb,learned_tpsscs_feature_ensemble,simMed_test.mat,simWind_test.mat
1e-05,0.9997234994694081,0.6,0.0,35,65501,0,0,21,loso_supervised_tpsscs_feature_hgb_conservative_topk_strict_gt,simWind_test.mat,45,simWind_test.mat#45,loso_supervised_tpsscs_feature_hgb,learned_tpsscs_feature_ensemble,simMed_test.mat,simWind_test.mat
3e-05,0.9996490560934165,0.8285714285714286,1.5266942489427644e-05,35,65501,1,1,30,loso_supervised_tpsscs_feature_hgb_conservative_topk_strict_gt,simWind_test.mat,45,simWind_test.mat#45,loso_supervised_tpsscs_feature_hgb,learned_tpsscs_feature_ensemble,simMed_test.mat,simWind_test.mat
0.0001,0.9992795106056265,0.8571428571428571,9.160165493656586e-05,35,65501,6,6,36,loso_supervised_tpsscs_feature_hgb_conservative_topk_strict_gt,simWind_test.mat,45,simWind_test.mat#45,loso_supervised_tpsscs_feature_hgb,learned_tpsscs_feature_ensemble,simMed_test.mat,simWind_test.mat
0.0003,0.9886354362561828,0.9428571428571428,0.0002900719072991252,35,65501,19,19,52,loso_supervised_tpsscs_feature_hgb_conservative_topk_strict_gt,simWind_test.mat,45,simWind_test.mat#45,loso_supervised_tpsscs_feature_hgb,learned_tpsscs_feature_ensemble,simMed_test.mat,simWind_test.mat
0.001,0.8970257167328068,1.0,0.0009923512618127967,35,65501,65,65,100,loso_supervised_tpsscs_feature_hgb_conservative_topk_strict_gt,simWind_test.mat,45,simWind_test.mat#45,loso_supervised_tpsscs_feature_hgb,learned_tpsscs_feature_ensemble,simMed_test.mat,simWind_test.mat
0.003,0.6619069841481026,1.0,0.002992320727927818,35,65501,196,196,231,loso_supervised_tpsscs_feature_hgb_conservative_topk_strict_gt,simWind_test.mat,45,simWind_test.mat#45,loso_supervised_tpsscs_feature_hgb,learned_tpsscs_feature_ensemble,simMed_test.mat,simWind_test.mat
0.01,0.3153752006338611,1.0,0.009999847330575106,35,65501,655,655,690,loso_supervised_tpsscs_feature_hgb_conservative_topk_strict_gt,simWind_test.mat,45,simWind_test.mat#45,loso_supervised_tpsscs_feature_hgb,learned_tpsscs_feature_ensemble,simMed_test.mat,simWind_test.mat
1e-05,0.9997628558359106,0.13725490196078433,0.0,51,65485,0,0,7,loso_supervised_tpsscs_feature_hgb_conservative_topk_strict_gt,simWind_test.mat,46,simWind_test.mat#46,loso_supervised_tpsscs_feature_hgb,learned_tpsscs_feature_ensemble,simMed_test.mat,simWind_test.mat
3e-05,0.9997083501653775,0.21568627450980393,1.527067267313125e-05,51,65485,1,1,12,loso_supervised_tpsscs_feature_hgb_conservative_topk_strict_gt,simWind_test.mat,46,simWind_test.mat#46,loso_supervised_tpsscs_feature_hgb,learned_tpsscs_feature_ensemble,simMed_test.mat,simWind_test.mat
0.0001,0.9990026811012084,0.39215686274509803,9.16240360387875e-05,51,65485,6,6,26,loso_supervised_tpsscs_feature_hgb_conservative_topk_strict_gt,simWind_test.mat,46,simWind_test.mat#46,loso_supervised_tpsscs_feature_hgb,learned_tpsscs_feature_ensemble,simMed_test.mat,simWind_test.mat
0.0003,0.9922803848324815,0.5294117647058824,0.0002901427807894938,51,65485,19,19,46,loso_supervised_tpsscs_feature_hgb_conservative_topk_strict_gt,simWind_test.mat,46,simWind_test.mat#46,loso_supervised_tpsscs_feature_hgb,learned_tpsscs_feature_ensemble,simMed_test.mat,simWind_test.mat
0.001,0.9258447888262149,0.7058823529411765,0.0009925937237535314,51,65485,65,65,101,loso_supervised_tpsscs_feature_hgb_conservative_topk_strict_gt,simWind_test.mat,46,simWind_test.mat#46,loso_supervised_tpsscs_feature_hgb,learned_tpsscs_feature_ensemble,simMed_test.mat,simWind_test.mat
0.003,0.6992530953844217,0.8431372549019608,0.0029930518439337255,51,65485,196,196,239,loso_supervised_tpsscs_feature_hgb_conservative_topk_strict_gt,simWind_test.mat,46,simWind_test.mat#46,loso_supervised_tpsscs_feature_hgb,learned_tpsscs_feature_ensemble,simMed_test.mat,simWind_test.mat
0.01,0.297421788108092,0.9019607843137255,0.009987019928227838,51,65485,654,654,700,loso_supervised_tpsscs_feature_hgb_conservative_topk_strict_gt,simWind_test.mat,46,simWind_test.mat#46,loso_supervised_tpsscs_feature_hgb,learned_tpsscs_feature_ensemble,simMed_test.mat,simWind_test.mat
1e-05,0.9996795172235771,0.32142857142857145,0.0,28,65508,0,0,9,loso_supervised_tpsscs_feature_hgb_conservative_topk_strict_gt,simWind_test.mat,47,simWind_test.mat#47,loso_supervised_tpsscs_feature_hgb,learned_tpsscs_feature_ensemble,simMed_test.mat,simWind_test.mat
3e-05,0.9994168455188626,0.35714285714285715,1.526531110704036e-05,28,65508,1,1,11,loso_supervised_tpsscs_feature_hgb_conservative_topk_strict_gt,simWind_test.mat,47,simWind_test.mat#47,loso_supervised_tpsscs_feature_hgb,learned_tpsscs_feature_ensemble,simMed_test.mat,simWind_test.mat
0.0001,0.9974536358290801,0.5,9.159186664224217e-05,28,65508,6,6,20,loso_supervised_tpsscs_feature_hgb_conservative_topk_strict_gt,simWind_test.mat,47,simWind_test.mat#47,loso_supervised_tpsscs_feature_hgb,learned_tpsscs_feature_ensemble,simMed_test.mat,simWind_test.mat
0.0003,0.9740403817815593,0.6071428571428571,0.00029004091103376685,28,65508,19,19,36,loso_supervised_tpsscs_feature_hgb_conservative_topk_strict_gt,simWind_test.mat,47,simWind_test.mat#47,loso_supervised_tpsscs_feature_hgb,learned_tpsscs_feature_ensemble,simMed_test.mat,simWind_test.mat
0.001,0.891342625333578,0.8214285714285714,0.0009922452219576234,28,65508,65,65,88,loso_supervised_tpsscs_feature_hgb_conservative_topk_strict_gt,simWind_test.mat,47,simWind_test.mat#47,loso_supervised_tpsscs_feature_hgb,learned_tpsscs_feature_ensemble,simMed_test.mat,simWind_test.mat
0.003,0.7236447159067217,0.9285714285714286,0.002992000976979911,28,65508,196,196,222,loso_supervised_tpsscs_feature_hgb_conservative_topk_strict_gt,simWind_test.mat,47,simWind_test.mat#47,loso_supervised_tpsscs_feature_hgb,learned_tpsscs_feature_ensemble,simMed_test.mat,simWind_test.mat
0.01,0.3409277898017043,1.0,0.009998778775111437,28,65508,655,655,683,loso_supervised_tpsscs_feature_hgb_conservative_topk_strict_gt,simWind_test.mat,47,simWind_test.mat#47,loso_supervised_tpsscs_feature_hgb,learned_tpsscs_feature_ensemble,simMed_test.mat,simWind_test.mat
1e-05,0.9997084158967959,0.16,0.0,25,65511,0,0,4,loso_supervised_tpsscs_feature_hgb_conservative_topk_strict_gt,simWind_test.mat,48,simWind_test.mat#48,loso_supervised_tpsscs_feature_hgb,learned_tpsscs_feature_ensemble,simMed_test.mat,simWind_test.mat
3e-05,0.9996730042845755,0.24,1.526461204988475e-05,25,65511,1,1,7,loso_supervised_tpsscs_feature_hgb_conservative_topk_strict_gt,simWind_test.mat,48,simWind_test.mat#48,loso_supervised_tpsscs_feature_hgb,learned_tpsscs_feature_ensemble,simMed_test.mat,simWind_test.mat
0.0001,0.9976743025953475,0.56,9.158767229930851e-05,25,65511,6,6,20,loso_supervised_tpsscs_feature_hgb_conservative_topk_strict_gt,simWind_test.mat,48,simWind_test.mat#48,loso_supervised_tpsscs_feature_hgb,learned_tpsscs_feature_ensemble,simMed_test.mat,simWind_test.mat
0.0003,0.9757133582744836,0.8,0.0002900276289478103,25,65511,19,19,39,loso_supervised_tpsscs_feature_hgb_conservative_topk_strict_gt,simWind_test.mat,48,simWind_test.mat#48,loso_supervised_tpsscs_feature_hgb,learned_tpsscs_feature_ensemble,simMed_test.mat,simWind_test.mat
0.001,0.8981303328316517,0.8,0.0009921997832425089,25,65511,65,65,85,loso_supervised_tpsscs_feature_hgb_conservative_topk_strict_gt,simWind_test.mat,48,simWind_test.mat#48,loso_supervised_tpsscs_feature_hgb,learned_tpsscs_feature_ensemble,simMed_test.mat,simWind_test.mat
0.003,0.7004929481061808,0.84,0.0029918639617774116,25,65511,196,196,217,loso_supervised_tpsscs_feature_hgb_conservative_topk_strict_gt,simWind_test.mat,48,simWind_test.mat#48,loso_supervised_tpsscs_feature_hgb,learned_tpsscs_feature_ensemble,simMed_test.mat,simWind_test.mat
0.01,0.280506556654637,0.88,0.009998320892674512,25,65511,655,655,677,loso_supervised_tpsscs_feature_hgb_conservative_topk_strict_gt,simWind_test.mat,48,simWind_test.mat#48,loso_supervised_tpsscs_feature_hgb,learned_tpsscs_feature_ensemble,simMed_test.mat,simWind_test.mat
1e-05,0.9997501522694022,0.18181818181818182,0.0,33,65503,0,0,6,loso_supervised_tpsscs_feature_hgb_conservative_topk_strict_gt,simWind_test.mat,49,simWind_test.mat#49,loso_supervised_tpsscs_feature_hgb,learned_tpsscs_feature_ensemble,simMed_test.mat,simWind_test.mat
3e-05,0.9995701784488943,0.30303030303030304,1.5266476344594905e-05,33,65503,1,1,11,loso_supervised_tpsscs_feature_hgb_conservative_topk_strict_gt,simWind_test.mat,49,simWind_test.mat#49,loso_supervised_tpsscs_feature_hgb,learned_tpsscs_feature_ensemble,simMed_test.mat,simWind_test.mat
0.0001,0.9985085738040539,0.5454545454545454,9.159885806756943e-05,33,65503,6,6,24,loso_supervised_tpsscs_feature_hgb_conservative_topk_strict_gt,simWind_test.mat,49,simWind_test.mat#49,loso_supervised_tpsscs_feature_hgb,learned_tpsscs_feature_ensemble,simMed_test.mat,simWind_test.mat
0.0003,0.9903103395912741,0.6666666666666666,0.0002900630505473032,33,65503,19,19,41,loso_supervised_tpsscs_feature_hgb_conservative_topk_strict_gt,simWind_test.mat,49,simWind_test.mat#49,loso_supervised_tpsscs_feature_hgb,learned_tpsscs_feature_ensemble,simMed_test.mat,simWind_test.mat
0.001,0.9224214193341398,0.7575757575757576,0.0009923209623986687,33,65503,65,65,90,loso_supervised_tpsscs_feature_hgb_conservative_topk_strict_gt,simWind_test.mat,49,simWind_test.mat#49,loso_supervised_tpsscs_feature_hgb,learned_tpsscs_feature_ensemble,simMed_test.mat,simWind_test.mat
0.003,0.7497606241280091,0.8787878787878788,0.002992229363540601,33,65503,196,196,225,loso_supervised_tpsscs_feature_hgb_conservative_topk_strict_gt,simWind_test.mat,49,simWind_test.mat#49,loso_supervised_tpsscs_feature_hgb,learned_tpsscs_feature_ensemble,simMed_test.mat,simWind_test.mat
0.01,0.36565045433891935,0.9393939393939394,0.009999542005709662,33,65503,655,655,686,loso_supervised_tpsscs_feature_hgb_conservative_topk_strict_gt,simWind_test.mat,49,simWind_test.mat#49,loso_supervised_tpsscs_feature_hgb,learned_tpsscs_feature_ensemble,simMed_test.mat,simWind_test.mat
1e-05,0.9997543958319395,0.2,0.0,25,65511,0,0,5,loso_supervised_tpsscs_feature_hgb_conservative_topk_strict_gt,simWind_test.mat,50,simWind_test.mat#50,loso_supervised_tpsscs_feature_hgb,learned_tpsscs_feature_ensemble,simMed_test.mat,simWind_test.mat
3e-05,0.9997244135039463,0.48,1.526461204988475e-05,25,65511,1,1,13,loso_supervised_tpsscs_feature_hgb_conservative_topk_strict_gt,simWind_test.mat,50,simWind_test.mat#50,loso_supervised_tpsscs_feature_hgb,learned_tpsscs_feature_ensemble,simMed_test.mat,simWind_test.mat
0.0001,0.9990008370189003,0.88,9.158767229930851e-05,25,65511,6,6,28,loso_supervised_tpsscs_feature_hgb_conservative_topk_strict_gt,simWind_test.mat,50,simWind_test.mat#50,loso_supervised_tpsscs_feature_hgb,learned_tpsscs_feature_ensemble,simMed_test.mat,simWind_test.mat
0.0003,0.9936498343046397,1.0,0.0002900276289478103,25,65511,19,19,44,loso_supervised_tpsscs_feature_hgb_conservative_topk_strict_gt,simWind_test.mat,50,simWind_test.mat#50,loso_supervised_tpsscs_feature_hgb,learned_tpsscs_feature_ensemble,simMed_test.mat,simWind_test.mat
0.001,0.9381863487469142,1.0,0.0009921997832425089,25,65511,65,65,90,loso_supervised_tpsscs_feature_hgb_conservative_topk_strict_gt,simWind_test.mat,50,simWind_test.mat#50,loso_supervised_tpsscs_feature_hgb,learned_tpsscs_feature_ensemble,simMed_test.mat,simWind_test.mat
0.003,0.788747550233367,1.0,0.0029918639617774116,25,65511,196,196,221,loso_supervised_tpsscs_feature_hgb_conservative_topk_strict_gt,simWind_test.mat,50,simWind_test.mat#50,loso_supervised_tpsscs_feature_hgb,learned_tpsscs_feature_ensemble,simMed_test.mat,simWind_test.mat
0.01,0.4644096596038949,1.0,0.009998320892674512,25,65511,655,655,680,loso_supervised_tpsscs_feature_hgb_conservative_topk_strict_gt,simWind_test.mat,50,simWind_test.mat#50,loso_supervised_tpsscs_feature_hgb,learned_tpsscs_feature_ensemble,simMed_test.mat,simWind_test.mat
1e-05,0.9997997026473338,0.0625,0.0,16,65520,0,0,1,loso_supervised_tpsscs_feature_hgb_conservative_topk_strict_gt,simWind_test.mat,51,simWind_test.mat#51,loso_supervised_tpsscs_feature_hgb,learned_tpsscs_feature_ensemble,simMed_test.mat,simWind_test.mat
3e-05,0.9997319488081027,0.375,1.5262515262515263e-05,16,65520,1,1,7,loso_supervised_tpsscs_feature_hgb_conservative_topk_strict_gt,simWind_test.mat,51,simWind_test.mat#51,loso_supervised_tpsscs_feature_hgb,learned_tpsscs_feature_ensemble,simMed_test.mat,simWind_test.mat
0.0001,0.9981882023568117,0.8125,9.157509157509158e-05,16,65520,6,6,19,loso_supervised_tpsscs_feature_hgb_conservative_topk_strict_gt,simWind_test.mat,51,simWind_test.mat#51,loso_supervised_tpsscs_feature_hgb,learned_tpsscs_feature_ensemble,simMed_test.mat,simWind_test.mat
0.0003,0.9513374589606329,0.9375,0.00028998778998779,16,65520,19,19,34,loso_supervised_tpsscs_feature_hgb_conservative_topk_strict_gt,simWind_test.mat,51,simWind_test.mat#51,loso_supervised_tpsscs_feature_hgb,learned_tpsscs_feature_ensemble,simMed_test.mat,simWind_test.mat
0.001,0.7400267304435784,0.9375,0.000992063492063492,16,65520,65,65,80,loso_supervised_tpsscs_feature_hgb_conservative_topk_strict_gt,simWind_test.mat,51,simWind_test.mat#51,loso_supervised_tpsscs_feature_hgb,learned_tpsscs_feature_ensemble,simMed_test.mat,simWind_test.mat
0.003,0.4387635421868,0.9375,0.0029914529914529917,16,65520,196,196,211,loso_supervised_tpsscs_feature_hgb_conservative_topk_strict_gt,simWind_test.mat,51,simWind_test.mat#51,loso_supervised_tpsscs_feature_hgb,learned_tpsscs_feature_ensemble,simMed_test.mat,simWind_test.mat
0.01,0.17230857974949437,0.9375,0.009996947496947496,16,65520,655,655,670,loso_supervised_tpsscs_feature_hgb_conservative_topk_strict_gt,simWind_test.mat,51,simWind_test.mat#51,loso_supervised_tpsscs_feature_hgb,learned_tpsscs_feature_ensemble,simMed_test.mat,simWind_test.mat
1e-05,0.999703602169878,0.5423728813559322,0.0,59,65477,0,0,32,loso_supervised_tpsscs_feature_hgb_conservative_topk_strict_gt,simWind_test.mat,52,simWind_test.mat#52,loso_supervised_tpsscs_feature_hgb,learned_tpsscs_feature_ensemble,simMed_test.mat,simWind_test.mat
3e-05,0.9996691754073601,0.5932203389830508,1.5272538448615544e-05,59,65477,1,1,36,loso_supervised_tpsscs_feature_hgb_conservative_topk_strict_gt,simWind_test.mat,52,simWind_test.mat#52,loso_supervised_tpsscs_feature_hgb,learned_tpsscs_feature_ensemble,simMed_test.mat,simWind_test.mat
0.0001,0.9994227537941669,0.8305084745762712,9.163523069169327e-05,59,65477,6,6,55,loso_supervised_tpsscs_feature_hgb_conservative_topk_strict_gt,simWind_test.mat,52,simWind_test.mat#52,loso_supervised_tpsscs_feature_hgb,learned_tpsscs_feature_ensemble,simMed_test.mat,simWind_test.mat
0.0003,0.9952429363209748,0.9830508474576272,0.00029017823052369533,59,65477,19,19,77,loso_supervised_tpsscs_feature_hgb_conservative_topk_strict_gt,simWind_test.mat,52,simWind_test.mat#52,loso_supervised_tpsscs_feature_hgb,learned_tpsscs_feature_ensemble,simMed_test.mat,simWind_test.mat
0.001,0.9554564494282245,0.9830508474576272,0.0009927149991600104,59,65477,65,65,123,loso_supervised_tpsscs_feature_hgb_conservative_topk_strict_gt,simWind_test.mat,52,simWind_test.mat#52,loso_supervised_tpsscs_feature_hgb,learned_tpsscs_feature_ensemble,simMed_test.mat,simWind_test.mat
0.003,0.7830232707704895,1.0,0.002993417535928647,59,65477,196,196,255,loso_supervised_tpsscs_feature_hgb_conservative_topk_strict_gt,simWind_test.mat,52,simWind_test.mat#52,loso_supervised_tpsscs_feature_hgb,learned_tpsscs_feature_ensemble,simMed_test.mat,simWind_test.mat
0.01,0.4144462853888093,1.0,0.009988240145394567,59,65477,654,654,713,loso_supervised_tpsscs_feature_hgb_conservative_topk_strict_gt,simWind_test.mat,52,simWind_test.mat#52,loso_supervised_tpsscs_feature_hgb,learned_tpsscs_feature_ensemble,simMed_test.mat,simWind_test.mat
1e-05,0.9996517515772402,0.46938775510204084,0.0,49,65487,0,0,23,loso_supervised_tpsscs_feature_hgb_conservative_topk_strict_gt,simWind_test.mat,53,simWind_test.mat#53,loso_supervised_tpsscs_feature_hgb,learned_tpsscs_feature_ensemble,simMed_test.mat,simWind_test.mat
3e-05,0.9996431004297546,0.46938775510204084,1.5270206300487118e-05,49,65487,1,1,24,loso_supervised_tpsscs_feature_hgb_conservative_topk_strict_gt,simWind_test.mat,53,simWind_test.mat#53,loso_supervised_tpsscs_feature_hgb,learned_tpsscs_feature_ensemble,simMed_test.mat,simWind_test.mat
0.0001,0.998754997276754,0.7551020408163265,9.162123780292272e-05,49,65487,6,6,43,loso_supervised_tpsscs_feature_hgb_conservative_topk_strict_gt,simWind_test.mat,53,simWind_test.mat#53,loso_supervised_tpsscs_feature_hgb,learned_tpsscs_feature_ensemble,simMed_test.mat,simWind_test.mat
0.0003,0.9933479144639464,0.8571428571428571,0.0002901339197092553,49,65487,19,19,61,loso_supervised_tpsscs_feature_hgb_conservative_topk_strict_gt,simWind_test.mat,53,simWind_test.mat#53,loso_supervised_tpsscs_feature_hgb,learned_tpsscs_feature_ensemble,simMed_test.mat,simWind_test.mat
0.001,0.9155425727034014,0.8979591836734694,0.0009925634095316628,49,65487,65,65,109,loso_supervised_tpsscs_feature_hgb_conservative_topk_strict_gt,simWind_test.mat,53,simWind_test.mat#53,loso_supervised_tpsscs_feature_hgb,learned_tpsscs_feature_ensemble,simMed_test.mat,simWind_test.mat
0.003,0.763652645991424,0.8979591836734694,0.0029929604348954753,49,65487,196,196,240,loso_supervised_tpsscs_feature_hgb_conservative_topk_strict_gt,simWind_test.mat,53,simWind_test.mat#53,loso_supervised_tpsscs_feature_hgb,learned_tpsscs_feature_ensemble,simMed_test.mat,simWind_test.mat
0.01,0.41160090443444636,0.8979591836734694,0.009986714920518577,49,65487,654,654,698,loso_supervised_tpsscs_feature_hgb_conservative_topk_strict_gt,simWind_test.mat,53,simWind_test.mat#53,loso_supervised_tpsscs_feature_hgb,learned_tpsscs_feature_ensemble,simMed_test.mat,simWind_test.mat
1e-05,0.9997568393520054,0.1111111111111111,0.0,36,65500,0,0,4,loso_supervised_tpsscs_feature_hgb_conservative_topk_strict_gt,simWind_test.mat,54,simWind_test.mat#54,loso_supervised_tpsscs_feature_hgb,learned_tpsscs_feature_ensemble,simMed_test.mat,simWind_test.mat
3e-05,0.9997395075619137,0.2777777777777778,1.5267175572519083e-05,36,65500,1,1,11,loso_supervised_tpsscs_feature_hgb_conservative_topk_strict_gt,simWind_test.mat,54,simWind_test.mat#54,loso_supervised_tpsscs_feature_hgb,learned_tpsscs_feature_ensemble,simMed_test.mat,simWind_test.mat
0.0001,0.998156691718765,0.6111111111111112,9.16030534351145e-05,36,65500,6,6,28,loso_supervised_tpsscs_feature_hgb_conservative_topk_strict_gt,simWind_test.mat,54,simWind_test.mat#54,loso_supervised_tpsscs_feature_hgb,learned_tpsscs_feature_ensemble,simMed_test.mat,simWind_test.mat
0.0003,0.991782720881216,0.7777777777777778,0.0002900763358778626,36,65500,19,19,47,loso_supervised_tpsscs_feature_hgb_conservative_topk_strict_gt,simWind_test.mat,54,simWind_test.mat#54,loso_supervised_tpsscs_feature_hgb,learned_tpsscs_feature_ensemble,simMed_test.mat,simWind_test.mat
0.001,0.9031163215794389,0.8888888888888888,0.0009923664122137405,36,65500,65,65,97,loso_supervised_tpsscs_feature_hgb_conservative_topk_strict_gt,simWind_test.mat,54,simWind_test.mat#54,loso_supervised_tpsscs_feature_hgb,learned_tpsscs_feature_ensemble,simMed_test.mat,simWind_test.mat
0.003,0.6718174447491243,0.9444444444444444,0.0029923664122137403,36,65500,196,196,230,loso_supervised_tpsscs_feature_hgb_conservative_topk_strict_gt,simWind_test.mat,54,simWind_test.mat#54,loso_supervised_tpsscs_feature_hgb,learned_tpsscs_feature_ensemble,simMed_test.mat,simWind_test.mat
0.01,0.2589603374049118,0.9722222222222222,0.01,36,65500,655,655,690,loso_supervised_tpsscs_feature_hgb_conservative_topk_strict_gt,simWind_test.mat,54,simWind_test.mat#54,loso_supervised_tpsscs_feature_hgb,learned_tpsscs_feature_ensemble,simMed_test.mat,simWind_test.mat
1e-05,0.9996531218952653,0.5,0.0,24,65512,0,0,12,loso_supervised_tpsscs_feature_hgb_conservative_topk_strict_gt,simWind_test.mat,55,simWind_test.mat#55,loso_supervised_tpsscs_feature_hgb,learned_tpsscs_feature_ensemble,simMed_test.mat,simWind_test.mat
3e-05,0.9993129882394927,0.625,1.5264379045060447e-05,24,65512,1,1,16,loso_supervised_tpsscs_feature_hgb_conservative_topk_strict_gt,simWind_test.mat,55,simWind_test.mat#55,loso_supervised_tpsscs_feature_hgb,learned_tpsscs_feature_ensemble,simMed_test.mat,simWind_test.mat
0.0001,0.9929180104618983,0.7083333333333334,9.158627427036269e-05,24,65512,6,6,23,loso_supervised_tpsscs_feature_hgb_conservative_topk_strict_gt,simWind_test.mat,55,simWind_test.mat#55,loso_supervised_tpsscs_feature_hgb,learned_tpsscs_feature_ensemble,simMed_test.mat,simWind_test.mat
0.0003,0.9673752908114589,0.8333333333333334,0.0002900232018561485,24,65512,19,19,39,loso_supervised_tpsscs_feature_hgb_conservative_topk_strict_gt,simWind_test.mat,55,simWind_test.mat#55,loso_supervised_tpsscs_feature_hgb,learned_tpsscs_feature_ensemble,simMed_test.mat,simWind_test.mat
0.001,0.8798309868459019,0.875,0.000992184637928929,24,65512,65,65,86,loso_supervised_tpsscs_feature_hgb_conservative_topk_strict_gt,simWind_test.mat,55,simWind_test.mat#55,loso_supervised_tpsscs_feature_hgb,learned_tpsscs_feature_ensemble,simMed_test.mat,simWind_test.mat
0.003,0.6548593455887485,0.9583333333333334,0.0029918182928318476,24,65512,196,196,219,loso_supervised_tpsscs_feature_hgb_conservative_topk_strict_gt,simWind_test.mat,55,simWind_test.mat#55,loso_supervised_tpsscs_feature_hgb,learned_tpsscs_feature_ensemble,simMed_test.mat,simWind_test.mat
0.01,0.2794324603211423,1.0,0.009998168274514593,24,65512,655,655,679,loso_supervised_tpsscs_feature_hgb_conservative_topk_strict_gt,simWind_test.mat,55,simWind_test.mat#55,loso_supervised_tpsscs_feature_hgb,learned_tpsscs_feature_ensemble,simMed_test.mat,simWind_test.mat
1e-05,0.9997875541991416,0.2631578947368421,0.0,19,65517,0,0,5,loso_supervised_tpsscs_feature_hgb_conservative_topk_strict_gt,simWind_test.mat,56,simWind_test.mat#56,loso_supervised_tpsscs_feature_hgb,learned_tpsscs_feature_ensemble,simMed_test.mat,simWind_test.mat
3e-05,0.9996781932970382,0.5789473684210527,1.5263214127630997e-05,19,65517,1,1,12,loso_supervised_tpsscs_feature_hgb_conservative_topk_strict_gt,simWind_test.mat,56,simWind_test.mat#56,loso_supervised_tpsscs_feature_hgb,learned_tpsscs_feature_ensemble,simMed_test.mat,simWind_test.mat
0.0001,0.9982959794089353,0.8947368421052632,9.157928476578598e-05,19,65517,6,6,23,loso_supervised_tpsscs_feature_hgb_conservative_topk_strict_gt,simWind_test.mat,56,simWind_test.mat#56,loso_supervised_tpsscs_feature_hgb,learned_tpsscs_feature_ensemble,simMed_test.mat,simWind_test.mat
0.0003,0.980278927408404,0.9473684210526315,0.00029000106842498895,19,65517,19,19,37,loso_supervised_tpsscs_feature_hgb_conservative_topk_strict_gt,simWind_test.mat,56,simWind_test.mat#56,loso_supervised_tpsscs_feature_hgb,learned_tpsscs_feature_ensemble,simMed_test.mat,simWind_test.mat
0.001,0.907065459752618,0.9473684210526315,0.0009921089182960148,19,65517,65,65,83,loso_supervised_tpsscs_feature_hgb_conservative_topk_strict_gt,simWind_test.mat,56,simWind_test.mat#56,loso_supervised_tpsscs_feature_hgb,learned_tpsscs_feature_ensemble,simMed_test.mat,simWind_test.mat
0.003,0.7133164591699975,1.0,0.0029915899690156752,19,65517,196,196,215,loso_supervised_tpsscs_feature_hgb_conservative_topk_strict_gt,simWind_test.mat,56,simWind_test.mat#56,loso_supervised_tpsscs_feature_hgb,learned_tpsscs_feature_ensemble,simMed_test.mat,simWind_test.mat
0.01,0.35635759529334643,1.0,0.009997405253598303,19,65517,655,655,674,loso_supervised_tpsscs_feature_hgb_conservative_topk_strict_gt,simWind_test.mat,56,simWind_test.mat#56,loso_supervised_tpsscs_feature_hgb,learned_tpsscs_feature_ensemble,simMed_test.mat,simWind_test.mat
1e-05,0.999750874974645,0.2564102564102564,0.0,39,65497,0,0,10,loso_supervised_tpsscs_feature_hgb_conservative_topk_strict_gt,simWind_test.mat,59,simWind_test.mat#59,loso_supervised_tpsscs_feature_hgb,learned_tpsscs_feature_ensemble,simMed_test.mat,simWind_test.mat
3e-05,0.9997366188700562,0.28205128205128205,1.526787486449761e-05,39,65497,1,1,12,loso_supervised_tpsscs_feature_hgb_conservative_topk_strict_gt,simWind_test.mat,59,simWind_test.mat#59,loso_supervised_tpsscs_feature_hgb,learned_tpsscs_feature_ensemble,simMed_test.mat,simWind_test.mat
0.0001,0.999488508467488,0.6410256410256411,9.160724918698567e-05,39,65497,6,6,31,loso_supervised_tpsscs_feature_hgb_conservative_topk_strict_gt,simWind_test.mat,59,simWind_test.mat#59,loso_supervised_tpsscs_feature_hgb,learned_tpsscs_feature_ensemble,simMed_test.mat,simWind_test.mat
0.0003,0.9978487766008607,0.8461538461538461,0.0002900896224254546,39,65497,19,19,52,loso_supervised_tpsscs_feature_hgb_conservative_topk_strict_gt,simWind_test.mat,59,simWind_test.mat#59,loso_supervised_tpsscs_feature_hgb,learned_tpsscs_feature_ensemble,simMed_test.mat,simWind_test.mat
0.001,0.9087514723467204,0.9487179487179487,0.0009924118661923447,39,65497,65,65,102,loso_supervised_tpsscs_feature_hgb_conservative_topk_strict_gt,simWind_test.mat,59,simWind_test.mat#59,loso_supervised_tpsscs_feature_hgb,learned_tpsscs_feature_ensemble,simMed_test.mat,simWind_test.mat
0.003,0.631495379265887,0.9743589743589743,0.0029925034734415317,39,65497,196,196,234,loso_supervised_tpsscs_feature_hgb_conservative_topk_strict_gt,simWind_test.mat,59,simWind_test.mat#59,loso_supervised_tpsscs_feature_hgb,learned_tpsscs_feature_ensemble,simMed_test.mat,simWind_test.mat
0.01,0.19945580361199058,1.0,0.009985190161381437,39,65497,654,654,693,loso_supervised_tpsscs_feature_hgb_conservative_topk_strict_gt,simWind_test.mat,59,simWind_test.mat#59,loso_supervised_tpsscs_feature_hgb,learned_tpsscs_feature_ensemble,simMed_test.mat,simWind_test.mat
1e-05,0.9995539627846736,0.5882352941176471,0.0,51,65485,0,0,30,loso_supervised_tpsscs_feature_hgb_conservative_topk_strict_gt,simWind_test.mat,61,simWind_test.mat#61,loso_supervised_tpsscs_feature_hgb,learned_tpsscs_feature_ensemble,simMed_test.mat,simWind_test.mat
3e-05,0.999401053511387,0.7058823529411765,1.527067267313125e-05,51,65485,1,1,37,loso_supervised_tpsscs_feature_hgb_conservative_topk_strict_gt,simWind_test.mat,61,simWind_test.mat#61,loso_supervised_tpsscs_feature_hgb,learned_tpsscs_feature_ensemble,simMed_test.mat,simWind_test.mat
0.0001,0.9990260469788071,0.7450980392156863,9.16240360387875e-05,51,65485,6,6,44,loso_supervised_tpsscs_feature_hgb_conservative_topk_strict_gt,simWind_test.mat,61,simWind_test.mat#61,loso_supervised_tpsscs_feature_hgb,learned_tpsscs_feature_ensemble,simMed_test.mat,simWind_test.mat
0.0003,0.9954353754257949,0.8627450980392157,0.0002901427807894938,51,65485,19,19,63,loso_supervised_tpsscs_feature_hgb_conservative_topk_strict_gt,simWind_test.mat,61,simWind_test.mat#61,loso_supervised_tpsscs_feature_hgb,learned_tpsscs_feature_ensemble,simMed_test.mat,simWind_test.mat
0.001,0.9246151628612066,0.9607843137254902,0.0009925937237535314,51,65485,65,65,114,loso_supervised_tpsscs_feature_hgb_conservative_topk_strict_gt,simWind_test.mat,61,simWind_test.mat#61,loso_supervised_tpsscs_feature_hgb,learned_tpsscs_feature_ensemble,simMed_test.mat,simWind_test.mat
0.003,0.794020445803201,0.9803921568627451,0.0029930518439337255,51,65485,196,196,246,loso_supervised_tpsscs_feature_hgb_conservative_topk_strict_gt,simWind_test.mat,61,simWind_test.mat#61,loso_supervised_tpsscs_feature_hgb,learned_tpsscs_feature_ensemble,simMed_test.mat,simWind_test.mat
0.01,0.4124156978539186,1.0,0.009987019928227838,51,65485,654,654,705,loso_supervised_tpsscs_feature_hgb_conservative_topk_strict_gt,simWind_test.mat,61,simWind_test.mat#61,loso_supervised_tpsscs_feature_hgb,learned_tpsscs_feature_ensemble,simMed_test.mat,simWind_test.mat
1e-05,0.9988818644611264,0.23076923076923078,0.0,26,65510,0,0,6,loso_supervised_tpsscs_feature_hgb_conservative_topk_strict_gt,simWind_test.mat,62,simWind_test.mat#62,loso_supervised_tpsscs_feature_hgb,learned_tpsscs_feature_ensemble,simMed_test.mat,simWind_test.mat
3e-05,0.9980602162047524,0.34615384615384615,1.5264845061822624e-05,26,65510,1,1,10,loso_supervised_tpsscs_feature_hgb_conservative_topk_strict_gt,simWind_test.mat,62,simWind_test.mat#62,loso_supervised_tpsscs_feature_hgb,learned_tpsscs_feature_ensemble,simMed_test.mat,simWind_test.mat
0.0001,0.9863745591361796,0.5384615384615384,9.158907037093573e-05,26,65510,6,6,20,loso_supervised_tpsscs_feature_hgb_conservative_topk_strict_gt,simWind_test.mat,62,simWind_test.mat#62,loso_supervised_tpsscs_feature_hgb,learned_tpsscs_feature_ensemble,simMed_test.mat,simWind_test.mat
0.0003,0.954212308705972,0.6538461538461539,0.00029003205617462985,26,65510,19,19,36,loso_supervised_tpsscs_feature_hgb_conservative_topk_strict_gt,simWind_test.mat,62,simWind_test.mat#62,loso_supervised_tpsscs_feature_hgb,learned_tpsscs_feature_ensemble,simMed_test.mat,simWind_test.mat
0.001,0.8526893584556189,0.7307692307692307,0.0009922149290184704,26,65510,65,65,84,loso_supervised_tpsscs_feature_hgb_conservative_topk_strict_gt,simWind_test.mat,62,simWind_test.mat#62,loso_supervised_tpsscs_feature_hgb,learned_tpsscs_feature_ensemble,simMed_test.mat,simWind_test.mat
0.003,0.5636508354639733,0.7692307692307693,0.002991909632117234,26,65510,196,196,216,loso_supervised_tpsscs_feature_hgb_conservative_topk_strict_gt,simWind_test.mat,62,simWind_test.mat#62,loso_supervised_tpsscs_feature_hgb,learned_tpsscs_feature_ensemble,simMed_test.mat,simWind_test.mat
0.01,0.2141283114218519,0.8076923076923077,0.009998473515493819,26,65510,655,655,676,loso_supervised_tpsscs_feature_hgb_conservative_topk_strict_gt,simWind_test.mat,62,simWind_test.mat#62,loso_supervised_tpsscs_feature_hgb,learned_tpsscs_feature_ensemble,simMed_test.mat,simWind_test.mat
1e-05,0.9996917244302089,0.5689655172413793,0.0,58,65478,0,0,33,loso_supervised_tpsscs_feature_hgb_conservative_topk_strict_gt,simWind_test.mat,63,simWind_test.mat#63,loso_supervised_tpsscs_feature_hgb,learned_tpsscs_feature_ensemble,simMed_test.mat,simWind_test.mat
3e-05,0.9996742696709605,0.6206896551724138,1.527230520174715e-05,58,65478,1,1,37,loso_supervised_tpsscs_feature_hgb_conservative_topk_strict_gt,simWind_test.mat,63,simWind_test.mat#63,loso_supervised_tpsscs_feature_hgb,learned_tpsscs_feature_ensemble,simMed_test.mat,simWind_test.mat
0.0001,0.9991828618638252,0.8103448275862069,9.163383121048291e-05,58,65478,6,6,53,loso_supervised_tpsscs_feature_hgb_conservative_topk_strict_gt,simWind_test.mat,63,simWind_test.mat#63,loso_supervised_tpsscs_feature_hgb,learned_tpsscs_feature_ensemble,simMed_test.mat,simWind_test.mat
0.0003,0.9967874230442377,0.9482758620689655,0.0002901737988331959,58,65478,19,19,74,loso_supervised_tpsscs_feature_hgb_conservative_topk_strict_gt,simWind_test.mat,63,simWind_test.mat#63,loso_supervised_tpsscs_feature_hgb,learned_tpsscs_feature_ensemble,simMed_test.mat,simWind_test.mat
0.001,0.9726599441469193,1.0,0.0009926998381135648,58,65478,65,65,123,loso_supervised_tpsscs_feature_hgb_conservative_topk_strict_gt,simWind_test.mat,63,simWind_test.mat#63,loso_supervised_tpsscs_feature_hgb,learned_tpsscs_feature_ensemble,simMed_test.mat,simWind_test.mat
0.003,0.8069860174707347,1.0,0.0029933718195424416,58,65478,196,196,254,loso_supervised_tpsscs_feature_hgb_conservative_topk_strict_gt,simWind_test.mat,63,simWind_test.mat#63,loso_supervised_tpsscs_feature_hgb,learned_tpsscs_feature_ensemble,simMed_test.mat,simWind_test.mat
0.01,0.4167752588982145,1.0,0.009988087601942638,58,65478,654,654,712,loso_supervised_tpsscs_feature_hgb_conservative_topk_strict_gt,simWind_test.mat,63,simWind_test.mat#63,loso_supervised_tpsscs_feature_hgb,learned_tpsscs_feature_ensemble,simMed_test.mat,simWind_test.mat
1e-05,0.999667904158395,0.6875,0.0,16,65520,0,0,11,loso_supervised_tpsscs_feature_hgb_conservative_topk_strict_gt,simWind_test.mat,64,simWind_test.mat#64,loso_supervised_tpsscs_feature_hgb,learned_tpsscs_feature_ensemble,simMed_test.mat,simWind_test.mat
3e-05,0.9994928414378117,0.75,1.5262515262515263e-05,16,65520,1,1,13,loso_supervised_tpsscs_feature_hgb_conservative_topk_strict_gt,simWind_test.mat,64,simWind_test.mat#64,loso_supervised_tpsscs_feature_hgb,learned_tpsscs_feature_ensemble,simMed_test.mat,simWind_test.mat
0.0001,0.9939201670539147,0.8125,9.157509157509158e-05,16,65520,6,6,19,loso_supervised_tpsscs_feature_hgb_conservative_topk_strict_gt,simWind_test.mat,64,simWind_test.mat#64,loso_supervised_tpsscs_feature_hgb,learned_tpsscs_feature_ensemble,simMed_test.mat,simWind_test.mat
0.0003,0.9645319808616929,0.875,0.00028998778998779,16,65520,19,19,33,loso_supervised_tpsscs_feature_hgb_conservative_topk_strict_gt,simWind_test.mat,64,simWind_test.mat#64,loso_supervised_tpsscs_feature_hgb,learned_tpsscs_feature_ensemble,simMed_test.mat,simWind_test.mat
0.001,0.8687134000041371,0.875,0.000992063492063492,16,65520,65,65,79,loso_supervised_tpsscs_feature_hgb_conservative_topk_strict_gt,simWind_test.mat,64,simWind_test.mat#64,loso_supervised_tpsscs_feature_hgb,learned_tpsscs_feature_ensemble,simMed_test.mat,simWind_test.mat
0.003,0.6630901237127705,0.875,0.0029914529914529917,16,65520,196,196,210,loso_supervised_tpsscs_feature_hgb_conservative_topk_strict_gt,simWind_test.mat,64,simWind_test.mat#64,loso_supervised_tpsscs_feature_hgb,learned_tpsscs_feature_ensemble,simMed_test.mat,simWind_test.mat
0.01,0.34436546726274375,0.9375,0.009996947496947496,16,65520,655,655,670,loso_supervised_tpsscs_feature_hgb_conservative_topk_strict_gt,simWind_test.mat,64,simWind_test.mat#64,loso_supervised_tpsscs_feature_hgb,learned_tpsscs_feature_ensemble,simMed_test.mat,simWind_test.mat
1e-05,0.9996164637023451,0.3333333333333333,0.0,30,65506,0,0,10,loso_supervised_tpsscs_feature_hgb_conservative_topk_strict_gt,simWind_test.mat,65,simWind_test.mat#65,loso_supervised_tpsscs_feature_hgb,learned_tpsscs_feature_ensemble,simMed_test.mat,simWind_test.mat
3e-05,0.9994974837288333,0.5,1.526577718071627e-05,30,65506,1,1,16,loso_supervised_tpsscs_feature_hgb_conservative_topk_strict_gt,simWind_test.mat,65,simWind_test.mat#65,loso_supervised_tpsscs_feature_hgb,learned_tpsscs_feature_ensemble,simMed_test.mat,simWind_test.mat
0.0001,0.9985496274035862,0.7666666666666667,9.159466308429762e-05,30,65506,6,6,29,loso_supervised_tpsscs_feature_hgb_conservative_topk_strict_gt,simWind_test.mat,65,simWind_test.mat#65,loso_supervised_tpsscs_feature_hgb,learned_tpsscs_feature_ensemble,simMed_test.mat,simWind_test.mat
0.0003,0.986061386972925,0.9333333333333333,0.00029004976643360914,30,65506,19,19,47,loso_supervised_tpsscs_feature_hgb_conservative_topk_strict_gt,simWind_test.mat,65,simWind_test.mat#65,loso_supervised_tpsscs_feature_hgb,learned_tpsscs_feature_ensemble,simMed_test.mat,simWind_test.mat
0.001,0.8845952964438721,0.9666666666666667,0.0009922755167465576,30,65506,65,65,94,loso_supervised_tpsscs_feature_hgb_conservative_topk_strict_gt,simWind_test.mat,65,simWind_test.mat#65,loso_supervised_tpsscs_feature_hgb,learned_tpsscs_feature_ensemble,simMed_test.mat,simWind_test.mat
0.003,0.588675588584039,0.9666666666666667,0.002992092327420389,30,65506,196,196,225,loso_supervised_tpsscs_feature_hgb_conservative_topk_strict_gt,simWind_test.mat,65,simWind_test.mat#65,loso_supervised_tpsscs_feature_hgb,learned_tpsscs_feature_ensemble,simMed_test.mat,simWind_test.mat
0.01,0.1770811012508957,0.9666666666666667,0.009999084053369156,30,65506,655,655,684,loso_supervised_tpsscs_feature_hgb_conservative_topk_strict_gt,simWind_test.mat,65,simWind_test.mat#65,loso_supervised_tpsscs_feature_hgb,learned_tpsscs_feature_ensemble,simMed_test.mat,simWind_test.mat
1e-05,0.9997041268321675,0.22727272727272727,0.0,44,65492,0,0,10,loso_supervised_tpsscs_feature_hgb_conservative_topk_strict_gt,simWind_test.mat,67,simWind_test.mat#67,loso_supervised_tpsscs_feature_hgb,learned_tpsscs_feature_ensemble,simMed_test.mat,simWind_test.mat
3e-05,0.9996418445617419,0.3181818181818182,1.526904049349539e-05,44,65492,1,1,15,loso_supervised_tpsscs_feature_hgb_conservative_topk_strict_gt,simWind_test.mat,67,simWind_test.mat#67,loso_supervised_tpsscs_feature_hgb,learned_tpsscs_feature_ensemble,simMed_test.mat,simWind_test.mat
0.0001,0.9995575737763113,0.38636363636363635,9.161424296097234e-05,44,65492,6,6,23,loso_supervised_tpsscs_feature_hgb_conservative_topk_strict_gt,simWind_test.mat,67,simWind_test.mat#67,loso_supervised_tpsscs_feature_hgb,learned_tpsscs_feature_ensemble,simMed_test.mat,simWind_test.mat
0.0003,0.9912334205948983,0.6590909090909091,0.00029011176937641237,44,65492,19,19,48,loso_supervised_tpsscs_feature_hgb_conservative_topk_strict_gt,simWind_test.mat,67,simWind_test.mat#67,loso_supervised_tpsscs_feature_hgb,learned_tpsscs_feature_ensemble,simMed_test.mat,simWind_test.mat
0.001,0.8628724169775148,0.9090909090909091,0.0009924876320772003,44,65492,65,65,105,loso_supervised_tpsscs_feature_hgb_conservative_topk_strict_gt,simWind_test.mat,67,simWind_test.mat#67,loso_supervised_tpsscs_feature_hgb,learned_tpsscs_feature_ensemble,simMed_test.mat,simWind_test.mat
0.003,0.6058375015963482,0.9545454545454546,0.002992731936725096,44,65492,196,196,238,loso_supervised_tpsscs_feature_hgb_conservative_topk_strict_gt,simWind_test.mat,67,simWind_test.mat#67,loso_supervised_tpsscs_feature_hgb,learned_tpsscs_feature_ensemble,simMed_test.mat,simWind_test.mat
0.01,0.21659758156773176,1.0,0.009985952482745985,44,65492,654,654,698,loso_supervised_tpsscs_feature_hgb_conservative_topk_strict_gt,simWind_test.mat,67,simWind_test.mat#67,loso_supervised_tpsscs_feature_hgb,learned_tpsscs_feature_ensemble,simMed_test.mat,simWind_test.mat
1e-05,0.9996795172235771,0.2682926829268293,0.0,41,65495,0,0,11,loso_supervised_tpsscs_feature_hgb_conservative_topk_strict_gt,simWind_test.mat,69,simWind_test.mat#69,loso_supervised_tpsscs_feature_hgb,learned_tpsscs_feature_ensemble,simMed_test.mat,simWind_test.mat
3e-05,0.9996267604258176,0.3170731707317073,1.5268341094740055e-05,41,65495,1,1,14,loso_supervised_tpsscs_feature_hgb_conservative_topk_strict_gt,simWind_test.mat,69,simWind_test.mat#69,loso_supervised_tpsscs_feature_hgb,learned_tpsscs_feature_ensemble,simMed_test.mat,simWind_test.mat
0.0001,0.9978957138316635,0.4878048780487805,9.161004656844033e-05,41,65495,6,6,26,loso_supervised_tpsscs_feature_hgb_conservative_topk_strict_gt,simWind_test.mat,69,simWind_test.mat#69,loso_supervised_tpsscs_feature_hgb,learned_tpsscs_feature_ensemble,simMed_test.mat,simWind_test.mat
0.0003,0.9835092396094688,0.6097560975609756,0.0002900984808000611,41,65495,19,19,44,loso_supervised_tpsscs_feature_hgb_conservative_topk_strict_gt,simWind_test.mat,69,simWind_test.mat#69,loso_supervised_tpsscs_feature_hgb,learned_tpsscs_feature_ensemble,simMed_test.mat,simWind_test.mat
0.001,0.9196158300736256,0.7317073170731707,0.0009924421711581036,41,65495,65,65,95,loso_supervised_tpsscs_feature_hgb_conservative_topk_strict_gt,simWind_test.mat,69,simWind_test.mat#69,loso_supervised_tpsscs_feature_hgb,learned_tpsscs_feature_ensemble,simMed_test.mat,simWind_test.mat
0.003,0.6904291175152675,0.9024390243902439,0.0029925948545690513,41,65495,196,196,233,loso_supervised_tpsscs_feature_hgb_conservative_topk_strict_gt,simWind_test.mat,69,simWind_test.mat#69,loso_supervised_tpsscs_feature_hgb,learned_tpsscs_feature_ensemble,simMed_test.mat,simWind_test.mat
0.01,0.29361326842036245,0.9512195121951219,0.009985495075959997,41,65495,654,654,693,loso_supervised_tpsscs_feature_hgb_conservative_topk_strict_gt,simWind_test.mat,69,simWind_test.mat#69,loso_supervised_tpsscs_feature_hgb,learned_tpsscs_feature_ensemble,simMed_test.mat,simWind_test.mat
1e-05,0.999786396480593,0.3488372093023256,0.0,43,65493,0,0,15,loso_supervised_tpsscs_feature_hgb_conservative_topk_strict_gt,simWind_test.mat,70,simWind_test.mat#70,loso_supervised_tpsscs_feature_hgb,learned_tpsscs_feature_ensemble,simMed_test.mat,simWind_test.mat
3e-05,0.9997401216371774,0.4883720930232558,1.526880735345762e-05,43,65493,1,1,22,loso_supervised_tpsscs_feature_hgb_conservative_topk_strict_gt,simWind_test.mat,70,simWind_test.mat#70,loso_supervised_tpsscs_feature_hgb,learned_tpsscs_feature_ensemble,simMed_test.mat,simWind_test.mat
0.0001,0.9993671349675586,0.8604651162790697,9.161284412074573e-05,43,65493,6,6,43,loso_supervised_tpsscs_feature_hgb_conservative_topk_strict_gt,simWind_test.mat,70,simWind_test.mat#70,loso_supervised_tpsscs_feature_hgb,learned_tpsscs_feature_ensemble,simMed_test.mat,simWind_test.mat
0.0003,0.9947197091883121,0.9302325581395349,0.0002901073397156948,43,65493,19,19,59,loso_supervised_tpsscs_feature_hgb_conservative_topk_strict_gt,simWind_test.mat,70,simWind_test.mat#70,loso_supervised_tpsscs_feature_hgb,learned_tpsscs_feature_ensemble,simMed_test.mat,simWind_test.mat
0.001,0.9510614629619669,0.9767441860465116,0.0009924724779747454,43,65493,65,65,107,loso_supervised_tpsscs_feature_hgb_conservative_topk_strict_gt,simWind_test.mat,70,simWind_test.mat#70,loso_supervised_tpsscs_feature_hgb,learned_tpsscs_feature_ensemble,simMed_test.mat,simWind_test.mat
0.003,0.7606401607508445,1.0,0.0029926862412776936,43,65493,196,196,239,loso_supervised_tpsscs_feature_hgb_conservative_topk_strict_gt,simWind_test.mat,70,simWind_test.mat#70,loso_supervised_tpsscs_feature_hgb,learned_tpsscs_feature_ensemble,simMed_test.mat,simWind_test.mat
0.01,0.41438836315788835,1.0,0.009985800009161284,43,65493,654,654,697,loso_supervised_tpsscs_feature_hgb_conservative_topk_strict_gt,simWind_test.mat,70,simWind_test.mat#70,loso_supervised_tpsscs_feature_hgb,learned_tpsscs_feature_ensemble,simMed_test.mat,simWind_test.mat
1e-05,0.9995772907045481,0.14814814814814814,0.0,27,65509,0,0,4,loso_supervised_tpsscs_feature_hgb_conservative_topk_strict_gt,simWind_test.mat,71,simWind_test.mat#71,loso_supervised_tpsscs_feature_hgb,learned_tpsscs_feature_ensemble,simMed_test.mat,simWind_test.mat
3e-05,0.9995262451138562,0.2222222222222222,1.5265078080874384e-05,27,65509,1,1,7,loso_supervised_tpsscs_feature_hgb_conservative_topk_strict_gt,simWind_test.mat,71,simWind_test.mat#71,loso_supervised_tpsscs_feature_hgb,learned_tpsscs_feature_ensemble,simMed_test.mat,simWind_test.mat
0.0001,0.9942212870585379,0.4444444444444444,9.15904684852463e-05,27,65509,6,6,18,loso_supervised_tpsscs_feature_hgb_conservative_topk_strict_gt,simWind_test.mat,71,simWind_test.mat#71,loso_supervised_tpsscs_feature_hgb,learned_tpsscs_feature_ensemble,simMed_test.mat,simWind_test.mat
0.0003,0.9683502192015644,0.6296296296296297,0.0002900364835366133,27,65509,19,19,36,loso_supervised_tpsscs_feature_hgb_conservative_topk_strict_gt,simWind_test.mat,71,simWind_test.mat#71,loso_supervised_tpsscs_feature_hgb,learned_tpsscs_feature_ensemble,simMed_test.mat,simWind_test.mat
0.001,0.8446427924294281,0.7407407407407407,0.000992230075256835,27,65509,65,65,85,loso_supervised_tpsscs_feature_hgb_conservative_topk_strict_gt,simWind_test.mat,71,simWind_test.mat#71,loso_supervised_tpsscs_feature_hgb,learned_tpsscs_feature_ensemble,simMed_test.mat,simWind_test.mat
0.003,0.5224967570228802,0.9259259259259259,0.002991955303851379,27,65509,196,196,221,loso_supervised_tpsscs_feature_hgb_conservative_topk_strict_gt,simWind_test.mat,71,simWind_test.mat#71,loso_supervised_tpsscs_feature_hgb,learned_tpsscs_feature_ensemble,simMed_test.mat,simWind_test.mat
0.01,0.21753804917688788,0.9259259259259259,0.00999862614297272,27,65509,655,655,680,loso_supervised_tpsscs_feature_hgb_conservative_topk_strict_gt,simWind_test.mat,71,simWind_test.mat#71,loso_supervised_tpsscs_feature_hgb,learned_tpsscs_feature_ensemble,simMed_test.mat,simWind_test.mat
1e-05,0.9997369809016262,0.35135135135135137,0.0,37,65499,0,0,13,loso_supervised_tpsscs_feature_hgb_conservative_topk_strict_gt,simWind_test.mat,72,simWind_test.mat#72,loso_supervised_tpsscs_feature_hgb,learned_tpsscs_feature_ensemble,simMed_test.mat,simWind_test.mat
3e-05,0.9996981672078209,0.4864864864864865,1.5267408662727676e-05,37,65499,1,1,19,loso_supervised_tpsscs_feature_hgb_conservative_topk_strict_gt,simWind_test.mat,72,simWind_test.mat#72,loso_supervised_tpsscs_feature_hgb,learned_tpsscs_feature_ensemble,simMed_test.mat,simWind_test.mat
0.0001,0.9994957572348042,0.7027027027027027,9.160445197636606e-05,37,65499,6,6,32,loso_supervised_tpsscs_feature_hgb_conservative_topk_strict_gt,simWind_test.mat,72,simWind_test.mat#72,loso_supervised_tpsscs_feature_hgb,learned_tpsscs_feature_ensemble,simMed_test.mat,simWind_test.mat
0.0003,0.9941581089465807,0.8378378378378378,0.00029008076459182585,37,65499,19,19,50,loso_supervised_tpsscs_feature_hgb_conservative_topk_strict_gt,simWind_test.mat,72,simWind_test.mat#72,loso_supervised_tpsscs_feature_hgb,learned_tpsscs_feature_ensemble,simMed_test.mat,simWind_test.mat
0.001,0.9378029137246388,0.8918918918918919,0.0009923815630772988,37,65499,65,65,98,loso_supervised_tpsscs_feature_hgb_conservative_topk_strict_gt,simWind_test.mat,72,simWind_test.mat#72,loso_supervised_tpsscs_feature_hgb,learned_tpsscs_feature_ensemble,simMed_test.mat,simWind_test.mat
0.003,0.6824390102531598,0.9459459459459459,0.0029924120978946245,37,65499,196,196,231,loso_supervised_tpsscs_feature_hgb_conservative_topk_strict_gt,simWind_test.mat,72,simWind_test.mat#72,loso_supervised_tpsscs_feature_hgb,learned_tpsscs_feature_ensemble,simMed_test.mat,simWind_test.mat
0.01,0.28275268919280205,0.972972972972973,0.009984885265423899,37,65499,654,654,690,loso_supervised_tpsscs_feature_hgb_conservative_topk_strict_gt,simWind_test.mat,72,simWind_test.mat#72,loso_supervised_tpsscs_feature_hgb,learned_tpsscs_feature_ensemble,simMed_test.mat,simWind_test.mat
1e-05,0.9996973197088498,0.22857142857142856,0.0,35,65501,0,0,8,loso_supervised_tpsscs_feature_hgb_conservative_topk_strict_gt,simWind_test.mat,74,simWind_test.mat#74,loso_supervised_tpsscs_feature_hgb,learned_tpsscs_feature_ensemble,simMed_test.mat,simWind_test.mat
3e-05,0.999646080290101,0.34285714285714286,1.5266942489427644e-05,35,65501,1,1,13,loso_supervised_tpsscs_feature_hgb_conservative_topk_strict_gt,simWind_test.mat,74,simWind_test.mat#74,loso_supervised_tpsscs_feature_hgb,learned_tpsscs_feature_ensemble,simMed_test.mat,simWind_test.mat
0.0001,0.9988938168340123,0.6,9.160165493656586e-05,35,65501,6,6,27,loso_supervised_tpsscs_feature_hgb_conservative_topk_strict_gt,simWind_test.mat,74,simWind_test.mat#74,loso_supervised_tpsscs_feature_hgb,learned_tpsscs_feature_ensemble,simMed_test.mat,simWind_test.mat
0.0003,0.9916917366506891,0.7428571428571429,0.0002900719072991252,35,65501,19,19,45,loso_supervised_tpsscs_feature_hgb_conservative_topk_strict_gt,simWind_test.mat,74,simWind_test.mat#74,loso_supervised_tpsscs_feature_hgb,learned_tpsscs_feature_ensemble,simMed_test.mat,simWind_test.mat
0.001,0.9060036090733744,0.9142857142857143,0.0009923512618127967,35,65501,65,65,97,loso_supervised_tpsscs_feature_hgb_conservative_topk_strict_gt,simWind_test.mat,74,simWind_test.mat#74,loso_supervised_tpsscs_feature_hgb,learned_tpsscs_feature_ensemble,simMed_test.mat,simWind_test.mat
0.003,0.6164542523727861,0.9428571428571428,0.002992320727927818,35,65501,196,196,229,loso_supervised_tpsscs_feature_hgb_conservative_topk_strict_gt,simWind_test.mat,74,simWind_test.mat#74,loso_supervised_tpsscs_feature_hgb,learned_tpsscs_feature_ensemble,simMed_test.mat,simWind_test.mat
0.01,0.2222088376578199,1.0,0.009999847330575106,35,65501,655,655,690,loso_supervised_tpsscs_feature_hgb_conservative_topk_strict_gt,simWind_test.mat,74,simWind_test.mat#74,loso_supervised_tpsscs_feature_hgb,learned_tpsscs_feature_ensemble,simMed_test.mat,simWind_test.mat
1e-05,0.9996749347979694,0.65,0.0,60,65476,0,0,39,loso_supervised_tpsscs_feature_hgb_conservative_topk_strict_gt,simWind_test.mat,75,simWind_test.mat#75,loso_supervised_tpsscs_feature_hgb,learned_tpsscs_feature_ensemble,simMed_test.mat,simWind_test.mat
3e-05,0.9996548749933233,0.6833333333333333,1.527277170260859e-05,60,65476,1,1,42,loso_supervised_tpsscs_feature_hgb_conservative_topk_strict_gt,simWind_test.mat,75,simWind_test.mat#75,loso_supervised_tpsscs_feature_hgb,learned_tpsscs_feature_ensemble,simMed_test.mat,simWind_test.mat
0.0001,0.9993085938638949,0.9166666666666666,9.163663021565153e-05,60,65476,6,6,61,loso_supervised_tpsscs_feature_hgb_conservative_topk_strict_gt,simWind_test.mat,75,simWind_test.mat#75,loso_supervised_tpsscs_feature_hgb,learned_tpsscs_feature_ensemble,simMed_test.mat,simWind_test.mat
0.0003,0.9972413699274489,0.95,0.0002901826623495632,60,65476,19,19,76,loso_supervised_tpsscs_feature_hgb_conservative_topk_strict_gt,simWind_test.mat,75,simWind_test.mat#75,loso_supervised_tpsscs_feature_hgb,learned_tpsscs_feature_ensemble,simMed_test.mat,simWind_test.mat
0.001,0.9270922085379171,1.0,0.0009927301606695582,60,65476,65,65,125,loso_supervised_tpsscs_feature_hgb_conservative_topk_strict_gt,simWind_test.mat,75,simWind_test.mat#75,loso_supervised_tpsscs_feature_hgb,learned_tpsscs_feature_ensemble,simMed_test.mat,simWind_test.mat
0.003,0.722408724527316,1.0,0.0029934632537112833,60,65476,196,196,256,loso_supervised_tpsscs_feature_hgb_conservative_topk_strict_gt,simWind_test.mat,75,simWind_test.mat#75,loso_supervised_tpsscs_feature_hgb,learned_tpsscs_feature_ensemble,simMed_test.mat,simWind_test.mat
0.01,0.3740080485735932,1.0,0.009988392693506017,60,65476,654,654,714,loso_supervised_tpsscs_feature_hgb_conservative_topk_strict_gt,simWind_test.mat,75,simWind_test.mat#75,loso_supervised_tpsscs_feature_hgb,learned_tpsscs_feature_ensemble,simMed_test.mat,simWind_test.mat
1e-05,0.9996984446399588,0.18518518518518517,0.0,27,65509,0,0,5,loso_supervised_tpsscs_feature_hgb_conservative_topk_strict_gt,simWind_test.mat,76,simWind_test.mat#76,loso_supervised_tpsscs_feature_hgb,learned_tpsscs_feature_ensemble,simMed_test.mat,simWind_test.mat
3e-05,0.9995999902371344,0.2962962962962963,1.5265078080874384e-05,27,65509,1,1,9,loso_supervised_tpsscs_feature_hgb_conservative_topk_strict_gt,simWind_test.mat,76,simWind_test.mat#76,loso_supervised_tpsscs_feature_hgb,learned_tpsscs_feature_ensemble,simMed_test.mat,simWind_test.mat
0.0001,0.9993099534633295,0.4444444444444444,9.15904684852463e-05,27,65509,6,6,18,loso_supervised_tpsscs_feature_hgb_conservative_topk_strict_gt,simWind_test.mat,76,simWind_test.mat#76,loso_supervised_tpsscs_feature_hgb,learned_tpsscs_feature_ensemble,simMed_test.mat,simWind_test.mat
0.0003,0.9953712281022891,0.6666666666666666,0.0002900364835366133,27,65509,19,19,37,loso_supervised_tpsscs_feature_hgb_conservative_topk_strict_gt,simWind_test.mat,76,simWind_test.mat#76,loso_supervised_tpsscs_feature_hgb,learned_tpsscs_feature_ensemble,simMed_test.mat,simWind_test.mat
0.001,0.9480035913731988,0.7777777777777778,0.000992230075256835,27,65509,65,65,86,loso_supervised_tpsscs_feature_hgb_conservative_topk_strict_gt,simWind_test.mat,76,simWind_test.mat#76,loso_supervised_tpsscs_feature_hgb,learned_tpsscs_feature_ensemble,simMed_test.mat,simWind_test.mat
0.003,0.8165881007822344,0.8148148148148148,0.002991955303851379,27,65509,196,196,218,loso_supervised_tpsscs_feature_hgb_conservative_topk_strict_gt,simWind_test.mat,76,simWind_test.mat#76,loso_supervised_tpsscs_feature_hgb,learned_tpsscs_feature_ensemble,simMed_test.mat,simWind_test.mat
0.01,0.398499832346438,0.9259259259259259,0.00999862614297272,27,65509,655,655,680,loso_supervised_tpsscs_feature_hgb_conservative_topk_strict_gt,simWind_test.mat,76,simWind_test.mat#76,loso_supervised_tpsscs_feature_hgb,learned_tpsscs_feature_ensemble,simMed_test.mat,simWind_test.mat
1e-05,0.9992279257311969,0.25396825396825395,0.0,63,65473,0,0,16,loso_supervised_tpsscs_feature_hgb_conservative_topk_strict_gt,simWind_test.mat,77,simWind_test.mat#77,loso_supervised_tpsscs_feature_hgb,learned_tpsscs_feature_ensemble,simMed_test.mat,simWind_test.mat
3e-05,0.999184006193011,0.2698412698412698,1.5273471507338904e-05,63,65473,1,1,18,loso_supervised_tpsscs_feature_hgb_conservative_topk_strict_gt,simWind_test.mat,77,simWind_test.mat#77,loso_supervised_tpsscs_feature_hgb,learned_tpsscs_feature_ensemble,simMed_test.mat,simWind_test.mat
0.0001,0.997342685435301,0.47619047619047616,9.164082904403341e-05,63,65473,6,6,36,loso_supervised_tpsscs_feature_hgb_conservative_topk_strict_gt,simWind_test.mat,77,simWind_test.mat#77,loso_supervised_tpsscs_feature_hgb,learned_tpsscs_feature_ensemble,simMed_test.mat,simWind_test.mat
0.0003,0.9923039849865736,0.5555555555555556,0.00029019595863943913,63,65473,19,19,54,loso_supervised_tpsscs_feature_hgb_conservative_topk_strict_gt,simWind_test.mat,77,simWind_test.mat#77,loso_supervised_tpsscs_feature_hgb,learned_tpsscs_feature_ensemble,simMed_test.mat,simWind_test.mat
0.001,0.9257374998847822,0.7142857142857143,0.0009927756479770288,63,65473,65,65,110,loso_supervised_tpsscs_feature_hgb_conservative_topk_strict_gt,simWind_test.mat,77,simWind_test.mat#77,loso_supervised_tpsscs_feature_hgb,learned_tpsscs_feature_ensemble,simMed_test.mat,simWind_test.mat
0.003,0.7778879808984268,0.8095238095238095,0.002993600415438425,63,65473,196,196,247,loso_supervised_tpsscs_feature_hgb_conservative_topk_strict_gt,simWind_test.mat,77,simWind_test.mat#77,loso_supervised_tpsscs_feature_hgb,learned_tpsscs_feature_ensemble,simMed_test.mat,simWind_test.mat
0.01,0.3319788452133009,0.9523809523809523,0.009988850365799643,63,65473,654,654,714,loso_supervised_tpsscs_feature_hgb_conservative_topk_strict_gt,simWind_test.mat,77,simWind_test.mat#77,loso_supervised_tpsscs_feature_hgb,learned_tpsscs_feature_ensemble,simMed_test.mat,simWind_test.mat
1e-05,0.9996865243333609,0.24,0.0,25,65511,0,0,6,loso_supervised_tpsscs_feature_hgb_conservative_topk_strict_gt,simWind_test.mat,78,simWind_test.mat#78,loso_supervised_tpsscs_feature_hgb,learned_tpsscs_feature_ensemble,simMed_test.mat,simWind_test.mat
3e-05,0.9995446188972698,0.4,1.526461204988475e-05,25,65511,1,1,11,loso_supervised_tpsscs_feature_hgb_conservative_topk_strict_gt,simWind_test.mat,78,simWind_test.mat#78,loso_supervised_tpsscs_feature_hgb,learned_tpsscs_feature_ensemble,simMed_test.mat,simWind_test.mat
0.0001,0.9981173767077218,0.52,9.158767229930851e-05,25,65511,6,6,19,loso_supervised_tpsscs_feature_hgb_conservative_topk_strict_gt,simWind_test.mat,78,simWind_test.mat#78,loso_supervised_tpsscs_feature_hgb,learned_tpsscs_feature_ensemble,simMed_test.mat,simWind_test.mat
0.0003,0.9840191846320688,0.6,0.0002900276289478103,25,65511,19,19,34,loso_supervised_tpsscs_feature_hgb_conservative_topk_strict_gt,simWind_test.mat,78,simWind_test.mat#78,loso_supervised_tpsscs_feature_hgb,learned_tpsscs_feature_ensemble,simMed_test.mat,simWind_test.mat
0.001,0.9071676986094871,0.8,0.0009921997832425089,25,65511,65,65,85,loso_supervised_tpsscs_feature_hgb_conservative_topk_strict_gt,simWind_test.mat,78,simWind_test.mat#78,loso_supervised_tpsscs_feature_hgb,learned_tpsscs_feature_ensemble,simMed_test.mat,simWind_test.mat
0.003,0.7588261960446769,0.88,0.0029918639617774116,25,65511,196,196,218,loso_supervised_tpsscs_feature_hgb_conservative_topk_strict_gt,simWind_test.mat,78,simWind_test.mat#78,loso_supervised_tpsscs_feature_hgb,learned_tpsscs_feature_ensemble,simMed_test.mat,simWind_test.mat
0.01,0.3535139669027326,1.0,0.009998320892674512,25,65511,655,655,680,loso_supervised_tpsscs_feature_hgb_conservative_topk_strict_gt,simWind_test.mat,78,simWind_test.mat#78,loso_supervised_tpsscs_feature_hgb,learned_tpsscs_feature_ensemble,simMed_test.mat,simWind_test.mat
1e-05,0.9993674736197873,0.5384615384615384,0.0,26,65510,0,0,14,loso_supervised_tpsscs_feature_hgb_conservative_topk_strict_gt,simWind_test.mat,79,simWind_test.mat#79,loso_supervised_tpsscs_feature_hgb,learned_tpsscs_feature_ensemble,simMed_test.mat,simWind_test.mat
3e-05,0.9993377252235204,0.5384615384615384,1.5264845061822624e-05,26,65510,1,1,15,loso_supervised_tpsscs_feature_hgb_conservative_topk_strict_gt,simWind_test.mat,79,simWind_test.mat#79,loso_supervised_tpsscs_feature_hgb,learned_tpsscs_feature_ensemble,simMed_test.mat,simWind_test.mat
0.0001,0.9970696995584886,0.6538461538461539,9.158907037093573e-05,26,65510,6,6,23,loso_supervised_tpsscs_feature_hgb_conservative_topk_strict_gt,simWind_test.mat,79,simWind_test.mat#79,loso_supervised_tpsscs_feature_hgb,learned_tpsscs_feature_ensemble,simMed_test.mat,simWind_test.mat
0.0003,0.9713210897180669,0.7692307692307693,0.00029003205617462985,26,65510,19,19,39,loso_supervised_tpsscs_feature_hgb_conservative_topk_strict_gt,simWind_test.mat,79,simWind_test.mat#79,loso_supervised_tpsscs_feature_hgb,learned_tpsscs_feature_ensemble,simMed_test.mat,simWind_test.mat
0.001,0.8698989109711749,0.8461538461538461,0.0009922149290184704,26,65510,65,65,87,loso_supervised_tpsscs_feature_hgb_conservative_topk_strict_gt,simWind_test.mat,79,simWind_test.mat#79,loso_supervised_tpsscs_feature_hgb,learned_tpsscs_feature_ensemble,simMed_test.mat,simWind_test.mat
0.003,0.6050478808598899,0.8461538461538461,0.002991909632117234,26,65510,196,196,218,loso_supervised_tpsscs_feature_hgb_conservative_topk_strict_gt,simWind_test.mat,79,simWind_test.mat#79,loso_supervised_tpsscs_feature_hgb,learned_tpsscs_feature_ensemble,simMed_test.mat,simWind_test.mat
0.01,0.2285961808076146,0.8846153846153846,0.009998473515493819,26,65510,655,655,678,loso_supervised_tpsscs_feature_hgb_conservative_topk_strict_gt,simWind_test.mat,79,simWind_test.mat#79,loso_supervised_tpsscs_feature_hgb,learned_tpsscs_feature_ensemble,simMed_test.mat,simWind_test.mat
1e-05,0.9995963164541176,0.3333333333333333,0.0,15,65521,0,0,5,loso_supervised_tpsscs_feature_hgb_conservative_topk_strict_gt,simWind_test.mat,80,simWind_test.mat#80,loso_supervised_tpsscs_feature_hgb,learned_tpsscs_feature_ensemble,simMed_test.mat,simWind_test.mat
3e-05,0.9992760076467262,0.4,1.5262282321698386e-05,15,65521,1,1,7,loso_supervised_tpsscs_feature_hgb_conservative_topk_strict_gt,simWind_test.mat,80,simWind_test.mat#80,loso_supervised_tpsscs_feature_hgb,learned_tpsscs_feature_ensemble,simMed_test.mat,simWind_test.mat
0.0001,0.9915865380219732,0.6,9.157369393019033e-05,15,65521,6,6,15,loso_supervised_tpsscs_feature_hgb_conservative_topk_strict_gt,simWind_test.mat,80,simWind_test.mat#80,loso_supervised_tpsscs_feature_hgb,learned_tpsscs_feature_ensemble,simMed_test.mat,simWind_test.mat
0.0003,0.9691601338175184,0.6666666666666666,0.00028998336411226937,15,65521,19,19,29,loso_supervised_tpsscs_feature_hgb_conservative_topk_strict_gt,simWind_test.mat,80,simWind_test.mat#80,loso_supervised_tpsscs_feature_hgb,learned_tpsscs_feature_ensemble,simMed_test.mat,simWind_test.mat
0.001,0.8541862781029317,1.0,0.000992048350910395,15,65521,65,65,80,loso_supervised_tpsscs_feature_hgb_conservative_topk_strict_gt,simWind_test.mat,80,simWind_test.mat#80,loso_supervised_tpsscs_feature_hgb,learned_tpsscs_feature_ensemble,simMed_test.mat,simWind_test.mat
0.003,0.6027268541779287,1.0,0.0029914073350528836,15,65521,196,196,211,loso_supervised_tpsscs_feature_hgb_conservative_topk_strict_gt,simWind_test.mat,80,simWind_test.mat#80,loso_supervised_tpsscs_feature_hgb,learned_tpsscs_feature_ensemble,simMed_test.mat,simWind_test.mat
0.01,0.2237554961534741,1.0,0.009996794920712444,15,65521,655,655,670,loso_supervised_tpsscs_feature_hgb_conservative_topk_strict_gt,simWind_test.mat,80,simWind_test.mat#80,loso_supervised_tpsscs_feature_hgb,learned_tpsscs_feature_ensemble,simMed_test.mat,simWind_test.mat
1e-05,0.9997574296177084,0.2903225806451613,0.0,31,65505,0,0,9,loso_supervised_tpsscs_feature_hgb_conservative_topk_strict_gt,simWind_test.mat,82,simWind_test.mat#82,loso_supervised_tpsscs_feature_hgb,learned_tpsscs_feature_ensemble,simMed_test.mat,simWind_test.mat
3e-05,0.9997067963074503,0.5483870967741935,1.5266010228226854e-05,31,65505,1,1,18,loso_supervised_tpsscs_feature_hgb_conservative_topk_strict_gt,simWind_test.mat,82,simWind_test.mat#82,loso_supervised_tpsscs_feature_hgb,learned_tpsscs_feature_ensemble,simMed_test.mat,simWind_test.mat
0.0001,0.9994086420684798,0.8709677419354839,9.159606136936111e-05,31,65505,6,6,33,loso_supervised_tpsscs_feature_hgb_conservative_topk_strict_gt,simWind_test.mat,82,simWind_test.mat#82,loso_supervised_tpsscs_feature_hgb,learned_tpsscs_feature_ensemble,simMed_test.mat,simWind_test.mat
0.0003,0.9968208983667488,0.967741935483871,0.0002900541943363102,31,65505,19,19,49,loso_supervised_tpsscs_feature_hgb_conservative_topk_strict_gt,simWind_test.mat,82,simWind_test.mat#82,loso_supervised_tpsscs_feature_hgb,learned_tpsscs_feature_ensemble,simMed_test.mat,simWind_test.mat
0.001,0.9454948846652841,1.0,0.0009922906648347455,31,65505,65,65,96,loso_supervised_tpsscs_feature_hgb_conservative_topk_strict_gt,simWind_test.mat,82,simWind_test.mat#82,loso_supervised_tpsscs_feature_hgb,learned_tpsscs_feature_ensemble,simMed_test.mat,simWind_test.mat
0.003,0.8016838934293995,1.0,0.002992138004732463,31,65505,196,196,227,loso_supervised_tpsscs_feature_hgb_conservative_topk_strict_gt,simWind_test.mat,82,simWind_test.mat#82,loso_supervised_tpsscs_feature_hgb,learned_tpsscs_feature_ensemble,simMed_test.mat,simWind_test.mat
0.01,0.4115246452126168,1.0,0.009999236699488588,31,65505,655,655,686,loso_supervised_tpsscs_feature_hgb_conservative_topk_strict_gt,simWind_test.mat,82,simWind_test.mat#82,loso_supervised_tpsscs_feature_hgb,learned_tpsscs_feature_ensemble,simMed_test.mat,simWind_test.mat
1e-05,0.999756940222451,0.4,0.0,40,65496,0,0,16,loso_supervised_tpsscs_feature_hgb_conservative_topk_strict_gt,simWind_test.mat,84,simWind_test.mat#84,loso_supervised_tpsscs_feature_hgb,learned_tpsscs_feature_ensemble,simMed_test.mat,simWind_test.mat
3e-05,0.9997491060747287,0.425,1.5268107976059605e-05,40,65496,1,1,18,loso_supervised_tpsscs_feature_hgb_conservative_topk_strict_gt,simWind_test.mat,84,simWind_test.mat#84,loso_supervised_tpsscs_feature_hgb,learned_tpsscs_feature_ensemble,simMed_test.mat,simWind_test.mat
0.0001,0.9994625129223288,0.825,9.160864785635764e-05,40,65496,6,6,39,loso_supervised_tpsscs_feature_hgb_conservative_topk_strict_gt,simWind_test.mat,84,simWind_test.mat#84,loso_supervised_tpsscs_feature_hgb,learned_tpsscs_feature_ensemble,simMed_test.mat,simWind_test.mat
0.0003,0.9944165074879423,0.975,0.00029009405154513255,40,65496,19,19,58,loso_supervised_tpsscs_feature_hgb_conservative_topk_strict_gt,simWind_test.mat,84,simWind_test.mat#84,loso_supervised_tpsscs_feature_hgb,learned_tpsscs_feature_ensemble,simMed_test.mat,simWind_test.mat
0.001,0.9411403870781969,1.0,0.0009924270184438744,40,65496,65,65,105,loso_supervised_tpsscs_feature_hgb_conservative_topk_strict_gt,simWind_test.mat,84,simWind_test.mat#84,loso_supervised_tpsscs_feature_hgb,learned_tpsscs_feature_ensemble,simMed_test.mat,simWind_test.mat
0.003,0.7687450993068796,1.0,0.002992549163307683,40,65496,196,196,236,loso_supervised_tpsscs_feature_hgb_conservative_topk_strict_gt,simWind_test.mat,84,simWind_test.mat#84,loso_supervised_tpsscs_feature_hgb,learned_tpsscs_feature_ensemble,simMed_test.mat,simWind_test.mat
0.01,0.38539179019192665,1.0,0.009985342616342983,40,65496,654,654,694,loso_supervised_tpsscs_feature_hgb_conservative_topk_strict_gt,simWind_test.mat,84,simWind_test.mat#84,loso_supervised_tpsscs_feature_hgb,learned_tpsscs_feature_ensemble,simMed_test.mat,simWind_test.mat
1e-05,0.9997530182719473,0.45161290322580644,0.0,31,65505,0,0,14,loso_supervised_tpsscs_feature_hgb_conservative_topk_strict_gt,simWind_test.mat,85,simWind_test.mat#85,loso_supervised_tpsscs_feature_hgb,learned_tpsscs_feature_ensemble,simMed_test.mat,simWind_test.mat
3e-05,0.9997494934519533,0.5161290322580645,1.5266010228226854e-05,31,65505,1,1,17,loso_supervised_tpsscs_feature_hgb_conservative_topk_strict_gt,simWind_test.mat,85,simWind_test.mat#85,loso_supervised_tpsscs_feature_hgb,learned_tpsscs_feature_ensemble,simMed_test.mat,simWind_test.mat
0.0001,0.9983875263869172,0.9354838709677419,9.159606136936111e-05,31,65505,6,6,35,loso_supervised_tpsscs_feature_hgb_conservative_topk_strict_gt,simWind_test.mat,85,simWind_test.mat#85,loso_supervised_tpsscs_feature_hgb,learned_tpsscs_feature_ensemble,simMed_test.mat,simWind_test.mat
0.0003,0.9868359374767995,0.967741935483871,0.0002900541943363102,31,65505,19,19,49,loso_supervised_tpsscs_feature_hgb_conservative_topk_strict_gt,simWind_test.mat,85,simWind_test.mat#85,loso_supervised_tpsscs_feature_hgb,learned_tpsscs_feature_ensemble,simMed_test.mat,simWind_test.mat
0.001,0.9093885263045655,0.967741935483871,0.0009922906648347455,31,65505,65,65,95,loso_supervised_tpsscs_feature_hgb_conservative_topk_strict_gt,simWind_test.mat,85,simWind_test.mat#85,loso_supervised_tpsscs_feature_hgb,learned_tpsscs_feature_ensemble,simMed_test.mat,simWind_test.mat
0.003,0.7223316545233118,0.967741935483871,0.002992138004732463,31,65505,196,196,226,loso_supervised_tpsscs_feature_hgb_conservative_topk_strict_gt,simWind_test.mat,85,simWind_test.mat#85,loso_supervised_tpsscs_feature_hgb,learned_tpsscs_feature_ensemble,simMed_test.mat,simWind_test.mat
0.01,0.34476210054992285,1.0,0.009999236699488588,31,65505,655,655,686,loso_supervised_tpsscs_feature_hgb_conservative_topk_strict_gt,simWind_test.mat,85,simWind_test.mat#85,loso_supervised_tpsscs_feature_hgb,learned_tpsscs_feature_ensemble,simMed_test.mat,simWind_test.mat
1e-05,0.9996016086376276,0.5681818181818182,0.0,44,65492,0,0,25,loso_supervised_tpsscs_feature_hgb_conservative_topk_strict_gt,simWind_test.mat,86,simWind_test.mat#86,loso_supervised_tpsscs_feature_hgb,learned_tpsscs_feature_ensemble,simMed_test.mat,simWind_test.mat
3e-05,0.9994847303232427,0.7045454545454546,1.526904049349539e-05,44,65492,1,1,32,loso_supervised_tpsscs_feature_hgb_conservative_topk_strict_gt,simWind_test.mat,86,simWind_test.mat#86,loso_supervised_tpsscs_feature_hgb,learned_tpsscs_feature_ensemble,simMed_test.mat,simWind_test.mat
0.0001,0.9983049882806879,0.9090909090909091,9.161424296097234e-05,44,65492,6,6,46,loso_supervised_tpsscs_feature_hgb_conservative_topk_strict_gt,simWind_test.mat,86,simWind_test.mat#86,loso_supervised_tpsscs_feature_hgb,learned_tpsscs_feature_ensemble,simMed_test.mat,simWind_test.mat
0.0003,0.9888690559385461,0.9772727272727273,0.00029011176937641237,44,65492,19,19,62,loso_supervised_tpsscs_feature_hgb_conservative_topk_strict_gt,simWind_test.mat,86,simWind_test.mat#86,loso_supervised_tpsscs_feature_hgb,learned_tpsscs_feature_ensemble,simMed_test.mat,simWind_test.mat
0.001,0.927487126628238,0.9772727272727273,0.0009924876320772003,44,65492,65,65,108,loso_supervised_tpsscs_feature_hgb_conservative_topk_strict_gt,simWind_test.mat,86,simWind_test.mat#86,loso_supervised_tpsscs_feature_hgb,learned_tpsscs_feature_ensemble,simMed_test.mat,simWind_test.mat
0.003,0.8040684649330185,0.9772727272727273,0.002992731936725096,44,65492,196,196,239,loso_supervised_tpsscs_feature_hgb_conservative_topk_strict_gt,simWind_test.mat,86,simWind_test.mat#86,loso_supervised_tpsscs_feature_hgb,learned_tpsscs_feature_ensemble,simMed_test.mat,simWind_test.mat
0.01,0.45490219976648877,0.9772727272727273,0.009985952482745985,44,65492,654,654,697,loso_supervised_tpsscs_feature_hgb_conservative_topk_strict_gt,simWind_test.mat,86,simWind_test.mat#86,loso_supervised_tpsscs_feature_hgb,learned_tpsscs_feature_ensemble,simMed_test.mat,simWind_test.mat
1e-05,0.9997515800458222,0.2127659574468085,0.0,47,65489,0,0,10,loso_supervised_tpsscs_feature_hgb_conservative_topk_strict_gt,simWind_test.mat,87,simWind_test.mat#87,loso_supervised_tpsscs_feature_hgb,learned_tpsscs_feature_ensemble,simMed_test.mat,simWind_test.mat
3e-05,0.9997475244187867,0.23404255319148937,1.5269739956328543e-05,47,65489,1,1,12,loso_supervised_tpsscs_feature_hgb_conservative_topk_strict_gt,simWind_test.mat,87,simWind_test.mat#87,loso_supervised_tpsscs_feature_hgb,learned_tpsscs_feature_ensemble,simMed_test.mat,simWind_test.mat
0.0001,0.9993573861955487,0.3404255319148936,9.161843973797126e-05,47,65489,6,6,22,loso_supervised_tpsscs_feature_hgb_conservative_topk_strict_gt,simWind_test.mat,87,simWind_test.mat#87,loso_supervised_tpsscs_feature_hgb,learned_tpsscs_feature_ensemble,simMed_test.mat,simWind_test.mat
0.0003,0.9895946984414564,0.5531914893617021,0.00029012505917024235,47,65489,19,19,45,loso_supervised_tpsscs_feature_hgb_conservative_topk_strict_gt,simWind_test.mat,87,simWind_test.mat#87,loso_supervised_tpsscs_feature_hgb,learned_tpsscs_feature_ensemble,simMed_test.mat,simWind_test.mat
0.001,0.8820143943485058,0.8297872340425532,0.0009925330971613554,47,65489,65,65,104,loso_supervised_tpsscs_feature_hgb_conservative_topk_strict_gt,simWind_test.mat,87,simWind_test.mat#87,loso_supervised_tpsscs_feature_hgb,learned_tpsscs_feature_ensemble,simMed_test.mat,simWind_test.mat
0.003,0.574669682368738,0.9148936170212766,0.0029928690314403946,47,65489,196,196,239,loso_supervised_tpsscs_feature_hgb_conservative_topk_strict_gt,simWind_test.mat,87,simWind_test.mat#87,loso_supervised_tpsscs_feature_hgb,learned_tpsscs_feature_ensemble,simMed_test.mat,simWind_test.mat
0.01,0.2123937270321128,0.9787234042553191,0.009986409931438867,47,65489,654,654,700,loso_supervised_tpsscs_feature_hgb_conservative_topk_strict_gt,simWind_test.mat,87,simWind_test.mat#87,loso_supervised_tpsscs_feature_hgb,learned_tpsscs_feature_ensemble,simMed_test.mat,simWind_test.mat
1e-05,0.999767362151723,0.046511627906976744,0.0,43,65493,0,0,2,loso_supervised_tpsscs_feature_hgb_conservative_topk_strict_gt,simWind_test.mat,88,simWind_test.mat#88,loso_supervised_tpsscs_feature_hgb,learned_tpsscs_feature_ensemble,simMed_test.mat,simWind_test.mat
3e-05,0.9989776290148858,0.3023255813953488,1.526880735345762e-05,43,65493,1,1,14,loso_supervised_tpsscs_feature_hgb_conservative_topk_strict_gt,simWind_test.mat,88,simWind_test.mat#88,loso_supervised_tpsscs_feature_hgb,learned_tpsscs_feature_ensemble,simMed_test.mat,simWind_test.mat
0.0001,0.9962307739776813,0.37209302325581395,9.161284412074573e-05,43,65493,6,6,22,loso_supervised_tpsscs_feature_hgb_conservative_topk_strict_gt,simWind_test.mat,88,simWind_test.mat#88,loso_supervised_tpsscs_feature_hgb,learned_tpsscs_feature_ensemble,simMed_test.mat,simWind_test.mat
0.0003,0.9876697457239968,0.46511627906976744,0.0002901073397156948,43,65493,19,19,39,loso_supervised_tpsscs_feature_hgb_conservative_topk_strict_gt,simWind_test.mat,88,simWind_test.mat#88,loso_supervised_tpsscs_feature_hgb,learned_tpsscs_feature_ensemble,simMed_test.mat,simWind_test.mat
0.001,0.9419513046658194,0.6976744186046512,0.0009924724779747454,43,65493,65,65,95,loso_supervised_tpsscs_feature_hgb_conservative_topk_strict_gt,simWind_test.mat,88,simWind_test.mat#88,loso_supervised_tpsscs_feature_hgb,learned_tpsscs_feature_ensemble,simMed_test.mat,simWind_test.mat
0.003,0.7612515560171559,0.8372093023255814,0.0029926862412776936,43,65493,196,196,232,loso_supervised_tpsscs_feature_hgb_conservative_topk_strict_gt,simWind_test.mat,88,simWind_test.mat#88,loso_supervised_tpsscs_feature_hgb,learned_tpsscs_feature_ensemble,simMed_test.mat,simWind_test.mat
0.01,0.3613152289021046,0.8837209302325582,0.009985800009161284,43,65493,654,654,692,loso_supervised_tpsscs_feature_hgb_conservative_topk_strict_gt,simWind_test.mat,88,simWind_test.mat#88,loso_supervised_tpsscs_feature_hgb,learned_tpsscs_feature_ensemble,simMed_test.mat,simWind_test.mat
1e-05,0.9996495310699968,0.34,0.0,50,65486,0,0,17,loso_supervised_tpsscs_feature_hgb_conservative_topk_strict_gt,simWind_test.mat,89,simWind_test.mat#89,loso_supervised_tpsscs_feature_hgb,learned_tpsscs_feature_ensemble,simMed_test.mat,simWind_test.mat
3e-05,0.9996408606608701,0.38,1.5270439483248328e-05,50,65486,1,1,20,loso_supervised_tpsscs_feature_hgb_conservative_topk_strict_gt,simWind_test.mat,89,simWind_test.mat#89,loso_supervised_tpsscs_feature_hgb,learned_tpsscs_feature_ensemble,simMed_test.mat,simWind_test.mat
0.0001,0.9970832499644934,0.8,9.162263689948997e-05,50,65486,6,6,46,loso_supervised_tpsscs_feature_hgb_conservative_topk_strict_gt,simWind_test.mat,89,simWind_test.mat#89,loso_supervised_tpsscs_feature_hgb,learned_tpsscs_feature_ensemble,simMed_test.mat,simWind_test.mat
0.0003,0.9887592836886113,0.88,0.0002901383501817182,50,65486,19,19,63,loso_supervised_tpsscs_feature_hgb_conservative_topk_strict_gt,simWind_test.mat,89,simWind_test.mat#89,loso_supervised_tpsscs_feature_hgb,learned_tpsscs_feature_ensemble,simMed_test.mat,simWind_test.mat
0.001,0.881397457261212,0.96,0.0009925785664111413,50,65486,65,65,113,loso_supervised_tpsscs_feature_hgb_conservative_topk_strict_gt,simWind_test.mat,89,simWind_test.mat#89,loso_supervised_tpsscs_feature_hgb,learned_tpsscs_feature_ensemble,simMed_test.mat,simWind_test.mat
0.003,0.7259071711269344,0.98,0.002993006138716672,50,65486,196,196,245,loso_supervised_tpsscs_feature_hgb_conservative_topk_strict_gt,simWind_test.mat,89,simWind_test.mat#89,loso_supervised_tpsscs_feature_hgb,learned_tpsscs_feature_ensemble,simMed_test.mat,simWind_test.mat
0.01,0.3588045370102567,1.0,0.009986867422044406,50,65486,654,654,704,loso_supervised_tpsscs_feature_hgb_conservative_topk_strict_gt,simWind_test.mat,89,simWind_test.mat#89,loso_supervised_tpsscs_feature_hgb,learned_tpsscs_feature_ensemble,simMed_test.mat,simWind_test.mat
1e-05,0.9992989125877227,0.6,0.0,15,65521,0,0,9,loso_supervised_tpsscs_feature_hgb_conservative_topk_strict_gt,simWind_test.mat,90,simWind_test.mat#90,loso_supervised_tpsscs_feature_hgb,learned_tpsscs_feature_ensemble,simMed_test.mat,simWind_test.mat
3e-05,0.994735247476971,0.6,1.5262282321698386e-05,15,65521,1,1,10,loso_supervised_tpsscs_feature_hgb_conservative_topk_strict_gt,simWind_test.mat,90,simWind_test.mat#90,loso_supervised_tpsscs_feature_hgb,learned_tpsscs_feature_ensemble,simMed_test.mat,simWind_test.mat
0.0001,0.9801788475547508,0.6666666666666666,9.157369393019033e-05,15,65521,6,6,16,loso_supervised_tpsscs_feature_hgb_conservative_topk_strict_gt,simWind_test.mat,90,simWind_test.mat#90,loso_supervised_tpsscs_feature_hgb,learned_tpsscs_feature_ensemble,simMed_test.mat,simWind_test.mat
0.0003,0.9352316094423819,0.6666666666666666,0.00028998336411226937,15,65521,19,19,29,loso_supervised_tpsscs_feature_hgb_conservative_topk_strict_gt,simWind_test.mat,90,simWind_test.mat#90,loso_supervised_tpsscs_feature_hgb,learned_tpsscs_feature_ensemble,simMed_test.mat,simWind_test.mat
0.001,0.8466789118734073,0.6666666666666666,0.000992048350910395,15,65521,65,65,75,loso_supervised_tpsscs_feature_hgb_conservative_topk_strict_gt,simWind_test.mat,90,simWind_test.mat#90,loso_supervised_tpsscs_feature_hgb,learned_tpsscs_feature_ensemble,simMed_test.mat,simWind_test.mat
0.003,0.6573707149472545,0.7333333333333333,0.0029914073350528836,15,65521,196,196,207,loso_supervised_tpsscs_feature_hgb_conservative_topk_strict_gt,simWind_test.mat,90,simWind_test.mat#90,loso_supervised_tpsscs_feature_hgb,learned_tpsscs_feature_ensemble,simMed_test.mat,simWind_test.mat
0.01,0.32003002467783914,0.7333333333333333,0.009996794920712444,15,65521,655,655,666,loso_supervised_tpsscs_feature_hgb_conservative_topk_strict_gt,simWind_test.mat,90,simWind_test.mat#90,loso_supervised_tpsscs_feature_hgb,learned_tpsscs_feature_ensemble,simMed_test.mat,simWind_test.mat
1e-05,0.999773528957522,0.10869565217391304,0.0,46,65490,0,0,5,loso_supervised_tpsscs_feature_hgb_conservative_topk_strict_gt,simWind_test.mat,91,simWind_test.mat#91,loso_supervised_tpsscs_feature_hgb,learned_tpsscs_feature_ensemble,simMed_test.mat,simWind_test.mat
3e-05,0.9997635161369931,0.10869565217391304,1.5269506794930524e-05,46,65490,1,1,6,loso_supervised_tpsscs_feature_hgb_conservative_topk_strict_gt,simWind_test.mat,91,simWind_test.mat#91,loso_supervised_tpsscs_feature_hgb,learned_tpsscs_feature_ensemble,simMed_test.mat,simWind_test.mat
0.0001,0.9989073344182188,0.5434782608695652,9.161704076958314e-05,46,65490,6,6,31,loso_supervised_tpsscs_feature_hgb_conservative_topk_strict_gt,simWind_test.mat,91,simWind_test.mat#91,loso_supervised_tpsscs_feature_hgb,learned_tpsscs_feature_ensemble,simMed_test.mat,simWind_test.mat
0.0003,0.9928436318456362,0.6739130434782609,0.00029012062910367995,46,65490,19,19,50,loso_supervised_tpsscs_feature_hgb_conservative_topk_strict_gt,simWind_test.mat,91,simWind_test.mat#91,loso_supervised_tpsscs_feature_hgb,learned_tpsscs_feature_ensemble,simMed_test.mat,simWind_test.mat
0.001,0.9310805907262584,0.8043478260869565,0.000992517941670484,46,65490,65,65,102,loso_supervised_tpsscs_feature_hgb_conservative_topk_strict_gt,simWind_test.mat,91,simWind_test.mat#91,loso_supervised_tpsscs_feature_hgb,learned_tpsscs_feature_ensemble,simMed_test.mat,simWind_test.mat
0.003,0.7380384456498038,0.9130434782608695,0.0029928233318063826,46,65490,196,196,238,loso_supervised_tpsscs_feature_hgb_conservative_topk_strict_gt,simWind_test.mat,91,simWind_test.mat#91,loso_supervised_tpsscs_feature_hgb,learned_tpsscs_feature_ensemble,simMed_test.mat,simWind_test.mat
0.01,0.3126182474682194,0.9565217391304348,0.009986257443884563,46,65490,654,654,698,loso_supervised_tpsscs_feature_hgb_conservative_topk_strict_gt,simWind_test.mat,91,simWind_test.mat#91,loso_supervised_tpsscs_feature_hgb,learned_tpsscs_feature_ensemble,simMed_test.mat,simWind_test.mat
1e-05,0.9997378090686805,0.2459016393442623,0.0,61,65475,0,0,15,loso_supervised_tpsscs_feature_hgb_conservative_topk_strict_gt,simWind_test.mat,92,simWind_test.mat#92,loso_supervised_tpsscs_feature_hgb,learned_tpsscs_feature_ensemble,simMed_test.mat,simWind_test.mat
3e-05,0.9996382930895094,0.5245901639344263,1.527300496372661e-05,61,65475,1,1,33,loso_supervised_tpsscs_feature_hgb_conservative_topk_strict_gt,simWind_test.mat,92,simWind_test.mat#92,loso_supervised_tpsscs_feature_hgb,learned_tpsscs_feature_ensemble,simMed_test.mat,simWind_test.mat
0.0001,0.9989954492283699,0.819672131147541,9.163802978235968e-05,61,65475,6,6,56,loso_supervised_tpsscs_feature_hgb_conservative_topk_strict_gt,simWind_test.mat,92,simWind_test.mat#92,loso_supervised_tpsscs_feature_hgb,learned_tpsscs_feature_ensemble,simMed_test.mat,simWind_test.mat
0.0003,0.9958806970271641,0.9016393442622951,0.00029018709431080566,61,65475,19,19,74,loso_supervised_tpsscs_feature_hgb_conservative_topk_strict_gt,simWind_test.mat,92,simWind_test.mat#92,loso_supervised_tpsscs_feature_hgb,learned_tpsscs_feature_ensemble,simMed_test.mat,simWind_test.mat
0.001,0.9474389912891052,0.9508196721311475,0.00099274532264223,61,65475,65,65,123,loso_supervised_tpsscs_feature_hgb_conservative_topk_strict_gt,simWind_test.mat,92,simWind_test.mat#92,loso_supervised_tpsscs_feature_hgb,learned_tpsscs_feature_ensemble,simMed_test.mat,simWind_test.mat
0.003,0.7911708503445664,0.9836065573770492,0.002993508972890416,61,65475,196,196,256,loso_supervised_tpsscs_feature_hgb_conservative_topk_strict_gt,simWind_test.mat,92,simWind_test.mat#92,loso_supervised_tpsscs_feature_hgb,learned_tpsscs_feature_ensemble,simMed_test.mat,simWind_test.mat
0.01,0.4472729347894495,1.0,0.009988545246277205,61,65475,654,654,715,loso_supervised_tpsscs_feature_hgb_conservative_topk_strict_gt,simWind_test.mat,92,simWind_test.mat#92,loso_supervised_tpsscs_feature_hgb,learned_tpsscs_feature_ensemble,simMed_test.mat,simWind_test.mat
1e-05,0.9997023342289107,0.1111111111111111,0.0,63,65473,0,0,7,loso_supervised_tpsscs_feature_hgb_conservative_topk_strict_gt,simWind_test.mat,93,simWind_test.mat#93,loso_supervised_tpsscs_feature_hgb,learned_tpsscs_feature_ensemble,simMed_test.mat,simWind_test.mat
3e-05,0.9996505389683094,0.15873015873015872,1.5273471507338904e-05,63,65473,1,1,11,loso_supervised_tpsscs_feature_hgb_conservative_topk_strict_gt,simWind_test.mat,93,simWind_test.mat#93,loso_supervised_tpsscs_feature_hgb,learned_tpsscs_feature_ensemble,simMed_test.mat,simWind_test.mat
0.0001,0.9992210509157909,0.30158730158730157,9.164082904403341e-05,63,65473,6,6,25,loso_supervised_tpsscs_feature_hgb_conservative_topk_strict_gt,simWind_test.mat,93,simWind_test.mat#93,loso_supervised_tpsscs_feature_hgb,learned_tpsscs_feature_ensemble,simMed_test.mat,simWind_test.mat
0.0003,0.9950587145679781,0.5079365079365079,0.00029019595863943913,63,65473,19,19,51,loso_supervised_tpsscs_feature_hgb_conservative_topk_strict_gt,simWind_test.mat,93,simWind_test.mat#93,loso_supervised_tpsscs_feature_hgb,learned_tpsscs_feature_ensemble,simMed_test.mat,simWind_test.mat
0.001,0.9108626998797285,0.746031746031746,0.0009927756479770288,63,65473,65,65,112,loso_supervised_tpsscs_feature_hgb_conservative_topk_strict_gt,simWind_test.mat,93,simWind_test.mat#93,loso_supervised_tpsscs_feature_hgb,learned_tpsscs_feature_ensemble,simMed_test.mat,simWind_test.mat
0.003,0.7243588322133787,0.8412698412698413,0.002993600415438425,63,65473,196,196,249,loso_supervised_tpsscs_feature_hgb_conservative_topk_strict_gt,simWind_test.mat,93,simWind_test.mat#93,loso_supervised_tpsscs_feature_hgb,learned_tpsscs_feature_ensemble,simMed_test.mat,simWind_test.mat
0.01,0.3218854101072621,0.9206349206349206,0.009988850365799643,63,65473,654,654,712,loso_supervised_tpsscs_feature_hgb_conservative_topk_strict_gt,simWind_test.mat,93,simWind_test.mat#93,loso_supervised_tpsscs_feature_hgb,learned_tpsscs_feature_ensemble,simMed_test.mat,simWind_test.mat
1e-05,0.9995115741713538,0.6,0.0,20,65516,0,0,12,loso_supervised_tpsscs_feature_hgb_conservative_topk_strict_gt,simWind_test.mat,94,simWind_test.mat#94,loso_supervised_tpsscs_feature_hgb,learned_tpsscs_feature_ensemble,simMed_test.mat,simWind_test.mat
3e-05,0.9991293547566815,0.7,1.5263447096892362e-05,20,65516,1,1,15,loso_supervised_tpsscs_feature_hgb_conservative_topk_strict_gt,simWind_test.mat,94,simWind_test.mat#94,loso_supervised_tpsscs_feature_hgb,learned_tpsscs_feature_ensemble,simMed_test.mat,simWind_test.mat
0.0001,0.9915271245244656,0.85,9.158068258135418e-05,20,65516,6,6,23,loso_supervised_tpsscs_feature_hgb_conservative_topk_strict_gt,simWind_test.mat,94,simWind_test.mat#94,loso_supervised_tpsscs_feature_hgb,learned_tpsscs_feature_ensemble,simMed_test.mat,simWind_test.mat
0.0003,0.9729166555584152,0.9,0.00029000549484095486,20,65516,19,19,37,loso_supervised_tpsscs_feature_hgb_conservative_topk_strict_gt,simWind_test.mat,94,simWind_test.mat#94,loso_supervised_tpsscs_feature_hgb,learned_tpsscs_feature_ensemble,simMed_test.mat,simWind_test.mat
0.001,0.8545948933658762,0.95,0.0009921240612980036,20,65516,65,65,84,loso_supervised_tpsscs_feature_hgb_conservative_topk_strict_gt,simWind_test.mat,94,simWind_test.mat#94,loso_supervised_tpsscs_feature_hgb,learned_tpsscs_feature_ensemble,simMed_test.mat,simWind_test.mat
0.003,0.6273716562064507,0.95,0.002991635630990903,20,65516,196,196,215,loso_supervised_tpsscs_feature_hgb_conservative_topk_strict_gt,simWind_test.mat,94,simWind_test.mat#94,loso_supervised_tpsscs_feature_hgb,learned_tpsscs_feature_ensemble,simMed_test.mat,simWind_test.mat
0.01,0.2843752557953911,0.95,0.009997557848464497,20,65516,655,655,674,loso_supervised_tpsscs_feature_hgb_conservative_topk_strict_gt,simWind_test.mat,94,simWind_test.mat#94,loso_supervised_tpsscs_feature_hgb,learned_tpsscs_feature_ensemble,simMed_test.mat,simWind_test.mat
1e-05,0.9997632582020146,0.4117647058823529,0.0,34,65502,0,0,14,loso_supervised_tpsscs_feature_hgb_conservative_topk_strict_gt,simWind_test.mat,95,simWind_test.mat#95,loso_supervised_tpsscs_feature_hgb,learned_tpsscs_feature_ensemble,simMed_test.mat,simWind_test.mat
3e-05,0.9996092224206204,0.5882352941176471,1.5266709413453023e-05,34,65502,1,1,21,loso_supervised_tpsscs_feature_hgb_conservative_topk_strict_gt,simWind_test.mat,95,simWind_test.mat#95,loso_supervised_tpsscs_feature_hgb,learned_tpsscs_feature_ensemble,simMed_test.mat,simWind_test.mat
0.0001,0.9993308795394086,0.6470588235294118,9.160025648071815e-05,34,65502,6,6,28,loso_supervised_tpsscs_feature_hgb_conservative_topk_strict_gt,simWind_test.mat,95,simWind_test.mat#95,loso_supervised_tpsscs_feature_hgb,learned_tpsscs_feature_ensemble,simMed_test.mat,simWind_test.mat
0.0003,0.9949915664628125,0.8235294117647058,0.0002900674788556075,34,65502,19,19,47,loso_supervised_tpsscs_feature_hgb_conservative_topk_strict_gt,simWind_test.mat,95,simWind_test.mat#95,loso_supervised_tpsscs_feature_hgb,learned_tpsscs_feature_ensemble,simMed_test.mat,simWind_test.mat
0.001,0.9584980807777979,0.8823529411764706,0.0009923361118744467,34,65502,65,65,95,loso_supervised_tpsscs_feature_hgb_conservative_topk_strict_gt,simWind_test.mat,95,simWind_test.mat#95,loso_supervised_tpsscs_feature_hgb,learned_tpsscs_feature_ensemble,simMed_test.mat,simWind_test.mat
0.003,0.830922520421397,0.9705882352941176,0.002992275045036793,34,65502,196,196,229,loso_supervised_tpsscs_feature_hgb_conservative_topk_strict_gt,simWind_test.mat,95,simWind_test.mat#95,loso_supervised_tpsscs_feature_hgb,learned_tpsscs_feature_ensemble,simMed_test.mat,simWind_test.mat
0.01,0.45980005309607325,0.9705882352941176,0.00999969466581173,34,65502,655,655,688,loso_supervised_tpsscs_feature_hgb_conservative_topk_strict_gt,simWind_test.mat,95,simWind_test.mat#95,loso_supervised_tpsscs_feature_hgb,learned_tpsscs_feature_ensemble,simMed_test.mat,simWind_test.mat
1e-05,0.9997740420648559,0.05,0.0,60,65476,0,0,3,loso_supervised_tpsscs_feature_hgb_conservative_topk_strict_gt,simWind_test.mat,97,simWind_test.mat#97,loso_supervised_tpsscs_feature_hgb,learned_tpsscs_feature_ensemble,simMed_test.mat,simWind_test.mat
3e-05,0.9997436569198809,0.15,1.527277170260859e-05,60,65476,1,1,10,loso_supervised_tpsscs_feature_hgb_conservative_topk_strict_gt,simWind_test.mat,97,simWind_test.mat#97,loso_supervised_tpsscs_feature_hgb,learned_tpsscs_feature_ensemble,simMed_test.mat,simWind_test.mat
0.0001,0.9994408766052686,0.4166666666666667,9.163663021565153e-05,60,65476,6,6,31,loso_supervised_tpsscs_feature_hgb_conservative_topk_strict_gt,simWind_test.mat,97,simWind_test.mat#97,loso_supervised_tpsscs_feature_hgb,learned_tpsscs_feature_ensemble,simMed_test.mat,simWind_test.mat
0.0003,0.9978812789335754,0.5833333333333334,0.0002901826623495632,60,65476,19,19,54,loso_supervised_tpsscs_feature_hgb_conservative_topk_strict_gt,simWind_test.mat,97,simWind_test.mat#97,loso_supervised_tpsscs_feature_hgb,learned_tpsscs_feature_ensemble,simMed_test.mat,simWind_test.mat
0.001,0.9565035311964092,0.7666666666666667,0.0009927301606695582,60,65476,65,65,111,loso_supervised_tpsscs_feature_hgb_conservative_topk_strict_gt,simWind_test.mat,97,simWind_test.mat#97,loso_supervised_tpsscs_feature_hgb,learned_tpsscs_feature_ensemble,simMed_test.mat,simWind_test.mat
0.003,0.7415907829197104,0.8833333333333333,0.0029934632537112833,60,65476,196,196,249,loso_supervised_tpsscs_feature_hgb_conservative_topk_strict_gt,simWind_test.mat,97,simWind_test.mat#97,loso_supervised_tpsscs_feature_hgb,learned_tpsscs_feature_ensemble,simMed_test.mat,simWind_test.mat
0.01,0.29002499845815927,0.95,0.009988392693506017,60,65476,654,654,711,loso_supervised_tpsscs_feature_hgb_conservative_topk_strict_gt,simWind_test.mat,97,simWind_test.mat#97,loso_supervised_tpsscs_feature_hgb,learned_tpsscs_feature_ensemble,simMed_test.mat,simWind_test.mat
1e-05,0.9996705488226011,0.125,0.0,40,65496,0,0,5,loso_supervised_tpsscs_feature_hgb_conservative_topk_strict_gt,simWind_test.mat,99,simWind_test.mat#99,loso_supervised_tpsscs_feature_hgb,learned_tpsscs_feature_ensemble,simMed_test.mat,simWind_test.mat
3e-05,0.9996479867392232,0.125,1.5268107976059605e-05,40,65496,1,1,6,loso_supervised_tpsscs_feature_hgb_conservative_topk_strict_gt,simWind_test.mat,99,simWind_test.mat#99,loso_supervised_tpsscs_feature_hgb,learned_tpsscs_feature_ensemble,simMed_test.mat,simWind_test.mat
0.0001,0.9986907411478204,0.4,9.160864785635764e-05,40,65496,6,6,22,loso_supervised_tpsscs_feature_hgb_conservative_topk_strict_gt,simWind_test.mat,99,simWind_test.mat#99,loso_supervised_tpsscs_feature_hgb,learned_tpsscs_feature_ensemble,simMed_test.mat,simWind_test.mat
0.0003,0.9852415003239049,0.6,0.00029009405154513255,40,65496,19,19,43,loso_supervised_tpsscs_feature_hgb_conservative_topk_strict_gt,simWind_test.mat,99,simWind_test.mat#99,loso_supervised_tpsscs_feature_hgb,learned_tpsscs_feature_ensemble,simMed_test.mat,simWind_test.mat
0.001,0.9066489268794068,0.75,0.0009924270184438744,40,65496,65,65,95,loso_supervised_tpsscs_feature_hgb_conservative_topk_strict_gt,simWind_test.mat,99,simWind_test.mat#99,loso_supervised_tpsscs_feature_hgb,learned_tpsscs_feature_ensemble,simMed_test.mat,simWind_test.mat
0.003,0.745435228718108,0.8,0.002992549163307683,40,65496,196,196,228,loso_supervised_tpsscs_feature_hgb_conservative_topk_strict_gt,simWind_test.mat,99,simWind_test.mat#99,loso_supervised_tpsscs_feature_hgb,learned_tpsscs_feature_ensemble,simMed_test.mat,simWind_test.mat
0.01,0.37437788420272966,0.875,0.009985342616342983,40,65496,654,654,689,loso_supervised_tpsscs_feature_hgb_conservative_topk_strict_gt,simWind_test.mat,99,simWind_test.mat#99,loso_supervised_tpsscs_feature_hgb,learned_tpsscs_feature_ensemble,simMed_test.mat,simWind_test.mat
1e-05,0.9996302585090183,0.4339622641509434,0.0,53,65483,0,0,23,loso_supervised_tpsscs_feature_hgb_conservative_topk_strict_gt,simWind_test.mat,100,simWind_test.mat#100,loso_supervised_tpsscs_feature_hgb,learned_tpsscs_feature_ensemble,simMed_test.mat,simWind_test.mat
3e-05,0.9995576297143153,0.4716981132075472,1.527113907426355e-05,53,65483,1,1,26,loso_supervised_tpsscs_feature_hgb_conservative_topk_strict_gt,simWind_test.mat,100,simWind_test.mat#100,loso_supervised_tpsscs_feature_hgb,learned_tpsscs_feature_ensemble,simMed_test.mat,simWind_test.mat
0.0001,0.9992663968360134,0.660377358490566,9.16268344455813e-05,53,65483,6,6,41,loso_supervised_tpsscs_feature_hgb_conservative_topk_strict_gt,simWind_test.mat,100,simWind_test.mat#100,loso_supervised_tpsscs_feature_hgb,learned_tpsscs_feature_ensemble,simMed_test.mat,simWind_test.mat
0.0003,0.9948533664988244,0.9433962264150944,0.0002901516424110074,53,65483,19,19,69,loso_supervised_tpsscs_feature_hgb_conservative_topk_strict_gt,simWind_test.mat,100,simWind_test.mat#100,loso_supervised_tpsscs_feature_hgb,learned_tpsscs_feature_ensemble,simMed_test.mat,simWind_test.mat
0.001,0.9239394670611126,0.9433962264150944,0.0009926240398271306,53,65483,65,65,115,loso_supervised_tpsscs_feature_hgb_conservative_topk_strict_gt,simWind_test.mat,100,simWind_test.mat#100,loso_supervised_tpsscs_feature_hgb,learned_tpsscs_feature_ensemble,simMed_test.mat,simWind_test.mat
0.003,0.7789906962825168,0.9433962264150944,0.002993143258555656,53,65483,196,196,246,loso_supervised_tpsscs_feature_hgb_conservative_topk_strict_gt,simWind_test.mat,100,simWind_test.mat#100,loso_supervised_tpsscs_feature_hgb,learned_tpsscs_feature_ensemble,simMed_test.mat,simWind_test.mat
0.01,0.43957080129275883,0.9811320754716981,0.00998732495456836,53,65483,654,654,706,loso_supervised_tpsscs_feature_hgb_conservative_topk_strict_gt,simWind_test.mat,100,simWind_test.mat#100,loso_supervised_tpsscs_feature_hgb,learned_tpsscs_feature_ensemble,simMed_test.mat,simWind_test.mat
1e-05,0.9995519214393842,0.39215686274509803,0.0,51,65485,0,0,20,loso_supervised_tpsscs_feature_hgb_conservative_topk_strict_gt,simWind_test.mat,101,simWind_test.mat#101,loso_supervised_tpsscs_feature_hgb,learned_tpsscs_feature_ensemble,simMed_test.mat,simWind_test.mat
3e-05,0.9995503431959814,0.4117647058823529,1.527067267313125e-05,51,65485,1,1,22,loso_supervised_tpsscs_feature_hgb_conservative_topk_strict_gt,simWind_test.mat,101,simWind_test.mat#101,loso_supervised_tpsscs_feature_hgb,learned_tpsscs_feature_ensemble,simMed_test.mat,simWind_test.mat
0.0001,0.9987694351068941,0.6274509803921569,9.16240360387875e-05,51,65485,6,6,38,loso_supervised_tpsscs_feature_hgb_conservative_topk_strict_gt,simWind_test.mat,101,simWind_test.mat#101,loso_supervised_tpsscs_feature_hgb,learned_tpsscs_feature_ensemble,simMed_test.mat,simWind_test.mat
0.0003,0.9937426224804778,0.803921568627451,0.0002901427807894938,51,65485,19,19,60,loso_supervised_tpsscs_feature_hgb_conservative_topk_strict_gt,simWind_test.mat,101,simWind_test.mat#101,loso_supervised_tpsscs_feature_hgb,learned_tpsscs_feature_ensemble,simMed_test.mat,simWind_test.mat
0.001,0.8901863493158223,0.8627450980392157,0.0009925937237535314,51,65485,65,65,109,loso_supervised_tpsscs_feature_hgb_conservative_topk_strict_gt,simWind_test.mat,101,simWind_test.mat#101,loso_supervised_tpsscs_feature_hgb,learned_tpsscs_feature_ensemble,simMed_test.mat,simWind_test.mat
0.003,0.664659668452966,0.9215686274509803,0.0029930518439337255,51,65485,196,196,243,loso_supervised_tpsscs_feature_hgb_conservative_topk_strict_gt,simWind_test.mat,101,simWind_test.mat#101,loso_supervised_tpsscs_feature_hgb,learned_tpsscs_feature_ensemble,simMed_test.mat,simWind_test.mat
0.01,0.27644872696773715,1.0,0.009987019928227838,51,65485,654,654,705,loso_supervised_tpsscs_feature_hgb_conservative_topk_strict_gt,simWind_test.mat,101,simWind_test.mat#101,loso_supervised_tpsscs_feature_hgb,learned_tpsscs_feature_ensemble,simMed_test.mat,simWind_test.mat
1e-05,0.9997353260706635,0.23076923076923078,0.0,39,65497,0,0,9,loso_supervised_tpsscs_feature_hgb_conservative_topk_strict_gt,simWind_test.mat,102,simWind_test.mat#102,loso_supervised_tpsscs_feature_hgb,learned_tpsscs_feature_ensemble,simMed_test.mat,simWind_test.mat
3e-05,0.9994321366452946,0.38461538461538464,1.526787486449761e-05,39,65497,1,1,16,loso_supervised_tpsscs_feature_hgb_conservative_topk_strict_gt,simWind_test.mat,102,simWind_test.mat#102,loso_supervised_tpsscs_feature_hgb,learned_tpsscs_feature_ensemble,simMed_test.mat,simWind_test.mat
0.0001,0.9981114344698983,0.46153846153846156,9.160724918698567e-05,39,65497,6,6,24,loso_supervised_tpsscs_feature_hgb_conservative_topk_strict_gt,simWind_test.mat,102,simWind_test.mat#102,loso_supervised_tpsscs_feature_hgb,learned_tpsscs_feature_ensemble,simMed_test.mat,simWind_test.mat
0.0003,0.9881870165771488,0.6410256410256411,0.0002900896224254546,39,65497,19,19,44,loso_supervised_tpsscs_feature_hgb_conservative_topk_strict_gt,simWind_test.mat,102,simWind_test.mat#102,loso_supervised_tpsscs_feature_hgb,learned_tpsscs_feature_ensemble,simMed_test.mat,simWind_test.mat
0.001,0.9112253821367645,0.8461538461538461,0.0009924118661923447,39,65497,65,65,98,loso_supervised_tpsscs_feature_hgb_conservative_topk_strict_gt,simWind_test.mat,102,simWind_test.mat#102,loso_supervised_tpsscs_feature_hgb,learned_tpsscs_feature_ensemble,simMed_test.mat,simWind_test.mat
0.003,0.6725081909441849,0.8717948717948718,0.0029925034734415317,39,65497,196,196,230,loso_supervised_tpsscs_feature_hgb_conservative_topk_strict_gt,simWind_test.mat,102,simWind_test.mat#102,loso_supervised_tpsscs_feature_hgb,learned_tpsscs_feature_ensemble,simMed_test.mat,simWind_test.mat
0.01,0.2648277437648102,0.9743589743589743,0.009985190161381437,39,65497,654,654,692,loso_supervised_tpsscs_feature_hgb_conservative_topk_strict_gt,simWind_test.mat,102,simWind_test.mat#102,loso_supervised_tpsscs_feature_hgb,learned_tpsscs_feature_ensemble,simMed_test.mat,simWind_test.mat
1e-05,0.9996450041638038,0.8,0.0,25,65511,0,0,20,loso_supervised_tpsscs_feature_hgb_conservative_topk_strict_gt,simWind_test.mat,104,simWind_test.mat#104,loso_supervised_tpsscs_feature_hgb,learned_tpsscs_feature_ensemble,simMed_test.mat,simWind_test.mat
3e-05,0.9996401795954611,0.8,1.526461204988475e-05,25,65511,1,1,21,loso_supervised_tpsscs_feature_hgb_conservative_topk_strict_gt,simWind_test.mat,104,simWind_test.mat#104,loso_supervised_tpsscs_feature_hgb,learned_tpsscs_feature_ensemble,simMed_test.mat,simWind_test.mat
0.0001,0.9983981487399599,0.92,9.158767229930851e-05,25,65511,6,6,29,loso_supervised_tpsscs_feature_hgb_conservative_topk_strict_gt,simWind_test.mat,104,simWind_test.mat#104,loso_supervised_tpsscs_feature_hgb,learned_tpsscs_feature_ensemble,simMed_test.mat,simWind_test.mat
0.0003,0.9907883564479045,0.96,0.0002900276289478103,25,65511,19,19,43,loso_supervised_tpsscs_feature_hgb_conservative_topk_strict_gt,simWind_test.mat,104,simWind_test.mat#104,loso_supervised_tpsscs_feature_hgb,learned_tpsscs_feature_ensemble,simMed_test.mat,simWind_test.mat
0.001,0.9020982168920315,0.96,0.0009921997832425089,25,65511,65,65,89,loso_supervised_tpsscs_feature_hgb_conservative_topk_strict_gt,simWind_test.mat,104,simWind_test.mat#104,loso_supervised_tpsscs_feature_hgb,learned_tpsscs_feature_ensemble,simMed_test.mat,simWind_test.mat
0.003,0.6776730831524109,1.0,0.0029918639617774116,25,65511,196,196,221,loso_supervised_tpsscs_feature_hgb_conservative_topk_strict_gt,simWind_test.mat,104,simWind_test.mat#104,loso_supervised_tpsscs_feature_hgb,learned_tpsscs_feature_ensemble,simMed_test.mat,simWind_test.mat
0.01,0.3042641039990798,1.0,0.009998320892674512,25,65511,655,655,680,loso_supervised_tpsscs_feature_hgb_conservative_topk_strict_gt,simWind_test.mat,104,simWind_test.mat#104,loso_supervised_tpsscs_feature_hgb,learned_tpsscs_feature_ensemble,simMed_test.mat,simWind_test.mat
1e-05,0.9987804887079492,0.7307692307692307,0.0,26,65510,0,0,19,loso_supervised_tpsscs_feature_hgb_conservative_topk_strict_gt,simWind_test.mat,105,simWind_test.mat#105,loso_supervised_tpsscs_feature_hgb,learned_tpsscs_feature_ensemble,simMed_test.mat,simWind_test.mat
3e-05,0.9982077500305911,0.7692307692307693,1.5264845061822624e-05,26,65510,1,1,21,loso_supervised_tpsscs_feature_hgb_conservative_topk_strict_gt,simWind_test.mat,105,simWind_test.mat#105,loso_supervised_tpsscs_feature_hgb,learned_tpsscs_feature_ensemble,simMed_test.mat,simWind_test.mat
0.0001,0.9942633792452116,0.8846153846153846,9.158907037093573e-05,26,65510,6,6,29,loso_supervised_tpsscs_feature_hgb_conservative_topk_strict_gt,simWind_test.mat,105,simWind_test.mat#105,loso_supervised_tpsscs_feature_hgb,learned_tpsscs_feature_ensemble,simMed_test.mat,simWind_test.mat
0.0003,0.9641265616381607,1.0,0.00029003205617462985,26,65510,19,19,45,loso_supervised_tpsscs_feature_hgb_conservative_topk_strict_gt,simWind_test.mat,105,simWind_test.mat#105,loso_supervised_tpsscs_feature_hgb,learned_tpsscs_feature_ensemble,simMed_test.mat,simWind_test.mat
0.001,0.859148537024788,1.0,0.0009922149290184704,26,65510,65,65,91,loso_supervised_tpsscs_feature_hgb_conservative_topk_strict_gt,simWind_test.mat,105,simWind_test.mat#105,loso_supervised_tpsscs_feature_hgb,learned_tpsscs_feature_ensemble,simMed_test.mat,simWind_test.mat
0.003,0.619038599351894,1.0,0.002991909632117234,26,65510,196,196,222,loso_supervised_tpsscs_feature_hgb_conservative_topk_strict_gt,simWind_test.mat,105,simWind_test.mat#105,loso_supervised_tpsscs_feature_hgb,learned_tpsscs_feature_ensemble,simMed_test.mat,simWind_test.mat
0.01,0.2641969962261301,1.0,0.009998473515493819,26,65510,655,655,681,loso_supervised_tpsscs_feature_hgb_conservative_topk_strict_gt,simWind_test.mat,105,simWind_test.mat#105,loso_supervised_tpsscs_feature_hgb,learned_tpsscs_feature_ensemble,simMed_test.mat,simWind_test.mat
1e-05,0.9997537423616105,0.1836734693877551,0.0,49,65487,0,0,9,loso_supervised_tpsscs_feature_hgb_conservative_topk_strict_gt,simWind_test.mat,107,simWind_test.mat#107,loso_supervised_tpsscs_feature_hgb,learned_tpsscs_feature_ensemble,simMed_test.mat,simWind_test.mat
3e-05,0.9996882898775743,0.2857142857142857,1.5270206300487118e-05,49,65487,1,1,15,loso_supervised_tpsscs_feature_hgb_conservative_topk_strict_gt,simWind_test.mat,107,simWind_test.mat#107,loso_supervised_tpsscs_feature_hgb,learned_tpsscs_feature_ensemble,simMed_test.mat,simWind_test.mat
0.0001,0.9990588373518099,0.46938775510204084,9.162123780292272e-05,49,65487,6,6,29,loso_supervised_tpsscs_feature_hgb_conservative_topk_strict_gt,simWind_test.mat,107,simWind_test.mat#107,loso_supervised_tpsscs_feature_hgb,learned_tpsscs_feature_ensemble,simMed_test.mat,simWind_test.mat
0.0003,0.9959533833339377,0.6326530612244898,0.0002901339197092553,49,65487,19,19,50,loso_supervised_tpsscs_feature_hgb_conservative_topk_strict_gt,simWind_test.mat,107,simWind_test.mat#107,loso_supervised_tpsscs_feature_hgb,learned_tpsscs_feature_ensemble,simMed_test.mat,simWind_test.mat
0.001,0.9210992343938836,0.8367346938775511,0.0009925634095316628,49,65487,65,65,106,loso_supervised_tpsscs_feature_hgb_conservative_topk_strict_gt,simWind_test.mat,107,simWind_test.mat#107,loso_supervised_tpsscs_feature_hgb,learned_tpsscs_feature_ensemble,simMed_test.mat,simWind_test.mat
0.003,0.6336748515537587,0.9387755102040817,0.0029929604348954753,49,65487,196,196,242,loso_supervised_tpsscs_feature_hgb_conservative_topk_strict_gt,simWind_test.mat,107,simWind_test.mat#107,loso_supervised_tpsscs_feature_hgb,learned_tpsscs_feature_ensemble,simMed_test.mat,simWind_test.mat
0.01,0.20915487068539723,0.9591836734693877,0.009986714920518577,49,65487,654,654,701,loso_supervised_tpsscs_feature_hgb_conservative_topk_strict_gt,simWind_test.mat,107,simWind_test.mat#107,loso_supervised_tpsscs_feature_hgb,learned_tpsscs_feature_ensemble,simMed_test.mat,simWind_test.mat
1e-05,0.9997158429808184,0.2,0.0,25,65511,0,0,5,loso_supervised_tpsscs_feature_hgb_conservative_topk_strict_gt,simWind_test.mat,108,simWind_test.mat#108,loso_supervised_tpsscs_feature_hgb,learned_tpsscs_feature_ensemble,simMed_test.mat,simWind_test.mat
3e-05,0.9997043186530628,0.24,1.526461204988475e-05,25,65511,1,1,7,loso_supervised_tpsscs_feature_hgb_conservative_topk_strict_gt,simWind_test.mat,108,simWind_test.mat#108,loso_supervised_tpsscs_feature_hgb,learned_tpsscs_feature_ensemble,simMed_test.mat,simWind_test.mat
0.0001,0.9986566531212033,0.44,9.158767229930851e-05,25,65511,6,6,17,loso_supervised_tpsscs_feature_hgb_conservative_topk_strict_gt,simWind_test.mat,108,simWind_test.mat#108,loso_supervised_tpsscs_feature_hgb,learned_tpsscs_feature_ensemble,simMed_test.mat,simWind_test.mat
0.0003,0.9903998983026939,0.64,0.0002900276289478103,25,65511,19,19,35,loso_supervised_tpsscs_feature_hgb_conservative_topk_strict_gt,simWind_test.mat,108,simWind_test.mat#108,loso_supervised_tpsscs_feature_hgb,learned_tpsscs_feature_ensemble,simMed_test.mat,simWind_test.mat
0.001,0.9311224454867506,0.84,0.0009921997832425089,25,65511,65,65,86,loso_supervised_tpsscs_feature_hgb_conservative_topk_strict_gt,simWind_test.mat,108,simWind_test.mat#108,loso_supervised_tpsscs_feature_hgb,learned_tpsscs_feature_ensemble,simMed_test.mat,simWind_test.mat
0.003,0.7290302526456208,0.88,0.0029918639617774116,25,65511,196,196,218,loso_supervised_tpsscs_feature_hgb_conservative_topk_strict_gt,simWind_test.mat,108,simWind_test.mat#108,loso_supervised_tpsscs_feature_hgb,learned_tpsscs_feature_ensemble,simMed_test.mat,simWind_test.mat
0.01,0.3251011992076124,0.92,0.009998320892674512,25,65511,655,655,678,loso_supervised_tpsscs_feature_hgb_conservative_topk_strict_gt,simWind_test.mat,108,simWind_test.mat#108,loso_supervised_tpsscs_feature_hgb,learned_tpsscs_feature_ensemble,simMed_test.mat,simWind_test.mat
1e-05,0.9997476990247355,0.19047619047619047,0.0,63,65473,0,0,12,loso_supervised_tpsscs_feature_hgb_conservative_topk_strict_gt,simWind_test.mat,110,simWind_test.mat#110,loso_supervised_tpsscs_feature_hgb,learned_tpsscs_feature_ensemble,simMed_test.mat,simWind_test.mat
3e-05,0.9996337404932856,0.5714285714285714,1.5273471507338904e-05,63,65473,1,1,37,loso_supervised_tpsscs_feature_hgb_conservative_topk_strict_gt,simWind_test.mat,110,simWind_test.mat#110,loso_supervised_tpsscs_feature_hgb,learned_tpsscs_feature_ensemble,simMed_test.mat,simWind_test.mat
0.0001,0.9991607426096568,0.7619047619047619,9.164082904403341e-05,63,65473,6,6,54,loso_supervised_tpsscs_feature_hgb_conservative_topk_strict_gt,simWind_test.mat,110,simWind_test.mat#110,loso_supervised_tpsscs_feature_hgb,learned_tpsscs_feature_ensemble,simMed_test.mat,simWind_test.mat
0.0003,0.9972692685342276,0.8412698412698413,0.00029019595863943913,63,65473,19,19,72,loso_supervised_tpsscs_feature_hgb_conservative_topk_strict_gt,simWind_test.mat,110,simWind_test.mat#110,loso_supervised_tpsscs_feature_hgb,learned_tpsscs_feature_ensemble,simMed_test.mat,simWind_test.mat
0.001,0.9645208848886964,0.9682539682539683,0.0009927756479770288,63,65473,65,65,126,loso_supervised_tpsscs_feature_hgb_conservative_topk_strict_gt,simWind_test.mat,110,simWind_test.mat#110,loso_supervised_tpsscs_feature_hgb,learned_tpsscs_feature_ensemble,simMed_test.mat,simWind_test.mat
0.003,0.8050688355557992,0.9682539682539683,0.002993600415438425,63,65473,196,196,257,loso_supervised_tpsscs_feature_hgb_conservative_topk_strict_gt,simWind_test.mat,110,simWind_test.mat#110,loso_supervised_tpsscs_feature_hgb,learned_tpsscs_feature_ensemble,simMed_test.mat,simWind_test.mat
0.01,0.47182217898307993,1.0,0.009988850365799643,63,65473,654,654,717,loso_supervised_tpsscs_feature_hgb_conservative_topk_strict_gt,simWind_test.mat,110,simWind_test.mat#110,loso_supervised_tpsscs_feature_hgb,learned_tpsscs_feature_ensemble,simMed_test.mat,simWind_test.mat
1e-05,0.9995580895892553,0.18604651162790697,0.0,43,65493,0,0,8,loso_supervised_tpsscs_feature_hgb_conservative_topk_strict_gt,simWind_test.mat,111,simWind_test.mat#111,loso_supervised_tpsscs_feature_hgb,learned_tpsscs_feature_ensemble,simMed_test.mat,simWind_test.mat
3e-05,0.9989946512217757,0.32558139534883723,1.526880735345762e-05,43,65493,1,1,15,loso_supervised_tpsscs_feature_hgb_conservative_topk_strict_gt,simWind_test.mat,111,simWind_test.mat#111,loso_supervised_tpsscs_feature_hgb,learned_tpsscs_feature_ensemble,simMed_test.mat,simWind_test.mat
0.0001,0.9982270361124101,0.37209302325581395,9.161284412074573e-05,43,65493,6,6,22,loso_supervised_tpsscs_feature_hgb_conservative_topk_strict_gt,simWind_test.mat,111,simWind_test.mat#111,loso_supervised_tpsscs_feature_hgb,learned_tpsscs_feature_ensemble,simMed_test.mat,simWind_test.mat
0.0003,0.9844678009980415,0.5348837209302325,0.0002901073397156948,43,65493,19,19,42,loso_supervised_tpsscs_feature_hgb_conservative_topk_strict_gt,simWind_test.mat,111,simWind_test.mat#111,loso_supervised_tpsscs_feature_hgb,learned_tpsscs_feature_ensemble,simMed_test.mat,simWind_test.mat
0.001,0.9156568956935563,0.6744186046511628,0.0009924724779747454,43,65493,65,65,94,loso_supervised_tpsscs_feature_hgb_conservative_topk_strict_gt,simWind_test.mat,111,simWind_test.mat#111,loso_supervised_tpsscs_feature_hgb,learned_tpsscs_feature_ensemble,simMed_test.mat,simWind_test.mat
0.003,0.7343673371710029,0.7209302325581395,0.0029926862412776936,43,65493,196,196,227,loso_supervised_tpsscs_feature_hgb_conservative_topk_strict_gt,simWind_test.mat,111,simWind_test.mat#111,loso_supervised_tpsscs_feature_hgb,learned_tpsscs_feature_ensemble,simMed_test.mat,simWind_test.mat
0.01,0.32816585767015977,0.813953488372093,0.009985800009161284,43,65493,654,654,689,loso_supervised_tpsscs_feature_hgb_conservative_topk_strict_gt,simWind_test.mat,111,simWind_test.mat#111,loso_supervised_tpsscs_feature_hgb,learned_tpsscs_feature_ensemble,simMed_test.mat,simWind_test.mat
1e-05,0.9997151980304785,0.425531914893617,0.0,47,65489,0,0,20,loso_supervised_tpsscs_feature_hgb_conservative_topk_strict_gt,simWind_test.mat,112,simWind_test.mat#112,loso_supervised_tpsscs_feature_hgb,learned_tpsscs_feature_ensemble,simMed_test.mat,simWind_test.mat
3e-05,0.999671948837806,0.6170212765957447,1.5269739956328543e-05,47,65489,1,1,30,loso_supervised_tpsscs_feature_hgb_conservative_topk_strict_gt,simWind_test.mat,112,simWind_test.mat#112,loso_supervised_tpsscs_feature_hgb,learned_tpsscs_feature_ensemble,simMed_test.mat,simWind_test.mat
0.0001,0.9993599426310186,0.7659574468085106,9.161843973797126e-05,47,65489,6,6,42,loso_supervised_tpsscs_feature_hgb_conservative_topk_strict_gt,simWind_test.mat,112,simWind_test.mat#112,loso_supervised_tpsscs_feature_hgb,learned_tpsscs_feature_ensemble,simMed_test.mat,simWind_test.mat
0.0003,0.9968949641519873,0.8936170212765957,0.00029012505917024235,47,65489,19,19,61,loso_supervised_tpsscs_feature_hgb_conservative_topk_strict_gt,simWind_test.mat,112,simWind_test.mat#112,loso_supervised_tpsscs_feature_hgb,learned_tpsscs_feature_ensemble,simMed_test.mat,simWind_test.mat
0.001,0.960610606145747,0.9574468085106383,0.0009925330971613554,47,65489,65,65,110,loso_supervised_tpsscs_feature_hgb_conservative_topk_strict_gt,simWind_test.mat,112,simWind_test.mat#112,loso_supervised_tpsscs_feature_hgb,learned_tpsscs_feature_ensemble,simMed_test.mat,simWind_test.mat
0.003,0.8097062443889728,0.9787234042553191,0.0029928690314403946,47,65489,196,196,242,loso_supervised_tpsscs_feature_hgb_conservative_topk_strict_gt,simWind_test.mat,112,simWind_test.mat#112,loso_supervised_tpsscs_feature_hgb,learned_tpsscs_feature_ensemble,simMed_test.mat,simWind_test.mat
0.01,0.47506113744996165,1.0,0.009986409931438867,47,65489,654,654,701,loso_supervised_tpsscs_feature_hgb_conservative_topk_strict_gt,simWind_test.mat,112,simWind_test.mat#112,loso_supervised_tpsscs_feature_hgb,learned_tpsscs_feature_ensemble,simMed_test.mat,simWind_test.mat
1e-05,0.9997926409021409,0.14285714285714285,0.0,14,65522,0,0,2,loso_supervised_tpsscs_feature_hgb_conservative_topk_strict_gt,simWind_test.mat,113,simWind_test.mat#113,loso_supervised_tpsscs_feature_hgb,learned_tpsscs_feature_ensemble,simMed_test.mat,simWind_test.mat
3e-05,0.9997535868780394,0.2857142857142857,1.5262049387991818e-05,14,65522,1,1,5,loso_supervised_tpsscs_feature_hgb_conservative_topk_strict_gt,simWind_test.mat,113,simWind_test.mat#113,loso_supervised_tpsscs_feature_hgb,learned_tpsscs_feature_ensemble,simMed_test.mat,simWind_test.mat
0.0001,0.9964883398686756,0.8571428571428571,9.157229632795092e-05,14,65522,6,6,18,loso_supervised_tpsscs_feature_hgb_conservative_topk_strict_gt,simWind_test.mat,113,simWind_test.mat#113,loso_supervised_tpsscs_feature_hgb,learned_tpsscs_feature_ensemble,simMed_test.mat,simWind_test.mat
0.0003,0.9600292243441672,0.8571428571428571,0.00028997893837184456,14,65522,19,19,31,loso_supervised_tpsscs_feature_hgb_conservative_topk_strict_gt,simWind_test.mat,113,simWind_test.mat#113,loso_supervised_tpsscs_feature_hgb,learned_tpsscs_feature_ensemble,simMed_test.mat,simWind_test.mat
0.001,0.8628313217463272,1.0,0.0009920332102194684,14,65522,65,65,79,loso_supervised_tpsscs_feature_hgb_conservative_topk_strict_gt,simWind_test.mat,113,simWind_test.mat#113,loso_supervised_tpsscs_feature_hgb,learned_tpsscs_feature_ensemble,simMed_test.mat,simWind_test.mat
0.003,0.6401258693303752,1.0,0.0029913616800463965,14,65522,196,196,210,loso_supervised_tpsscs_feature_hgb_conservative_topk_strict_gt,simWind_test.mat,113,simWind_test.mat#113,loso_supervised_tpsscs_feature_hgb,learned_tpsscs_feature_ensemble,simMed_test.mat,simWind_test.mat
0.01,0.2934344691593161,1.0,0.009996642349134641,14,65522,655,655,669,loso_supervised_tpsscs_feature_hgb_conservative_topk_strict_gt,simWind_test.mat,113,simWind_test.mat#113,loso_supervised_tpsscs_feature_hgb,learned_tpsscs_feature_ensemble,simMed_test.mat,simWind_test.mat
1e-05,0.9996354135698116,0.4166666666666667,0.0,36,65500,0,0,15,loso_supervised_tpsscs_feature_hgb_conservative_topk_strict_gt,simWind_test.mat,114,simWind_test.mat#114,loso_supervised_tpsscs_feature_hgb,learned_tpsscs_feature_ensemble,simMed_test.mat,simWind_test.mat
3e-05,0.9995968942034203,0.4166666666666667,1.5267175572519083e-05,36,65500,1,1,16,loso_supervised_tpsscs_feature_hgb_conservative_topk_strict_gt,simWind_test.mat,114,simWind_test.mat#114,loso_supervised_tpsscs_feature_hgb,learned_tpsscs_feature_ensemble,simMed_test.mat,simWind_test.mat
0.0001,0.9987979321825966,0.5277777777777778,9.16030534351145e-05,36,65500,6,6,25,loso_supervised_tpsscs_feature_hgb_conservative_topk_strict_gt,simWind_test.mat,114,simWind_test.mat#114,loso_supervised_tpsscs_feature_hgb,learned_tpsscs_feature_ensemble,simMed_test.mat,simWind_test.mat
0.0003,0.9954004862636376,0.6944444444444444,0.0002900763358778626,36,65500,19,19,44,loso_supervised_tpsscs_feature_hgb_conservative_topk_strict_gt,simWind_test.mat,114,simWind_test.mat#114,loso_supervised_tpsscs_feature_hgb,learned_tpsscs_feature_ensemble,simMed_test.mat,simWind_test.mat
0.001,0.9513536681059421,0.8611111111111112,0.0009923664122137405,36,65500,65,65,96,loso_supervised_tpsscs_feature_hgb_conservative_topk_strict_gt,simWind_test.mat,114,simWind_test.mat#114,loso_supervised_tpsscs_feature_hgb,learned_tpsscs_feature_ensemble,simMed_test.mat,simWind_test.mat
0.003,0.7436553160609428,0.8888888888888888,0.0029923664122137403,36,65500,196,196,228,loso_supervised_tpsscs_feature_hgb_conservative_topk_strict_gt,simWind_test.mat,114,simWind_test.mat#114,loso_supervised_tpsscs_feature_hgb,learned_tpsscs_feature_ensemble,simMed_test.mat,simWind_test.mat
0.01,0.33211075208291974,0.9722222222222222,0.01,36,65500,655,655,690,loso_supervised_tpsscs_feature_hgb_conservative_topk_strict_gt,simWind_test.mat,114,simWind_test.mat#114,loso_supervised_tpsscs_feature_hgb,learned_tpsscs_feature_ensemble,simMed_test.mat,simWind_test.mat
1e-05,0.9990480028145953,0.2727272727272727,0.0,22,65514,0,0,6,loso_supervised_tpsscs_feature_hgb_conservative_topk_strict_gt,simWind_test.mat,115,simWind_test.mat#115,loso_supervised_tpsscs_feature_hgb,learned_tpsscs_feature_ensemble,simMed_test.mat,simWind_test.mat
3e-05,0.9971595841818331,0.2727272727272727,1.5263913056751228e-05,22,65514,1,1,7,loso_supervised_tpsscs_feature_hgb_conservative_topk_strict_gt,simWind_test.mat,115,simWind_test.mat#115,loso_supervised_tpsscs_feature_hgb,learned_tpsscs_feature_ensemble,simMed_test.mat,simWind_test.mat
0.0001,0.9834959819205235,0.45454545454545453,9.158347834050737e-05,22,65514,6,6,16,loso_supervised_tpsscs_feature_hgb_conservative_topk_strict_gt,simWind_test.mat,115,simWind_test.mat#115,loso_supervised_tpsscs_feature_hgb,learned_tpsscs_feature_ensemble,simMed_test.mat,simWind_test.mat
0.0003,0.9386896137173233,0.5454545454545454,0.00029001434807827335,22,65514,19,19,31,loso_supervised_tpsscs_feature_hgb_conservative_topk_strict_gt,simWind_test.mat,115,simWind_test.mat#115,loso_supervised_tpsscs_feature_hgb,learned_tpsscs_feature_ensemble,simMed_test.mat,simWind_test.mat
0.001,0.8222650720241258,0.5909090909090909,0.0009921543486888298,22,65514,65,65,78,loso_supervised_tpsscs_feature_hgb_conservative_topk_strict_gt,simWind_test.mat,115,simWind_test.mat#115,loso_supervised_tpsscs_feature_hgb,learned_tpsscs_feature_ensemble,simMed_test.mat,simWind_test.mat
0.003,0.5930443399147051,0.7272727272727273,0.002991726959123241,22,65514,196,196,212,loso_supervised_tpsscs_feature_hgb_conservative_topk_strict_gt,simWind_test.mat,115,simWind_test.mat#115,loso_supervised_tpsscs_feature_hgb,learned_tpsscs_feature_ensemble,simMed_test.mat,simWind_test.mat
0.01,0.24447373227227548,0.8181818181818182,0.009997863052172054,22,65514,655,655,673,loso_supervised_tpsscs_feature_hgb_conservative_topk_strict_gt,simWind_test.mat,115,simWind_test.mat#115,loso_supervised_tpsscs_feature_hgb,learned_tpsscs_feature_ensemble,simMed_test.mat,simWind_test.mat
1e-05,0.9997395011343638,0.037037037037037035,0.0,27,65509,0,0,1,loso_supervised_tpsscs_feature_hgb_conservative_topk_strict_gt,simWind_test.mat,116,simWind_test.mat#116,loso_supervised_tpsscs_feature_hgb,learned_tpsscs_feature_ensemble,simMed_test.mat,simWind_test.mat
3e-05,0.9996900274178347,0.18518518518518517,1.5265078080874384e-05,27,65509,1,1,6,loso_supervised_tpsscs_feature_hgb_conservative_topk_strict_gt,simWind_test.mat,116,simWind_test.mat#116,loso_supervised_tpsscs_feature_hgb,learned_tpsscs_feature_ensemble,simMed_test.mat,simWind_test.mat
0.0001,0.9989898623017547,0.4444444444444444,9.15904684852463e-05,27,65509,6,6,18,loso_supervised_tpsscs_feature_hgb_conservative_topk_strict_gt,simWind_test.mat,116,simWind_test.mat#116,loso_supervised_tpsscs_feature_hgb,learned_tpsscs_feature_ensemble,simMed_test.mat,simWind_test.mat
0.0003,0.9911919248785521,0.6296296296296297,0.0002900364835366133,27,65509,19,19,36,loso_supervised_tpsscs_feature_hgb_conservative_topk_strict_gt,simWind_test.mat,116,simWind_test.mat#116,loso_supervised_tpsscs_feature_hgb,learned_tpsscs_feature_ensemble,simMed_test.mat,simWind_test.mat
0.001,0.9626088747343599,0.7037037037037037,0.000992230075256835,27,65509,65,65,84,loso_supervised_tpsscs_feature_hgb_conservative_topk_strict_gt,simWind_test.mat,116,simWind_test.mat#116,loso_supervised_tpsscs_feature_hgb,learned_tpsscs_feature_ensemble,simMed_test.mat,simWind_test.mat
0.003,0.8098176947024265,0.8518518518518519,0.002991955303851379,27,65509,196,196,219,loso_supervised_tpsscs_feature_hgb_conservative_topk_strict_gt,simWind_test.mat,116,simWind_test.mat#116,loso_supervised_tpsscs_feature_hgb,learned_tpsscs_feature_ensemble,simMed_test.mat,simWind_test.mat
0.01,0.3950544280468603,0.9629629629629629,0.00999862614297272,27,65509,655,655,681,loso_supervised_tpsscs_feature_hgb_conservative_topk_strict_gt,simWind_test.mat,116,simWind_test.mat#116,loso_supervised_tpsscs_feature_hgb,learned_tpsscs_feature_ensemble,simMed_test.mat,simWind_test.mat
1e-05,0.9996295742790087,0.48214285714285715,0.0,56,65480,0,0,27,loso_supervised_tpsscs_feature_hgb_conservative_topk_strict_gt,simWind_test.mat,117,simWind_test.mat#117,loso_supervised_tpsscs_feature_hgb,learned_tpsscs_feature_ensemble,simMed_test.mat,simWind_test.mat
3e-05,0.9995982182498442,0.5357142857142857,1.5271838729383018e-05,56,65480,1,1,31,loso_supervised_tpsscs_feature_hgb_conservative_topk_strict_gt,simWind_test.mat,117,simWind_test.mat#117,loso_supervised_tpsscs_feature_hgb,learned_tpsscs_feature_ensemble,simMed_test.mat,simWind_test.mat
0.0001,0.9990435911312581,0.75,9.163103237629811e-05,56,65480,6,6,48,loso_supervised_tpsscs_feature_hgb_conservative_topk_strict_gt,simWind_test.mat,117,simWind_test.mat#117,loso_supervised_tpsscs_feature_hgb,learned_tpsscs_feature_ensemble,simMed_test.mat,simWind_test.mat
0.0003,0.9953743113396027,0.9464285714285714,0.00029016493585827736,56,65480,19,19,72,loso_supervised_tpsscs_feature_hgb_conservative_topk_strict_gt,simWind_test.mat,117,simWind_test.mat#117,loso_supervised_tpsscs_feature_hgb,learned_tpsscs_feature_ensemble,simMed_test.mat,simWind_test.mat
0.001,0.8941309099389136,0.9821428571428571,0.0009926695174098962,56,65480,65,65,120,loso_supervised_tpsscs_feature_hgb_conservative_topk_strict_gt,simWind_test.mat,117,simWind_test.mat#117,loso_supervised_tpsscs_feature_hgb,learned_tpsscs_feature_ensemble,simMed_test.mat,simWind_test.mat
0.003,0.7598908534621541,1.0,0.0029932803909590716,56,65480,196,196,252,loso_supervised_tpsscs_feature_hgb_conservative_topk_strict_gt,simWind_test.mat,117,simWind_test.mat#117,loso_supervised_tpsscs_feature_hgb,learned_tpsscs_feature_ensemble,simMed_test.mat,simWind_test.mat
0.01,0.42081881762509393,1.0,0.009987782529016494,56,65480,654,654,710,loso_supervised_tpsscs_feature_hgb_conservative_topk_strict_gt,simWind_test.mat,117,simWind_test.mat#117,loso_supervised_tpsscs_feature_hgb,learned_tpsscs_feature_ensemble,simMed_test.mat,simWind_test.mat
1e-05,0.999686190925537,0.19298245614035087,0.0,57,65479,0,0,11,loso_supervised_tpsscs_feature_hgb_conservative_topk_strict_gt,simWind_test.mat,118,simWind_test.mat#118,loso_supervised_tpsscs_feature_hgb,learned_tpsscs_feature_ensemble,simMed_test.mat,simWind_test.mat
3e-05,0.9996517546464798,0.21052631578947367,1.5272071962003084e-05,57,65479,1,1,13,loso_supervised_tpsscs_feature_hgb_conservative_topk_strict_gt,simWind_test.mat,118,simWind_test.mat#118,loso_supervised_tpsscs_feature_hgb,learned_tpsscs_feature_ensemble,simMed_test.mat,simWind_test.mat
0.0001,0.9994552398426754,0.3684210526315789,9.163243177201851e-05,57,65479,6,6,27,loso_supervised_tpsscs_feature_hgb_conservative_topk_strict_gt,simWind_test.mat,118,simWind_test.mat#118,loso_supervised_tpsscs_feature_hgb,learned_tpsscs_feature_ensemble,simMed_test.mat,simWind_test.mat
0.0003,0.9942722021572423,0.631578947368421,0.0002901693672780586,57,65479,19,19,55,loso_supervised_tpsscs_feature_hgb_conservative_topk_strict_gt,simWind_test.mat,118,simWind_test.mat#118,loso_supervised_tpsscs_feature_hgb,learned_tpsscs_feature_ensemble,simMed_test.mat,simWind_test.mat
0.001,0.9552405021328312,0.7894736842105263,0.0009926846775302005,57,65479,65,65,110,loso_supervised_tpsscs_feature_hgb_conservative_topk_strict_gt,simWind_test.mat,118,simWind_test.mat#118,loso_supervised_tpsscs_feature_hgb,learned_tpsscs_feature_ensemble,simMed_test.mat,simWind_test.mat
0.003,0.7866463428318173,0.8596491228070176,0.0029933261045526046,57,65479,196,196,245,loso_supervised_tpsscs_feature_hgb_conservative_topk_strict_gt,simWind_test.mat,118,simWind_test.mat#118,loso_supervised_tpsscs_feature_hgb,learned_tpsscs_feature_ensemble,simMed_test.mat,simWind_test.mat
0.01,0.36775835286971426,0.9824561403508771,0.009987935063150018,57,65479,654,654,710,loso_supervised_tpsscs_feature_hgb_conservative_topk_strict_gt,simWind_test.mat,118,simWind_test.mat#118,loso_supervised_tpsscs_feature_hgb,learned_tpsscs_feature_ensemble,simMed_test.mat,simWind_test.mat
1e-05,0.9997465933971487,0.43243243243243246,0.0,37,65499,0,0,16,loso_supervised_tpsscs_feature_hgb_conservative_topk_strict_gt,simWind_test.mat,121,simWind_test.mat#121,loso_supervised_tpsscs_feature_hgb,learned_tpsscs_feature_ensemble,simMed_test.mat,simWind_test.mat
3e-05,0.9997436091471686,0.43243243243243246,1.5267408662727676e-05,37,65499,1,1,17,loso_supervised_tpsscs_feature_hgb_conservative_topk_strict_gt,simWind_test.mat,121,simWind_test.mat#121,loso_supervised_tpsscs_feature_hgb,learned_tpsscs_feature_ensemble,simMed_test.mat,simWind_test.mat
0.0001,0.9991929353051539,0.8918918918918919,9.160445197636606e-05,37,65499,6,6,39,loso_supervised_tpsscs_feature_hgb_conservative_topk_strict_gt,simWind_test.mat,121,simWind_test.mat#121,loso_supervised_tpsscs_feature_hgb,learned_tpsscs_feature_ensemble,simMed_test.mat,simWind_test.mat
0.0003,0.9966661191275129,0.918918918918919,0.00029008076459182585,37,65499,19,19,53,loso_supervised_tpsscs_feature_hgb_conservative_topk_strict_gt,simWind_test.mat,121,simWind_test.mat#121,loso_supervised_tpsscs_feature_hgb,learned_tpsscs_feature_ensemble,simMed_test.mat,simWind_test.mat
0.001,0.9582724539996644,1.0,0.0009923815630772988,37,65499,65,65,102,loso_supervised_tpsscs_feature_hgb_conservative_topk_strict_gt,simWind_test.mat,121,simWind_test.mat#121,loso_supervised_tpsscs_feature_hgb,learned_tpsscs_feature_ensemble,simMed_test.mat,simWind_test.mat
0.003,0.8163821114685964,1.0,0.0029924120978946245,37,65499,196,196,233,loso_supervised_tpsscs_feature_hgb_conservative_topk_strict_gt,simWind_test.mat,121,simWind_test.mat#121,loso_supervised_tpsscs_feature_hgb,learned_tpsscs_feature_ensemble,simMed_test.mat,simWind_test.mat
0.01,0.44892155457692634,1.0,0.009984885265423899,37,65499,654,654,691,loso_supervised_tpsscs_feature_hgb_conservative_topk_strict_gt,simWind_test.mat,121,simWind_test.mat#121,loso_supervised_tpsscs_feature_hgb,learned_tpsscs_feature_ensemble,simMed_test.mat,simWind_test.mat
1e-05,0.9962823999872561,0.26666666666666666,0.0,15,65521,0,0,4,loso_supervised_tpsscs_feature_hgb_conservative_topk_strict_gt,simWind_test.mat,122,simWind_test.mat#122,loso_supervised_tpsscs_feature_hgb,learned_tpsscs_feature_ensemble,simMed_test.mat,simWind_test.mat
3e-05,0.9952619456628768,0.3333333333333333,1.5262282321698386e-05,15,65521,1,1,6,loso_supervised_tpsscs_feature_hgb_conservative_topk_strict_gt,simWind_test.mat,122,simWind_test.mat#122,loso_supervised_tpsscs_feature_hgb,learned_tpsscs_feature_ensemble,simMed_test.mat,simWind_test.mat
0.0001,0.9586061121122333,0.6,9.157369393019033e-05,15,65521,6,6,15,loso_supervised_tpsscs_feature_hgb_conservative_topk_strict_gt,simWind_test.mat,122,simWind_test.mat#122,loso_supervised_tpsscs_feature_hgb,learned_tpsscs_feature_ensemble,simMed_test.mat,simWind_test.mat
0.0003,0.8652396478238354,0.7333333333333333,0.00028998336411226937,15,65521,19,19,30,loso_supervised_tpsscs_feature_hgb_conservative_topk_strict_gt,simWind_test.mat,122,simWind_test.mat#122,loso_supervised_tpsscs_feature_hgb,learned_tpsscs_feature_ensemble,simMed_test.mat,simWind_test.mat
0.001,0.6303563198402319,0.8666666666666667,0.000992048350910395,15,65521,65,65,78,loso_supervised_tpsscs_feature_hgb_conservative_topk_strict_gt,simWind_test.mat,122,simWind_test.mat#122,loso_supervised_tpsscs_feature_hgb,learned_tpsscs_feature_ensemble,simMed_test.mat,simWind_test.mat
0.003,0.34717787739487566,0.9333333333333333,0.0029914073350528836,15,65521,196,196,210,loso_supervised_tpsscs_feature_hgb_conservative_topk_strict_gt,simWind_test.mat,122,simWind_test.mat#122,loso_supervised_tpsscs_feature_hgb,learned_tpsscs_feature_ensemble,simMed_test.mat,simWind_test.mat
0.01,0.13355754043834253,1.0,0.009996794920712444,15,65521,655,655,670,loso_supervised_tpsscs_feature_hgb_conservative_topk_strict_gt,simWind_test.mat,122,simWind_test.mat#122,loso_supervised_tpsscs_feature_hgb,learned_tpsscs_feature_ensemble,simMed_test.mat,simWind_test.mat
1e-05,0.9997736923792828,0.14285714285714285,0.0,42,65494,0,0,6,loso_supervised_tpsscs_feature_hgb_conservative_topk_strict_gt,simWind_test.mat,123,simWind_test.mat#123,loso_supervised_tpsscs_feature_hgb,learned_tpsscs_feature_ensemble,simMed_test.mat,simWind_test.mat
3e-05,0.9997223821548438,0.38095238095238093,1.5268574220539285e-05,42,65494,1,1,17,loso_supervised_tpsscs_feature_hgb_conservative_topk_strict_gt,simWind_test.mat,123,simWind_test.mat#123,loso_supervised_tpsscs_feature_hgb,learned_tpsscs_feature_ensemble,simMed_test.mat,simWind_test.mat
0.0001,0.9989523433933916,0.7857142857142857,9.161144532323571e-05,42,65494,6,6,39,loso_supervised_tpsscs_feature_hgb_conservative_topk_strict_gt,simWind_test.mat,123,simWind_test.mat#123,loso_supervised_tpsscs_feature_hgb,learned_tpsscs_feature_ensemble,simMed_test.mat,simWind_test.mat
0.0003,0.9935180595942894,0.9523809523809523,0.00029010291019024645,42,65494,19,19,59,loso_supervised_tpsscs_feature_hgb_conservative_topk_strict_gt,simWind_test.mat,123,simWind_test.mat#123,loso_supervised_tpsscs_feature_hgb,learned_tpsscs_feature_ensemble,simMed_test.mat,simWind_test.mat
0.001,0.9456388816380642,0.9761904761904762,0.0009924573243350536,42,65494,65,65,106,loso_supervised_tpsscs_feature_hgb_conservative_topk_strict_gt,simWind_test.mat,123,simWind_test.mat#123,loso_supervised_tpsscs_feature_hgb,learned_tpsscs_feature_ensemble,simMed_test.mat,simWind_test.mat
0.003,0.8011404912984462,0.9761904761904762,0.0029926405472257,42,65494,196,196,237,loso_supervised_tpsscs_feature_hgb_conservative_topk_strict_gt,simWind_test.mat,123,simWind_test.mat#123,loso_supervised_tpsscs_feature_hgb,learned_tpsscs_feature_ensemble,simMed_test.mat,simWind_test.mat
0.01,0.4649270900755312,1.0,0.009985647540232694,42,65494,654,654,696,loso_supervised_tpsscs_feature_hgb_conservative_topk_strict_gt,simWind_test.mat,123,simWind_test.mat#123,loso_supervised_tpsscs_feature_hgb,learned_tpsscs_feature_ensemble,simMed_test.mat,simWind_test.mat
1e-05,0.9996153405021435,0.36,0.0,25,65511,0,0,9,loso_supervised_tpsscs_feature_hgb_conservative_topk_strict_gt,simWind_test.mat,124,simWind_test.mat#124,loso_supervised_tpsscs_feature_hgb,learned_tpsscs_feature_ensemble,simMed_test.mat,simWind_test.mat
3e-05,0.9992085237371153,0.52,1.526461204988475e-05,25,65511,1,1,14,loso_supervised_tpsscs_feature_hgb_conservative_topk_strict_gt,simWind_test.mat,124,simWind_test.mat#124,loso_supervised_tpsscs_feature_hgb,learned_tpsscs_feature_ensemble,simMed_test.mat,simWind_test.mat
0.0001,0.9988078385506554,0.52,9.158767229930851e-05,25,65511,6,6,19,loso_supervised_tpsscs_feature_hgb_conservative_topk_strict_gt,simWind_test.mat,124,simWind_test.mat#124,loso_supervised_tpsscs_feature_hgb,learned_tpsscs_feature_ensemble,simMed_test.mat,simWind_test.mat
0.0003,0.9800428583123599,0.72,0.0002900276289478103,25,65511,19,19,37,loso_supervised_tpsscs_feature_hgb_conservative_topk_strict_gt,simWind_test.mat,124,simWind_test.mat#124,loso_supervised_tpsscs_feature_hgb,learned_tpsscs_feature_ensemble,simMed_test.mat,simWind_test.mat
0.001,0.8738876850819995,0.76,0.0009921997832425089,25,65511,65,65,84,loso_supervised_tpsscs_feature_hgb_conservative_topk_strict_gt,simWind_test.mat,124,simWind_test.mat#124,loso_supervised_tpsscs_feature_hgb,learned_tpsscs_feature_ensemble,simMed_test.mat,simWind_test.mat
0.003,0.6030349991345455,0.8,0.0029918639617774116,25,65511,196,196,216,loso_supervised_tpsscs_feature_hgb_conservative_topk_strict_gt,simWind_test.mat,124,simWind_test.mat#124,loso_supervised_tpsscs_feature_hgb,learned_tpsscs_feature_ensemble,simMed_test.mat,simWind_test.mat
0.01,0.23776318724276355,0.88,0.009998320892674512,25,65511,655,655,677,loso_supervised_tpsscs_feature_hgb_conservative_topk_strict_gt,simWind_test.mat,124,simWind_test.mat#124,loso_supervised_tpsscs_feature_hgb,learned_tpsscs_feature_ensemble,simMed_test.mat,simWind_test.mat
1e-05,0.9996462655279093,0.2711864406779661,0.0,59,65477,0,0,16,loso_supervised_tpsscs_feature_hgb_conservative_topk_strict_gt,simWind_test.mat,125,simWind_test.mat#125,loso_supervised_tpsscs_feature_hgb,learned_tpsscs_feature_ensemble,simMed_test.mat,simWind_test.mat
3e-05,0.9996234828694526,0.288135593220339,1.5272538448615544e-05,59,65477,1,1,18,loso_supervised_tpsscs_feature_hgb_conservative_topk_strict_gt,simWind_test.mat,125,simWind_test.mat#125,loso_supervised_tpsscs_feature_hgb,learned_tpsscs_feature_ensemble,simMed_test.mat,simWind_test.mat
0.0001,0.9981623556268547,0.4576271186440678,9.163523069169327e-05,59,65477,6,6,33,loso_supervised_tpsscs_feature_hgb_conservative_topk_strict_gt,simWind_test.mat,125,simWind_test.mat#125,loso_supervised_tpsscs_feature_hgb,learned_tpsscs_feature_ensemble,simMed_test.mat,simWind_test.mat
0.0003,0.9923044114401833,0.5423728813559322,0.00029017823052369533,59,65477,19,19,51,loso_supervised_tpsscs_feature_hgb_conservative_topk_strict_gt,simWind_test.mat,125,simWind_test.mat#125,loso_supervised_tpsscs_feature_hgb,learned_tpsscs_feature_ensemble,simMed_test.mat,simWind_test.mat
0.001,0.9242990896390119,0.7627118644067796,0.0009927149991600104,59,65477,65,65,110,loso_supervised_tpsscs_feature_hgb_conservative_topk_strict_gt,simWind_test.mat,125,simWind_test.mat#125,loso_supervised_tpsscs_feature_hgb,learned_tpsscs_feature_ensemble,simMed_test.mat,simWind_test.mat
0.003,0.6887322725781383,0.864406779661017,0.002993417535928647,59,65477,196,196,247,loso_supervised_tpsscs_feature_hgb_conservative_topk_strict_gt,simWind_test.mat,125,simWind_test.mat#125,loso_supervised_tpsscs_feature_hgb,learned_tpsscs_feature_ensemble,simMed_test.mat,simWind_test.mat
0.01,0.2676087719603685,0.9661016949152542,0.009988240145394567,59,65477,654,654,711,loso_supervised_tpsscs_feature_hgb_conservative_topk_strict_gt,simWind_test.mat,125,simWind_test.mat#125,loso_supervised_tpsscs_feature_hgb,learned_tpsscs_feature_ensemble,simMed_test.mat,simWind_test.mat
1e-05,0.9996203965223233,0.38461538461538464,0.0,26,65510,0,0,10,loso_supervised_tpsscs_feature_hgb_conservative_topk_strict_gt,simWind_test.mat,126,simWind_test.mat#126,loso_supervised_tpsscs_feature_hgb,learned_tpsscs_feature_ensemble,simMed_test.mat,simWind_test.mat
3e-05,0.9995436870550681,0.38461538461538464,1.5264845061822624e-05,26,65510,1,1,11,loso_supervised_tpsscs_feature_hgb_conservative_topk_strict_gt,simWind_test.mat,126,simWind_test.mat#126,loso_supervised_tpsscs_feature_hgb,learned_tpsscs_feature_ensemble,simMed_test.mat,simWind_test.mat
0.0001,0.9956715878836099,0.5769230769230769,9.158907037093573e-05,26,65510,6,6,21,loso_supervised_tpsscs_feature_hgb_conservative_topk_strict_gt,simWind_test.mat,126,simWind_test.mat#126,loso_supervised_tpsscs_feature_hgb,learned_tpsscs_feature_ensemble,simMed_test.mat,simWind_test.mat
0.0003,0.9844717385644987,0.6153846153846154,0.00029003205617462985,26,65510,19,19,35,loso_supervised_tpsscs_feature_hgb_conservative_topk_strict_gt,simWind_test.mat,126,simWind_test.mat#126,loso_supervised_tpsscs_feature_hgb,learned_tpsscs_feature_ensemble,simMed_test.mat,simWind_test.mat
0.001,0.9004748198137835,0.7307692307692307,0.0009922149290184704,26,65510,65,65,84,loso_supervised_tpsscs_feature_hgb_conservative_topk_strict_gt,simWind_test.mat,126,simWind_test.mat#126,loso_supervised_tpsscs_feature_hgb,learned_tpsscs_feature_ensemble,simMed_test.mat,simWind_test.mat
0.003,0.7015223804869005,0.7307692307692307,0.002991909632117234,26,65510,196,196,215,loso_supervised_tpsscs_feature_hgb_conservative_topk_strict_gt,simWind_test.mat,126,simWind_test.mat#126,loso_supervised_tpsscs_feature_hgb,learned_tpsscs_feature_ensemble,simMed_test.mat,simWind_test.mat
0.01,0.26016151026910694,0.8846153846153846,0.009998473515493819,26,65510,655,655,678,loso_supervised_tpsscs_feature_hgb_conservative_topk_strict_gt,simWind_test.mat,126,simWind_test.mat#126,loso_supervised_tpsscs_feature_hgb,learned_tpsscs_feature_ensemble,simMed_test.mat,simWind_test.mat
1e-05,0.9996832020675167,0.6363636363636364,0.0,33,65503,0,0,21,loso_supervised_tpsscs_feature_hgb_conservative_topk_strict_gt,simWind_test.mat,127,simWind_test.mat#127,loso_supervised_tpsscs_feature_hgb,learned_tpsscs_feature_ensemble,simMed_test.mat,simWind_test.mat
3e-05,0.9995426529097968,0.7878787878787878,1.5266476344594905e-05,33,65503,1,1,27,loso_supervised_tpsscs_feature_hgb_conservative_topk_strict_gt,simWind_test.mat,127,simWind_test.mat#127,loso_supervised_tpsscs_feature_hgb,learned_tpsscs_feature_ensemble,simMed_test.mat,simWind_test.mat
0.0001,0.9987155074489408,0.8787878787878788,9.159885806756943e-05,33,65503,6,6,35,loso_supervised_tpsscs_feature_hgb_conservative_topk_strict_gt,simWind_test.mat,127,simWind_test.mat#127,loso_supervised_tpsscs_feature_hgb,learned_tpsscs_feature_ensemble,simMed_test.mat,simWind_test.mat
0.0003,0.9749894106441395,0.9393939393939394,0.0002900630505473032,33,65503,19,19,50,loso_supervised_tpsscs_feature_hgb_conservative_topk_strict_gt,simWind_test.mat,127,simWind_test.mat#127,loso_supervised_tpsscs_feature_hgb,learned_tpsscs_feature_ensemble,simMed_test.mat,simWind_test.mat
0.001,0.8787726955059822,1.0,0.0009923209623986687,33,65503,65,65,98,loso_supervised_tpsscs_feature_hgb_conservative_topk_strict_gt,simWind_test.mat,127,simWind_test.mat#127,loso_supervised_tpsscs_feature_hgb,learned_tpsscs_feature_ensemble,simMed_test.mat,simWind_test.mat
0.003,0.7167160068921895,1.0,0.002992229363540601,33,65503,196,196,229,loso_supervised_tpsscs_feature_hgb_conservative_topk_strict_gt,simWind_test.mat,127,simWind_test.mat#127,loso_supervised_tpsscs_feature_hgb,learned_tpsscs_feature_ensemble,simMed_test.mat,simWind_test.mat
0.01,0.3572604764810948,1.0,0.009999542005709662,33,65503,655,655,688,loso_supervised_tpsscs_feature_hgb_conservative_topk_strict_gt,simWind_test.mat,127,simWind_test.mat#127,loso_supervised_tpsscs_feature_hgb,learned_tpsscs_feature_ensemble,simMed_test.mat,simWind_test.mat
1e-05,0.9997345080139329,0.37209302325581395,0.0,43,65493,0,0,16,loso_supervised_tpsscs_feature_hgb_conservative_topk_strict_gt,simMed_test.mat,0,simMed_test.mat#0,loso_supervised_tpsscs_feature_hgb,learned_tpsscs_feature_ensemble,simWind_test.mat,simMed_test.mat
3e-05,0.9996475250738872,0.5813953488372093,1.526880735345762e-05,43,65493,1,1,26,loso_supervised_tpsscs_feature_hgb_conservative_topk_strict_gt,simMed_test.mat,0,simMed_test.mat#0,loso_supervised_tpsscs_feature_hgb,learned_tpsscs_feature_ensemble,simWind_test.mat,simMed_test.mat
0.0001,0.9991290336262119,0.8372093023255814,9.161284412074573e-05,43,65493,6,6,42,loso_supervised_tpsscs_feature_hgb_conservative_topk_strict_gt,simMed_test.mat,0,simMed_test.mat#0,loso_supervised_tpsscs_feature_hgb,learned_tpsscs_feature_ensemble,simWind_test.mat,simMed_test.mat
0.0003,0.9972547378659881,0.9767441860465116,0.0002901073397156948,43,65493,19,19,61,loso_supervised_tpsscs_feature_hgb_conservative_topk_strict_gt,simMed_test.mat,0,simMed_test.mat#0,loso_supervised_tpsscs_feature_hgb,learned_tpsscs_feature_ensemble,simWind_test.mat,simMed_test.mat
0.001,0.9909093772544598,0.9767441860465116,0.0009924724779747454,43,65493,65,65,107,loso_supervised_tpsscs_feature_hgb_conservative_topk_strict_gt,simMed_test.mat,0,simMed_test.mat#0,loso_supervised_tpsscs_feature_hgb,learned_tpsscs_feature_ensemble,simWind_test.mat,simMed_test.mat
0.003,0.9560086470337459,1.0,0.0029926862412776936,43,65493,196,196,239,loso_supervised_tpsscs_feature_hgb_conservative_topk_strict_gt,simMed_test.mat,0,simMed_test.mat#0,loso_supervised_tpsscs_feature_hgb,learned_tpsscs_feature_ensemble,simWind_test.mat,simMed_test.mat
0.01,0.7085288078308364,1.0,0.009985800009161284,43,65493,654,654,697,loso_supervised_tpsscs_feature_hgb_conservative_topk_strict_gt,simMed_test.mat,0,simMed_test.mat#0,loso_supervised_tpsscs_feature_hgb,learned_tpsscs_feature_ensemble,simWind_test.mat,simMed_test.mat
1e-05,0.9996100778591798,0.21428571428571427,0.0,28,65508,0,0,6,loso_supervised_tpsscs_feature_hgb_conservative_topk_strict_gt,simMed_test.mat,3,simMed_test.mat#3,loso_supervised_tpsscs_feature_hgb,learned_tpsscs_feature_ensemble,simWind_test.mat,simMed_test.mat
3e-05,0.9994904520426037,0.32142857142857145,1.526531110704036e-05,28,65508,1,1,10,loso_supervised_tpsscs_feature_hgb_conservative_topk_strict_gt,simMed_test.mat,3,simMed_test.mat#3,loso_supervised_tpsscs_feature_hgb,learned_tpsscs_feature_ensemble,simWind_test.mat,simMed_test.mat
0.0001,0.9987834995957096,0.39285714285714285,9.159186664224217e-05,28,65508,6,6,17,loso_supervised_tpsscs_feature_hgb_conservative_topk_strict_gt,simMed_test.mat,3,simMed_test.mat#3,loso_supervised_tpsscs_feature_hgb,learned_tpsscs_feature_ensemble,simWind_test.mat,simMed_test.mat
0.0003,0.9927249345871254,0.7142857142857143,0.00029004091103376685,28,65508,19,19,39,loso_supervised_tpsscs_feature_hgb_conservative_topk_strict_gt,simMed_test.mat,3,simMed_test.mat#3,loso_supervised_tpsscs_feature_hgb,learned_tpsscs_feature_ensemble,simWind_test.mat,simMed_test.mat
0.001,0.9604281734075122,0.7857142857142857,0.0009922452219576234,28,65508,65,65,87,loso_supervised_tpsscs_feature_hgb_conservative_topk_strict_gt,simMed_test.mat,3,simMed_test.mat#3,loso_supervised_tpsscs_feature_hgb,learned_tpsscs_feature_ensemble,simWind_test.mat,simMed_test.mat
0.003,0.8231080254260468,0.8571428571428571,0.002992000976979911,28,65508,196,196,220,loso_supervised_tpsscs_feature_hgb_conservative_topk_strict_gt,simMed_test.mat,3,simMed_test.mat#3,loso_supervised_tpsscs_feature_hgb,learned_tpsscs_feature_ensemble,simWind_test.mat,simMed_test.mat
0.01,0.3244951693193212,1.0,0.009998778775111437,28,65508,655,655,683,loso_supervised_tpsscs_feature_hgb_conservative_topk_strict_gt,simMed_test.mat,3,simMed_test.mat#3,loso_supervised_tpsscs_feature_hgb,learned_tpsscs_feature_ensemble,simWind_test.mat,simMed_test.mat
1e-05,0.9996796510577067,0.6,0.0,50,65486,0,0,30,loso_supervised_tpsscs_feature_hgb_conservative_topk_strict_gt,simMed_test.mat,7,simMed_test.mat#7,loso_supervised_tpsscs_feature_hgb,learned_tpsscs_feature_ensemble,simWind_test.mat,simMed_test.mat
3e-05,0.999549959665037,0.76,1.5270439483248328e-05,50,65486,1,1,39,loso_supervised_tpsscs_feature_hgb_conservative_topk_strict_gt,simMed_test.mat,7,simMed_test.mat#7,loso_supervised_tpsscs_feature_hgb,learned_tpsscs_feature_ensemble,simWind_test.mat,simMed_test.mat
0.0001,0.9992813378965388,0.86,9.162263689948997e-05,50,65486,6,6,49,loso_supervised_tpsscs_feature_hgb_conservative_topk_strict_gt,simMed_test.mat,7,simMed_test.mat#7,loso_supervised_tpsscs_feature_hgb,learned_tpsscs_feature_ensemble,simWind_test.mat,simMed_test.mat
0.0003,0.9972627212007154,0.92,0.0002901383501817182,50,65486,19,19,65,loso_supervised_tpsscs_feature_hgb_conservative_topk_strict_gt,simMed_test.mat,7,simMed_test.mat#7,loso_supervised_tpsscs_feature_hgb,learned_tpsscs_feature_ensemble,simWind_test.mat,simMed_test.mat
0.001,0.975555317157951,0.98,0.0009925785664111413,50,65486,65,65,114,loso_supervised_tpsscs_feature_hgb_conservative_topk_strict_gt,simMed_test.mat,7,simMed_test.mat#7,loso_supervised_tpsscs_feature_hgb,learned_tpsscs_feature_ensemble,simWind_test.mat,simMed_test.mat
0.003,0.8416874393863517,1.0,0.002993006138716672,50,65486,196,196,246,loso_supervised_tpsscs_feature_hgb_conservative_topk_strict_gt,simMed_test.mat,7,simMed_test.mat#7,loso_supervised_tpsscs_feature_hgb,learned_tpsscs_feature_ensemble,simWind_test.mat,simMed_test.mat
0.01,0.46584076567568233,1.0,0.009986867422044406,50,65486,654,654,704,loso_supervised_tpsscs_feature_hgb_conservative_topk_strict_gt,simMed_test.mat,7,simMed_test.mat#7,loso_supervised_tpsscs_feature_hgb,learned_tpsscs_feature_ensemble,simWind_test.mat,simMed_test.mat
1e-05,0.9997819007098431,0.16666666666666666,0.0,24,65512,0,0,4,loso_supervised_tpsscs_feature_hgb_conservative_topk_strict_gt,simMed_test.mat,8,simMed_test.mat#8,loso_supervised_tpsscs_feature_hgb,learned_tpsscs_feature_ensemble,simWind_test.mat,simMed_test.mat
3e-05,0.9995830450334466,0.4583333333333333,1.5264379045060447e-05,24,65512,1,1,12,loso_supervised_tpsscs_feature_hgb_conservative_topk_strict_gt,simMed_test.mat,8,simMed_test.mat#8,loso_supervised_tpsscs_feature_hgb,learned_tpsscs_feature_ensemble,simWind_test.mat,simMed_test.mat
0.0001,0.9988160690259787,0.625,9.158627427036269e-05,24,65512,6,6,21,loso_supervised_tpsscs_feature_hgb_conservative_topk_strict_gt,simMed_test.mat,8,simMed_test.mat#8,loso_supervised_tpsscs_feature_hgb,learned_tpsscs_feature_ensemble,simWind_test.mat,simMed_test.mat
0.0003,0.9969652266176752,0.7916666666666666,0.0002900232018561485,24,65512,19,19,38,loso_supervised_tpsscs_feature_hgb_conservative_topk_strict_gt,simMed_test.mat,8,simMed_test.mat#8,loso_supervised_tpsscs_feature_hgb,learned_tpsscs_feature_ensemble,simWind_test.mat,simMed_test.mat
0.001,0.9753398779329807,0.9166666666666666,0.000992184637928929,24,65512,65,65,87,loso_supervised_tpsscs_feature_hgb_conservative_topk_strict_gt,simMed_test.mat,8,simMed_test.mat#8,loso_supervised_tpsscs_feature_hgb,learned_tpsscs_feature_ensemble,simWind_test.mat,simMed_test.mat
0.003,0.8162796103662329,1.0,0.0029918182928318476,24,65512,196,196,220,loso_supervised_tpsscs_feature_hgb_conservative_topk_strict_gt,simMed_test.mat,8,simMed_test.mat#8,loso_supervised_tpsscs_feature_hgb,learned_tpsscs_feature_ensemble,simWind_test.mat,simMed_test.mat
0.01,0.34129997671932205,1.0,0.009998168274514593,24,65512,655,655,679,loso_supervised_tpsscs_feature_hgb_conservative_topk_strict_gt,simMed_test.mat,8,simMed_test.mat#8,loso_supervised_tpsscs_feature_hgb,learned_tpsscs_feature_ensemble,simWind_test.mat,simMed_test.mat
1e-05,0.9997886285720691,0.391304347826087,0.0,23,65513,0,0,9,loso_supervised_tpsscs_feature_hgb_conservative_topk_strict_gt,simMed_test.mat,9,simMed_test.mat#9,loso_supervised_tpsscs_feature_hgb,learned_tpsscs_feature_ensemble,simWind_test.mat,simMed_test.mat
3e-05,0.9997627179620906,0.43478260869565216,1.526414604734938e-05,23,65513,1,1,11,loso_supervised_tpsscs_feature_hgb_conservative_topk_strict_gt,simMed_test.mat,9,simMed_test.mat#9,loso_supervised_tpsscs_feature_hgb,learned_tpsscs_feature_ensemble,simWind_test.mat,simMed_test.mat
0.0001,0.9995063861754672,0.782608695652174,9.158487628409629e-05,23,65513,6,6,24,loso_supervised_tpsscs_feature_hgb_conservative_topk_strict_gt,simMed_test.mat,9,simMed_test.mat#9,loso_supervised_tpsscs_feature_hgb,learned_tpsscs_feature_ensemble,simWind_test.mat,simMed_test.mat
0.0003,0.9979469471786693,0.9130434782608695,0.00029001877489963823,23,65513,19,19,40,loso_supervised_tpsscs_feature_hgb_conservative_topk_strict_gt,simMed_test.mat,9,simMed_test.mat#9,loso_supervised_tpsscs_feature_hgb,learned_tpsscs_feature_ensemble,simWind_test.mat,simMed_test.mat
0.001,0.9792126938049284,0.9565217391304348,0.0009921694930777097,23,65513,65,65,87,loso_supervised_tpsscs_feature_hgb_conservative_topk_strict_gt,simMed_test.mat,9,simMed_test.mat#9,loso_supervised_tpsscs_feature_hgb,learned_tpsscs_feature_ensemble,simWind_test.mat,simMed_test.mat
0.003,0.8832496107528796,1.0,0.0029917726252804786,23,65513,196,196,219,loso_supervised_tpsscs_feature_hgb_conservative_topk_strict_gt,simMed_test.mat,9,simMed_test.mat#9,loso_supervised_tpsscs_feature_hgb,learned_tpsscs_feature_ensemble,simWind_test.mat,simMed_test.mat
0.01,0.5665024924503614,1.0,0.009998015661013845,23,65513,655,655,678,loso_supervised_tpsscs_feature_hgb_conservative_topk_strict_gt,simMed_test.mat,9,simMed_test.mat#9,loso_supervised_tpsscs_feature_hgb,learned_tpsscs_feature_ensemble,simWind_test.mat,simMed_test.mat
1e-05,0.9997784383040114,0.2413793103448276,0.0,58,65478,0,0,14,loso_supervised_tpsscs_feature_hgb_conservative_topk_strict_gt,simMed_test.mat,11,simMed_test.mat#11,loso_supervised_tpsscs_feature_hgb,learned_tpsscs_feature_ensemble,simWind_test.mat,simMed_test.mat
3e-05,0.9997066235133337,0.4827586206896552,1.527230520174715e-05,58,65478,1,1,29,loso_supervised_tpsscs_feature_hgb_conservative_topk_strict_gt,simMed_test.mat,11,simMed_test.mat#11,loso_supervised_tpsscs_feature_hgb,learned_tpsscs_feature_ensemble,simWind_test.mat,simMed_test.mat
0.0001,0.9994535255948214,0.7586206896551724,9.163383121048291e-05,58,65478,6,6,50,loso_supervised_tpsscs_feature_hgb_conservative_topk_strict_gt,simMed_test.mat,11,simMed_test.mat#11,loso_supervised_tpsscs_feature_hgb,learned_tpsscs_feature_ensemble,simWind_test.mat,simMed_test.mat
0.0003,0.9979697705106998,0.8793103448275862,0.0002901737988331959,58,65478,19,19,70,loso_supervised_tpsscs_feature_hgb_conservative_topk_strict_gt,simMed_test.mat,11,simMed_test.mat#11,loso_supervised_tpsscs_feature_hgb,learned_tpsscs_feature_ensemble,simWind_test.mat,simMed_test.mat
0.001,0.9893073475040631,0.9482758620689655,0.0009926998381135648,58,65478,65,65,120,loso_supervised_tpsscs_feature_hgb_conservative_topk_strict_gt,simMed_test.mat,11,simMed_test.mat#11,loso_supervised_tpsscs_feature_hgb,learned_tpsscs_feature_ensemble,simWind_test.mat,simMed_test.mat
0.003,0.9404264516111149,1.0,0.0029933718195424416,58,65478,196,196,254,loso_supervised_tpsscs_feature_hgb_conservative_topk_strict_gt,simMed_test.mat,11,simMed_test.mat#11,loso_supervised_tpsscs_feature_hgb,learned_tpsscs_feature_ensemble,simWind_test.mat,simMed_test.mat
0.01,0.6447233602784886,1.0,0.009988087601942638,58,65478,654,654,712,loso_supervised_tpsscs_feature_hgb_conservative_topk_strict_gt,simMed_test.mat,11,simMed_test.mat#11,loso_supervised_tpsscs_feature_hgb,learned_tpsscs_feature_ensemble,simWind_test.mat,simMed_test.mat
1e-05,0.9997493150570714,0.08771929824561403,0.0,57,65479,0,0,5,loso_supervised_tpsscs_feature_hgb_conservative_topk_strict_gt,simMed_test.mat,12,simMed_test.mat#12,loso_supervised_tpsscs_feature_hgb,learned_tpsscs_feature_ensemble,simWind_test.mat,simMed_test.mat
3e-05,0.9997167411422881,0.15789473684210525,1.5272071962003084e-05,57,65479,1,1,10,loso_supervised_tpsscs_feature_hgb_conservative_topk_strict_gt,simMed_test.mat,12,simMed_test.mat#12,loso_supervised_tpsscs_feature_hgb,learned_tpsscs_feature_ensemble,simWind_test.mat,simMed_test.mat
0.0001,0.9991753825102068,0.45614035087719296,9.163243177201851e-05,57,65479,6,6,32,loso_supervised_tpsscs_feature_hgb_conservative_topk_strict_gt,simMed_test.mat,12,simMed_test.mat#12,loso_supervised_tpsscs_feature_hgb,learned_tpsscs_feature_ensemble,simWind_test.mat,simMed_test.mat
0.0003,0.9976609418588124,0.631578947368421,0.0002901693672780586,57,65479,19,19,55,loso_supervised_tpsscs_feature_hgb_conservative_topk_strict_gt,simMed_test.mat,12,simMed_test.mat#12,loso_supervised_tpsscs_feature_hgb,learned_tpsscs_feature_ensemble,simWind_test.mat,simMed_test.mat
0.001,0.9659092088271624,0.7719298245614035,0.0009926846775302005,57,65479,65,65,109,loso_supervised_tpsscs_feature_hgb_conservative_topk_strict_gt,simMed_test.mat,12,simMed_test.mat#12,loso_supervised_tpsscs_feature_hgb,learned_tpsscs_feature_ensemble,simWind_test.mat,simMed_test.mat
0.003,0.7789274369571321,0.8771929824561403,0.0029933261045526046,57,65479,196,196,246,loso_supervised_tpsscs_feature_hgb_conservative_topk_strict_gt,simMed_test.mat,12,simMed_test.mat#12,loso_supervised_tpsscs_feature_hgb,learned_tpsscs_feature_ensemble,simWind_test.mat,simMed_test.mat
0.01,0.2981153761644346,0.9649122807017544,0.009987935063150018,57,65479,654,654,709,loso_supervised_tpsscs_feature_hgb_conservative_topk_strict_gt,simMed_test.mat,12,simMed_test.mat#12,loso_supervised_tpsscs_feature_hgb,learned_tpsscs_feature_ensemble,simWind_test.mat,simMed_test.mat
1e-05,0.9995964614901954,0.5882352941176471,0.0,17,65519,0,0,10,loso_supervised_tpsscs_feature_hgb_conservative_topk_strict_gt,simMed_test.mat,13,simMed_test.mat#13,loso_supervised_tpsscs_feature_hgb,learned_tpsscs_feature_ensemble,simWind_test.mat,simMed_test.mat
3e-05,0.9988437833518199,0.6470588235294118,1.526274821044277e-05,17,65519,1,1,12,loso_supervised_tpsscs_feature_hgb_conservative_topk_strict_gt,simMed_test.mat,13,simMed_test.mat#13,loso_supervised_tpsscs_feature_hgb,learned_tpsscs_feature_ensemble,simWind_test.mat,simMed_test.mat
0.0001,0.9956005290917154,0.7647058823529411,9.157648926265664e-05,17,65519,6,6,19,loso_supervised_tpsscs_feature_hgb_conservative_topk_strict_gt,simMed_test.mat,13,simMed_test.mat#13,loso_supervised_tpsscs_feature_hgb,learned_tpsscs_feature_ensemble,simWind_test.mat,simMed_test.mat
0.0003,0.9796387861542839,0.7647058823529411,0.00028999221599841266,17,65519,19,19,32,loso_supervised_tpsscs_feature_hgb_conservative_topk_strict_gt,simMed_test.mat,13,simMed_test.mat#13,loso_supervised_tpsscs_feature_hgb,learned_tpsscs_feature_ensemble,simWind_test.mat,simMed_test.mat
0.001,0.87645003830536,0.8235294117647058,0.0009920786336787802,17,65519,65,65,79,loso_supervised_tpsscs_feature_hgb_conservative_topk_strict_gt,simMed_test.mat,13,simMed_test.mat#13,loso_supervised_tpsscs_feature_hgb,learned_tpsscs_feature_ensemble,simWind_test.mat,simMed_test.mat
0.003,0.6758563639088915,0.8823529411764706,0.0029914986492467835,17,65519,196,196,211,loso_supervised_tpsscs_feature_hgb_conservative_topk_strict_gt,simMed_test.mat,13,simMed_test.mat#13,loso_supervised_tpsscs_feature_hgb,learned_tpsscs_feature_ensemble,simWind_test.mat,simMed_test.mat
0.01,0.2534892817646372,0.8823529411764706,0.009997100077840016,17,65519,655,655,670,loso_supervised_tpsscs_feature_hgb_conservative_topk_strict_gt,simMed_test.mat,13,simMed_test.mat#13,loso_supervised_tpsscs_feature_hgb,learned_tpsscs_feature_ensemble,simWind_test.mat,simMed_test.mat
1e-05,0.9996324474075443,0.4,0.0,30,65506,0,0,12,loso_supervised_tpsscs_feature_hgb_conservative_topk_strict_gt,simMed_test.mat,14,simMed_test.mat#14,loso_supervised_tpsscs_feature_hgb,learned_tpsscs_feature_ensemble,simWind_test.mat,simMed_test.mat
3e-05,0.9996024193939783,0.4666666666666667,1.526577718071627e-05,30,65506,1,1,15,loso_supervised_tpsscs_feature_hgb_conservative_topk_strict_gt,simMed_test.mat,14,simMed_test.mat#14,loso_supervised_tpsscs_feature_hgb,learned_tpsscs_feature_ensemble,simWind_test.mat,simMed_test.mat
0.0001,0.999098209712831,0.5666666666666667,9.159466308429762e-05,30,65506,6,6,23,loso_supervised_tpsscs_feature_hgb_conservative_topk_strict_gt,simMed_test.mat,14,simMed_test.mat#14,loso_supervised_tpsscs_feature_hgb,learned_tpsscs_feature_ensemble,simWind_test.mat,simMed_test.mat
0.0003,0.9945658622432618,0.7333333333333333,0.00029004976643360914,30,65506,19,19,41,loso_supervised_tpsscs_feature_hgb_conservative_topk_strict_gt,simMed_test.mat,14,simMed_test.mat#14,loso_supervised_tpsscs_feature_hgb,learned_tpsscs_feature_ensemble,simWind_test.mat,simMed_test.mat
0.001,0.9695261921291197,0.8,0.0009922755167465576,30,65506,65,65,89,loso_supervised_tpsscs_feature_hgb_conservative_topk_strict_gt,simMed_test.mat,14,simMed_test.mat#14,loso_supervised_tpsscs_feature_hgb,learned_tpsscs_feature_ensemble,simWind_test.mat,simMed_test.mat
0.003,0.839920100297126,0.8333333333333334,0.002992092327420389,30,65506,196,196,221,loso_supervised_tpsscs_feature_hgb_conservative_topk_strict_gt,simMed_test.mat,14,simMed_test.mat#14,loso_supervised_tpsscs_feature_hgb,learned_tpsscs_feature_ensemble,simWind_test.mat,simMed_test.mat
0.01,0.42953586869248034,0.9,0.009999084053369156,30,65506,655,655,682,loso_supervised_tpsscs_feature_hgb_conservative_topk_strict_gt,simMed_test.mat,14,simMed_test.mat#14,loso_supervised_tpsscs_feature_hgb,learned_tpsscs_feature_ensemble,simWind_test.mat,simMed_test.mat
1e-05,0.9997255911199656,0.13953488372093023,0.0,43,65493,0,0,6,loso_supervised_tpsscs_feature_hgb_conservative_topk_strict_gt,simMed_test.mat,15,simMed_test.mat#15,loso_supervised_tpsscs_feature_hgb,learned_tpsscs_feature_ensemble,simWind_test.mat,simMed_test.mat
3e-05,0.9996722079768178,0.2558139534883721,1.526880735345762e-05,43,65493,1,1,12,loso_supervised_tpsscs_feature_hgb_conservative_topk_strict_gt,simMed_test.mat,15,simMed_test.mat#15,loso_supervised_tpsscs_feature_hgb,learned_tpsscs_feature_ensemble,simWind_test.mat,simMed_test.mat
0.0001,0.9990600218493213,0.6046511627906976,9.161284412074573e-05,43,65493,6,6,32,loso_supervised_tpsscs_feature_hgb_conservative_topk_strict_gt,simMed_test.mat,15,simMed_test.mat#15,loso_supervised_tpsscs_feature_hgb,learned_tpsscs_feature_ensemble,simWind_test.mat,simMed_test.mat
0.0003,0.9959161660156094,0.6976744186046512,0.0002901073397156948,43,65493,19,19,49,loso_supervised_tpsscs_feature_hgb_conservative_topk_strict_gt,simMed_test.mat,15,simMed_test.mat#15,loso_supervised_tpsscs_feature_hgb,learned_tpsscs_feature_ensemble,simWind_test.mat,simMed_test.mat
0.001,0.979264466734838,0.8604651162790697,0.0009924724779747454,43,65493,65,65,102,loso_supervised_tpsscs_feature_hgb_conservative_topk_strict_gt,simMed_test.mat,15,simMed_test.mat#15,loso_supervised_tpsscs_feature_hgb,learned_tpsscs_feature_ensemble,simWind_test.mat,simMed_test.mat
0.003,0.9000958250362723,0.9302325581395349,0.0029926862412776936,43,65493,196,196,236,loso_supervised_tpsscs_feature_hgb_conservative_topk_strict_gt,simMed_test.mat,15,simMed_test.mat#15,loso_supervised_tpsscs_feature_hgb,learned_tpsscs_feature_ensemble,simWind_test.mat,simMed_test.mat
0.01,0.44932584999072106,0.9534883720930233,0.009985800009161284,43,65493,654,654,695,loso_supervised_tpsscs_feature_hgb_conservative_topk_strict_gt,simMed_test.mat,15,simMed_test.mat#15,loso_supervised_tpsscs_feature_hgb,learned_tpsscs_feature_ensemble,simWind_test.mat,simMed_test.mat
1e-05,0.9996624497523678,0.6521739130434783,0.0,23,65513,0,0,15,loso_supervised_tpsscs_feature_hgb_conservative_topk_strict_gt,simMed_test.mat,16,simMed_test.mat#16,loso_supervised_tpsscs_feature_hgb,learned_tpsscs_feature_ensemble,simWind_test.mat,simMed_test.mat
3e-05,0.9995864075808583,0.7391304347826086,1.526414604734938e-05,23,65513,1,1,18,loso_supervised_tpsscs_feature_hgb_conservative_topk_strict_gt,simMed_test.mat,16,simMed_test.mat#16,loso_supervised_tpsscs_feature_hgb,learned_tpsscs_feature_ensemble,simWind_test.mat,simMed_test.mat
0.0001,0.9987996091275108,0.8260869565217391,9.158487628409629e-05,23,65513,6,6,25,loso_supervised_tpsscs_feature_hgb_conservative_topk_strict_gt,simMed_test.mat,16,simMed_test.mat#16,loso_supervised_tpsscs_feature_hgb,learned_tpsscs_feature_ensemble,simWind_test.mat,simMed_test.mat
0.0003,0.9899345653329147,0.9130434782608695,0.00029001877489963823,23,65513,19,19,40,loso_supervised_tpsscs_feature_hgb_conservative_topk_strict_gt,simMed_test.mat,16,simMed_test.mat#16,loso_supervised_tpsscs_feature_hgb,learned_tpsscs_feature_ensemble,simWind_test.mat,simMed_test.mat
0.001,0.8984897020612667,0.9130434782608695,0.0009921694930777097,23,65513,65,65,86,loso_supervised_tpsscs_feature_hgb_conservative_topk_strict_gt,simMed_test.mat,16,simMed_test.mat#16,loso_supervised_tpsscs_feature_hgb,learned_tpsscs_feature_ensemble,simWind_test.mat,simMed_test.mat
0.003,0.6983630921913458,0.9565217391304348,0.0029917726252804786,23,65513,196,196,218,loso_supervised_tpsscs_feature_hgb_conservative_topk_strict_gt,simMed_test.mat,16,simMed_test.mat#16,loso_supervised_tpsscs_feature_hgb,learned_tpsscs_feature_ensemble,simWind_test.mat,simMed_test.mat
0.01,0.3095876306904362,0.9565217391304348,0.009998015661013845,23,65513,655,655,677,loso_supervised_tpsscs_feature_hgb_conservative_topk_strict_gt,simMed_test.mat,16,simMed_test.mat#16,loso_supervised_tpsscs_feature_hgb,learned_tpsscs_feature_ensemble,simWind_test.mat,simMed_test.mat
1e-05,0.9997334594840072,0.2413793103448276,0.0,29,65507,0,0,7,loso_supervised_tpsscs_feature_hgb_conservative_topk_strict_gt,simMed_test.mat,17,simMed_test.mat#17,loso_supervised_tpsscs_feature_hgb,learned_tpsscs_feature_ensemble,simWind_test.mat,simMed_test.mat
3e-05,0.9996891068720294,0.3448275862068966,1.5265544140320883e-05,29,65507,1,1,11,loso_supervised_tpsscs_feature_hgb_conservative_topk_strict_gt,simMed_test.mat,17,simMed_test.mat#17,loso_supervised_tpsscs_feature_hgb,learned_tpsscs_feature_ensemble,simWind_test.mat,simMed_test.mat
0.0001,0.999303980903173,0.7241379310344828,9.159326484192529e-05,29,65507,6,6,27,loso_supervised_tpsscs_feature_hgb_conservative_topk_strict_gt,simMed_test.mat,17,simMed_test.mat#17,loso_supervised_tpsscs_feature_hgb,learned_tpsscs_feature_ensemble,simWind_test.mat,simMed_test.mat
0.0003,0.988043075400098,0.8275862068965517,0.00029004533866609675,29,65507,19,19,43,loso_supervised_tpsscs_feature_hgb_conservative_topk_strict_gt,simMed_test.mat,17,simMed_test.mat#17,loso_supervised_tpsscs_feature_hgb,learned_tpsscs_feature_ensemble,simWind_test.mat,simMed_test.mat
0.001,0.8306018534865047,0.896551724137931,0.0009922603691208574,29,65507,65,65,91,loso_supervised_tpsscs_feature_hgb_conservative_topk_strict_gt,simMed_test.mat,17,simMed_test.mat#17,loso_supervised_tpsscs_feature_hgb,learned_tpsscs_feature_ensemble,simWind_test.mat,simMed_test.mat
0.003,0.5868173171706689,0.896551724137931,0.002992046651502893,29,65507,196,196,222,loso_supervised_tpsscs_feature_hgb_conservative_topk_strict_gt,simMed_test.mat,17,simMed_test.mat#17,loso_supervised_tpsscs_feature_hgb,learned_tpsscs_feature_ensemble,simWind_test.mat,simMed_test.mat
0.01,0.1584949900968097,0.9310344827586207,0.009998931411910177,29,65507,655,655,682,loso_supervised_tpsscs_feature_hgb_conservative_topk_strict_gt,simMed_test.mat,17,simMed_test.mat#17,loso_supervised_tpsscs_feature_hgb,learned_tpsscs_feature_ensemble,simWind_test.mat,simMed_test.mat
1e-05,0.9997659339440111,0.3076923076923077,0.0,52,65484,0,0,16,loso_supervised_tpsscs_feature_hgb_conservative_topk_strict_gt,simMed_test.mat,18,simMed_test.mat#18,loso_supervised_tpsscs_feature_hgb,learned_tpsscs_feature_ensemble,simWind_test.mat,simMed_test.mat
3e-05,0.9996900975253152,0.6346153846153846,1.5270905870136215e-05,52,65484,1,1,34,loso_supervised_tpsscs_feature_hgb_conservative_topk_strict_gt,simMed_test.mat,18,simMed_test.mat#18,loso_supervised_tpsscs_feature_hgb,learned_tpsscs_feature_ensemble,simWind_test.mat,simMed_test.mat
0.0001,0.9993684607943886,0.8846153846153846,9.16254352208173e-05,52,65484,6,6,52,loso_supervised_tpsscs_feature_hgb_conservative_topk_strict_gt,simMed_test.mat,18,simMed_test.mat#18,loso_supervised_tpsscs_feature_hgb,learned_tpsscs_feature_ensemble,simWind_test.mat,simMed_test.mat
0.0003,0.9975561307542447,0.9615384615384616,0.0002901472115325881,52,65484,19,19,69,loso_supervised_tpsscs_feature_hgb_conservative_topk_strict_gt,simMed_test.mat,18,simMed_test.mat#18,loso_supervised_tpsscs_feature_hgb,learned_tpsscs_feature_ensemble,simWind_test.mat,simMed_test.mat
0.001,0.983426005483851,0.9807692307692307,0.000992608881558854,52,65484,65,65,116,loso_supervised_tpsscs_feature_hgb_conservative_topk_strict_gt,simMed_test.mat,18,simMed_test.mat#18,loso_supervised_tpsscs_feature_hgb,learned_tpsscs_feature_ensemble,simWind_test.mat,simMed_test.mat
0.003,0.919591653136493,0.9807692307692307,0.0029930975505466986,52,65484,196,196,247,loso_supervised_tpsscs_feature_hgb_conservative_topk_strict_gt,simMed_test.mat,18,simMed_test.mat#18,loso_supervised_tpsscs_feature_hgb,learned_tpsscs_feature_ensemble,simWind_test.mat,simMed_test.mat
0.01,0.6085940141819879,0.9807692307692307,0.009987172439069086,52,65484,654,654,705,loso_supervised_tpsscs_feature_hgb_conservative_topk_strict_gt,simMed_test.mat,18,simMed_test.mat#18,loso_supervised_tpsscs_feature_hgb,learned_tpsscs_feature_ensemble,simWind_test.mat,simMed_test.mat
1e-05,0.9996711237538227,0.625,0.0,24,65512,0,0,15,loso_supervised_tpsscs_feature_hgb_conservative_topk_strict_gt,simMed_test.mat,19,simMed_test.mat#19,loso_supervised_tpsscs_feature_hgb,learned_tpsscs_feature_ensemble,simWind_test.mat,simMed_test.mat
3e-05,0.9996541795402198,0.625,1.5264379045060447e-05,24,65512,1,1,16,loso_supervised_tpsscs_feature_hgb_conservative_topk_strict_gt,simMed_test.mat,19,simMed_test.mat#19,loso_supervised_tpsscs_feature_hgb,learned_tpsscs_feature_ensemble,simWind_test.mat,simMed_test.mat
0.0001,0.9991767727003334,0.8333333333333334,9.158627427036269e-05,24,65512,6,6,26,loso_supervised_tpsscs_feature_hgb_conservative_topk_strict_gt,simMed_test.mat,19,simMed_test.mat#19,loso_supervised_tpsscs_feature_hgb,learned_tpsscs_feature_ensemble,simWind_test.mat,simMed_test.mat
0.0003,0.9957244272412569,1.0,0.0002900232018561485,24,65512,19,19,43,loso_supervised_tpsscs_feature_hgb_conservative_topk_strict_gt,simMed_test.mat,19,simMed_test.mat#19,loso_supervised_tpsscs_feature_hgb,learned_tpsscs_feature_ensemble,simWind_test.mat,simMed_test.mat
0.001,0.9735188340877278,1.0,0.000992184637928929,24,65512,65,65,89,loso_supervised_tpsscs_feature_hgb_conservative_topk_strict_gt,simMed_test.mat,19,simMed_test.mat#19,loso_supervised_tpsscs_feature_hgb,learned_tpsscs_feature_ensemble,simWind_test.mat,simMed_test.mat
0.003,0.8590027936905615,1.0,0.0029918182928318476,24,65512,196,196,220,loso_supervised_tpsscs_feature_hgb_conservative_topk_strict_gt,simMed_test.mat,19,simMed_test.mat#19,loso_supervised_tpsscs_feature_hgb,learned_tpsscs_feature_ensemble,simWind_test.mat,simMed_test.mat
0.01,0.4410901480186881,1.0,0.009998168274514593,24,65512,655,655,679,loso_supervised_tpsscs_feature_hgb_conservative_topk_strict_gt,simMed_test.mat,19,simMed_test.mat#19,loso_supervised_tpsscs_feature_hgb,learned_tpsscs_feature_ensemble,simWind_test.mat,simMed_test.mat
1e-05,0.999749021552212,0.041666666666666664,0.0,24,65512,0,0,1,loso_supervised_tpsscs_feature_hgb_conservative_topk_strict_gt,simMed_test.mat,20,simMed_test.mat#20,loso_supervised_tpsscs_feature_hgb,learned_tpsscs_feature_ensemble,simWind_test.mat,simMed_test.mat
3e-05,0.9996779144330937,0.041666666666666664,1.5264379045060447e-05,24,65512,1,1,2,loso_supervised_tpsscs_feature_hgb_conservative_topk_strict_gt,simMed_test.mat,20,simMed_test.mat#20,loso_supervised_tpsscs_feature_hgb,learned_tpsscs_feature_ensemble,simWind_test.mat,simMed_test.mat
0.0001,0.998731021039255,0.5416666666666666,9.158627427036269e-05,24,65512,6,6,19,loso_supervised_tpsscs_feature_hgb_conservative_topk_strict_gt,simMed_test.mat,20,simMed_test.mat#20,loso_supervised_tpsscs_feature_hgb,learned_tpsscs_feature_ensemble,simWind_test.mat,simMed_test.mat
0.0003,0.9753625690848736,0.7083333333333334,0.0002900232018561485,24,65512,19,19,36,loso_supervised_tpsscs_feature_hgb_conservative_topk_strict_gt,simMed_test.mat,20,simMed_test.mat#20,loso_supervised_tpsscs_feature_hgb,learned_tpsscs_feature_ensemble,simWind_test.mat,simMed_test.mat
0.001,0.8673686905805916,0.7916666666666666,0.000992184637928929,24,65512,65,65,84,loso_supervised_tpsscs_feature_hgb_conservative_topk_strict_gt,simMed_test.mat,20,simMed_test.mat#20,loso_supervised_tpsscs_feature_hgb,learned_tpsscs_feature_ensemble,simWind_test.mat,simMed_test.mat
0.003,0.6308008867791884,0.8333333333333334,0.0029918182928318476,24,65512,196,196,216,loso_supervised_tpsscs_feature_hgb_conservative_topk_strict_gt,simMed_test.mat,20,simMed_test.mat#20,loso_supervised_tpsscs_feature_hgb,learned_tpsscs_feature_ensemble,simWind_test.mat,simMed_test.mat
0.01,0.23638080096611885,0.8333333333333334,0.009998168274514593,24,65512,655,655,675,loso_supervised_tpsscs_feature_hgb_conservative_topk_strict_gt,simMed_test.mat,20,simMed_test.mat#20,loso_supervised_tpsscs_feature_hgb,learned_tpsscs_feature_ensemble,simWind_test.mat,simMed_test.mat
1e-05,0.9994319050007304,0.7058823529411765,0.0,17,65519,0,0,12,loso_supervised_tpsscs_feature_hgb_conservative_topk_strict_gt,simMed_test.mat,21,simMed_test.mat#21,loso_supervised_tpsscs_feature_hgb,learned_tpsscs_feature_ensemble,simWind_test.mat,simMed_test.mat
3e-05,0.9994114751931226,0.7058823529411765,1.526274821044277e-05,17,65519,1,1,13,loso_supervised_tpsscs_feature_hgb_conservative_topk_strict_gt,simMed_test.mat,21,simMed_test.mat#21,loso_supervised_tpsscs_feature_hgb,learned_tpsscs_feature_ensemble,simWind_test.mat,simMed_test.mat
0.0001,0.998029293306064,0.8235294117647058,9.157648926265664e-05,17,65519,6,6,20,loso_supervised_tpsscs_feature_hgb_conservative_topk_strict_gt,simMed_test.mat,21,simMed_test.mat#21,loso_supervised_tpsscs_feature_hgb,learned_tpsscs_feature_ensemble,simWind_test.mat,simMed_test.mat
0.0003,0.9764432293082541,0.8823529411764706,0.00028999221599841266,17,65519,19,19,34,loso_supervised_tpsscs_feature_hgb_conservative_topk_strict_gt,simMed_test.mat,21,simMed_test.mat#21,loso_supervised_tpsscs_feature_hgb,learned_tpsscs_feature_ensemble,simWind_test.mat,simMed_test.mat
0.001,0.8092336323611953,0.9411764705882353,0.0009920786336787802,17,65519,65,65,81,loso_supervised_tpsscs_feature_hgb_conservative_topk_strict_gt,simMed_test.mat,21,simMed_test.mat#21,loso_supervised_tpsscs_feature_hgb,learned_tpsscs_feature_ensemble,simWind_test.mat,simMed_test.mat
0.003,0.5761546938540667,1.0,0.0029914986492467835,17,65519,196,196,213,loso_supervised_tpsscs_feature_hgb_conservative_topk_strict_gt,simMed_test.mat,21,simMed_test.mat#21,loso_supervised_tpsscs_feature_hgb,learned_tpsscs_feature_ensemble,simWind_test.mat,simMed_test.mat
0.01,0.20030418228098834,1.0,0.009997100077840016,17,65519,655,655,672,loso_supervised_tpsscs_feature_hgb_conservative_topk_strict_gt,simMed_test.mat,21,simMed_test.mat#21,loso_supervised_tpsscs_feature_hgb,learned_tpsscs_feature_ensemble,simWind_test.mat,simMed_test.mat
1e-05,0.9995091402531946,0.46153846153846156,0.0,52,65484,0,0,24,loso_supervised_tpsscs_feature_hgb_conservative_topk_strict_gt,simMed_test.mat,22,simMed_test.mat#22,loso_supervised_tpsscs_feature_hgb,learned_tpsscs_feature_ensemble,simWind_test.mat,simMed_test.mat
3e-05,0.9994403630685574,0.4807692307692308,1.5270905870136215e-05,52,65484,1,1,26,loso_supervised_tpsscs_feature_hgb_conservative_topk_strict_gt,simMed_test.mat,22,simMed_test.mat#22,loso_supervised_tpsscs_feature_hgb,learned_tpsscs_feature_ensemble,simWind_test.mat,simMed_test.mat
0.0001,0.9989429875432982,0.5961538461538461,9.16254352208173e-05,52,65484,6,6,37,loso_supervised_tpsscs_feature_hgb_conservative_topk_strict_gt,simMed_test.mat,22,simMed_test.mat#22,loso_supervised_tpsscs_feature_hgb,learned_tpsscs_feature_ensemble,simWind_test.mat,simMed_test.mat
0.0003,0.9951294629135914,0.6923076923076923,0.0002901472115325881,52,65484,19,19,55,loso_supervised_tpsscs_feature_hgb_conservative_topk_strict_gt,simMed_test.mat,22,simMed_test.mat#22,loso_supervised_tpsscs_feature_hgb,learned_tpsscs_feature_ensemble,simWind_test.mat,simMed_test.mat
0.001,0.9622085494599247,0.8076923076923077,0.000992608881558854,52,65484,65,65,107,loso_supervised_tpsscs_feature_hgb_conservative_topk_strict_gt,simMed_test.mat,22,simMed_test.mat#22,loso_supervised_tpsscs_feature_hgb,learned_tpsscs_feature_ensemble,simWind_test.mat,simMed_test.mat
0.003,0.7941434864181547,0.9423076923076923,0.0029930975505466986,52,65484,196,196,245,loso_supervised_tpsscs_feature_hgb_conservative_topk_strict_gt,simMed_test.mat,22,simMed_test.mat#22,loso_supervised_tpsscs_feature_hgb,learned_tpsscs_feature_ensemble,simWind_test.mat,simMed_test.mat
0.01,0.3399804344760089,1.0,0.009987172439069086,52,65484,654,654,706,loso_supervised_tpsscs_feature_hgb_conservative_topk_strict_gt,simMed_test.mat,22,simMed_test.mat#22,loso_supervised_tpsscs_feature_hgb,learned_tpsscs_feature_ensemble,simWind_test.mat,simMed_test.mat
1e-05,0.9996235232118745,0.4,0.0,55,65481,0,0,22,loso_supervised_tpsscs_feature_hgb_conservative_topk_strict_gt,simMed_test.mat,23,simMed_test.mat#23,loso_supervised_tpsscs_feature_hgb,learned_tpsscs_feature_ensemble,simWind_test.mat,simMed_test.mat
3e-05,0.9995132387475015,0.45454545454545453,1.5271605503886624e-05,55,65481,1,1,26,loso_supervised_tpsscs_feature_hgb_conservative_topk_strict_gt,simMed_test.mat,23,simMed_test.mat#23,loso_supervised_tpsscs_feature_hgb,learned_tpsscs_feature_ensemble,simWind_test.mat,simMed_test.mat
0.0001,0.9992102709133928,0.5636363636363636,9.162963302331974e-05,55,65481,6,6,37,loso_supervised_tpsscs_feature_hgb_conservative_topk_strict_gt,simMed_test.mat,23,simMed_test.mat#23,loso_supervised_tpsscs_feature_hgb,learned_tpsscs_feature_ensemble,simWind_test.mat,simMed_test.mat
0.0003,0.9985214166501033,0.6,0.00029016050457384584,55,65481,19,19,52,loso_supervised_tpsscs_feature_hgb_conservative_topk_strict_gt,simMed_test.mat,23,simMed_test.mat#23,loso_supervised_tpsscs_feature_hgb,learned_tpsscs_feature_ensemble,simWind_test.mat,simMed_test.mat
0.001,0.9829413377522068,0.8909090909090909,0.0009926543577526306,55,65481,65,65,114,loso_supervised_tpsscs_feature_hgb_conservative_topk_strict_gt,simMed_test.mat,23,simMed_test.mat#23,loso_supervised_tpsscs_feature_hgb,learned_tpsscs_feature_ensemble,simWind_test.mat,simMed_test.mat
0.003,0.8697027770080309,0.9090909090909091,0.002993234678761778,55,65481,196,196,246,loso_supervised_tpsscs_feature_hgb_conservative_topk_strict_gt,simMed_test.mat,23,simMed_test.mat#23,loso_supervised_tpsscs_feature_hgb,learned_tpsscs_feature_ensemble,simWind_test.mat,simMed_test.mat
0.01,0.3973348706729765,0.9818181818181818,0.009987629999541852,55,65481,654,654,708,loso_supervised_tpsscs_feature_hgb_conservative_topk_strict_gt,simMed_test.mat,23,simMed_test.mat#23,loso_supervised_tpsscs_feature_hgb,learned_tpsscs_feature_ensemble,simWind_test.mat,simMed_test.mat
1e-05,0.9997235294737201,0.5135135135135135,0.0,37,65499,0,0,19,loso_supervised_tpsscs_feature_hgb_conservative_topk_strict_gt,simMed_test.mat,24,simMed_test.mat#24,loso_supervised_tpsscs_feature_hgb,learned_tpsscs_feature_ensemble,simWind_test.mat,simMed_test.mat
3e-05,0.9997049256813548,0.5405405405405406,1.5267408662727676e-05,37,65499,1,1,21,loso_supervised_tpsscs_feature_hgb_conservative_topk_strict_gt,simMed_test.mat,24,simMed_test.mat#24,loso_supervised_tpsscs_feature_hgb,learned_tpsscs_feature_ensemble,simWind_test.mat,simMed_test.mat
0.0001,0.9995648734618547,0.6756756756756757,9.160445197636606e-05,37,65499,6,6,31,loso_supervised_tpsscs_feature_hgb_conservative_topk_strict_gt,simMed_test.mat,24,simMed_test.mat#24,loso_supervised_tpsscs_feature_hgb,learned_tpsscs_feature_ensemble,simWind_test.mat,simMed_test.mat
0.0003,0.9988407315948088,0.8918918918918919,0.00029008076459182585,37,65499,19,19,52,loso_supervised_tpsscs_feature_hgb_conservative_topk_strict_gt,simMed_test.mat,24,simMed_test.mat#24,loso_supervised_tpsscs_feature_hgb,learned_tpsscs_feature_ensemble,simWind_test.mat,simMed_test.mat
0.001,0.9927538061741603,0.9459459459459459,0.0009923815630772988,37,65499,65,65,100,loso_supervised_tpsscs_feature_hgb_conservative_topk_strict_gt,simMed_test.mat,24,simMed_test.mat#24,loso_supervised_tpsscs_feature_hgb,learned_tpsscs_feature_ensemble,simWind_test.mat,simMed_test.mat
0.003,0.9589291584381109,0.972972972972973,0.0029924120978946245,37,65499,196,196,232,loso_supervised_tpsscs_feature_hgb_conservative_topk_strict_gt,simMed_test.mat,24,simMed_test.mat#24,loso_supervised_tpsscs_feature_hgb,learned_tpsscs_feature_ensemble,simWind_test.mat,simMed_test.mat
0.01,0.6472607197458922,0.972972972972973,0.009984885265423899,37,65499,654,654,690,loso_supervised_tpsscs_feature_hgb_conservative_topk_strict_gt,simMed_test.mat,24,simMed_test.mat#24,loso_supervised_tpsscs_feature_hgb,learned_tpsscs_feature_ensemble,simWind_test.mat,simMed_test.mat
1e-05,0.9996165208035187,0.2,0.0,30,65506,0,0,6,loso_supervised_tpsscs_feature_hgb_conservative_topk_strict_gt,simMed_test.mat,25,simMed_test.mat#25,loso_supervised_tpsscs_feature_hgb,learned_tpsscs_feature_ensemble,simWind_test.mat,simMed_test.mat
3e-05,0.9995279105457235,0.36666666666666664,1.526577718071627e-05,30,65506,1,1,12,loso_supervised_tpsscs_feature_hgb_conservative_topk_strict_gt,simMed_test.mat,25,simMed_test.mat#25,loso_supervised_tpsscs_feature_hgb,learned_tpsscs_feature_ensemble,simWind_test.mat,simMed_test.mat
0.0001,0.9993892237580784,0.43333333333333335,9.159466308429762e-05,30,65506,6,6,19,loso_supervised_tpsscs_feature_hgb_conservative_topk_strict_gt,simMed_test.mat,25,simMed_test.mat#25,loso_supervised_tpsscs_feature_hgb,learned_tpsscs_feature_ensemble,simWind_test.mat,simMed_test.mat
0.0003,0.9981081429808271,0.5333333333333333,0.00029004976643360914,30,65506,19,19,35,loso_supervised_tpsscs_feature_hgb_conservative_topk_strict_gt,simMed_test.mat,25,simMed_test.mat#25,loso_supervised_tpsscs_feature_hgb,learned_tpsscs_feature_ensemble,simWind_test.mat,simMed_test.mat
0.001,0.9227439450053828,0.9666666666666667,0.0009922755167465576,30,65506,65,65,94,loso_supervised_tpsscs_feature_hgb_conservative_topk_strict_gt,simMed_test.mat,25,simMed_test.mat#25,loso_supervised_tpsscs_feature_hgb,learned_tpsscs_feature_ensemble,simWind_test.mat,simMed_test.mat
0.003,0.7513503519145703,1.0,0.002992092327420389,30,65506,196,196,226,loso_supervised_tpsscs_feature_hgb_conservative_topk_strict_gt,simMed_test.mat,25,simMed_test.mat#25,loso_supervised_tpsscs_feature_hgb,learned_tpsscs_feature_ensemble,simWind_test.mat,simMed_test.mat
0.01,0.2723362561224733,1.0,0.009999084053369156,30,65506,655,655,685,loso_supervised_tpsscs_feature_hgb_conservative_topk_strict_gt,simMed_test.mat,25,simMed_test.mat#25,loso_supervised_tpsscs_feature_hgb,learned_tpsscs_feature_ensemble,simWind_test.mat,simMed_test.mat
1e-05,0.9996905335848,0.38095238095238093,0.0,63,65473,0,0,24,loso_supervised_tpsscs_feature_hgb_conservative_topk_strict_gt,simMed_test.mat,26,simMed_test.mat#26,loso_supervised_tpsscs_feature_hgb,learned_tpsscs_feature_ensemble,simWind_test.mat,simMed_test.mat
3e-05,0.999664508914021,0.42857142857142855,1.5273471507338904e-05,63,65473,1,1,28,loso_supervised_tpsscs_feature_hgb_conservative_topk_strict_gt,simMed_test.mat,26,simMed_test.mat#26,loso_supervised_tpsscs_feature_hgb,learned_tpsscs_feature_ensemble,simWind_test.mat,simMed_test.mat
0.0001,0.9994700978261779,0.6825396825396826,9.164082904403341e-05,63,65473,6,6,49,loso_supervised_tpsscs_feature_hgb_conservative_topk_strict_gt,simMed_test.mat,26,simMed_test.mat#26,loso_supervised_tpsscs_feature_hgb,learned_tpsscs_feature_ensemble,simWind_test.mat,simMed_test.mat
0.0003,0.9985186829448519,0.8571428571428571,0.00029019595863943913,63,65473,19,19,73,loso_supervised_tpsscs_feature_hgb_conservative_topk_strict_gt,simMed_test.mat,26,simMed_test.mat#26,loso_supervised_tpsscs_feature_hgb,learned_tpsscs_feature_ensemble,simWind_test.mat,simMed_test.mat
0.001,0.9917778898076778,0.9365079365079365,0.0009927756479770288,63,65473,65,65,124,loso_supervised_tpsscs_feature_hgb_conservative_topk_strict_gt,simMed_test.mat,26,simMed_test.mat#26,loso_supervised_tpsscs_feature_hgb,learned_tpsscs_feature_ensemble,simWind_test.mat,simMed_test.mat
0.003,0.9250598806037077,0.9841269841269841,0.002993600415438425,63,65473,196,196,258,loso_supervised_tpsscs_feature_hgb_conservative_topk_strict_gt,simMed_test.mat,26,simMed_test.mat#26,loso_supervised_tpsscs_feature_hgb,learned_tpsscs_feature_ensemble,simWind_test.mat,simMed_test.mat
0.01,0.6283113892283447,1.0,0.009988850365799643,63,65473,654,654,717,loso_supervised_tpsscs_feature_hgb_conservative_topk_strict_gt,simMed_test.mat,26,simMed_test.mat#26,loso_supervised_tpsscs_feature_hgb,learned_tpsscs_feature_ensemble,simWind_test.mat,simMed_test.mat
1e-05,0.9996761635063807,0.288135593220339,0.0,59,65477,0,0,17,loso_supervised_tpsscs_feature_hgb_conservative_topk_strict_gt,simMed_test.mat,27,simMed_test.mat#27,loso_supervised_tpsscs_feature_hgb,learned_tpsscs_feature_ensemble,simWind_test.mat,simMed_test.mat
3e-05,0.9996457078622207,0.3559322033898305,1.5272538448615544e-05,59,65477,1,1,22,loso_supervised_tpsscs_feature_hgb_conservative_topk_strict_gt,simMed_test.mat,27,simMed_test.mat#27,loso_supervised_tpsscs_feature_hgb,learned_tpsscs_feature_ensemble,simWind_test.mat,simMed_test.mat
0.0001,0.9993691157922382,0.559322033898305,9.163523069169327e-05,59,65477,6,6,39,loso_supervised_tpsscs_feature_hgb_conservative_topk_strict_gt,simMed_test.mat,27,simMed_test.mat#27,loso_supervised_tpsscs_feature_hgb,learned_tpsscs_feature_ensemble,simWind_test.mat,simMed_test.mat
0.0003,0.9982138570810029,0.6949152542372882,0.00029017823052369533,59,65477,19,19,60,loso_supervised_tpsscs_feature_hgb_conservative_topk_strict_gt,simMed_test.mat,27,simMed_test.mat#27,loso_supervised_tpsscs_feature_hgb,learned_tpsscs_feature_ensemble,simWind_test.mat,simMed_test.mat
0.001,0.9499131242648856,0.8305084745762712,0.0009927149991600104,59,65477,65,65,114,loso_supervised_tpsscs_feature_hgb_conservative_topk_strict_gt,simMed_test.mat,27,simMed_test.mat#27,loso_supervised_tpsscs_feature_hgb,learned_tpsscs_feature_ensemble,simWind_test.mat,simMed_test.mat
0.003,0.6521556622155514,0.9491525423728814,0.002993417535928647,59,65477,196,196,252,loso_supervised_tpsscs_feature_hgb_conservative_topk_strict_gt,simMed_test.mat,27,simMed_test.mat#27,loso_supervised_tpsscs_feature_hgb,learned_tpsscs_feature_ensemble,simWind_test.mat,simMed_test.mat
0.01,0.22839933700014983,1.0,0.009988240145394567,59,65477,654,654,713,loso_supervised_tpsscs_feature_hgb_conservative_topk_strict_gt,simMed_test.mat,27,simMed_test.mat#27,loso_supervised_tpsscs_feature_hgb,learned_tpsscs_feature_ensemble,simWind_test.mat,simMed_test.mat
1e-05,0.9996921262413406,0.6153846153846154,0.0,26,65510,0,0,16,loso_supervised_tpsscs_feature_hgb_conservative_topk_strict_gt,simMed_test.mat,28,simMed_test.mat#28,loso_supervised_tpsscs_feature_hgb,learned_tpsscs_feature_ensemble,simWind_test.mat,simMed_test.mat
3e-05,0.9996318559984979,0.7307692307692307,1.5264845061822624e-05,26,65510,1,1,20,loso_supervised_tpsscs_feature_hgb_conservative_topk_strict_gt,simMed_test.mat,28,simMed_test.mat#28,loso_supervised_tpsscs_feature_hgb,learned_tpsscs_feature_ensemble,simWind_test.mat,simMed_test.mat
0.0001,0.9995095100590031,0.8461538461538461,9.158907037093573e-05,26,65510,6,6,28,loso_supervised_tpsscs_feature_hgb_conservative_topk_strict_gt,simMed_test.mat,28,simMed_test.mat#28,loso_supervised_tpsscs_feature_hgb,learned_tpsscs_feature_ensemble,simWind_test.mat,simMed_test.mat
0.0003,0.9948294759137786,0.9615384615384616,0.00029003205617462985,26,65510,19,19,44,loso_supervised_tpsscs_feature_hgb_conservative_topk_strict_gt,simMed_test.mat,28,simMed_test.mat#28,loso_supervised_tpsscs_feature_hgb,learned_tpsscs_feature_ensemble,simWind_test.mat,simMed_test.mat
0.001,0.9698137057364132,1.0,0.0009922149290184704,26,65510,65,65,91,loso_supervised_tpsscs_feature_hgb_conservative_topk_strict_gt,simMed_test.mat,28,simMed_test.mat#28,loso_supervised_tpsscs_feature_hgb,learned_tpsscs_feature_ensemble,simWind_test.mat,simMed_test.mat
0.003,0.8417869257752976,1.0,0.002991909632117234,26,65510,196,196,222,loso_supervised_tpsscs_feature_hgb_conservative_topk_strict_gt,simMed_test.mat,28,simMed_test.mat#28,loso_supervised_tpsscs_feature_hgb,learned_tpsscs_feature_ensemble,simWind_test.mat,simMed_test.mat
0.01,0.4158540929757939,1.0,0.009998473515493819,26,65510,655,655,681,loso_supervised_tpsscs_feature_hgb_conservative_topk_strict_gt,simMed_test.mat,28,simMed_test.mat#28,loso_supervised_tpsscs_feature_hgb,learned_tpsscs_feature_ensemble,simWind_test.mat,simMed_test.mat
1e-05,0.9994249927137582,0.3076923076923077,0.0,26,65510,0,0,8,loso_supervised_tpsscs_feature_hgb_conservative_topk_strict_gt,simMed_test.mat,29,simMed_test.mat#29,loso_supervised_tpsscs_feature_hgb,learned_tpsscs_feature_ensemble,simWind_test.mat,simMed_test.mat
3e-05,0.9990965489071081,0.46153846153846156,1.5264845061822624e-05,26,65510,1,1,13,loso_supervised_tpsscs_feature_hgb_conservative_topk_strict_gt,simMed_test.mat,29,simMed_test.mat#29,loso_supervised_tpsscs_feature_hgb,learned_tpsscs_feature_ensemble,simWind_test.mat,simMed_test.mat
0.0001,0.9947393374574577,0.5769230769230769,9.158907037093573e-05,26,65510,6,6,21,loso_supervised_tpsscs_feature_hgb_conservative_topk_strict_gt,simMed_test.mat,29,simMed_test.mat#29,loso_supervised_tpsscs_feature_hgb,learned_tpsscs_feature_ensemble,simWind_test.mat,simMed_test.mat
0.0003,0.966804740785889,0.7307692307692307,0.00029003205617462985,26,65510,19,19,38,loso_supervised_tpsscs_feature_hgb_conservative_topk_strict_gt,simMed_test.mat,29,simMed_test.mat#29,loso_supervised_tpsscs_feature_hgb,learned_tpsscs_feature_ensemble,simWind_test.mat,simMed_test.mat
0.001,0.8383712450121461,0.7692307692307693,0.0009922149290184704,26,65510,65,65,85,loso_supervised_tpsscs_feature_hgb_conservative_topk_strict_gt,simMed_test.mat,29,simMed_test.mat#29,loso_supervised_tpsscs_feature_hgb,learned_tpsscs_feature_ensemble,simWind_test.mat,simMed_test.mat
0.003,0.5579070966038435,0.7692307692307693,0.002991909632117234,26,65510,196,196,216,loso_supervised_tpsscs_feature_hgb_conservative_topk_strict_gt,simMed_test.mat,29,simMed_test.mat#29,loso_supervised_tpsscs_feature_hgb,learned_tpsscs_feature_ensemble,simWind_test.mat,simMed_test.mat
0.01,0.19774605111863067,0.8461538461538461,0.009998473515493819,26,65510,655,655,677,loso_supervised_tpsscs_feature_hgb_conservative_topk_strict_gt,simMed_test.mat,29,simMed_test.mat#29,loso_supervised_tpsscs_feature_hgb,learned_tpsscs_feature_ensemble,simWind_test.mat,simMed_test.mat
1e-05,0.9995791536511491,0.16,0.0,25,65511,0,0,4,loso_supervised_tpsscs_feature_hgb_conservative_topk_strict_gt,simMed_test.mat,31,simMed_test.mat#31,loso_supervised_tpsscs_feature_hgb,learned_tpsscs_feature_ensemble,simWind_test.mat,simMed_test.mat
3e-05,0.9993134063170585,0.32,1.526461204988475e-05,25,65511,1,1,9,loso_supervised_tpsscs_feature_hgb_conservative_topk_strict_gt,simMed_test.mat,31,simMed_test.mat#31,loso_supervised_tpsscs_feature_hgb,learned_tpsscs_feature_ensemble,simWind_test.mat,simMed_test.mat
0.0001,0.9907040512504762,0.6,9.158767229930851e-05,25,65511,6,6,21,loso_supervised_tpsscs_feature_hgb_conservative_topk_strict_gt,simMed_test.mat,31,simMed_test.mat#31,loso_supervised_tpsscs_feature_hgb,learned_tpsscs_feature_ensemble,simWind_test.mat,simMed_test.mat
0.0003,0.9372937656032121,0.76,0.0002900276289478103,25,65511,19,19,38,loso_supervised_tpsscs_feature_hgb_conservative_topk_strict_gt,simMed_test.mat,31,simMed_test.mat#31,loso_supervised_tpsscs_feature_hgb,learned_tpsscs_feature_ensemble,simWind_test.mat,simMed_test.mat
0.001,0.8356091532633304,0.88,0.0009921997832425089,25,65511,65,65,87,loso_supervised_tpsscs_feature_hgb_conservative_topk_strict_gt,simMed_test.mat,31,simMed_test.mat#31,loso_supervised_tpsscs_feature_hgb,learned_tpsscs_feature_ensemble,simWind_test.mat,simMed_test.mat
0.003,0.5724577179307397,0.88,0.0029918639617774116,25,65511,196,196,218,loso_supervised_tpsscs_feature_hgb_conservative_topk_strict_gt,simMed_test.mat,31,simMed_test.mat#31,loso_supervised_tpsscs_feature_hgb,learned_tpsscs_feature_ensemble,simWind_test.mat,simMed_test.mat
0.01,0.1983781663008779,0.92,0.009998320892674512,25,65511,655,655,678,loso_supervised_tpsscs_feature_hgb_conservative_topk_strict_gt,simMed_test.mat,31,simMed_test.mat#31,loso_supervised_tpsscs_feature_hgb,learned_tpsscs_feature_ensemble,simWind_test.mat,simMed_test.mat
1e-05,0.9997453787026503,0.25925925925925924,0.0,27,65509,0,0,7,loso_supervised_tpsscs_feature_hgb_conservative_topk_strict_gt,simMed_test.mat,32,simMed_test.mat#32,loso_supervised_tpsscs_feature_hgb,learned_tpsscs_feature_ensemble,simWind_test.mat,simMed_test.mat
3e-05,0.9996940243266657,0.5185185185185185,1.5265078080874384e-05,27,65509,1,1,15,loso_supervised_tpsscs_feature_hgb_conservative_topk_strict_gt,simMed_test.mat,32,simMed_test.mat#32,loso_supervised_tpsscs_feature_hgb,learned_tpsscs_feature_ensemble,simWind_test.mat,simMed_test.mat
0.0001,0.9995340447171791,0.7037037037037037,9.15904684852463e-05,27,65509,6,6,25,loso_supervised_tpsscs_feature_hgb_conservative_topk_strict_gt,simMed_test.mat,32,simMed_test.mat#32,loso_supervised_tpsscs_feature_hgb,learned_tpsscs_feature_ensemble,simWind_test.mat,simMed_test.mat
0.0003,0.9972815200661026,0.9629629629629629,0.0002900364835366133,27,65509,19,19,45,loso_supervised_tpsscs_feature_hgb_conservative_topk_strict_gt,simMed_test.mat,32,simMed_test.mat#32,loso_supervised_tpsscs_feature_hgb,learned_tpsscs_feature_ensemble,simWind_test.mat,simMed_test.mat
0.001,0.9833129971672723,0.9629629629629629,0.000992230075256835,27,65509,65,65,91,loso_supervised_tpsscs_feature_hgb_conservative_topk_strict_gt,simMed_test.mat,32,simMed_test.mat#32,loso_supervised_tpsscs_feature_hgb,learned_tpsscs_feature_ensemble,simWind_test.mat,simMed_test.mat
0.003,0.8983704946431191,0.9629629629629629,0.002991955303851379,27,65509,196,196,222,loso_supervised_tpsscs_feature_hgb_conservative_topk_strict_gt,simMed_test.mat,32,simMed_test.mat#32,loso_supervised_tpsscs_feature_hgb,learned_tpsscs_feature_ensemble,simWind_test.mat,simMed_test.mat
0.01,0.45536292913513016,0.9629629629629629,0.00999862614297272,27,65509,655,655,681,loso_supervised_tpsscs_feature_hgb_conservative_topk_strict_gt,simMed_test.mat,32,simMed_test.mat#32,loso_supervised_tpsscs_feature_hgb,learned_tpsscs_feature_ensemble,simWind_test.mat,simMed_test.mat
1e-05,0.9995179904522912,0.4166666666666667,0.0,36,65500,0,0,15,loso_supervised_tpsscs_feature_hgb_conservative_topk_strict_gt,simMed_test.mat,33,simMed_test.mat#33,loso_supervised_tpsscs_feature_hgb,learned_tpsscs_feature_ensemble,simWind_test.mat,simMed_test.mat
3e-05,0.9994444521208787,0.4722222222222222,1.5267175572519083e-05,36,65500,1,1,18,loso_supervised_tpsscs_feature_hgb_conservative_topk_strict_gt,simMed_test.mat,33,simMed_test.mat#33,loso_supervised_tpsscs_feature_hgb,learned_tpsscs_feature_ensemble,simWind_test.mat,simMed_test.mat
0.0001,0.998695279066204,0.6666666666666666,9.16030534351145e-05,36,65500,6,6,30,loso_supervised_tpsscs_feature_hgb_conservative_topk_strict_gt,simMed_test.mat,33,simMed_test.mat#33,loso_supervised_tpsscs_feature_hgb,learned_tpsscs_feature_ensemble,simWind_test.mat,simMed_test.mat
0.0003,0.9945562220586921,0.8055555555555556,0.0002900763358778626,36,65500,19,19,48,loso_supervised_tpsscs_feature_hgb_conservative_topk_strict_gt,simMed_test.mat,33,simMed_test.mat#33,loso_supervised_tpsscs_feature_hgb,learned_tpsscs_feature_ensemble,simWind_test.mat,simMed_test.mat
0.001,0.9635930402294414,0.8055555555555556,0.0009923664122137405,36,65500,65,65,94,loso_supervised_tpsscs_feature_hgb_conservative_topk_strict_gt,simMed_test.mat,33,simMed_test.mat#33,loso_supervised_tpsscs_feature_hgb,learned_tpsscs_feature_ensemble,simWind_test.mat,simMed_test.mat
0.003,0.7495233641340591,0.9166666666666666,0.0029923664122137403,36,65500,196,196,229,loso_supervised_tpsscs_feature_hgb_conservative_topk_strict_gt,simMed_test.mat,33,simMed_test.mat#33,loso_supervised_tpsscs_feature_hgb,learned_tpsscs_feature_ensemble,simWind_test.mat,simMed_test.mat
0.01,0.2832574398857408,0.9722222222222222,0.01,36,65500,655,655,690,loso_supervised_tpsscs_feature_hgb_conservative_topk_strict_gt,simMed_test.mat,33,simMed_test.mat#33,loso_supervised_tpsscs_feature_hgb,learned_tpsscs_feature_ensemble,simWind_test.mat,simMed_test.mat
1e-05,0.9997409951554902,0.1016949152542373,0.0,59,65477,0,0,6,loso_supervised_tpsscs_feature_hgb_conservative_topk_strict_gt,simMed_test.mat,34,simMed_test.mat#34,loso_supervised_tpsscs_feature_hgb,learned_tpsscs_feature_ensemble,simWind_test.mat,simMed_test.mat
3e-05,0.9997117208098574,0.13559322033898305,1.5272538448615544e-05,59,65477,1,1,9,loso_supervised_tpsscs_feature_hgb_conservative_topk_strict_gt,simMed_test.mat,34,simMed_test.mat#34,loso_supervised_tpsscs_feature_hgb,learned_tpsscs_feature_ensemble,simWind_test.mat,simMed_test.mat
0.0001,0.9989196877845314,0.4915254237288136,9.163523069169327e-05,59,65477,6,6,35,loso_supervised_tpsscs_feature_hgb_conservative_topk_strict_gt,simMed_test.mat,34,simMed_test.mat#34,loso_supervised_tpsscs_feature_hgb,learned_tpsscs_feature_ensemble,simWind_test.mat,simMed_test.mat
0.0003,0.9958578016116403,0.6101694915254238,0.00029017823052369533,59,65477,19,19,55,loso_supervised_tpsscs_feature_hgb_conservative_topk_strict_gt,simMed_test.mat,34,simMed_test.mat#34,loso_supervised_tpsscs_feature_hgb,learned_tpsscs_feature_ensemble,simWind_test.mat,simMed_test.mat
0.001,0.9705266150344176,0.8305084745762712,0.0009927149991600104,59,65477,65,65,114,loso_supervised_tpsscs_feature_hgb_conservative_topk_strict_gt,simMed_test.mat,34,simMed_test.mat#34,loso_supervised_tpsscs_feature_hgb,learned_tpsscs_feature_ensemble,simWind_test.mat,simMed_test.mat
0.003,0.8349492323893106,0.8983050847457628,0.002993417535928647,59,65477,196,196,249,loso_supervised_tpsscs_feature_hgb_conservative_topk_strict_gt,simMed_test.mat,34,simMed_test.mat#34,loso_supervised_tpsscs_feature_hgb,learned_tpsscs_feature_ensemble,simWind_test.mat,simMed_test.mat
0.01,0.3795803215341947,0.9322033898305084,0.009988240145394567,59,65477,654,654,709,loso_supervised_tpsscs_feature_hgb_conservative_topk_strict_gt,simMed_test.mat,34,simMed_test.mat#34,loso_supervised_tpsscs_feature_hgb,learned_tpsscs_feature_ensemble,simWind_test.mat,simMed_test.mat
1e-05,0.9996921262413406,0.6,0.0,55,65481,0,0,33,loso_supervised_tpsscs_feature_hgb_conservative_topk_strict_gt,simMed_test.mat,35,simMed_test.mat#35,loso_supervised_tpsscs_feature_hgb,learned_tpsscs_feature_ensemble,simWind_test.mat,simMed_test.mat
3e-05,0.999659823934731,0.6363636363636364,1.5271605503886624e-05,55,65481,1,1,36,loso_supervised_tpsscs_feature_hgb_conservative_topk_strict_gt,simMed_test.mat,35,simMed_test.mat#35,loso_supervised_tpsscs_feature_hgb,learned_tpsscs_feature_ensemble,simWind_test.mat,simMed_test.mat
0.0001,0.9996203023747086,0.6909090909090909,9.162963302331974e-05,55,65481,6,6,44,loso_supervised_tpsscs_feature_hgb_conservative_topk_strict_gt,simMed_test.mat,35,simMed_test.mat#35,loso_supervised_tpsscs_feature_hgb,learned_tpsscs_feature_ensemble,simWind_test.mat,simMed_test.mat
0.0003,0.9981337271843228,0.9090909090909091,0.00029016050457384584,55,65481,19,19,69,loso_supervised_tpsscs_feature_hgb_conservative_topk_strict_gt,simMed_test.mat,35,simMed_test.mat#35,loso_supervised_tpsscs_feature_hgb,learned_tpsscs_feature_ensemble,simWind_test.mat,simMed_test.mat
0.001,0.9883440468233899,0.9636363636363636,0.0009926543577526306,55,65481,65,65,118,loso_supervised_tpsscs_feature_hgb_conservative_topk_strict_gt,simMed_test.mat,35,simMed_test.mat#35,loso_supervised_tpsscs_feature_hgb,learned_tpsscs_feature_ensemble,simWind_test.mat,simMed_test.mat
0.003,0.9208991391315836,0.9636363636363636,0.002993234678761778,55,65481,196,196,249,loso_supervised_tpsscs_feature_hgb_conservative_topk_strict_gt,simMed_test.mat,35,simMed_test.mat#35,loso_supervised_tpsscs_feature_hgb,learned_tpsscs_feature_ensemble,simWind_test.mat,simMed_test.mat
0.01,0.5983963582991007,0.9818181818181818,0.009987629999541852,55,65481,654,654,708,loso_supervised_tpsscs_feature_hgb_conservative_topk_strict_gt,simMed_test.mat,35,simMed_test.mat#35,loso_supervised_tpsscs_feature_hgb,learned_tpsscs_feature_ensemble,simWind_test.mat,simMed_test.mat
1e-05,0.9997639309613087,0.15384615384615385,0.0,13,65523,0,0,2,loso_supervised_tpsscs_feature_hgb_conservative_topk_strict_gt,simMed_test.mat,36,simMed_test.mat#36,loso_supervised_tpsscs_feature_hgb,learned_tpsscs_feature_ensemble,simWind_test.mat,simMed_test.mat
3e-05,0.9996821859487498,0.5384615384615384,1.5261816461395235e-05,13,65523,1,1,8,loso_supervised_tpsscs_feature_hgb_conservative_topk_strict_gt,simMed_test.mat,36,simMed_test.mat#36,loso_supervised_tpsscs_feature_hgb,learned_tpsscs_feature_ensemble,simWind_test.mat,simMed_test.mat
0.0001,0.9985428385677402,0.9230769230769231,9.15708987683714e-05,13,65523,6,6,18,loso_supervised_tpsscs_feature_hgb_conservative_topk_strict_gt,simMed_test.mat,36,simMed_test.mat#36,loso_supervised_tpsscs_feature_hgb,learned_tpsscs_feature_ensemble,simWind_test.mat,simMed_test.mat
0.0003,0.9872903334391141,0.9230769230769231,0.00028997451276650945,13,65523,19,19,31,loso_supervised_tpsscs_feature_hgb_conservative_topk_strict_gt,simMed_test.mat,36,simMed_test.mat#36,loso_supervised_tpsscs_feature_hgb,learned_tpsscs_feature_ensemble,simWind_test.mat,simMed_test.mat
0.001,0.8709044265929191,1.0,0.0009920180699906902,13,65523,65,65,78,loso_supervised_tpsscs_feature_hgb_conservative_topk_strict_gt,simMed_test.mat,36,simMed_test.mat#36,loso_supervised_tpsscs_feature_hgb,learned_tpsscs_feature_ensemble,simWind_test.mat,simMed_test.mat
0.003,0.6588091764708209,1.0,0.002991316026433466,13,65523,196,196,209,loso_supervised_tpsscs_feature_hgb_conservative_topk_strict_gt,simMed_test.mat,36,simMed_test.mat#36,loso_supervised_tpsscs_feature_hgb,learned_tpsscs_feature_ensemble,simWind_test.mat,simMed_test.mat
0.01,0.2681774458549403,1.0,0.00999648978221388,13,65523,655,655,668,loso_supervised_tpsscs_feature_hgb_conservative_topk_strict_gt,simMed_test.mat,36,simMed_test.mat#36,loso_supervised_tpsscs_feature_hgb,learned_tpsscs_feature_ensemble,simWind_test.mat,simMed_test.mat
1e-05,0.9996582828786155,0.3953488372093023,0.0,43,65493,0,0,17,loso_supervised_tpsscs_feature_hgb_conservative_topk_strict_gt,simMed_test.mat,38,simMed_test.mat#38,loso_supervised_tpsscs_feature_hgb,learned_tpsscs_feature_ensemble,simWind_test.mat,simMed_test.mat
3e-05,0.9996427734228619,0.3953488372093023,1.526880735345762e-05,43,65493,1,1,18,loso_supervised_tpsscs_feature_hgb_conservative_topk_strict_gt,simMed_test.mat,38,simMed_test.mat#38,loso_supervised_tpsscs_feature_hgb,learned_tpsscs_feature_ensemble,simWind_test.mat,simMed_test.mat
0.0001,0.9994068824469416,0.5813953488372093,9.161284412074573e-05,43,65493,6,6,31,loso_supervised_tpsscs_feature_hgb_conservative_topk_strict_gt,simMed_test.mat,38,simMed_test.mat#38,loso_supervised_tpsscs_feature_hgb,learned_tpsscs_feature_ensemble,simWind_test.mat,simMed_test.mat
0.0003,0.9976295499941032,0.6976744186046512,0.0002901073397156948,43,65493,19,19,49,loso_supervised_tpsscs_feature_hgb_conservative_topk_strict_gt,simMed_test.mat,38,simMed_test.mat#38,loso_supervised_tpsscs_feature_hgb,learned_tpsscs_feature_ensemble,simWind_test.mat,simMed_test.mat
0.001,0.9859708615856358,0.813953488372093,0.0009924724779747454,43,65493,65,65,100,loso_supervised_tpsscs_feature_hgb_conservative_topk_strict_gt,simMed_test.mat,38,simMed_test.mat#38,loso_supervised_tpsscs_feature_hgb,learned_tpsscs_feature_ensemble,simWind_test.mat,simMed_test.mat
0.003,0.898609545441264,0.8604651162790697,0.0029926862412776936,43,65493,196,196,233,loso_supervised_tpsscs_feature_hgb_conservative_topk_strict_gt,simMed_test.mat,38,simMed_test.mat#38,loso_supervised_tpsscs_feature_hgb,learned_tpsscs_feature_ensemble,simWind_test.mat,simMed_test.mat
0.01,0.468238393186408,0.9534883720930233,0.009985800009161284,43,65493,654,654,695,loso_supervised_tpsscs_feature_hgb_conservative_topk_strict_gt,simMed_test.mat,38,simMed_test.mat#38,loso_supervised_tpsscs_feature_hgb,learned_tpsscs_feature_ensemble,simWind_test.mat,simMed_test.mat
1e-05,0.9996332394079923,0.6111111111111112,0.0,36,65500,0,0,22,loso_supervised_tpsscs_feature_hgb_conservative_topk_strict_gt,simMed_test.mat,39,simMed_test.mat#39,loso_supervised_tpsscs_feature_hgb,learned_tpsscs_feature_ensemble,simWind_test.mat,simMed_test.mat
3e-05,0.9996037483555229,0.6388888888888888,1.5267175572519083e-05,36,65500,1,1,24,loso_supervised_tpsscs_feature_hgb_conservative_topk_strict_gt,simMed_test.mat,39,simMed_test.mat#39,loso_supervised_tpsscs_feature_hgb,learned_tpsscs_feature_ensemble,simWind_test.mat,simMed_test.mat
0.0001,0.9995110637909814,0.7222222222222222,9.16030534351145e-05,36,65500,6,6,32,loso_supervised_tpsscs_feature_hgb_conservative_topk_strict_gt,simMed_test.mat,39,simMed_test.mat#39,loso_supervised_tpsscs_feature_hgb,learned_tpsscs_feature_ensemble,simWind_test.mat,simMed_test.mat
0.0003,0.9973304636258997,0.8888888888888888,0.0002900763358778626,36,65500,19,19,51,loso_supervised_tpsscs_feature_hgb_conservative_topk_strict_gt,simMed_test.mat,39,simMed_test.mat#39,loso_supervised_tpsscs_feature_hgb,learned_tpsscs_feature_ensemble,simWind_test.mat,simMed_test.mat
0.001,0.977757440587313,0.9166666666666666,0.0009923664122137405,36,65500,65,65,98,loso_supervised_tpsscs_feature_hgb_conservative_topk_strict_gt,simMed_test.mat,39,simMed_test.mat#39,loso_supervised_tpsscs_feature_hgb,learned_tpsscs_feature_ensemble,simWind_test.mat,simMed_test.mat
0.003,0.8499135525350164,1.0,0.0029923664122137403,36,65500,196,196,232,loso_supervised_tpsscs_feature_hgb_conservative_topk_strict_gt,simMed_test.mat,39,simMed_test.mat#39,loso_supervised_tpsscs_feature_hgb,learned_tpsscs_feature_ensemble,simWind_test.mat,simMed_test.mat
0.01,0.4851387254843368,1.0,0.01,36,65500,655,655,691,loso_supervised_tpsscs_feature_hgb_conservative_topk_strict_gt,simMed_test.mat,39,simMed_test.mat#39,loso_supervised_tpsscs_feature_hgb,learned_tpsscs_feature_ensemble,simWind_test.mat,simMed_test.mat
1e-05,0.9996930749654982,0.25,0.0,28,65508,0,0,7,loso_supervised_tpsscs_feature_hgb_conservative_topk_strict_gt,simMed_test.mat,40,simMed_test.mat#40,loso_supervised_tpsscs_feature_hgb,learned_tpsscs_feature_ensemble,simWind_test.mat,simMed_test.mat
3e-05,0.999590954040243,0.32142857142857145,1.526531110704036e-05,28,65508,1,1,10,loso_supervised_tpsscs_feature_hgb_conservative_topk_strict_gt,simMed_test.mat,40,simMed_test.mat#40,loso_supervised_tpsscs_feature_hgb,learned_tpsscs_feature_ensemble,simWind_test.mat,simMed_test.mat
0.0001,0.999362232458032,0.4642857142857143,9.159186664224217e-05,28,65508,6,6,19,loso_supervised_tpsscs_feature_hgb_conservative_topk_strict_gt,simMed_test.mat,40,simMed_test.mat#40,loso_supervised_tpsscs_feature_hgb,learned_tpsscs_feature_ensemble,simWind_test.mat,simMed_test.mat
0.0003,0.9968975690773314,0.6428571428571429,0.00029004091103376685,28,65508,19,19,37,loso_supervised_tpsscs_feature_hgb_conservative_topk_strict_gt,simMed_test.mat,40,simMed_test.mat#40,loso_supervised_tpsscs_feature_hgb,learned_tpsscs_feature_ensemble,simWind_test.mat,simMed_test.mat
0.001,0.9787889877705905,0.8571428571428571,0.0009922452219576234,28,65508,65,65,89,loso_supervised_tpsscs_feature_hgb_conservative_topk_strict_gt,simMed_test.mat,40,simMed_test.mat#40,loso_supervised_tpsscs_feature_hgb,learned_tpsscs_feature_ensemble,simWind_test.mat,simMed_test.mat
0.003,0.8996543759891291,0.9642857142857143,0.002992000976979911,28,65508,196,196,223,loso_supervised_tpsscs_feature_hgb_conservative_topk_strict_gt,simMed_test.mat,40,simMed_test.mat#40,loso_supervised_tpsscs_feature_hgb,learned_tpsscs_feature_ensemble,simWind_test.mat,simMed_test.mat
0.01,0.5199300711462899,1.0,0.009998778775111437,28,65508,655,655,683,loso_supervised_tpsscs_feature_hgb_conservative_topk_strict_gt,simMed_test.mat,40,simMed_test.mat#40,loso_supervised_tpsscs_feature_hgb,learned_tpsscs_feature_ensemble,simWind_test.mat,simMed_test.mat
1e-05,0.9996473293413307,0.5636363636363636,0.0,55,65481,0,0,31,loso_supervised_tpsscs_feature_hgb_conservative_topk_strict_gt,simMed_test.mat,41,simMed_test.mat#41,loso_supervised_tpsscs_feature_hgb,learned_tpsscs_feature_ensemble,simWind_test.mat,simMed_test.mat
3e-05,0.999584949563944,0.6545454545454545,1.5271605503886624e-05,55,65481,1,1,37,loso_supervised_tpsscs_feature_hgb_conservative_topk_strict_gt,simMed_test.mat,41,simMed_test.mat#41,loso_supervised_tpsscs_feature_hgb,learned_tpsscs_feature_ensemble,simWind_test.mat,simMed_test.mat
0.0001,0.9991360887289507,0.8363636363636363,9.162963302331974e-05,55,65481,6,6,52,loso_supervised_tpsscs_feature_hgb_conservative_topk_strict_gt,simMed_test.mat,41,simMed_test.mat#41,loso_supervised_tpsscs_feature_hgb,learned_tpsscs_feature_ensemble,simWind_test.mat,simMed_test.mat
0.0003,0.9974781108815824,0.9272727272727272,0.00029016050457384584,55,65481,19,19,70,loso_supervised_tpsscs_feature_hgb_conservative_topk_strict_gt,simMed_test.mat,41,simMed_test.mat#41,loso_supervised_tpsscs_feature_hgb,learned_tpsscs_feature_ensemble,simWind_test.mat,simMed_test.mat
0.001,0.9872431382726982,0.9636363636363636,0.0009926543577526306,55,65481,65,65,118,loso_supervised_tpsscs_feature_hgb_conservative_topk_strict_gt,simMed_test.mat,41,simMed_test.mat#41,loso_supervised_tpsscs_feature_hgb,learned_tpsscs_feature_ensemble,simWind_test.mat,simMed_test.mat
0.003,0.9410759318805846,0.9818181818181818,0.002993234678761778,55,65481,196,196,250,loso_supervised_tpsscs_feature_hgb_conservative_topk_strict_gt,simMed_test.mat,41,simMed_test.mat#41,loso_supervised_tpsscs_feature_hgb,learned_tpsscs_feature_ensemble,simWind_test.mat,simMed_test.mat
0.01,0.6149662415295576,0.9818181818181818,0.009987629999541852,55,65481,654,654,708,loso_supervised_tpsscs_feature_hgb_conservative_topk_strict_gt,simMed_test.mat,41,simMed_test.mat#41,loso_supervised_tpsscs_feature_hgb,learned_tpsscs_feature_ensemble,simWind_test.mat,simMed_test.mat
1e-05,0.9996009567703628,0.7419354838709677,0.0,31,65505,0,0,23,loso_supervised_tpsscs_feature_hgb_conservative_topk_strict_gt,simMed_test.mat,42,simMed_test.mat#42,loso_supervised_tpsscs_feature_hgb,learned_tpsscs_feature_ensemble,simWind_test.mat,simMed_test.mat
3e-05,0.999584905752246,0.7419354838709677,1.5266010228226854e-05,31,65505,1,1,24,loso_supervised_tpsscs_feature_hgb_conservative_topk_strict_gt,simMed_test.mat,42,simMed_test.mat#42,loso_supervised_tpsscs_feature_hgb,learned_tpsscs_feature_ensemble,simWind_test.mat,simMed_test.mat
0.0001,0.9994399032170466,0.9032258064516129,9.159606136936111e-05,31,65505,6,6,34,loso_supervised_tpsscs_feature_hgb_conservative_topk_strict_gt,simMed_test.mat,42,simMed_test.mat#42,loso_supervised_tpsscs_feature_hgb,learned_tpsscs_feature_ensemble,simWind_test.mat,simMed_test.mat
0.0003,0.9971847881884082,0.967741935483871,0.0002900541943363102,31,65505,19,19,49,loso_supervised_tpsscs_feature_hgb_conservative_topk_strict_gt,simMed_test.mat,42,simMed_test.mat#42,loso_supervised_tpsscs_feature_hgb,learned_tpsscs_feature_ensemble,simWind_test.mat,simMed_test.mat
0.001,0.9719994535658143,1.0,0.0009922906648347455,31,65505,65,65,96,loso_supervised_tpsscs_feature_hgb_conservative_topk_strict_gt,simMed_test.mat,42,simMed_test.mat#42,loso_supervised_tpsscs_feature_hgb,learned_tpsscs_feature_ensemble,simWind_test.mat,simMed_test.mat
0.003,0.850086844024424,1.0,0.002992138004732463,31,65505,196,196,227,loso_supervised_tpsscs_feature_hgb_conservative_topk_strict_gt,simMed_test.mat,42,simMed_test.mat#42,loso_supervised_tpsscs_feature_hgb,learned_tpsscs_feature_ensemble,simWind_test.mat,simMed_test.mat
0.01,0.46591116884809003,1.0,0.009999236699488588,31,65505,655,655,686,loso_supervised_tpsscs_feature_hgb_conservative_topk_strict_gt,simMed_test.mat,42,simMed_test.mat#42,loso_supervised_tpsscs_feature_hgb,learned_tpsscs_feature_ensemble,simWind_test.mat,simMed_test.mat
1e-05,0.9996455586096032,0.5102040816326531,0.0,49,65487,0,0,25,loso_supervised_tpsscs_feature_hgb_conservative_topk_strict_gt,simMed_test.mat,43,simMed_test.mat#43,loso_supervised_tpsscs_feature_hgb,learned_tpsscs_feature_ensemble,simWind_test.mat,simMed_test.mat
3e-05,0.9995867617663421,0.5510204081632653,1.5270206300487118e-05,49,65487,1,1,28,loso_supervised_tpsscs_feature_hgb_conservative_topk_strict_gt,simMed_test.mat,43,simMed_test.mat#43,loso_supervised_tpsscs_feature_hgb,learned_tpsscs_feature_ensemble,simWind_test.mat,simMed_test.mat
0.0001,0.999284129373679,0.6326530612244898,9.162123780292272e-05,49,65487,6,6,37,loso_supervised_tpsscs_feature_hgb_conservative_topk_strict_gt,simMed_test.mat,43,simMed_test.mat#43,loso_supervised_tpsscs_feature_hgb,learned_tpsscs_feature_ensemble,simWind_test.mat,simMed_test.mat
0.0003,0.9961538232543956,0.7346938775510204,0.0002901339197092553,49,65487,19,19,55,loso_supervised_tpsscs_feature_hgb_conservative_topk_strict_gt,simMed_test.mat,43,simMed_test.mat#43,loso_supervised_tpsscs_feature_hgb,learned_tpsscs_feature_ensemble,simWind_test.mat,simMed_test.mat
0.001,0.9714949163141156,0.8571428571428571,0.0009925634095316628,49,65487,65,65,107,loso_supervised_tpsscs_feature_hgb_conservative_topk_strict_gt,simMed_test.mat,43,simMed_test.mat#43,loso_supervised_tpsscs_feature_hgb,learned_tpsscs_feature_ensemble,simWind_test.mat,simMed_test.mat
0.003,0.8238039197092165,0.9387755102040817,0.0029929604348954753,49,65487,196,196,242,loso_supervised_tpsscs_feature_hgb_conservative_topk_strict_gt,simMed_test.mat,43,simMed_test.mat#43,loso_supervised_tpsscs_feature_hgb,learned_tpsscs_feature_ensemble,simWind_test.mat,simMed_test.mat
0.01,0.3744457850176189,0.9591836734693877,0.009986714920518577,49,65487,654,654,701,loso_supervised_tpsscs_feature_hgb_conservative_topk_strict_gt,simMed_test.mat,43,simMed_test.mat#43,loso_supervised_tpsscs_feature_hgb,learned_tpsscs_feature_ensemble,simWind_test.mat,simMed_test.mat
1e-05,0.9997066235133337,0.7105263157894737,0.0,38,65498,0,0,27,loso_supervised_tpsscs_feature_hgb_conservative_topk_strict_gt,simMed_test.mat,44,simMed_test.mat#44,loso_supervised_tpsscs_feature_hgb,learned_tpsscs_feature_ensemble,simWind_test.mat,simMed_test.mat
3e-05,0.999704070779827,0.7105263157894737,1.526764176005374e-05,38,65498,1,1,28,loso_supervised_tpsscs_feature_hgb_conservative_topk_strict_gt,simMed_test.mat,44,simMed_test.mat#44,loso_supervised_tpsscs_feature_hgb,learned_tpsscs_feature_ensemble,simWind_test.mat,simMed_test.mat
0.0001,0.9994506673210153,0.8421052631578947,9.160585056032245e-05,38,65498,6,6,38,loso_supervised_tpsscs_feature_hgb_conservative_topk_strict_gt,simMed_test.mat,44,simMed_test.mat#44,loso_supervised_tpsscs_feature_hgb,learned_tpsscs_feature_ensemble,simWind_test.mat,simMed_test.mat
0.0003,0.9980458082056382,0.9736842105263158,0.0002900851934410211,38,65498,19,19,56,loso_supervised_tpsscs_feature_hgb_conservative_topk_strict_gt,simMed_test.mat,44,simMed_test.mat#44,loso_supervised_tpsscs_feature_hgb,learned_tpsscs_feature_ensemble,simWind_test.mat,simMed_test.mat
0.001,0.9843971137022824,1.0,0.0009923967144034932,38,65498,65,65,103,loso_supervised_tpsscs_feature_hgb_conservative_topk_strict_gt,simMed_test.mat,44,simMed_test.mat#44,loso_supervised_tpsscs_feature_hgb,learned_tpsscs_feature_ensemble,simWind_test.mat,simMed_test.mat
0.003,0.9056004740621963,1.0,0.0029924577849705335,38,65498,196,196,234,loso_supervised_tpsscs_feature_hgb_conservative_topk_strict_gt,simMed_test.mat,44,simMed_test.mat#44,loso_supervised_tpsscs_feature_hgb,learned_tpsscs_feature_ensemble,simWind_test.mat,simMed_test.mat
0.01,0.5080116973600274,1.0,0.009985037711075147,38,65498,654,654,692,loso_supervised_tpsscs_feature_hgb_conservative_topk_strict_gt,simMed_test.mat,44,simMed_test.mat#44,loso_supervised_tpsscs_feature_hgb,learned_tpsscs_feature_ensemble,simWind_test.mat,simMed_test.mat
1e-05,0.999717145315204,0.5714285714285714,0.0,35,65501,0,0,20,loso_supervised_tpsscs_feature_hgb_conservative_topk_strict_gt,simMed_test.mat,45,simMed_test.mat#45,loso_supervised_tpsscs_feature_hgb,learned_tpsscs_feature_ensemble,simWind_test.mat,simMed_test.mat
3e-05,0.9997051293482213,0.6285714285714286,1.5266942489427644e-05,35,65501,1,1,23,loso_supervised_tpsscs_feature_hgb_conservative_topk_strict_gt,simMed_test.mat,45,simMed_test.mat#45,loso_supervised_tpsscs_feature_hgb,learned_tpsscs_feature_ensemble,simWind_test.mat,simMed_test.mat
0.0001,0.999423649175974,0.8857142857142857,9.160165493656586e-05,35,65501,6,6,37,loso_supervised_tpsscs_feature_hgb_conservative_topk_strict_gt,simMed_test.mat,45,simMed_test.mat#45,loso_supervised_tpsscs_feature_hgb,learned_tpsscs_feature_ensemble,simWind_test.mat,simMed_test.mat
0.0003,0.997898548940817,1.0,0.0002900719072991252,35,65501,19,19,54,loso_supervised_tpsscs_feature_hgb_conservative_topk_strict_gt,simMed_test.mat,45,simMed_test.mat#45,loso_supervised_tpsscs_feature_hgb,learned_tpsscs_feature_ensemble,simWind_test.mat,simMed_test.mat
0.001,0.9750801712188136,1.0,0.0009923512618127967,35,65501,65,65,100,loso_supervised_tpsscs_feature_hgb_conservative_topk_strict_gt,simMed_test.mat,45,simMed_test.mat#45,loso_supervised_tpsscs_feature_hgb,learned_tpsscs_feature_ensemble,simWind_test.mat,simMed_test.mat
0.003,0.8194776486234383,1.0,0.002992320727927818,35,65501,196,196,231,loso_supervised_tpsscs_feature_hgb_conservative_topk_strict_gt,simMed_test.mat,45,simMed_test.mat#45,loso_supervised_tpsscs_feature_hgb,learned_tpsscs_feature_ensemble,simWind_test.mat,simMed_test.mat
0.01,0.47439462842228464,1.0,0.009999847330575106,35,65501,655,655,690,loso_supervised_tpsscs_feature_hgb_conservative_topk_strict_gt,simMed_test.mat,45,simMed_test.mat#45,loso_supervised_tpsscs_feature_hgb,learned_tpsscs_feature_ensemble,simWind_test.mat,simMed_test.mat
1e-05,0.999605069356748,0.21568627450980393,0.0,51,65485,0,0,11,loso_supervised_tpsscs_feature_hgb_conservative_topk_strict_gt,simMed_test.mat,46,simMed_test.mat#46,loso_supervised_tpsscs_feature_hgb,learned_tpsscs_feature_ensemble,simWind_test.mat,simMed_test.mat
3e-05,0.9995744481592556,0.21568627450980393,1.527067267313125e-05,51,65485,1,1,12,loso_supervised_tpsscs_feature_hgb_conservative_topk_strict_gt,simMed_test.mat,46,simMed_test.mat#46,loso_supervised_tpsscs_feature_hgb,learned_tpsscs_feature_ensemble,simWind_test.mat,simMed_test.mat
0.0001,0.9992117506085788,0.39215686274509803,9.16240360387875e-05,51,65485,6,6,26,loso_supervised_tpsscs_feature_hgb_conservative_topk_strict_gt,simMed_test.mat,46,simMed_test.mat#46,loso_supervised_tpsscs_feature_hgb,learned_tpsscs_feature_ensemble,simWind_test.mat,simMed_test.mat
0.0003,0.9962244981743807,0.5294117647058824,0.0002901427807894938,51,65485,19,19,46,loso_supervised_tpsscs_feature_hgb_conservative_topk_strict_gt,simMed_test.mat,46,simMed_test.mat#46,loso_supervised_tpsscs_feature_hgb,learned_tpsscs_feature_ensemble,simWind_test.mat,simMed_test.mat
0.001,0.975266897995533,0.7058823529411765,0.0009925937237535314,51,65485,65,65,101,loso_supervised_tpsscs_feature_hgb_conservative_topk_strict_gt,simMed_test.mat,46,simMed_test.mat#46,loso_supervised_tpsscs_feature_hgb,learned_tpsscs_feature_ensemble,simWind_test.mat,simMed_test.mat
0.003,0.836402957053457,0.8627450980392157,0.0029930518439337255,51,65485,196,196,240,loso_supervised_tpsscs_feature_hgb_conservative_topk_strict_gt,simMed_test.mat,46,simMed_test.mat#46,loso_supervised_tpsscs_feature_hgb,learned_tpsscs_feature_ensemble,simWind_test.mat,simMed_test.mat
0.01,0.39134515493932687,0.9019607843137255,0.009987019928227838,51,65485,654,654,700,loso_supervised_tpsscs_feature_hgb_conservative_topk_strict_gt,simMed_test.mat,46,simMed_test.mat#46,loso_supervised_tpsscs_feature_hgb,learned_tpsscs_feature_ensemble,simWind_test.mat,simMed_test.mat
1e-05,0.9995816490507027,0.25,0.0,28,65508,0,0,7,loso_supervised_tpsscs_feature_hgb_conservative_topk_strict_gt,simMed_test.mat,47,simMed_test.mat#47,loso_supervised_tpsscs_feature_hgb,learned_tpsscs_feature_ensemble,simWind_test.mat,simMed_test.mat
3e-05,0.9994509922800694,0.32142857142857145,1.526531110704036e-05,28,65508,1,1,10,loso_supervised_tpsscs_feature_hgb_conservative_topk_strict_gt,simMed_test.mat,47,simMed_test.mat#47,loso_supervised_tpsscs_feature_hgb,learned_tpsscs_feature_ensemble,simWind_test.mat,simMed_test.mat
0.0001,0.9990179667363674,0.39285714285714285,9.159186664224217e-05,28,65508,6,6,17,loso_supervised_tpsscs_feature_hgb_conservative_topk_strict_gt,simMed_test.mat,47,simMed_test.mat#47,loso_supervised_tpsscs_feature_hgb,learned_tpsscs_feature_ensemble,simWind_test.mat,simMed_test.mat
0.0003,0.9955018222977875,0.5714285714285714,0.00029004091103376685,28,65508,19,19,35,loso_supervised_tpsscs_feature_hgb_conservative_topk_strict_gt,simMed_test.mat,47,simMed_test.mat#47,loso_supervised_tpsscs_feature_hgb,learned_tpsscs_feature_ensemble,simWind_test.mat,simMed_test.mat
0.001,0.9744370066138666,0.7857142857142857,0.0009922452219576234,28,65508,65,65,87,loso_supervised_tpsscs_feature_hgb_conservative_topk_strict_gt,simMed_test.mat,47,simMed_test.mat#47,loso_supervised_tpsscs_feature_hgb,learned_tpsscs_feature_ensemble,simWind_test.mat,simMed_test.mat
0.003,0.8500991290275869,0.8571428571428571,0.002992000976979911,28,65508,196,196,220,loso_supervised_tpsscs_feature_hgb_conservative_topk_strict_gt,simMed_test.mat,47,simMed_test.mat#47,loso_supervised_tpsscs_feature_hgb,learned_tpsscs_feature_ensemble,simWind_test.mat,simMed_test.mat
0.01,0.47855470711598036,0.9285714285714286,0.009998778775111437,28,65508,655,655,681,loso_supervised_tpsscs_feature_hgb_conservative_topk_strict_gt,simMed_test.mat,47,simMed_test.mat#47,loso_supervised_tpsscs_feature_hgb,learned_tpsscs_feature_ensemble,simWind_test.mat,simMed_test.mat
1e-05,0.9997345239453262,0.08,0.0,25,65511,0,0,2,loso_supervised_tpsscs_feature_hgb_conservative_topk_strict_gt,simMed_test.mat,48,simMed_test.mat#48,loso_supervised_tpsscs_feature_hgb,learned_tpsscs_feature_ensemble,simWind_test.mat,simMed_test.mat
3e-05,0.9995739015465891,0.36,1.526461204988475e-05,25,65511,1,1,10,loso_supervised_tpsscs_feature_hgb_conservative_topk_strict_gt,simMed_test.mat,48,simMed_test.mat#48,loso_supervised_tpsscs_feature_hgb,learned_tpsscs_feature_ensemble,simWind_test.mat,simMed_test.mat
0.0001,0.999140180851475,0.44,9.158767229930851e-05,25,65511,6,6,17,loso_supervised_tpsscs_feature_hgb_conservative_topk_strict_gt,simMed_test.mat,48,simMed_test.mat#48,loso_supervised_tpsscs_feature_hgb,learned_tpsscs_feature_ensemble,simWind_test.mat,simMed_test.mat
0.0003,0.9950596975834604,0.84,0.0002900276289478103,25,65511,19,19,40,loso_supervised_tpsscs_feature_hgb_conservative_topk_strict_gt,simMed_test.mat,48,simMed_test.mat#48,loso_supervised_tpsscs_feature_hgb,learned_tpsscs_feature_ensemble,simWind_test.mat,simMed_test.mat
0.001,0.9819692831366897,0.84,0.0009921997832425089,25,65511,65,65,86,loso_supervised_tpsscs_feature_hgb_conservative_topk_strict_gt,simMed_test.mat,48,simMed_test.mat#48,loso_supervised_tpsscs_feature_hgb,learned_tpsscs_feature_ensemble,simWind_test.mat,simMed_test.mat
0.003,0.8761332200967477,0.92,0.0029918639617774116,25,65511,196,196,219,loso_supervised_tpsscs_feature_hgb_conservative_topk_strict_gt,simMed_test.mat,48,simMed_test.mat#48,loso_supervised_tpsscs_feature_hgb,learned_tpsscs_feature_ensemble,simWind_test.mat,simMed_test.mat
0.01,0.44129199945406805,0.96,0.009998320892674512,25,65511,655,655,679,loso_supervised_tpsscs_feature_hgb_conservative_topk_strict_gt,simMed_test.mat,48,simMed_test.mat#48,loso_supervised_tpsscs_feature_hgb,learned_tpsscs_feature_ensemble,simWind_test.mat,simMed_test.mat
1e-05,0.999674862918037,0.24242424242424243,0.0,33,65503,0,0,8,loso_supervised_tpsscs_feature_hgb_conservative_topk_strict_gt,simMed_test.mat,49,simMed_test.mat#49,loso_supervised_tpsscs_feature_hgb,learned_tpsscs_feature_ensemble,simWind_test.mat,simMed_test.mat
3e-05,0.9994901165457276,0.3939393939393939,1.5266476344594905e-05,33,65503,1,1,14,loso_supervised_tpsscs_feature_hgb_conservative_topk_strict_gt,simMed_test.mat,49,simMed_test.mat#49,loso_supervised_tpsscs_feature_hgb,learned_tpsscs_feature_ensemble,simWind_test.mat,simMed_test.mat
0.0001,0.9989323973351979,0.48484848484848486,9.159885806756943e-05,33,65503,6,6,22,loso_supervised_tpsscs_feature_hgb_conservative_topk_strict_gt,simMed_test.mat,49,simMed_test.mat#49,loso_supervised_tpsscs_feature_hgb,learned_tpsscs_feature_ensemble,simWind_test.mat,simMed_test.mat
0.0003,0.9968355599896352,0.5757575757575758,0.0002900630505473032,33,65503,19,19,38,loso_supervised_tpsscs_feature_hgb_conservative_topk_strict_gt,simMed_test.mat,49,simMed_test.mat#49,loso_supervised_tpsscs_feature_hgb,learned_tpsscs_feature_ensemble,simWind_test.mat,simMed_test.mat
0.001,0.980049269287067,0.7575757575757576,0.0009923209623986687,33,65503,65,65,90,loso_supervised_tpsscs_feature_hgb_conservative_topk_strict_gt,simMed_test.mat,49,simMed_test.mat#49,loso_supervised_tpsscs_feature_hgb,learned_tpsscs_feature_ensemble,simWind_test.mat,simMed_test.mat
0.003,0.8803876269341726,0.8484848484848485,0.002992229363540601,33,65503,196,196,224,loso_supervised_tpsscs_feature_hgb_conservative_topk_strict_gt,simMed_test.mat,49,simMed_test.mat#49,loso_supervised_tpsscs_feature_hgb,learned_tpsscs_feature_ensemble,simWind_test.mat,simMed_test.mat
0.01,0.4705585962449446,0.9393939393939394,0.009999542005709662,33,65503,655,655,686,loso_supervised_tpsscs_feature_hgb_conservative_topk_strict_gt,simMed_test.mat,49,simMed_test.mat#49,loso_supervised_tpsscs_feature_hgb,learned_tpsscs_feature_ensemble,simWind_test.mat,simMed_test.mat
1e-05,0.999679300421533,0.52,0.0,25,65511,0,0,13,loso_supervised_tpsscs_feature_hgb_conservative_topk_strict_gt,simMed_test.mat,50,simMed_test.mat#50,loso_supervised_tpsscs_feature_hgb,learned_tpsscs_feature_ensemble,simWind_test.mat,simMed_test.mat
3e-05,0.9996688325539674,0.52,1.526461204988475e-05,25,65511,1,1,14,loso_supervised_tpsscs_feature_hgb_conservative_topk_strict_gt,simMed_test.mat,50,simMed_test.mat#50,loso_supervised_tpsscs_feature_hgb,learned_tpsscs_feature_ensemble,simWind_test.mat,simMed_test.mat
0.0001,0.9993513734452939,0.8,9.158767229930851e-05,25,65511,6,6,26,loso_supervised_tpsscs_feature_hgb_conservative_topk_strict_gt,simMed_test.mat,50,simMed_test.mat#50,loso_supervised_tpsscs_feature_hgb,learned_tpsscs_feature_ensemble,simWind_test.mat,simMed_test.mat
0.0003,0.9982280284635608,0.88,0.0002900276289478103,25,65511,19,19,41,loso_supervised_tpsscs_feature_hgb_conservative_topk_strict_gt,simMed_test.mat,50,simMed_test.mat#50,loso_supervised_tpsscs_feature_hgb,learned_tpsscs_feature_ensemble,simWind_test.mat,simMed_test.mat
0.001,0.9902594524120023,0.96,0.0009921997832425089,25,65511,65,65,89,loso_supervised_tpsscs_feature_hgb_conservative_topk_strict_gt,simMed_test.mat,50,simMed_test.mat#50,loso_supervised_tpsscs_feature_hgb,learned_tpsscs_feature_ensemble,simWind_test.mat,simMed_test.mat
0.003,0.9445633822990797,1.0,0.0029918639617774116,25,65511,196,196,221,loso_supervised_tpsscs_feature_hgb_conservative_topk_strict_gt,simMed_test.mat,50,simMed_test.mat#50,loso_supervised_tpsscs_feature_hgb,learned_tpsscs_feature_ensemble,simWind_test.mat,simMed_test.mat
0.01,0.614931942352943,1.0,0.009998320892674512,25,65511,655,655,680,loso_supervised_tpsscs_feature_hgb_conservative_topk_strict_gt,simMed_test.mat,50,simMed_test.mat#50,loso_supervised_tpsscs_feature_hgb,learned_tpsscs_feature_ensemble,simWind_test.mat,simMed_test.mat
1e-05,0.9996847652608413,0.4375,0.0,16,65520,0,0,7,loso_supervised_tpsscs_feature_hgb_conservative_topk_strict_gt,simMed_test.mat,51,simMed_test.mat#51,loso_supervised_tpsscs_feature_hgb,learned_tpsscs_feature_ensemble,simWind_test.mat,simMed_test.mat
3e-05,0.9994979365821223,0.5625,1.5262515262515263e-05,16,65520,1,1,10,loso_supervised_tpsscs_feature_hgb_conservative_topk_strict_gt,simMed_test.mat,51,simMed_test.mat#51,loso_supervised_tpsscs_feature_hgb,learned_tpsscs_feature_ensemble,simWind_test.mat,simMed_test.mat
0.0001,0.9992197372880091,0.8125,9.157509157509158e-05,16,65520,6,6,19,loso_supervised_tpsscs_feature_hgb_conservative_topk_strict_gt,simMed_test.mat,51,simMed_test.mat#51,loso_supervised_tpsscs_feature_hgb,learned_tpsscs_feature_ensemble,simWind_test.mat,simMed_test.mat
0.0003,0.963382625218377,0.9375,0.00028998778998779,16,65520,19,19,34,loso_supervised_tpsscs_feature_hgb_conservative_topk_strict_gt,simMed_test.mat,51,simMed_test.mat#51,loso_supervised_tpsscs_feature_hgb,learned_tpsscs_feature_ensemble,simWind_test.mat,simMed_test.mat
0.001,0.809549458282563,0.9375,0.000992063492063492,16,65520,65,65,80,loso_supervised_tpsscs_feature_hgb_conservative_topk_strict_gt,simMed_test.mat,51,simMed_test.mat#51,loso_supervised_tpsscs_feature_hgb,learned_tpsscs_feature_ensemble,simWind_test.mat,simMed_test.mat
0.003,0.4898060798376056,0.9375,0.0029914529914529917,16,65520,196,196,211,loso_supervised_tpsscs_feature_hgb_conservative_topk_strict_gt,simMed_test.mat,51,simMed_test.mat#51,loso_supervised_tpsscs_feature_hgb,learned_tpsscs_feature_ensemble,simWind_test.mat,simMed_test.mat
0.01,0.18186225003997356,0.9375,0.009996947496947496,16,65520,655,655,670,loso_supervised_tpsscs_feature_hgb_conservative_topk_strict_gt,simMed_test.mat,51,simMed_test.mat#51,loso_supervised_tpsscs_feature_hgb,learned_tpsscs_feature_ensemble,simWind_test.mat,simMed_test.mat
1e-05,0.9996600393585101,0.6271186440677966,0.0,59,65477,0,0,37,loso_supervised_tpsscs_feature_hgb_conservative_topk_strict_gt,simMed_test.mat,52,simMed_test.mat#52,loso_supervised_tpsscs_feature_hgb,learned_tpsscs_feature_ensemble,simWind_test.mat,simMed_test.mat
3e-05,0.9996533131329984,0.6440677966101694,1.5272538448615544e-05,59,65477,1,1,39,loso_supervised_tpsscs_feature_hgb_conservative_topk_strict_gt,simMed_test.mat,52,simMed_test.mat#52,loso_supervised_tpsscs_feature_hgb,learned_tpsscs_feature_ensemble,simWind_test.mat,simMed_test.mat
0.0001,0.999303120338641,0.847457627118644,9.163523069169327e-05,59,65477,6,6,56,loso_supervised_tpsscs_feature_hgb_conservative_topk_strict_gt,simMed_test.mat,52,simMed_test.mat#52,loso_supervised_tpsscs_feature_hgb,learned_tpsscs_feature_ensemble,simWind_test.mat,simMed_test.mat
0.0003,0.9967752331578719,0.9491525423728814,0.00029017823052369533,59,65477,19,19,75,loso_supervised_tpsscs_feature_hgb_conservative_topk_strict_gt,simMed_test.mat,52,simMed_test.mat#52,loso_supervised_tpsscs_feature_hgb,learned_tpsscs_feature_ensemble,simWind_test.mat,simMed_test.mat
0.001,0.9671056993037394,1.0,0.0009927149991600104,59,65477,65,65,124,loso_supervised_tpsscs_feature_hgb_conservative_topk_strict_gt,simMed_test.mat,52,simMed_test.mat#52,loso_supervised_tpsscs_feature_hgb,learned_tpsscs_feature_ensemble,simWind_test.mat,simMed_test.mat
0.003,0.8287751027089404,1.0,0.002993417535928647,59,65477,196,196,255,loso_supervised_tpsscs_feature_hgb_conservative_topk_strict_gt,simMed_test.mat,52,simMed_test.mat#52,loso_supervised_tpsscs_feature_hgb,learned_tpsscs_feature_ensemble,simWind_test.mat,simMed_test.mat
0.01,0.5254304637773174,1.0,0.009988240145394567,59,65477,654,654,713,loso_supervised_tpsscs_feature_hgb_conservative_topk_strict_gt,simMed_test.mat,52,simMed_test.mat#52,loso_supervised_tpsscs_feature_hgb,learned_tpsscs_feature_ensemble,simWind_test.mat,simMed_test.mat
1e-05,0.9998013670424694,0.14285714285714285,0.0,49,65487,0,0,7,loso_supervised_tpsscs_feature_hgb_conservative_topk_strict_gt,simMed_test.mat,53,simMed_test.mat#53,loso_supervised_tpsscs_feature_hgb,learned_tpsscs_feature_ensemble,simWind_test.mat,simMed_test.mat
3e-05,0.999720554315164,0.42857142857142855,1.5270206300487118e-05,49,65487,1,1,22,loso_supervised_tpsscs_feature_hgb_conservative_topk_strict_gt,simMed_test.mat,53,simMed_test.mat#53,loso_supervised_tpsscs_feature_hgb,learned_tpsscs_feature_ensemble,simWind_test.mat,simMed_test.mat
0.0001,0.9995745265667184,0.6122448979591837,9.162123780292272e-05,49,65487,6,6,36,loso_supervised_tpsscs_feature_hgb_conservative_topk_strict_gt,simMed_test.mat,53,simMed_test.mat#53,loso_supervised_tpsscs_feature_hgb,learned_tpsscs_feature_ensemble,simWind_test.mat,simMed_test.mat
0.0003,0.9991186096281631,0.8571428571428571,0.0002901339197092553,49,65487,19,19,61,loso_supervised_tpsscs_feature_hgb_conservative_topk_strict_gt,simMed_test.mat,53,simMed_test.mat#53,loso_supervised_tpsscs_feature_hgb,learned_tpsscs_feature_ensemble,simWind_test.mat,simMed_test.mat
0.001,0.9951785041624449,0.9183673469387755,0.0009925634095316628,49,65487,65,65,110,loso_supervised_tpsscs_feature_hgb_conservative_topk_strict_gt,simMed_test.mat,53,simMed_test.mat#53,loso_supervised_tpsscs_feature_hgb,learned_tpsscs_feature_ensemble,simWind_test.mat,simMed_test.mat
0.003,0.959527839436781,0.9387755102040817,0.0029929604348954753,49,65487,196,196,242,loso_supervised_tpsscs_feature_hgb_conservative_topk_strict_gt,simMed_test.mat,53,simMed_test.mat#53,loso_supervised_tpsscs_feature_hgb,learned_tpsscs_feature_ensemble,simWind_test.mat,simMed_test.mat
0.01,0.7166076982959938,0.9795918367346939,0.009986714920518577,49,65487,654,654,702,loso_supervised_tpsscs_feature_hgb_conservative_topk_strict_gt,simMed_test.mat,53,simMed_test.mat#53,loso_supervised_tpsscs_feature_hgb,learned_tpsscs_feature_ensemble,simWind_test.mat,simMed_test.mat
1e-05,0.9997333046395911,0.16666666666666666,0.0,36,65500,0,0,6,loso_supervised_tpsscs_feature_hgb_conservative_topk_strict_gt,simMed_test.mat,54,simMed_test.mat#54,loso_supervised_tpsscs_feature_hgb,learned_tpsscs_feature_ensemble,simWind_test.mat,simMed_test.mat
3e-05,0.9996349569089925,0.3611111111111111,1.5267175572519083e-05,36,65500,1,1,14,loso_supervised_tpsscs_feature_hgb_conservative_topk_strict_gt,simMed_test.mat,54,simMed_test.mat#54,loso_supervised_tpsscs_feature_hgb,learned_tpsscs_feature_ensemble,simWind_test.mat,simMed_test.mat
0.0001,0.9988006700584772,0.5833333333333334,9.16030534351145e-05,36,65500,6,6,27,loso_supervised_tpsscs_feature_hgb_conservative_topk_strict_gt,simMed_test.mat,54,simMed_test.mat#54,loso_supervised_tpsscs_feature_hgb,learned_tpsscs_feature_ensemble,simWind_test.mat,simMed_test.mat
0.0003,0.9960971470406588,0.7222222222222222,0.0002900763358778626,36,65500,19,19,45,loso_supervised_tpsscs_feature_hgb_conservative_topk_strict_gt,simMed_test.mat,54,simMed_test.mat#54,loso_supervised_tpsscs_feature_hgb,learned_tpsscs_feature_ensemble,simWind_test.mat,simMed_test.mat
0.001,0.9609137186071154,0.8888888888888888,0.0009923664122137405,36,65500,65,65,97,loso_supervised_tpsscs_feature_hgb_conservative_topk_strict_gt,simMed_test.mat,54,simMed_test.mat#54,loso_supervised_tpsscs_feature_hgb,learned_tpsscs_feature_ensemble,simWind_test.mat,simMed_test.mat
0.003,0.7500514198658254,0.9444444444444444,0.0029923664122137403,36,65500,196,196,230,loso_supervised_tpsscs_feature_hgb_conservative_topk_strict_gt,simMed_test.mat,54,simMed_test.mat#54,loso_supervised_tpsscs_feature_hgb,learned_tpsscs_feature_ensemble,simWind_test.mat,simMed_test.mat
0.01,0.31250833150395757,0.9722222222222222,0.01,36,65500,655,655,690,loso_supervised_tpsscs_feature_hgb_conservative_topk_strict_gt,simMed_test.mat,54,simMed_test.mat#54,loso_supervised_tpsscs_feature_hgb,learned_tpsscs_feature_ensemble,simWind_test.mat,simMed_test.mat
1e-05,0.9996354971610184,0.4166666666666667,0.0,24,65512,0,0,10,loso_supervised_tpsscs_feature_hgb_conservative_topk_strict_gt,simMed_test.mat,55,simMed_test.mat#55,loso_supervised_tpsscs_feature_hgb,learned_tpsscs_feature_ensemble,simWind_test.mat,simMed_test.mat
3e-05,0.9993625733653394,0.5833333333333334,1.5264379045060447e-05,24,65512,1,1,15,loso_supervised_tpsscs_feature_hgb_conservative_topk_strict_gt,simMed_test.mat,55,simMed_test.mat#55,loso_supervised_tpsscs_feature_hgb,learned_tpsscs_feature_ensemble,simWind_test.mat,simMed_test.mat
0.0001,0.9981891377410091,0.7083333333333334,9.158627427036269e-05,24,65512,6,6,23,loso_supervised_tpsscs_feature_hgb_conservative_topk_strict_gt,simMed_test.mat,55,simMed_test.mat#55,loso_supervised_tpsscs_feature_hgb,learned_tpsscs_feature_ensemble,simWind_test.mat,simMed_test.mat
0.0003,0.9935506571106277,0.7916666666666666,0.0002900232018561485,24,65512,19,19,38,loso_supervised_tpsscs_feature_hgb_conservative_topk_strict_gt,simMed_test.mat,55,simMed_test.mat#55,loso_supervised_tpsscs_feature_hgb,learned_tpsscs_feature_ensemble,simWind_test.mat,simMed_test.mat
0.001,0.9576285824102139,0.8333333333333334,0.000992184637928929,24,65512,65,65,85,loso_supervised_tpsscs_feature_hgb_conservative_topk_strict_gt,simMed_test.mat,55,simMed_test.mat#55,loso_supervised_tpsscs_feature_hgb,learned_tpsscs_feature_ensemble,simWind_test.mat,simMed_test.mat
0.003,0.7888402093190402,0.875,0.0029918182928318476,24,65512,196,196,217,loso_supervised_tpsscs_feature_hgb_conservative_topk_strict_gt,simMed_test.mat,55,simMed_test.mat#55,loso_supervised_tpsscs_feature_hgb,learned_tpsscs_feature_ensemble,simWind_test.mat,simMed_test.mat
0.01,0.3786368215440328,0.9583333333333334,0.009998168274514593,24,65512,655,655,678,loso_supervised_tpsscs_feature_hgb_conservative_topk_strict_gt,simMed_test.mat,55,simMed_test.mat#55,loso_supervised_tpsscs_feature_hgb,learned_tpsscs_feature_ensemble,simWind_test.mat,simMed_test.mat
1e-05,0.9997883102419877,0.21052631578947367,0.0,19,65517,0,0,4,loso_supervised_tpsscs_feature_hgb_conservative_topk_strict_gt,simMed_test.mat,56,simMed_test.mat#56,loso_supervised_tpsscs_feature_hgb,learned_tpsscs_feature_ensemble,simWind_test.mat,simMed_test.mat
3e-05,0.9996691927875037,0.5789473684210527,1.5263214127630997e-05,19,65517,1,1,12,loso_supervised_tpsscs_feature_hgb_conservative_topk_strict_gt,simMed_test.mat,56,simMed_test.mat#56,loso_supervised_tpsscs_feature_hgb,learned_tpsscs_feature_ensemble,simWind_test.mat,simMed_test.mat
0.0001,0.9993012702035999,0.7894736842105263,9.157928476578598e-05,19,65517,6,6,21,loso_supervised_tpsscs_feature_hgb_conservative_topk_strict_gt,simMed_test.mat,56,simMed_test.mat#56,loso_supervised_tpsscs_feature_hgb,learned_tpsscs_feature_ensemble,simWind_test.mat,simMed_test.mat
0.0003,0.9865113874195203,0.8947368421052632,0.00029000106842498895,19,65517,19,19,36,loso_supervised_tpsscs_feature_hgb_conservative_topk_strict_gt,simMed_test.mat,56,simMed_test.mat#56,loso_supervised_tpsscs_feature_hgb,learned_tpsscs_feature_ensemble,simWind_test.mat,simMed_test.mat
0.001,0.9422829710332453,0.8947368421052632,0.0009921089182960148,19,65517,65,65,82,loso_supervised_tpsscs_feature_hgb_conservative_topk_strict_gt,simMed_test.mat,56,simMed_test.mat#56,loso_supervised_tpsscs_feature_hgb,learned_tpsscs_feature_ensemble,simWind_test.mat,simMed_test.mat
0.003,0.7400033742335037,0.9473684210526315,0.0029915899690156752,19,65517,196,196,214,loso_supervised_tpsscs_feature_hgb_conservative_topk_strict_gt,simMed_test.mat,56,simMed_test.mat#56,loso_supervised_tpsscs_feature_hgb,learned_tpsscs_feature_ensemble,simWind_test.mat,simMed_test.mat
0.01,0.3640187469446841,1.0,0.009997405253598303,19,65517,655,655,674,loso_supervised_tpsscs_feature_hgb_conservative_topk_strict_gt,simMed_test.mat,56,simMed_test.mat#56,loso_supervised_tpsscs_feature_hgb,learned_tpsscs_feature_ensemble,simWind_test.mat,simMed_test.mat
1e-05,0.9997662678465902,0.28205128205128205,0.0,39,65497,0,0,11,loso_supervised_tpsscs_feature_hgb_conservative_topk_strict_gt,simMed_test.mat,59,simMed_test.mat#59,loso_supervised_tpsscs_feature_hgb,learned_tpsscs_feature_ensemble,simWind_test.mat,simMed_test.mat
3e-05,0.9997487544458079,0.3076923076923077,1.526787486449761e-05,39,65497,1,1,13,loso_supervised_tpsscs_feature_hgb_conservative_topk_strict_gt,simMed_test.mat,59,simMed_test.mat#59,loso_supervised_tpsscs_feature_hgb,learned_tpsscs_feature_ensemble,simWind_test.mat,simMed_test.mat
0.0001,0.9994461729502716,0.717948717948718,9.160724918698567e-05,39,65497,6,6,34,loso_supervised_tpsscs_feature_hgb_conservative_topk_strict_gt,simMed_test.mat,59,simMed_test.mat#59,loso_supervised_tpsscs_feature_hgb,learned_tpsscs_feature_ensemble,simWind_test.mat,simMed_test.mat
0.0003,0.9969779957562359,0.8974358974358975,0.0002900896224254546,39,65497,19,19,54,loso_supervised_tpsscs_feature_hgb_conservative_topk_strict_gt,simMed_test.mat,59,simMed_test.mat#59,loso_supervised_tpsscs_feature_hgb,learned_tpsscs_feature_ensemble,simWind_test.mat,simMed_test.mat
0.001,0.929488856295192,0.9230769230769231,0.0009924118661923447,39,65497,65,65,101,loso_supervised_tpsscs_feature_hgb_conservative_topk_strict_gt,simMed_test.mat,59,simMed_test.mat#59,loso_supervised_tpsscs_feature_hgb,learned_tpsscs_feature_ensemble,simWind_test.mat,simMed_test.mat
0.003,0.773801877173463,0.9743589743589743,0.0029925034734415317,39,65497,196,196,234,loso_supervised_tpsscs_feature_hgb_conservative_topk_strict_gt,simMed_test.mat,59,simMed_test.mat#59,loso_supervised_tpsscs_feature_hgb,learned_tpsscs_feature_ensemble,simWind_test.mat,simMed_test.mat
0.01,0.2979253679304355,1.0,0.009985190161381437,39,65497,654,654,693,loso_supervised_tpsscs_feature_hgb_conservative_topk_strict_gt,simMed_test.mat,59,simMed_test.mat#59,loso_supervised_tpsscs_feature_hgb,learned_tpsscs_feature_ensemble,simWind_test.mat,simMed_test.mat
1e-05,0.9997142941660143,0.37254901960784315,0.0,51,65485,0,0,19,loso_supervised_tpsscs_feature_hgb_conservative_topk_strict_gt,simMed_test.mat,61,simMed_test.mat#61,loso_supervised_tpsscs_feature_hgb,learned_tpsscs_feature_ensemble,simWind_test.mat,simMed_test.mat
3e-05,0.999659823934731,0.47058823529411764,1.527067267313125e-05,51,65485,1,1,25,loso_supervised_tpsscs_feature_hgb_conservative_topk_strict_gt,simMed_test.mat,61,simMed_test.mat#61,loso_supervised_tpsscs_feature_hgb,learned_tpsscs_feature_ensemble,simWind_test.mat,simMed_test.mat
0.0001,0.9994664191749334,0.6862745098039216,9.16240360387875e-05,51,65485,6,6,41,loso_supervised_tpsscs_feature_hgb_conservative_topk_strict_gt,simMed_test.mat,61,simMed_test.mat#61,loso_supervised_tpsscs_feature_hgb,learned_tpsscs_feature_ensemble,simWind_test.mat,simMed_test.mat
0.0003,0.998332843579624,0.9019607843137255,0.0002901427807894938,51,65485,19,19,65,loso_supervised_tpsscs_feature_hgb_conservative_topk_strict_gt,simMed_test.mat,61,simMed_test.mat#61,loso_supervised_tpsscs_feature_hgb,learned_tpsscs_feature_ensemble,simWind_test.mat,simMed_test.mat
0.001,0.9901299709248361,0.9803921568627451,0.0009925937237535314,51,65485,65,65,115,loso_supervised_tpsscs_feature_hgb_conservative_topk_strict_gt,simMed_test.mat,61,simMed_test.mat#61,loso_supervised_tpsscs_feature_hgb,learned_tpsscs_feature_ensemble,simWind_test.mat,simMed_test.mat
0.003,0.9465063033458945,0.9803921568627451,0.0029930518439337255,51,65485,196,196,246,loso_supervised_tpsscs_feature_hgb_conservative_topk_strict_gt,simMed_test.mat,61,simMed_test.mat#61,loso_supervised_tpsscs_feature_hgb,learned_tpsscs_feature_ensemble,simWind_test.mat,simMed_test.mat
0.01,0.6551025620077814,1.0,0.009987019928227838,51,65485,654,654,705,loso_supervised_tpsscs_feature_hgb_conservative_topk_strict_gt,simMed_test.mat,61,simMed_test.mat#61,loso_supervised_tpsscs_feature_hgb,learned_tpsscs_feature_ensemble,simWind_test.mat,simMed_test.mat
1e-05,0.9990433807828263,0.34615384615384615,0.0,26,65510,0,0,9,loso_supervised_tpsscs_feature_hgb_conservative_topk_strict_gt,simMed_test.mat,62,simMed_test.mat#62,loso_supervised_tpsscs_feature_hgb,learned_tpsscs_feature_ensemble,simWind_test.mat,simMed_test.mat
3e-05,0.9976287098159138,0.4230769230769231,1.5264845061822624e-05,26,65510,1,1,12,loso_supervised_tpsscs_feature_hgb_conservative_topk_strict_gt,simMed_test.mat,62,simMed_test.mat#62,loso_supervised_tpsscs_feature_hgb,learned_tpsscs_feature_ensemble,simWind_test.mat,simMed_test.mat
0.0001,0.9941968430600708,0.5384615384615384,9.158907037093573e-05,26,65510,6,6,20,loso_supervised_tpsscs_feature_hgb_conservative_topk_strict_gt,simMed_test.mat,62,simMed_test.mat#62,loso_supervised_tpsscs_feature_hgb,learned_tpsscs_feature_ensemble,simWind_test.mat,simMed_test.mat
0.0003,0.9820816851432387,0.6153846153846154,0.00029003205617462985,26,65510,19,19,35,loso_supervised_tpsscs_feature_hgb_conservative_topk_strict_gt,simMed_test.mat,62,simMed_test.mat#62,loso_supervised_tpsscs_feature_hgb,learned_tpsscs_feature_ensemble,simWind_test.mat,simMed_test.mat
0.001,0.885529430281317,0.7307692307692307,0.0009922149290184704,26,65510,65,65,84,loso_supervised_tpsscs_feature_hgb_conservative_topk_strict_gt,simMed_test.mat,62,simMed_test.mat#62,loso_supervised_tpsscs_feature_hgb,learned_tpsscs_feature_ensemble,simWind_test.mat,simMed_test.mat
0.003,0.6839426214707736,0.8076923076923077,0.002991909632117234,26,65510,196,196,217,loso_supervised_tpsscs_feature_hgb_conservative_topk_strict_gt,simMed_test.mat,62,simMed_test.mat#62,loso_supervised_tpsscs_feature_hgb,learned_tpsscs_feature_ensemble,simWind_test.mat,simMed_test.mat
0.01,0.2559558941828917,0.8461538461538461,0.009998473515493819,26,65510,655,655,677,loso_supervised_tpsscs_feature_hgb_conservative_topk_strict_gt,simMed_test.mat,62,simMed_test.mat#62,loso_supervised_tpsscs_feature_hgb,learned_tpsscs_feature_ensemble,simWind_test.mat,simMed_test.mat
1e-05,0.9997693420488931,0.2413793103448276,0.0,58,65478,0,0,14,loso_supervised_tpsscs_feature_hgb_conservative_topk_strict_gt,simMed_test.mat,63,simMed_test.mat#63,loso_supervised_tpsscs_feature_hgb,learned_tpsscs_feature_ensemble,simWind_test.mat,simMed_test.mat
3e-05,0.9996583085408304,0.5689655172413793,1.527230520174715e-05,58,65478,1,1,34,loso_supervised_tpsscs_feature_hgb_conservative_topk_strict_gt,simMed_test.mat,63,simMed_test.mat#63,loso_supervised_tpsscs_feature_hgb,learned_tpsscs_feature_ensemble,simWind_test.mat,simMed_test.mat
0.0001,0.9995170327655564,0.7586206896551724,9.163383121048291e-05,58,65478,6,6,50,loso_supervised_tpsscs_feature_hgb_conservative_topk_strict_gt,simMed_test.mat,63,simMed_test.mat#63,loso_supervised_tpsscs_feature_hgb,learned_tpsscs_feature_ensemble,simWind_test.mat,simMed_test.mat
0.0003,0.9983088379603651,0.9310344827586207,0.0002901737988331959,58,65478,19,19,73,loso_supervised_tpsscs_feature_hgb_conservative_topk_strict_gt,simMed_test.mat,63,simMed_test.mat#63,loso_supervised_tpsscs_feature_hgb,learned_tpsscs_feature_ensemble,simWind_test.mat,simMed_test.mat
0.001,0.9839232963061424,1.0,0.0009926998381135648,58,65478,65,65,123,loso_supervised_tpsscs_feature_hgb_conservative_topk_strict_gt,simMed_test.mat,63,simMed_test.mat#63,loso_supervised_tpsscs_feature_hgb,learned_tpsscs_feature_ensemble,simWind_test.mat,simMed_test.mat
0.003,0.8815372565343745,1.0,0.0029933718195424416,58,65478,196,196,254,loso_supervised_tpsscs_feature_hgb_conservative_topk_strict_gt,simMed_test.mat,63,simMed_test.mat#63,loso_supervised_tpsscs_feature_hgb,learned_tpsscs_feature_ensemble,simWind_test.mat,simMed_test.mat
0.01,0.5284317112989183,1.0,0.009988087601942638,58,65478,654,654,712,loso_supervised_tpsscs_feature_hgb_conservative_topk_strict_gt,simMed_test.mat,63,simMed_test.mat#63,loso_supervised_tpsscs_feature_hgb,learned_tpsscs_feature_ensemble,simWind_test.mat,simMed_test.mat
1e-05,0.9996379741742457,0.4375,0.0,16,65520,0,0,7,loso_supervised_tpsscs_feature_hgb_conservative_topk_strict_gt,simMed_test.mat,64,simMed_test.mat#64,loso_supervised_tpsscs_feature_hgb,learned_tpsscs_feature_ensemble,simWind_test.mat,simMed_test.mat
3e-05,0.9995979163792817,0.5625,1.5262515262515263e-05,16,65520,1,1,10,loso_supervised_tpsscs_feature_hgb_conservative_topk_strict_gt,simMed_test.mat,64,simMed_test.mat#64,loso_supervised_tpsscs_feature_hgb,learned_tpsscs_feature_ensemble,simWind_test.mat,simMed_test.mat
0.0001,0.9984872754240339,0.6875,9.157509157509158e-05,16,65520,6,6,17,loso_supervised_tpsscs_feature_hgb_conservative_topk_strict_gt,simMed_test.mat,64,simMed_test.mat#64,loso_supervised_tpsscs_feature_hgb,learned_tpsscs_feature_ensemble,simWind_test.mat,simMed_test.mat
0.0003,0.9884880340155553,0.875,0.00028998778998779,16,65520,19,19,33,loso_supervised_tpsscs_feature_hgb_conservative_topk_strict_gt,simMed_test.mat,64,simMed_test.mat#64,loso_supervised_tpsscs_feature_hgb,learned_tpsscs_feature_ensemble,simWind_test.mat,simMed_test.mat
0.001,0.9602748796182374,0.875,0.000992063492063492,16,65520,65,65,79,loso_supervised_tpsscs_feature_hgb_conservative_topk_strict_gt,simMed_test.mat,64,simMed_test.mat#64,loso_supervised_tpsscs_feature_hgb,learned_tpsscs_feature_ensemble,simWind_test.mat,simMed_test.mat
0.003,0.815368336859362,0.875,0.0029914529914529917,16,65520,196,196,210,loso_supervised_tpsscs_feature_hgb_conservative_topk_strict_gt,simMed_test.mat,64,simMed_test.mat#64,loso_supervised_tpsscs_feature_hgb,learned_tpsscs_feature_ensemble,simWind_test.mat,simMed_test.mat
0.01,0.45691850525544647,0.875,0.009996947496947496,16,65520,655,655,669,loso_supervised_tpsscs_feature_hgb_conservative_topk_strict_gt,simMed_test.mat,64,simMed_test.mat#64,loso_supervised_tpsscs_feature_hgb,learned_tpsscs_feature_ensemble,simWind_test.mat,simMed_test.mat
1e-05,0.9996454314932134,0.3333333333333333,0.0,30,65506,0,0,10,loso_supervised_tpsscs_feature_hgb_conservative_topk_strict_gt,simMed_test.mat,65,simMed_test.mat#65,loso_supervised_tpsscs_feature_hgb,learned_tpsscs_feature_ensemble,simWind_test.mat,simMed_test.mat
3e-05,0.9993756804623704,0.5666666666666667,1.526577718071627e-05,30,65506,1,1,18,loso_supervised_tpsscs_feature_hgb_conservative_topk_strict_gt,simMed_test.mat,65,simMed_test.mat#65,loso_supervised_tpsscs_feature_hgb,learned_tpsscs_feature_ensemble,simWind_test.mat,simMed_test.mat
0.0001,0.9989352108270906,0.6666666666666666,9.159466308429762e-05,30,65506,6,6,26,loso_supervised_tpsscs_feature_hgb_conservative_topk_strict_gt,simMed_test.mat,65,simMed_test.mat#65,loso_supervised_tpsscs_feature_hgb,learned_tpsscs_feature_ensemble,simWind_test.mat,simMed_test.mat
0.0003,0.9933148842894791,0.9,0.00029004976643360914,30,65506,19,19,46,loso_supervised_tpsscs_feature_hgb_conservative_topk_strict_gt,simMed_test.mat,65,simMed_test.mat#65,loso_supervised_tpsscs_feature_hgb,learned_tpsscs_feature_ensemble,simWind_test.mat,simMed_test.mat
0.001,0.931362760692923,0.9333333333333333,0.0009922755167465576,30,65506,65,65,93,loso_supervised_tpsscs_feature_hgb_conservative_topk_strict_gt,simMed_test.mat,65,simMed_test.mat#65,loso_supervised_tpsscs_feature_hgb,learned_tpsscs_feature_ensemble,simWind_test.mat,simMed_test.mat
0.003,0.6567899115340015,0.9666666666666667,0.002992092327420389,30,65506,196,196,225,loso_supervised_tpsscs_feature_hgb_conservative_topk_strict_gt,simMed_test.mat,65,simMed_test.mat#65,loso_supervised_tpsscs_feature_hgb,learned_tpsscs_feature_ensemble,simWind_test.mat,simMed_test.mat
0.01,0.21587506133963016,0.9666666666666667,0.009999084053369156,30,65506,655,655,684,loso_supervised_tpsscs_feature_hgb_conservative_topk_strict_gt,simMed_test.mat,65,simMed_test.mat#65,loso_supervised_tpsscs_feature_hgb,learned_tpsscs_feature_ensemble,simWind_test.mat,simMed_test.mat
1e-05,0.9996748888074138,0.25,0.0,44,65492,0,0,11,loso_supervised_tpsscs_feature_hgb_conservative_topk_strict_gt,simMed_test.mat,67,simMed_test.mat#67,loso_supervised_tpsscs_feature_hgb,learned_tpsscs_feature_ensemble,simWind_test.mat,simMed_test.mat
3e-05,0.9996530757140428,0.25,1.526904049349539e-05,44,65492,1,1,12,loso_supervised_tpsscs_feature_hgb_conservative_topk_strict_gt,simMed_test.mat,67,simMed_test.mat#67,loso_supervised_tpsscs_feature_hgb,learned_tpsscs_feature_ensemble,simWind_test.mat,simMed_test.mat
0.0001,0.9993794873048281,0.45454545454545453,9.161424296097234e-05,44,65492,6,6,26,loso_supervised_tpsscs_feature_hgb_conservative_topk_strict_gt,simMed_test.mat,67,simMed_test.mat#67,loso_supervised_tpsscs_feature_hgb,learned_tpsscs_feature_ensemble,simWind_test.mat,simMed_test.mat
0.0003,0.9970100647452279,0.6818181818181818,0.00029011176937641237,44,65492,19,19,49,loso_supervised_tpsscs_feature_hgb_conservative_topk_strict_gt,simMed_test.mat,67,simMed_test.mat#67,loso_supervised_tpsscs_feature_hgb,learned_tpsscs_feature_ensemble,simWind_test.mat,simMed_test.mat
0.001,0.9610757906772912,0.8863636363636364,0.0009924876320772003,44,65492,65,65,104,loso_supervised_tpsscs_feature_hgb_conservative_topk_strict_gt,simMed_test.mat,67,simMed_test.mat#67,loso_supervised_tpsscs_feature_hgb,learned_tpsscs_feature_ensemble,simWind_test.mat,simMed_test.mat
0.003,0.7113545615132227,0.9772727272727273,0.002992731936725096,44,65492,196,196,239,loso_supervised_tpsscs_feature_hgb_conservative_topk_strict_gt,simMed_test.mat,67,simMed_test.mat#67,loso_supervised_tpsscs_feature_hgb,learned_tpsscs_feature_ensemble,simWind_test.mat,simMed_test.mat
0.01,0.26029614666011336,1.0,0.009985952482745985,44,65492,654,654,698,loso_supervised_tpsscs_feature_hgb_conservative_topk_strict_gt,simMed_test.mat,67,simMed_test.mat#67,loso_supervised_tpsscs_feature_hgb,learned_tpsscs_feature_ensemble,simWind_test.mat,simMed_test.mat
1e-05,0.9996297550786765,0.1951219512195122,0.0,41,65495,0,0,8,loso_supervised_tpsscs_feature_hgb_conservative_topk_strict_gt,simMed_test.mat,69,simMed_test.mat#69,loso_supervised_tpsscs_feature_hgb,learned_tpsscs_feature_ensemble,simWind_test.mat,simMed_test.mat
3e-05,0.9995072984834235,0.2926829268292683,1.5268341094740055e-05,41,65495,1,1,13,loso_supervised_tpsscs_feature_hgb_conservative_topk_strict_gt,simMed_test.mat,69,simMed_test.mat#69,loso_supervised_tpsscs_feature_hgb,learned_tpsscs_feature_ensemble,simWind_test.mat,simMed_test.mat
0.0001,0.9983842421282538,0.5365853658536586,9.161004656844033e-05,41,65495,6,6,28,loso_supervised_tpsscs_feature_hgb_conservative_topk_strict_gt,simMed_test.mat,69,simMed_test.mat#69,loso_supervised_tpsscs_feature_hgb,learned_tpsscs_feature_ensemble,simWind_test.mat,simMed_test.mat
0.0003,0.9967488302801442,0.5609756097560976,0.0002900984808000611,41,65495,19,19,42,loso_supervised_tpsscs_feature_hgb_conservative_topk_strict_gt,simMed_test.mat,69,simMed_test.mat#69,loso_supervised_tpsscs_feature_hgb,learned_tpsscs_feature_ensemble,simWind_test.mat,simMed_test.mat
0.001,0.9650950098045087,0.8292682926829268,0.0009924421711581036,41,65495,65,65,99,loso_supervised_tpsscs_feature_hgb_conservative_topk_strict_gt,simMed_test.mat,69,simMed_test.mat#69,loso_supervised_tpsscs_feature_hgb,learned_tpsscs_feature_ensemble,simWind_test.mat,simMed_test.mat
0.003,0.8415838691448579,0.8536585365853658,0.0029925948545690513,41,65495,196,196,231,loso_supervised_tpsscs_feature_hgb_conservative_topk_strict_gt,simMed_test.mat,69,simMed_test.mat#69,loso_supervised_tpsscs_feature_hgb,learned_tpsscs_feature_ensemble,simWind_test.mat,simMed_test.mat
0.01,0.3761296158569852,0.975609756097561,0.009985495075959997,41,65495,654,654,694,loso_supervised_tpsscs_feature_hgb_conservative_topk_strict_gt,simMed_test.mat,69,simMed_test.mat#69,loso_supervised_tpsscs_feature_hgb,learned_tpsscs_feature_ensemble,simWind_test.mat,simMed_test.mat
1e-05,0.9997452870497631,0.4418604651162791,0.0,43,65493,0,0,19,loso_supervised_tpsscs_feature_hgb_conservative_topk_strict_gt,simMed_test.mat,70,simMed_test.mat#70,loso_supervised_tpsscs_feature_hgb,learned_tpsscs_feature_ensemble,simWind_test.mat,simMed_test.mat
3e-05,0.9997160695450523,0.5581395348837209,1.526880735345762e-05,43,65493,1,1,25,loso_supervised_tpsscs_feature_hgb_conservative_topk_strict_gt,simMed_test.mat,70,simMed_test.mat#70,loso_supervised_tpsscs_feature_hgb,learned_tpsscs_feature_ensemble,simWind_test.mat,simMed_test.mat
0.0001,0.9994152942588005,0.8372093023255814,9.161284412074573e-05,43,65493,6,6,42,loso_supervised_tpsscs_feature_hgb_conservative_topk_strict_gt,simMed_test.mat,70,simMed_test.mat#70,loso_supervised_tpsscs_feature_hgb,learned_tpsscs_feature_ensemble,simWind_test.mat,simMed_test.mat
0.0003,0.9979172328235116,0.9534883720930233,0.0002901073397156948,43,65493,19,19,60,loso_supervised_tpsscs_feature_hgb_conservative_topk_strict_gt,simMed_test.mat,70,simMed_test.mat#70,loso_supervised_tpsscs_feature_hgb,learned_tpsscs_feature_ensemble,simWind_test.mat,simMed_test.mat
0.001,0.9789093472073954,0.9767441860465116,0.0009924724779747454,43,65493,65,65,107,loso_supervised_tpsscs_feature_hgb_conservative_topk_strict_gt,simMed_test.mat,70,simMed_test.mat#70,loso_supervised_tpsscs_feature_hgb,learned_tpsscs_feature_ensemble,simWind_test.mat,simMed_test.mat
0.003,0.8663591966832734,1.0,0.0029926862412776936,43,65493,196,196,239,loso_supervised_tpsscs_feature_hgb_conservative_topk_strict_gt,simMed_test.mat,70,simMed_test.mat#70,loso_supervised_tpsscs_feature_hgb,learned_tpsscs_feature_ensemble,simWind_test.mat,simMed_test.mat
0.01,0.5602259355083059,1.0,0.009985800009161284,43,65493,654,654,697,loso_supervised_tpsscs_feature_hgb_conservative_topk_strict_gt,simMed_test.mat,70,simMed_test.mat#70,loso_supervised_tpsscs_feature_hgb,learned_tpsscs_feature_ensemble,simWind_test.mat,simMed_test.mat
1e-05,0.9996905157861303,0.0,0.0,27,65509,0,0,0,loso_supervised_tpsscs_feature_hgb_conservative_topk_strict_gt,simMed_test.mat,71,simMed_test.mat#71,loso_supervised_tpsscs_feature_hgb,learned_tpsscs_feature_ensemble,simWind_test.mat,simMed_test.mat
3e-05,0.9994468746022517,0.07407407407407407,1.5265078080874384e-05,27,65509,1,1,3,loso_supervised_tpsscs_feature_hgb_conservative_topk_strict_gt,simMed_test.mat,71,simMed_test.mat#71,loso_supervised_tpsscs_feature_hgb,learned_tpsscs_feature_ensemble,simWind_test.mat,simMed_test.mat
0.0001,0.9989136755547043,0.3333333333333333,9.15904684852463e-05,27,65509,6,6,15,loso_supervised_tpsscs_feature_hgb_conservative_topk_strict_gt,simMed_test.mat,71,simMed_test.mat#71,loso_supervised_tpsscs_feature_hgb,learned_tpsscs_feature_ensemble,simWind_test.mat,simMed_test.mat
0.0003,0.9803480554966506,0.48148148148148145,0.0002900364835366133,27,65509,19,19,32,loso_supervised_tpsscs_feature_hgb_conservative_topk_strict_gt,simMed_test.mat,71,simMed_test.mat#71,loso_supervised_tpsscs_feature_hgb,learned_tpsscs_feature_ensemble,simWind_test.mat,simMed_test.mat
0.001,0.8852855737941966,0.6296296296296297,0.000992230075256835,27,65509,65,65,82,loso_supervised_tpsscs_feature_hgb_conservative_topk_strict_gt,simMed_test.mat,71,simMed_test.mat#71,loso_supervised_tpsscs_feature_hgb,learned_tpsscs_feature_ensemble,simWind_test.mat,simMed_test.mat
0.003,0.6886652577131548,0.8148148148148148,0.002991955303851379,27,65509,196,196,218,loso_supervised_tpsscs_feature_hgb_conservative_topk_strict_gt,simMed_test.mat,71,simMed_test.mat#71,loso_supervised_tpsscs_feature_hgb,learned_tpsscs_feature_ensemble,simWind_test.mat,simMed_test.mat
0.01,0.2517140101889575,1.0,0.00999862614297272,27,65509,655,655,682,loso_supervised_tpsscs_feature_hgb_conservative_topk_strict_gt,simMed_test.mat,71,simMed_test.mat#71,loso_supervised_tpsscs_feature_hgb,learned_tpsscs_feature_ensemble,simWind_test.mat,simMed_test.mat
1e-05,0.9997320379193775,0.35135135135135137,0.0,37,65499,0,0,13,loso_supervised_tpsscs_feature_hgb_conservative_topk_strict_gt,simMed_test.mat,72,simMed_test.mat#72,loso_supervised_tpsscs_feature_hgb,learned_tpsscs_feature_ensemble,simWind_test.mat,simMed_test.mat
3e-05,0.9996737319124014,0.43243243243243246,1.5267408662727676e-05,37,65499,1,1,17,loso_supervised_tpsscs_feature_hgb_conservative_topk_strict_gt,simMed_test.mat,72,simMed_test.mat#72,loso_supervised_tpsscs_feature_hgb,learned_tpsscs_feature_ensemble,simWind_test.mat,simMed_test.mat
0.0001,0.999200698029764,0.7567567567567568,9.160445197636606e-05,37,65499,6,6,34,loso_supervised_tpsscs_feature_hgb_conservative_topk_strict_gt,simMed_test.mat,72,simMed_test.mat#72,loso_supervised_tpsscs_feature_hgb,learned_tpsscs_feature_ensemble,simWind_test.mat,simMed_test.mat
0.0003,0.9969892706439123,0.8648648648648649,0.00029008076459182585,37,65499,19,19,51,loso_supervised_tpsscs_feature_hgb_conservative_topk_strict_gt,simMed_test.mat,72,simMed_test.mat#72,loso_supervised_tpsscs_feature_hgb,learned_tpsscs_feature_ensemble,simWind_test.mat,simMed_test.mat
0.001,0.9725576918167788,0.8918918918918919,0.0009923815630772988,37,65499,65,65,98,loso_supervised_tpsscs_feature_hgb_conservative_topk_strict_gt,simMed_test.mat,72,simMed_test.mat#72,loso_supervised_tpsscs_feature_hgb,learned_tpsscs_feature_ensemble,simWind_test.mat,simMed_test.mat
0.003,0.8316987623457839,0.9459459459459459,0.0029924120978946245,37,65499,196,196,231,loso_supervised_tpsscs_feature_hgb_conservative_topk_strict_gt,simMed_test.mat,72,simMed_test.mat#72,loso_supervised_tpsscs_feature_hgb,learned_tpsscs_feature_ensemble,simWind_test.mat,simMed_test.mat
0.01,0.4224503447102649,1.0,0.009984885265423899,37,65499,654,654,691,loso_supervised_tpsscs_feature_hgb_conservative_topk_strict_gt,simMed_test.mat,72,simMed_test.mat#72,loso_supervised_tpsscs_feature_hgb,learned_tpsscs_feature_ensemble,simWind_test.mat,simMed_test.mat
1e-05,0.9997203988969964,0.11428571428571428,0.0,35,65501,0,0,4,loso_supervised_tpsscs_feature_hgb_conservative_topk_strict_gt,simMed_test.mat,74,simMed_test.mat#74,loso_supervised_tpsscs_feature_hgb,learned_tpsscs_feature_ensemble,simWind_test.mat,simMed_test.mat
3e-05,0.9994429659918376,0.5142857142857142,1.5266942489427644e-05,35,65501,1,1,19,loso_supervised_tpsscs_feature_hgb_conservative_topk_strict_gt,simMed_test.mat,74,simMed_test.mat#74,loso_supervised_tpsscs_feature_hgb,learned_tpsscs_feature_ensemble,simWind_test.mat,simMed_test.mat
0.0001,0.9986445377071023,0.6,9.160165493656586e-05,35,65501,6,6,27,loso_supervised_tpsscs_feature_hgb_conservative_topk_strict_gt,simMed_test.mat,74,simMed_test.mat#74,loso_supervised_tpsscs_feature_hgb,learned_tpsscs_feature_ensemble,simWind_test.mat,simMed_test.mat
0.0003,0.9961698914677994,0.6857142857142857,0.0002900719072991252,35,65501,19,19,43,loso_supervised_tpsscs_feature_hgb_conservative_topk_strict_gt,simMed_test.mat,74,simMed_test.mat#74,loso_supervised_tpsscs_feature_hgb,learned_tpsscs_feature_ensemble,simWind_test.mat,simMed_test.mat
0.001,0.9357735414498791,0.8,0.0009923512618127967,35,65501,65,65,93,loso_supervised_tpsscs_feature_hgb_conservative_topk_strict_gt,simMed_test.mat,74,simMed_test.mat#74,loso_supervised_tpsscs_feature_hgb,learned_tpsscs_feature_ensemble,simWind_test.mat,simMed_test.mat
0.003,0.6752058029416711,0.9428571428571428,0.002992320727927818,35,65501,196,196,229,loso_supervised_tpsscs_feature_hgb_conservative_topk_strict_gt,simMed_test.mat,74,simMed_test.mat#74,loso_supervised_tpsscs_feature_hgb,learned_tpsscs_feature_ensemble,simWind_test.mat,simMed_test.mat
0.01,0.21798977301829353,1.0,0.009999847330575106,35,65501,655,655,690,loso_supervised_tpsscs_feature_hgb_conservative_topk_strict_gt,simMed_test.mat,74,simMed_test.mat#74,loso_supervised_tpsscs_feature_hgb,learned_tpsscs_feature_ensemble,simWind_test.mat,simMed_test.mat
1e-05,0.9996730709832802,0.6666666666666666,0.0,60,65476,0,0,40,loso_supervised_tpsscs_feature_hgb_conservative_topk_strict_gt,simMed_test.mat,75,simMed_test.mat#75,loso_supervised_tpsscs_feature_hgb,learned_tpsscs_feature_ensemble,simWind_test.mat,simMed_test.mat
3e-05,0.99965518962011,0.6833333333333333,1.527277170260859e-05,60,65476,1,1,42,loso_supervised_tpsscs_feature_hgb_conservative_topk_strict_gt,simMed_test.mat,75,simMed_test.mat#75,loso_supervised_tpsscs_feature_hgb,learned_tpsscs_feature_ensemble,simWind_test.mat,simMed_test.mat
0.0001,0.9995947204736354,0.8166666666666667,9.163663021565153e-05,60,65476,6,6,55,loso_supervised_tpsscs_feature_hgb_conservative_topk_strict_gt,simMed_test.mat,75,simMed_test.mat#75,loso_supervised_tpsscs_feature_hgb,learned_tpsscs_feature_ensemble,simWind_test.mat,simMed_test.mat
0.0003,0.9987999642987647,0.95,0.0002901826623495632,60,65476,19,19,76,loso_supervised_tpsscs_feature_hgb_conservative_topk_strict_gt,simMed_test.mat,75,simMed_test.mat#75,loso_supervised_tpsscs_feature_hgb,learned_tpsscs_feature_ensemble,simWind_test.mat,simMed_test.mat
0.001,0.9846495319580654,1.0,0.0009927301606695582,60,65476,65,65,125,loso_supervised_tpsscs_feature_hgb_conservative_topk_strict_gt,simMed_test.mat,75,simMed_test.mat#75,loso_supervised_tpsscs_feature_hgb,learned_tpsscs_feature_ensemble,simWind_test.mat,simMed_test.mat
0.003,0.8989957560488143,1.0,0.0029934632537112833,60,65476,196,196,256,loso_supervised_tpsscs_feature_hgb_conservative_topk_strict_gt,simMed_test.mat,75,simMed_test.mat#75,loso_supervised_tpsscs_feature_hgb,learned_tpsscs_feature_ensemble,simWind_test.mat,simMed_test.mat
0.01,0.5817300692852728,1.0,0.009988392693506017,60,65476,654,654,714,loso_supervised_tpsscs_feature_hgb_conservative_topk_strict_gt,simMed_test.mat,75,simMed_test.mat#75,loso_supervised_tpsscs_feature_hgb,learned_tpsscs_feature_ensemble,simWind_test.mat,simMed_test.mat
1e-05,0.9997302761412423,0.14814814814814814,0.0,27,65509,0,0,4,loso_supervised_tpsscs_feature_hgb_conservative_topk_strict_gt,simMed_test.mat,76,simMed_test.mat#76,loso_supervised_tpsscs_feature_hgb,learned_tpsscs_feature_ensemble,simWind_test.mat,simMed_test.mat
3e-05,0.9996240144910841,0.2962962962962963,1.5265078080874384e-05,27,65509,1,1,9,loso_supervised_tpsscs_feature_hgb_conservative_topk_strict_gt,simMed_test.mat,76,simMed_test.mat#76,loso_supervised_tpsscs_feature_hgb,learned_tpsscs_feature_ensemble,simWind_test.mat,simMed_test.mat
0.0001,0.9993288734820357,0.4444444444444444,9.15904684852463e-05,27,65509,6,6,18,loso_supervised_tpsscs_feature_hgb_conservative_topk_strict_gt,simMed_test.mat,76,simMed_test.mat#76,loso_supervised_tpsscs_feature_hgb,learned_tpsscs_feature_ensemble,simWind_test.mat,simMed_test.mat
0.0003,0.9968035725091237,0.6666666666666666,0.0002900364835366133,27,65509,19,19,37,loso_supervised_tpsscs_feature_hgb_conservative_topk_strict_gt,simMed_test.mat,76,simMed_test.mat#76,loso_supervised_tpsscs_feature_hgb,learned_tpsscs_feature_ensemble,simWind_test.mat,simMed_test.mat
0.001,0.9836709857995528,0.8888888888888888,0.000992230075256835,27,65509,65,65,89,loso_supervised_tpsscs_feature_hgb_conservative_topk_strict_gt,simMed_test.mat,76,simMed_test.mat#76,loso_supervised_tpsscs_feature_hgb,learned_tpsscs_feature_ensemble,simWind_test.mat,simMed_test.mat
0.003,0.8953530868363332,0.8888888888888888,0.002991955303851379,27,65509,196,196,220,loso_supervised_tpsscs_feature_hgb_conservative_topk_strict_gt,simMed_test.mat,76,simMed_test.mat#76,loso_supervised_tpsscs_feature_hgb,learned_tpsscs_feature_ensemble,simWind_test.mat,simMed_test.mat
0.01,0.4844702337818432,0.9259259259259259,0.00999862614297272,27,65509,655,655,680,loso_supervised_tpsscs_feature_hgb_conservative_topk_strict_gt,simMed_test.mat,76,simMed_test.mat#76,loso_supervised_tpsscs_feature_hgb,learned_tpsscs_feature_ensemble,simWind_test.mat,simMed_test.mat
1e-05,0.9995446093896536,0.23809523809523808,0.0,63,65473,0,0,15,loso_supervised_tpsscs_feature_hgb_conservative_topk_strict_gt,simMed_test.mat,77,simMed_test.mat#77,loso_supervised_tpsscs_feature_hgb,learned_tpsscs_feature_ensemble,simWind_test.mat,simMed_test.mat
3e-05,0.9994901915938924,0.2857142857142857,1.5273471507338904e-05,63,65473,1,1,19,loso_supervised_tpsscs_feature_hgb_conservative_topk_strict_gt,simMed_test.mat,77,simMed_test.mat#77,loso_supervised_tpsscs_feature_hgb,learned_tpsscs_feature_ensemble,simWind_test.mat,simMed_test.mat
0.0001,0.999071209951947,0.42857142857142855,9.164082904403341e-05,63,65473,6,6,33,loso_supervised_tpsscs_feature_hgb_conservative_topk_strict_gt,simMed_test.mat,77,simMed_test.mat#77,loso_supervised_tpsscs_feature_hgb,learned_tpsscs_feature_ensemble,simWind_test.mat,simMed_test.mat
0.0003,0.9976629683756575,0.6031746031746031,0.00029019595863943913,63,65473,19,19,57,loso_supervised_tpsscs_feature_hgb_conservative_topk_strict_gt,simMed_test.mat,77,simMed_test.mat#77,loso_supervised_tpsscs_feature_hgb,learned_tpsscs_feature_ensemble,simWind_test.mat,simMed_test.mat
0.001,0.9851796781277908,0.6507936507936508,0.0009927756479770288,63,65473,65,65,106,loso_supervised_tpsscs_feature_hgb_conservative_topk_strict_gt,simMed_test.mat,77,simMed_test.mat#77,loso_supervised_tpsscs_feature_hgb,learned_tpsscs_feature_ensemble,simWind_test.mat,simMed_test.mat
0.003,0.9188277229611529,0.8253968253968254,0.002993600415438425,63,65473,196,196,248,loso_supervised_tpsscs_feature_hgb_conservative_topk_strict_gt,simMed_test.mat,77,simMed_test.mat#77,loso_supervised_tpsscs_feature_hgb,learned_tpsscs_feature_ensemble,simWind_test.mat,simMed_test.mat
0.01,0.5684560718821031,0.9047619047619048,0.009988850365799643,63,65473,654,654,711,loso_supervised_tpsscs_feature_hgb_conservative_topk_strict_gt,simMed_test.mat,77,simMed_test.mat#77,loso_supervised_tpsscs_feature_hgb,learned_tpsscs_feature_ensemble,simWind_test.mat,simMed_test.mat
1e-05,0.9997426620988943,0.04,0.0,25,65511,0,0,1,loso_supervised_tpsscs_feature_hgb_conservative_topk_strict_gt,simMed_test.mat,78,simMed_test.mat#78,loso_supervised_tpsscs_feature_hgb,learned_tpsscs_feature_ensemble,simWind_test.mat,simMed_test.mat
3e-05,0.999515661930595,0.36,1.526461204988475e-05,25,65511,1,1,10,loso_supervised_tpsscs_feature_hgb_conservative_topk_strict_gt,simMed_test.mat,78,simMed_test.mat#78,loso_supervised_tpsscs_feature_hgb,learned_tpsscs_feature_ensemble,simWind_test.mat,simMed_test.mat
0.0001,0.9993686455838872,0.52,9.158767229930851e-05,25,65511,6,6,19,loso_supervised_tpsscs_feature_hgb_conservative_topk_strict_gt,simMed_test.mat,78,simMed_test.mat#78,loso_supervised_tpsscs_feature_hgb,learned_tpsscs_feature_ensemble,simWind_test.mat,simMed_test.mat
0.0003,0.9962052794600182,0.64,0.0002900276289478103,25,65511,19,19,35,loso_supervised_tpsscs_feature_hgb_conservative_topk_strict_gt,simMed_test.mat,78,simMed_test.mat#78,loso_supervised_tpsscs_feature_hgb,learned_tpsscs_feature_ensemble,simWind_test.mat,simMed_test.mat
0.001,0.9760382337822503,0.8,0.0009921997832425089,25,65511,65,65,85,loso_supervised_tpsscs_feature_hgb_conservative_topk_strict_gt,simMed_test.mat,78,simMed_test.mat#78,loso_supervised_tpsscs_feature_hgb,learned_tpsscs_feature_ensemble,simWind_test.mat,simMed_test.mat
0.003,0.8564847542328493,0.92,0.0029918639617774116,25,65511,196,196,219,loso_supervised_tpsscs_feature_hgb_conservative_topk_strict_gt,simMed_test.mat,78,simMed_test.mat#78,loso_supervised_tpsscs_feature_hgb,learned_tpsscs_feature_ensemble,simWind_test.mat,simMed_test.mat
0.01,0.4036281121752616,0.96,0.009998320892674512,25,65511,655,655,679,loso_supervised_tpsscs_feature_hgb_conservative_topk_strict_gt,simMed_test.mat,78,simMed_test.mat#78,loso_supervised_tpsscs_feature_hgb,learned_tpsscs_feature_ensemble,simWind_test.mat,simMed_test.mat
1e-05,0.9994862348046112,0.5384615384615384,0.0,26,65510,0,0,14,loso_supervised_tpsscs_feature_hgb_conservative_topk_strict_gt,simMed_test.mat,79,simMed_test.mat#79,loso_supervised_tpsscs_feature_hgb,learned_tpsscs_feature_ensemble,simWind_test.mat,simMed_test.mat
3e-05,0.9993282421390619,0.5769230769230769,1.5264845061822624e-05,26,65510,1,1,16,loso_supervised_tpsscs_feature_hgb_conservative_topk_strict_gt,simMed_test.mat,79,simMed_test.mat#79,loso_supervised_tpsscs_feature_hgb,learned_tpsscs_feature_ensemble,simWind_test.mat,simMed_test.mat
0.0001,0.9982278677494977,0.6923076923076923,9.158907037093573e-05,26,65510,6,6,24,loso_supervised_tpsscs_feature_hgb_conservative_topk_strict_gt,simMed_test.mat,79,simMed_test.mat#79,loso_supervised_tpsscs_feature_hgb,learned_tpsscs_feature_ensemble,simWind_test.mat,simMed_test.mat
0.0003,0.9909961147343181,0.7692307692307693,0.00029003205617462985,26,65510,19,19,39,loso_supervised_tpsscs_feature_hgb_conservative_topk_strict_gt,simMed_test.mat,79,simMed_test.mat#79,loso_supervised_tpsscs_feature_hgb,learned_tpsscs_feature_ensemble,simWind_test.mat,simMed_test.mat
0.001,0.9358618445050213,0.7692307692307693,0.0009922149290184704,26,65510,65,65,85,loso_supervised_tpsscs_feature_hgb_conservative_topk_strict_gt,simMed_test.mat,79,simMed_test.mat#79,loso_supervised_tpsscs_feature_hgb,learned_tpsscs_feature_ensemble,simWind_test.mat,simMed_test.mat
0.003,0.7229997799536599,0.8461538461538461,0.002991909632117234,26,65510,196,196,218,loso_supervised_tpsscs_feature_hgb_conservative_topk_strict_gt,simMed_test.mat,79,simMed_test.mat#79,loso_supervised_tpsscs_feature_hgb,learned_tpsscs_feature_ensemble,simWind_test.mat,simMed_test.mat
0.01,0.272524055554946,0.9230769230769231,0.009998473515493819,26,65510,655,655,679,loso_supervised_tpsscs_feature_hgb_conservative_topk_strict_gt,simMed_test.mat,79,simMed_test.mat#79,loso_supervised_tpsscs_feature_hgb,learned_tpsscs_feature_ensemble,simWind_test.mat,simMed_test.mat
1e-05,0.9997349163169458,0.06666666666666667,0.0,15,65521,0,0,1,loso_supervised_tpsscs_feature_hgb_conservative_topk_strict_gt,simMed_test.mat,80,simMed_test.mat#80,loso_supervised_tpsscs_feature_hgb,learned_tpsscs_feature_ensemble,simWind_test.mat,simMed_test.mat
3e-05,0.998735445648683,0.4,1.5262282321698386e-05,15,65521,1,1,7,loso_supervised_tpsscs_feature_hgb_conservative_topk_strict_gt,simMed_test.mat,80,simMed_test.mat#80,loso_supervised_tpsscs_feature_hgb,learned_tpsscs_feature_ensemble,simWind_test.mat,simMed_test.mat
0.0001,0.9978586886332883,0.5333333333333333,9.157369393019033e-05,15,65521,6,6,14,loso_supervised_tpsscs_feature_hgb_conservative_topk_strict_gt,simMed_test.mat,80,simMed_test.mat#80,loso_supervised_tpsscs_feature_hgb,learned_tpsscs_feature_ensemble,simWind_test.mat,simMed_test.mat
0.0003,0.9908996676247093,0.8,0.00028998336411226937,15,65521,19,19,31,loso_supervised_tpsscs_feature_hgb_conservative_topk_strict_gt,simMed_test.mat,80,simMed_test.mat#80,loso_supervised_tpsscs_feature_hgb,learned_tpsscs_feature_ensemble,simWind_test.mat,simMed_test.mat
0.001,0.9196022169162439,0.9333333333333333,0.000992048350910395,15,65521,65,65,79,loso_supervised_tpsscs_feature_hgb_conservative_topk_strict_gt,simMed_test.mat,80,simMed_test.mat#80,loso_supervised_tpsscs_feature_hgb,learned_tpsscs_feature_ensemble,simWind_test.mat,simMed_test.mat
0.003,0.7373702938647015,1.0,0.0029914073350528836,15,65521,196,196,211,loso_supervised_tpsscs_feature_hgb_conservative_topk_strict_gt,simMed_test.mat,80,simMed_test.mat#80,loso_supervised_tpsscs_feature_hgb,learned_tpsscs_feature_ensemble,simWind_test.mat,simMed_test.mat
0.01,0.3344982325751886,1.0,0.009996794920712444,15,65521,655,655,670,loso_supervised_tpsscs_feature_hgb_conservative_topk_strict_gt,simMed_test.mat,80,simMed_test.mat#80,loso_supervised_tpsscs_feature_hgb,learned_tpsscs_feature_ensemble,simWind_test.mat,simMed_test.mat
1e-05,0.9997782491524478,0.1935483870967742,0.0,31,65505,0,0,6,loso_supervised_tpsscs_feature_hgb_conservative_topk_strict_gt,simMed_test.mat,82,simMed_test.mat#82,loso_supervised_tpsscs_feature_hgb,learned_tpsscs_feature_ensemble,simWind_test.mat,simMed_test.mat
3e-05,0.9996880160004824,0.6129032258064516,1.5266010228226854e-05,31,65505,1,1,20,loso_supervised_tpsscs_feature_hgb_conservative_topk_strict_gt,simMed_test.mat,82,simMed_test.mat#82,loso_supervised_tpsscs_feature_hgb,learned_tpsscs_feature_ensemble,simWind_test.mat,simMed_test.mat
0.0001,0.999382555444255,0.9354838709677419,9.159606136936111e-05,31,65505,6,6,35,loso_supervised_tpsscs_feature_hgb_conservative_topk_strict_gt,simMed_test.mat,82,simMed_test.mat#82,loso_supervised_tpsscs_feature_hgb,learned_tpsscs_feature_ensemble,simWind_test.mat,simMed_test.mat
0.0003,0.9978134614494132,0.9354838709677419,0.0002900541943363102,31,65505,19,19,48,loso_supervised_tpsscs_feature_hgb_conservative_topk_strict_gt,simMed_test.mat,82,simMed_test.mat#82,loso_supervised_tpsscs_feature_hgb,learned_tpsscs_feature_ensemble,simWind_test.mat,simMed_test.mat
0.001,0.9880000896278952,1.0,0.0009922906648347455,31,65505,65,65,96,loso_supervised_tpsscs_feature_hgb_conservative_topk_strict_gt,simMed_test.mat,82,simMed_test.mat#82,loso_supervised_tpsscs_feature_hgb,learned_tpsscs_feature_ensemble,simWind_test.mat,simMed_test.mat
0.003,0.9197564318114952,1.0,0.002992138004732463,31,65505,196,196,227,loso_supervised_tpsscs_feature_hgb_conservative_topk_strict_gt,simMed_test.mat,82,simMed_test.mat#82,loso_supervised_tpsscs_feature_hgb,learned_tpsscs_feature_ensemble,simWind_test.mat,simMed_test.mat
0.01,0.5419265717857347,1.0,0.009999236699488588,31,65505,655,655,686,loso_supervised_tpsscs_feature_hgb_conservative_topk_strict_gt,simMed_test.mat,82,simMed_test.mat#82,loso_supervised_tpsscs_feature_hgb,learned_tpsscs_feature_ensemble,simWind_test.mat,simMed_test.mat
1e-05,0.9997010380956122,0.7,0.0,40,65496,0,0,28,loso_supervised_tpsscs_feature_hgb_conservative_topk_strict_gt,simMed_test.mat,84,simMed_test.mat#84,loso_supervised_tpsscs_feature_hgb,learned_tpsscs_feature_ensemble,simWind_test.mat,simMed_test.mat
3e-05,0.9996984338277825,0.7,1.5268107976059605e-05,40,65496,1,1,29,loso_supervised_tpsscs_feature_hgb_conservative_topk_strict_gt,simMed_test.mat,84,simMed_test.mat#84,loso_supervised_tpsscs_feature_hgb,learned_tpsscs_feature_ensemble,simWind_test.mat,simMed_test.mat
0.0001,0.9995407735134892,0.8,9.160864785635764e-05,40,65496,6,6,38,loso_supervised_tpsscs_feature_hgb_conservative_topk_strict_gt,simMed_test.mat,84,simMed_test.mat#84,loso_supervised_tpsscs_feature_hgb,learned_tpsscs_feature_ensemble,simWind_test.mat,simMed_test.mat
0.0003,0.9982018093928031,0.875,0.00029009405154513255,40,65496,19,19,54,loso_supervised_tpsscs_feature_hgb_conservative_topk_strict_gt,simMed_test.mat,84,simMed_test.mat#84,loso_supervised_tpsscs_feature_hgb,learned_tpsscs_feature_ensemble,simWind_test.mat,simMed_test.mat
0.001,0.9865071546467481,0.975,0.0009924270184438744,40,65496,65,65,104,loso_supervised_tpsscs_feature_hgb_conservative_topk_strict_gt,simMed_test.mat,84,simMed_test.mat#84,loso_supervised_tpsscs_feature_hgb,learned_tpsscs_feature_ensemble,simWind_test.mat,simMed_test.mat
0.003,0.9151847637607735,0.975,0.002992549163307683,40,65496,196,196,235,loso_supervised_tpsscs_feature_hgb_conservative_topk_strict_gt,simMed_test.mat,84,simMed_test.mat#84,loso_supervised_tpsscs_feature_hgb,learned_tpsscs_feature_ensemble,simWind_test.mat,simMed_test.mat
0.01,0.47191169569399605,1.0,0.009985342616342983,40,65496,654,654,694,loso_supervised_tpsscs_feature_hgb_conservative_topk_strict_gt,simMed_test.mat,84,simMed_test.mat#84,loso_supervised_tpsscs_feature_hgb,learned_tpsscs_feature_ensemble,simWind_test.mat,simMed_test.mat
1e-05,0.9996446156818044,0.6774193548387096,0.0,31,65505,0,0,21,loso_supervised_tpsscs_feature_hgb_conservative_topk_strict_gt,simMed_test.mat,85,simMed_test.mat#85,loso_supervised_tpsscs_feature_hgb,learned_tpsscs_feature_ensemble,simWind_test.mat,simMed_test.mat
3e-05,0.9995609202694276,0.7741935483870968,1.5266010228226854e-05,31,65505,1,1,25,loso_supervised_tpsscs_feature_hgb_conservative_topk_strict_gt,simMed_test.mat,85,simMed_test.mat#85,loso_supervised_tpsscs_feature_hgb,learned_tpsscs_feature_ensemble,simWind_test.mat,simMed_test.mat
0.0001,0.9989472937222879,0.9032258064516129,9.159606136936111e-05,31,65505,6,6,34,loso_supervised_tpsscs_feature_hgb_conservative_topk_strict_gt,simMed_test.mat,85,simMed_test.mat#85,loso_supervised_tpsscs_feature_hgb,learned_tpsscs_feature_ensemble,simWind_test.mat,simMed_test.mat
0.0003,0.9954269523241378,0.9354838709677419,0.0002900541943363102,31,65505,19,19,48,loso_supervised_tpsscs_feature_hgb_conservative_topk_strict_gt,simMed_test.mat,85,simMed_test.mat#85,loso_supervised_tpsscs_feature_hgb,learned_tpsscs_feature_ensemble,simWind_test.mat,simMed_test.mat
0.001,0.9633954609923141,0.967741935483871,0.0009922906648347455,31,65505,65,65,95,loso_supervised_tpsscs_feature_hgb_conservative_topk_strict_gt,simMed_test.mat,85,simMed_test.mat#85,loso_supervised_tpsscs_feature_hgb,learned_tpsscs_feature_ensemble,simWind_test.mat,simMed_test.mat
0.003,0.8114386473760486,1.0,0.002992138004732463,31,65505,196,196,227,loso_supervised_tpsscs_feature_hgb_conservative_topk_strict_gt,simMed_test.mat,85,simMed_test.mat#85,loso_supervised_tpsscs_feature_hgb,learned_tpsscs_feature_ensemble,simWind_test.mat,simMed_test.mat
0.01,0.4292849112369571,1.0,0.009999236699488588,31,65505,655,655,686,loso_supervised_tpsscs_feature_hgb_conservative_topk_strict_gt,simMed_test.mat,85,simMed_test.mat#85,loso_supervised_tpsscs_feature_hgb,learned_tpsscs_feature_ensemble,simWind_test.mat,simMed_test.mat
1e-05,0.9995387534991116,0.7045454545454546,0.0,44,65492,0,0,31,loso_supervised_tpsscs_feature_hgb_conservative_topk_strict_gt,simMed_test.mat,86,simMed_test.mat#86,loso_supervised_tpsscs_feature_hgb,learned_tpsscs_feature_ensemble,simWind_test.mat,simMed_test.mat
3e-05,0.9995345708570736,0.7045454545454546,1.526904049349539e-05,44,65492,1,1,32,loso_supervised_tpsscs_feature_hgb_conservative_topk_strict_gt,simMed_test.mat,86,simMed_test.mat#86,loso_supervised_tpsscs_feature_hgb,learned_tpsscs_feature_ensemble,simWind_test.mat,simMed_test.mat
0.0001,0.9993825989748883,0.8181818181818182,9.161424296097234e-05,44,65492,6,6,42,loso_supervised_tpsscs_feature_hgb_conservative_topk_strict_gt,simMed_test.mat,86,simMed_test.mat#86,loso_supervised_tpsscs_feature_hgb,learned_tpsscs_feature_ensemble,simWind_test.mat,simMed_test.mat
0.0003,0.9975038891710992,0.9772727272727273,0.00029011176937641237,44,65492,19,19,62,loso_supervised_tpsscs_feature_hgb_conservative_topk_strict_gt,simMed_test.mat,86,simMed_test.mat#86,loso_supervised_tpsscs_feature_hgb,learned_tpsscs_feature_ensemble,simWind_test.mat,simMed_test.mat
0.001,0.9891532199037437,0.9772727272727273,0.0009924876320772003,44,65492,65,65,108,loso_supervised_tpsscs_feature_hgb_conservative_topk_strict_gt,simMed_test.mat,86,simMed_test.mat#86,loso_supervised_tpsscs_feature_hgb,learned_tpsscs_feature_ensemble,simWind_test.mat,simMed_test.mat
0.003,0.950058493504079,0.9772727272727273,0.002992731936725096,44,65492,196,196,239,loso_supervised_tpsscs_feature_hgb_conservative_topk_strict_gt,simMed_test.mat,86,simMed_test.mat#86,loso_supervised_tpsscs_feature_hgb,learned_tpsscs_feature_ensemble,simWind_test.mat,simMed_test.mat
0.01,0.7091058965721636,1.0,0.009985952482745985,44,65492,654,654,698,loso_supervised_tpsscs_feature_hgb_conservative_topk_strict_gt,simMed_test.mat,86,simMed_test.mat#86,loso_supervised_tpsscs_feature_hgb,learned_tpsscs_feature_ensemble,simWind_test.mat,simMed_test.mat
1e-05,0.9997228699042762,0.1276595744680851,0.0,47,65489,0,0,6,loso_supervised_tpsscs_feature_hgb_conservative_topk_strict_gt,simMed_test.mat,87,simMed_test.mat#87,loso_supervised_tpsscs_feature_hgb,learned_tpsscs_feature_ensemble,simWind_test.mat,simMed_test.mat
3e-05,0.9995451977774096,0.23404255319148937,1.5269739956328543e-05,47,65489,1,1,12,loso_supervised_tpsscs_feature_hgb_conservative_topk_strict_gt,simMed_test.mat,87,simMed_test.mat#87,loso_supervised_tpsscs_feature_hgb,learned_tpsscs_feature_ensemble,simWind_test.mat,simMed_test.mat
0.0001,0.9991623671762592,0.3404255319148936,9.161843973797126e-05,47,65489,6,6,22,loso_supervised_tpsscs_feature_hgb_conservative_topk_strict_gt,simMed_test.mat,87,simMed_test.mat#87,loso_supervised_tpsscs_feature_hgb,learned_tpsscs_feature_ensemble,simWind_test.mat,simMed_test.mat
0.0003,0.9969859244423168,0.48936170212765956,0.00029012505917024235,47,65489,19,19,42,loso_supervised_tpsscs_feature_hgb_conservative_topk_strict_gt,simMed_test.mat,87,simMed_test.mat#87,loso_supervised_tpsscs_feature_hgb,learned_tpsscs_feature_ensemble,simWind_test.mat,simMed_test.mat
0.001,0.9308005874259069,0.7659574468085106,0.0009925330971613554,47,65489,65,65,101,loso_supervised_tpsscs_feature_hgb_conservative_topk_strict_gt,simMed_test.mat,87,simMed_test.mat#87,loso_supervised_tpsscs_feature_hgb,learned_tpsscs_feature_ensemble,simWind_test.mat,simMed_test.mat
0.003,0.7044337760449888,0.8723404255319149,0.0029928690314403946,47,65489,196,196,237,loso_supervised_tpsscs_feature_hgb_conservative_topk_strict_gt,simMed_test.mat,87,simMed_test.mat#87,loso_supervised_tpsscs_feature_hgb,learned_tpsscs_feature_ensemble,simWind_test.mat,simMed_test.mat
0.01,0.2566700022747174,1.0,0.009986409931438867,47,65489,654,654,701,loso_supervised_tpsscs_feature_hgb_conservative_topk_strict_gt,simMed_test.mat,87,simMed_test.mat#87,loso_supervised_tpsscs_feature_hgb,learned_tpsscs_feature_ensemble,simWind_test.mat,simMed_test.mat
1e-05,0.9997302347901885,0.046511627906976744,0.0,43,65493,0,0,2,loso_supervised_tpsscs_feature_hgb_conservative_topk_strict_gt,simMed_test.mat,88,simMed_test.mat#88,loso_supervised_tpsscs_feature_hgb,learned_tpsscs_feature_ensemble,simWind_test.mat,simMed_test.mat
3e-05,0.9997120045343891,0.06976744186046512,1.526880735345762e-05,43,65493,1,1,4,loso_supervised_tpsscs_feature_hgb_conservative_topk_strict_gt,simMed_test.mat,88,simMed_test.mat#88,loso_supervised_tpsscs_feature_hgb,learned_tpsscs_feature_ensemble,simWind_test.mat,simMed_test.mat
0.0001,0.9993969719223139,0.3023255813953488,9.161284412074573e-05,43,65493,6,6,19,loso_supervised_tpsscs_feature_hgb_conservative_topk_strict_gt,simMed_test.mat,88,simMed_test.mat#88,loso_supervised_tpsscs_feature_hgb,learned_tpsscs_feature_ensemble,simWind_test.mat,simMed_test.mat
0.0003,0.9978588804693802,0.4186046511627907,0.0002901073397156948,43,65493,19,19,37,loso_supervised_tpsscs_feature_hgb_conservative_topk_strict_gt,simMed_test.mat,88,simMed_test.mat#88,loso_supervised_tpsscs_feature_hgb,learned_tpsscs_feature_ensemble,simWind_test.mat,simMed_test.mat
0.001,0.9851614629134967,0.6744186046511628,0.0009924724779747454,43,65493,65,65,94,loso_supervised_tpsscs_feature_hgb_conservative_topk_strict_gt,simMed_test.mat,88,simMed_test.mat#88,loso_supervised_tpsscs_feature_hgb,learned_tpsscs_feature_ensemble,simWind_test.mat,simMed_test.mat
0.003,0.9094922933652141,0.7906976744186046,0.0029926862412776936,43,65493,196,196,230,loso_supervised_tpsscs_feature_hgb_conservative_topk_strict_gt,simMed_test.mat,88,simMed_test.mat#88,loso_supervised_tpsscs_feature_hgb,learned_tpsscs_feature_ensemble,simWind_test.mat,simMed_test.mat
0.01,0.5573469848236706,0.9069767441860465,0.009985800009161284,43,65493,654,654,693,loso_supervised_tpsscs_feature_hgb_conservative_topk_strict_gt,simMed_test.mat,88,simMed_test.mat#88,loso_supervised_tpsscs_feature_hgb,learned_tpsscs_feature_ensemble,simWind_test.mat,simMed_test.mat
1e-05,0.9996862427094858,0.44,0.0,50,65486,0,0,22,loso_supervised_tpsscs_feature_hgb_conservative_topk_strict_gt,simMed_test.mat,89,simMed_test.mat#89,loso_supervised_tpsscs_feature_hgb,learned_tpsscs_feature_ensemble,simWind_test.mat,simMed_test.mat
3e-05,0.9996855026714367,0.44,1.5270439483248328e-05,50,65486,1,1,23,loso_supervised_tpsscs_feature_hgb_conservative_topk_strict_gt,simMed_test.mat,89,simMed_test.mat#89,loso_supervised_tpsscs_feature_hgb,learned_tpsscs_feature_ensemble,simWind_test.mat,simMed_test.mat
0.0001,0.9992327338993165,0.76,9.162263689948997e-05,50,65486,6,6,44,loso_supervised_tpsscs_feature_hgb_conservative_topk_strict_gt,simMed_test.mat,89,simMed_test.mat#89,loso_supervised_tpsscs_feature_hgb,learned_tpsscs_feature_ensemble,simWind_test.mat,simMed_test.mat
0.0003,0.9978676950106863,0.88,0.0002901383501817182,50,65486,19,19,63,loso_supervised_tpsscs_feature_hgb_conservative_topk_strict_gt,simMed_test.mat,89,simMed_test.mat#89,loso_supervised_tpsscs_feature_hgb,learned_tpsscs_feature_ensemble,simWind_test.mat,simMed_test.mat
0.001,0.9913033475052401,0.92,0.0009925785664111413,50,65486,65,65,111,loso_supervised_tpsscs_feature_hgb_conservative_topk_strict_gt,simMed_test.mat,89,simMed_test.mat#89,loso_supervised_tpsscs_feature_hgb,learned_tpsscs_feature_ensemble,simWind_test.mat,simMed_test.mat
0.003,0.9354453136859369,1.0,0.002993006138716672,50,65486,196,196,246,loso_supervised_tpsscs_feature_hgb_conservative_topk_strict_gt,simMed_test.mat,89,simMed_test.mat#89,loso_supervised_tpsscs_feature_hgb,learned_tpsscs_feature_ensemble,simWind_test.mat,simMed_test.mat
0.01,0.6705707283038622,1.0,0.009986867422044406,50,65486,654,654,704,loso_supervised_tpsscs_feature_hgb_conservative_topk_strict_gt,simMed_test.mat,89,simMed_test.mat#89,loso_supervised_tpsscs_feature_hgb,learned_tpsscs_feature_ensemble,simWind_test.mat,simMed_test.mat
1e-05,0.9995149150777038,0.5333333333333333,0.0,15,65521,0,0,8,loso_supervised_tpsscs_feature_hgb_conservative_topk_strict_gt,simMed_test.mat,90,simMed_test.mat#90,loso_supervised_tpsscs_feature_hgb,learned_tpsscs_feature_ensemble,simWind_test.mat,simMed_test.mat
3e-05,0.9994183814219952,0.5333333333333333,1.5262282321698386e-05,15,65521,1,1,9,loso_supervised_tpsscs_feature_hgb_conservative_topk_strict_gt,simMed_test.mat,90,simMed_test.mat#90,loso_supervised_tpsscs_feature_hgb,learned_tpsscs_feature_ensemble,simWind_test.mat,simMed_test.mat
0.0001,0.9910441243112325,0.6666666666666666,9.157369393019033e-05,15,65521,6,6,16,loso_supervised_tpsscs_feature_hgb_conservative_topk_strict_gt,simMed_test.mat,90,simMed_test.mat#90,loso_supervised_tpsscs_feature_hgb,learned_tpsscs_feature_ensemble,simWind_test.mat,simMed_test.mat
0.0003,0.9645822562754299,0.6666666666666666,0.00028998336411226937,15,65521,19,19,29,loso_supervised_tpsscs_feature_hgb_conservative_topk_strict_gt,simMed_test.mat,90,simMed_test.mat#90,loso_supervised_tpsscs_feature_hgb,learned_tpsscs_feature_ensemble,simWind_test.mat,simMed_test.mat
0.001,0.8992694864461136,0.6666666666666666,0.000992048350910395,15,65521,65,65,75,loso_supervised_tpsscs_feature_hgb_conservative_topk_strict_gt,simMed_test.mat,90,simMed_test.mat#90,loso_supervised_tpsscs_feature_hgb,learned_tpsscs_feature_ensemble,simWind_test.mat,simMed_test.mat
0.003,0.6356104291471603,0.6666666666666666,0.0029914073350528836,15,65521,196,196,206,loso_supervised_tpsscs_feature_hgb_conservative_topk_strict_gt,simMed_test.mat,90,simMed_test.mat#90,loso_supervised_tpsscs_feature_hgb,learned_tpsscs_feature_ensemble,simWind_test.mat,simMed_test.mat
0.01,0.26359254769848106,0.7333333333333333,0.009996794920712444,15,65521,655,655,666,loso_supervised_tpsscs_feature_hgb_conservative_topk_strict_gt,simMed_test.mat,90,simMed_test.mat#90,loso_supervised_tpsscs_feature_hgb,learned_tpsscs_feature_ensemble,simWind_test.mat,simMed_test.mat
1e-05,0.9996935365095123,0.15217391304347827,0.0,46,65490,0,0,7,loso_supervised_tpsscs_feature_hgb_conservative_topk_strict_gt,simMed_test.mat,91,simMed_test.mat#91,loso_supervised_tpsscs_feature_hgb,learned_tpsscs_feature_ensemble,simWind_test.mat,simMed_test.mat
3e-05,0.9996908075838644,0.15217391304347827,1.5269506794930524e-05,46,65490,1,1,8,loso_supervised_tpsscs_feature_hgb_conservative_topk_strict_gt,simMed_test.mat,91,simMed_test.mat#91,loso_supervised_tpsscs_feature_hgb,learned_tpsscs_feature_ensemble,simWind_test.mat,simMed_test.mat
0.0001,0.9994459741272593,0.5434782608695652,9.161704076958314e-05,46,65490,6,6,31,loso_supervised_tpsscs_feature_hgb_conservative_topk_strict_gt,simMed_test.mat,91,simMed_test.mat#91,loso_supervised_tpsscs_feature_hgb,learned_tpsscs_feature_ensemble,simWind_test.mat,simMed_test.mat
0.0003,0.9962454423603331,0.7391304347826086,0.00029012062910367995,46,65490,19,19,53,loso_supervised_tpsscs_feature_hgb_conservative_topk_strict_gt,simMed_test.mat,91,simMed_test.mat#91,loso_supervised_tpsscs_feature_hgb,learned_tpsscs_feature_ensemble,simWind_test.mat,simMed_test.mat
0.001,0.9778590187544071,0.8478260869565217,0.000992517941670484,46,65490,65,65,104,loso_supervised_tpsscs_feature_hgb_conservative_topk_strict_gt,simMed_test.mat,91,simMed_test.mat#91,loso_supervised_tpsscs_feature_hgb,learned_tpsscs_feature_ensemble,simWind_test.mat,simMed_test.mat
0.003,0.8705257316771314,0.8695652173913043,0.0029928233318063826,46,65490,196,196,236,loso_supervised_tpsscs_feature_hgb_conservative_topk_strict_gt,simMed_test.mat,91,simMed_test.mat#91,loso_supervised_tpsscs_feature_hgb,learned_tpsscs_feature_ensemble,simWind_test.mat,simMed_test.mat
0.01,0.4311890570687909,0.9565217391304348,0.009986257443884563,46,65490,654,654,698,loso_supervised_tpsscs_feature_hgb_conservative_topk_strict_gt,simMed_test.mat,91,simMed_test.mat#91,loso_supervised_tpsscs_feature_hgb,learned_tpsscs_feature_ensemble,simWind_test.mat,simMed_test.mat
1e-05,0.999609710086169,0.639344262295082,0.0,61,65475,0,0,39,loso_supervised_tpsscs_feature_hgb_conservative_topk_strict_gt,simMed_test.mat,92,simMed_test.mat#92,loso_supervised_tpsscs_feature_hgb,learned_tpsscs_feature_ensemble,simWind_test.mat,simMed_test.mat
3e-05,0.9996006123893556,0.6557377049180327,1.527300496372661e-05,61,65475,1,1,41,loso_supervised_tpsscs_feature_hgb_conservative_topk_strict_gt,simMed_test.mat,92,simMed_test.mat#92,loso_supervised_tpsscs_feature_hgb,learned_tpsscs_feature_ensemble,simWind_test.mat,simMed_test.mat
0.0001,0.9994166385148708,0.7377049180327869,9.163802978235968e-05,61,65475,6,6,51,loso_supervised_tpsscs_feature_hgb_conservative_topk_strict_gt,simMed_test.mat,92,simMed_test.mat#92,loso_supervised_tpsscs_feature_hgb,learned_tpsscs_feature_ensemble,simWind_test.mat,simMed_test.mat
0.0003,0.9985502119834772,0.819672131147541,0.00029018709431080566,61,65475,19,19,69,loso_supervised_tpsscs_feature_hgb_conservative_topk_strict_gt,simMed_test.mat,92,simMed_test.mat#92,loso_supervised_tpsscs_feature_hgb,learned_tpsscs_feature_ensemble,simWind_test.mat,simMed_test.mat
0.001,0.9916123775386465,0.9344262295081968,0.00099274532264223,61,65475,65,65,122,loso_supervised_tpsscs_feature_hgb_conservative_topk_strict_gt,simMed_test.mat,92,simMed_test.mat#92,loso_supervised_tpsscs_feature_hgb,learned_tpsscs_feature_ensemble,simWind_test.mat,simMed_test.mat
0.003,0.9502767016189868,0.9672131147540983,0.002993508972890416,61,65475,196,196,255,loso_supervised_tpsscs_feature_hgb_conservative_topk_strict_gt,simMed_test.mat,92,simMed_test.mat#92,loso_supervised_tpsscs_feature_hgb,learned_tpsscs_feature_ensemble,simWind_test.mat,simMed_test.mat
0.01,0.7139774571617695,1.0,0.009988545246277205,61,65475,654,654,715,loso_supervised_tpsscs_feature_hgb_conservative_topk_strict_gt,simMed_test.mat,92,simMed_test.mat#92,loso_supervised_tpsscs_feature_hgb,learned_tpsscs_feature_ensemble,simWind_test.mat,simMed_test.mat
1e-05,0.9997143724007658,0.12698412698412698,0.0,63,65473,0,0,8,loso_supervised_tpsscs_feature_hgb_conservative_topk_strict_gt,simMed_test.mat,93,simMed_test.mat#93,loso_supervised_tpsscs_feature_hgb,learned_tpsscs_feature_ensemble,simWind_test.mat,simMed_test.mat
3e-05,0.9995296235007013,0.2698412698412698,1.5273471507338904e-05,63,65473,1,1,18,loso_supervised_tpsscs_feature_hgb_conservative_topk_strict_gt,simMed_test.mat,93,simMed_test.mat#93,loso_supervised_tpsscs_feature_hgb,learned_tpsscs_feature_ensemble,simWind_test.mat,simMed_test.mat
0.0001,0.9992019077261564,0.38095238095238093,9.164082904403341e-05,63,65473,6,6,30,loso_supervised_tpsscs_feature_hgb_conservative_topk_strict_gt,simMed_test.mat,93,simMed_test.mat#93,loso_supervised_tpsscs_feature_hgb,learned_tpsscs_feature_ensemble,simWind_test.mat,simMed_test.mat
0.0003,0.9973958698686823,0.5396825396825397,0.00029019595863943913,63,65473,19,19,53,loso_supervised_tpsscs_feature_hgb_conservative_topk_strict_gt,simMed_test.mat,93,simMed_test.mat#93,loso_supervised_tpsscs_feature_hgb,learned_tpsscs_feature_ensemble,simWind_test.mat,simMed_test.mat
0.001,0.9876602045980033,0.6825396825396826,0.0009927756479770288,63,65473,65,65,108,loso_supervised_tpsscs_feature_hgb_conservative_topk_strict_gt,simMed_test.mat,93,simMed_test.mat#93,loso_supervised_tpsscs_feature_hgb,learned_tpsscs_feature_ensemble,simWind_test.mat,simMed_test.mat
0.003,0.926505355126379,0.8095238095238095,0.002993600415438425,63,65473,196,196,247,loso_supervised_tpsscs_feature_hgb_conservative_topk_strict_gt,simMed_test.mat,93,simMed_test.mat#93,loso_supervised_tpsscs_feature_hgb,learned_tpsscs_feature_ensemble,simWind_test.mat,simMed_test.mat
0.01,0.5846123933293975,0.9047619047619048,0.009988850365799643,63,65473,654,654,711,loso_supervised_tpsscs_feature_hgb_conservative_topk_strict_gt,simMed_test.mat,93,simMed_test.mat#93,loso_supervised_tpsscs_feature_hgb,learned_tpsscs_feature_ensemble,simWind_test.mat,simMed_test.mat
1e-05,0.9995986453857277,0.55,0.0,20,65516,0,0,11,loso_supervised_tpsscs_feature_hgb_conservative_topk_strict_gt,simMed_test.mat,94,simMed_test.mat#94,loso_supervised_tpsscs_feature_hgb,learned_tpsscs_feature_ensemble,simWind_test.mat,simMed_test.mat
3e-05,0.9995070654244237,0.65,1.5263447096892362e-05,20,65516,1,1,14,loso_supervised_tpsscs_feature_hgb_conservative_topk_strict_gt,simMed_test.mat,94,simMed_test.mat#94,loso_supervised_tpsscs_feature_hgb,learned_tpsscs_feature_ensemble,simWind_test.mat,simMed_test.mat
0.0001,0.9980185598218024,0.8,9.158068258135418e-05,20,65516,6,6,22,loso_supervised_tpsscs_feature_hgb_conservative_topk_strict_gt,simMed_test.mat,94,simMed_test.mat#94,loso_supervised_tpsscs_feature_hgb,learned_tpsscs_feature_ensemble,simWind_test.mat,simMed_test.mat
0.0003,0.9906946229110992,0.9,0.00029000549484095486,20,65516,19,19,37,loso_supervised_tpsscs_feature_hgb_conservative_topk_strict_gt,simMed_test.mat,94,simMed_test.mat#94,loso_supervised_tpsscs_feature_hgb,learned_tpsscs_feature_ensemble,simWind_test.mat,simMed_test.mat
0.001,0.9267951972713424,0.95,0.0009921240612980036,20,65516,65,65,84,loso_supervised_tpsscs_feature_hgb_conservative_topk_strict_gt,simMed_test.mat,94,simMed_test.mat#94,loso_supervised_tpsscs_feature_hgb,learned_tpsscs_feature_ensemble,simWind_test.mat,simMed_test.mat
0.003,0.7596923955886472,0.95,0.002991635630990903,20,65516,196,196,215,loso_supervised_tpsscs_feature_hgb_conservative_topk_strict_gt,simMed_test.mat,94,simMed_test.mat#94,loso_supervised_tpsscs_feature_hgb,learned_tpsscs_feature_ensemble,simWind_test.mat,simMed_test.mat
0.01,0.3800423520508522,0.95,0.009997557848464497,20,65516,655,655,674,loso_supervised_tpsscs_feature_hgb_conservative_topk_strict_gt,simMed_test.mat,94,simMed_test.mat#94,loso_supervised_tpsscs_feature_hgb,learned_tpsscs_feature_ensemble,simWind_test.mat,simMed_test.mat
1e-05,0.9997128326859158,0.4411764705882353,0.0,34,65502,0,0,15,loso_supervised_tpsscs_feature_hgb_conservative_topk_strict_gt,simMed_test.mat,95,simMed_test.mat#95,loso_supervised_tpsscs_feature_hgb,learned_tpsscs_feature_ensemble,simWind_test.mat,simMed_test.mat
3e-05,0.999697383914044,0.47058823529411764,1.5266709413453023e-05,34,65502,1,1,17,loso_supervised_tpsscs_feature_hgb_conservative_topk_strict_gt,simMed_test.mat,95,simMed_test.mat#95,loso_supervised_tpsscs_feature_hgb,learned_tpsscs_feature_ensemble,simWind_test.mat,simMed_test.mat
0.0001,0.9994596786881752,0.6764705882352942,9.160025648071815e-05,34,65502,6,6,29,loso_supervised_tpsscs_feature_hgb_conservative_topk_strict_gt,simMed_test.mat,95,simMed_test.mat#95,loso_supervised_tpsscs_feature_hgb,learned_tpsscs_feature_ensemble,simWind_test.mat,simMed_test.mat
0.0003,0.9986424713910385,0.7352941176470589,0.0002900674788556075,34,65502,19,19,44,loso_supervised_tpsscs_feature_hgb_conservative_topk_strict_gt,simMed_test.mat,95,simMed_test.mat#95,loso_supervised_tpsscs_feature_hgb,learned_tpsscs_feature_ensemble,simWind_test.mat,simMed_test.mat
0.001,0.989397922443147,0.8823529411764706,0.0009923361118744467,34,65502,65,65,95,loso_supervised_tpsscs_feature_hgb_conservative_topk_strict_gt,simMed_test.mat,95,simMed_test.mat#95,loso_supervised_tpsscs_feature_hgb,learned_tpsscs_feature_ensemble,simWind_test.mat,simMed_test.mat
0.003,0.9203169682493829,0.9411764705882353,0.002992275045036793,34,65502,196,196,228,loso_supervised_tpsscs_feature_hgb_conservative_topk_strict_gt,simMed_test.mat,95,simMed_test.mat#95,loso_supervised_tpsscs_feature_hgb,learned_tpsscs_feature_ensemble,simWind_test.mat,simMed_test.mat
0.01,0.5859923575169774,1.0,0.00999969466581173,34,65502,655,655,689,loso_supervised_tpsscs_feature_hgb_conservative_topk_strict_gt,simMed_test.mat,95,simMed_test.mat#95,loso_supervised_tpsscs_feature_hgb,learned_tpsscs_feature_ensemble,simWind_test.mat,simMed_test.mat
1e-05,0.999739791778163,0.13333333333333333,0.0,60,65476,0,0,8,loso_supervised_tpsscs_feature_hgb_conservative_topk_strict_gt,simMed_test.mat,97,simMed_test.mat#97,loso_supervised_tpsscs_feature_hgb,learned_tpsscs_feature_ensemble,simWind_test.mat,simMed_test.mat
3e-05,0.9997168935538008,0.16666666666666666,1.527277170260859e-05,60,65476,1,1,11,loso_supervised_tpsscs_feature_hgb_conservative_topk_strict_gt,simMed_test.mat,97,simMed_test.mat#97,loso_supervised_tpsscs_feature_hgb,learned_tpsscs_feature_ensemble,simWind_test.mat,simMed_test.mat
0.0001,0.9996025529914917,0.3,9.163663021565153e-05,60,65476,6,6,24,loso_supervised_tpsscs_feature_hgb_conservative_topk_strict_gt,simMed_test.mat,97,simMed_test.mat#97,loso_supervised_tpsscs_feature_hgb,learned_tpsscs_feature_ensemble,simWind_test.mat,simMed_test.mat
0.0003,0.9984374451740599,0.6333333333333333,0.0002901826623495632,60,65476,19,19,57,loso_supervised_tpsscs_feature_hgb_conservative_topk_strict_gt,simMed_test.mat,97,simMed_test.mat#97,loso_supervised_tpsscs_feature_hgb,learned_tpsscs_feature_ensemble,simWind_test.mat,simMed_test.mat
0.001,0.9822386734640932,0.85,0.0009927301606695582,60,65476,65,65,116,loso_supervised_tpsscs_feature_hgb_conservative_topk_strict_gt,simMed_test.mat,97,simMed_test.mat#97,loso_supervised_tpsscs_feature_hgb,learned_tpsscs_feature_ensemble,simWind_test.mat,simMed_test.mat
0.003,0.8687552984385525,0.95,0.0029934632537112833,60,65476,196,196,253,loso_supervised_tpsscs_feature_hgb_conservative_topk_strict_gt,simMed_test.mat,97,simMed_test.mat#97,loso_supervised_tpsscs_feature_hgb,learned_tpsscs_feature_ensemble,simWind_test.mat,simMed_test.mat
0.01,0.4500159081098238,0.9666666666666667,0.009988392693506017,60,65476,654,654,712,loso_supervised_tpsscs_feature_hgb_conservative_topk_strict_gt,simMed_test.mat,97,simMed_test.mat#97,loso_supervised_tpsscs_feature_hgb,learned_tpsscs_feature_ensemble,simWind_test.mat,simMed_test.mat
1e-05,0.9996679672099871,0.075,0.0,40,65496,0,0,3,loso_supervised_tpsscs_feature_hgb_conservative_topk_strict_gt,simMed_test.mat,99,simMed_test.mat#99,loso_supervised_tpsscs_feature_hgb,learned_tpsscs_feature_ensemble,simWind_test.mat,simMed_test.mat
3e-05,0.9996091022070891,0.175,1.5268107976059605e-05,40,65496,1,1,8,loso_supervised_tpsscs_feature_hgb_conservative_topk_strict_gt,simMed_test.mat,99,simMed_test.mat#99,loso_supervised_tpsscs_feature_hgb,learned_tpsscs_feature_ensemble,simWind_test.mat,simMed_test.mat
0.0001,0.9993483122214653,0.275,9.160864785635764e-05,40,65496,6,6,17,loso_supervised_tpsscs_feature_hgb_conservative_topk_strict_gt,simMed_test.mat,99,simMed_test.mat#99,loso_supervised_tpsscs_feature_hgb,learned_tpsscs_feature_ensemble,simWind_test.mat,simMed_test.mat
0.0003,0.9971121643320168,0.6,0.00029009405154513255,40,65496,19,19,43,loso_supervised_tpsscs_feature_hgb_conservative_topk_strict_gt,simMed_test.mat,99,simMed_test.mat#99,loso_supervised_tpsscs_feature_hgb,learned_tpsscs_feature_ensemble,simWind_test.mat,simMed_test.mat
0.001,0.9845936804371402,0.725,0.0009924270184438744,40,65496,65,65,94,loso_supervised_tpsscs_feature_hgb_conservative_topk_strict_gt,simMed_test.mat,99,simMed_test.mat#99,loso_supervised_tpsscs_feature_hgb,learned_tpsscs_feature_ensemble,simWind_test.mat,simMed_test.mat
0.003,0.9285985130859573,0.775,0.002992549163307683,40,65496,196,196,227,loso_supervised_tpsscs_feature_hgb_conservative_topk_strict_gt,simMed_test.mat,99,simMed_test.mat#99,loso_supervised_tpsscs_feature_hgb,learned_tpsscs_feature_ensemble,simWind_test.mat,simMed_test.mat
0.01,0.6028450062863927,0.925,0.009985342616342983,40,65496,654,654,691,loso_supervised_tpsscs_feature_hgb_conservative_topk_strict_gt,simMed_test.mat,99,simMed_test.mat#99,loso_supervised_tpsscs_feature_hgb,learned_tpsscs_feature_ensemble,simWind_test.mat,simMed_test.mat
1e-05,0.9997186312328687,0.32075471698113206,0.0,53,65483,0,0,17,loso_supervised_tpsscs_feature_hgb_conservative_topk_strict_gt,simMed_test.mat,100,simMed_test.mat#100,loso_supervised_tpsscs_feature_hgb,learned_tpsscs_feature_ensemble,simWind_test.mat,simMed_test.mat
3e-05,0.9996558755125233,0.5283018867924528,1.527113907426355e-05,53,65483,1,1,29,loso_supervised_tpsscs_feature_hgb_conservative_topk_strict_gt,simMed_test.mat,100,simMed_test.mat#100,loso_supervised_tpsscs_feature_hgb,learned_tpsscs_feature_ensemble,simWind_test.mat,simMed_test.mat
0.0001,0.9995139755675033,0.6981132075471698,9.16268344455813e-05,53,65483,6,6,43,loso_supervised_tpsscs_feature_hgb_conservative_topk_strict_gt,simMed_test.mat,100,simMed_test.mat#100,loso_supervised_tpsscs_feature_hgb,learned_tpsscs_feature_ensemble,simWind_test.mat,simMed_test.mat
0.0003,0.9988189153733787,0.8490566037735849,0.0002901516424110074,53,65483,19,19,64,loso_supervised_tpsscs_feature_hgb_conservative_topk_strict_gt,simMed_test.mat,100,simMed_test.mat#100,loso_supervised_tpsscs_feature_hgb,learned_tpsscs_feature_ensemble,simWind_test.mat,simMed_test.mat
0.001,0.9907125992427683,0.9811320754716981,0.0009926240398271306,53,65483,65,65,117,loso_supervised_tpsscs_feature_hgb_conservative_topk_strict_gt,simMed_test.mat,100,simMed_test.mat#100,loso_supervised_tpsscs_feature_hgb,learned_tpsscs_feature_ensemble,simWind_test.mat,simMed_test.mat
0.003,0.9556374822656382,1.0,0.002993143258555656,53,65483,196,196,249,loso_supervised_tpsscs_feature_hgb_conservative_topk_strict_gt,simMed_test.mat,100,simMed_test.mat#100,loso_supervised_tpsscs_feature_hgb,learned_tpsscs_feature_ensemble,simWind_test.mat,simMed_test.mat
0.01,0.7356420949073016,1.0,0.00998732495456836,53,65483,654,654,707,loso_supervised_tpsscs_feature_hgb_conservative_topk_strict_gt,simMed_test.mat,100,simMed_test.mat#100,loso_supervised_tpsscs_feature_hgb,learned_tpsscs_feature_ensemble,simWind_test.mat,simMed_test.mat
1e-05,0.9996634275583055,0.37254901960784315,0.0,51,65485,0,0,19,loso_supervised_tpsscs_feature_hgb_conservative_topk_strict_gt,simMed_test.mat,101,simMed_test.mat#101,loso_supervised_tpsscs_feature_hgb,learned_tpsscs_feature_ensemble,simWind_test.mat,simMed_test.mat
3e-05,0.999592552619959,0.4117647058823529,1.527067267313125e-05,51,65485,1,1,22,loso_supervised_tpsscs_feature_hgb_conservative_topk_strict_gt,simMed_test.mat,101,simMed_test.mat#101,loso_supervised_tpsscs_feature_hgb,learned_tpsscs_feature_ensemble,simWind_test.mat,simMed_test.mat
0.0001,0.9990421524429036,0.6274509803921569,9.16240360387875e-05,51,65485,6,6,38,loso_supervised_tpsscs_feature_hgb_conservative_topk_strict_gt,simMed_test.mat,101,simMed_test.mat#101,loso_supervised_tpsscs_feature_hgb,learned_tpsscs_feature_ensemble,simWind_test.mat,simMed_test.mat
0.0003,0.9981645925051201,0.7058823529411765,0.0002901427807894938,51,65485,19,19,55,loso_supervised_tpsscs_feature_hgb_conservative_topk_strict_gt,simMed_test.mat,101,simMed_test.mat#101,loso_supervised_tpsscs_feature_hgb,learned_tpsscs_feature_ensemble,simWind_test.mat,simMed_test.mat
0.001,0.976599090284965,0.8235294117647058,0.0009925937237535314,51,65485,65,65,107,loso_supervised_tpsscs_feature_hgb_conservative_topk_strict_gt,simMed_test.mat,101,simMed_test.mat#101,loso_supervised_tpsscs_feature_hgb,learned_tpsscs_feature_ensemble,simWind_test.mat,simMed_test.mat
0.003,0.8321329837842345,0.9215686274509803,0.0029930518439337255,51,65485,196,196,243,loso_supervised_tpsscs_feature_hgb_conservative_topk_strict_gt,simMed_test.mat,101,simMed_test.mat#101,loso_supervised_tpsscs_feature_hgb,learned_tpsscs_feature_ensemble,simWind_test.mat,simMed_test.mat
0.01,0.4190311970917372,1.0,0.009987019928227838,51,65485,654,654,705,loso_supervised_tpsscs_feature_hgb_conservative_topk_strict_gt,simMed_test.mat,101,simMed_test.mat#101,loso_supervised_tpsscs_feature_hgb,learned_tpsscs_feature_ensemble,simWind_test.mat,simMed_test.mat
1e-05,0.9996076519695664,0.2564102564102564,0.0,39,65497,0,0,10,loso_supervised_tpsscs_feature_hgb_conservative_topk_strict_gt,simMed_test.mat,102,simMed_test.mat#102,loso_supervised_tpsscs_feature_hgb,learned_tpsscs_feature_ensemble,simWind_test.mat,simMed_test.mat
3e-05,0.9995952261091534,0.2564102564102564,1.526787486449761e-05,39,65497,1,1,11,loso_supervised_tpsscs_feature_hgb_conservative_topk_strict_gt,simMed_test.mat,102,simMed_test.mat#102,loso_supervised_tpsscs_feature_hgb,learned_tpsscs_feature_ensemble,simWind_test.mat,simMed_test.mat
0.0001,0.9990398770375175,0.48717948717948717,9.160724918698567e-05,39,65497,6,6,25,loso_supervised_tpsscs_feature_hgb_conservative_topk_strict_gt,simMed_test.mat,102,simMed_test.mat#102,loso_supervised_tpsscs_feature_hgb,learned_tpsscs_feature_ensemble,simWind_test.mat,simMed_test.mat
0.0003,0.9970856560088496,0.5641025641025641,0.0002900896224254546,39,65497,19,19,41,loso_supervised_tpsscs_feature_hgb_conservative_topk_strict_gt,simMed_test.mat,102,simMed_test.mat#102,loso_supervised_tpsscs_feature_hgb,learned_tpsscs_feature_ensemble,simWind_test.mat,simMed_test.mat
0.001,0.9732399110506548,0.7435897435897436,0.0009924118661923447,39,65497,65,65,94,loso_supervised_tpsscs_feature_hgb_conservative_topk_strict_gt,simMed_test.mat,102,simMed_test.mat#102,loso_supervised_tpsscs_feature_hgb,learned_tpsscs_feature_ensemble,simWind_test.mat,simMed_test.mat
0.003,0.8115118581761351,0.8974358974358975,0.0029925034734415317,39,65497,196,196,231,loso_supervised_tpsscs_feature_hgb_conservative_topk_strict_gt,simMed_test.mat,102,simMed_test.mat#102,loso_supervised_tpsscs_feature_hgb,learned_tpsscs_feature_ensemble,simWind_test.mat,simMed_test.mat
0.01,0.33349623994138944,0.9487179487179487,0.009985190161381437,39,65497,654,654,691,loso_supervised_tpsscs_feature_hgb_conservative_topk_strict_gt,simMed_test.mat,102,simMed_test.mat#102,loso_supervised_tpsscs_feature_hgb,learned_tpsscs_feature_ensemble,simWind_test.mat,simMed_test.mat
1e-05,0.9997113477701606,0.48,0.0,25,65511,0,0,12,loso_supervised_tpsscs_feature_hgb_conservative_topk_strict_gt,simMed_test.mat,104,simMed_test.mat#104,loso_supervised_tpsscs_feature_hgb,learned_tpsscs_feature_ensemble,simWind_test.mat,simMed_test.mat
3e-05,0.9996704604896253,0.52,1.526461204988475e-05,25,65511,1,1,14,loso_supervised_tpsscs_feature_hgb_conservative_topk_strict_gt,simMed_test.mat,104,simMed_test.mat#104,loso_supervised_tpsscs_feature_hgb,learned_tpsscs_feature_ensemble,simWind_test.mat,simMed_test.mat
0.0001,0.99950328818701,0.84,9.158767229930851e-05,25,65511,6,6,27,loso_supervised_tpsscs_feature_hgb_conservative_topk_strict_gt,simMed_test.mat,104,simMed_test.mat#104,loso_supervised_tpsscs_feature_hgb,learned_tpsscs_feature_ensemble,simWind_test.mat,simMed_test.mat
0.0003,0.9967640649856112,0.92,0.0002900276289478103,25,65511,19,19,42,loso_supervised_tpsscs_feature_hgb_conservative_topk_strict_gt,simMed_test.mat,104,simMed_test.mat#104,loso_supervised_tpsscs_feature_hgb,learned_tpsscs_feature_ensemble,simWind_test.mat,simMed_test.mat
0.001,0.9454007456906512,0.96,0.0009921997832425089,25,65511,65,65,89,loso_supervised_tpsscs_feature_hgb_conservative_topk_strict_gt,simMed_test.mat,104,simMed_test.mat#104,loso_supervised_tpsscs_feature_hgb,learned_tpsscs_feature_ensemble,simWind_test.mat,simMed_test.mat
0.003,0.7308592462699465,1.0,0.0029918639617774116,25,65511,196,196,221,loso_supervised_tpsscs_feature_hgb_conservative_topk_strict_gt,simMed_test.mat,104,simMed_test.mat#104,loso_supervised_tpsscs_feature_hgb,learned_tpsscs_feature_ensemble,simWind_test.mat,simMed_test.mat
0.01,0.33522682627604977,1.0,0.009998320892674512,25,65511,655,655,680,loso_supervised_tpsscs_feature_hgb_conservative_topk_strict_gt,simMed_test.mat,104,simMed_test.mat#104,loso_supervised_tpsscs_feature_hgb,learned_tpsscs_feature_ensemble,simWind_test.mat,simMed_test.mat
1e-05,0.9994564018735547,0.7307692307692307,0.0,26,65510,0,0,19,loso_supervised_tpsscs_feature_hgb_conservative_topk_strict_gt,simMed_test.mat,105,simMed_test.mat#105,loso_supervised_tpsscs_feature_hgb,learned_tpsscs_feature_ensemble,simWind_test.mat,simMed_test.mat
3e-05,0.9992773148470157,0.8076923076923077,1.5264845061822624e-05,26,65510,1,1,22,loso_supervised_tpsscs_feature_hgb_conservative_topk_strict_gt,simMed_test.mat,105,simMed_test.mat#105,loso_supervised_tpsscs_feature_hgb,learned_tpsscs_feature_ensemble,simWind_test.mat,simMed_test.mat
0.0001,0.9977395666091742,0.8846153846153846,9.158907037093573e-05,26,65510,6,6,29,loso_supervised_tpsscs_feature_hgb_conservative_topk_strict_gt,simMed_test.mat,105,simMed_test.mat#105,loso_supervised_tpsscs_feature_hgb,learned_tpsscs_feature_ensemble,simWind_test.mat,simMed_test.mat
0.0003,0.9906983081615248,1.0,0.00029003205617462985,26,65510,19,19,45,loso_supervised_tpsscs_feature_hgb_conservative_topk_strict_gt,simMed_test.mat,105,simMed_test.mat#105,loso_supervised_tpsscs_feature_hgb,learned_tpsscs_feature_ensemble,simWind_test.mat,simMed_test.mat
0.001,0.9543029545084766,1.0,0.0009922149290184704,26,65510,65,65,91,loso_supervised_tpsscs_feature_hgb_conservative_topk_strict_gt,simMed_test.mat,105,simMed_test.mat#105,loso_supervised_tpsscs_feature_hgb,learned_tpsscs_feature_ensemble,simWind_test.mat,simMed_test.mat
0.003,0.801580132167269,1.0,0.002991909632117234,26,65510,196,196,222,loso_supervised_tpsscs_feature_hgb_conservative_topk_strict_gt,simMed_test.mat,105,simMed_test.mat#105,loso_supervised_tpsscs_feature_hgb,learned_tpsscs_feature_ensemble,simWind_test.mat,simMed_test.mat
0.01,0.44610765964116156,1.0,0.009998473515493819,26,65510,655,655,681,loso_supervised_tpsscs_feature_hgb_conservative_topk_strict_gt,simMed_test.mat,105,simMed_test.mat#105,loso_supervised_tpsscs_feature_hgb,learned_tpsscs_feature_ensemble,simWind_test.mat,simMed_test.mat
1e-05,0.999506511292244,0.3469387755102041,0.0,49,65487,0,0,17,loso_supervised_tpsscs_feature_hgb_conservative_topk_strict_gt,simMed_test.mat,107,simMed_test.mat#107,loso_supervised_tpsscs_feature_hgb,learned_tpsscs_feature_ensemble,simWind_test.mat,simMed_test.mat
3e-05,0.9995004926225952,0.3469387755102041,1.5270206300487118e-05,49,65487,1,1,18,loso_supervised_tpsscs_feature_hgb_conservative_topk_strict_gt,simMed_test.mat,107,simMed_test.mat#107,loso_supervised_tpsscs_feature_hgb,learned_tpsscs_feature_ensemble,simWind_test.mat,simMed_test.mat
0.0001,0.99910132435369,0.4897959183673469,9.162123780292272e-05,49,65487,6,6,30,loso_supervised_tpsscs_feature_hgb_conservative_topk_strict_gt,simMed_test.mat,107,simMed_test.mat#107,loso_supervised_tpsscs_feature_hgb,learned_tpsscs_feature_ensemble,simWind_test.mat,simMed_test.mat
0.0003,0.9949684352433366,0.673469387755102,0.0002901339197092553,49,65487,19,19,52,loso_supervised_tpsscs_feature_hgb_conservative_topk_strict_gt,simMed_test.mat,107,simMed_test.mat#107,loso_supervised_tpsscs_feature_hgb,learned_tpsscs_feature_ensemble,simWind_test.mat,simMed_test.mat
0.001,0.957301098296398,0.7959183673469388,0.0009925634095316628,49,65487,65,65,104,loso_supervised_tpsscs_feature_hgb_conservative_topk_strict_gt,simMed_test.mat,107,simMed_test.mat#107,loso_supervised_tpsscs_feature_hgb,learned_tpsscs_feature_ensemble,simWind_test.mat,simMed_test.mat
0.003,0.7063713053550434,0.9795918367346939,0.0029929604348954753,49,65487,196,196,244,loso_supervised_tpsscs_feature_hgb_conservative_topk_strict_gt,simMed_test.mat,107,simMed_test.mat#107,loso_supervised_tpsscs_feature_hgb,learned_tpsscs_feature_ensemble,simWind_test.mat,simMed_test.mat
0.01,0.23579337582274829,1.0,0.009986714920518577,49,65487,654,654,703,loso_supervised_tpsscs_feature_hgb_conservative_topk_strict_gt,simMed_test.mat,107,simMed_test.mat#107,loso_supervised_tpsscs_feature_hgb,learned_tpsscs_feature_ensemble,simWind_test.mat,simMed_test.mat
1e-05,0.9996675276033237,0.16,0.0,25,65511,0,0,4,loso_supervised_tpsscs_feature_hgb_conservative_topk_strict_gt,simMed_test.mat,108,simMed_test.mat#108,loso_supervised_tpsscs_feature_hgb,learned_tpsscs_feature_ensemble,simWind_test.mat,simMed_test.mat
3e-05,0.9996240082116651,0.16,1.526461204988475e-05,25,65511,1,1,5,loso_supervised_tpsscs_feature_hgb_conservative_topk_strict_gt,simMed_test.mat,108,simMed_test.mat#108,loso_supervised_tpsscs_feature_hgb,learned_tpsscs_feature_ensemble,simWind_test.mat,simMed_test.mat
0.0001,0.9992297913511756,0.52,9.158767229930851e-05,25,65511,6,6,19,loso_supervised_tpsscs_feature_hgb_conservative_topk_strict_gt,simMed_test.mat,108,simMed_test.mat#108,loso_supervised_tpsscs_feature_hgb,learned_tpsscs_feature_ensemble,simWind_test.mat,simMed_test.mat
0.0003,0.9969979358966164,0.64,0.0002900276289478103,25,65511,19,19,35,loso_supervised_tpsscs_feature_hgb_conservative_topk_strict_gt,simMed_test.mat,108,simMed_test.mat#108,loso_supervised_tpsscs_feature_hgb,learned_tpsscs_feature_ensemble,simWind_test.mat,simMed_test.mat
0.001,0.9804078163834459,0.84,0.0009921997832425089,25,65511,65,65,86,loso_supervised_tpsscs_feature_hgb_conservative_topk_strict_gt,simMed_test.mat,108,simMed_test.mat#108,loso_supervised_tpsscs_feature_hgb,learned_tpsscs_feature_ensemble,simWind_test.mat,simMed_test.mat
0.003,0.8818146051017558,0.96,0.0029918639617774116,25,65511,196,196,220,loso_supervised_tpsscs_feature_hgb_conservative_topk_strict_gt,simMed_test.mat,108,simMed_test.mat#108,loso_supervised_tpsscs_feature_hgb,learned_tpsscs_feature_ensemble,simWind_test.mat,simMed_test.mat
0.01,0.3897966859534547,0.96,0.009998320892674512,25,65511,655,655,679,loso_supervised_tpsscs_feature_hgb_conservative_topk_strict_gt,simMed_test.mat,108,simMed_test.mat#108,loso_supervised_tpsscs_feature_hgb,learned_tpsscs_feature_ensemble,simWind_test.mat,simMed_test.mat
1e-05,0.9997855442863899,0.14285714285714285,0.0,63,65473,0,0,9,loso_supervised_tpsscs_feature_hgb_conservative_topk_strict_gt,simMed_test.mat,110,simMed_test.mat#110,loso_supervised_tpsscs_feature_hgb,learned_tpsscs_feature_ensemble,simWind_test.mat,simMed_test.mat
3e-05,0.9996301980373359,0.6349206349206349,1.5273471507338904e-05,63,65473,1,1,41,loso_supervised_tpsscs_feature_hgb_conservative_topk_strict_gt,simMed_test.mat,110,simMed_test.mat#110,loso_supervised_tpsscs_feature_hgb,learned_tpsscs_feature_ensemble,simWind_test.mat,simMed_test.mat
0.0001,0.9995371700403423,0.7777777777777778,9.164082904403341e-05,63,65473,6,6,55,loso_supervised_tpsscs_feature_hgb_conservative_topk_strict_gt,simMed_test.mat,110,simMed_test.mat#110,loso_supervised_tpsscs_feature_hgb,learned_tpsscs_feature_ensemble,simWind_test.mat,simMed_test.mat
0.0003,0.9984284217628576,0.9206349206349206,0.00029019595863943913,63,65473,19,19,77,loso_supervised_tpsscs_feature_hgb_conservative_topk_strict_gt,simMed_test.mat,110,simMed_test.mat#110,loso_supervised_tpsscs_feature_hgb,learned_tpsscs_feature_ensemble,simWind_test.mat,simMed_test.mat
0.001,0.9914119846234158,0.9523809523809523,0.0009927756479770288,63,65473,65,65,125,loso_supervised_tpsscs_feature_hgb_conservative_topk_strict_gt,simMed_test.mat,110,simMed_test.mat#110,loso_supervised_tpsscs_feature_hgb,learned_tpsscs_feature_ensemble,simWind_test.mat,simMed_test.mat
0.003,0.9358671164277347,0.9841269841269841,0.002993600415438425,63,65473,196,196,258,loso_supervised_tpsscs_feature_hgb_conservative_topk_strict_gt,simMed_test.mat,110,simMed_test.mat#110,loso_supervised_tpsscs_feature_hgb,learned_tpsscs_feature_ensemble,simWind_test.mat,simMed_test.mat
0.01,0.6784273431966159,1.0,0.009988850365799643,63,65473,654,654,717,loso_supervised_tpsscs_feature_hgb_conservative_topk_strict_gt,simMed_test.mat,110,simMed_test.mat#110,loso_supervised_tpsscs_feature_hgb,learned_tpsscs_feature_ensemble,simWind_test.mat,simMed_test.mat
1e-05,0.9996429537499691,0.09302325581395349,0.0,43,65493,0,0,4,loso_supervised_tpsscs_feature_hgb_conservative_topk_strict_gt,simMed_test.mat,111,simMed_test.mat#111,loso_supervised_tpsscs_feature_hgb,learned_tpsscs_feature_ensemble,simWind_test.mat,simMed_test.mat
3e-05,0.9994229737680635,0.23255813953488372,1.526880735345762e-05,43,65493,1,1,11,loso_supervised_tpsscs_feature_hgb_conservative_topk_strict_gt,simMed_test.mat,111,simMed_test.mat#111,loso_supervised_tpsscs_feature_hgb,learned_tpsscs_feature_ensemble,simWind_test.mat,simMed_test.mat
0.0001,0.9987331766868142,0.3953488372093023,9.161284412074573e-05,43,65493,6,6,23,loso_supervised_tpsscs_feature_hgb_conservative_topk_strict_gt,simMed_test.mat,111,simMed_test.mat#111,loso_supervised_tpsscs_feature_hgb,learned_tpsscs_feature_ensemble,simWind_test.mat,simMed_test.mat
0.0003,0.9945617326516966,0.5348837209302325,0.0002901073397156948,43,65493,19,19,42,loso_supervised_tpsscs_feature_hgb_conservative_topk_strict_gt,simMed_test.mat,111,simMed_test.mat#111,loso_supervised_tpsscs_feature_hgb,learned_tpsscs_feature_ensemble,simWind_test.mat,simMed_test.mat
0.001,0.9707390377887011,0.627906976744186,0.0009924724779747454,43,65493,65,65,92,loso_supervised_tpsscs_feature_hgb_conservative_topk_strict_gt,simMed_test.mat,111,simMed_test.mat#111,loso_supervised_tpsscs_feature_hgb,learned_tpsscs_feature_ensemble,simWind_test.mat,simMed_test.mat
0.003,0.8650977415193614,0.7674418604651163,0.0029926862412776936,43,65493,196,196,229,loso_supervised_tpsscs_feature_hgb_conservative_topk_strict_gt,simMed_test.mat,111,simMed_test.mat#111,loso_supervised_tpsscs_feature_hgb,learned_tpsscs_feature_ensemble,simWind_test.mat,simMed_test.mat
0.01,0.5291379380882408,0.9069767441860465,0.009985800009161284,43,65493,654,654,693,loso_supervised_tpsscs_feature_hgb_conservative_topk_strict_gt,simMed_test.mat,111,simMed_test.mat#111,loso_supervised_tpsscs_feature_hgb,learned_tpsscs_feature_ensemble,simWind_test.mat,simMed_test.mat
1e-05,0.9997445626720999,0.3829787234042553,0.0,47,65489,0,0,18,loso_supervised_tpsscs_feature_hgb_conservative_topk_strict_gt,simMed_test.mat,112,simMed_test.mat#112,loso_supervised_tpsscs_feature_hgb,learned_tpsscs_feature_ensemble,simWind_test.mat,simMed_test.mat
3e-05,0.9997289971995673,0.425531914893617,1.5269739956328543e-05,47,65489,1,1,21,loso_supervised_tpsscs_feature_hgb_conservative_topk_strict_gt,simMed_test.mat,112,simMed_test.mat#112,loso_supervised_tpsscs_feature_hgb,learned_tpsscs_feature_ensemble,simWind_test.mat,simMed_test.mat
0.0001,0.999554405546021,0.7872340425531915,9.161843973797126e-05,47,65489,6,6,43,loso_supervised_tpsscs_feature_hgb_conservative_topk_strict_gt,simMed_test.mat,112,simMed_test.mat#112,loso_supervised_tpsscs_feature_hgb,learned_tpsscs_feature_ensemble,simWind_test.mat,simMed_test.mat
0.0003,0.9982763397019773,0.851063829787234,0.00029012505917024235,47,65489,19,19,59,loso_supervised_tpsscs_feature_hgb_conservative_topk_strict_gt,simMed_test.mat,112,simMed_test.mat#112,loso_supervised_tpsscs_feature_hgb,learned_tpsscs_feature_ensemble,simWind_test.mat,simMed_test.mat
0.001,0.9882172245106405,1.0,0.0009925330971613554,47,65489,65,65,112,loso_supervised_tpsscs_feature_hgb_conservative_topk_strict_gt,simMed_test.mat,112,simMed_test.mat#112,loso_supervised_tpsscs_feature_hgb,learned_tpsscs_feature_ensemble,simWind_test.mat,simMed_test.mat
0.003,0.915176656141069,1.0,0.0029928690314403946,47,65489,196,196,243,loso_supervised_tpsscs_feature_hgb_conservative_topk_strict_gt,simMed_test.mat,112,simMed_test.mat#112,loso_supervised_tpsscs_feature_hgb,learned_tpsscs_feature_ensemble,simWind_test.mat,simMed_test.mat
0.01,0.5991078381646081,1.0,0.009986409931438867,47,65489,654,654,701,loso_supervised_tpsscs_feature_hgb_conservative_topk_strict_gt,simMed_test.mat,112,simMed_test.mat#112,loso_supervised_tpsscs_feature_hgb,learned_tpsscs_feature_ensemble,simWind_test.mat,simMed_test.mat
1e-05,0.9997879527397395,0.07142857142857142,0.0,14,65522,0,0,1,loso_supervised_tpsscs_feature_hgb_conservative_topk_strict_gt,simMed_test.mat,113,simMed_test.mat#113,loso_supervised_tpsscs_feature_hgb,learned_tpsscs_feature_ensemble,simWind_test.mat,simMed_test.mat
3e-05,0.999773219552057,0.14285714285714285,1.5262049387991818e-05,14,65522,1,1,3,loso_supervised_tpsscs_feature_hgb_conservative_topk_strict_gt,simMed_test.mat,113,simMed_test.mat#113,loso_supervised_tpsscs_feature_hgb,learned_tpsscs_feature_ensemble,simWind_test.mat,simMed_test.mat
0.0001,0.9979755127546439,0.7857142857142857,9.157229632795092e-05,14,65522,6,6,17,loso_supervised_tpsscs_feature_hgb_conservative_topk_strict_gt,simMed_test.mat,113,simMed_test.mat#113,loso_supervised_tpsscs_feature_hgb,learned_tpsscs_feature_ensemble,simWind_test.mat,simMed_test.mat
0.0003,0.989686017681577,0.9285714285714286,0.00028997893837184456,14,65522,19,19,32,loso_supervised_tpsscs_feature_hgb_conservative_topk_strict_gt,simMed_test.mat,113,simMed_test.mat#113,loso_supervised_tpsscs_feature_hgb,learned_tpsscs_feature_ensemble,simWind_test.mat,simMed_test.mat
0.001,0.9255375428479681,1.0,0.0009920332102194684,14,65522,65,65,79,loso_supervised_tpsscs_feature_hgb_conservative_topk_strict_gt,simMed_test.mat,113,simMed_test.mat#113,loso_supervised_tpsscs_feature_hgb,learned_tpsscs_feature_ensemble,simWind_test.mat,simMed_test.mat
0.003,0.7449849575340451,1.0,0.0029913616800463965,14,65522,196,196,210,loso_supervised_tpsscs_feature_hgb_conservative_topk_strict_gt,simMed_test.mat,113,simMed_test.mat#113,loso_supervised_tpsscs_feature_hgb,learned_tpsscs_feature_ensemble,simWind_test.mat,simMed_test.mat
0.01,0.3693564600885789,1.0,0.009996642349134641,14,65522,655,655,669,loso_supervised_tpsscs_feature_hgb_conservative_topk_strict_gt,simMed_test.mat,113,simMed_test.mat#113,loso_supervised_tpsscs_feature_hgb,learned_tpsscs_feature_ensemble,simWind_test.mat,simMed_test.mat
1e-05,0.9996974227190963,0.2222222222222222,0.0,36,65500,0,0,8,loso_supervised_tpsscs_feature_hgb_conservative_topk_strict_gt,simMed_test.mat,114,simMed_test.mat#114,loso_supervised_tpsscs_feature_hgb,learned_tpsscs_feature_ensemble,simWind_test.mat,simMed_test.mat
3e-05,0.9996247449462925,0.4444444444444444,1.5267175572519083e-05,36,65500,1,1,17,loso_supervised_tpsscs_feature_hgb_conservative_topk_strict_gt,simMed_test.mat,114,simMed_test.mat#114,loso_supervised_tpsscs_feature_hgb,learned_tpsscs_feature_ensemble,simWind_test.mat,simMed_test.mat
0.0001,0.9993063238990882,0.5833333333333334,9.16030534351145e-05,36,65500,6,6,27,loso_supervised_tpsscs_feature_hgb_conservative_topk_strict_gt,simMed_test.mat,114,simMed_test.mat#114,loso_supervised_tpsscs_feature_hgb,learned_tpsscs_feature_ensemble,simWind_test.mat,simMed_test.mat
0.0003,0.9982157049302228,0.6666666666666666,0.0002900763358778626,36,65500,19,19,43,loso_supervised_tpsscs_feature_hgb_conservative_topk_strict_gt,simMed_test.mat,114,simMed_test.mat#114,loso_supervised_tpsscs_feature_hgb,learned_tpsscs_feature_ensemble,simWind_test.mat,simMed_test.mat
0.001,0.979108164127888,0.8888888888888888,0.0009923664122137405,36,65500,65,65,97,loso_supervised_tpsscs_feature_hgb_conservative_topk_strict_gt,simMed_test.mat,114,simMed_test.mat#114,loso_supervised_tpsscs_feature_hgb,learned_tpsscs_feature_ensemble,simWind_test.mat,simMed_test.mat
0.003,0.8349992143864595,0.9166666666666666,0.0029923664122137403,36,65500,196,196,229,loso_supervised_tpsscs_feature_hgb_conservative_topk_strict_gt,simMed_test.mat,114,simMed_test.mat#114,loso_supervised_tpsscs_feature_hgb,learned_tpsscs_feature_ensemble,simWind_test.mat,simMed_test.mat
0.01,0.3704497136294522,0.9722222222222222,0.01,36,65500,655,655,690,loso_supervised_tpsscs_feature_hgb_conservative_topk_strict_gt,simMed_test.mat,114,simMed_test.mat#114,loso_supervised_tpsscs_feature_hgb,learned_tpsscs_feature_ensemble,simWind_test.mat,simMed_test.mat
1e-05,0.9981101269202516,0.2727272727272727,0.0,22,65514,0,0,6,loso_supervised_tpsscs_feature_hgb_conservative_topk_strict_gt,simMed_test.mat,115,simMed_test.mat#115,loso_supervised_tpsscs_feature_hgb,learned_tpsscs_feature_ensemble,simWind_test.mat,simMed_test.mat
3e-05,0.9974622825453665,0.2727272727272727,1.5263913056751228e-05,22,65514,1,1,7,loso_supervised_tpsscs_feature_hgb_conservative_topk_strict_gt,simMed_test.mat,115,simMed_test.mat#115,loso_supervised_tpsscs_feature_hgb,learned_tpsscs_feature_ensemble,simWind_test.mat,simMed_test.mat
0.0001,0.9944553358635275,0.2727272727272727,9.158347834050737e-05,22,65514,6,6,12,loso_supervised_tpsscs_feature_hgb_conservative_topk_strict_gt,simMed_test.mat,115,simMed_test.mat#115,loso_supervised_tpsscs_feature_hgb,learned_tpsscs_feature_ensemble,simWind_test.mat,simMed_test.mat
0.0003,0.9641071554916206,0.45454545454545453,0.00029001434807827335,22,65514,19,19,29,loso_supervised_tpsscs_feature_hgb_conservative_topk_strict_gt,simMed_test.mat,115,simMed_test.mat#115,loso_supervised_tpsscs_feature_hgb,learned_tpsscs_feature_ensemble,simWind_test.mat,simMed_test.mat
0.001,0.891770078921352,0.5909090909090909,0.0009921543486888298,22,65514,65,65,78,loso_supervised_tpsscs_feature_hgb_conservative_topk_strict_gt,simMed_test.mat,115,simMed_test.mat#115,loso_supervised_tpsscs_feature_hgb,learned_tpsscs_feature_ensemble,simWind_test.mat,simMed_test.mat
0.003,0.7494688810064483,0.7727272727272727,0.002991726959123241,22,65514,196,196,213,loso_supervised_tpsscs_feature_hgb_conservative_topk_strict_gt,simMed_test.mat,115,simMed_test.mat#115,loso_supervised_tpsscs_feature_hgb,learned_tpsscs_feature_ensemble,simWind_test.mat,simMed_test.mat
0.01,0.34586987778040207,0.8636363636363636,0.009997863052172054,22,65514,655,655,674,loso_supervised_tpsscs_feature_hgb_conservative_topk_strict_gt,simMed_test.mat,115,simMed_test.mat#115,loso_supervised_tpsscs_feature_hgb,learned_tpsscs_feature_ensemble,simWind_test.mat,simMed_test.mat
1e-05,0.999664710318178,0.07407407407407407,0.0,27,65509,0,0,2,loso_supervised_tpsscs_feature_hgb_conservative_topk_strict_gt,simMed_test.mat,116,simMed_test.mat#116,loso_supervised_tpsscs_feature_hgb,learned_tpsscs_feature_ensemble,simWind_test.mat,simMed_test.mat
3e-05,0.9996072234930888,0.14814814814814814,1.5265078080874384e-05,27,65509,1,1,5,loso_supervised_tpsscs_feature_hgb_conservative_topk_strict_gt,simMed_test.mat,116,simMed_test.mat#116,loso_supervised_tpsscs_feature_hgb,learned_tpsscs_feature_ensemble,simWind_test.mat,simMed_test.mat
0.0001,0.9993237261116743,0.37037037037037035,9.15904684852463e-05,27,65509,6,6,16,loso_supervised_tpsscs_feature_hgb_conservative_topk_strict_gt,simMed_test.mat,116,simMed_test.mat#116,loso_supervised_tpsscs_feature_hgb,learned_tpsscs_feature_ensemble,simWind_test.mat,simMed_test.mat
0.0003,0.9976564162545566,0.5925925925925926,0.0002900364835366133,27,65509,19,19,35,loso_supervised_tpsscs_feature_hgb_conservative_topk_strict_gt,simMed_test.mat,116,simMed_test.mat#116,loso_supervised_tpsscs_feature_hgb,learned_tpsscs_feature_ensemble,simWind_test.mat,simMed_test.mat
0.001,0.9869240807166124,0.7037037037037037,0.000992230075256835,27,65509,65,65,84,loso_supervised_tpsscs_feature_hgb_conservative_topk_strict_gt,simMed_test.mat,116,simMed_test.mat#116,loso_supervised_tpsscs_feature_hgb,learned_tpsscs_feature_ensemble,simWind_test.mat,simMed_test.mat
0.003,0.9237629623429194,0.8518518518518519,0.002991955303851379,27,65509,196,196,219,loso_supervised_tpsscs_feature_hgb_conservative_topk_strict_gt,simMed_test.mat,116,simMed_test.mat#116,loso_supervised_tpsscs_feature_hgb,learned_tpsscs_feature_ensemble,simWind_test.mat,simMed_test.mat
0.01,0.5367969820622192,0.9629629629629629,0.00999862614297272,27,65509,655,655,681,loso_supervised_tpsscs_feature_hgb_conservative_topk_strict_gt,simMed_test.mat,116,simMed_test.mat#116,loso_supervised_tpsscs_feature_hgb,learned_tpsscs_feature_ensemble,simWind_test.mat,simMed_test.mat
1e-05,0.9996666052885679,0.5357142857142857,0.0,56,65480,0,0,30,loso_supervised_tpsscs_feature_hgb_conservative_topk_strict_gt,simMed_test.mat,117,simMed_test.mat#117,loso_supervised_tpsscs_feature_hgb,learned_tpsscs_feature_ensemble,simWind_test.mat,simMed_test.mat
3e-05,0.9996375144806516,0.5714285714285714,1.5271838729383018e-05,56,65480,1,1,33,loso_supervised_tpsscs_feature_hgb_conservative_topk_strict_gt,simMed_test.mat,117,simMed_test.mat#117,loso_supervised_tpsscs_feature_hgb,learned_tpsscs_feature_ensemble,simWind_test.mat,simMed_test.mat
0.0001,0.9993472114417049,0.8214285714285714,9.163103237629811e-05,56,65480,6,6,52,loso_supervised_tpsscs_feature_hgb_conservative_topk_strict_gt,simMed_test.mat,117,simMed_test.mat#117,loso_supervised_tpsscs_feature_hgb,learned_tpsscs_feature_ensemble,simWind_test.mat,simMed_test.mat
0.0003,0.9985155343763571,0.9107142857142857,0.00029016493585827736,56,65480,19,19,70,loso_supervised_tpsscs_feature_hgb_conservative_topk_strict_gt,simMed_test.mat,117,simMed_test.mat#117,loso_supervised_tpsscs_feature_hgb,learned_tpsscs_feature_ensemble,simWind_test.mat,simMed_test.mat
0.001,0.9885234264647165,0.9821428571428571,0.0009926695174098962,56,65480,65,65,120,loso_supervised_tpsscs_feature_hgb_conservative_topk_strict_gt,simMed_test.mat,117,simMed_test.mat#117,loso_supervised_tpsscs_feature_hgb,learned_tpsscs_feature_ensemble,simWind_test.mat,simMed_test.mat
0.003,0.947736216829673,1.0,0.0029932803909590716,56,65480,196,196,252,loso_supervised_tpsscs_feature_hgb_conservative_topk_strict_gt,simMed_test.mat,117,simMed_test.mat#117,loso_supervised_tpsscs_feature_hgb,learned_tpsscs_feature_ensemble,simWind_test.mat,simMed_test.mat
0.01,0.722970205573703,1.0,0.009987782529016494,56,65480,654,654,710,loso_supervised_tpsscs_feature_hgb_conservative_topk_strict_gt,simMed_test.mat,117,simMed_test.mat#117,loso_supervised_tpsscs_feature_hgb,learned_tpsscs_feature_ensemble,simWind_test.mat,simMed_test.mat
1e-05,0.9997557576517891,0.10526315789473684,0.0,57,65479,0,0,6,loso_supervised_tpsscs_feature_hgb_conservative_topk_strict_gt,simMed_test.mat,118,simMed_test.mat#118,loso_supervised_tpsscs_feature_hgb,learned_tpsscs_feature_ensemble,simWind_test.mat,simMed_test.mat
3e-05,0.9996353556944538,0.24561403508771928,1.5272071962003084e-05,57,65479,1,1,15,loso_supervised_tpsscs_feature_hgb_conservative_topk_strict_gt,simMed_test.mat,118,simMed_test.mat#118,loso_supervised_tpsscs_feature_hgb,learned_tpsscs_feature_ensemble,simWind_test.mat,simMed_test.mat
0.0001,0.9994458000093961,0.42105263157894735,9.163243177201851e-05,57,65479,6,6,30,loso_supervised_tpsscs_feature_hgb_conservative_topk_strict_gt,simMed_test.mat,118,simMed_test.mat#118,loso_supervised_tpsscs_feature_hgb,learned_tpsscs_feature_ensemble,simWind_test.mat,simMed_test.mat
0.0003,0.9981820961231289,0.5964912280701754,0.0002901693672780586,57,65479,19,19,53,loso_supervised_tpsscs_feature_hgb_conservative_topk_strict_gt,simMed_test.mat,118,simMed_test.mat#118,loso_supervised_tpsscs_feature_hgb,learned_tpsscs_feature_ensemble,simWind_test.mat,simMed_test.mat
0.001,0.9884958772018825,0.7894736842105263,0.0009926846775302005,57,65479,65,65,110,loso_supervised_tpsscs_feature_hgb_conservative_topk_strict_gt,simMed_test.mat,118,simMed_test.mat#118,loso_supervised_tpsscs_feature_hgb,learned_tpsscs_feature_ensemble,simWind_test.mat,simMed_test.mat
0.003,0.9222439953439628,0.8771929824561403,0.0029933261045526046,57,65479,196,196,246,loso_supervised_tpsscs_feature_hgb_conservative_topk_strict_gt,simMed_test.mat,118,simMed_test.mat#118,loso_supervised_tpsscs_feature_hgb,learned_tpsscs_feature_ensemble,simWind_test.mat,simMed_test.mat
0.01,0.5094506409725433,0.9298245614035088,0.009987935063150018,57,65479,654,654,707,loso_supervised_tpsscs_feature_hgb_conservative_topk_strict_gt,simMed_test.mat,118,simMed_test.mat#118,loso_supervised_tpsscs_feature_hgb,learned_tpsscs_feature_ensemble,simWind_test.mat,simMed_test.mat
1e-05,0.9997855368834188,0.2702702702702703,0.0,37,65499,0,0,10,loso_supervised_tpsscs_feature_hgb_conservative_topk_strict_gt,simMed_test.mat,121,simMed_test.mat#121,loso_supervised_tpsscs_feature_hgb,learned_tpsscs_feature_ensemble,simWind_test.mat,simMed_test.mat
3e-05,0.9997595777186556,0.40540540540540543,1.5267408662727676e-05,37,65499,1,1,16,loso_supervised_tpsscs_feature_hgb_conservative_topk_strict_gt,simMed_test.mat,121,simMed_test.mat#121,loso_supervised_tpsscs_feature_hgb,learned_tpsscs_feature_ensemble,simWind_test.mat,simMed_test.mat
0.0001,0.999531014260838,0.8648648648648649,9.160445197636606e-05,37,65499,6,6,38,loso_supervised_tpsscs_feature_hgb_conservative_topk_strict_gt,simMed_test.mat,121,simMed_test.mat#121,loso_supervised_tpsscs_feature_hgb,learned_tpsscs_feature_ensemble,simWind_test.mat,simMed_test.mat
0.0003,0.9990696704757189,0.8918918918918919,0.00029008076459182585,37,65499,19,19,52,loso_supervised_tpsscs_feature_hgb_conservative_topk_strict_gt,simMed_test.mat,121,simMed_test.mat#121,loso_supervised_tpsscs_feature_hgb,learned_tpsscs_feature_ensemble,simWind_test.mat,simMed_test.mat
0.001,0.9895779197241853,0.9459459459459459,0.0009923815630772988,37,65499,65,65,100,loso_supervised_tpsscs_feature_hgb_conservative_topk_strict_gt,simMed_test.mat,121,simMed_test.mat#121,loso_supervised_tpsscs_feature_hgb,learned_tpsscs_feature_ensemble,simWind_test.mat,simMed_test.mat
0.003,0.9416229808634552,1.0,0.0029924120978946245,37,65499,196,196,233,loso_supervised_tpsscs_feature_hgb_conservative_topk_strict_gt,simMed_test.mat,121,simMed_test.mat#121,loso_supervised_tpsscs_feature_hgb,learned_tpsscs_feature_ensemble,simWind_test.mat,simMed_test.mat
0.01,0.579231163642312,1.0,0.009984885265423899,37,65499,654,654,691,loso_supervised_tpsscs_feature_hgb_conservative_topk_strict_gt,simMed_test.mat,121,simMed_test.mat#121,loso_supervised_tpsscs_feature_hgb,learned_tpsscs_feature_ensemble,simWind_test.mat,simMed_test.mat
1e-05,0.9996166729536436,0.0,0.0,15,65521,0,0,0,loso_supervised_tpsscs_feature_hgb_conservative_topk_strict_gt,simMed_test.mat,122,simMed_test.mat#122,loso_supervised_tpsscs_feature_hgb,learned_tpsscs_feature_ensemble,simWind_test.mat,simMed_test.mat
3e-05,0.999013373728214,0.3333333333333333,1.5262282321698386e-05,15,65521,1,1,6,loso_supervised_tpsscs_feature_hgb_conservative_topk_strict_gt,simMed_test.mat,122,simMed_test.mat#122,loso_supervised_tpsscs_feature_hgb,learned_tpsscs_feature_ensemble,simWind_test.mat,simMed_test.mat
0.0001,0.9820719088302597,0.4666666666666667,9.157369393019033e-05,15,65521,6,6,13,loso_supervised_tpsscs_feature_hgb_conservative_topk_strict_gt,simMed_test.mat,122,simMed_test.mat#122,loso_supervised_tpsscs_feature_hgb,learned_tpsscs_feature_ensemble,simWind_test.mat,simMed_test.mat
0.0003,0.9052902242003364,0.6,0.00028998336411226937,15,65521,19,19,28,loso_supervised_tpsscs_feature_hgb_conservative_topk_strict_gt,simMed_test.mat,122,simMed_test.mat#122,loso_supervised_tpsscs_feature_hgb,learned_tpsscs_feature_ensemble,simWind_test.mat,simMed_test.mat
0.001,0.780344722085995,0.8,0.000992048350910395,15,65521,65,65,77,loso_supervised_tpsscs_feature_hgb_conservative_topk_strict_gt,simMed_test.mat,122,simMed_test.mat#122,loso_supervised_tpsscs_feature_hgb,learned_tpsscs_feature_ensemble,simWind_test.mat,simMed_test.mat
0.003,0.5142669602660155,0.9333333333333333,0.0029914073350528836,15,65521,196,196,210,loso_supervised_tpsscs_feature_hgb_conservative_topk_strict_gt,simMed_test.mat,122,simMed_test.mat#122,loso_supervised_tpsscs_feature_hgb,learned_tpsscs_feature_ensemble,simWind_test.mat,simMed_test.mat
0.01,0.14704024402846994,1.0,0.009996794920712444,15,65521,655,655,670,loso_supervised_tpsscs_feature_hgb_conservative_topk_strict_gt,simMed_test.mat,122,simMed_test.mat#122,loso_supervised_tpsscs_feature_hgb,learned_tpsscs_feature_ensemble,simWind_test.mat,simMed_test.mat
1e-05,0.9998010007837858,0.09523809523809523,0.0,42,65494,0,0,4,loso_supervised_tpsscs_feature_hgb_conservative_topk_strict_gt,simMed_test.mat,123,simMed_test.mat#123,loso_supervised_tpsscs_feature_hgb,learned_tpsscs_feature_ensemble,simWind_test.mat,simMed_test.mat
3e-05,0.9997283484771049,0.4523809523809524,1.5268574220539285e-05,42,65494,1,1,20,loso_supervised_tpsscs_feature_hgb_conservative_topk_strict_gt,simMed_test.mat,123,simMed_test.mat#123,loso_supervised_tpsscs_feature_hgb,learned_tpsscs_feature_ensemble,simWind_test.mat,simMed_test.mat
0.0001,0.9993840935915799,0.7857142857142857,9.161144532323571e-05,42,65494,6,6,39,loso_supervised_tpsscs_feature_hgb_conservative_topk_strict_gt,simMed_test.mat,123,simMed_test.mat#123,loso_supervised_tpsscs_feature_hgb,learned_tpsscs_feature_ensemble,simWind_test.mat,simMed_test.mat
0.0003,0.999064508728611,0.8809523809523809,0.00029010291019024645,42,65494,19,19,56,loso_supervised_tpsscs_feature_hgb_conservative_topk_strict_gt,simMed_test.mat,123,simMed_test.mat#123,loso_supervised_tpsscs_feature_hgb,learned_tpsscs_feature_ensemble,simWind_test.mat,simMed_test.mat
0.001,0.9928690791596949,0.9523809523809523,0.0009924573243350536,42,65494,65,65,105,loso_supervised_tpsscs_feature_hgb_conservative_topk_strict_gt,simMed_test.mat,123,simMed_test.mat#123,loso_supervised_tpsscs_feature_hgb,learned_tpsscs_feature_ensemble,simWind_test.mat,simMed_test.mat
0.003,0.9643416599435626,1.0,0.0029926405472257,42,65494,196,196,238,loso_supervised_tpsscs_feature_hgb_conservative_topk_strict_gt,simMed_test.mat,123,simMed_test.mat#123,loso_supervised_tpsscs_feature_hgb,learned_tpsscs_feature_ensemble,simWind_test.mat,simMed_test.mat
0.01,0.751744936427839,1.0,0.009985647540232694,42,65494,654,654,696,loso_supervised_tpsscs_feature_hgb_conservative_topk_strict_gt,simMed_test.mat,123,simMed_test.mat#123,loso_supervised_tpsscs_feature_hgb,learned_tpsscs_feature_ensemble,simWind_test.mat,simMed_test.mat
1e-05,0.9995376214153318,0.36,0.0,25,65511,0,0,9,loso_supervised_tpsscs_feature_hgb_conservative_topk_strict_gt,simMed_test.mat,124,simMed_test.mat#124,loso_supervised_tpsscs_feature_hgb,learned_tpsscs_feature_ensemble,simWind_test.mat,simMed_test.mat
3e-05,0.9994419575473007,0.44,1.526461204988475e-05,25,65511,1,1,12,loso_supervised_tpsscs_feature_hgb_conservative_topk_strict_gt,simMed_test.mat,124,simMed_test.mat#124,loso_supervised_tpsscs_feature_hgb,learned_tpsscs_feature_ensemble,simWind_test.mat,simMed_test.mat
0.0001,0.9988651247309831,0.64,9.158767229930851e-05,25,65511,6,6,22,loso_supervised_tpsscs_feature_hgb_conservative_topk_strict_gt,simMed_test.mat,124,simMed_test.mat#124,loso_supervised_tpsscs_feature_hgb,learned_tpsscs_feature_ensemble,simWind_test.mat,simMed_test.mat
0.0003,0.9913087183513307,0.68,0.0002900276289478103,25,65511,19,19,36,loso_supervised_tpsscs_feature_hgb_conservative_topk_strict_gt,simMed_test.mat,124,simMed_test.mat#124,loso_supervised_tpsscs_feature_hgb,learned_tpsscs_feature_ensemble,simWind_test.mat,simMed_test.mat
0.001,0.9314810908528608,0.76,0.0009921997832425089,25,65511,65,65,84,loso_supervised_tpsscs_feature_hgb_conservative_topk_strict_gt,simMed_test.mat,124,simMed_test.mat#124,loso_supervised_tpsscs_feature_hgb,learned_tpsscs_feature_ensemble,simWind_test.mat,simMed_test.mat
0.003,0.7426788396460147,0.88,0.0029918639617774116,25,65511,196,196,218,loso_supervised_tpsscs_feature_hgb_conservative_topk_strict_gt,simMed_test.mat,124,simMed_test.mat#124,loso_supervised_tpsscs_feature_hgb,learned_tpsscs_feature_ensemble,simWind_test.mat,simMed_test.mat
0.01,0.3271648714656069,0.88,0.009998320892674512,25,65511,655,655,677,loso_supervised_tpsscs_feature_hgb_conservative_topk_strict_gt,simMed_test.mat,124,simMed_test.mat#124,loso_supervised_tpsscs_feature_hgb,learned_tpsscs_feature_ensemble,simWind_test.mat,simMed_test.mat
1e-05,0.9997323076673398,0.2033898305084746,0.0,59,65477,0,0,12,loso_supervised_tpsscs_feature_hgb_conservative_topk_strict_gt,simMed_test.mat,125,simMed_test.mat#125,loso_supervised_tpsscs_feature_hgb,learned_tpsscs_feature_ensemble,simWind_test.mat,simMed_test.mat
3e-05,0.9996370089972114,0.2542372881355932,1.5272538448615544e-05,59,65477,1,1,16,loso_supervised_tpsscs_feature_hgb_conservative_topk_strict_gt,simMed_test.mat,125,simMed_test.mat#125,loso_supervised_tpsscs_feature_hgb,learned_tpsscs_feature_ensemble,simWind_test.mat,simMed_test.mat
0.0001,0.9987087874382267,0.5084745762711864,9.163523069169327e-05,59,65477,6,6,36,loso_supervised_tpsscs_feature_hgb_conservative_topk_strict_gt,simMed_test.mat,125,simMed_test.mat#125,loso_supervised_tpsscs_feature_hgb,learned_tpsscs_feature_ensemble,simWind_test.mat,simMed_test.mat
0.0003,0.99639625165122,0.576271186440678,0.00029017823052369533,59,65477,19,19,53,loso_supervised_tpsscs_feature_hgb_conservative_topk_strict_gt,simMed_test.mat,125,simMed_test.mat#125,loso_supervised_tpsscs_feature_hgb,learned_tpsscs_feature_ensemble,simWind_test.mat,simMed_test.mat
0.001,0.9814486323886525,0.7796610169491526,0.0009927149991600104,59,65477,65,65,111,loso_supervised_tpsscs_feature_hgb_conservative_topk_strict_gt,simMed_test.mat,125,simMed_test.mat#125,loso_supervised_tpsscs_feature_hgb,learned_tpsscs_feature_ensemble,simWind_test.mat,simMed_test.mat
0.003,0.8737491541442366,0.9491525423728814,0.002993417535928647,59,65477,196,196,252,loso_supervised_tpsscs_feature_hgb_conservative_topk_strict_gt,simMed_test.mat,125,simMed_test.mat#125,loso_supervised_tpsscs_feature_hgb,learned_tpsscs_feature_ensemble,simWind_test.mat,simMed_test.mat
0.01,0.43130438773870194,1.0,0.009988240145394567,59,65477,654,654,713,loso_supervised_tpsscs_feature_hgb_conservative_topk_strict_gt,simMed_test.mat,125,simMed_test.mat#125,loso_supervised_tpsscs_feature_hgb,learned_tpsscs_feature_ensemble,simWind_test.mat,simMed_test.mat
1e-05,0.9996589047814182,0.34615384615384615,0.0,26,65510,0,0,9,loso_supervised_tpsscs_feature_hgb_conservative_topk_strict_gt,simMed_test.mat,126,simMed_test.mat#126,loso_supervised_tpsscs_feature_hgb,learned_tpsscs_feature_ensemble,simWind_test.mat,simMed_test.mat
3e-05,0.999567324067109,0.38461538461538464,1.5264845061822624e-05,26,65510,1,1,11,loso_supervised_tpsscs_feature_hgb_conservative_topk_strict_gt,simMed_test.mat,126,simMed_test.mat#126,loso_supervised_tpsscs_feature_hgb,learned_tpsscs_feature_ensemble,simWind_test.mat,simMed_test.mat
0.0001,0.9979817451982682,0.5769230769230769,9.158907037093573e-05,26,65510,6,6,21,loso_supervised_tpsscs_feature_hgb_conservative_topk_strict_gt,simMed_test.mat,126,simMed_test.mat#126,loso_supervised_tpsscs_feature_hgb,learned_tpsscs_feature_ensemble,simWind_test.mat,simMed_test.mat
0.0003,0.9883379746482065,0.6538461538461539,0.00029003205617462985,26,65510,19,19,36,loso_supervised_tpsscs_feature_hgb_conservative_topk_strict_gt,simMed_test.mat,126,simMed_test.mat#126,loso_supervised_tpsscs_feature_hgb,learned_tpsscs_feature_ensemble,simWind_test.mat,simMed_test.mat
0.001,0.9494169840072093,0.7307692307692307,0.0009922149290184704,26,65510,65,65,84,loso_supervised_tpsscs_feature_hgb_conservative_topk_strict_gt,simMed_test.mat,126,simMed_test.mat#126,loso_supervised_tpsscs_feature_hgb,learned_tpsscs_feature_ensemble,simWind_test.mat,simMed_test.mat
0.003,0.7686941050158951,0.8076923076923077,0.002991909632117234,26,65510,196,196,217,loso_supervised_tpsscs_feature_hgb_conservative_topk_strict_gt,simMed_test.mat,126,simMed_test.mat#126,loso_supervised_tpsscs_feature_hgb,learned_tpsscs_feature_ensemble,simWind_test.mat,simMed_test.mat
0.01,0.35099686006451475,0.8461538461538461,0.009998473515493819,26,65510,655,655,677,loso_supervised_tpsscs_feature_hgb_conservative_topk_strict_gt,simMed_test.mat,126,simMed_test.mat#126,loso_supervised_tpsscs_feature_hgb,learned_tpsscs_feature_ensemble,simWind_test.mat,simMed_test.mat
1e-05,0.9996576246248429,0.5757575757575758,0.0,33,65503,0,0,19,loso_supervised_tpsscs_feature_hgb_conservative_topk_strict_gt,simMed_test.mat,127,simMed_test.mat#127,loso_supervised_tpsscs_feature_hgb,learned_tpsscs_feature_ensemble,simWind_test.mat,simMed_test.mat
3e-05,0.9996324849913888,0.6060606060606061,1.5266476344594905e-05,33,65503,1,1,21,loso_supervised_tpsscs_feature_hgb_conservative_topk_strict_gt,simMed_test.mat,127,simMed_test.mat#127,loso_supervised_tpsscs_feature_hgb,learned_tpsscs_feature_ensemble,simWind_test.mat,simMed_test.mat
0.0001,0.9990997129271576,0.9090909090909091,9.159885806756943e-05,33,65503,6,6,36,loso_supervised_tpsscs_feature_hgb_conservative_topk_strict_gt,simMed_test.mat,127,simMed_test.mat#127,loso_supervised_tpsscs_feature_hgb,learned_tpsscs_feature_ensemble,simWind_test.mat,simMed_test.mat
0.0003,0.9969207921472181,0.9696969696969697,0.0002900630505473032,33,65503,19,19,51,loso_supervised_tpsscs_feature_hgb_conservative_topk_strict_gt,simMed_test.mat,127,simMed_test.mat#127,loso_supervised_tpsscs_feature_hgb,learned_tpsscs_feature_ensemble,simWind_test.mat,simMed_test.mat
0.001,0.9754273320873096,0.9696969696969697,0.0009923209623986687,33,65503,65,65,97,loso_supervised_tpsscs_feature_hgb_conservative_topk_strict_gt,simMed_test.mat,127,simMed_test.mat#127,loso_supervised_tpsscs_feature_hgb,learned_tpsscs_feature_ensemble,simWind_test.mat,simMed_test.mat
0.003,0.8458849526620009,1.0,0.002992229363540601,33,65503,196,196,229,loso_supervised_tpsscs_feature_hgb_conservative_topk_strict_gt,simMed_test.mat,127,simMed_test.mat#127,loso_supervised_tpsscs_feature_hgb,learned_tpsscs_feature_ensemble,simWind_test.mat,simMed_test.mat
0.01,0.5016714627368263,1.0,0.009999542005709662,33,65503,655,655,688,loso_supervised_tpsscs_feature_hgb_conservative_topk_strict_gt,simMed_test.mat,127,simMed_test.mat#127,loso_supervised_tpsscs_feature_hgb,learned_tpsscs_feature_ensemble,simWind_test.mat,simMed_test.mat
