pfa_target,threshold,pd,empirical_pfa,target_count,background_count,max_false_alarms,false_alarms,detections,threshold_policy,dataset,file,window_index,item_id,method,primary_target_bin_1indexed,guard_bins_1indexed,residual_threshold,gate_threshold
1e-05,578554064.4500479,0.0078125,0.0,1024,10240,0,0,14,conservative_topk_strict_gt,IPIX_Dartmouth,19931107_135603_starea.cdf,0,19931107_135603_starea.cdf#0,raw,9,"8,9,10,11",,
3e-05,578554064.4500479,0.0078125,0.0,1024,10240,0,0,14,conservative_topk_strict_gt,IPIX_Dartmouth,19931107_135603_starea.cdf,0,19931107_135603_starea.cdf#0,raw,9,"8,9,10,11",,
0.0001,396743644.5320282,0.009765625,9.765625e-05,1024,10240,1,1,19,conservative_topk_strict_gt,IPIX_Dartmouth,19931107_135603_starea.cdf,0,19931107_135603_starea.cdf#0,raw,9,"8,9,10,11",,
0.0003,346846528.7425244,0.0126953125,0.00029296875,1024,10240,3,3,24,conservative_topk_strict_gt,IPIX_Dartmouth,19931107_135603_starea.cdf,0,19931107_135603_starea.cdf#0,raw,9,"8,9,10,11",,
0.001,253598960.34617472,0.0205078125,0.0009765625,1024,10240,10,10,41,conservative_topk_strict_gt,IPIX_Dartmouth,19931107_135603_starea.cdf,0,19931107_135603_starea.cdf#0,raw,9,"8,9,10,11",,
0.003,158834312.7606747,0.0302734375,0.0029296875,1024,10240,30,30,78,conservative_topk_strict_gt,IPIX_Dartmouth,19931107_135603_starea.cdf,0,19931107_135603_starea.cdf#0,raw,9,"8,9,10,11",,
0.01,80867793.70651357,0.0400390625,0.0099609375,1024,10240,102,102,176,conservative_topk_strict_gt,IPIX_Dartmouth,19931107_135603_starea.cdf,0,19931107_135603_starea.cdf#0,raw,9,"8,9,10,11",,
1e-05,2214849.7939109476,0.0,0.0,1024,10240,0,0,0,conservative_topk_strict_gt,IPIX_Dartmouth,19931107_135603_starea.cdf,0,19931107_135603_starea.cdf#0,low_rank_residual_k30,9,"8,9,10,11",,
3e-05,2214849.7939109476,0.0,0.0,1024,10240,0,0,0,conservative_topk_strict_gt,IPIX_Dartmouth,19931107_135603_starea.cdf,0,19931107_135603_starea.cdf#0,low_rank_residual_k30,9,"8,9,10,11",,
0.0001,1402234.11368263,0.0,9.765625e-05,1024,10240,1,1,1,conservative_topk_strict_gt,IPIX_Dartmouth,19931107_135603_starea.cdf,0,19931107_135603_starea.cdf#0,low_rank_residual_k30,9,"8,9,10,11",,
0.0003,814659.9975747505,0.0,0.00029296875,1024,10240,3,3,3,conservative_topk_strict_gt,IPIX_Dartmouth,19931107_135603_starea.cdf,0,19931107_135603_starea.cdf#0,low_rank_residual_k30,9,"8,9,10,11",,
0.001,219199.21174904634,0.0,0.0009765625,1024,10240,10,10,11,conservative_topk_strict_gt,IPIX_Dartmouth,19931107_135603_starea.cdf,0,19931107_135603_starea.cdf#0,low_rank_residual_k30,9,"8,9,10,11",,
0.003,163455.9540746893,0.0,0.0029296875,1024,10240,30,30,33,conservative_topk_strict_gt,IPIX_Dartmouth,19931107_135603_starea.cdf,0,19931107_135603_starea.cdf#0,low_rank_residual_k30,9,"8,9,10,11",,
0.01,110622.16195284297,0.0,0.0099609375,1024,10240,102,102,111,conservative_topk_strict_gt,IPIX_Dartmouth,19931107_135603_starea.cdf,0,19931107_135603_starea.cdf#0,low_rank_residual_k30,9,"8,9,10,11",,
1e-05,359440776.6957677,0.0029296875,0.0,1024,10240,0,0,3,conservative_topk_strict_gt,IPIX_Dartmouth,19931107_135603_starea.cdf,0,19931107_135603_starea.cdf#0,tpsscs_trainable_gate,9,"8,9,10,11",,
3e-05,359440776.6957677,0.0029296875,0.0,1024,10240,0,0,3,conservative_topk_strict_gt,IPIX_Dartmouth,19931107_135603_starea.cdf,0,19931107_135603_starea.cdf#0,tpsscs_trainable_gate,9,"8,9,10,11",,
0.0001,242393177.67820597,0.0048828125,9.765625e-05,1024,10240,1,1,6,conservative_topk_strict_gt,IPIX_Dartmouth,19931107_135603_starea.cdf,0,19931107_135603_starea.cdf#0,tpsscs_trainable_gate,9,"8,9,10,11",,
0.0003,220808835.6533601,0.0048828125,0.00029296875,1024,10240,3,3,8,conservative_topk_strict_gt,IPIX_Dartmouth,19931107_135603_starea.cdf,0,19931107_135603_starea.cdf#0,tpsscs_trainable_gate,9,"8,9,10,11",,
0.001,82128332.84257777,0.0078125,0.0009765625,1024,10240,10,10,18,conservative_topk_strict_gt,IPIX_Dartmouth,19931107_135603_starea.cdf,0,19931107_135603_starea.cdf#0,tpsscs_trainable_gate,9,"8,9,10,11",,
0.003,45158274.3946601,0.0126953125,0.0029296875,1024,10240,30,30,43,conservative_topk_strict_gt,IPIX_Dartmouth,19931107_135603_starea.cdf,0,19931107_135603_starea.cdf#0,tpsscs_trainable_gate,9,"8,9,10,11",,
0.01,12176389.030479368,0.0146484375,0.0099609375,1024,10240,102,102,146,conservative_topk_strict_gt,IPIX_Dartmouth,19931107_135603_starea.cdf,0,19931107_135603_starea.cdf#0,tpsscs_trainable_gate,9,"8,9,10,11",,
1e-05,,0.0029296875,0.0,1024,10240,0,0,3,residual_cfar_plus_zero_false_gate_union,IPIX_Dartmouth,19931107_135603_starea.cdf,0,19931107_135603_starea.cdf#0,tpsscs_finished_detector,9,"8,9,10,11",2214849.7939109528,359440776.6957677
3e-05,,0.0029296875,0.0,1024,10240,0,0,3,residual_cfar_plus_zero_false_gate_union,IPIX_Dartmouth,19931107_135603_starea.cdf,0,19931107_135603_starea.cdf#0,tpsscs_finished_detector,9,"8,9,10,11",2214849.7939109528,359440776.6957677
0.0001,,0.0029296875,9.765625e-05,1024,10240,1,1,4,residual_cfar_plus_zero_false_gate_union,IPIX_Dartmouth,19931107_135603_starea.cdf,0,19931107_135603_starea.cdf#0,tpsscs_finished_detector,9,"8,9,10,11",1402234.1136826407,359440776.6957677
0.0003,,0.0029296875,0.00029296875,1024,10240,3,3,6,residual_cfar_plus_zero_false_gate_union,IPIX_Dartmouth,19931107_135603_starea.cdf,0,19931107_135603_starea.cdf#0,tpsscs_finished_detector,9,"8,9,10,11",814659.9975747514,359440776.6957677
0.001,,0.0029296875,0.0009765625,1024,10240,10,10,14,residual_cfar_plus_zero_false_gate_union,IPIX_Dartmouth,19931107_135603_starea.cdf,0,19931107_135603_starea.cdf#0,tpsscs_finished_detector,9,"8,9,10,11",219199.21174904561,359440776.6957677
0.003,,0.0029296875,0.0029296875,1024,10240,30,30,36,residual_cfar_plus_zero_false_gate_union,IPIX_Dartmouth,19931107_135603_starea.cdf,0,19931107_135603_starea.cdf#0,tpsscs_finished_detector,9,"8,9,10,11",163455.9540746893,359440776.6957677
0.01,,0.0029296875,0.0099609375,1024,10240,102,102,114,residual_cfar_plus_zero_false_gate_union,IPIX_Dartmouth,19931107_135603_starea.cdf,0,19931107_135603_starea.cdf#0,tpsscs_finished_detector,9,"8,9,10,11",110622.16195284188,359440776.6957677
1e-05,619480347.3475423,0.0205078125,0.0,1024,10240,0,0,58,conservative_topk_strict_gt,IPIX_Dartmouth,19931107_135603_starea.cdf,1,19931107_135603_starea.cdf#1,raw,9,"8,9,10,11",,
3e-05,619480347.3475423,0.0205078125,0.0,1024,10240,0,0,58,conservative_topk_strict_gt,IPIX_Dartmouth,19931107_135603_starea.cdf,1,19931107_135603_starea.cdf#1,raw,9,"8,9,10,11",,
0.0001,532028245.2123127,0.021484375,9.765625e-05,1024,10240,1,1,65,conservative_topk_strict_gt,IPIX_Dartmouth,19931107_135603_starea.cdf,1,19931107_135603_starea.cdf#1,raw,9,"8,9,10,11",,
0.0003,338313139.8469101,0.0224609375,0.00029296875,1024,10240,3,3,73,conservative_topk_strict_gt,IPIX_Dartmouth,19931107_135603_starea.cdf,1,19931107_135603_starea.cdf#1,raw,9,"8,9,10,11",,
0.001,269247813.12492347,0.0224609375,0.0009765625,1024,10240,10,10,83,conservative_topk_strict_gt,IPIX_Dartmouth,19931107_135603_starea.cdf,1,19931107_135603_starea.cdf#1,raw,9,"8,9,10,11",,
0.003,165575514.4749962,0.02734375,0.0029296875,1024,10240,30,30,137,conservative_topk_strict_gt,IPIX_Dartmouth,19931107_135603_starea.cdf,1,19931107_135603_starea.cdf#1,raw,9,"8,9,10,11",,
0.01,87502519.58303708,0.0576171875,0.0099609375,1024,10240,102,102,328,conservative_topk_strict_gt,IPIX_Dartmouth,19931107_135603_starea.cdf,1,19931107_135603_starea.cdf#1,raw,9,"8,9,10,11",,
1e-05,3974784.744352883,0.0,0.0,1024,10240,0,0,0,conservative_topk_strict_gt,IPIX_Dartmouth,19931107_135603_starea.cdf,1,19931107_135603_starea.cdf#1,low_rank_residual_k30,9,"8,9,10,11",,
3e-05,3974784.744352883,0.0,0.0,1024,10240,0,0,0,conservative_topk_strict_gt,IPIX_Dartmouth,19931107_135603_starea.cdf,1,19931107_135603_starea.cdf#1,low_rank_residual_k30,9,"8,9,10,11",,
0.0001,2804779.9205271374,0.0,9.765625e-05,1024,10240,1,1,1,conservative_topk_strict_gt,IPIX_Dartmouth,19931107_135603_starea.cdf,1,19931107_135603_starea.cdf#1,low_rank_residual_k30,9,"8,9,10,11",,
0.0003,1299434.2001828095,0.0,0.00029296875,1024,10240,3,3,3,conservative_topk_strict_gt,IPIX_Dartmouth,19931107_135603_starea.cdf,1,19931107_135603_starea.cdf#1,low_rank_residual_k30,9,"8,9,10,11",,
0.001,438711.5235647493,0.0,0.0009765625,1024,10240,10,10,10,conservative_topk_strict_gt,IPIX_Dartmouth,19931107_135603_starea.cdf,1,19931107_135603_starea.cdf#1,low_rank_residual_k30,9,"8,9,10,11",,
0.003,135783.27224423026,0.0,0.0029296875,1024,10240,30,30,30,conservative_topk_strict_gt,IPIX_Dartmouth,19931107_135603_starea.cdf,1,19931107_135603_starea.cdf#1,low_rank_residual_k30,9,"8,9,10,11",,
0.01,89379.36046879811,0.0,0.0099609375,1024,10240,102,102,102,conservative_topk_strict_gt,IPIX_Dartmouth,19931107_135603_starea.cdf,1,19931107_135603_starea.cdf#1,low_rank_residual_k30,9,"8,9,10,11",,
1e-05,193038260.02221173,0.0,0.0,1024,10240,0,0,0,conservative_topk_strict_gt,IPIX_Dartmouth,19931107_135603_starea.cdf,1,19931107_135603_starea.cdf#1,tpsscs_trainable_gate,9,"8,9,10,11",,
3e-05,193038260.02221173,0.0,0.0,1024,10240,0,0,0,conservative_topk_strict_gt,IPIX_Dartmouth,19931107_135603_starea.cdf,1,19931107_135603_starea.cdf#1,tpsscs_trainable_gate,9,"8,9,10,11",,
0.0001,189807220.81471288,0.0,9.765625e-05,1024,10240,1,1,1,conservative_topk_strict_gt,IPIX_Dartmouth,19931107_135603_starea.cdf,1,19931107_135603_starea.cdf#1,tpsscs_trainable_gate,9,"8,9,10,11",,
0.0003,118795565.4023118,0.0,0.00029296875,1024,10240,3,3,3,conservative_topk_strict_gt,IPIX_Dartmouth,19931107_135603_starea.cdf,1,19931107_135603_starea.cdf#1,tpsscs_trainable_gate,9,"8,9,10,11",,
0.001,65213321.81924031,0.0,0.0009765625,1024,10240,10,10,10,conservative_topk_strict_gt,IPIX_Dartmouth,19931107_135603_starea.cdf,1,19931107_135603_starea.cdf#1,tpsscs_trainable_gate,9,"8,9,10,11",,
0.003,29763155.48235306,0.0,0.0029296875,1024,10240,30,30,30,conservative_topk_strict_gt,IPIX_Dartmouth,19931107_135603_starea.cdf,1,19931107_135603_starea.cdf#1,tpsscs_trainable_gate,9,"8,9,10,11",,
0.01,9967999.733442273,0.0,0.0099609375,1024,10240,102,102,102,conservative_topk_strict_gt,IPIX_Dartmouth,19931107_135603_starea.cdf,1,19931107_135603_starea.cdf#1,tpsscs_trainable_gate,9,"8,9,10,11",,
1e-05,,0.0,0.0,1024,10240,0,0,0,residual_cfar_plus_zero_false_gate_union,IPIX_Dartmouth,19931107_135603_starea.cdf,1,19931107_135603_starea.cdf#1,tpsscs_finished_detector,9,"8,9,10,11",3974784.7443528804,193038260.02221173
3e-05,,0.0,0.0,1024,10240,0,0,0,residual_cfar_plus_zero_false_gate_union,IPIX_Dartmouth,19931107_135603_starea.cdf,1,19931107_135603_starea.cdf#1,tpsscs_finished_detector,9,"8,9,10,11",3974784.7443528804,193038260.02221173
0.0001,,0.0,9.765625e-05,1024,10240,1,1,1,residual_cfar_plus_zero_false_gate_union,IPIX_Dartmouth,19931107_135603_starea.cdf,1,19931107_135603_starea.cdf#1,tpsscs_finished_detector,9,"8,9,10,11",2804779.9205271383,193038260.02221173
0.0003,,0.0,0.00029296875,1024,10240,3,3,3,residual_cfar_plus_zero_false_gate_union,IPIX_Dartmouth,19931107_135603_starea.cdf,1,19931107_135603_starea.cdf#1,tpsscs_finished_detector,9,"8,9,10,11",1299434.2001828046,193038260.02221173
0.001,,0.0,0.0009765625,1024,10240,10,10,10,residual_cfar_plus_zero_false_gate_union,IPIX_Dartmouth,19931107_135603_starea.cdf,1,19931107_135603_starea.cdf#1,tpsscs_finished_detector,9,"8,9,10,11",438711.5235647512,193038260.02221173
0.003,,0.0,0.0029296875,1024,10240,30,30,30,residual_cfar_plus_zero_false_gate_union,IPIX_Dartmouth,19931107_135603_starea.cdf,1,19931107_135603_starea.cdf#1,tpsscs_finished_detector,9,"8,9,10,11",135783.27224423052,193038260.02221173
0.01,,0.0,0.0099609375,1024,10240,102,102,102,residual_cfar_plus_zero_false_gate_union,IPIX_Dartmouth,19931107_135603_starea.cdf,1,19931107_135603_starea.cdf#1,tpsscs_finished_detector,9,"8,9,10,11",89379.36046879731,193038260.02221173
1e-05,555730581.0986371,0.0029296875,0.0,1024,10240,0,0,3,conservative_topk_strict_gt,IPIX_Dartmouth,19931107_135603_starea.cdf,2,19931107_135603_starea.cdf#2,raw,9,"8,9,10,11",,
3e-05,555730581.0986371,0.0029296875,0.0,1024,10240,0,0,3,conservative_topk_strict_gt,IPIX_Dartmouth,19931107_135603_starea.cdf,2,19931107_135603_starea.cdf#2,raw,9,"8,9,10,11",,
0.0001,547147266.0714593,0.0029296875,9.765625e-05,1024,10240,1,1,4,conservative_topk_strict_gt,IPIX_Dartmouth,19931107_135603_starea.cdf,2,19931107_135603_starea.cdf#2,raw,9,"8,9,10,11",,
0.0003,507870045.8638719,0.0029296875,0.00029296875,1024,10240,3,3,6,conservative_topk_strict_gt,IPIX_Dartmouth,19931107_135603_starea.cdf,2,19931107_135603_starea.cdf#2,raw,9,"8,9,10,11",,
0.001,361992530.35938615,0.005859375,0.0009765625,1024,10240,10,10,16,conservative_topk_strict_gt,IPIX_Dartmouth,19931107_135603_starea.cdf,2,19931107_135603_starea.cdf#2,raw,9,"8,9,10,11",,
0.003,265907152.9308792,0.0107421875,0.0029296875,1024,10240,30,30,41,conservative_topk_strict_gt,IPIX_Dartmouth,19931107_135603_starea.cdf,2,19931107_135603_starea.cdf#2,raw,9,"8,9,10,11",,
0.01,146820246.41041893,0.0263671875,0.0099609375,1024,10240,102,102,134,conservative_topk_strict_gt,IPIX_Dartmouth,19931107_135603_starea.cdf,2,19931107_135603_starea.cdf#2,raw,9,"8,9,10,11",,
1e-05,211434.91254030098,0.0,0.0,1024,10240,0,0,12,conservative_topk_strict_gt,IPIX_Dartmouth,19931107_135603_starea.cdf,2,19931107_135603_starea.cdf#2,low_rank_residual_k30,9,"8,9,10,11",,
3e-05,211434.91254030098,0.0,0.0,1024,10240,0,0,12,conservative_topk_strict_gt,IPIX_Dartmouth,19931107_135603_starea.cdf,2,19931107_135603_starea.cdf#2,low_rank_residual_k30,9,"8,9,10,11",,
0.0001,207115.87161784797,0.0,9.765625e-05,1024,10240,1,1,13,conservative_topk_strict_gt,IPIX_Dartmouth,19931107_135603_starea.cdf,2,19931107_135603_starea.cdf#2,low_rank_residual_k30,9,"8,9,10,11",,
0.0003,184681.17600576734,0.0,0.00029296875,1024,10240,3,3,17,conservative_topk_strict_gt,IPIX_Dartmouth,19931107_135603_starea.cdf,2,19931107_135603_starea.cdf#2,low_rank_residual_k30,9,"8,9,10,11",,
0.001,158852.4840683998,0.0,0.0009765625,1024,10240,10,10,25,conservative_topk_strict_gt,IPIX_Dartmouth,19931107_135603_starea.cdf,2,19931107_135603_starea.cdf#2,low_rank_residual_k30,9,"8,9,10,11",,
0.003,130756.58297208633,0.0,0.0029296875,1024,10240,30,30,46,conservative_topk_strict_gt,IPIX_Dartmouth,19931107_135603_starea.cdf,2,19931107_135603_starea.cdf#2,low_rank_residual_k30,9,"8,9,10,11",,
0.01,73930.22173848291,0.0,0.0099609375,1024,10240,102,102,131,conservative_topk_strict_gt,IPIX_Dartmouth,19931107_135603_starea.cdf,2,19931107_135603_starea.cdf#2,low_rank_residual_k30,9,"8,9,10,11",,
1e-05,387975188.11513335,0.0,0.0,1024,10240,0,0,0,conservative_topk_strict_gt,IPIX_Dartmouth,19931107_135603_starea.cdf,2,19931107_135603_starea.cdf#2,tpsscs_trainable_gate,9,"8,9,10,11",,
3e-05,387975188.11513335,0.0,0.0,1024,10240,0,0,0,conservative_topk_strict_gt,IPIX_Dartmouth,19931107_135603_starea.cdf,2,19931107_135603_starea.cdf#2,tpsscs_trainable_gate,9,"8,9,10,11",,
0.0001,224534010.96079051,0.0,9.765625e-05,1024,10240,1,1,1,conservative_topk_strict_gt,IPIX_Dartmouth,19931107_135603_starea.cdf,2,19931107_135603_starea.cdf#2,tpsscs_trainable_gate,9,"8,9,10,11",,
0.0003,209397967.98358116,0.0,0.00029296875,1024,10240,3,3,3,conservative_topk_strict_gt,IPIX_Dartmouth,19931107_135603_starea.cdf,2,19931107_135603_starea.cdf#2,tpsscs_trainable_gate,9,"8,9,10,11",,
0.001,148078496.26922178,0.0,0.0009765625,1024,10240,10,10,10,conservative_topk_strict_gt,IPIX_Dartmouth,19931107_135603_starea.cdf,2,19931107_135603_starea.cdf#2,tpsscs_trainable_gate,9,"8,9,10,11",,
0.003,57017160.7481795,0.0,0.0029296875,1024,10240,30,30,30,conservative_topk_strict_gt,IPIX_Dartmouth,19931107_135603_starea.cdf,2,19931107_135603_starea.cdf#2,tpsscs_trainable_gate,9,"8,9,10,11",,
0.01,18316322.27226586,0.0,0.0099609375,1024,10240,102,102,106,conservative_topk_strict_gt,IPIX_Dartmouth,19931107_135603_starea.cdf,2,19931107_135603_starea.cdf#2,tpsscs_trainable_gate,9,"8,9,10,11",,
1e-05,,0.0,0.0,1024,10240,0,0,12,residual_cfar_plus_zero_false_gate_union,IPIX_Dartmouth,19931107_135603_starea.cdf,2,19931107_135603_starea.cdf#2,tpsscs_finished_detector,9,"8,9,10,11",211434.91254030095,387975188.11513335
3e-05,,0.0,0.0,1024,10240,0,0,12,residual_cfar_plus_zero_false_gate_union,IPIX_Dartmouth,19931107_135603_starea.cdf,2,19931107_135603_starea.cdf#2,tpsscs_finished_detector,9,"8,9,10,11",211434.91254030095,387975188.11513335
0.0001,,0.0,9.765625e-05,1024,10240,1,1,13,residual_cfar_plus_zero_false_gate_union,IPIX_Dartmouth,19931107_135603_starea.cdf,2,19931107_135603_starea.cdf#2,tpsscs_finished_detector,9,"8,9,10,11",207115.87161784785,387975188.11513335
0.0003,,0.0,0.00029296875,1024,10240,3,3,17,residual_cfar_plus_zero_false_gate_union,IPIX_Dartmouth,19931107_135603_starea.cdf,2,19931107_135603_starea.cdf#2,tpsscs_finished_detector,9,"8,9,10,11",184681.17600576766,387975188.11513335
0.001,,0.0,0.0009765625,1024,10240,10,10,25,residual_cfar_plus_zero_false_gate_union,IPIX_Dartmouth,19931107_135603_starea.cdf,2,19931107_135603_starea.cdf#2,tpsscs_finished_detector,9,"8,9,10,11",158852.48406840026,387975188.11513335
0.003,,0.0,0.0029296875,1024,10240,30,30,46,residual_cfar_plus_zero_false_gate_union,IPIX_Dartmouth,19931107_135603_starea.cdf,2,19931107_135603_starea.cdf#2,tpsscs_finished_detector,9,"8,9,10,11",130756.58297208555,387975188.11513335
0.01,,0.0,0.0099609375,1024,10240,102,102,131,residual_cfar_plus_zero_false_gate_union,IPIX_Dartmouth,19931107_135603_starea.cdf,2,19931107_135603_starea.cdf#2,tpsscs_finished_detector,9,"8,9,10,11",73930.22173848252,387975188.11513335
1e-05,1230934765.4208958,0.0,0.0,1024,10240,0,0,0,conservative_topk_strict_gt,IPIX_Dartmouth,19931107_135603_starea.cdf,3,19931107_135603_starea.cdf#3,raw,9,"8,9,10,11",,
3e-05,1230934765.4208958,0.0,0.0,1024,10240,0,0,0,conservative_topk_strict_gt,IPIX_Dartmouth,19931107_135603_starea.cdf,3,19931107_135603_starea.cdf#3,raw,9,"8,9,10,11",,
0.0001,1214460946.5746024,0.0,9.765625e-05,1024,10240,1,1,1,conservative_topk_strict_gt,IPIX_Dartmouth,19931107_135603_starea.cdf,3,19931107_135603_starea.cdf#3,raw,9,"8,9,10,11",,
0.0003,697638233.542337,0.0,0.00029296875,1024,10240,3,3,3,conservative_topk_strict_gt,IPIX_Dartmouth,19931107_135603_starea.cdf,3,19931107_135603_starea.cdf#3,raw,9,"8,9,10,11",,
0.001,449719865.398527,0.0,0.0009765625,1024,10240,10,10,10,conservative_topk_strict_gt,IPIX_Dartmouth,19931107_135603_starea.cdf,3,19931107_135603_starea.cdf#3,raw,9,"8,9,10,11",,
0.003,331555618.61607,0.0,0.0029296875,1024,10240,30,30,30,conservative_topk_strict_gt,IPIX_Dartmouth,19931107_135603_starea.cdf,3,19931107_135603_starea.cdf#3,raw,9,"8,9,10,11",,
0.01,179907228.4729191,0.0,0.0099609375,1024,10240,102,102,102,conservative_topk_strict_gt,IPIX_Dartmouth,19931107_135603_starea.cdf,3,19931107_135603_starea.cdf#3,raw,9,"8,9,10,11",,
1e-05,166399.9112114785,0.0,0.0,1024,10240,0,0,2,conservative_topk_strict_gt,IPIX_Dartmouth,19931107_135603_starea.cdf,3,19931107_135603_starea.cdf#3,low_rank_residual_k30,9,"8,9,10,11",,
3e-05,166399.9112114785,0.0,0.0,1024,10240,0,0,2,conservative_topk_strict_gt,IPIX_Dartmouth,19931107_135603_starea.cdf,3,19931107_135603_starea.cdf#3,low_rank_residual_k30,9,"8,9,10,11",,
0.0001,153915.9219988531,0.0,9.765625e-05,1024,10240,1,1,3,conservative_topk_strict_gt,IPIX_Dartmouth,19931107_135603_starea.cdf,3,19931107_135603_starea.cdf#3,low_rank_residual_k30,9,"8,9,10,11",,
0.0003,138462.8885217162,0.0,0.00029296875,1024,10240,3,3,5,conservative_topk_strict_gt,IPIX_Dartmouth,19931107_135603_starea.cdf,3,19931107_135603_starea.cdf#3,low_rank_residual_k30,9,"8,9,10,11",,
0.001,104839.4233806127,0.0,0.0009765625,1024,10240,10,10,18,conservative_topk_strict_gt,IPIX_Dartmouth,19931107_135603_starea.cdf,3,19931107_135603_starea.cdf#3,low_rank_residual_k30,9,"8,9,10,11",,
0.003,47654.852430794315,0.0,0.0029296875,1024,10240,30,30,61,conservative_topk_strict_gt,IPIX_Dartmouth,19931107_135603_starea.cdf,3,19931107_135603_starea.cdf#3,low_rank_residual_k30,9,"8,9,10,11",,
0.01,18473.953753858368,0.005859375,0.0099609375,1024,10240,102,102,288,conservative_topk_strict_gt,IPIX_Dartmouth,19931107_135603_starea.cdf,3,19931107_135603_starea.cdf#3,low_rank_residual_k30,9,"8,9,10,11",,
1e-05,953094286.7910473,0.0,0.0,1024,10240,0,0,0,conservative_topk_strict_gt,IPIX_Dartmouth,19931107_135603_starea.cdf,3,19931107_135603_starea.cdf#3,tpsscs_trainable_gate,9,"8,9,10,11",,
3e-05,953094286.7910473,0.0,0.0,1024,10240,0,0,0,conservative_topk_strict_gt,IPIX_Dartmouth,19931107_135603_starea.cdf,3,19931107_135603_starea.cdf#3,tpsscs_trainable_gate,9,"8,9,10,11",,
0.0001,605116604.2831126,0.0,9.765625e-05,1024,10240,1,1,1,conservative_topk_strict_gt,IPIX_Dartmouth,19931107_135603_starea.cdf,3,19931107_135603_starea.cdf#3,tpsscs_trainable_gate,9,"8,9,10,11",,
0.0003,299698577.4944933,0.0,0.00029296875,1024,10240,3,3,3,conservative_topk_strict_gt,IPIX_Dartmouth,19931107_135603_starea.cdf,3,19931107_135603_starea.cdf#3,tpsscs_trainable_gate,9,"8,9,10,11",,
0.001,189485441.10137564,0.0,0.0009765625,1024,10240,10,10,10,conservative_topk_strict_gt,IPIX_Dartmouth,19931107_135603_starea.cdf,3,19931107_135603_starea.cdf#3,tpsscs_trainable_gate,9,"8,9,10,11",,
0.003,86166249.79437093,0.0009765625,0.0029296875,1024,10240,30,30,31,conservative_topk_strict_gt,IPIX_Dartmouth,19931107_135603_starea.cdf,3,19931107_135603_starea.cdf#3,tpsscs_trainable_gate,9,"8,9,10,11",,
0.01,37002425.62612651,0.0029296875,0.0099609375,1024,10240,102,102,106,conservative_topk_strict_gt,IPIX_Dartmouth,19931107_135603_starea.cdf,3,19931107_135603_starea.cdf#3,tpsscs_trainable_gate,9,"8,9,10,11",,
1e-05,,0.0,0.0,1024,10240,0,0,2,residual_cfar_plus_zero_false_gate_union,IPIX_Dartmouth,19931107_135603_starea.cdf,3,19931107_135603_starea.cdf#3,tpsscs_finished_detector,9,"8,9,10,11",166399.91121147867,953094286.7910473
3e-05,,0.0,0.0,1024,10240,0,0,2,residual_cfar_plus_zero_false_gate_union,IPIX_Dartmouth,19931107_135603_starea.cdf,3,19931107_135603_starea.cdf#3,tpsscs_finished_detector,9,"8,9,10,11",166399.91121147867,953094286.7910473
0.0001,,0.0,9.765625e-05,1024,10240,1,1,3,residual_cfar_plus_zero_false_gate_union,IPIX_Dartmouth,19931107_135603_starea.cdf,3,19931107_135603_starea.cdf#3,tpsscs_finished_detector,9,"8,9,10,11",153915.92199885336,953094286.7910473
0.0003,,0.0,0.00029296875,1024,10240,3,3,5,residual_cfar_plus_zero_false_gate_union,IPIX_Dartmouth,19931107_135603_starea.cdf,3,19931107_135603_starea.cdf#3,tpsscs_finished_detector,9,"8,9,10,11",138462.88852171612,953094286.7910473
0.001,,0.0,0.0009765625,1024,10240,10,10,18,residual_cfar_plus_zero_false_gate_union,IPIX_Dartmouth,19931107_135603_starea.cdf,3,19931107_135603_starea.cdf#3,tpsscs_finished_detector,9,"8,9,10,11",104839.42338061257,953094286.7910473
0.003,,0.0,0.0029296875,1024,10240,30,30,61,residual_cfar_plus_zero_false_gate_union,IPIX_Dartmouth,19931107_135603_starea.cdf,3,19931107_135603_starea.cdf#3,tpsscs_finished_detector,9,"8,9,10,11",47654.852430794126,953094286.7910473
0.01,,0.005859375,0.0099609375,1024,10240,102,102,288,residual_cfar_plus_zero_false_gate_union,IPIX_Dartmouth,19931107_135603_starea.cdf,3,19931107_135603_starea.cdf#3,tpsscs_finished_detector,9,"8,9,10,11",18473.953753858354,953094286.7910473
1e-05,580326268.6582228,0.0,0.0,1024,10240,0,0,0,conservative_topk_strict_gt,IPIX_Dartmouth,19931107_135603_starea.cdf,4,19931107_135603_starea.cdf#4,raw,9,"8,9,10,11",,
3e-05,580326268.6582228,0.0,0.0,1024,10240,0,0,0,conservative_topk_strict_gt,IPIX_Dartmouth,19931107_135603_starea.cdf,4,19931107_135603_starea.cdf#4,raw,9,"8,9,10,11",,
0.0001,568726584.2902412,0.0,9.765625e-05,1024,10240,1,1,1,conservative_topk_strict_gt,IPIX_Dartmouth,19931107_135603_starea.cdf,4,19931107_135603_starea.cdf#4,raw,9,"8,9,10,11",,
0.0003,564445728.7569728,0.0,0.00029296875,1024,10240,3,3,3,conservative_topk_strict_gt,IPIX_Dartmouth,19931107_135603_starea.cdf,4,19931107_135603_starea.cdf#4,raw,9,"8,9,10,11",,
0.001,475345873.6049438,0.0,0.0009765625,1024,10240,10,10,10,conservative_topk_strict_gt,IPIX_Dartmouth,19931107_135603_starea.cdf,4,19931107_135603_starea.cdf#4,raw,9,"8,9,10,11",,
0.003,381836746.0252088,0.0,0.0029296875,1024,10240,30,30,30,conservative_topk_strict_gt,IPIX_Dartmouth,19931107_135603_starea.cdf,4,19931107_135603_starea.cdf#4,raw,9,"8,9,10,11",,
0.01,200255663.85071915,0.0,0.0099609375,1024,10240,102,102,102,conservative_topk_strict_gt,IPIX_Dartmouth,19931107_135603_starea.cdf,4,19931107_135603_starea.cdf#4,raw,9,"8,9,10,11",,
1e-05,89155.41136177478,0.0,0.0,1024,10240,0,0,0,conservative_topk_strict_gt,IPIX_Dartmouth,19931107_135603_starea.cdf,4,19931107_135603_starea.cdf#4,low_rank_residual_k30,9,"8,9,10,11",,
3e-05,89155.41136177478,0.0,0.0,1024,10240,0,0,0,conservative_topk_strict_gt,IPIX_Dartmouth,19931107_135603_starea.cdf,4,19931107_135603_starea.cdf#4,low_rank_residual_k30,9,"8,9,10,11",,
0.0001,29515.321833241058,0.0,9.765625e-05,1024,10240,1,1,1,conservative_topk_strict_gt,IPIX_Dartmouth,19931107_135603_starea.cdf,4,19931107_135603_starea.cdf#4,low_rank_residual_k30,9,"8,9,10,11",,
0.0003,27361.64323915355,0.0,0.00029296875,1024,10240,3,3,4,conservative_topk_strict_gt,IPIX_Dartmouth,19931107_135603_starea.cdf,4,19931107_135603_starea.cdf#4,low_rank_residual_k30,9,"8,9,10,11",,
0.001,21123.56910693732,0.0,0.0009765625,1024,10240,10,10,13,conservative_topk_strict_gt,IPIX_Dartmouth,19931107_135603_starea.cdf,4,19931107_135603_starea.cdf#4,low_rank_residual_k30,9,"8,9,10,11",,
0.003,16582.377162479166,0.0,0.0029296875,1024,10240,30,30,37,conservative_topk_strict_gt,IPIX_Dartmouth,19931107_135603_starea.cdf,4,19931107_135603_starea.cdf#4,low_rank_residual_k30,9,"8,9,10,11",,
0.01,9325.74076970869,0.0,0.0099609375,1024,10240,102,102,126,conservative_topk_strict_gt,IPIX_Dartmouth,19931107_135603_starea.cdf,4,19931107_135603_starea.cdf#4,low_rank_residual_k30,9,"8,9,10,11",,
1e-05,381864659.72029996,0.0,0.0,1024,10240,0,0,0,conservative_topk_strict_gt,IPIX_Dartmouth,19931107_135603_starea.cdf,4,19931107_135603_starea.cdf#4,tpsscs_trainable_gate,9,"8,9,10,11",,
3e-05,381864659.72029996,0.0,0.0,1024,10240,0,0,0,conservative_topk_strict_gt,IPIX_Dartmouth,19931107_135603_starea.cdf,4,19931107_135603_starea.cdf#4,tpsscs_trainable_gate,9,"8,9,10,11",,
0.0001,381807978.84601,0.0,9.765625e-05,1024,10240,1,1,1,conservative_topk_strict_gt,IPIX_Dartmouth,19931107_135603_starea.cdf,4,19931107_135603_starea.cdf#4,tpsscs_trainable_gate,9,"8,9,10,11",,
0.0003,325435613.4580979,0.0,0.00029296875,1024,10240,3,3,3,conservative_topk_strict_gt,IPIX_Dartmouth,19931107_135603_starea.cdf,4,19931107_135603_starea.cdf#4,tpsscs_trainable_gate,9,"8,9,10,11",,
0.001,292760379.06236947,0.0,0.0009765625,1024,10240,10,10,10,conservative_topk_strict_gt,IPIX_Dartmouth,19931107_135603_starea.cdf,4,19931107_135603_starea.cdf#4,tpsscs_trainable_gate,9,"8,9,10,11",,
0.003,175416246.3072883,0.0,0.0029296875,1024,10240,30,30,30,conservative_topk_strict_gt,IPIX_Dartmouth,19931107_135603_starea.cdf,4,19931107_135603_starea.cdf#4,tpsscs_trainable_gate,9,"8,9,10,11",,
0.01,65685870.688699305,0.0,0.0099609375,1024,10240,102,102,102,conservative_topk_strict_gt,IPIX_Dartmouth,19931107_135603_starea.cdf,4,19931107_135603_starea.cdf#4,tpsscs_trainable_gate,9,"8,9,10,11",,
1e-05,,0.0,0.0,1024,10240,0,0,0,residual_cfar_plus_zero_false_gate_union,IPIX_Dartmouth,19931107_135603_starea.cdf,4,19931107_135603_starea.cdf#4,tpsscs_finished_detector,9,"8,9,10,11",89155.4113617725,381864659.72029996
3e-05,,0.0,0.0,1024,10240,0,0,0,residual_cfar_plus_zero_false_gate_union,IPIX_Dartmouth,19931107_135603_starea.cdf,4,19931107_135603_starea.cdf#4,tpsscs_finished_detector,9,"8,9,10,11",89155.4113617725,381864659.72029996
0.0001,,0.0,9.765625e-05,1024,10240,1,1,1,residual_cfar_plus_zero_false_gate_union,IPIX_Dartmouth,19931107_135603_starea.cdf,4,19931107_135603_starea.cdf#4,tpsscs_finished_detector,9,"8,9,10,11",29515.32183323904,381864659.72029996
0.0003,,0.0,0.00029296875,1024,10240,3,3,4,residual_cfar_plus_zero_false_gate_union,IPIX_Dartmouth,19931107_135603_starea.cdf,4,19931107_135603_starea.cdf#4,tpsscs_finished_detector,9,"8,9,10,11",27361.643239153538,381864659.72029996
0.001,,0.0,0.0009765625,1024,10240,10,10,13,residual_cfar_plus_zero_false_gate_union,IPIX_Dartmouth,19931107_135603_starea.cdf,4,19931107_135603_starea.cdf#4,tpsscs_finished_detector,9,"8,9,10,11",21123.569106937262,381864659.72029996
0.003,,0.0,0.0029296875,1024,10240,30,30,37,residual_cfar_plus_zero_false_gate_union,IPIX_Dartmouth,19931107_135603_starea.cdf,4,19931107_135603_starea.cdf#4,tpsscs_finished_detector,9,"8,9,10,11",16582.377162479217,381864659.72029996
0.01,,0.0,0.0099609375,1024,10240,102,102,126,residual_cfar_plus_zero_false_gate_union,IPIX_Dartmouth,19931107_135603_starea.cdf,4,19931107_135603_starea.cdf#4,tpsscs_finished_detector,9,"8,9,10,11",9325.740769708576,381864659.72029996
1e-05,496482251.80050135,0.0,0.0,1024,10240,0,0,0,conservative_topk_strict_gt,IPIX_Dartmouth,19931107_135603_starea.cdf,5,19931107_135603_starea.cdf#5,raw,9,"8,9,10,11",,
3e-05,496482251.80050135,0.0,0.0,1024,10240,0,0,0,conservative_topk_strict_gt,IPIX_Dartmouth,19931107_135603_starea.cdf,5,19931107_135603_starea.cdf#5,raw,9,"8,9,10,11",,
0.0001,432868838.0964542,0.0,9.765625e-05,1024,10240,1,1,1,conservative_topk_strict_gt,IPIX_Dartmouth,19931107_135603_starea.cdf,5,19931107_135603_starea.cdf#5,raw,9,"8,9,10,11",,
0.0003,379804884.6474384,0.0,0.00029296875,1024,10240,3,3,3,conservative_topk_strict_gt,IPIX_Dartmouth,19931107_135603_starea.cdf,5,19931107_135603_starea.cdf#5,raw,9,"8,9,10,11",,
0.001,302399288.74670684,0.0,0.0009765625,1024,10240,10,10,10,conservative_topk_strict_gt,IPIX_Dartmouth,19931107_135603_starea.cdf,5,19931107_135603_starea.cdf#5,raw,9,"8,9,10,11",,
0.003,212778796.8505055,0.0,0.0029296875,1024,10240,30,30,30,conservative_topk_strict_gt,IPIX_Dartmouth,19931107_135603_starea.cdf,5,19931107_135603_starea.cdf#5,raw,9,"8,9,10,11",,
0.01,105444226.58846696,0.0,0.0099609375,1024,10240,102,102,102,conservative_topk_strict_gt,IPIX_Dartmouth,19931107_135603_starea.cdf,5,19931107_135603_starea.cdf#5,raw,9,"8,9,10,11",,
1e-05,121030.56779903737,0.01171875,0.0,1024,10240,0,0,25,conservative_topk_strict_gt,IPIX_Dartmouth,19931107_135603_starea.cdf,5,19931107_135603_starea.cdf#5,low_rank_residual_k30,9,"8,9,10,11",,
3e-05,121030.56779903737,0.01171875,0.0,1024,10240,0,0,25,conservative_topk_strict_gt,IPIX_Dartmouth,19931107_135603_starea.cdf,5,19931107_135603_starea.cdf#5,low_rank_residual_k30,9,"8,9,10,11",,
0.0001,116126.83793614255,0.0126953125,9.765625e-05,1024,10240,1,1,30,conservative_topk_strict_gt,IPIX_Dartmouth,19931107_135603_starea.cdf,5,19931107_135603_starea.cdf#5,low_rank_residual_k30,9,"8,9,10,11",,
0.0003,94196.35266636353,0.0126953125,0.00029296875,1024,10240,3,3,44,conservative_topk_strict_gt,IPIX_Dartmouth,19931107_135603_starea.cdf,5,19931107_135603_starea.cdf#5,low_rank_residual_k30,9,"8,9,10,11",,
0.001,58444.36094958305,0.0146484375,0.0009765625,1024,10240,10,10,74,conservative_topk_strict_gt,IPIX_Dartmouth,19931107_135603_starea.cdf,5,19931107_135603_starea.cdf#5,low_rank_residual_k30,9,"8,9,10,11",,
0.003,39735.62840667308,0.017578125,0.0029296875,1024,10240,30,30,110,conservative_topk_strict_gt,IPIX_Dartmouth,19931107_135603_starea.cdf,5,19931107_135603_starea.cdf#5,low_rank_residual_k30,9,"8,9,10,11",,
0.01,29141.104607330824,0.01953125,0.0099609375,1024,10240,102,102,203,conservative_topk_strict_gt,IPIX_Dartmouth,19931107_135603_starea.cdf,5,19931107_135603_starea.cdf#5,low_rank_residual_k30,9,"8,9,10,11",,
1e-05,428462233.3960984,0.0,0.0,1024,10240,0,0,0,conservative_topk_strict_gt,IPIX_Dartmouth,19931107_135603_starea.cdf,5,19931107_135603_starea.cdf#5,tpsscs_trainable_gate,9,"8,9,10,11",,
3e-05,428462233.3960984,0.0,0.0,1024,10240,0,0,0,conservative_topk_strict_gt,IPIX_Dartmouth,19931107_135603_starea.cdf,5,19931107_135603_starea.cdf#5,tpsscs_trainable_gate,9,"8,9,10,11",,
0.0001,370289174.33906597,0.0,9.765625e-05,1024,10240,1,1,1,conservative_topk_strict_gt,IPIX_Dartmouth,19931107_135603_starea.cdf,5,19931107_135603_starea.cdf#5,tpsscs_trainable_gate,9,"8,9,10,11",,
0.0003,259932871.5097416,0.0,0.00029296875,1024,10240,3,3,3,conservative_topk_strict_gt,IPIX_Dartmouth,19931107_135603_starea.cdf,5,19931107_135603_starea.cdf#5,tpsscs_trainable_gate,9,"8,9,10,11",,
0.001,111203316.67277813,0.0,0.0009765625,1024,10240,10,10,10,conservative_topk_strict_gt,IPIX_Dartmouth,19931107_135603_starea.cdf,5,19931107_135603_starea.cdf#5,tpsscs_trainable_gate,9,"8,9,10,11",,
0.003,59658235.18899263,0.0029296875,0.0029296875,1024,10240,30,30,33,conservative_topk_strict_gt,IPIX_Dartmouth,19931107_135603_starea.cdf,5,19931107_135603_starea.cdf#5,tpsscs_trainable_gate,9,"8,9,10,11",,
0.01,21466117.837291002,0.029296875,0.0099609375,1024,10240,102,102,132,conservative_topk_strict_gt,IPIX_Dartmouth,19931107_135603_starea.cdf,5,19931107_135603_starea.cdf#5,tpsscs_trainable_gate,9,"8,9,10,11",,
1e-05,,0.01171875,0.0,1024,10240,0,0,25,residual_cfar_plus_zero_false_gate_union,IPIX_Dartmouth,19931107_135603_starea.cdf,5,19931107_135603_starea.cdf#5,tpsscs_finished_detector,9,"8,9,10,11",121030.56779903974,428462233.3960984
3e-05,,0.01171875,0.0,1024,10240,0,0,25,residual_cfar_plus_zero_false_gate_union,IPIX_Dartmouth,19931107_135603_starea.cdf,5,19931107_135603_starea.cdf#5,tpsscs_finished_detector,9,"8,9,10,11",121030.56779903974,428462233.3960984
0.0001,,0.0126953125,9.765625e-05,1024,10240,1,1,30,residual_cfar_plus_zero_false_gate_union,IPIX_Dartmouth,19931107_135603_starea.cdf,5,19931107_135603_starea.cdf#5,tpsscs_finished_detector,9,"8,9,10,11",116126.83793613757,428462233.3960984
0.0003,,0.0126953125,0.00029296875,1024,10240,3,3,44,residual_cfar_plus_zero_false_gate_union,IPIX_Dartmouth,19931107_135603_starea.cdf,5,19931107_135603_starea.cdf#5,tpsscs_finished_detector,9,"8,9,10,11",94196.35266635909,428462233.3960984
0.001,,0.0146484375,0.0009765625,1024,10240,10,10,74,residual_cfar_plus_zero_false_gate_union,IPIX_Dartmouth,19931107_135603_starea.cdf,5,19931107_135603_starea.cdf#5,tpsscs_finished_detector,9,"8,9,10,11",58444.360949582646,428462233.3960984
0.003,,0.017578125,0.0029296875,1024,10240,30,30,110,residual_cfar_plus_zero_false_gate_union,IPIX_Dartmouth,19931107_135603_starea.cdf,5,19931107_135603_starea.cdf#5,tpsscs_finished_detector,9,"8,9,10,11",39735.628406673124,428462233.3960984
0.01,,0.01953125,0.0099609375,1024,10240,102,102,203,residual_cfar_plus_zero_false_gate_union,IPIX_Dartmouth,19931107_135603_starea.cdf,5,19931107_135603_starea.cdf#5,tpsscs_finished_detector,9,"8,9,10,11",29141.104607331,428462233.3960984
1e-05,472953977.7937316,0.0,0.0,1024,10240,0,0,0,conservative_topk_strict_gt,IPIX_Dartmouth,19931107_135603_starea.cdf,6,19931107_135603_starea.cdf#6,raw,9,"8,9,10,11",,
3e-05,472953977.7937316,0.0,0.0,1024,10240,0,0,0,conservative_topk_strict_gt,IPIX_Dartmouth,19931107_135603_starea.cdf,6,19931107_135603_starea.cdf#6,raw,9,"8,9,10,11",,
0.0001,419156961.124579,0.0,9.765625e-05,1024,10240,1,1,1,conservative_topk_strict_gt,IPIX_Dartmouth,19931107_135603_starea.cdf,6,19931107_135603_starea.cdf#6,raw,9,"8,9,10,11",,
0.0003,378046045.470551,0.0,0.00029296875,1024,10240,3,3,3,conservative_topk_strict_gt,IPIX_Dartmouth,19931107_135603_starea.cdf,6,19931107_135603_starea.cdf#6,raw,9,"8,9,10,11",,
0.001,250244460.3907571,0.0,0.0009765625,1024,10240,10,10,10,conservative_topk_strict_gt,IPIX_Dartmouth,19931107_135603_starea.cdf,6,19931107_135603_starea.cdf#6,raw,9,"8,9,10,11",,
0.003,167771230.1891746,0.0,0.0029296875,1024,10240,30,30,30,conservative_topk_strict_gt,IPIX_Dartmouth,19931107_135603_starea.cdf,6,19931107_135603_starea.cdf#6,raw,9,"8,9,10,11",,
0.01,87800618.9586034,0.0,0.0099609375,1024,10240,102,102,102,conservative_topk_strict_gt,IPIX_Dartmouth,19931107_135603_starea.cdf,6,19931107_135603_starea.cdf#6,raw,9,"8,9,10,11",,
1e-05,67248.14946579667,0.0,0.0,1024,10240,0,0,0,conservative_topk_strict_gt,IPIX_Dartmouth,19931107_135603_starea.cdf,6,19931107_135603_starea.cdf#6,low_rank_residual_k30,9,"8,9,10,11",,
3e-05,67248.14946579667,0.0,0.0,1024,10240,0,0,0,conservative_topk_strict_gt,IPIX_Dartmouth,19931107_135603_starea.cdf,6,19931107_135603_starea.cdf#6,low_rank_residual_k30,9,"8,9,10,11",,
0.0001,65151.38934060211,0.0,9.765625e-05,1024,10240,1,1,1,conservative_topk_strict_gt,IPIX_Dartmouth,19931107_135603_starea.cdf,6,19931107_135603_starea.cdf#6,low_rank_residual_k30,9,"8,9,10,11",,
0.0003,37445.61046655998,0.0,0.00029296875,1024,10240,3,3,3,conservative_topk_strict_gt,IPIX_Dartmouth,19931107_135603_starea.cdf,6,19931107_135603_starea.cdf#6,low_rank_residual_k30,9,"8,9,10,11",,
0.001,29131.008554827593,0.0,0.0009765625,1024,10240,10,10,11,conservative_topk_strict_gt,IPIX_Dartmouth,19931107_135603_starea.cdf,6,19931107_135603_starea.cdf#6,low_rank_residual_k30,9,"8,9,10,11",,
0.003,21265.884885624102,0.0,0.0029296875,1024,10240,30,30,34,conservative_topk_strict_gt,IPIX_Dartmouth,19931107_135603_starea.cdf,6,19931107_135603_starea.cdf#6,low_rank_residual_k30,9,"8,9,10,11",,
0.01,11235.826951020048,0.0,0.0099609375,1024,10240,102,102,135,conservative_topk_strict_gt,IPIX_Dartmouth,19931107_135603_starea.cdf,6,19931107_135603_starea.cdf#6,low_rank_residual_k30,9,"8,9,10,11",,
1e-05,419124182.48036647,0.0,0.0,1024,10240,0,0,0,conservative_topk_strict_gt,IPIX_Dartmouth,19931107_135603_starea.cdf,6,19931107_135603_starea.cdf#6,tpsscs_trainable_gate,9,"8,9,10,11",,
3e-05,419124182.48036647,0.0,0.0,1024,10240,0,0,0,conservative_topk_strict_gt,IPIX_Dartmouth,19931107_135603_starea.cdf,6,19931107_135603_starea.cdf#6,tpsscs_trainable_gate,9,"8,9,10,11",,
0.0001,377876047.6130241,0.0,9.765625e-05,1024,10240,1,1,1,conservative_topk_strict_gt,IPIX_Dartmouth,19931107_135603_starea.cdf,6,19931107_135603_starea.cdf#6,tpsscs_trainable_gate,9,"8,9,10,11",,
0.0003,321427217.0406494,0.0,0.00029296875,1024,10240,3,3,3,conservative_topk_strict_gt,IPIX_Dartmouth,19931107_135603_starea.cdf,6,19931107_135603_starea.cdf#6,tpsscs_trainable_gate,9,"8,9,10,11",,
0.001,183102355.53296706,0.0,0.0009765625,1024,10240,10,10,10,conservative_topk_strict_gt,IPIX_Dartmouth,19931107_135603_starea.cdf,6,19931107_135603_starea.cdf#6,tpsscs_trainable_gate,9,"8,9,10,11",,
0.003,108917597.49860096,0.0,0.0029296875,1024,10240,30,30,30,conservative_topk_strict_gt,IPIX_Dartmouth,19931107_135603_starea.cdf,6,19931107_135603_starea.cdf#6,tpsscs_trainable_gate,9,"8,9,10,11",,
0.01,51930960.78965399,0.0,0.0099609375,1024,10240,102,102,102,conservative_topk_strict_gt,IPIX_Dartmouth,19931107_135603_starea.cdf,6,19931107_135603_starea.cdf#6,tpsscs_trainable_gate,9,"8,9,10,11",,
1e-05,,0.0,0.0,1024,10240,0,0,0,residual_cfar_plus_zero_false_gate_union,IPIX_Dartmouth,19931107_135603_starea.cdf,6,19931107_135603_starea.cdf#6,tpsscs_finished_detector,9,"8,9,10,11",67248.14946579719,419124182.48036647
3e-05,,0.0,0.0,1024,10240,0,0,0,residual_cfar_plus_zero_false_gate_union,IPIX_Dartmouth,19931107_135603_starea.cdf,6,19931107_135603_starea.cdf#6,tpsscs_finished_detector,9,"8,9,10,11",67248.14946579719,419124182.48036647
0.0001,,0.0,9.765625e-05,1024,10240,1,1,1,residual_cfar_plus_zero_false_gate_union,IPIX_Dartmouth,19931107_135603_starea.cdf,6,19931107_135603_starea.cdf#6,tpsscs_finished_detector,9,"8,9,10,11",65151.38934060164,419124182.48036647
0.0003,,0.0,0.00029296875,1024,10240,3,3,3,residual_cfar_plus_zero_false_gate_union,IPIX_Dartmouth,19931107_135603_starea.cdf,6,19931107_135603_starea.cdf#6,tpsscs_finished_detector,9,"8,9,10,11",37445.61046655987,419124182.48036647
0.001,,0.0,0.0009765625,1024,10240,10,10,11,residual_cfar_plus_zero_false_gate_union,IPIX_Dartmouth,19931107_135603_starea.cdf,6,19931107_135603_starea.cdf#6,tpsscs_finished_detector,9,"8,9,10,11",29131.00855482747,419124182.48036647
0.003,,0.0,0.0029296875,1024,10240,30,30,34,residual_cfar_plus_zero_false_gate_union,IPIX_Dartmouth,19931107_135603_starea.cdf,6,19931107_135603_starea.cdf#6,tpsscs_finished_detector,9,"8,9,10,11",21265.884885624168,419124182.48036647
0.01,,0.0,0.0099609375,1024,10240,102,102,135,residual_cfar_plus_zero_false_gate_union,IPIX_Dartmouth,19931107_135603_starea.cdf,6,19931107_135603_starea.cdf#6,tpsscs_finished_detector,9,"8,9,10,11",11235.826951020032,419124182.48036647
1e-05,389754779.86530435,0.0,0.0,1024,10240,0,0,0,conservative_topk_strict_gt,IPIX_Dartmouth,19931107_135603_starea.cdf,7,19931107_135603_starea.cdf#7,raw,9,"8,9,10,11",,
3e-05,389754779.86530435,0.0,0.0,1024,10240,0,0,0,conservative_topk_strict_gt,IPIX_Dartmouth,19931107_135603_starea.cdf,7,19931107_135603_starea.cdf#7,raw,9,"8,9,10,11",,
0.0001,352748790.3890652,0.0,9.765625e-05,1024,10240,1,1,1,conservative_topk_strict_gt,IPIX_Dartmouth,19931107_135603_starea.cdf,7,19931107_135603_starea.cdf#7,raw,9,"8,9,10,11",,
0.0003,345528107.8389162,0.0,0.00029296875,1024,10240,3,3,3,conservative_topk_strict_gt,IPIX_Dartmouth,19931107_135603_starea.cdf,7,19931107_135603_starea.cdf#7,raw,9,"8,9,10,11",,
0.001,270514321.1223522,0.0,0.0009765625,1024,10240,10,10,10,conservative_topk_strict_gt,IPIX_Dartmouth,19931107_135603_starea.cdf,7,19931107_135603_starea.cdf#7,raw,9,"8,9,10,11",,
0.003,165287572.80232564,0.0,0.0029296875,1024,10240,30,30,30,conservative_topk_strict_gt,IPIX_Dartmouth,19931107_135603_starea.cdf,7,19931107_135603_starea.cdf#7,raw,9,"8,9,10,11",,
0.01,75678226.69319679,0.0,0.0099609375,1024,10240,102,102,102,conservative_topk_strict_gt,IPIX_Dartmouth,19931107_135603_starea.cdf,7,19931107_135603_starea.cdf#7,raw,9,"8,9,10,11",,
1e-05,72501.94795556129,0.0,0.0,1024,10240,0,0,0,conservative_topk_strict_gt,IPIX_Dartmouth,19931107_135603_starea.cdf,7,19931107_135603_starea.cdf#7,low_rank_residual_k30,9,"8,9,10,11",,
3e-05,72501.94795556129,0.0,0.0,1024,10240,0,0,0,conservative_topk_strict_gt,IPIX_Dartmouth,19931107_135603_starea.cdf,7,19931107_135603_starea.cdf#7,low_rank_residual_k30,9,"8,9,10,11",,
0.0001,58546.143145203016,0.0,9.765625e-05,1024,10240,1,1,1,conservative_topk_strict_gt,IPIX_Dartmouth,19931107_135603_starea.cdf,7,19931107_135603_starea.cdf#7,low_rank_residual_k30,9,"8,9,10,11",,
0.0003,47041.196392751895,0.0,0.00029296875,1024,10240,3,3,3,conservative_topk_strict_gt,IPIX_Dartmouth,19931107_135603_starea.cdf,7,19931107_135603_starea.cdf#7,low_rank_residual_k30,9,"8,9,10,11",,
0.001,31794.150902517165,0.0,0.0009765625,1024,10240,10,10,16,conservative_topk_strict_gt,IPIX_Dartmouth,19931107_135603_starea.cdf,7,19931107_135603_starea.cdf#7,low_rank_residual_k30,9,"8,9,10,11",,
0.003,24969.599974002173,0.0,0.0029296875,1024,10240,30,30,41,conservative_topk_strict_gt,IPIX_Dartmouth,19931107_135603_starea.cdf,7,19931107_135603_starea.cdf#7,low_rank_residual_k30,9,"8,9,10,11",,
0.01,13455.730236591398,0.0,0.0099609375,1024,10240,102,102,130,conservative_topk_strict_gt,IPIX_Dartmouth,19931107_135603_starea.cdf,7,19931107_135603_starea.cdf#7,low_rank_residual_k30,9,"8,9,10,11",,
1e-05,182305204.29454032,0.0,0.0,1024,10240,0,0,0,conservative_topk_strict_gt,IPIX_Dartmouth,19931107_135603_starea.cdf,7,19931107_135603_starea.cdf#7,tpsscs_trainable_gate,9,"8,9,10,11",,
3e-05,182305204.29454032,0.0,0.0,1024,10240,0,0,0,conservative_topk_strict_gt,IPIX_Dartmouth,19931107_135603_starea.cdf,7,19931107_135603_starea.cdf#7,tpsscs_trainable_gate,9,"8,9,10,11",,
0.0001,155402999.24382457,0.0,9.765625e-05,1024,10240,1,1,1,conservative_topk_strict_gt,IPIX_Dartmouth,19931107_135603_starea.cdf,7,19931107_135603_starea.cdf#7,tpsscs_trainable_gate,9,"8,9,10,11",,
0.0003,106991777.14844966,0.0,0.00029296875,1024,10240,3,3,3,conservative_topk_strict_gt,IPIX_Dartmouth,19931107_135603_starea.cdf,7,19931107_135603_starea.cdf#7,tpsscs_trainable_gate,9,"8,9,10,11",,
0.001,54106731.75545307,0.0,0.0009765625,1024,10240,10,10,10,conservative_topk_strict_gt,IPIX_Dartmouth,19931107_135603_starea.cdf,7,19931107_135603_starea.cdf#7,tpsscs_trainable_gate,9,"8,9,10,11",,
0.003,23916532.298118606,0.0,0.0029296875,1024,10240,30,30,30,conservative_topk_strict_gt,IPIX_Dartmouth,19931107_135603_starea.cdf,7,19931107_135603_starea.cdf#7,tpsscs_trainable_gate,9,"8,9,10,11",,
0.01,4252882.240760934,0.0234375,0.0099609375,1024,10240,102,102,126,conservative_topk_strict_gt,IPIX_Dartmouth,19931107_135603_starea.cdf,7,19931107_135603_starea.cdf#7,tpsscs_trainable_gate,9,"8,9,10,11",,
1e-05,,0.0,0.0,1024,10240,0,0,0,residual_cfar_plus_zero_false_gate_union,IPIX_Dartmouth,19931107_135603_starea.cdf,7,19931107_135603_starea.cdf#7,tpsscs_finished_detector,9,"8,9,10,11",72501.94795556129,182305204.29454032
3e-05,,0.0,0.0,1024,10240,0,0,0,residual_cfar_plus_zero_false_gate_union,IPIX_Dartmouth,19931107_135603_starea.cdf,7,19931107_135603_starea.cdf#7,tpsscs_finished_detector,9,"8,9,10,11",72501.94795556129,182305204.29454032
0.0001,,0.0,9.765625e-05,1024,10240,1,1,1,residual_cfar_plus_zero_false_gate_union,IPIX_Dartmouth,19931107_135603_starea.cdf,7,19931107_135603_starea.cdf#7,tpsscs_finished_detector,9,"8,9,10,11",58546.14314520265,182305204.29454032
0.0003,,0.0,0.00029296875,1024,10240,3,3,3,residual_cfar_plus_zero_false_gate_union,IPIX_Dartmouth,19931107_135603_starea.cdf,7,19931107_135603_starea.cdf#7,tpsscs_finished_detector,9,"8,9,10,11",47041.196392751546,182305204.29454032
0.001,,0.0,0.0009765625,1024,10240,10,10,16,residual_cfar_plus_zero_false_gate_union,IPIX_Dartmouth,19931107_135603_starea.cdf,7,19931107_135603_starea.cdf#7,tpsscs_finished_detector,9,"8,9,10,11",31794.15090251715,182305204.29454032
0.003,,0.0,0.0029296875,1024,10240,30,30,41,residual_cfar_plus_zero_false_gate_union,IPIX_Dartmouth,19931107_135603_starea.cdf,7,19931107_135603_starea.cdf#7,tpsscs_finished_detector,9,"8,9,10,11",24969.599974001998,182305204.29454032
0.01,,0.0,0.0099609375,1024,10240,102,102,130,residual_cfar_plus_zero_false_gate_union,IPIX_Dartmouth,19931107_135603_starea.cdf,7,19931107_135603_starea.cdf#7,tpsscs_finished_detector,9,"8,9,10,11",13455.730236590418,182305204.29454032
1e-05,882473689.7278996,0.0,0.0,1024,10240,0,0,0,conservative_topk_strict_gt,IPIX_Dartmouth,19931107_135603_starea.cdf,8,19931107_135603_starea.cdf#8,raw,9,"8,9,10,11",,
3e-05,882473689.7278996,0.0,0.0,1024,10240,0,0,0,conservative_topk_strict_gt,IPIX_Dartmouth,19931107_135603_starea.cdf,8,19931107_135603_starea.cdf#8,raw,9,"8,9,10,11",,
0.0001,690801989.3488383,0.0,9.765625e-05,1024,10240,1,1,1,conservative_topk_strict_gt,IPIX_Dartmouth,19931107_135603_starea.cdf,8,19931107_135603_starea.cdf#8,raw,9,"8,9,10,11",,
0.0003,462440294.41161543,0.0,0.00029296875,1024,10240,3,3,3,conservative_topk_strict_gt,IPIX_Dartmouth,19931107_135603_starea.cdf,8,19931107_135603_starea.cdf#8,raw,9,"8,9,10,11",,
0.001,383864231.9031577,0.0,0.0009765625,1024,10240,10,10,10,conservative_topk_strict_gt,IPIX_Dartmouth,19931107_135603_starea.cdf,8,19931107_135603_starea.cdf#8,raw,9,"8,9,10,11",,
0.003,269159547.8504865,0.0,0.0029296875,1024,10240,30,30,30,conservative_topk_strict_gt,IPIX_Dartmouth,19931107_135603_starea.cdf,8,19931107_135603_starea.cdf#8,raw,9,"8,9,10,11",,
0.01,130018826.84893319,0.0,0.0099609375,1024,10240,102,102,107,conservative_topk_strict_gt,IPIX_Dartmouth,19931107_135603_starea.cdf,8,19931107_135603_starea.cdf#8,raw,9,"8,9,10,11",,
1e-05,98426.53058220453,0.0,0.0,1024,10240,0,0,0,conservative_topk_strict_gt,IPIX_Dartmouth,19931107_135603_starea.cdf,8,19931107_135603_starea.cdf#8,low_rank_residual_k30,9,"8,9,10,11",,
3e-05,98426.53058220453,0.0,0.0,1024,10240,0,0,0,conservative_topk_strict_gt,IPIX_Dartmouth,19931107_135603_starea.cdf,8,19931107_135603_starea.cdf#8,low_rank_residual_k30,9,"8,9,10,11",,
0.0001,62024.92541918407,0.0,9.765625e-05,1024,10240,1,1,2,conservative_topk_strict_gt,IPIX_Dartmouth,19931107_135603_starea.cdf,8,19931107_135603_starea.cdf#8,low_rank_residual_k30,9,"8,9,10,11",,
0.0003,46357.19809020026,0.0,0.00029296875,1024,10240,3,3,6,conservative_topk_strict_gt,IPIX_Dartmouth,19931107_135603_starea.cdf,8,19931107_135603_starea.cdf#8,low_rank_residual_k30,9,"8,9,10,11",,
0.001,38321.017242218986,0.0,0.0009765625,1024,10240,10,10,14,conservative_topk_strict_gt,IPIX_Dartmouth,19931107_135603_starea.cdf,8,19931107_135603_starea.cdf#8,low_rank_residual_k30,9,"8,9,10,11",,
0.003,27089.41287122666,0.0,0.0029296875,1024,10240,30,30,43,conservative_topk_strict_gt,IPIX_Dartmouth,19931107_135603_starea.cdf,8,19931107_135603_starea.cdf#8,low_rank_residual_k30,9,"8,9,10,11",,
0.01,13625.699542044362,0.0009765625,0.0099609375,1024,10240,102,102,153,conservative_topk_strict_gt,IPIX_Dartmouth,19931107_135603_starea.cdf,8,19931107_135603_starea.cdf#8,low_rank_residual_k30,9,"8,9,10,11",,
1e-05,880259732.8880352,0.0,0.0,1024,10240,0,0,0,conservative_topk_strict_gt,IPIX_Dartmouth,19931107_135603_starea.cdf,8,19931107_135603_starea.cdf#8,tpsscs_trainable_gate,9,"8,9,10,11",,
3e-05,880259732.8880352,0.0,0.0,1024,10240,0,0,0,conservative_topk_strict_gt,IPIX_Dartmouth,19931107_135603_starea.cdf,8,19931107_135603_starea.cdf#8,tpsscs_trainable_gate,9,"8,9,10,11",,
0.0001,684377912.9450896,0.0,9.765625e-05,1024,10240,1,1,1,conservative_topk_strict_gt,IPIX_Dartmouth,19931107_135603_starea.cdf,8,19931107_135603_starea.cdf#8,tpsscs_trainable_gate,9,"8,9,10,11",,
0.0003,461682758.31419307,0.0,0.00029296875,1024,10240,3,3,3,conservative_topk_strict_gt,IPIX_Dartmouth,19931107_135603_starea.cdf,8,19931107_135603_starea.cdf#8,tpsscs_trainable_gate,9,"8,9,10,11",,
0.001,304243618.30250394,0.0,0.0009765625,1024,10240,10,10,10,conservative_topk_strict_gt,IPIX_Dartmouth,19931107_135603_starea.cdf,8,19931107_135603_starea.cdf#8,tpsscs_trainable_gate,9,"8,9,10,11",,
0.003,187167223.50773278,0.0,0.0029296875,1024,10240,30,30,30,conservative_topk_strict_gt,IPIX_Dartmouth,19931107_135603_starea.cdf,8,19931107_135603_starea.cdf#8,tpsscs_trainable_gate,9,"8,9,10,11",,
0.01,60886803.49754467,0.0,0.0099609375,1024,10240,102,102,102,conservative_topk_strict_gt,IPIX_Dartmouth,19931107_135603_starea.cdf,8,19931107_135603_starea.cdf#8,tpsscs_trainable_gate,9,"8,9,10,11",,
1e-05,,0.0,0.0,1024,10240,0,0,0,residual_cfar_plus_zero_false_gate_union,IPIX_Dartmouth,19931107_135603_starea.cdf,8,19931107_135603_starea.cdf#8,tpsscs_finished_detector,9,"8,9,10,11",98426.53058220257,880259732.8880352
3e-05,,0.0,0.0,1024,10240,0,0,0,residual_cfar_plus_zero_false_gate_union,IPIX_Dartmouth,19931107_135603_starea.cdf,8,19931107_135603_starea.cdf#8,tpsscs_finished_detector,9,"8,9,10,11",98426.53058220257,880259732.8880352
0.0001,,0.0,9.765625e-05,1024,10240,1,1,2,residual_cfar_plus_zero_false_gate_union,IPIX_Dartmouth,19931107_135603_starea.cdf,8,19931107_135603_starea.cdf#8,tpsscs_finished_detector,9,"8,9,10,11",62024.925419183,880259732.8880352
0.0003,,0.0,0.00029296875,1024,10240,3,3,6,residual_cfar_plus_zero_false_gate_union,IPIX_Dartmouth,19931107_135603_starea.cdf,8,19931107_135603_starea.cdf#8,tpsscs_finished_detector,9,"8,9,10,11",46357.198090200625,880259732.8880352
0.001,,0.0,0.0009765625,1024,10240,10,10,14,residual_cfar_plus_zero_false_gate_union,IPIX_Dartmouth,19931107_135603_starea.cdf,8,19931107_135603_starea.cdf#8,tpsscs_finished_detector,9,"8,9,10,11",38321.01724221965,880259732.8880352
0.003,,0.0,0.0029296875,1024,10240,30,30,43,residual_cfar_plus_zero_false_gate_union,IPIX_Dartmouth,19931107_135603_starea.cdf,8,19931107_135603_starea.cdf#8,tpsscs_finished_detector,9,"8,9,10,11",27089.41287122604,880259732.8880352
0.01,,0.0009765625,0.0099609375,1024,10240,102,102,153,residual_cfar_plus_zero_false_gate_union,IPIX_Dartmouth,19931107_135603_starea.cdf,8,19931107_135603_starea.cdf#8,tpsscs_finished_detector,9,"8,9,10,11",13625.699542044684,880259732.8880352
1e-05,509751501.63109696,0.0,0.0,1024,10240,0,0,0,conservative_topk_strict_gt,IPIX_Dartmouth,19931107_135603_starea.cdf,9,19931107_135603_starea.cdf#9,raw,9,"8,9,10,11",,
3e-05,509751501.63109696,0.0,0.0,1024,10240,0,0,0,conservative_topk_strict_gt,IPIX_Dartmouth,19931107_135603_starea.cdf,9,19931107_135603_starea.cdf#9,raw,9,"8,9,10,11",,
0.0001,495228146.3238954,0.0,9.765625e-05,1024,10240,1,1,1,conservative_topk_strict_gt,IPIX_Dartmouth,19931107_135603_starea.cdf,9,19931107_135603_starea.cdf#9,raw,9,"8,9,10,11",,
0.0003,406987725.13969177,0.0,0.00029296875,1024,10240,3,3,4,conservative_topk_strict_gt,IPIX_Dartmouth,19931107_135603_starea.cdf,9,19931107_135603_starea.cdf#9,raw,9,"8,9,10,11",,
0.001,324632345.2716806,0.0,0.0009765625,1024,10240,10,10,12,conservative_topk_strict_gt,IPIX_Dartmouth,19931107_135603_starea.cdf,9,19931107_135603_starea.cdf#9,raw,9,"8,9,10,11",,
0.003,211205802.91239566,0.0,0.0029296875,1024,10240,30,30,34,conservative_topk_strict_gt,IPIX_Dartmouth,19931107_135603_starea.cdf,9,19931107_135603_starea.cdf#9,raw,9,"8,9,10,11",,
0.01,88276513.34293294,0.005859375,0.0099609375,1024,10240,102,102,130,conservative_topk_strict_gt,IPIX_Dartmouth,19931107_135603_starea.cdf,9,19931107_135603_starea.cdf#9,raw,9,"8,9,10,11",,
1e-05,28161.739554127613,0.0009765625,0.0,1024,10240,0,0,3,conservative_topk_strict_gt,IPIX_Dartmouth,19931107_135603_starea.cdf,9,19931107_135603_starea.cdf#9,low_rank_residual_k30,9,"8,9,10,11",,
3e-05,28161.739554127613,0.0009765625,0.0,1024,10240,0,0,3,conservative_topk_strict_gt,IPIX_Dartmouth,19931107_135603_starea.cdf,9,19931107_135603_starea.cdf#9,low_rank_residual_k30,9,"8,9,10,11",,
0.0001,24664.184206222275,0.0009765625,9.765625e-05,1024,10240,1,1,4,conservative_topk_strict_gt,IPIX_Dartmouth,19931107_135603_starea.cdf,9,19931107_135603_starea.cdf#9,low_rank_residual_k30,9,"8,9,10,11",,
0.0003,23304.744119749164,0.0009765625,0.00029296875,1024,10240,3,3,6,conservative_topk_strict_gt,IPIX_Dartmouth,19931107_135603_starea.cdf,9,19931107_135603_starea.cdf#9,low_rank_residual_k30,9,"8,9,10,11",,
0.001,18843.526094055916,0.001953125,0.0009765625,1024,10240,10,10,16,conservative_topk_strict_gt,IPIX_Dartmouth,19931107_135603_starea.cdf,9,19931107_135603_starea.cdf#9,low_rank_residual_k30,9,"8,9,10,11",,
0.003,14179.311068833136,0.0048828125,0.0029296875,1024,10240,30,30,44,conservative_topk_strict_gt,IPIX_Dartmouth,19931107_135603_starea.cdf,9,19931107_135603_starea.cdf#9,low_rank_residual_k30,9,"8,9,10,11",,
0.01,8586.455733553674,0.009765625,0.0099609375,1024,10240,102,102,138,conservative_topk_strict_gt,IPIX_Dartmouth,19931107_135603_starea.cdf,9,19931107_135603_starea.cdf#9,low_rank_residual_k30,9,"8,9,10,11",,
1e-05,509452150.0612694,0.0,0.0,1024,10240,0,0,0,conservative_topk_strict_gt,IPIX_Dartmouth,19931107_135603_starea.cdf,9,19931107_135603_starea.cdf#9,tpsscs_trainable_gate,9,"8,9,10,11",,
3e-05,509452150.0612694,0.0,0.0,1024,10240,0,0,0,conservative_topk_strict_gt,IPIX_Dartmouth,19931107_135603_starea.cdf,9,19931107_135603_starea.cdf#9,tpsscs_trainable_gate,9,"8,9,10,11",,
0.0001,424576231.4116808,0.0,9.765625e-05,1024,10240,1,1,1,conservative_topk_strict_gt,IPIX_Dartmouth,19931107_135603_starea.cdf,9,19931107_135603_starea.cdf#9,tpsscs_trainable_gate,9,"8,9,10,11",,
0.0003,352573971.69426185,0.0,0.00029296875,1024,10240,3,3,3,conservative_topk_strict_gt,IPIX_Dartmouth,19931107_135603_starea.cdf,9,19931107_135603_starea.cdf#9,tpsscs_trainable_gate,9,"8,9,10,11",,
0.001,240834162.61500737,0.0,0.0009765625,1024,10240,10,10,10,conservative_topk_strict_gt,IPIX_Dartmouth,19931107_135603_starea.cdf,9,19931107_135603_starea.cdf#9,tpsscs_trainable_gate,9,"8,9,10,11",,
0.003,119850729.03759591,0.0029296875,0.0029296875,1024,10240,30,30,33,conservative_topk_strict_gt,IPIX_Dartmouth,19931107_135603_starea.cdf,9,19931107_135603_starea.cdf#9,tpsscs_trainable_gate,9,"8,9,10,11",,
0.01,26699273.316545866,0.017578125,0.0099609375,1024,10240,102,102,120,conservative_topk_strict_gt,IPIX_Dartmouth,19931107_135603_starea.cdf,9,19931107_135603_starea.cdf#9,tpsscs_trainable_gate,9,"8,9,10,11",,
1e-05,,0.0009765625,0.0,1024,10240,0,0,3,residual_cfar_plus_zero_false_gate_union,IPIX_Dartmouth,19931107_135603_starea.cdf,9,19931107_135603_starea.cdf#9,tpsscs_finished_detector,9,"8,9,10,11",28161.739554127482,509452150.0612694
3e-05,,0.0009765625,0.0,1024,10240,0,0,3,residual_cfar_plus_zero_false_gate_union,IPIX_Dartmouth,19931107_135603_starea.cdf,9,19931107_135603_starea.cdf#9,tpsscs_finished_detector,9,"8,9,10,11",28161.739554127482,509452150.0612694
0.0001,,0.0009765625,9.765625e-05,1024,10240,1,1,4,residual_cfar_plus_zero_false_gate_union,IPIX_Dartmouth,19931107_135603_starea.cdf,9,19931107_135603_starea.cdf#9,tpsscs_finished_detector,9,"8,9,10,11",24664.184206222115,509452150.0612694
0.0003,,0.0009765625,0.00029296875,1024,10240,3,3,6,residual_cfar_plus_zero_false_gate_union,IPIX_Dartmouth,19931107_135603_starea.cdf,9,19931107_135603_starea.cdf#9,tpsscs_finished_detector,9,"8,9,10,11",23304.744119749128,509452150.0612694
0.001,,0.001953125,0.0009765625,1024,10240,10,10,16,residual_cfar_plus_zero_false_gate_union,IPIX_Dartmouth,19931107_135603_starea.cdf,9,19931107_135603_starea.cdf#9,tpsscs_finished_detector,9,"8,9,10,11",18843.52609405591,509452150.0612694
0.003,,0.0048828125,0.0029296875,1024,10240,30,30,44,residual_cfar_plus_zero_false_gate_union,IPIX_Dartmouth,19931107_135603_starea.cdf,9,19931107_135603_starea.cdf#9,tpsscs_finished_detector,9,"8,9,10,11",14179.31106883314,509452150.0612694
0.01,,0.009765625,0.0099609375,1024,10240,102,102,138,residual_cfar_plus_zero_false_gate_union,IPIX_Dartmouth,19931107_135603_starea.cdf,9,19931107_135603_starea.cdf#9,tpsscs_finished_detector,9,"8,9,10,11",8586.455733553834,509452150.0612694
1e-05,374868212.0848848,0.005859375,0.0,1024,10240,0,0,11,conservative_topk_strict_gt,IPIX_Dartmouth,19931107_135603_starea.cdf,10,19931107_135603_starea.cdf#10,raw,9,"8,9,10,11",,
3e-05,374868212.0848848,0.005859375,0.0,1024,10240,0,0,11,conservative_topk_strict_gt,IPIX_Dartmouth,19931107_135603_starea.cdf,10,19931107_135603_starea.cdf#10,raw,9,"8,9,10,11",,
0.0001,308382526.554288,0.0068359375,9.765625e-05,1024,10240,1,1,16,conservative_topk_strict_gt,IPIX_Dartmouth,19931107_135603_starea.cdf,10,19931107_135603_starea.cdf#10,raw,9,"8,9,10,11",,
0.0003,273003287.5494448,0.009765625,0.00029296875,1024,10240,3,3,22,conservative_topk_strict_gt,IPIX_Dartmouth,19931107_135603_starea.cdf,10,19931107_135603_starea.cdf#10,raw,9,"8,9,10,11",,
0.001,155946517.88129982,0.0224609375,0.0009765625,1024,10240,10,10,68,conservative_topk_strict_gt,IPIX_Dartmouth,19931107_135603_starea.cdf,10,19931107_135603_starea.cdf#10,raw,9,"8,9,10,11",,
0.003,100882032.88952488,0.0400390625,0.0029296875,1024,10240,30,30,145,conservative_topk_strict_gt,IPIX_Dartmouth,19931107_135603_starea.cdf,10,19931107_135603_starea.cdf#10,raw,9,"8,9,10,11",,
0.01,39311918.80827533,0.0947265625,0.0099609375,1024,10240,102,102,392,conservative_topk_strict_gt,IPIX_Dartmouth,19931107_135603_starea.cdf,10,19931107_135603_starea.cdf#10,raw,9,"8,9,10,11",,
1e-05,45823.04847951481,0.0,0.0,1024,10240,0,0,0,conservative_topk_strict_gt,IPIX_Dartmouth,19931107_135603_starea.cdf,10,19931107_135603_starea.cdf#10,low_rank_residual_k30,9,"8,9,10,11",,
3e-05,45823.04847951481,0.0,0.0,1024,10240,0,0,0,conservative_topk_strict_gt,IPIX_Dartmouth,19931107_135603_starea.cdf,10,19931107_135603_starea.cdf#10,low_rank_residual_k30,9,"8,9,10,11",,
0.0001,43171.61396666872,0.0,9.765625e-05,1024,10240,1,1,1,conservative_topk_strict_gt,IPIX_Dartmouth,19931107_135603_starea.cdf,10,19931107_135603_starea.cdf#10,low_rank_residual_k30,9,"8,9,10,11",,
0.0003,36816.40803100967,0.0,0.00029296875,1024,10240,3,3,3,conservative_topk_strict_gt,IPIX_Dartmouth,19931107_135603_starea.cdf,10,19931107_135603_starea.cdf#10,low_rank_residual_k30,9,"8,9,10,11",,
0.001,24824.01296408066,0.0,0.0009765625,1024,10240,10,10,15,conservative_topk_strict_gt,IPIX_Dartmouth,19931107_135603_starea.cdf,10,19931107_135603_starea.cdf#10,low_rank_residual_k30,9,"8,9,10,11",,
0.003,18597.892279426174,0.0,0.0029296875,1024,10240,30,30,40,conservative_topk_strict_gt,IPIX_Dartmouth,19931107_135603_starea.cdf,10,19931107_135603_starea.cdf#10,low_rank_residual_k30,9,"8,9,10,11",,
0.01,11972.861620153784,0.0,0.0099609375,1024,10240,102,102,122,conservative_topk_strict_gt,IPIX_Dartmouth,19931107_135603_starea.cdf,10,19931107_135603_starea.cdf#10,low_rank_residual_k30,9,"8,9,10,11",,
1e-05,373509808.3350755,0.0,0.0,1024,10240,0,0,1,conservative_topk_strict_gt,IPIX_Dartmouth,19931107_135603_starea.cdf,10,19931107_135603_starea.cdf#10,tpsscs_trainable_gate,9,"8,9,10,11",,
3e-05,373509808.3350755,0.0,0.0,1024,10240,0,0,1,conservative_topk_strict_gt,IPIX_Dartmouth,19931107_135603_starea.cdf,10,19931107_135603_starea.cdf#10,tpsscs_trainable_gate,9,"8,9,10,11",,
0.0001,297808706.5321529,0.0,9.765625e-05,1024,10240,1,1,2,conservative_topk_strict_gt,IPIX_Dartmouth,19931107_135603_starea.cdf,10,19931107_135603_starea.cdf#10,tpsscs_trainable_gate,9,"8,9,10,11",,
0.0003,266550570.5776065,0.0,0.00029296875,1024,10240,3,3,4,conservative_topk_strict_gt,IPIX_Dartmouth,19931107_135603_starea.cdf,10,19931107_135603_starea.cdf#10,tpsscs_trainable_gate,9,"8,9,10,11",,
0.001,131519072.74545372,0.0,0.0009765625,1024,10240,10,10,16,conservative_topk_strict_gt,IPIX_Dartmouth,19931107_135603_starea.cdf,10,19931107_135603_starea.cdf#10,tpsscs_trainable_gate,9,"8,9,10,11",,
0.003,68111156.39894378,0.0,0.0029296875,1024,10240,30,30,57,conservative_topk_strict_gt,IPIX_Dartmouth,19931107_135603_starea.cdf,10,19931107_135603_starea.cdf#10,tpsscs_trainable_gate,9,"8,9,10,11",,
0.01,18797813.547863934,0.0,0.0099609375,1024,10240,102,102,182,conservative_topk_strict_gt,IPIX_Dartmouth,19931107_135603_starea.cdf,10,19931107_135603_starea.cdf#10,tpsscs_trainable_gate,9,"8,9,10,11",,
1e-05,,0.0,0.0,1024,10240,0,0,1,residual_cfar_plus_zero_false_gate_union,IPIX_Dartmouth,19931107_135603_starea.cdf,10,19931107_135603_starea.cdf#10,tpsscs_finished_detector,9,"8,9,10,11",45823.048479514786,373509808.3350755
3e-05,,0.0,0.0,1024,10240,0,0,1,residual_cfar_plus_zero_false_gate_union,IPIX_Dartmouth,19931107_135603_starea.cdf,10,19931107_135603_starea.cdf#10,tpsscs_finished_detector,9,"8,9,10,11",45823.048479514786,373509808.3350755
0.0001,,0.0,9.765625e-05,1024,10240,1,1,2,residual_cfar_plus_zero_false_gate_union,IPIX_Dartmouth,19931107_135603_starea.cdf,10,19931107_135603_starea.cdf#10,tpsscs_finished_detector,9,"8,9,10,11",43171.613966668614,373509808.3350755
0.0003,,0.0,0.00029296875,1024,10240,3,3,4,residual_cfar_plus_zero_false_gate_union,IPIX_Dartmouth,19931107_135603_starea.cdf,10,19931107_135603_starea.cdf#10,tpsscs_finished_detector,9,"8,9,10,11",36816.408031009734,373509808.3350755
0.001,,0.0,0.0009765625,1024,10240,10,10,15,residual_cfar_plus_zero_false_gate_union,IPIX_Dartmouth,19931107_135603_starea.cdf,10,19931107_135603_starea.cdf#10,tpsscs_finished_detector,9,"8,9,10,11",24824.012964080746,373509808.3350755
0.003,,0.0,0.0029296875,1024,10240,30,30,40,residual_cfar_plus_zero_false_gate_union,IPIX_Dartmouth,19931107_135603_starea.cdf,10,19931107_135603_starea.cdf#10,tpsscs_finished_detector,9,"8,9,10,11",18597.89227942633,373509808.3350755
0.01,,0.0,0.0099609375,1024,10240,102,102,122,residual_cfar_plus_zero_false_gate_union,IPIX_Dartmouth,19931107_135603_starea.cdf,10,19931107_135603_starea.cdf#10,tpsscs_finished_detector,9,"8,9,10,11",11972.861620153795,373509808.3350755
1e-05,254962609.37245443,0.01953125,0.0,1024,10240,0,0,74,conservative_topk_strict_gt,IPIX_Dartmouth,19931107_135603_starea.cdf,11,19931107_135603_starea.cdf#11,raw,9,"8,9,10,11",,
3e-05,254962609.37245443,0.01953125,0.0,1024,10240,0,0,74,conservative_topk_strict_gt,IPIX_Dartmouth,19931107_135603_starea.cdf,11,19931107_135603_starea.cdf#11,raw,9,"8,9,10,11",,
0.0001,191308585.6819303,0.0244140625,9.765625e-05,1024,10240,1,1,105,conservative_topk_strict_gt,IPIX_Dartmouth,19931107_135603_starea.cdf,11,19931107_135603_starea.cdf#11,raw,9,"8,9,10,11",,
0.0003,123735402.47064456,0.05078125,0.00029296875,1024,10240,3,3,179,conservative_topk_strict_gt,IPIX_Dartmouth,19931107_135603_starea.cdf,11,19931107_135603_starea.cdf#11,raw,9,"8,9,10,11",,
0.001,78818754.09412219,0.0751953125,0.0009765625,1024,10240,10,10,292,conservative_topk_strict_gt,IPIX_Dartmouth,19931107_135603_starea.cdf,11,19931107_135603_starea.cdf#11,raw,9,"8,9,10,11",,
0.003,57564146.44734748,0.0869140625,0.0029296875,1024,10240,30,30,383,conservative_topk_strict_gt,IPIX_Dartmouth,19931107_135603_starea.cdf,11,19931107_135603_starea.cdf#11,raw,9,"8,9,10,11",,
0.01,28681302.012551695,0.1328125,0.0099609375,1024,10240,102,102,654,conservative_topk_strict_gt,IPIX_Dartmouth,19931107_135603_starea.cdf,11,19931107_135603_starea.cdf#11,raw,9,"8,9,10,11",,
1e-05,589005.4475763827,0.0,0.0,1024,10240,0,0,0,conservative_topk_strict_gt,IPIX_Dartmouth,19931107_135603_starea.cdf,11,19931107_135603_starea.cdf#11,low_rank_residual_k30,9,"8,9,10,11",,
3e-05,589005.4475763827,0.0,0.0,1024,10240,0,0,0,conservative_topk_strict_gt,IPIX_Dartmouth,19931107_135603_starea.cdf,11,19931107_135603_starea.cdf#11,low_rank_residual_k30,9,"8,9,10,11",,
0.0001,341168.655998884,0.0,9.765625e-05,1024,10240,1,1,1,conservative_topk_strict_gt,IPIX_Dartmouth,19931107_135603_starea.cdf,11,19931107_135603_starea.cdf#11,low_rank_residual_k30,9,"8,9,10,11",,
0.0003,215609.6099893162,0.0,0.00029296875,1024,10240,3,3,3,conservative_topk_strict_gt,IPIX_Dartmouth,19931107_135603_starea.cdf,11,19931107_135603_starea.cdf#11,low_rank_residual_k30,9,"8,9,10,11",,
0.001,140194.83412887296,0.0,0.0009765625,1024,10240,10,10,10,conservative_topk_strict_gt,IPIX_Dartmouth,19931107_135603_starea.cdf,11,19931107_135603_starea.cdf#11,low_rank_residual_k30,9,"8,9,10,11",,
0.003,107602.18196913833,0.0,0.0029296875,1024,10240,30,30,30,conservative_topk_strict_gt,IPIX_Dartmouth,19931107_135603_starea.cdf,11,19931107_135603_starea.cdf#11,low_rank_residual_k30,9,"8,9,10,11",,
0.01,53475.71925287492,0.0,0.0099609375,1024,10240,102,102,102,conservative_topk_strict_gt,IPIX_Dartmouth,19931107_135603_starea.cdf,11,19931107_135603_starea.cdf#11,low_rank_residual_k30,9,"8,9,10,11",,
1e-05,254959691.80840585,0.0,0.0,1024,10240,0,0,1,conservative_topk_strict_gt,IPIX_Dartmouth,19931107_135603_starea.cdf,11,19931107_135603_starea.cdf#11,tpsscs_trainable_gate,9,"8,9,10,11",,
3e-05,254959691.80840585,0.0,0.0,1024,10240,0,0,1,conservative_topk_strict_gt,IPIX_Dartmouth,19931107_135603_starea.cdf,11,19931107_135603_starea.cdf#11,tpsscs_trainable_gate,9,"8,9,10,11",,
0.0001,191305575.6076175,0.0,9.765625e-05,1024,10240,1,1,2,conservative_topk_strict_gt,IPIX_Dartmouth,19931107_135603_starea.cdf,11,19931107_135603_starea.cdf#11,tpsscs_trainable_gate,9,"8,9,10,11",,
0.0003,123734547.30688259,0.0,0.00029296875,1024,10240,3,3,4,conservative_topk_strict_gt,IPIX_Dartmouth,19931107_135603_starea.cdf,11,19931107_135603_starea.cdf#11,tpsscs_trainable_gate,9,"8,9,10,11",,
0.001,66926279.57008174,0.0,0.0009765625,1024,10240,10,10,15,conservative_topk_strict_gt,IPIX_Dartmouth,19931107_135603_starea.cdf,11,19931107_135603_starea.cdf#11,tpsscs_trainable_gate,9,"8,9,10,11",,
0.003,51133123.87731844,0.0,0.0029296875,1024,10240,30,30,36,conservative_topk_strict_gt,IPIX_Dartmouth,19931107_135603_starea.cdf,11,19931107_135603_starea.cdf#11,tpsscs_trainable_gate,9,"8,9,10,11",,
0.01,20718460.458398297,0.0,0.0099609375,1024,10240,102,102,116,conservative_topk_strict_gt,IPIX_Dartmouth,19931107_135603_starea.cdf,11,19931107_135603_starea.cdf#11,tpsscs_trainable_gate,9,"8,9,10,11",,
1e-05,,0.0,0.0,1024,10240,0,0,1,residual_cfar_plus_zero_false_gate_union,IPIX_Dartmouth,19931107_135603_starea.cdf,11,19931107_135603_starea.cdf#11,tpsscs_finished_detector,9,"8,9,10,11",589005.4475763829,254959691.80840585
3e-05,,0.0,0.0,1024,10240,0,0,1,residual_cfar_plus_zero_false_gate_union,IPIX_Dartmouth,19931107_135603_starea.cdf,11,19931107_135603_starea.cdf#11,tpsscs_finished_detector,9,"8,9,10,11",589005.4475763829,254959691.80840585
0.0001,,0.0,9.765625e-05,1024,10240,1,1,2,residual_cfar_plus_zero_false_gate_union,IPIX_Dartmouth,19931107_135603_starea.cdf,11,19931107_135603_starea.cdf#11,tpsscs_finished_detector,9,"8,9,10,11",341168.65599888365,254959691.80840585
0.0003,,0.0,0.00029296875,1024,10240,3,3,4,residual_cfar_plus_zero_false_gate_union,IPIX_Dartmouth,19931107_135603_starea.cdf,11,19931107_135603_starea.cdf#11,tpsscs_finished_detector,9,"8,9,10,11",215609.60998931635,254959691.80840585
0.001,,0.0,0.0009765625,1024,10240,10,10,11,residual_cfar_plus_zero_false_gate_union,IPIX_Dartmouth,19931107_135603_starea.cdf,11,19931107_135603_starea.cdf#11,tpsscs_finished_detector,9,"8,9,10,11",140194.83412887313,254959691.80840585
0.003,,0.0,0.0029296875,1024,10240,30,30,31,residual_cfar_plus_zero_false_gate_union,IPIX_Dartmouth,19931107_135603_starea.cdf,11,19931107_135603_starea.cdf#11,tpsscs_finished_detector,9,"8,9,10,11",107602.1819691386,254959691.80840585
0.01,,0.0,0.0099609375,1024,10240,102,102,103,residual_cfar_plus_zero_false_gate_union,IPIX_Dartmouth,19931107_135603_starea.cdf,11,19931107_135603_starea.cdf#11,tpsscs_finished_detector,9,"8,9,10,11",53475.719252875,254959691.80840585
1e-05,365986660.5336085,0.017578125,0.0,1024,10240,0,0,57,conservative_topk_strict_gt,IPIX_Dartmouth,19931107_135603_starea.cdf,12,19931107_135603_starea.cdf#12,raw,9,"8,9,10,11",,
3e-05,365986660.5336085,0.017578125,0.0,1024,10240,0,0,57,conservative_topk_strict_gt,IPIX_Dartmouth,19931107_135603_starea.cdf,12,19931107_135603_starea.cdf#12,raw,9,"8,9,10,11",,
0.0001,204753530.52686888,0.0234375,9.765625e-05,1024,10240,1,1,101,conservative_topk_strict_gt,IPIX_Dartmouth,19931107_135603_starea.cdf,12,19931107_135603_starea.cdf#12,raw,9,"8,9,10,11",,
0.0003,140238727.25090373,0.037109375,0.00029296875,1024,10240,3,3,160,conservative_topk_strict_gt,IPIX_Dartmouth,19931107_135603_starea.cdf,12,19931107_135603_starea.cdf#12,raw,9,"8,9,10,11",,
0.001,79984248.2977951,0.0673828125,0.0009765625,1024,10240,10,10,282,conservative_topk_strict_gt,IPIX_Dartmouth,19931107_135603_starea.cdf,12,19931107_135603_starea.cdf#12,raw,9,"8,9,10,11",,
0.003,57256140.49933726,0.0859375,0.0029296875,1024,10240,30,30,363,conservative_topk_strict_gt,IPIX_Dartmouth,19931107_135603_starea.cdf,12,19931107_135603_starea.cdf#12,raw,9,"8,9,10,11",,
0.01,26849141.44604882,0.1337890625,0.0099609375,1024,10240,102,102,594,conservative_topk_strict_gt,IPIX_Dartmouth,19931107_135603_starea.cdf,12,19931107_135603_starea.cdf#12,raw,9,"8,9,10,11",,
1e-05,36857.8104535553,0.0,0.0,1024,10240,0,0,0,conservative_topk_strict_gt,IPIX_Dartmouth,19931107_135603_starea.cdf,12,19931107_135603_starea.cdf#12,low_rank_residual_k30,9,"8,9,10,11",,
3e-05,36857.8104535553,0.0,0.0,1024,10240,0,0,0,conservative_topk_strict_gt,IPIX_Dartmouth,19931107_135603_starea.cdf,12,19931107_135603_starea.cdf#12,low_rank_residual_k30,9,"8,9,10,11",,
0.0001,35965.86406122048,0.0,9.765625e-05,1024,10240,1,1,1,conservative_topk_strict_gt,IPIX_Dartmouth,19931107_135603_starea.cdf,12,19931107_135603_starea.cdf#12,low_rank_residual_k30,9,"8,9,10,11",,
0.0003,33678.91853327325,0.0,0.00029296875,1024,10240,3,3,3,conservative_topk_strict_gt,IPIX_Dartmouth,19931107_135603_starea.cdf,12,19931107_135603_starea.cdf#12,low_rank_residual_k30,9,"8,9,10,11",,
0.001,21784.115302107322,0.0,0.0009765625,1024,10240,10,10,10,conservative_topk_strict_gt,IPIX_Dartmouth,19931107_135603_starea.cdf,12,19931107_135603_starea.cdf#12,low_rank_residual_k30,9,"8,9,10,11",,
0.003,14857.76257237295,0.0,0.0029296875,1024,10240,30,30,30,conservative_topk_strict_gt,IPIX_Dartmouth,19931107_135603_starea.cdf,12,19931107_135603_starea.cdf#12,low_rank_residual_k30,9,"8,9,10,11",,
0.01,7925.365634652777,0.0,0.0099609375,1024,10240,102,102,102,conservative_topk_strict_gt,IPIX_Dartmouth,19931107_135603_starea.cdf,12,19931107_135603_starea.cdf#12,low_rank_residual_k30,9,"8,9,10,11",,
1e-05,263833560.61832348,0.0,0.0,1024,10240,0,0,31,conservative_topk_strict_gt,IPIX_Dartmouth,19931107_135603_starea.cdf,12,19931107_135603_starea.cdf#12,tpsscs_trainable_gate,9,"8,9,10,11",,
3e-05,263833560.61832348,0.0,0.0,1024,10240,0,0,31,conservative_topk_strict_gt,IPIX_Dartmouth,19931107_135603_starea.cdf,12,19931107_135603_starea.cdf#12,tpsscs_trainable_gate,9,"8,9,10,11",,
0.0001,167539072.0749559,0.0,9.765625e-05,1024,10240,1,1,41,conservative_topk_strict_gt,IPIX_Dartmouth,19931107_135603_starea.cdf,12,19931107_135603_starea.cdf#12,tpsscs_trainable_gate,9,"8,9,10,11",,
0.0003,78104776.7224117,0.0,0.00029296875,1024,10240,3,3,77,conservative_topk_strict_gt,IPIX_Dartmouth,19931107_135603_starea.cdf,12,19931107_135603_starea.cdf#12,tpsscs_trainable_gate,9,"8,9,10,11",,
0.001,63780587.1478267,0.0,0.0009765625,1024,10240,10,10,98,conservative_topk_strict_gt,IPIX_Dartmouth,19931107_135603_starea.cdf,12,19931107_135603_starea.cdf#12,tpsscs_trainable_gate,9,"8,9,10,11",,
0.003,33219529.30857122,0.0,0.0029296875,1024,10240,30,30,166,conservative_topk_strict_gt,IPIX_Dartmouth,19931107_135603_starea.cdf,12,19931107_135603_starea.cdf#12,tpsscs_trainable_gate,9,"8,9,10,11",,
0.01,10134871.586090332,0.0,0.0099609375,1024,10240,102,102,352,conservative_topk_strict_gt,IPIX_Dartmouth,19931107_135603_starea.cdf,12,19931107_135603_starea.cdf#12,tpsscs_trainable_gate,9,"8,9,10,11",,
1e-05,,0.0,0.0,1024,10240,0,0,31,residual_cfar_plus_zero_false_gate_union,IPIX_Dartmouth,19931107_135603_starea.cdf,12,19931107_135603_starea.cdf#12,tpsscs_finished_detector,9,"8,9,10,11",36857.81045355536,263833560.61832348
3e-05,,0.0,0.0,1024,10240,0,0,31,residual_cfar_plus_zero_false_gate_union,IPIX_Dartmouth,19931107_135603_starea.cdf,12,19931107_135603_starea.cdf#12,tpsscs_finished_detector,9,"8,9,10,11",36857.81045355536,263833560.61832348
0.0001,,0.0,9.765625e-05,1024,10240,1,1,32,residual_cfar_plus_zero_false_gate_union,IPIX_Dartmouth,19931107_135603_starea.cdf,12,19931107_135603_starea.cdf#12,tpsscs_finished_detector,9,"8,9,10,11",35965.864061219974,263833560.61832348
0.0003,,0.0,0.00029296875,1024,10240,3,3,34,residual_cfar_plus_zero_false_gate_union,IPIX_Dartmouth,19931107_135603_starea.cdf,12,19931107_135603_starea.cdf#12,tpsscs_finished_detector,9,"8,9,10,11",33678.91853327312,263833560.61832348
0.001,,0.0,0.0009765625,1024,10240,10,10,41,residual_cfar_plus_zero_false_gate_union,IPIX_Dartmouth,19931107_135603_starea.cdf,12,19931107_135603_starea.cdf#12,tpsscs_finished_detector,9,"8,9,10,11",21784.11530210773,263833560.61832348
0.003,,0.0,0.0029296875,1024,10240,30,30,61,residual_cfar_plus_zero_false_gate_union,IPIX_Dartmouth,19931107_135603_starea.cdf,12,19931107_135603_starea.cdf#12,tpsscs_finished_detector,9,"8,9,10,11",14857.76257237413,263833560.61832348
0.01,,0.0,0.0099609375,1024,10240,102,102,133,residual_cfar_plus_zero_false_gate_union,IPIX_Dartmouth,19931107_135603_starea.cdf,12,19931107_135603_starea.cdf#12,tpsscs_finished_detector,9,"8,9,10,11",7925.36563465266,263833560.61832348
1e-05,353324006.54434085,0.01171875,0.0,1024,10240,0,0,46,conservative_topk_strict_gt,IPIX_Dartmouth,19931107_135603_starea.cdf,13,19931107_135603_starea.cdf#13,raw,9,"8,9,10,11",,
3e-05,353324006.54434085,0.01171875,0.0,1024,10240,0,0,46,conservative_topk_strict_gt,IPIX_Dartmouth,19931107_135603_starea.cdf,13,19931107_135603_starea.cdf#13,raw,9,"8,9,10,11",,
0.0001,249157244.60339463,0.0205078125,9.765625e-05,1024,10240,1,1,84,conservative_topk_strict_gt,IPIX_Dartmouth,19931107_135603_starea.cdf,13,19931107_135603_starea.cdf#13,raw,9,"8,9,10,11",,
0.0003,215684505.3155775,0.0263671875,0.00029296875,1024,10240,3,3,108,conservative_topk_strict_gt,IPIX_Dartmouth,19931107_135603_starea.cdf,13,19931107_135603_starea.cdf#13,raw,9,"8,9,10,11",,
0.001,155889247.0398809,0.0400390625,0.0009765625,1024,10240,10,10,163,conservative_topk_strict_gt,IPIX_Dartmouth,19931107_135603_starea.cdf,13,19931107_135603_starea.cdf#13,raw,9,"8,9,10,11",,
0.003,105230801.55414572,0.0712890625,0.0029296875,1024,10240,30,30,261,conservative_topk_strict_gt,IPIX_Dartmouth,19931107_135603_starea.cdf,13,19931107_135603_starea.cdf#13,raw,9,"8,9,10,11",,
0.01,55280609.39060738,0.1044921875,0.0099609375,1024,10240,102,102,481,conservative_topk_strict_gt,IPIX_Dartmouth,19931107_135603_starea.cdf,13,19931107_135603_starea.cdf#13,raw,9,"8,9,10,11",,
1e-05,294372.4756167284,0.0,0.0,1024,10240,0,0,0,conservative_topk_strict_gt,IPIX_Dartmouth,19931107_135603_starea.cdf,13,19931107_135603_starea.cdf#13,low_rank_residual_k30,9,"8,9,10,11",,
3e-05,294372.4756167284,0.0,0.0,1024,10240,0,0,0,conservative_topk_strict_gt,IPIX_Dartmouth,19931107_135603_starea.cdf,13,19931107_135603_starea.cdf#13,low_rank_residual_k30,9,"8,9,10,11",,
0.0001,263370.9790515253,0.0,9.765625e-05,1024,10240,1,1,1,conservative_topk_strict_gt,IPIX_Dartmouth,19931107_135603_starea.cdf,13,19931107_135603_starea.cdf#13,low_rank_residual_k30,9,"8,9,10,11",,
0.0003,239687.47252877898,0.0,0.00029296875,1024,10240,3,3,3,conservative_topk_strict_gt,IPIX_Dartmouth,19931107_135603_starea.cdf,13,19931107_135603_starea.cdf#13,low_rank_residual_k30,9,"8,9,10,11",,
0.001,182277.452717017,0.0,0.0009765625,1024,10240,10,10,10,conservative_topk_strict_gt,IPIX_Dartmouth,19931107_135603_starea.cdf,13,19931107_135603_starea.cdf#13,low_rank_residual_k30,9,"8,9,10,11",,
0.003,134647.62151277074,0.0,0.0029296875,1024,10240,30,30,30,conservative_topk_strict_gt,IPIX_Dartmouth,19931107_135603_starea.cdf,13,19931107_135603_starea.cdf#13,low_rank_residual_k30,9,"8,9,10,11",,
0.01,90683.10672888639,0.0,0.0099609375,1024,10240,102,102,102,conservative_topk_strict_gt,IPIX_Dartmouth,19931107_135603_starea.cdf,13,19931107_135603_starea.cdf#13,low_rank_residual_k30,9,"8,9,10,11",,
1e-05,128720930.54911989,0.0,0.0,1024,10240,0,0,6,conservative_topk_strict_gt,IPIX_Dartmouth,19931107_135603_starea.cdf,13,19931107_135603_starea.cdf#13,tpsscs_trainable_gate,9,"8,9,10,11",,
3e-05,128720930.54911989,0.0,0.0,1024,10240,0,0,6,conservative_topk_strict_gt,IPIX_Dartmouth,19931107_135603_starea.cdf,13,19931107_135603_starea.cdf#13,tpsscs_trainable_gate,9,"8,9,10,11",,
0.0001,104158770.68342659,0.0,9.765625e-05,1024,10240,1,1,14,conservative_topk_strict_gt,IPIX_Dartmouth,19931107_135603_starea.cdf,13,19931107_135603_starea.cdf#13,tpsscs_trainable_gate,9,"8,9,10,11",,
0.0003,67507859.32836908,0.0,0.00029296875,1024,10240,3,3,27,conservative_topk_strict_gt,IPIX_Dartmouth,19931107_135603_starea.cdf,13,19931107_135603_starea.cdf#13,tpsscs_trainable_gate,9,"8,9,10,11",,
0.001,43381690.78759511,0.0,0.0009765625,1024,10240,10,10,42,conservative_topk_strict_gt,IPIX_Dartmouth,19931107_135603_starea.cdf,13,19931107_135603_starea.cdf#13,tpsscs_trainable_gate,9,"8,9,10,11",,
0.003,18441699.423613884,0.0,0.0029296875,1024,10240,30,30,88,conservative_topk_strict_gt,IPIX_Dartmouth,19931107_135603_starea.cdf,13,19931107_135603_starea.cdf#13,tpsscs_trainable_gate,9,"8,9,10,11",,
0.01,5849954.066319039,0.0,0.0099609375,1024,10240,102,102,256,conservative_topk_strict_gt,IPIX_Dartmouth,19931107_135603_starea.cdf,13,19931107_135603_starea.cdf#13,tpsscs_trainable_gate,9,"8,9,10,11",,
1e-05,,0.0,0.0,1024,10240,0,0,6,residual_cfar_plus_zero_false_gate_union,IPIX_Dartmouth,19931107_135603_starea.cdf,13,19931107_135603_starea.cdf#13,tpsscs_finished_detector,9,"8,9,10,11",294372.4756167286,128720930.54911989
3e-05,,0.0,0.0,1024,10240,0,0,6,residual_cfar_plus_zero_false_gate_union,IPIX_Dartmouth,19931107_135603_starea.cdf,13,19931107_135603_starea.cdf#13,tpsscs_finished_detector,9,"8,9,10,11",294372.4756167286,128720930.54911989
0.0001,,0.0,9.765625e-05,1024,10240,1,1,7,residual_cfar_plus_zero_false_gate_union,IPIX_Dartmouth,19931107_135603_starea.cdf,13,19931107_135603_starea.cdf#13,tpsscs_finished_detector,9,"8,9,10,11",263370.97905152506,128720930.54911989
0.0003,,0.0,0.00029296875,1024,10240,3,3,9,residual_cfar_plus_zero_false_gate_union,IPIX_Dartmouth,19931107_135603_starea.cdf,13,19931107_135603_starea.cdf#13,tpsscs_finished_detector,9,"8,9,10,11",239687.4725287793,128720930.54911989
0.001,,0.0,0.0009765625,1024,10240,10,10,16,residual_cfar_plus_zero_false_gate_union,IPIX_Dartmouth,19931107_135603_starea.cdf,13,19931107_135603_starea.cdf#13,tpsscs_finished_detector,9,"8,9,10,11",182277.4527170166,128720930.54911989
0.003,,0.0,0.0029296875,1024,10240,30,30,36,residual_cfar_plus_zero_false_gate_union,IPIX_Dartmouth,19931107_135603_starea.cdf,13,19931107_135603_starea.cdf#13,tpsscs_finished_detector,9,"8,9,10,11",134647.62151277016,128720930.54911989
0.01,,0.0,0.0099609375,1024,10240,102,102,108,residual_cfar_plus_zero_false_gate_union,IPIX_Dartmouth,19931107_135603_starea.cdf,13,19931107_135603_starea.cdf#13,tpsscs_finished_detector,9,"8,9,10,11",90683.10672888617,128720930.54911989
1e-05,811048874.0911171,0.009765625,0.0,1024,10240,0,0,15,conservative_topk_strict_gt,IPIX_Dartmouth,19931107_135603_starea.cdf,14,19931107_135603_starea.cdf#14,raw,9,"8,9,10,11",,
3e-05,811048874.0911171,0.009765625,0.0,1024,10240,0,0,15,conservative_topk_strict_gt,IPIX_Dartmouth,19931107_135603_starea.cdf,14,19931107_135603_starea.cdf#14,raw,9,"8,9,10,11",,
0.0001,517529026.7023356,0.0146484375,9.765625e-05,1024,10240,1,1,29,conservative_topk_strict_gt,IPIX_Dartmouth,19931107_135603_starea.cdf,14,19931107_135603_starea.cdf#14,raw,9,"8,9,10,11",,
0.0003,316490361.5689901,0.021484375,0.00029296875,1024,10240,3,3,54,conservative_topk_strict_gt,IPIX_Dartmouth,19931107_135603_starea.cdf,14,19931107_135603_starea.cdf#14,raw,9,"8,9,10,11",,
0.001,188846697.2365224,0.02734375,0.0009765625,1024,10240,10,10,90,conservative_topk_strict_gt,IPIX_Dartmouth,19931107_135603_starea.cdf,14,19931107_135603_starea.cdf#14,raw,9,"8,9,10,11",,
0.003,149390732.65202737,0.041015625,0.0029296875,1024,10240,30,30,134,conservative_topk_strict_gt,IPIX_Dartmouth,19931107_135603_starea.cdf,14,19931107_135603_starea.cdf#14,raw,9,"8,9,10,11",,
0.01,81784959.175433,0.0625,0.0099609375,1024,10240,102,102,266,conservative_topk_strict_gt,IPIX_Dartmouth,19931107_135603_starea.cdf,14,19931107_135603_starea.cdf#14,raw,9,"8,9,10,11",,
1e-05,243917.35078288708,0.0,0.0,1024,10240,0,0,2,conservative_topk_strict_gt,IPIX_Dartmouth,19931107_135603_starea.cdf,14,19931107_135603_starea.cdf#14,low_rank_residual_k30,9,"8,9,10,11",,
3e-05,243917.35078288708,0.0,0.0,1024,10240,0,0,2,conservative_topk_strict_gt,IPIX_Dartmouth,19931107_135603_starea.cdf,14,19931107_135603_starea.cdf#14,low_rank_residual_k30,9,"8,9,10,11",,
0.0001,232518.51012240548,0.0,9.765625e-05,1024,10240,1,1,3,conservative_topk_strict_gt,IPIX_Dartmouth,19931107_135603_starea.cdf,14,19931107_135603_starea.cdf#14,low_rank_residual_k30,9,"8,9,10,11",,
0.0003,202101.2784250819,0.0,0.00029296875,1024,10240,3,3,6,conservative_topk_strict_gt,IPIX_Dartmouth,19931107_135603_starea.cdf,14,19931107_135603_starea.cdf#14,low_rank_residual_k30,9,"8,9,10,11",,
0.001,157257.2836513633,0.0,0.0009765625,1024,10240,10,10,14,conservative_topk_strict_gt,IPIX_Dartmouth,19931107_135603_starea.cdf,14,19931107_135603_starea.cdf#14,low_rank_residual_k30,9,"8,9,10,11",,
0.003,107283.1414682989,0.0,0.0029296875,1024,10240,30,30,37,conservative_topk_strict_gt,IPIX_Dartmouth,19931107_135603_starea.cdf,14,19931107_135603_starea.cdf#14,low_rank_residual_k30,9,"8,9,10,11",,
0.01,53655.676857006045,0.0,0.0099609375,1024,10240,102,102,124,conservative_topk_strict_gt,IPIX_Dartmouth,19931107_135603_starea.cdf,14,19931107_135603_starea.cdf#14,low_rank_residual_k30,9,"8,9,10,11",,
1e-05,230763597.989249,0.01171875,0.0,1024,10240,0,0,13,conservative_topk_strict_gt,IPIX_Dartmouth,19931107_135603_starea.cdf,14,19931107_135603_starea.cdf#14,tpsscs_trainable_gate,9,"8,9,10,11",,
3e-05,230763597.989249,0.01171875,0.0,1024,10240,0,0,13,conservative_topk_strict_gt,IPIX_Dartmouth,19931107_135603_starea.cdf,14,19931107_135603_starea.cdf#14,tpsscs_trainable_gate,9,"8,9,10,11",,
0.0001,77500881.07431555,0.0185546875,9.765625e-05,1024,10240,1,1,26,conservative_topk_strict_gt,IPIX_Dartmouth,19931107_135603_starea.cdf,14,19931107_135603_starea.cdf#14,tpsscs_trainable_gate,9,"8,9,10,11",,
0.0003,72387864.08833623,0.021484375,0.00029296875,1024,10240,3,3,34,conservative_topk_strict_gt,IPIX_Dartmouth,19931107_135603_starea.cdf,14,19931107_135603_starea.cdf#14,tpsscs_trainable_gate,9,"8,9,10,11",,
0.001,33420831.386418168,0.037109375,0.0009765625,1024,10240,10,10,69,conservative_topk_strict_gt,IPIX_Dartmouth,19931107_135603_starea.cdf,14,19931107_135603_starea.cdf#14,tpsscs_trainable_gate,9,"8,9,10,11",,
0.003,8916331.357221192,0.08984375,0.0029296875,1024,10240,30,30,216,conservative_topk_strict_gt,IPIX_Dartmouth,19931107_135603_starea.cdf,14,19931107_135603_starea.cdf#14,tpsscs_trainable_gate,9,"8,9,10,11",,
0.01,2396610.265872409,0.4482421875,0.0099609375,1024,10240,102,102,832,conservative_topk_strict_gt,IPIX_Dartmouth,19931107_135603_starea.cdf,14,19931107_135603_starea.cdf#14,tpsscs_trainable_gate,9,"8,9,10,11",,
1e-05,,0.01171875,0.0,1024,10240,0,0,15,residual_cfar_plus_zero_false_gate_union,IPIX_Dartmouth,19931107_135603_starea.cdf,14,19931107_135603_starea.cdf#14,tpsscs_finished_detector,9,"8,9,10,11",243917.35078288722,230763597.989249
3e-05,,0.01171875,0.0,1024,10240,0,0,15,residual_cfar_plus_zero_false_gate_union,IPIX_Dartmouth,19931107_135603_starea.cdf,14,19931107_135603_starea.cdf#14,tpsscs_finished_detector,9,"8,9,10,11",243917.35078288722,230763597.989249
0.0001,,0.01171875,9.765625e-05,1024,10240,1,1,16,residual_cfar_plus_zero_false_gate_union,IPIX_Dartmouth,19931107_135603_starea.cdf,14,19931107_135603_starea.cdf#14,tpsscs_finished_detector,9,"8,9,10,11",232518.51012240772,230763597.989249
0.0003,,0.01171875,0.00029296875,1024,10240,3,3,19,residual_cfar_plus_zero_false_gate_union,IPIX_Dartmouth,19931107_135603_starea.cdf,14,19931107_135603_starea.cdf#14,tpsscs_finished_detector,9,"8,9,10,11",202101.2784250812,230763597.989249
0.001,,0.01171875,0.0009765625,1024,10240,10,10,27,residual_cfar_plus_zero_false_gate_union,IPIX_Dartmouth,19931107_135603_starea.cdf,14,19931107_135603_starea.cdf#14,tpsscs_finished_detector,9,"8,9,10,11",157257.28365136456,230763597.989249
0.003,,0.01171875,0.0029296875,1024,10240,30,30,50,residual_cfar_plus_zero_false_gate_union,IPIX_Dartmouth,19931107_135603_starea.cdf,14,19931107_135603_starea.cdf#14,tpsscs_finished_detector,9,"8,9,10,11",107283.14146829952,230763597.989249
0.01,,0.01171875,0.0099609375,1024,10240,102,102,137,residual_cfar_plus_zero_false_gate_union,IPIX_Dartmouth,19931107_135603_starea.cdf,14,19931107_135603_starea.cdf#14,tpsscs_finished_detector,9,"8,9,10,11",53655.6768570064,230763597.989249
1e-05,394098962.5955474,0.0009765625,0.0,1024,10240,0,0,1,conservative_topk_strict_gt,IPIX_Dartmouth,19931107_135603_starea.cdf,15,19931107_135603_starea.cdf#15,raw,9,"8,9,10,11",,
3e-05,394098962.5955474,0.0009765625,0.0,1024,10240,0,0,1,conservative_topk_strict_gt,IPIX_Dartmouth,19931107_135603_starea.cdf,15,19931107_135603_starea.cdf#15,raw,9,"8,9,10,11",,
0.0001,387465623.8735393,0.0009765625,9.765625e-05,1024,10240,1,1,2,conservative_topk_strict_gt,IPIX_Dartmouth,19931107_135603_starea.cdf,15,19931107_135603_starea.cdf#15,raw,9,"8,9,10,11",,
0.0003,268198874.87275216,0.005859375,0.00029296875,1024,10240,3,3,9,conservative_topk_strict_gt,IPIX_Dartmouth,19931107_135603_starea.cdf,15,19931107_135603_starea.cdf#15,raw,9,"8,9,10,11",,
0.001,234364663.2299193,0.0078125,0.0009765625,1024,10240,10,10,19,conservative_topk_strict_gt,IPIX_Dartmouth,19931107_135603_starea.cdf,15,19931107_135603_starea.cdf#15,raw,9,"8,9,10,11",,
0.003,179302729.3246157,0.0087890625,0.0029296875,1024,10240,30,30,41,conservative_topk_strict_gt,IPIX_Dartmouth,19931107_135603_starea.cdf,15,19931107_135603_starea.cdf#15,raw,9,"8,9,10,11",,
0.01,101829414.14627795,0.0205078125,0.0099609375,1024,10240,102,102,130,conservative_topk_strict_gt,IPIX_Dartmouth,19931107_135603_starea.cdf,15,19931107_135603_starea.cdf#15,raw,9,"8,9,10,11",,
1e-05,142708.661641373,0.0,0.0,1024,10240,0,0,0,conservative_topk_strict_gt,IPIX_Dartmouth,19931107_135603_starea.cdf,15,19931107_135603_starea.cdf#15,low_rank_residual_k30,9,"8,9,10,11",,
3e-05,142708.661641373,0.0,0.0,1024,10240,0,0,0,conservative_topk_strict_gt,IPIX_Dartmouth,19931107_135603_starea.cdf,15,19931107_135603_starea.cdf#15,low_rank_residual_k30,9,"8,9,10,11",,
0.0001,139265.81385380472,0.0,9.765625e-05,1024,10240,1,1,1,conservative_topk_strict_gt,IPIX_Dartmouth,19931107_135603_starea.cdf,15,19931107_135603_starea.cdf#15,low_rank_residual_k30,9,"8,9,10,11",,
0.0003,95008.64738282353,0.0,0.00029296875,1024,10240,3,3,5,conservative_topk_strict_gt,IPIX_Dartmouth,19931107_135603_starea.cdf,15,19931107_135603_starea.cdf#15,low_rank_residual_k30,9,"8,9,10,11",,
0.001,72407.03873914799,0.0,0.0009765625,1024,10240,10,10,13,conservative_topk_strict_gt,IPIX_Dartmouth,19931107_135603_starea.cdf,15,19931107_135603_starea.cdf#15,low_rank_residual_k30,9,"8,9,10,11",,
0.003,46729.86147959777,0.0,0.0029296875,1024,10240,30,30,35,conservative_topk_strict_gt,IPIX_Dartmouth,19931107_135603_starea.cdf,15,19931107_135603_starea.cdf#15,low_rank_residual_k30,9,"8,9,10,11",,
0.01,31680.68835047351,0.0,0.0099609375,1024,10240,102,102,112,conservative_topk_strict_gt,IPIX_Dartmouth,19931107_135603_starea.cdf,15,19931107_135603_starea.cdf#15,low_rank_residual_k30,9,"8,9,10,11",,
1e-05,117055143.30157684,0.0,0.0,1024,10240,0,0,0,conservative_topk_strict_gt,IPIX_Dartmouth,19931107_135603_starea.cdf,15,19931107_135603_starea.cdf#15,tpsscs_trainable_gate,9,"8,9,10,11",,
3e-05,117055143.30157684,0.0,0.0,1024,10240,0,0,0,conservative_topk_strict_gt,IPIX_Dartmouth,19931107_135603_starea.cdf,15,19931107_135603_starea.cdf#15,tpsscs_trainable_gate,9,"8,9,10,11",,
0.0001,114319878.03604776,0.0,9.765625e-05,1024,10240,1,1,1,conservative_topk_strict_gt,IPIX_Dartmouth,19931107_135603_starea.cdf,15,19931107_135603_starea.cdf#15,tpsscs_trainable_gate,9,"8,9,10,11",,
0.0003,72312456.4741233,0.0,0.00029296875,1024,10240,3,3,3,conservative_topk_strict_gt,IPIX_Dartmouth,19931107_135603_starea.cdf,15,19931107_135603_starea.cdf#15,tpsscs_trainable_gate,9,"8,9,10,11",,
0.001,31477522.841934558,0.0,0.0009765625,1024,10240,10,10,36,conservative_topk_strict_gt,IPIX_Dartmouth,19931107_135603_starea.cdf,15,19931107_135603_starea.cdf#15,tpsscs_trainable_gate,9,"8,9,10,11",,
0.003,15386401.340548087,0.0,0.0029296875,1024,10240,30,30,82,conservative_topk_strict_gt,IPIX_Dartmouth,19931107_135603_starea.cdf,15,19931107_135603_starea.cdf#15,tpsscs_trainable_gate,9,"8,9,10,11",,
0.01,6235609.967802814,0.0,0.0099609375,1024,10240,102,102,181,conservative_topk_strict_gt,IPIX_Dartmouth,19931107_135603_starea.cdf,15,19931107_135603_starea.cdf#15,tpsscs_trainable_gate,9,"8,9,10,11",,
1e-05,,0.0,0.0,1024,10240,0,0,0,residual_cfar_plus_zero_false_gate_union,IPIX_Dartmouth,19931107_135603_starea.cdf,15,19931107_135603_starea.cdf#15,tpsscs_finished_detector,9,"8,9,10,11",142708.6616413745,117055143.30157684
3e-05,,0.0,0.0,1024,10240,0,0,0,residual_cfar_plus_zero_false_gate_union,IPIX_Dartmouth,19931107_135603_starea.cdf,15,19931107_135603_starea.cdf#15,tpsscs_finished_detector,9,"8,9,10,11",142708.6616413745,117055143.30157684
0.0001,,0.0,9.765625e-05,1024,10240,1,1,1,residual_cfar_plus_zero_false_gate_union,IPIX_Dartmouth,19931107_135603_starea.cdf,15,19931107_135603_starea.cdf#15,tpsscs_finished_detector,9,"8,9,10,11",139265.81385380455,117055143.30157684
0.0003,,0.0,0.00029296875,1024,10240,3,3,5,residual_cfar_plus_zero_false_gate_union,IPIX_Dartmouth,19931107_135603_starea.cdf,15,19931107_135603_starea.cdf#15,tpsscs_finished_detector,9,"8,9,10,11",95008.64738282363,117055143.30157684
0.001,,0.0,0.0009765625,1024,10240,10,10,13,residual_cfar_plus_zero_false_gate_union,IPIX_Dartmouth,19931107_135603_starea.cdf,15,19931107_135603_starea.cdf#15,tpsscs_finished_detector,9,"8,9,10,11",72407.03873914693,117055143.30157684
0.003,,0.0,0.0029296875,1024,10240,30,30,35,residual_cfar_plus_zero_false_gate_union,IPIX_Dartmouth,19931107_135603_starea.cdf,15,19931107_135603_starea.cdf#15,tpsscs_finished_detector,9,"8,9,10,11",46729.86147959739,117055143.30157684
0.01,,0.0,0.0099609375,1024,10240,102,102,112,residual_cfar_plus_zero_false_gate_union,IPIX_Dartmouth,19931107_135603_starea.cdf,15,19931107_135603_starea.cdf#15,tpsscs_finished_detector,9,"8,9,10,11",31680.68835047309,117055143.30157684
1e-05,484404910.16831195,0.0,0.0,1024,10240,0,0,0,conservative_topk_strict_gt,IPIX_Dartmouth,19931107_135603_starea.cdf,16,19931107_135603_starea.cdf#16,raw,9,"8,9,10,11",,
3e-05,484404910.16831195,0.0,0.0,1024,10240,0,0,0,conservative_topk_strict_gt,IPIX_Dartmouth,19931107_135603_starea.cdf,16,19931107_135603_starea.cdf#16,raw,9,"8,9,10,11",,
0.0001,401034138.99787194,0.0,9.765625e-05,1024,10240,1,1,1,conservative_topk_strict_gt,IPIX_Dartmouth,19931107_135603_starea.cdf,16,19931107_135603_starea.cdf#16,raw,9,"8,9,10,11",,
0.0003,372180308.35025173,0.0,0.00029296875,1024,10240,3,3,3,conservative_topk_strict_gt,IPIX_Dartmouth,19931107_135603_starea.cdf,16,19931107_135603_starea.cdf#16,raw,9,"8,9,10,11",,
0.001,325841704.8116567,0.0,0.0009765625,1024,10240,10,10,10,conservative_topk_strict_gt,IPIX_Dartmouth,19931107_135603_starea.cdf,16,19931107_135603_starea.cdf#16,raw,9,"8,9,10,11",,
0.003,218796815.4886786,0.0,0.0029296875,1024,10240,30,30,30,conservative_topk_strict_gt,IPIX_Dartmouth,19931107_135603_starea.cdf,16,19931107_135603_starea.cdf#16,raw,9,"8,9,10,11",,
0.01,105179317.54877552,0.0,0.0099609375,1024,10240,102,102,102,conservative_topk_strict_gt,IPIX_Dartmouth,19931107_135603_starea.cdf,16,19931107_135603_starea.cdf#16,raw,9,"8,9,10,11",,
1e-05,179351.43658302567,0.0029296875,0.0,1024,10240,0,0,4,conservative_topk_strict_gt,IPIX_Dartmouth,19931107_135603_starea.cdf,16,19931107_135603_starea.cdf#16,low_rank_residual_k30,9,"8,9,10,11",,
3e-05,179351.43658302567,0.0029296875,0.0,1024,10240,0,0,4,conservative_topk_strict_gt,IPIX_Dartmouth,19931107_135603_starea.cdf,16,19931107_135603_starea.cdf#16,low_rank_residual_k30,9,"8,9,10,11",,
0.0001,161514.6074020902,0.0029296875,9.765625e-05,1024,10240,1,1,5,conservative_topk_strict_gt,IPIX_Dartmouth,19931107_135603_starea.cdf,16,19931107_135603_starea.cdf#16,low_rank_residual_k30,9,"8,9,10,11",,
0.0003,101043.21138434675,0.009765625,0.00029296875,1024,10240,3,3,16,conservative_topk_strict_gt,IPIX_Dartmouth,19931107_135603_starea.cdf,16,19931107_135603_starea.cdf#16,low_rank_residual_k30,9,"8,9,10,11",,
0.001,81557.55439563813,0.01171875,0.0009765625,1024,10240,10,10,26,conservative_topk_strict_gt,IPIX_Dartmouth,19931107_135603_starea.cdf,16,19931107_135603_starea.cdf#16,low_rank_residual_k30,9,"8,9,10,11",,
0.003,54611.41952949818,0.017578125,0.0029296875,1024,10240,30,30,55,conservative_topk_strict_gt,IPIX_Dartmouth,19931107_135603_starea.cdf,16,19931107_135603_starea.cdf#16,low_rank_residual_k30,9,"8,9,10,11",,
0.01,23189.220408924684,0.0283203125,0.0099609375,1024,10240,102,102,167,conservative_topk_strict_gt,IPIX_Dartmouth,19931107_135603_starea.cdf,16,19931107_135603_starea.cdf#16,low_rank_residual_k30,9,"8,9,10,11",,
1e-05,348212697.87494206,0.0,0.0,1024,10240,0,0,0,conservative_topk_strict_gt,IPIX_Dartmouth,19931107_135603_starea.cdf,16,19931107_135603_starea.cdf#16,tpsscs_trainable_gate,9,"8,9,10,11",,
3e-05,348212697.87494206,0.0,0.0,1024,10240,0,0,0,conservative_topk_strict_gt,IPIX_Dartmouth,19931107_135603_starea.cdf,16,19931107_135603_starea.cdf#16,tpsscs_trainable_gate,9,"8,9,10,11",,
0.0001,322833704.583274,0.0,9.765625e-05,1024,10240,1,1,1,conservative_topk_strict_gt,IPIX_Dartmouth,19931107_135603_starea.cdf,16,19931107_135603_starea.cdf#16,tpsscs_trainable_gate,9,"8,9,10,11",,
0.0003,286741641.7082069,0.0,0.00029296875,1024,10240,3,3,3,conservative_topk_strict_gt,IPIX_Dartmouth,19931107_135603_starea.cdf,16,19931107_135603_starea.cdf#16,tpsscs_trainable_gate,9,"8,9,10,11",,
0.001,116538393.58840609,0.0,0.0009765625,1024,10240,10,10,10,conservative_topk_strict_gt,IPIX_Dartmouth,19931107_135603_starea.cdf,16,19931107_135603_starea.cdf#16,tpsscs_trainable_gate,9,"8,9,10,11",,
0.003,60718267.16539585,0.0,0.0029296875,1024,10240,30,30,30,conservative_topk_strict_gt,IPIX_Dartmouth,19931107_135603_starea.cdf,16,19931107_135603_starea.cdf#16,tpsscs_trainable_gate,9,"8,9,10,11",,
0.01,22856053.968509205,0.0,0.0099609375,1024,10240,102,102,102,conservative_topk_strict_gt,IPIX_Dartmouth,19931107_135603_starea.cdf,16,19931107_135603_starea.cdf#16,tpsscs_trainable_gate,9,"8,9,10,11",,
1e-05,,0.0029296875,0.0,1024,10240,0,0,4,residual_cfar_plus_zero_false_gate_union,IPIX_Dartmouth,19931107_135603_starea.cdf,16,19931107_135603_starea.cdf#16,tpsscs_finished_detector,9,"8,9,10,11",179351.43658302564,348212697.87494206
3e-05,,0.0029296875,0.0,1024,10240,0,0,4,residual_cfar_plus_zero_false_gate_union,IPIX_Dartmouth,19931107_135603_starea.cdf,16,19931107_135603_starea.cdf#16,tpsscs_finished_detector,9,"8,9,10,11",179351.43658302564,348212697.87494206
0.0001,,0.0029296875,9.765625e-05,1024,10240,1,1,5,residual_cfar_plus_zero_false_gate_union,IPIX_Dartmouth,19931107_135603_starea.cdf,16,19931107_135603_starea.cdf#16,tpsscs_finished_detector,9,"8,9,10,11",161514.60740209048,348212697.87494206
0.0003,,0.009765625,0.00029296875,1024,10240,3,3,16,residual_cfar_plus_zero_false_gate_union,IPIX_Dartmouth,19931107_135603_starea.cdf,16,19931107_135603_starea.cdf#16,tpsscs_finished_detector,9,"8,9,10,11",101043.21138434658,348212697.87494206
0.001,,0.01171875,0.0009765625,1024,10240,10,10,26,residual_cfar_plus_zero_false_gate_union,IPIX_Dartmouth,19931107_135603_starea.cdf,16,19931107_135603_starea.cdf#16,tpsscs_finished_detector,9,"8,9,10,11",81557.55439563774,348212697.87494206
0.003,,0.017578125,0.0029296875,1024,10240,30,30,55,residual_cfar_plus_zero_false_gate_union,IPIX_Dartmouth,19931107_135603_starea.cdf,16,19931107_135603_starea.cdf#16,tpsscs_finished_detector,9,"8,9,10,11",54611.41952949799,348212697.87494206
0.01,,0.0283203125,0.0099609375,1024,10240,102,102,167,residual_cfar_plus_zero_false_gate_union,IPIX_Dartmouth,19931107_135603_starea.cdf,16,19931107_135603_starea.cdf#16,tpsscs_finished_detector,9,"8,9,10,11",23189.220408924317,348212697.87494206
1e-05,353980345.55357635,0.0,0.0,1024,10240,0,0,0,conservative_topk_strict_gt,IPIX_Dartmouth,19931107_135603_starea.cdf,17,19931107_135603_starea.cdf#17,raw,9,"8,9,10,11",,
3e-05,353980345.55357635,0.0,0.0,1024,10240,0,0,0,conservative_topk_strict_gt,IPIX_Dartmouth,19931107_135603_starea.cdf,17,19931107_135603_starea.cdf#17,raw,9,"8,9,10,11",,
0.0001,299166553.5184457,0.0,9.765625e-05,1024,10240,1,1,1,conservative_topk_strict_gt,IPIX_Dartmouth,19931107_135603_starea.cdf,17,19931107_135603_starea.cdf#17,raw,9,"8,9,10,11",,
0.0003,281745190.8014683,0.0,0.00029296875,1024,10240,3,3,3,conservative_topk_strict_gt,IPIX_Dartmouth,19931107_135603_starea.cdf,17,19931107_135603_starea.cdf#17,raw,9,"8,9,10,11",,
0.001,213432839.07977054,0.0,0.0009765625,1024,10240,10,10,10,conservative_topk_strict_gt,IPIX_Dartmouth,19931107_135603_starea.cdf,17,19931107_135603_starea.cdf#17,raw,9,"8,9,10,11",,
0.003,138103223.16539288,0.0,0.0029296875,1024,10240,30,30,30,conservative_topk_strict_gt,IPIX_Dartmouth,19931107_135603_starea.cdf,17,19931107_135603_starea.cdf#17,raw,9,"8,9,10,11",,
0.01,84445841.81168605,0.0,0.0099609375,1024,10240,102,102,102,conservative_topk_strict_gt,IPIX_Dartmouth,19931107_135603_starea.cdf,17,19931107_135603_starea.cdf#17,raw,9,"8,9,10,11",,
1e-05,181479.0763634307,0.0,0.0,1024,10240,0,0,0,conservative_topk_strict_gt,IPIX_Dartmouth,19931107_135603_starea.cdf,17,19931107_135603_starea.cdf#17,low_rank_residual_k30,9,"8,9,10,11",,
3e-05,181479.0763634307,0.0,0.0,1024,10240,0,0,0,conservative_topk_strict_gt,IPIX_Dartmouth,19931107_135603_starea.cdf,17,19931107_135603_starea.cdf#17,low_rank_residual_k30,9,"8,9,10,11",,
0.0001,130882.06739604792,0.0,9.765625e-05,1024,10240,1,1,1,conservative_topk_strict_gt,IPIX_Dartmouth,19931107_135603_starea.cdf,17,19931107_135603_starea.cdf#17,low_rank_residual_k30,9,"8,9,10,11",,
0.0003,114388.66589023832,0.0,0.00029296875,1024,10240,3,3,3,conservative_topk_strict_gt,IPIX_Dartmouth,19931107_135603_starea.cdf,17,19931107_135603_starea.cdf#17,low_rank_residual_k30,9,"8,9,10,11",,
0.001,93067.85559595897,0.0009765625,0.0009765625,1024,10240,10,10,11,conservative_topk_strict_gt,IPIX_Dartmouth,19931107_135603_starea.cdf,17,19931107_135603_starea.cdf#17,low_rank_residual_k30,9,"8,9,10,11",,
0.003,52190.18972655244,0.0048828125,0.0029296875,1024,10240,30,30,37,conservative_topk_strict_gt,IPIX_Dartmouth,19931107_135603_starea.cdf,17,19931107_135603_starea.cdf#17,low_rank_residual_k30,9,"8,9,10,11",,
0.01,25139.996687012244,0.025390625,0.0099609375,1024,10240,102,102,150,conservative_topk_strict_gt,IPIX_Dartmouth,19931107_135603_starea.cdf,17,19931107_135603_starea.cdf#17,low_rank_residual_k30,9,"8,9,10,11",,
1e-05,145945373.0646999,0.0,0.0,1024,10240,0,0,0,conservative_topk_strict_gt,IPIX_Dartmouth,19931107_135603_starea.cdf,17,19931107_135603_starea.cdf#17,tpsscs_trainable_gate,9,"8,9,10,11",,
3e-05,145945373.0646999,0.0,0.0,1024,10240,0,0,0,conservative_topk_strict_gt,IPIX_Dartmouth,19931107_135603_starea.cdf,17,19931107_135603_starea.cdf#17,tpsscs_trainable_gate,9,"8,9,10,11",,
0.0001,113841477.3555854,0.0,9.765625e-05,1024,10240,1,1,1,conservative_topk_strict_gt,IPIX_Dartmouth,19931107_135603_starea.cdf,17,19931107_135603_starea.cdf#17,tpsscs_trainable_gate,9,"8,9,10,11",,
0.0003,107931032.74828176,0.0,0.00029296875,1024,10240,3,3,3,conservative_topk_strict_gt,IPIX_Dartmouth,19931107_135603_starea.cdf,17,19931107_135603_starea.cdf#17,tpsscs_trainable_gate,9,"8,9,10,11",,
0.001,78064018.95334713,0.0,0.0009765625,1024,10240,10,10,10,conservative_topk_strict_gt,IPIX_Dartmouth,19931107_135603_starea.cdf,17,19931107_135603_starea.cdf#17,tpsscs_trainable_gate,9,"8,9,10,11",,
0.003,47251266.32879716,0.0,0.0029296875,1024,10240,30,30,30,conservative_topk_strict_gt,IPIX_Dartmouth,19931107_135603_starea.cdf,17,19931107_135603_starea.cdf#17,tpsscs_trainable_gate,9,"8,9,10,11",,
0.01,14391186.322108874,0.0,0.0099609375,1024,10240,102,102,102,conservative_topk_strict_gt,IPIX_Dartmouth,19931107_135603_starea.cdf,17,19931107_135603_starea.cdf#17,tpsscs_trainable_gate,9,"8,9,10,11",,
1e-05,,0.0,0.0,1024,10240,0,0,0,residual_cfar_plus_zero_false_gate_union,IPIX_Dartmouth,19931107_135603_starea.cdf,17,19931107_135603_starea.cdf#17,tpsscs_finished_detector,9,"8,9,10,11",181479.076363431,145945373.0646999
3e-05,,0.0,0.0,1024,10240,0,0,0,residual_cfar_plus_zero_false_gate_union,IPIX_Dartmouth,19931107_135603_starea.cdf,17,19931107_135603_starea.cdf#17,tpsscs_finished_detector,9,"8,9,10,11",181479.076363431,145945373.0646999
0.0001,,0.0,9.765625e-05,1024,10240,1,1,1,residual_cfar_plus_zero_false_gate_union,IPIX_Dartmouth,19931107_135603_starea.cdf,17,19931107_135603_starea.cdf#17,tpsscs_finished_detector,9,"8,9,10,11",130882.06739604886,145945373.0646999
0.0003,,0.0,0.00029296875,1024,10240,3,3,3,residual_cfar_plus_zero_false_gate_union,IPIX_Dartmouth,19931107_135603_starea.cdf,17,19931107_135603_starea.cdf#17,tpsscs_finished_detector,9,"8,9,10,11",114388.66589023903,145945373.0646999
0.001,,0.0009765625,0.0009765625,1024,10240,10,10,11,residual_cfar_plus_zero_false_gate_union,IPIX_Dartmouth,19931107_135603_starea.cdf,17,19931107_135603_starea.cdf#17,tpsscs_finished_detector,9,"8,9,10,11",93067.85559595964,145945373.0646999
0.003,,0.0048828125,0.0029296875,1024,10240,30,30,37,residual_cfar_plus_zero_false_gate_union,IPIX_Dartmouth,19931107_135603_starea.cdf,17,19931107_135603_starea.cdf#17,tpsscs_finished_detector,9,"8,9,10,11",52190.18972655254,145945373.0646999
0.01,,0.025390625,0.0099609375,1024,10240,102,102,150,residual_cfar_plus_zero_false_gate_union,IPIX_Dartmouth,19931107_135603_starea.cdf,17,19931107_135603_starea.cdf#17,tpsscs_finished_detector,9,"8,9,10,11",25139.996687012015,145945373.0646999
1e-05,416627117.6420905,0.0,0.0,1024,10240,0,0,0,conservative_topk_strict_gt,IPIX_Dartmouth,19931107_135603_starea.cdf,18,19931107_135603_starea.cdf#18,raw,9,"8,9,10,11",,
3e-05,416627117.6420905,0.0,0.0,1024,10240,0,0,0,conservative_topk_strict_gt,IPIX_Dartmouth,19931107_135603_starea.cdf,18,19931107_135603_starea.cdf#18,raw,9,"8,9,10,11",,
0.0001,405200804.77648157,0.0,9.765625e-05,1024,10240,1,1,1,conservative_topk_strict_gt,IPIX_Dartmouth,19931107_135603_starea.cdf,18,19931107_135603_starea.cdf#18,raw,9,"8,9,10,11",,
0.0003,329012579.388563,0.0,0.00029296875,1024,10240,3,3,3,conservative_topk_strict_gt,IPIX_Dartmouth,19931107_135603_starea.cdf,18,19931107_135603_starea.cdf#18,raw,9,"8,9,10,11",,
0.001,259667835.5179483,0.0,0.0009765625,1024,10240,10,10,10,conservative_topk_strict_gt,IPIX_Dartmouth,19931107_135603_starea.cdf,18,19931107_135603_starea.cdf#18,raw,9,"8,9,10,11",,
0.003,170073566.06169122,0.0,0.0029296875,1024,10240,30,30,30,conservative_topk_strict_gt,IPIX_Dartmouth,19931107_135603_starea.cdf,18,19931107_135603_starea.cdf#18,raw,9,"8,9,10,11",,
0.01,75156339.99725953,0.0,0.0099609375,1024,10240,102,102,110,conservative_topk_strict_gt,IPIX_Dartmouth,19931107_135603_starea.cdf,18,19931107_135603_starea.cdf#18,raw,9,"8,9,10,11",,
1e-05,24860.25510203624,0.0,0.0,1024,10240,0,0,0,conservative_topk_strict_gt,IPIX_Dartmouth,19931107_135603_starea.cdf,18,19931107_135603_starea.cdf#18,low_rank_residual_k30,9,"8,9,10,11",,
3e-05,24860.25510203624,0.0,0.0,1024,10240,0,0,0,conservative_topk_strict_gt,IPIX_Dartmouth,19931107_135603_starea.cdf,18,19931107_135603_starea.cdf#18,low_rank_residual_k30,9,"8,9,10,11",,
0.0001,22640.392956640062,0.0009765625,9.765625e-05,1024,10240,1,1,2,conservative_topk_strict_gt,IPIX_Dartmouth,19931107_135603_starea.cdf,18,19931107_135603_starea.cdf#18,low_rank_residual_k30,9,"8,9,10,11",,
0.0003,19892.76059950017,0.0009765625,0.00029296875,1024,10240,3,3,4,conservative_topk_strict_gt,IPIX_Dartmouth,19931107_135603_starea.cdf,18,19931107_135603_starea.cdf#18,low_rank_residual_k30,9,"8,9,10,11",,
0.001,16133.425110428438,0.001953125,0.0009765625,1024,10240,10,10,13,conservative_topk_strict_gt,IPIX_Dartmouth,19931107_135603_starea.cdf,18,19931107_135603_starea.cdf#18,low_rank_residual_k30,9,"8,9,10,11",,
0.003,12131.270087300494,0.0029296875,0.0029296875,1024,10240,30,30,39,conservative_topk_strict_gt,IPIX_Dartmouth,19931107_135603_starea.cdf,18,19931107_135603_starea.cdf#18,low_rank_residual_k30,9,"8,9,10,11",,
0.01,6579.275260727166,0.0146484375,0.0099609375,1024,10240,102,102,149,conservative_topk_strict_gt,IPIX_Dartmouth,19931107_135603_starea.cdf,18,19931107_135603_starea.cdf#18,low_rank_residual_k30,9,"8,9,10,11",,
1e-05,169110531.5061085,0.0,0.0,1024,10240,0,0,0,conservative_topk_strict_gt,IPIX_Dartmouth,19931107_135603_starea.cdf,18,19931107_135603_starea.cdf#18,tpsscs_trainable_gate,9,"8,9,10,11",,
3e-05,169110531.5061085,0.0,0.0,1024,10240,0,0,0,conservative_topk_strict_gt,IPIX_Dartmouth,19931107_135603_starea.cdf,18,19931107_135603_starea.cdf#18,tpsscs_trainable_gate,9,"8,9,10,11",,
0.0001,108968732.73743337,0.0,9.765625e-05,1024,10240,1,1,1,conservative_topk_strict_gt,IPIX_Dartmouth,19931107_135603_starea.cdf,18,19931107_135603_starea.cdf#18,tpsscs_trainable_gate,9,"8,9,10,11",,
0.0003,33680594.41611078,0.0,0.00029296875,1024,10240,3,3,3,conservative_topk_strict_gt,IPIX_Dartmouth,19931107_135603_starea.cdf,18,19931107_135603_starea.cdf#18,tpsscs_trainable_gate,9,"8,9,10,11",,
0.001,13377589.165950032,0.001953125,0.0009765625,1024,10240,10,10,12,conservative_topk_strict_gt,IPIX_Dartmouth,19931107_135603_starea.cdf,18,19931107_135603_starea.cdf#18,tpsscs_trainable_gate,9,"8,9,10,11",,
0.003,3048966.6670220993,0.0712890625,0.0029296875,1024,10240,30,30,116,conservative_topk_strict_gt,IPIX_Dartmouth,19931107_135603_starea.cdf,18,19931107_135603_starea.cdf#18,tpsscs_trainable_gate,9,"8,9,10,11",,
0.01,663555.5543997373,0.2236328125,0.0099609375,1024,10240,102,102,397,conservative_topk_strict_gt,IPIX_Dartmouth,19931107_135603_starea.cdf,18,19931107_135603_starea.cdf#18,tpsscs_trainable_gate,9,"8,9,10,11",,
1e-05,,0.0,0.0,1024,10240,0,0,0,residual_cfar_plus_zero_false_gate_union,IPIX_Dartmouth,19931107_135603_starea.cdf,18,19931107_135603_starea.cdf#18,tpsscs_finished_detector,9,"8,9,10,11",24860.255102036055,169110531.5061085
3e-05,,0.0,0.0,1024,10240,0,0,0,residual_cfar_plus_zero_false_gate_union,IPIX_Dartmouth,19931107_135603_starea.cdf,18,19931107_135603_starea.cdf#18,tpsscs_finished_detector,9,"8,9,10,11",24860.255102036055,169110531.5061085
0.0001,,0.0009765625,9.765625e-05,1024,10240,1,1,2,residual_cfar_plus_zero_false_gate_union,IPIX_Dartmouth,19931107_135603_starea.cdf,18,19931107_135603_starea.cdf#18,tpsscs_finished_detector,9,"8,9,10,11",22640.392956640037,169110531.5061085
0.0003,,0.0009765625,0.00029296875,1024,10240,3,3,4,residual_cfar_plus_zero_false_gate_union,IPIX_Dartmouth,19931107_135603_starea.cdf,18,19931107_135603_starea.cdf#18,tpsscs_finished_detector,9,"8,9,10,11",19892.76059949977,169110531.5061085
0.001,,0.001953125,0.0009765625,1024,10240,10,10,13,residual_cfar_plus_zero_false_gate_union,IPIX_Dartmouth,19931107_135603_starea.cdf,18,19931107_135603_starea.cdf#18,tpsscs_finished_detector,9,"8,9,10,11",16133.425110428303,169110531.5061085
0.003,,0.0029296875,0.0029296875,1024,10240,30,30,39,residual_cfar_plus_zero_false_gate_union,IPIX_Dartmouth,19931107_135603_starea.cdf,18,19931107_135603_starea.cdf#18,tpsscs_finished_detector,9,"8,9,10,11",12131.270087300509,169110531.5061085
0.01,,0.0146484375,0.0099609375,1024,10240,102,102,149,residual_cfar_plus_zero_false_gate_union,IPIX_Dartmouth,19931107_135603_starea.cdf,18,19931107_135603_starea.cdf#18,tpsscs_finished_detector,9,"8,9,10,11",6579.275260727145,169110531.5061085
1e-05,356903526.57800925,0.0,0.0,1024,10240,0,0,1,conservative_topk_strict_gt,IPIX_Dartmouth,19931107_135603_starea.cdf,19,19931107_135603_starea.cdf#19,raw,9,"8,9,10,11",,
3e-05,356903526.57800925,0.0,0.0,1024,10240,0,0,1,conservative_topk_strict_gt,IPIX_Dartmouth,19931107_135603_starea.cdf,19,19931107_135603_starea.cdf#19,raw,9,"8,9,10,11",,
0.0001,340698260.6635122,0.0,9.765625e-05,1024,10240,1,1,2,conservative_topk_strict_gt,IPIX_Dartmouth,19931107_135603_starea.cdf,19,19931107_135603_starea.cdf#19,raw,9,"8,9,10,11",,
0.0003,322490618.6736869,0.0,0.00029296875,1024,10240,3,3,6,conservative_topk_strict_gt,IPIX_Dartmouth,19931107_135603_starea.cdf,19,19931107_135603_starea.cdf#19,raw,9,"8,9,10,11",,
0.001,230639160.21186107,0.0,0.0009765625,1024,10240,10,10,17,conservative_topk_strict_gt,IPIX_Dartmouth,19931107_135603_starea.cdf,19,19931107_135603_starea.cdf#19,raw,9,"8,9,10,11",,
0.003,152987442.24204603,0.0,0.0029296875,1024,10240,30,30,48,conservative_topk_strict_gt,IPIX_Dartmouth,19931107_135603_starea.cdf,19,19931107_135603_starea.cdf#19,raw,9,"8,9,10,11",,
0.01,57252018.67478441,0.013671875,0.0099609375,1024,10240,102,102,187,conservative_topk_strict_gt,IPIX_Dartmouth,19931107_135603_starea.cdf,19,19931107_135603_starea.cdf#19,raw,9,"8,9,10,11",,
1e-05,18354.493289184793,0.0,0.0,1024,10240,0,0,0,conservative_topk_strict_gt,IPIX_Dartmouth,19931107_135603_starea.cdf,19,19931107_135603_starea.cdf#19,low_rank_residual_k30,9,"8,9,10,11",,
3e-05,18354.493289184793,0.0,0.0,1024,10240,0,0,0,conservative_topk_strict_gt,IPIX_Dartmouth,19931107_135603_starea.cdf,19,19931107_135603_starea.cdf#19,low_rank_residual_k30,9,"8,9,10,11",,
0.0001,17108.364811950327,0.0,9.765625e-05,1024,10240,1,1,1,conservative_topk_strict_gt,IPIX_Dartmouth,19931107_135603_starea.cdf,19,19931107_135603_starea.cdf#19,low_rank_residual_k30,9,"8,9,10,11",,
0.0003,15166.637973852932,0.0,0.00029296875,1024,10240,3,3,3,conservative_topk_strict_gt,IPIX_Dartmouth,19931107_135603_starea.cdf,19,19931107_135603_starea.cdf#19,low_rank_residual_k30,9,"8,9,10,11",,
0.001,9927.075377072724,0.0009765625,0.0009765625,1024,10240,10,10,11,conservative_topk_strict_gt,IPIX_Dartmouth,19931107_135603_starea.cdf,19,19931107_135603_starea.cdf#19,low_rank_residual_k30,9,"8,9,10,11",,
0.003,6803.386259653476,0.0029296875,0.0029296875,1024,10240,30,30,36,conservative_topk_strict_gt,IPIX_Dartmouth,19931107_135603_starea.cdf,19,19931107_135603_starea.cdf#19,low_rank_residual_k30,9,"8,9,10,11",,
0.01,4133.206237337346,0.0146484375,0.0099609375,1024,10240,102,102,135,conservative_topk_strict_gt,IPIX_Dartmouth,19931107_135603_starea.cdf,19,19931107_135603_starea.cdf#19,low_rank_residual_k30,9,"8,9,10,11",,
1e-05,32181687.97338161,0.0029296875,0.0,1024,10240,0,0,3,conservative_topk_strict_gt,IPIX_Dartmouth,19931107_135603_starea.cdf,19,19931107_135603_starea.cdf#19,tpsscs_trainable_gate,9,"8,9,10,11",,
3e-05,32181687.97338161,0.0029296875,0.0,1024,10240,0,0,3,conservative_topk_strict_gt,IPIX_Dartmouth,19931107_135603_starea.cdf,19,19931107_135603_starea.cdf#19,tpsscs_trainable_gate,9,"8,9,10,11",,
0.0001,11491754.03061316,0.0166015625,9.765625e-05,1024,10240,1,1,19,conservative_topk_strict_gt,IPIX_Dartmouth,19931107_135603_starea.cdf,19,19931107_135603_starea.cdf#19,tpsscs_trainable_gate,9,"8,9,10,11",,
0.0003,2668812.249342539,0.041015625,0.00029296875,1024,10240,3,3,67,conservative_topk_strict_gt,IPIX_Dartmouth,19931107_135603_starea.cdf,19,19931107_135603_starea.cdf#19,tpsscs_trainable_gate,9,"8,9,10,11",,
0.001,1330647.6765251432,0.0869140625,0.0009765625,1024,10240,10,10,157,conservative_topk_strict_gt,IPIX_Dartmouth,19931107_135603_starea.cdf,19,19931107_135603_starea.cdf#19,tpsscs_trainable_gate,9,"8,9,10,11",,
0.003,341181.6738445327,0.2021484375,0.0029296875,1024,10240,30,30,512,conservative_topk_strict_gt,IPIX_Dartmouth,19931107_135603_starea.cdf,19,19931107_135603_starea.cdf#19,tpsscs_trainable_gate,9,"8,9,10,11",,
0.01,134117.62000893665,0.25390625,0.0099609375,1024,10240,102,102,804,conservative_topk_strict_gt,IPIX_Dartmouth,19931107_135603_starea.cdf,19,19931107_135603_starea.cdf#19,tpsscs_trainable_gate,9,"8,9,10,11",,
1e-05,,0.0029296875,0.0,1024,10240,0,0,3,residual_cfar_plus_zero_false_gate_union,IPIX_Dartmouth,19931107_135603_starea.cdf,19,19931107_135603_starea.cdf#19,tpsscs_finished_detector,9,"8,9,10,11",18354.493289184644,32181687.97338161
3e-05,,0.0029296875,0.0,1024,10240,0,0,3,residual_cfar_plus_zero_false_gate_union,IPIX_Dartmouth,19931107_135603_starea.cdf,19,19931107_135603_starea.cdf#19,tpsscs_finished_detector,9,"8,9,10,11",18354.493289184644,32181687.97338161
0.0001,,0.0029296875,9.765625e-05,1024,10240,1,1,4,residual_cfar_plus_zero_false_gate_union,IPIX_Dartmouth,19931107_135603_starea.cdf,19,19931107_135603_starea.cdf#19,tpsscs_finished_detector,9,"8,9,10,11",17108.36481195021,32181687.97338161
0.0003,,0.0029296875,0.00029296875,1024,10240,3,3,6,residual_cfar_plus_zero_false_gate_union,IPIX_Dartmouth,19931107_135603_starea.cdf,19,19931107_135603_starea.cdf#19,tpsscs_finished_detector,9,"8,9,10,11",15166.637973852932,32181687.97338161
0.001,,0.00390625,0.0009765625,1024,10240,10,10,14,residual_cfar_plus_zero_false_gate_union,IPIX_Dartmouth,19931107_135603_starea.cdf,19,19931107_135603_starea.cdf#19,tpsscs_finished_detector,9,"8,9,10,11",9927.075377072677,32181687.97338161
0.003,,0.005859375,0.0029296875,1024,10240,30,30,39,residual_cfar_plus_zero_false_gate_union,IPIX_Dartmouth,19931107_135603_starea.cdf,19,19931107_135603_starea.cdf#19,tpsscs_finished_detector,9,"8,9,10,11",6803.386259653534,32181687.97338161
0.01,,0.0166015625,0.0099609375,1024,10240,102,102,137,residual_cfar_plus_zero_false_gate_union,IPIX_Dartmouth,19931107_135603_starea.cdf,19,19931107_135603_starea.cdf#19,tpsscs_finished_detector,9,"8,9,10,11",4133.206237337221,32181687.97338161
1e-05,440187018.1855159,0.00390625,0.0,1024,10240,0,0,11,conservative_topk_strict_gt,IPIX_Dartmouth,19931107_135603_starea.cdf,20,19931107_135603_starea.cdf#20,raw,9,"8,9,10,11",,
3e-05,440187018.1855159,0.00390625,0.0,1024,10240,0,0,11,conservative_topk_strict_gt,IPIX_Dartmouth,19931107_135603_starea.cdf,20,19931107_135603_starea.cdf#20,raw,9,"8,9,10,11",,
0.0001,330217257.2684892,0.0078125,9.765625e-05,1024,10240,1,1,24,conservative_topk_strict_gt,IPIX_Dartmouth,19931107_135603_starea.cdf,20,19931107_135603_starea.cdf#20,raw,9,"8,9,10,11",,
0.0003,273471193.1790315,0.009765625,0.00029296875,1024,10240,3,3,34,conservative_topk_strict_gt,IPIX_Dartmouth,19931107_135603_starea.cdf,20,19931107_135603_starea.cdf#20,raw,9,"8,9,10,11",,
0.001,204711399.40599295,0.0166015625,0.0009765625,1024,10240,10,10,60,conservative_topk_strict_gt,IPIX_Dartmouth,19931107_135603_starea.cdf,20,19931107_135603_starea.cdf#20,raw,9,"8,9,10,11",,
0.003,133742373.30246472,0.0263671875,0.0029296875,1024,10240,30,30,111,conservative_topk_strict_gt,IPIX_Dartmouth,19931107_135603_starea.cdf,20,19931107_135603_starea.cdf#20,raw,9,"8,9,10,11",,
0.01,54861614.71327925,0.0693359375,0.0099609375,1024,10240,102,102,327,conservative_topk_strict_gt,IPIX_Dartmouth,19931107_135603_starea.cdf,20,19931107_135603_starea.cdf#20,raw,9,"8,9,10,11",,
1e-05,90872.21205224188,0.0,0.0,1024,10240,0,0,0,conservative_topk_strict_gt,IPIX_Dartmouth,19931107_135603_starea.cdf,20,19931107_135603_starea.cdf#20,low_rank_residual_k30,9,"8,9,10,11",,
3e-05,90872.21205224188,0.0,0.0,1024,10240,0,0,0,conservative_topk_strict_gt,IPIX_Dartmouth,19931107_135603_starea.cdf,20,19931107_135603_starea.cdf#20,low_rank_residual_k30,9,"8,9,10,11",,
0.0001,84288.74063639244,0.0,9.765625e-05,1024,10240,1,1,2,conservative_topk_strict_gt,IPIX_Dartmouth,19931107_135603_starea.cdf,20,19931107_135603_starea.cdf#20,low_rank_residual_k30,9,"8,9,10,11",,
0.0003,71626.17470970107,0.0,0.00029296875,1024,10240,3,3,5,conservative_topk_strict_gt,IPIX_Dartmouth,19931107_135603_starea.cdf,20,19931107_135603_starea.cdf#20,low_rank_residual_k30,9,"8,9,10,11",,
0.001,49630.7184957473,0.0,0.0009765625,1024,10240,10,10,16,conservative_topk_strict_gt,IPIX_Dartmouth,19931107_135603_starea.cdf,20,19931107_135603_starea.cdf#20,low_rank_residual_k30,9,"8,9,10,11",,
0.003,32667.553688447213,0.0,0.0029296875,1024,10240,30,30,39,conservative_topk_strict_gt,IPIX_Dartmouth,19931107_135603_starea.cdf,20,19931107_135603_starea.cdf#20,low_rank_residual_k30,9,"8,9,10,11",,
0.01,19105.078703761916,0.0,0.0099609375,1024,10240,102,102,125,conservative_topk_strict_gt,IPIX_Dartmouth,19931107_135603_starea.cdf,20,19931107_135603_starea.cdf#20,low_rank_residual_k30,9,"8,9,10,11",,
1e-05,121826344.310224,0.0048828125,0.0,1024,10240,0,0,20,conservative_topk_strict_gt,IPIX_Dartmouth,19931107_135603_starea.cdf,20,19931107_135603_starea.cdf#20,tpsscs_trainable_gate,9,"8,9,10,11",,
3e-05,121826344.310224,0.0048828125,0.0,1024,10240,0,0,20,conservative_topk_strict_gt,IPIX_Dartmouth,19931107_135603_starea.cdf,20,19931107_135603_starea.cdf#20,tpsscs_trainable_gate,9,"8,9,10,11",,
0.0001,56069182.08778243,0.009765625,9.765625e-05,1024,10240,1,1,45,conservative_topk_strict_gt,IPIX_Dartmouth,19931107_135603_starea.cdf,20,19931107_135603_starea.cdf#20,tpsscs_trainable_gate,9,"8,9,10,11",,
0.0003,47538223.96086092,0.01171875,0.00029296875,1024,10240,3,3,62,conservative_topk_strict_gt,IPIX_Dartmouth,19931107_135603_starea.cdf,20,19931107_135603_starea.cdf#20,tpsscs_trainable_gate,9,"8,9,10,11",,
0.001,26898214.677539095,0.0166015625,0.0009765625,1024,10240,10,10,108,conservative_topk_strict_gt,IPIX_Dartmouth,19931107_135603_starea.cdf,20,19931107_135603_starea.cdf#20,tpsscs_trainable_gate,9,"8,9,10,11",,
0.003,13255757.937818559,0.0263671875,0.0029296875,1024,10240,30,30,189,conservative_topk_strict_gt,IPIX_Dartmouth,19931107_135603_starea.cdf,20,19931107_135603_starea.cdf#20,tpsscs_trainable_gate,9,"8,9,10,11",,
0.01,4123929.9920076844,0.0595703125,0.0099609375,1024,10240,102,102,409,conservative_topk_strict_gt,IPIX_Dartmouth,19931107_135603_starea.cdf,20,19931107_135603_starea.cdf#20,tpsscs_trainable_gate,9,"8,9,10,11",,
1e-05,,0.0048828125,0.0,1024,10240,0,0,20,residual_cfar_plus_zero_false_gate_union,IPIX_Dartmouth,19931107_135603_starea.cdf,20,19931107_135603_starea.cdf#20,tpsscs_finished_detector,9,"8,9,10,11",90872.21205224161,121826344.310224
3e-05,,0.0048828125,0.0,1024,10240,0,0,20,residual_cfar_plus_zero_false_gate_union,IPIX_Dartmouth,19931107_135603_starea.cdf,20,19931107_135603_starea.cdf#20,tpsscs_finished_detector,9,"8,9,10,11",90872.21205224161,121826344.310224
0.0001,,0.0048828125,9.765625e-05,1024,10240,1,1,21,residual_cfar_plus_zero_false_gate_union,IPIX_Dartmouth,19931107_135603_starea.cdf,20,19931107_135603_starea.cdf#20,tpsscs_finished_detector,9,"8,9,10,11",84288.74063639235,121826344.310224
0.0003,,0.0048828125,0.00029296875,1024,10240,3,3,24,residual_cfar_plus_zero_false_gate_union,IPIX_Dartmouth,19931107_135603_starea.cdf,20,19931107_135603_starea.cdf#20,tpsscs_finished_detector,9,"8,9,10,11",71626.17470970153,121826344.310224
0.001,,0.0048828125,0.0009765625,1024,10240,10,10,34,residual_cfar_plus_zero_false_gate_union,IPIX_Dartmouth,19931107_135603_starea.cdf,20,19931107_135603_starea.cdf#20,tpsscs_finished_detector,9,"8,9,10,11",49630.71849574724,121826344.310224
0.003,,0.0048828125,0.0029296875,1024,10240,30,30,56,residual_cfar_plus_zero_false_gate_union,IPIX_Dartmouth,19931107_135603_starea.cdf,20,19931107_135603_starea.cdf#20,tpsscs_finished_detector,9,"8,9,10,11",32667.55368844741,121826344.310224
0.01,,0.0048828125,0.0099609375,1024,10240,102,102,139,residual_cfar_plus_zero_false_gate_union,IPIX_Dartmouth,19931107_135603_starea.cdf,20,19931107_135603_starea.cdf#20,tpsscs_finished_detector,9,"8,9,10,11",19105.07870376132,121826344.310224
1e-05,703729735.730329,0.0048828125,0.0,1024,10240,0,0,10,conservative_topk_strict_gt,IPIX_Dartmouth,19931107_135603_starea.cdf,21,19931107_135603_starea.cdf#21,raw,9,"8,9,10,11",,
3e-05,703729735.730329,0.0048828125,0.0,1024,10240,0,0,10,conservative_topk_strict_gt,IPIX_Dartmouth,19931107_135603_starea.cdf,21,19931107_135603_starea.cdf#21,raw,9,"8,9,10,11",,
0.0001,385730643.8480378,0.0166015625,9.765625e-05,1024,10240,1,1,41,conservative_topk_strict_gt,IPIX_Dartmouth,19931107_135603_starea.cdf,21,19931107_135603_starea.cdf#21,raw,9,"8,9,10,11",,
0.0003,304064842.299228,0.02734375,0.00029296875,1024,10240,3,3,64,conservative_topk_strict_gt,IPIX_Dartmouth,19931107_135603_starea.cdf,21,19931107_135603_starea.cdf#21,raw,9,"8,9,10,11",,
0.001,214628447.16065317,0.0361328125,0.0009765625,1024,10240,10,10,109,conservative_topk_strict_gt,IPIX_Dartmouth,19931107_135603_starea.cdf,21,19931107_135603_starea.cdf#21,raw,9,"8,9,10,11",,
0.003,126973825.49274158,0.0537109375,0.0029296875,1024,10240,30,30,197,conservative_topk_strict_gt,IPIX_Dartmouth,19931107_135603_starea.cdf,21,19931107_135603_starea.cdf#21,raw,9,"8,9,10,11",,
0.01,58587410.82004442,0.09375,0.0099609375,1024,10240,102,102,401,conservative_topk_strict_gt,IPIX_Dartmouth,19931107_135603_starea.cdf,21,19931107_135603_starea.cdf#21,raw,9,"8,9,10,11",,
1e-05,194234.48067200152,0.0,0.0,1024,10240,0,0,0,conservative_topk_strict_gt,IPIX_Dartmouth,19931107_135603_starea.cdf,21,19931107_135603_starea.cdf#21,low_rank_residual_k30,9,"8,9,10,11",,
3e-05,194234.48067200152,0.0,0.0,1024,10240,0,0,0,conservative_topk_strict_gt,IPIX_Dartmouth,19931107_135603_starea.cdf,21,19931107_135603_starea.cdf#21,low_rank_residual_k30,9,"8,9,10,11",,
0.0001,134776.76877190187,0.0,9.765625e-05,1024,10240,1,1,1,conservative_topk_strict_gt,IPIX_Dartmouth,19931107_135603_starea.cdf,21,19931107_135603_starea.cdf#21,low_rank_residual_k30,9,"8,9,10,11",,
0.0003,110796.61355430819,0.0,0.00029296875,1024,10240,3,3,3,conservative_topk_strict_gt,IPIX_Dartmouth,19931107_135603_starea.cdf,21,19931107_135603_starea.cdf#21,low_rank_residual_k30,9,"8,9,10,11",,
0.001,75305.68697531598,0.0,0.0009765625,1024,10240,10,10,10,conservative_topk_strict_gt,IPIX_Dartmouth,19931107_135603_starea.cdf,21,19931107_135603_starea.cdf#21,low_rank_residual_k30,9,"8,9,10,11",,
0.003,49486.144218893154,0.0,0.0029296875,1024,10240,30,30,30,conservative_topk_strict_gt,IPIX_Dartmouth,19931107_135603_starea.cdf,21,19931107_135603_starea.cdf#21,low_rank_residual_k30,9,"8,9,10,11",,
0.01,27925.0310011025,0.0,0.0099609375,1024,10240,102,102,102,conservative_topk_strict_gt,IPIX_Dartmouth,19931107_135603_starea.cdf,21,19931107_135603_starea.cdf#21,low_rank_residual_k30,9,"8,9,10,11",,
1e-05,230741669.26796272,0.0,0.0,1024,10240,0,0,14,conservative_topk_strict_gt,IPIX_Dartmouth,19931107_135603_starea.cdf,21,19931107_135603_starea.cdf#21,tpsscs_trainable_gate,9,"8,9,10,11",,
3e-05,230741669.26796272,0.0,0.0,1024,10240,0,0,14,conservative_topk_strict_gt,IPIX_Dartmouth,19931107_135603_starea.cdf,21,19931107_135603_starea.cdf#21,tpsscs_trainable_gate,9,"8,9,10,11",,
0.0001,201449059.04620817,0.0,9.765625e-05,1024,10240,1,1,16,conservative_topk_strict_gt,IPIX_Dartmouth,19931107_135603_starea.cdf,21,19931107_135603_starea.cdf#21,tpsscs_trainable_gate,9,"8,9,10,11",,
0.0003,145840650.3430132,0.0,0.00029296875,1024,10240,3,3,18,conservative_topk_strict_gt,IPIX_Dartmouth,19931107_135603_starea.cdf,21,19931107_135603_starea.cdf#21,tpsscs_trainable_gate,9,"8,9,10,11",,
0.001,85848355.38136093,0.0,0.0009765625,1024,10240,10,10,40,conservative_topk_strict_gt,IPIX_Dartmouth,19931107_135603_starea.cdf,21,19931107_135603_starea.cdf#21,tpsscs_trainable_gate,9,"8,9,10,11",,
0.003,57182754.64810805,0.0,0.0029296875,1024,10240,30,30,66,conservative_topk_strict_gt,IPIX_Dartmouth,19931107_135603_starea.cdf,21,19931107_135603_starea.cdf#21,tpsscs_trainable_gate,9,"8,9,10,11",,
0.01,15116538.91979589,0.0,0.0099609375,1024,10240,102,102,212,conservative_topk_strict_gt,IPIX_Dartmouth,19931107_135603_starea.cdf,21,19931107_135603_starea.cdf#21,tpsscs_trainable_gate,9,"8,9,10,11",,
1e-05,,0.0,0.0,1024,10240,0,0,14,residual_cfar_plus_zero_false_gate_union,IPIX_Dartmouth,19931107_135603_starea.cdf,21,19931107_135603_starea.cdf#21,tpsscs_finished_detector,9,"8,9,10,11",194234.48067200393,230741669.26796272
3e-05,,0.0,0.0,1024,10240,0,0,14,residual_cfar_plus_zero_false_gate_union,IPIX_Dartmouth,19931107_135603_starea.cdf,21,19931107_135603_starea.cdf#21,tpsscs_finished_detector,9,"8,9,10,11",194234.48067200393,230741669.26796272
0.0001,,0.0,9.765625e-05,1024,10240,1,1,15,residual_cfar_plus_zero_false_gate_union,IPIX_Dartmouth,19931107_135603_starea.cdf,21,19931107_135603_starea.cdf#21,tpsscs_finished_detector,9,"8,9,10,11",134776.7687719016,230741669.26796272
0.0003,,0.0,0.00029296875,1024,10240,3,3,17,residual_cfar_plus_zero_false_gate_union,IPIX_Dartmouth,19931107_135603_starea.cdf,21,19931107_135603_starea.cdf#21,tpsscs_finished_detector,9,"8,9,10,11",110796.61355430727,230741669.26796272
0.001,,0.0,0.0009765625,1024,10240,10,10,24,residual_cfar_plus_zero_false_gate_union,IPIX_Dartmouth,19931107_135603_starea.cdf,21,19931107_135603_starea.cdf#21,tpsscs_finished_detector,9,"8,9,10,11",75305.68697531689,230741669.26796272
0.003,,0.0,0.0029296875,1024,10240,30,30,44,residual_cfar_plus_zero_false_gate_union,IPIX_Dartmouth,19931107_135603_starea.cdf,21,19931107_135603_starea.cdf#21,tpsscs_finished_detector,9,"8,9,10,11",49486.14421889362,230741669.26796272
0.01,,0.0,0.0099609375,1024,10240,102,102,116,residual_cfar_plus_zero_false_gate_union,IPIX_Dartmouth,19931107_135603_starea.cdf,21,19931107_135603_starea.cdf#21,tpsscs_finished_detector,9,"8,9,10,11",27925.03100110258,230741669.26796272
1e-05,436017657.56069535,0.009765625,0.0,1024,10240,0,0,44,conservative_topk_strict_gt,IPIX_Dartmouth,19931107_135603_starea.cdf,22,19931107_135603_starea.cdf#22,raw,9,"8,9,10,11",,
3e-05,436017657.56069535,0.009765625,0.0,1024,10240,0,0,44,conservative_topk_strict_gt,IPIX_Dartmouth,19931107_135603_starea.cdf,22,19931107_135603_starea.cdf#22,raw,9,"8,9,10,11",,
0.0001,412145748.9781648,0.0107421875,9.765625e-05,1024,10240,1,1,49,conservative_topk_strict_gt,IPIX_Dartmouth,19931107_135603_starea.cdf,22,19931107_135603_starea.cdf#22,raw,9,"8,9,10,11",,
0.0003,376007474.7164329,0.0126953125,0.00029296875,1024,10240,3,3,53,conservative_topk_strict_gt,IPIX_Dartmouth,19931107_135603_starea.cdf,22,19931107_135603_starea.cdf#22,raw,9,"8,9,10,11",,
0.001,336850330.9440427,0.013671875,0.0009765625,1024,10240,10,10,66,conservative_topk_strict_gt,IPIX_Dartmouth,19931107_135603_starea.cdf,22,19931107_135603_starea.cdf#22,raw,9,"8,9,10,11",,
0.003,236160108.2344275,0.0146484375,0.0029296875,1024,10240,30,30,102,conservative_topk_strict_gt,IPIX_Dartmouth,19931107_135603_starea.cdf,22,19931107_135603_starea.cdf#22,raw,9,"8,9,10,11",,
0.01,138319992.03175884,0.0234375,0.0099609375,1024,10240,102,102,211,conservative_topk_strict_gt,IPIX_Dartmouth,19931107_135603_starea.cdf,22,19931107_135603_starea.cdf#22,raw,9,"8,9,10,11",,
1e-05,3940590.105697993,0.0,0.0,1024,10240,0,0,0,conservative_topk_strict_gt,IPIX_Dartmouth,19931107_135603_starea.cdf,22,19931107_135603_starea.cdf#22,low_rank_residual_k30,9,"8,9,10,11",,
3e-05,3940590.105697993,0.0,0.0,1024,10240,0,0,0,conservative_topk_strict_gt,IPIX_Dartmouth,19931107_135603_starea.cdf,22,19931107_135603_starea.cdf#22,low_rank_residual_k30,9,"8,9,10,11",,
0.0001,3441396.1311588287,0.0,9.765625e-05,1024,10240,1,1,1,conservative_topk_strict_gt,IPIX_Dartmouth,19931107_135603_starea.cdf,22,19931107_135603_starea.cdf#22,low_rank_residual_k30,9,"8,9,10,11",,
0.0003,3002722.9455991024,0.0,0.00029296875,1024,10240,3,3,3,conservative_topk_strict_gt,IPIX_Dartmouth,19931107_135603_starea.cdf,22,19931107_135603_starea.cdf#22,low_rank_residual_k30,9,"8,9,10,11",,
0.001,2740135.9480172032,0.0,0.0009765625,1024,10240,10,10,10,conservative_topk_strict_gt,IPIX_Dartmouth,19931107_135603_starea.cdf,22,19931107_135603_starea.cdf#22,low_rank_residual_k30,9,"8,9,10,11",,
0.003,2168267.9661470177,0.001953125,0.0029296875,1024,10240,30,30,33,conservative_topk_strict_gt,IPIX_Dartmouth,19931107_135603_starea.cdf,22,19931107_135603_starea.cdf#22,low_rank_residual_k30,9,"8,9,10,11",,
0.01,1321044.8431990994,0.0302734375,0.0099609375,1024,10240,102,102,153,conservative_topk_strict_gt,IPIX_Dartmouth,19931107_135603_starea.cdf,22,19931107_135603_starea.cdf#22,low_rank_residual_k30,9,"8,9,10,11",,
1e-05,398679231.59804153,0.0,0.0,1024,10240,0,0,0,conservative_topk_strict_gt,IPIX_Dartmouth,19931107_135603_starea.cdf,22,19931107_135603_starea.cdf#22,tpsscs_trainable_gate,9,"8,9,10,11",,
3e-05,398679231.59804153,0.0,0.0,1024,10240,0,0,0,conservative_topk_strict_gt,IPIX_Dartmouth,19931107_135603_starea.cdf,22,19931107_135603_starea.cdf#22,tpsscs_trainable_gate,9,"8,9,10,11",,
0.0001,180164633.57132936,0.001953125,9.765625e-05,1024,10240,1,1,3,conservative_topk_strict_gt,IPIX_Dartmouth,19931107_135603_starea.cdf,22,19931107_135603_starea.cdf#22,tpsscs_trainable_gate,9,"8,9,10,11",,
0.0003,156362544.5694081,0.0029296875,0.00029296875,1024,10240,3,3,7,conservative_topk_strict_gt,IPIX_Dartmouth,19931107_135603_starea.cdf,22,19931107_135603_starea.cdf#22,tpsscs_trainable_gate,9,"8,9,10,11",,
0.001,135604548.50425982,0.0029296875,0.0009765625,1024,10240,10,10,14,conservative_topk_strict_gt,IPIX_Dartmouth,19931107_135603_starea.cdf,22,19931107_135603_starea.cdf#22,tpsscs_trainable_gate,9,"8,9,10,11",,
0.003,48186008.8260698,0.009765625,0.0029296875,1024,10240,30,30,42,conservative_topk_strict_gt,IPIX_Dartmouth,19931107_135603_starea.cdf,22,19931107_135603_starea.cdf#22,tpsscs_trainable_gate,9,"8,9,10,11",,
0.01,15029721.520787913,0.048828125,0.0099609375,1024,10240,102,102,164,conservative_topk_strict_gt,IPIX_Dartmouth,19931107_135603_starea.cdf,22,19931107_135603_starea.cdf#22,tpsscs_trainable_gate,9,"8,9,10,11",,
1e-05,,0.0,0.0,1024,10240,0,0,0,residual_cfar_plus_zero_false_gate_union,IPIX_Dartmouth,19931107_135603_starea.cdf,22,19931107_135603_starea.cdf#22,tpsscs_finished_detector,9,"8,9,10,11",3940590.1056979974,398679231.59804153
3e-05,,0.0,0.0,1024,10240,0,0,0,residual_cfar_plus_zero_false_gate_union,IPIX_Dartmouth,19931107_135603_starea.cdf,22,19931107_135603_starea.cdf#22,tpsscs_finished_detector,9,"8,9,10,11",3940590.1056979974,398679231.59804153
0.0001,,0.0,9.765625e-05,1024,10240,1,1,1,residual_cfar_plus_zero_false_gate_union,IPIX_Dartmouth,19931107_135603_starea.cdf,22,19931107_135603_starea.cdf#22,tpsscs_finished_detector,9,"8,9,10,11",3441396.1311588422,398679231.59804153
0.0003,,0.0,0.00029296875,1024,10240,3,3,3,residual_cfar_plus_zero_false_gate_union,IPIX_Dartmouth,19931107_135603_starea.cdf,22,19931107_135603_starea.cdf#22,tpsscs_finished_detector,9,"8,9,10,11",3002722.945599095,398679231.59804153
0.001,,0.0,0.0009765625,1024,10240,10,10,10,residual_cfar_plus_zero_false_gate_union,IPIX_Dartmouth,19931107_135603_starea.cdf,22,19931107_135603_starea.cdf#22,tpsscs_finished_detector,9,"8,9,10,11",2740135.9480172032,398679231.59804153
0.003,,0.001953125,0.0029296875,1024,10240,30,30,33,residual_cfar_plus_zero_false_gate_union,IPIX_Dartmouth,19931107_135603_starea.cdf,22,19931107_135603_starea.cdf#22,tpsscs_finished_detector,9,"8,9,10,11",2168267.966147029,398679231.59804153
0.01,,0.0302734375,0.0099609375,1024,10240,102,102,153,residual_cfar_plus_zero_false_gate_union,IPIX_Dartmouth,19931107_135603_starea.cdf,22,19931107_135603_starea.cdf#22,tpsscs_finished_detector,9,"8,9,10,11",1321044.8431991024,398679231.59804153
1e-05,517436038.2023318,0.0087890625,0.0,1024,10240,0,0,33,conservative_topk_strict_gt,IPIX_Dartmouth,19931107_135603_starea.cdf,23,19931107_135603_starea.cdf#23,raw,9,"8,9,10,11",,
3e-05,517436038.2023318,0.0087890625,0.0,1024,10240,0,0,33,conservative_topk_strict_gt,IPIX_Dartmouth,19931107_135603_starea.cdf,23,19931107_135603_starea.cdf#23,raw,9,"8,9,10,11",,
0.0001,499097589.83448327,0.0087890625,9.765625e-05,1024,10240,1,1,35,conservative_topk_strict_gt,IPIX_Dartmouth,19931107_135603_starea.cdf,23,19931107_135603_starea.cdf#23,raw,9,"8,9,10,11",,
0.0003,479811867.0472287,0.0087890625,0.00029296875,1024,10240,3,3,37,conservative_topk_strict_gt,IPIX_Dartmouth,19931107_135603_starea.cdf,23,19931107_135603_starea.cdf#23,raw,9,"8,9,10,11",,
0.001,396245438.74903953,0.009765625,0.0009765625,1024,10240,10,10,48,conservative_topk_strict_gt,IPIX_Dartmouth,19931107_135603_starea.cdf,23,19931107_135603_starea.cdf#23,raw,9,"8,9,10,11",,
0.003,266693843.21305984,0.013671875,0.0029296875,1024,10240,30,30,86,conservative_topk_strict_gt,IPIX_Dartmouth,19931107_135603_starea.cdf,23,19931107_135603_starea.cdf#23,raw,9,"8,9,10,11",,
0.01,140616242.73452285,0.03515625,0.0099609375,1024,10240,102,102,229,conservative_topk_strict_gt,IPIX_Dartmouth,19931107_135603_starea.cdf,23,19931107_135603_starea.cdf#23,raw,9,"8,9,10,11",,
1e-05,13710511.725190744,0.0,0.0,1024,10240,0,0,1,conservative_topk_strict_gt,IPIX_Dartmouth,19931107_135603_starea.cdf,23,19931107_135603_starea.cdf#23,low_rank_residual_k30,9,"8,9,10,11",,
3e-05,13710511.725190744,0.0,0.0,1024,10240,0,0,1,conservative_topk_strict_gt,IPIX_Dartmouth,19931107_135603_starea.cdf,23,19931107_135603_starea.cdf#23,low_rank_residual_k30,9,"8,9,10,11",,
0.0001,5119451.869880478,0.0,9.765625e-05,1024,10240,1,1,3,conservative_topk_strict_gt,IPIX_Dartmouth,19931107_135603_starea.cdf,23,19931107_135603_starea.cdf#23,low_rank_residual_k30,9,"8,9,10,11",,
0.0003,4511405.760789197,0.0,0.00029296875,1024,10240,3,3,6,conservative_topk_strict_gt,IPIX_Dartmouth,19931107_135603_starea.cdf,23,19931107_135603_starea.cdf#23,low_rank_residual_k30,9,"8,9,10,11",,
0.001,2487318.668750995,0.0,0.0009765625,1024,10240,10,10,13,conservative_topk_strict_gt,IPIX_Dartmouth,19931107_135603_starea.cdf,23,19931107_135603_starea.cdf#23,low_rank_residual_k30,9,"8,9,10,11",,
0.003,1778335.1560230276,0.0,0.0029296875,1024,10240,30,30,33,conservative_topk_strict_gt,IPIX_Dartmouth,19931107_135603_starea.cdf,23,19931107_135603_starea.cdf#23,low_rank_residual_k30,9,"8,9,10,11",,
0.01,1111918.880922823,0.0,0.0099609375,1024,10240,102,102,105,conservative_topk_strict_gt,IPIX_Dartmouth,19931107_135603_starea.cdf,23,19931107_135603_starea.cdf#23,low_rank_residual_k30,9,"8,9,10,11",,
1e-05,272226296.3768587,0.0,0.0,1024,10240,0,0,7,conservative_topk_strict_gt,IPIX_Dartmouth,19931107_135603_starea.cdf,23,19931107_135603_starea.cdf#23,tpsscs_trainable_gate,9,"8,9,10,11",,
3e-05,272226296.3768587,0.0,0.0,1024,10240,0,0,7,conservative_topk_strict_gt,IPIX_Dartmouth,19931107_135603_starea.cdf,23,19931107_135603_starea.cdf#23,tpsscs_trainable_gate,9,"8,9,10,11",,
0.0001,206848360.2162037,0.0,9.765625e-05,1024,10240,1,1,8,conservative_topk_strict_gt,IPIX_Dartmouth,19931107_135603_starea.cdf,23,19931107_135603_starea.cdf#23,tpsscs_trainable_gate,9,"8,9,10,11",,
0.0003,136125997.48198608,0.0,0.00029296875,1024,10240,3,3,14,conservative_topk_strict_gt,IPIX_Dartmouth,19931107_135603_starea.cdf,23,19931107_135603_starea.cdf#23,tpsscs_trainable_gate,9,"8,9,10,11",,
0.001,90720708.27059257,0.0,0.0009765625,1024,10240,10,10,27,conservative_topk_strict_gt,IPIX_Dartmouth,19931107_135603_starea.cdf,23,19931107_135603_starea.cdf#23,tpsscs_trainable_gate,9,"8,9,10,11",,
0.003,55610631.44477499,0.0,0.0029296875,1024,10240,30,30,53,conservative_topk_strict_gt,IPIX_Dartmouth,19931107_135603_starea.cdf,23,19931107_135603_starea.cdf#23,tpsscs_trainable_gate,9,"8,9,10,11",,
0.01,15699313.321892697,0.0,0.0099609375,1024,10240,102,102,163,conservative_topk_strict_gt,IPIX_Dartmouth,19931107_135603_starea.cdf,23,19931107_135603_starea.cdf#23,tpsscs_trainable_gate,9,"8,9,10,11",,
1e-05,,0.0,0.0,1024,10240,0,0,8,residual_cfar_plus_zero_false_gate_union,IPIX_Dartmouth,19931107_135603_starea.cdf,23,19931107_135603_starea.cdf#23,tpsscs_finished_detector,9,"8,9,10,11",13710511.725190753,272226296.3768587
3e-05,,0.0,0.0,1024,10240,0,0,8,residual_cfar_plus_zero_false_gate_union,IPIX_Dartmouth,19931107_135603_starea.cdf,23,19931107_135603_starea.cdf#23,tpsscs_finished_detector,9,"8,9,10,11",13710511.725190753,272226296.3768587
0.0001,,0.0,9.765625e-05,1024,10240,1,1,9,residual_cfar_plus_zero_false_gate_union,IPIX_Dartmouth,19931107_135603_starea.cdf,23,19931107_135603_starea.cdf#23,tpsscs_finished_detector,9,"8,9,10,11",5119451.869880474,272226296.3768587
0.0003,,0.0,0.00029296875,1024,10240,3,3,11,residual_cfar_plus_zero_false_gate_union,IPIX_Dartmouth,19931107_135603_starea.cdf,23,19931107_135603_starea.cdf#23,tpsscs_finished_detector,9,"8,9,10,11",4511405.760789208,272226296.3768587
0.001,,0.0,0.0009765625,1024,10240,10,10,18,residual_cfar_plus_zero_false_gate_union,IPIX_Dartmouth,19931107_135603_starea.cdf,23,19931107_135603_starea.cdf#23,tpsscs_finished_detector,9,"8,9,10,11",2487318.6687509716,272226296.3768587
0.003,,0.0,0.0029296875,1024,10240,30,30,38,residual_cfar_plus_zero_false_gate_union,IPIX_Dartmouth,19931107_135603_starea.cdf,23,19931107_135603_starea.cdf#23,tpsscs_finished_detector,9,"8,9,10,11",1778335.1560230146,272226296.3768587
0.01,,0.0,0.0099609375,1024,10240,102,102,110,residual_cfar_plus_zero_false_gate_union,IPIX_Dartmouth,19931107_135603_starea.cdf,23,19931107_135603_starea.cdf#23,tpsscs_finished_detector,9,"8,9,10,11",1111918.880922819,272226296.3768587
1e-05,969604118.9690659,0.0,0.0,1024,10240,0,0,0,conservative_topk_strict_gt,IPIX_Dartmouth,19931107_135603_starea.cdf,24,19931107_135603_starea.cdf#24,raw,9,"8,9,10,11",,
3e-05,969604118.9690659,0.0,0.0,1024,10240,0,0,0,conservative_topk_strict_gt,IPIX_Dartmouth,19931107_135603_starea.cdf,24,19931107_135603_starea.cdf#24,raw,9,"8,9,10,11",,
0.0001,903141189.4778346,0.0,9.765625e-05,1024,10240,1,1,1,conservative_topk_strict_gt,IPIX_Dartmouth,19931107_135603_starea.cdf,24,19931107_135603_starea.cdf#24,raw,9,"8,9,10,11",,
0.0003,857207611.4099814,0.0,0.00029296875,1024,10240,3,3,3,conservative_topk_strict_gt,IPIX_Dartmouth,19931107_135603_starea.cdf,24,19931107_135603_starea.cdf#24,raw,9,"8,9,10,11",,
0.001,560208662.9413475,0.0,0.0009765625,1024,10240,10,10,12,conservative_topk_strict_gt,IPIX_Dartmouth,19931107_135603_starea.cdf,24,19931107_135603_starea.cdf#24,raw,9,"8,9,10,11",,
0.003,355495610.68638396,0.001953125,0.0029296875,1024,10240,30,30,37,conservative_topk_strict_gt,IPIX_Dartmouth,19931107_135603_starea.cdf,24,19931107_135603_starea.cdf#24,raw,9,"8,9,10,11",,
0.01,164412604.09289345,0.0068359375,0.0099609375,1024,10240,102,102,122,conservative_topk_strict_gt,IPIX_Dartmouth,19931107_135603_starea.cdf,24,19931107_135603_starea.cdf#24,raw,9,"8,9,10,11",,
1e-05,301400.4400472444,0.02734375,0.0,1024,10240,0,0,32,conservative_topk_strict_gt,IPIX_Dartmouth,19931107_135603_starea.cdf,24,19931107_135603_starea.cdf#24,low_rank_residual_k30,9,"8,9,10,11",,
3e-05,301400.4400472444,0.02734375,0.0,1024,10240,0,0,32,conservative_topk_strict_gt,IPIX_Dartmouth,19931107_135603_starea.cdf,24,19931107_135603_starea.cdf#24,low_rank_residual_k30,9,"8,9,10,11",,
0.0001,245886.76188286545,0.044921875,9.765625e-05,1024,10240,1,1,51,conservative_topk_strict_gt,IPIX_Dartmouth,19931107_135603_starea.cdf,24,19931107_135603_starea.cdf#24,low_rank_residual_k30,9,"8,9,10,11",,
0.0003,215384.10634055667,0.0517578125,0.00029296875,1024,10240,3,3,60,conservative_topk_strict_gt,IPIX_Dartmouth,19931107_135603_starea.cdf,24,19931107_135603_starea.cdf#24,low_rank_residual_k30,9,"8,9,10,11",,
0.001,166279.3008037042,0.072265625,0.0009765625,1024,10240,10,10,88,conservative_topk_strict_gt,IPIX_Dartmouth,19931107_135603_starea.cdf,24,19931107_135603_starea.cdf#24,low_rank_residual_k30,9,"8,9,10,11",,
0.003,123398.51387288877,0.0927734375,0.0029296875,1024,10240,30,30,130,conservative_topk_strict_gt,IPIX_Dartmouth,19931107_135603_starea.cdf,24,19931107_135603_starea.cdf#24,low_rank_residual_k30,9,"8,9,10,11",,
0.01,73690.59351406999,0.1279296875,0.0099609375,1024,10240,102,102,240,conservative_topk_strict_gt,IPIX_Dartmouth,19931107_135603_starea.cdf,24,19931107_135603_starea.cdf#24,low_rank_residual_k30,9,"8,9,10,11",,
1e-05,267738875.5059301,0.0029296875,0.0,1024,10240,0,0,3,conservative_topk_strict_gt,IPIX_Dartmouth,19931107_135603_starea.cdf,24,19931107_135603_starea.cdf#24,tpsscs_trainable_gate,9,"8,9,10,11",,
3e-05,267738875.5059301,0.0029296875,0.0,1024,10240,0,0,3,conservative_topk_strict_gt,IPIX_Dartmouth,19931107_135603_starea.cdf,24,19931107_135603_starea.cdf#24,tpsscs_trainable_gate,9,"8,9,10,11",,
0.0001,250032672.659992,0.0029296875,9.765625e-05,1024,10240,1,1,4,conservative_topk_strict_gt,IPIX_Dartmouth,19931107_135603_starea.cdf,24,19931107_135603_starea.cdf#24,tpsscs_trainable_gate,9,"8,9,10,11",,
0.0003,228966726.5228746,0.00390625,0.00029296875,1024,10240,3,3,7,conservative_topk_strict_gt,IPIX_Dartmouth,19931107_135603_starea.cdf,24,19931107_135603_starea.cdf#24,tpsscs_trainable_gate,9,"8,9,10,11",,
0.001,89350345.40654017,0.015625,0.0009765625,1024,10240,10,10,26,conservative_topk_strict_gt,IPIX_Dartmouth,19931107_135603_starea.cdf,24,19931107_135603_starea.cdf#24,tpsscs_trainable_gate,9,"8,9,10,11",,
0.003,40920963.148419514,0.0390625,0.0029296875,1024,10240,30,30,70,conservative_topk_strict_gt,IPIX_Dartmouth,19931107_135603_starea.cdf,24,19931107_135603_starea.cdf#24,tpsscs_trainable_gate,9,"8,9,10,11",,
0.01,10253391.488846252,0.0810546875,0.0099609375,1024,10240,102,102,185,conservative_topk_strict_gt,IPIX_Dartmouth,19931107_135603_starea.cdf,24,19931107_135603_starea.cdf#24,tpsscs_trainable_gate,9,"8,9,10,11",,
1e-05,,0.0283203125,0.0,1024,10240,0,0,33,residual_cfar_plus_zero_false_gate_union,IPIX_Dartmouth,19931107_135603_starea.cdf,24,19931107_135603_starea.cdf#24,tpsscs_finished_detector,9,"8,9,10,11",301400.4400472394,267738875.5059301
3e-05,,0.0283203125,0.0,1024,10240,0,0,33,residual_cfar_plus_zero_false_gate_union,IPIX_Dartmouth,19931107_135603_starea.cdf,24,19931107_135603_starea.cdf#24,tpsscs_finished_detector,9,"8,9,10,11",301400.4400472394,267738875.5059301
0.0001,,0.0458984375,9.765625e-05,1024,10240,1,1,52,residual_cfar_plus_zero_false_gate_union,IPIX_Dartmouth,19931107_135603_starea.cdf,24,19931107_135603_starea.cdf#24,tpsscs_finished_detector,9,"8,9,10,11",245886.76188286542,267738875.5059301
0.0003,,0.0517578125,0.00029296875,1024,10240,3,3,60,residual_cfar_plus_zero_false_gate_union,IPIX_Dartmouth,19931107_135603_starea.cdf,24,19931107_135603_starea.cdf#24,tpsscs_finished_detector,9,"8,9,10,11",215384.10634055646,267738875.5059301
0.001,,0.072265625,0.0009765625,1024,10240,10,10,88,residual_cfar_plus_zero_false_gate_union,IPIX_Dartmouth,19931107_135603_starea.cdf,24,19931107_135603_starea.cdf#24,tpsscs_finished_detector,9,"8,9,10,11",166279.30080370454,267738875.5059301
0.003,,0.0927734375,0.0029296875,1024,10240,30,30,130,residual_cfar_plus_zero_false_gate_union,IPIX_Dartmouth,19931107_135603_starea.cdf,24,19931107_135603_starea.cdf#24,tpsscs_finished_detector,9,"8,9,10,11",123398.51387288873,267738875.5059301
0.01,,0.1279296875,0.0099609375,1024,10240,102,102,240,residual_cfar_plus_zero_false_gate_union,IPIX_Dartmouth,19931107_135603_starea.cdf,24,19931107_135603_starea.cdf#24,tpsscs_finished_detector,9,"8,9,10,11",73690.59351407041,267738875.5059301
1e-05,484081594.90927994,0.0,0.0,1024,10240,0,0,0,conservative_topk_strict_gt,IPIX_Dartmouth,19931107_135603_starea.cdf,25,19931107_135603_starea.cdf#25,raw,9,"8,9,10,11",,
3e-05,484081594.90927994,0.0,0.0,1024,10240,0,0,0,conservative_topk_strict_gt,IPIX_Dartmouth,19931107_135603_starea.cdf,25,19931107_135603_starea.cdf#25,raw,9,"8,9,10,11",,
0.0001,459706628.3716341,0.0,9.765625e-05,1024,10240,1,1,1,conservative_topk_strict_gt,IPIX_Dartmouth,19931107_135603_starea.cdf,25,19931107_135603_starea.cdf#25,raw,9,"8,9,10,11",,
0.0003,449642031.74122906,0.0,0.00029296875,1024,10240,3,3,3,conservative_topk_strict_gt,IPIX_Dartmouth,19931107_135603_starea.cdf,25,19931107_135603_starea.cdf#25,raw,9,"8,9,10,11",,
0.001,392593951.26242054,0.0,0.0009765625,1024,10240,10,10,10,conservative_topk_strict_gt,IPIX_Dartmouth,19931107_135603_starea.cdf,25,19931107_135603_starea.cdf#25,raw,9,"8,9,10,11",,
0.003,284052565.93717194,0.0,0.0029296875,1024,10240,30,30,30,conservative_topk_strict_gt,IPIX_Dartmouth,19931107_135603_starea.cdf,25,19931107_135603_starea.cdf#25,raw,9,"8,9,10,11",,
0.01,147783909.87827086,0.0,0.0099609375,1024,10240,102,102,102,conservative_topk_strict_gt,IPIX_Dartmouth,19931107_135603_starea.cdf,25,19931107_135603_starea.cdf#25,raw,9,"8,9,10,11",,
1e-05,30714.787880576914,0.0,0.0,1024,10240,0,0,16,conservative_topk_strict_gt,IPIX_Dartmouth,19931107_135603_starea.cdf,25,19931107_135603_starea.cdf#25,low_rank_residual_k30,9,"8,9,10,11",,
3e-05,30714.787880576914,0.0,0.0,1024,10240,0,0,16,conservative_topk_strict_gt,IPIX_Dartmouth,19931107_135603_starea.cdf,25,19931107_135603_starea.cdf#25,low_rank_residual_k30,9,"8,9,10,11",,
0.0001,24177.649591207544,0.0,9.765625e-05,1024,10240,1,1,26,conservative_topk_strict_gt,IPIX_Dartmouth,19931107_135603_starea.cdf,25,19931107_135603_starea.cdf#25,low_rank_residual_k30,9,"8,9,10,11",,
0.0003,21842.41833521856,0.0,0.00029296875,1024,10240,3,3,32,conservative_topk_strict_gt,IPIX_Dartmouth,19931107_135603_starea.cdf,25,19931107_135603_starea.cdf#25,low_rank_residual_k30,9,"8,9,10,11",,
0.001,15925.039049911318,0.0009765625,0.0009765625,1024,10240,10,10,49,conservative_topk_strict_gt,IPIX_Dartmouth,19931107_135603_starea.cdf,25,19931107_135603_starea.cdf#25,low_rank_residual_k30,9,"8,9,10,11",,
0.003,9665.661007805242,0.0078125,0.0029296875,1024,10240,30,30,111,conservative_topk_strict_gt,IPIX_Dartmouth,19931107_135603_starea.cdf,25,19931107_135603_starea.cdf#25,low_rank_residual_k30,9,"8,9,10,11",,
0.01,5413.037723046202,0.015625,0.0099609375,1024,10240,102,102,243,conservative_topk_strict_gt,IPIX_Dartmouth,19931107_135603_starea.cdf,25,19931107_135603_starea.cdf#25,low_rank_residual_k30,9,"8,9,10,11",,
1e-05,403448013.83992976,0.0,0.0,1024,10240,0,0,0,conservative_topk_strict_gt,IPIX_Dartmouth,19931107_135603_starea.cdf,25,19931107_135603_starea.cdf#25,tpsscs_trainable_gate,9,"8,9,10,11",,
3e-05,403448013.83992976,0.0,0.0,1024,10240,0,0,0,conservative_topk_strict_gt,IPIX_Dartmouth,19931107_135603_starea.cdf,25,19931107_135603_starea.cdf#25,tpsscs_trainable_gate,9,"8,9,10,11",,
0.0001,370176065.61134464,0.0,9.765625e-05,1024,10240,1,1,1,conservative_topk_strict_gt,IPIX_Dartmouth,19931107_135603_starea.cdf,25,19931107_135603_starea.cdf#25,tpsscs_trainable_gate,9,"8,9,10,11",,
0.0003,314185424.3004763,0.0,0.00029296875,1024,10240,3,3,3,conservative_topk_strict_gt,IPIX_Dartmouth,19931107_135603_starea.cdf,25,19931107_135603_starea.cdf#25,tpsscs_trainable_gate,9,"8,9,10,11",,
0.001,203850597.58020872,0.0,0.0009765625,1024,10240,10,10,10,conservative_topk_strict_gt,IPIX_Dartmouth,19931107_135603_starea.cdf,25,19931107_135603_starea.cdf#25,tpsscs_trainable_gate,9,"8,9,10,11",,
0.003,109889369.36928311,0.0,0.0029296875,1024,10240,30,30,30,conservative_topk_strict_gt,IPIX_Dartmouth,19931107_135603_starea.cdf,25,19931107_135603_starea.cdf#25,tpsscs_trainable_gate,9,"8,9,10,11",,
0.01,33231605.57496922,0.0,0.0099609375,1024,10240,102,102,106,conservative_topk_strict_gt,IPIX_Dartmouth,19931107_135603_starea.cdf,25,19931107_135603_starea.cdf#25,tpsscs_trainable_gate,9,"8,9,10,11",,
1e-05,,0.0,0.0,1024,10240,0,0,16,residual_cfar_plus_zero_false_gate_union,IPIX_Dartmouth,19931107_135603_starea.cdf,25,19931107_135603_starea.cdf#25,tpsscs_finished_detector,9,"8,9,10,11",30714.787880579534,403448013.83992976
3e-05,,0.0,0.0,1024,10240,0,0,16,residual_cfar_plus_zero_false_gate_union,IPIX_Dartmouth,19931107_135603_starea.cdf,25,19931107_135603_starea.cdf#25,tpsscs_finished_detector,9,"8,9,10,11",30714.787880579534,403448013.83992976
0.0001,,0.0,9.765625e-05,1024,10240,1,1,26,residual_cfar_plus_zero_false_gate_union,IPIX_Dartmouth,19931107_135603_starea.cdf,25,19931107_135603_starea.cdf#25,tpsscs_finished_detector,9,"8,9,10,11",24177.64959120971,403448013.83992976
0.0003,,0.0,0.00029296875,1024,10240,3,3,32,residual_cfar_plus_zero_false_gate_union,IPIX_Dartmouth,19931107_135603_starea.cdf,25,19931107_135603_starea.cdf#25,tpsscs_finished_detector,9,"8,9,10,11",21842.4183352182,403448013.83992976
0.001,,0.0009765625,0.0009765625,1024,10240,10,10,49,residual_cfar_plus_zero_false_gate_union,IPIX_Dartmouth,19931107_135603_starea.cdf,25,19931107_135603_starea.cdf#25,tpsscs_finished_detector,9,"8,9,10,11",15925.039049908726,403448013.83992976
0.003,,0.0078125,0.0029296875,1024,10240,30,30,111,residual_cfar_plus_zero_false_gate_union,IPIX_Dartmouth,19931107_135603_starea.cdf,25,19931107_135603_starea.cdf#25,tpsscs_finished_detector,9,"8,9,10,11",9665.661007805307,403448013.83992976
0.01,,0.015625,0.0099609375,1024,10240,102,102,243,residual_cfar_plus_zero_false_gate_union,IPIX_Dartmouth,19931107_135603_starea.cdf,25,19931107_135603_starea.cdf#25,tpsscs_finished_detector,9,"8,9,10,11",5413.03772304611,403448013.83992976
1e-05,830716030.5111645,0.0,0.0,1024,10240,0,0,0,conservative_topk_strict_gt,IPIX_Dartmouth,19931107_135603_starea.cdf,26,19931107_135603_starea.cdf#26,raw,9,"8,9,10,11",,
3e-05,830716030.5111645,0.0,0.0,1024,10240,0,0,0,conservative_topk_strict_gt,IPIX_Dartmouth,19931107_135603_starea.cdf,26,19931107_135603_starea.cdf#26,raw,9,"8,9,10,11",,
0.0001,574891504.5251286,0.0,9.765625e-05,1024,10240,1,1,1,conservative_topk_strict_gt,IPIX_Dartmouth,19931107_135603_starea.cdf,26,19931107_135603_starea.cdf#26,raw,9,"8,9,10,11",,
0.0003,507559134.90645397,0.0,0.00029296875,1024,10240,3,3,3,conservative_topk_strict_gt,IPIX_Dartmouth,19931107_135603_starea.cdf,26,19931107_135603_starea.cdf#26,raw,9,"8,9,10,11",,
0.001,429495911.26846427,0.0,0.0009765625,1024,10240,10,10,10,conservative_topk_strict_gt,IPIX_Dartmouth,19931107_135603_starea.cdf,26,19931107_135603_starea.cdf#26,raw,9,"8,9,10,11",,
0.003,317631092.01218927,0.0,0.0029296875,1024,10240,30,30,30,conservative_topk_strict_gt,IPIX_Dartmouth,19931107_135603_starea.cdf,26,19931107_135603_starea.cdf#26,raw,9,"8,9,10,11",,
0.01,175666188.1883148,0.0,0.0099609375,1024,10240,102,102,102,conservative_topk_strict_gt,IPIX_Dartmouth,19931107_135603_starea.cdf,26,19931107_135603_starea.cdf#26,raw,9,"8,9,10,11",,
1e-05,117372.67997277576,0.0,0.0,1024,10240,0,0,0,conservative_topk_strict_gt,IPIX_Dartmouth,19931107_135603_starea.cdf,26,19931107_135603_starea.cdf#26,low_rank_residual_k30,9,"8,9,10,11",,
3e-05,117372.67997277576,0.0,0.0,1024,10240,0,0,0,conservative_topk_strict_gt,IPIX_Dartmouth,19931107_135603_starea.cdf,26,19931107_135603_starea.cdf#26,low_rank_residual_k30,9,"8,9,10,11",,
0.0001,115586.61356890101,0.0,9.765625e-05,1024,10240,1,1,1,conservative_topk_strict_gt,IPIX_Dartmouth,19931107_135603_starea.cdf,26,19931107_135603_starea.cdf#26,low_rank_residual_k30,9,"8,9,10,11",,
0.0003,82335.9705802369,0.0,0.00029296875,1024,10240,3,3,3,conservative_topk_strict_gt,IPIX_Dartmouth,19931107_135603_starea.cdf,26,19931107_135603_starea.cdf#26,low_rank_residual_k30,9,"8,9,10,11",,
0.001,60189.53811335277,0.00390625,0.0009765625,1024,10240,10,10,14,conservative_topk_strict_gt,IPIX_Dartmouth,19931107_135603_starea.cdf,26,19931107_135603_starea.cdf#26,low_rank_residual_k30,9,"8,9,10,11",,
0.003,40367.98787498426,0.005859375,0.0029296875,1024,10240,30,30,44,conservative_topk_strict_gt,IPIX_Dartmouth,19931107_135603_starea.cdf,26,19931107_135603_starea.cdf#26,low_rank_residual_k30,9,"8,9,10,11",,
0.01,16099.808904203845,0.0244140625,0.0099609375,1024,10240,102,102,167,conservative_topk_strict_gt,IPIX_Dartmouth,19931107_135603_starea.cdf,26,19931107_135603_starea.cdf#26,low_rank_residual_k30,9,"8,9,10,11",,
1e-05,340898506.4380346,0.0,0.0,1024,10240,0,0,0,conservative_topk_strict_gt,IPIX_Dartmouth,19931107_135603_starea.cdf,26,19931107_135603_starea.cdf#26,tpsscs_trainable_gate,9,"8,9,10,11",,
3e-05,340898506.4380346,0.0,0.0,1024,10240,0,0,0,conservative_topk_strict_gt,IPIX_Dartmouth,19931107_135603_starea.cdf,26,19931107_135603_starea.cdf#26,tpsscs_trainable_gate,9,"8,9,10,11",,
0.0001,291322823.3273333,0.0,9.765625e-05,1024,10240,1,1,1,conservative_topk_strict_gt,IPIX_Dartmouth,19931107_135603_starea.cdf,26,19931107_135603_starea.cdf#26,tpsscs_trainable_gate,9,"8,9,10,11",,
0.0003,174923390.7712071,0.0,0.00029296875,1024,10240,3,3,3,conservative_topk_strict_gt,IPIX_Dartmouth,19931107_135603_starea.cdf,26,19931107_135603_starea.cdf#26,tpsscs_trainable_gate,9,"8,9,10,11",,
0.001,127787142.22216977,0.0,0.0009765625,1024,10240,10,10,10,conservative_topk_strict_gt,IPIX_Dartmouth,19931107_135603_starea.cdf,26,19931107_135603_starea.cdf#26,tpsscs_trainable_gate,9,"8,9,10,11",,
0.003,61946042.55584869,0.0,0.0029296875,1024,10240,30,30,30,conservative_topk_strict_gt,IPIX_Dartmouth,19931107_135603_starea.cdf,26,19931107_135603_starea.cdf#26,tpsscs_trainable_gate,9,"8,9,10,11",,
0.01,30773993.27147535,0.0,0.0099609375,1024,10240,102,102,102,conservative_topk_strict_gt,IPIX_Dartmouth,19931107_135603_starea.cdf,26,19931107_135603_starea.cdf#26,tpsscs_trainable_gate,9,"8,9,10,11",,
1e-05,,0.0,0.0,1024,10240,0,0,0,residual_cfar_plus_zero_false_gate_union,IPIX_Dartmouth,19931107_135603_starea.cdf,26,19931107_135603_starea.cdf#26,tpsscs_finished_detector,9,"8,9,10,11",117372.6799727751,340898506.4380346
3e-05,,0.0,0.0,1024,10240,0,0,0,residual_cfar_plus_zero_false_gate_union,IPIX_Dartmouth,19931107_135603_starea.cdf,26,19931107_135603_starea.cdf#26,tpsscs_finished_detector,9,"8,9,10,11",117372.6799727751,340898506.4380346
0.0001,,0.0,9.765625e-05,1024,10240,1,1,1,residual_cfar_plus_zero_false_gate_union,IPIX_Dartmouth,19931107_135603_starea.cdf,26,19931107_135603_starea.cdf#26,tpsscs_finished_detector,9,"8,9,10,11",115586.613568901,340898506.4380346
0.0003,,0.0,0.00029296875,1024,10240,3,3,3,residual_cfar_plus_zero_false_gate_union,IPIX_Dartmouth,19931107_135603_starea.cdf,26,19931107_135603_starea.cdf#26,tpsscs_finished_detector,9,"8,9,10,11",82335.97058023674,340898506.4380346
0.001,,0.00390625,0.0009765625,1024,10240,10,10,14,residual_cfar_plus_zero_false_gate_union,IPIX_Dartmouth,19931107_135603_starea.cdf,26,19931107_135603_starea.cdf#26,tpsscs_finished_detector,9,"8,9,10,11",60189.53811335306,340898506.4380346
0.003,,0.005859375,0.0029296875,1024,10240,30,30,44,residual_cfar_plus_zero_false_gate_union,IPIX_Dartmouth,19931107_135603_starea.cdf,26,19931107_135603_starea.cdf#26,tpsscs_finished_detector,9,"8,9,10,11",40367.98787498405,340898506.4380346
0.01,,0.0244140625,0.0099609375,1024,10240,102,102,167,residual_cfar_plus_zero_false_gate_union,IPIX_Dartmouth,19931107_135603_starea.cdf,26,19931107_135603_starea.cdf#26,tpsscs_finished_detector,9,"8,9,10,11",16099.808904203295,340898506.4380346
1e-05,548702833.852835,0.0,0.0,1024,10240,0,0,0,conservative_topk_strict_gt,IPIX_Dartmouth,19931107_135603_starea.cdf,27,19931107_135603_starea.cdf#27,raw,9,"8,9,10,11",,
3e-05,548702833.852835,0.0,0.0,1024,10240,0,0,0,conservative_topk_strict_gt,IPIX_Dartmouth,19931107_135603_starea.cdf,27,19931107_135603_starea.cdf#27,raw,9,"8,9,10,11",,
0.0001,479131932.6378378,0.0,9.765625e-05,1024,10240,1,1,1,conservative_topk_strict_gt,IPIX_Dartmouth,19931107_135603_starea.cdf,27,19931107_135603_starea.cdf#27,raw,9,"8,9,10,11",,
0.0003,371824121.27869207,0.0,0.00029296875,1024,10240,3,3,3,conservative_topk_strict_gt,IPIX_Dartmouth,19931107_135603_starea.cdf,27,19931107_135603_starea.cdf#27,raw,9,"8,9,10,11",,
0.001,271772326.97998095,0.0,0.0009765625,1024,10240,10,10,10,conservative_topk_strict_gt,IPIX_Dartmouth,19931107_135603_starea.cdf,27,19931107_135603_starea.cdf#27,raw,9,"8,9,10,11",,
0.003,173100270.8910082,0.0,0.0029296875,1024,10240,30,30,30,conservative_topk_strict_gt,IPIX_Dartmouth,19931107_135603_starea.cdf,27,19931107_135603_starea.cdf#27,raw,9,"8,9,10,11",,
0.01,101467301.34191315,0.0,0.0099609375,1024,10240,102,102,102,conservative_topk_strict_gt,IPIX_Dartmouth,19931107_135603_starea.cdf,27,19931107_135603_starea.cdf#27,raw,9,"8,9,10,11",,
1e-05,16571.764537243136,0.0,0.0,1024,10240,0,0,0,conservative_topk_strict_gt,IPIX_Dartmouth,19931107_135603_starea.cdf,27,19931107_135603_starea.cdf#27,low_rank_residual_k30,9,"8,9,10,11",,
3e-05,16571.764537243136,0.0,0.0,1024,10240,0,0,0,conservative_topk_strict_gt,IPIX_Dartmouth,19931107_135603_starea.cdf,27,19931107_135603_starea.cdf#27,low_rank_residual_k30,9,"8,9,10,11",,
0.0001,13676.38594999667,0.0,9.765625e-05,1024,10240,1,1,1,conservative_topk_strict_gt,IPIX_Dartmouth,19931107_135603_starea.cdf,27,19931107_135603_starea.cdf#27,low_rank_residual_k30,9,"8,9,10,11",,
0.0003,10131.64078694225,0.0,0.00029296875,1024,10240,3,3,3,conservative_topk_strict_gt,IPIX_Dartmouth,19931107_135603_starea.cdf,27,19931107_135603_starea.cdf#27,low_rank_residual_k30,9,"8,9,10,11",,
0.001,7546.305434716538,0.0029296875,0.0009765625,1024,10240,10,10,14,conservative_topk_strict_gt,IPIX_Dartmouth,19931107_135603_starea.cdf,27,19931107_135603_starea.cdf#27,low_rank_residual_k30,9,"8,9,10,11",,
0.003,5312.98967979042,0.01171875,0.0029296875,1024,10240,30,30,53,conservative_topk_strict_gt,IPIX_Dartmouth,19931107_135603_starea.cdf,27,19931107_135603_starea.cdf#27,low_rank_residual_k30,9,"8,9,10,11",,
0.01,3265.3890750893756,0.0244140625,0.0099609375,1024,10240,102,102,173,conservative_topk_strict_gt,IPIX_Dartmouth,19931107_135603_starea.cdf,27,19931107_135603_starea.cdf#27,low_rank_residual_k30,9,"8,9,10,11",,
1e-05,371764727.5822548,0.0,0.0,1024,10240,0,0,0,conservative_topk_strict_gt,IPIX_Dartmouth,19931107_135603_starea.cdf,27,19931107_135603_starea.cdf#27,tpsscs_trainable_gate,9,"8,9,10,11",,
3e-05,371764727.5822548,0.0,0.0,1024,10240,0,0,0,conservative_topk_strict_gt,IPIX_Dartmouth,19931107_135603_starea.cdf,27,19931107_135603_starea.cdf#27,tpsscs_trainable_gate,9,"8,9,10,11",,
0.0001,337488661.60884774,0.0,9.765625e-05,1024,10240,1,1,1,conservative_topk_strict_gt,IPIX_Dartmouth,19931107_135603_starea.cdf,27,19931107_135603_starea.cdf#27,tpsscs_trainable_gate,9,"8,9,10,11",,
0.0003,243057084.63662177,0.0,0.00029296875,1024,10240,3,3,3,conservative_topk_strict_gt,IPIX_Dartmouth,19931107_135603_starea.cdf,27,19931107_135603_starea.cdf#27,tpsscs_trainable_gate,9,"8,9,10,11",,
0.001,165462510.63233274,0.0,0.0009765625,1024,10240,10,10,10,conservative_topk_strict_gt,IPIX_Dartmouth,19931107_135603_starea.cdf,27,19931107_135603_starea.cdf#27,tpsscs_trainable_gate,9,"8,9,10,11",,
0.003,120412228.18267423,0.0,0.0029296875,1024,10240,30,30,30,conservative_topk_strict_gt,IPIX_Dartmouth,19931107_135603_starea.cdf,27,19931107_135603_starea.cdf#27,tpsscs_trainable_gate,9,"8,9,10,11",,
0.01,52403958.54119853,0.0,0.0099609375,1024,10240,102,102,102,conservative_topk_strict_gt,IPIX_Dartmouth,19931107_135603_starea.cdf,27,19931107_135603_starea.cdf#27,tpsscs_trainable_gate,9,"8,9,10,11",,
1e-05,,0.0,0.0,1024,10240,0,0,0,residual_cfar_plus_zero_false_gate_union,IPIX_Dartmouth,19931107_135603_starea.cdf,27,19931107_135603_starea.cdf#27,tpsscs_finished_detector,9,"8,9,10,11",16571.764537242976,371764727.5822548
3e-05,,0.0,0.0,1024,10240,0,0,0,residual_cfar_plus_zero_false_gate_union,IPIX_Dartmouth,19931107_135603_starea.cdf,27,19931107_135603_starea.cdf#27,tpsscs_finished_detector,9,"8,9,10,11",16571.764537242976,371764727.5822548
0.0001,,0.0,9.765625e-05,1024,10240,1,1,1,residual_cfar_plus_zero_false_gate_union,IPIX_Dartmouth,19931107_135603_starea.cdf,27,19931107_135603_starea.cdf#27,tpsscs_finished_detector,9,"8,9,10,11",13676.385949996613,371764727.5822548
0.0003,,0.0,0.00029296875,1024,10240,3,3,3,residual_cfar_plus_zero_false_gate_union,IPIX_Dartmouth,19931107_135603_starea.cdf,27,19931107_135603_starea.cdf#27,tpsscs_finished_detector,9,"8,9,10,11",10131.640786942213,371764727.5822548
0.001,,0.0029296875,0.0009765625,1024,10240,10,10,14,residual_cfar_plus_zero_false_gate_union,IPIX_Dartmouth,19931107_135603_starea.cdf,27,19931107_135603_starea.cdf#27,tpsscs_finished_detector,9,"8,9,10,11",7546.305434716465,371764727.5822548
0.003,,0.01171875,0.0029296875,1024,10240,30,30,53,residual_cfar_plus_zero_false_gate_union,IPIX_Dartmouth,19931107_135603_starea.cdf,27,19931107_135603_starea.cdf#27,tpsscs_finished_detector,9,"8,9,10,11",5312.989679790448,371764727.5822548
0.01,,0.0244140625,0.0099609375,1024,10240,102,102,173,residual_cfar_plus_zero_false_gate_union,IPIX_Dartmouth,19931107_135603_starea.cdf,27,19931107_135603_starea.cdf#27,tpsscs_finished_detector,9,"8,9,10,11",3265.389075089361,371764727.5822548
1e-05,829477032.2794585,0.0,0.0,1024,10240,0,0,0,conservative_topk_strict_gt,IPIX_Dartmouth,19931107_135603_starea.cdf,28,19931107_135603_starea.cdf#28,raw,9,"8,9,10,11",,
3e-05,829477032.2794585,0.0,0.0,1024,10240,0,0,0,conservative_topk_strict_gt,IPIX_Dartmouth,19931107_135603_starea.cdf,28,19931107_135603_starea.cdf#28,raw,9,"8,9,10,11",,
0.0001,824003788.8942704,0.0,9.765625e-05,1024,10240,1,1,1,conservative_topk_strict_gt,IPIX_Dartmouth,19931107_135603_starea.cdf,28,19931107_135603_starea.cdf#28,raw,9,"8,9,10,11",,
0.0003,712011818.5432351,0.0,0.00029296875,1024,10240,3,3,3,conservative_topk_strict_gt,IPIX_Dartmouth,19931107_135603_starea.cdf,28,19931107_135603_starea.cdf#28,raw,9,"8,9,10,11",,
0.001,459405856.4625981,0.0,0.0009765625,1024,10240,10,10,10,conservative_topk_strict_gt,IPIX_Dartmouth,19931107_135603_starea.cdf,28,19931107_135603_starea.cdf#28,raw,9,"8,9,10,11",,
0.003,259958877.56034583,0.0,0.0029296875,1024,10240,30,30,30,conservative_topk_strict_gt,IPIX_Dartmouth,19931107_135603_starea.cdf,28,19931107_135603_starea.cdf#28,raw,9,"8,9,10,11",,
0.01,125372769.52453944,0.0,0.0099609375,1024,10240,102,102,102,conservative_topk_strict_gt,IPIX_Dartmouth,19931107_135603_starea.cdf,28,19931107_135603_starea.cdf#28,raw,9,"8,9,10,11",,
1e-05,30274.003988533434,0.0,0.0,1024,10240,0,0,0,conservative_topk_strict_gt,IPIX_Dartmouth,19931107_135603_starea.cdf,28,19931107_135603_starea.cdf#28,low_rank_residual_k30,9,"8,9,10,11",,
3e-05,30274.003988533434,0.0,0.0,1024,10240,0,0,0,conservative_topk_strict_gt,IPIX_Dartmouth,19931107_135603_starea.cdf,28,19931107_135603_starea.cdf#28,low_rank_residual_k30,9,"8,9,10,11",,
0.0001,24437.652632028607,0.0,9.765625e-05,1024,10240,1,1,1,conservative_topk_strict_gt,IPIX_Dartmouth,19931107_135603_starea.cdf,28,19931107_135603_starea.cdf#28,low_rank_residual_k30,9,"8,9,10,11",,
0.0003,19650.356328594884,0.0,0.00029296875,1024,10240,3,3,3,conservative_topk_strict_gt,IPIX_Dartmouth,19931107_135603_starea.cdf,28,19931107_135603_starea.cdf#28,low_rank_residual_k30,9,"8,9,10,11",,
0.001,14804.0118821939,0.0009765625,0.0009765625,1024,10240,10,10,11,conservative_topk_strict_gt,IPIX_Dartmouth,19931107_135603_starea.cdf,28,19931107_135603_starea.cdf#28,low_rank_residual_k30,9,"8,9,10,11",,
0.003,7972.653548265656,0.0068359375,0.0029296875,1024,10240,30,30,46,conservative_topk_strict_gt,IPIX_Dartmouth,19931107_135603_starea.cdf,28,19931107_135603_starea.cdf#28,low_rank_residual_k30,9,"8,9,10,11",,
0.01,4559.263814129758,0.0234375,0.0099609375,1024,10240,102,102,155,conservative_topk_strict_gt,IPIX_Dartmouth,19931107_135603_starea.cdf,28,19931107_135603_starea.cdf#28,low_rank_residual_k30,9,"8,9,10,11",,
1e-05,820530248.6878339,0.0,0.0,1024,10240,0,0,0,conservative_topk_strict_gt,IPIX_Dartmouth,19931107_135603_starea.cdf,28,19931107_135603_starea.cdf#28,tpsscs_trainable_gate,9,"8,9,10,11",,
3e-05,820530248.6878339,0.0,0.0,1024,10240,0,0,0,conservative_topk_strict_gt,IPIX_Dartmouth,19931107_135603_starea.cdf,28,19931107_135603_starea.cdf#28,tpsscs_trainable_gate,9,"8,9,10,11",,
0.0001,770117976.6381971,0.0,9.765625e-05,1024,10240,1,1,1,conservative_topk_strict_gt,IPIX_Dartmouth,19931107_135603_starea.cdf,28,19931107_135603_starea.cdf#28,tpsscs_trainable_gate,9,"8,9,10,11",,
0.0003,587178430.5300694,0.0,0.00029296875,1024,10240,3,3,3,conservative_topk_strict_gt,IPIX_Dartmouth,19931107_135603_starea.cdf,28,19931107_135603_starea.cdf#28,tpsscs_trainable_gate,9,"8,9,10,11",,
0.001,413456716.08841115,0.0,0.0009765625,1024,10240,10,10,10,conservative_topk_strict_gt,IPIX_Dartmouth,19931107_135603_starea.cdf,28,19931107_135603_starea.cdf#28,tpsscs_trainable_gate,9,"8,9,10,11",,
0.003,186997985.41236,0.0,0.0029296875,1024,10240,30,30,30,conservative_topk_strict_gt,IPIX_Dartmouth,19931107_135603_starea.cdf,28,19931107_135603_starea.cdf#28,tpsscs_trainable_gate,9,"8,9,10,11",,
0.01,84945519.84389889,0.0,0.0099609375,1024,10240,102,102,102,conservative_topk_strict_gt,IPIX_Dartmouth,19931107_135603_starea.cdf,28,19931107_135603_starea.cdf#28,tpsscs_trainable_gate,9,"8,9,10,11",,
1e-05,,0.0,0.0,1024,10240,0,0,0,residual_cfar_plus_zero_false_gate_union,IPIX_Dartmouth,19931107_135603_starea.cdf,28,19931107_135603_starea.cdf#28,tpsscs_finished_detector,9,"8,9,10,11",30274.003988533525,820530248.6878339
3e-05,,0.0,0.0,1024,10240,0,0,0,residual_cfar_plus_zero_false_gate_union,IPIX_Dartmouth,19931107_135603_starea.cdf,28,19931107_135603_starea.cdf#28,tpsscs_finished_detector,9,"8,9,10,11",30274.003988533525,820530248.6878339
0.0001,,0.0,9.765625e-05,1024,10240,1,1,1,residual_cfar_plus_zero_false_gate_union,IPIX_Dartmouth,19931107_135603_starea.cdf,28,19931107_135603_starea.cdf#28,tpsscs_finished_detector,9,"8,9,10,11",24437.652632028614,820530248.6878339
0.0003,,0.0,0.00029296875,1024,10240,3,3,3,residual_cfar_plus_zero_false_gate_union,IPIX_Dartmouth,19931107_135603_starea.cdf,28,19931107_135603_starea.cdf#28,tpsscs_finished_detector,9,"8,9,10,11",19650.356328594862,820530248.6878339
0.001,,0.0009765625,0.0009765625,1024,10240,10,10,11,residual_cfar_plus_zero_false_gate_union,IPIX_Dartmouth,19931107_135603_starea.cdf,28,19931107_135603_starea.cdf#28,tpsscs_finished_detector,9,"8,9,10,11",14804.011882193983,820530248.6878339
0.003,,0.0068359375,0.0029296875,1024,10240,30,30,46,residual_cfar_plus_zero_false_gate_union,IPIX_Dartmouth,19931107_135603_starea.cdf,28,19931107_135603_starea.cdf#28,tpsscs_finished_detector,9,"8,9,10,11",7972.653548266718,820530248.6878339
0.01,,0.0234375,0.0099609375,1024,10240,102,102,155,residual_cfar_plus_zero_false_gate_union,IPIX_Dartmouth,19931107_135603_starea.cdf,28,19931107_135603_starea.cdf#28,tpsscs_finished_detector,9,"8,9,10,11",4559.263814129681,820530248.6878339
1e-05,715074898.59863,0.0,0.0,1024,10240,0,0,0,conservative_topk_strict_gt,IPIX_Dartmouth,19931107_135603_starea.cdf,29,19931107_135603_starea.cdf#29,raw,9,"8,9,10,11",,
3e-05,715074898.59863,0.0,0.0,1024,10240,0,0,0,conservative_topk_strict_gt,IPIX_Dartmouth,19931107_135603_starea.cdf,29,19931107_135603_starea.cdf#29,raw,9,"8,9,10,11",,
0.0001,696179456.9327807,0.0,9.765625e-05,1024,10240,1,1,1,conservative_topk_strict_gt,IPIX_Dartmouth,19931107_135603_starea.cdf,29,19931107_135603_starea.cdf#29,raw,9,"8,9,10,11",,
0.0003,609358619.28987,0.0,0.00029296875,1024,10240,3,3,3,conservative_topk_strict_gt,IPIX_Dartmouth,19931107_135603_starea.cdf,29,19931107_135603_starea.cdf#29,raw,9,"8,9,10,11",,
0.001,484534141.34277236,0.0,0.0009765625,1024,10240,10,10,10,conservative_topk_strict_gt,IPIX_Dartmouth,19931107_135603_starea.cdf,29,19931107_135603_starea.cdf#29,raw,9,"8,9,10,11",,
0.003,300577440.96473485,0.0,0.0029296875,1024,10240,30,30,30,conservative_topk_strict_gt,IPIX_Dartmouth,19931107_135603_starea.cdf,29,19931107_135603_starea.cdf#29,raw,9,"8,9,10,11",,
0.01,163200129.84436002,0.0,0.0099609375,1024,10240,102,102,102,conservative_topk_strict_gt,IPIX_Dartmouth,19931107_135603_starea.cdf,29,19931107_135603_starea.cdf#29,raw,9,"8,9,10,11",,
1e-05,222950.1875799228,0.0,0.0,1024,10240,0,0,0,conservative_topk_strict_gt,IPIX_Dartmouth,19931107_135603_starea.cdf,29,19931107_135603_starea.cdf#29,low_rank_residual_k30,9,"8,9,10,11",,
3e-05,222950.1875799228,0.0,0.0,1024,10240,0,0,0,conservative_topk_strict_gt,IPIX_Dartmouth,19931107_135603_starea.cdf,29,19931107_135603_starea.cdf#29,low_rank_residual_k30,9,"8,9,10,11",,
0.0001,143911.25438305538,0.0,9.765625e-05,1024,10240,1,1,2,conservative_topk_strict_gt,IPIX_Dartmouth,19931107_135603_starea.cdf,29,19931107_135603_starea.cdf#29,low_rank_residual_k30,9,"8,9,10,11",,
0.0003,118804.55019601906,0.0,0.00029296875,1024,10240,3,3,5,conservative_topk_strict_gt,IPIX_Dartmouth,19931107_135603_starea.cdf,29,19931107_135603_starea.cdf#29,low_rank_residual_k30,9,"8,9,10,11",,
0.001,87367.38832520357,0.0,0.0009765625,1024,10240,10,10,16,conservative_topk_strict_gt,IPIX_Dartmouth,19931107_135603_starea.cdf,29,19931107_135603_starea.cdf#29,low_rank_residual_k30,9,"8,9,10,11",,
0.003,62752.8777925055,0.0,0.0029296875,1024,10240,30,30,49,conservative_topk_strict_gt,IPIX_Dartmouth,19931107_135603_starea.cdf,29,19931107_135603_starea.cdf#29,low_rank_residual_k30,9,"8,9,10,11",,
0.01,33094.90443369901,0.0,0.0099609375,1024,10240,102,102,143,conservative_topk_strict_gt,IPIX_Dartmouth,19931107_135603_starea.cdf,29,19931107_135603_starea.cdf#29,low_rank_residual_k30,9,"8,9,10,11",,
1e-05,683914084.956315,0.0,0.0,1024,10240,0,0,0,conservative_topk_strict_gt,IPIX_Dartmouth,19931107_135603_starea.cdf,29,19931107_135603_starea.cdf#29,tpsscs_trainable_gate,9,"8,9,10,11",,
3e-05,683914084.956315,0.0,0.0,1024,10240,0,0,0,conservative_topk_strict_gt,IPIX_Dartmouth,19931107_135603_starea.cdf,29,19931107_135603_starea.cdf#29,tpsscs_trainable_gate,9,"8,9,10,11",,
0.0001,656412622.3761001,0.0,9.765625e-05,1024,10240,1,1,1,conservative_topk_strict_gt,IPIX_Dartmouth,19931107_135603_starea.cdf,29,19931107_135603_starea.cdf#29,tpsscs_trainable_gate,9,"8,9,10,11",,
0.0003,517043975.5876218,0.0,0.00029296875,1024,10240,3,3,3,conservative_topk_strict_gt,IPIX_Dartmouth,19931107_135603_starea.cdf,29,19931107_135603_starea.cdf#29,tpsscs_trainable_gate,9,"8,9,10,11",,
0.001,342554346.739843,0.0,0.0009765625,1024,10240,10,10,10,conservative_topk_strict_gt,IPIX_Dartmouth,19931107_135603_starea.cdf,29,19931107_135603_starea.cdf#29,tpsscs_trainable_gate,9,"8,9,10,11",,
0.003,175168776.7014139,0.0,0.0029296875,1024,10240,30,30,30,conservative_topk_strict_gt,IPIX_Dartmouth,19931107_135603_starea.cdf,29,19931107_135603_starea.cdf#29,tpsscs_trainable_gate,9,"8,9,10,11",,
0.01,57607593.76283776,0.005859375,0.0099609375,1024,10240,102,102,109,conservative_topk_strict_gt,IPIX_Dartmouth,19931107_135603_starea.cdf,29,19931107_135603_starea.cdf#29,tpsscs_trainable_gate,9,"8,9,10,11",,
1e-05,,0.0,0.0,1024,10240,0,0,0,residual_cfar_plus_zero_false_gate_union,IPIX_Dartmouth,19931107_135603_starea.cdf,29,19931107_135603_starea.cdf#29,tpsscs_finished_detector,9,"8,9,10,11",222950.18757992168,683914084.956315
3e-05,,0.0,0.0,1024,10240,0,0,0,residual_cfar_plus_zero_false_gate_union,IPIX_Dartmouth,19931107_135603_starea.cdf,29,19931107_135603_starea.cdf#29,tpsscs_finished_detector,9,"8,9,10,11",222950.18757992168,683914084.956315
0.0001,,0.0,9.765625e-05,1024,10240,1,1,2,residual_cfar_plus_zero_false_gate_union,IPIX_Dartmouth,19931107_135603_starea.cdf,29,19931107_135603_starea.cdf#29,tpsscs_finished_detector,9,"8,9,10,11",143911.25438305672,683914084.956315
0.0003,,0.0,0.00029296875,1024,10240,3,3,5,residual_cfar_plus_zero_false_gate_union,IPIX_Dartmouth,19931107_135603_starea.cdf,29,19931107_135603_starea.cdf#29,tpsscs_finished_detector,9,"8,9,10,11",118804.55019601714,683914084.956315
0.001,,0.0,0.0009765625,1024,10240,10,10,16,residual_cfar_plus_zero_false_gate_union,IPIX_Dartmouth,19931107_135603_starea.cdf,29,19931107_135603_starea.cdf#29,tpsscs_finished_detector,9,"8,9,10,11",87367.38832520426,683914084.956315
0.003,,0.0,0.0029296875,1024,10240,30,30,49,residual_cfar_plus_zero_false_gate_union,IPIX_Dartmouth,19931107_135603_starea.cdf,29,19931107_135603_starea.cdf#29,tpsscs_finished_detector,9,"8,9,10,11",62752.87779250615,683914084.956315
0.01,,0.0,0.0099609375,1024,10240,102,102,143,residual_cfar_plus_zero_false_gate_union,IPIX_Dartmouth,19931107_135603_starea.cdf,29,19931107_135603_starea.cdf#29,tpsscs_finished_detector,9,"8,9,10,11",33094.90443369932,683914084.956315
1e-05,808880230.0365689,0.001953125,0.0,1024,10240,0,0,2,conservative_topk_strict_gt,IPIX_Dartmouth,19931107_135603_starea.cdf,30,19931107_135603_starea.cdf#30,raw,9,"8,9,10,11",,
3e-05,808880230.0365689,0.001953125,0.0,1024,10240,0,0,2,conservative_topk_strict_gt,IPIX_Dartmouth,19931107_135603_starea.cdf,30,19931107_135603_starea.cdf#30,raw,9,"8,9,10,11",,
0.0001,539114664.3790376,0.00390625,9.765625e-05,1024,10240,1,1,5,conservative_topk_strict_gt,IPIX_Dartmouth,19931107_135603_starea.cdf,30,19931107_135603_starea.cdf#30,raw,9,"8,9,10,11",,
0.0003,489567379.58095187,0.0068359375,0.00029296875,1024,10240,3,3,10,conservative_topk_strict_gt,IPIX_Dartmouth,19931107_135603_starea.cdf,30,19931107_135603_starea.cdf#30,raw,9,"8,9,10,11",,
0.001,434960344.69683915,0.0068359375,0.0009765625,1024,10240,10,10,19,conservative_topk_strict_gt,IPIX_Dartmouth,19931107_135603_starea.cdf,30,19931107_135603_starea.cdf#30,raw,9,"8,9,10,11",,
0.003,313988596.8697304,0.0107421875,0.0029296875,1024,10240,30,30,45,conservative_topk_strict_gt,IPIX_Dartmouth,19931107_135603_starea.cdf,30,19931107_135603_starea.cdf#30,raw,9,"8,9,10,11",,
0.01,145188788.88445544,0.029296875,0.0099609375,1024,10240,102,102,159,conservative_topk_strict_gt,IPIX_Dartmouth,19931107_135603_starea.cdf,30,19931107_135603_starea.cdf#30,raw,9,"8,9,10,11",,
1e-05,819683.1843897237,0.0,0.0,1024,10240,0,0,0,conservative_topk_strict_gt,IPIX_Dartmouth,19931107_135603_starea.cdf,30,19931107_135603_starea.cdf#30,low_rank_residual_k30,9,"8,9,10,11",,
3e-05,819683.1843897237,0.0,0.0,1024,10240,0,0,0,conservative_topk_strict_gt,IPIX_Dartmouth,19931107_135603_starea.cdf,30,19931107_135603_starea.cdf#30,low_rank_residual_k30,9,"8,9,10,11",,
0.0001,671813.2196606693,0.0,9.765625e-05,1024,10240,1,1,1,conservative_topk_strict_gt,IPIX_Dartmouth,19931107_135603_starea.cdf,30,19931107_135603_starea.cdf#30,low_rank_residual_k30,9,"8,9,10,11",,
0.0003,522616.0458012886,0.0,0.00029296875,1024,10240,3,3,3,conservative_topk_strict_gt,IPIX_Dartmouth,19931107_135603_starea.cdf,30,19931107_135603_starea.cdf#30,low_rank_residual_k30,9,"8,9,10,11",,
0.001,489193.3213496507,0.0,0.0009765625,1024,10240,10,10,10,conservative_topk_strict_gt,IPIX_Dartmouth,19931107_135603_starea.cdf,30,19931107_135603_starea.cdf#30,low_rank_residual_k30,9,"8,9,10,11",,
0.003,344939.60220141825,0.0,0.0029296875,1024,10240,30,30,31,conservative_topk_strict_gt,IPIX_Dartmouth,19931107_135603_starea.cdf,30,19931107_135603_starea.cdf#30,low_rank_residual_k30,9,"8,9,10,11",,
0.01,169748.99294668206,0.0,0.0099609375,1024,10240,102,102,107,conservative_topk_strict_gt,IPIX_Dartmouth,19931107_135603_starea.cdf,30,19931107_135603_starea.cdf#30,low_rank_residual_k30,9,"8,9,10,11",,
1e-05,11787779.480891839,0.0009765625,0.0,1024,10240,0,0,46,conservative_topk_strict_gt,IPIX_Dartmouth,19931107_135603_starea.cdf,30,19931107_135603_starea.cdf#30,tpsscs_trainable_gate,9,"8,9,10,11",,
3e-05,11787779.480891839,0.0009765625,0.0,1024,10240,0,0,46,conservative_topk_strict_gt,IPIX_Dartmouth,19931107_135603_starea.cdf,30,19931107_135603_starea.cdf#30,tpsscs_trainable_gate,9,"8,9,10,11",,
0.0001,7527583.848476041,0.0029296875,9.765625e-05,1024,10240,1,1,85,conservative_topk_strict_gt,IPIX_Dartmouth,19931107_135603_starea.cdf,30,19931107_135603_starea.cdf#30,tpsscs_trainable_gate,9,"8,9,10,11",,
0.0003,5629160.853232913,0.0029296875,0.00029296875,1024,10240,3,3,111,conservative_topk_strict_gt,IPIX_Dartmouth,19931107_135603_starea.cdf,30,19931107_135603_starea.cdf#30,tpsscs_trainable_gate,9,"8,9,10,11",,
0.001,2662262.753871185,0.0126953125,0.0009765625,1024,10240,10,10,193,conservative_topk_strict_gt,IPIX_Dartmouth,19931107_135603_starea.cdf,30,19931107_135603_starea.cdf#30,tpsscs_trainable_gate,9,"8,9,10,11",,
0.003,1489059.025723215,0.025390625,0.0029296875,1024,10240,30,30,313,conservative_topk_strict_gt,IPIX_Dartmouth,19931107_135603_starea.cdf,30,19931107_135603_starea.cdf#30,tpsscs_trainable_gate,9,"8,9,10,11",,
0.01,740126.1182368625,0.0419921875,0.0099609375,1024,10240,102,102,580,conservative_topk_strict_gt,IPIX_Dartmouth,19931107_135603_starea.cdf,30,19931107_135603_starea.cdf#30,tpsscs_trainable_gate,9,"8,9,10,11",,
1e-05,,0.0009765625,0.0,1024,10240,0,0,46,residual_cfar_plus_zero_false_gate_union,IPIX_Dartmouth,19931107_135603_starea.cdf,30,19931107_135603_starea.cdf#30,tpsscs_finished_detector,9,"8,9,10,11",819683.184389715,11787779.480891839
3e-05,,0.0009765625,0.0,1024,10240,0,0,46,residual_cfar_plus_zero_false_gate_union,IPIX_Dartmouth,19931107_135603_starea.cdf,30,19931107_135603_starea.cdf#30,tpsscs_finished_detector,9,"8,9,10,11",819683.184389715,11787779.480891839
0.0001,,0.0009765625,9.765625e-05,1024,10240,1,1,47,residual_cfar_plus_zero_false_gate_union,IPIX_Dartmouth,19931107_135603_starea.cdf,30,19931107_135603_starea.cdf#30,tpsscs_finished_detector,9,"8,9,10,11",671813.219660672,11787779.480891839
0.0003,,0.0009765625,0.00029296875,1024,10240,3,3,49,residual_cfar_plus_zero_false_gate_union,IPIX_Dartmouth,19931107_135603_starea.cdf,30,19931107_135603_starea.cdf#30,tpsscs_finished_detector,9,"8,9,10,11",522616.0458012873,11787779.480891839
0.001,,0.0009765625,0.0009765625,1024,10240,10,10,56,residual_cfar_plus_zero_false_gate_union,IPIX_Dartmouth,19931107_135603_starea.cdf,30,19931107_135603_starea.cdf#30,tpsscs_finished_detector,9,"8,9,10,11",489193.32134965213,11787779.480891839
0.003,,0.0009765625,0.0029296875,1024,10240,30,30,76,residual_cfar_plus_zero_false_gate_union,IPIX_Dartmouth,19931107_135603_starea.cdf,30,19931107_135603_starea.cdf#30,tpsscs_finished_detector,9,"8,9,10,11",344939.602201416,11787779.480891839
0.01,,0.0009765625,0.0099609375,1024,10240,102,102,151,residual_cfar_plus_zero_false_gate_union,IPIX_Dartmouth,19931107_135603_starea.cdf,30,19931107_135603_starea.cdf#30,tpsscs_finished_detector,9,"8,9,10,11",169748.9929466808,11787779.480891839
1e-05,633603717.022421,0.0,0.0,1024,10240,0,0,0,conservative_topk_strict_gt,IPIX_Dartmouth,19931107_135603_starea.cdf,31,19931107_135603_starea.cdf#31,raw,9,"8,9,10,11",,
3e-05,633603717.022421,0.0,0.0,1024,10240,0,0,0,conservative_topk_strict_gt,IPIX_Dartmouth,19931107_135603_starea.cdf,31,19931107_135603_starea.cdf#31,raw,9,"8,9,10,11",,
0.0001,544018509.0376282,0.0,9.765625e-05,1024,10240,1,1,2,conservative_topk_strict_gt,IPIX_Dartmouth,19931107_135603_starea.cdf,31,19931107_135603_starea.cdf#31,raw,9,"8,9,10,11",,
0.0003,395085728.53071845,0.0,0.00029296875,1024,10240,3,3,4,conservative_topk_strict_gt,IPIX_Dartmouth,19931107_135603_starea.cdf,31,19931107_135603_starea.cdf#31,raw,9,"8,9,10,11",,
0.001,306512418.0473099,0.00390625,0.0009765625,1024,10240,10,10,18,conservative_topk_strict_gt,IPIX_Dartmouth,19931107_135603_starea.cdf,31,19931107_135603_starea.cdf#31,raw,9,"8,9,10,11",,
0.003,195519800.4437865,0.0205078125,0.0029296875,1024,10240,30,30,69,conservative_topk_strict_gt,IPIX_Dartmouth,19931107_135603_starea.cdf,31,19931107_135603_starea.cdf#31,raw,9,"8,9,10,11",,
0.01,98240532.99305117,0.044921875,0.0099609375,1024,10240,102,102,222,conservative_topk_strict_gt,IPIX_Dartmouth,19931107_135603_starea.cdf,31,19931107_135603_starea.cdf#31,raw,9,"8,9,10,11",,
1e-05,1736683.966504271,0.0,0.0,1024,10240,0,0,0,conservative_topk_strict_gt,IPIX_Dartmouth,19931107_135603_starea.cdf,31,19931107_135603_starea.cdf#31,low_rank_residual_k30,9,"8,9,10,11",,
3e-05,1736683.966504271,0.0,0.0,1024,10240,0,0,0,conservative_topk_strict_gt,IPIX_Dartmouth,19931107_135603_starea.cdf,31,19931107_135603_starea.cdf#31,low_rank_residual_k30,9,"8,9,10,11",,
0.0001,1562089.2255359944,0.0,9.765625e-05,1024,10240,1,1,1,conservative_topk_strict_gt,IPIX_Dartmouth,19931107_135603_starea.cdf,31,19931107_135603_starea.cdf#31,low_rank_residual_k30,9,"8,9,10,11",,
0.0003,1298152.5976622559,0.0,0.00029296875,1024,10240,3,3,3,conservative_topk_strict_gt,IPIX_Dartmouth,19931107_135603_starea.cdf,31,19931107_135603_starea.cdf#31,low_rank_residual_k30,9,"8,9,10,11",,
0.001,907966.8528288729,0.0,0.0009765625,1024,10240,10,10,12,conservative_topk_strict_gt,IPIX_Dartmouth,19931107_135603_starea.cdf,31,19931107_135603_starea.cdf#31,low_rank_residual_k30,9,"8,9,10,11",,
0.003,698489.6569926899,0.0,0.0029296875,1024,10240,30,30,33,conservative_topk_strict_gt,IPIX_Dartmouth,19931107_135603_starea.cdf,31,19931107_135603_starea.cdf#31,low_rank_residual_k30,9,"8,9,10,11",,
0.01,298620.40509045136,0.0,0.0099609375,1024,10240,102,102,173,conservative_topk_strict_gt,IPIX_Dartmouth,19931107_135603_starea.cdf,31,19931107_135603_starea.cdf#31,low_rank_residual_k30,9,"8,9,10,11",,
1e-05,173487865.20576638,0.0,0.0,1024,10240,0,0,1,conservative_topk_strict_gt,IPIX_Dartmouth,19931107_135603_starea.cdf,31,19931107_135603_starea.cdf#31,tpsscs_trainable_gate,9,"8,9,10,11",,
3e-05,173487865.20576638,0.0,0.0,1024,10240,0,0,1,conservative_topk_strict_gt,IPIX_Dartmouth,19931107_135603_starea.cdf,31,19931107_135603_starea.cdf#31,tpsscs_trainable_gate,9,"8,9,10,11",,
0.0001,150149927.64061576,0.0,9.765625e-05,1024,10240,1,1,4,conservative_topk_strict_gt,IPIX_Dartmouth,19931107_135603_starea.cdf,31,19931107_135603_starea.cdf#31,tpsscs_trainable_gate,9,"8,9,10,11",,
0.0003,139357300.89187366,0.0,0.00029296875,1024,10240,3,3,7,conservative_topk_strict_gt,IPIX_Dartmouth,19931107_135603_starea.cdf,31,19931107_135603_starea.cdf#31,tpsscs_trainable_gate,9,"8,9,10,11",,
0.001,84596668.26751143,0.0,0.0009765625,1024,10240,10,10,19,conservative_topk_strict_gt,IPIX_Dartmouth,19931107_135603_starea.cdf,31,19931107_135603_starea.cdf#31,tpsscs_trainable_gate,9,"8,9,10,11",,
0.003,45551402.54922407,0.0,0.0029296875,1024,10240,30,30,47,conservative_topk_strict_gt,IPIX_Dartmouth,19931107_135603_starea.cdf,31,19931107_135603_starea.cdf#31,tpsscs_trainable_gate,9,"8,9,10,11",,
0.01,12584022.87452259,0.0,0.0099609375,1024,10240,102,102,159,conservative_topk_strict_gt,IPIX_Dartmouth,19931107_135603_starea.cdf,31,19931107_135603_starea.cdf#31,tpsscs_trainable_gate,9,"8,9,10,11",,
1e-05,,0.0,0.0,1024,10240,0,0,1,residual_cfar_plus_zero_false_gate_union,IPIX_Dartmouth,19931107_135603_starea.cdf,31,19931107_135603_starea.cdf#31,tpsscs_finished_detector,9,"8,9,10,11",1736683.9665042777,173487865.20576638
3e-05,,0.0,0.0,1024,10240,0,0,1,residual_cfar_plus_zero_false_gate_union,IPIX_Dartmouth,19931107_135603_starea.cdf,31,19931107_135603_starea.cdf#31,tpsscs_finished_detector,9,"8,9,10,11",1736683.9665042777,173487865.20576638
0.0001,,0.0,9.765625e-05,1024,10240,1,1,2,residual_cfar_plus_zero_false_gate_union,IPIX_Dartmouth,19931107_135603_starea.cdf,31,19931107_135603_starea.cdf#31,tpsscs_finished_detector,9,"8,9,10,11",1562089.2255360004,173487865.20576638
0.0003,,0.0,0.00029296875,1024,10240,3,3,4,residual_cfar_plus_zero_false_gate_union,IPIX_Dartmouth,19931107_135603_starea.cdf,31,19931107_135603_starea.cdf#31,tpsscs_finished_detector,9,"8,9,10,11",1298152.597662256,173487865.20576638
0.001,,0.0,0.0009765625,1024,10240,10,10,13,residual_cfar_plus_zero_false_gate_union,IPIX_Dartmouth,19931107_135603_starea.cdf,31,19931107_135603_starea.cdf#31,tpsscs_finished_detector,9,"8,9,10,11",907966.8528288747,173487865.20576638
0.003,,0.0,0.0029296875,1024,10240,30,30,34,residual_cfar_plus_zero_false_gate_union,IPIX_Dartmouth,19931107_135603_starea.cdf,31,19931107_135603_starea.cdf#31,tpsscs_finished_detector,9,"8,9,10,11",698489.6569926918,173487865.20576638
0.01,,0.0,0.0099609375,1024,10240,102,102,173,residual_cfar_plus_zero_false_gate_union,IPIX_Dartmouth,19931107_135603_starea.cdf,31,19931107_135603_starea.cdf#31,tpsscs_finished_detector,9,"8,9,10,11",298620.4050904522,173487865.20576638
1e-05,655683732.7014911,0.0,0.0,1024,10240,0,0,0,conservative_topk_strict_gt,IPIX_Dartmouth,19931107_135603_starea.cdf,32,19931107_135603_starea.cdf#32,raw,9,"8,9,10,11",,
3e-05,655683732.7014911,0.0,0.0,1024,10240,0,0,0,conservative_topk_strict_gt,IPIX_Dartmouth,19931107_135603_starea.cdf,32,19931107_135603_starea.cdf#32,raw,9,"8,9,10,11",,
0.0001,560766065.3805902,0.0009765625,9.765625e-05,1024,10240,1,1,3,conservative_topk_strict_gt,IPIX_Dartmouth,19931107_135603_starea.cdf,32,19931107_135603_starea.cdf#32,raw,9,"8,9,10,11",,
0.0003,437977085.23269814,0.0048828125,0.00029296875,1024,10240,3,3,13,conservative_topk_strict_gt,IPIX_Dartmouth,19931107_135603_starea.cdf,32,19931107_135603_starea.cdf#32,raw,9,"8,9,10,11",,
0.001,262173978.91762987,0.0244140625,0.0009765625,1024,10240,10,10,74,conservative_topk_strict_gt,IPIX_Dartmouth,19931107_135603_starea.cdf,32,19931107_135603_starea.cdf#32,raw,9,"8,9,10,11",,
0.003,180549244.41691586,0.0390625,0.0029296875,1024,10240,30,30,141,conservative_topk_strict_gt,IPIX_Dartmouth,19931107_135603_starea.cdf,32,19931107_135603_starea.cdf#32,raw,9,"8,9,10,11",,
0.01,86787170.05713211,0.080078125,0.0099609375,1024,10240,102,102,358,conservative_topk_strict_gt,IPIX_Dartmouth,19931107_135603_starea.cdf,32,19931107_135603_starea.cdf#32,raw,9,"8,9,10,11",,
1e-05,2186635.386233673,0.0,0.0,1024,10240,0,0,0,conservative_topk_strict_gt,IPIX_Dartmouth,19931107_135603_starea.cdf,32,19931107_135603_starea.cdf#32,low_rank_residual_k30,9,"8,9,10,11",,
3e-05,2186635.386233673,0.0,0.0,1024,10240,0,0,0,conservative_topk_strict_gt,IPIX_Dartmouth,19931107_135603_starea.cdf,32,19931107_135603_starea.cdf#32,low_rank_residual_k30,9,"8,9,10,11",,
0.0001,2078726.3298617294,0.0,9.765625e-05,1024,10240,1,1,1,conservative_topk_strict_gt,IPIX_Dartmouth,19931107_135603_starea.cdf,32,19931107_135603_starea.cdf#32,low_rank_residual_k30,9,"8,9,10,11",,
0.0003,1499959.3612102133,0.0,0.00029296875,1024,10240,3,3,3,conservative_topk_strict_gt,IPIX_Dartmouth,19931107_135603_starea.cdf,32,19931107_135603_starea.cdf#32,low_rank_residual_k30,9,"8,9,10,11",,
0.001,883570.0933026928,0.0,0.0009765625,1024,10240,10,10,10,conservative_topk_strict_gt,IPIX_Dartmouth,19931107_135603_starea.cdf,32,19931107_135603_starea.cdf#32,low_rank_residual_k30,9,"8,9,10,11",,
0.003,561322.8991260489,0.0,0.0029296875,1024,10240,30,30,30,conservative_topk_strict_gt,IPIX_Dartmouth,19931107_135603_starea.cdf,32,19931107_135603_starea.cdf#32,low_rank_residual_k30,9,"8,9,10,11",,
0.01,322916.36209227,0.0,0.0099609375,1024,10240,102,102,102,conservative_topk_strict_gt,IPIX_Dartmouth,19931107_135603_starea.cdf,32,19931107_135603_starea.cdf#32,low_rank_residual_k30,9,"8,9,10,11",,
1e-05,654323131.960856,0.0,0.0,1024,10240,0,0,0,conservative_topk_strict_gt,IPIX_Dartmouth,19931107_135603_starea.cdf,32,19931107_135603_starea.cdf#32,tpsscs_trainable_gate,9,"8,9,10,11",,
3e-05,654323131.960856,0.0,0.0,1024,10240,0,0,0,conservative_topk_strict_gt,IPIX_Dartmouth,19931107_135603_starea.cdf,32,19931107_135603_starea.cdf#32,tpsscs_trainable_gate,9,"8,9,10,11",,
0.0001,318268685.95506734,0.0,9.765625e-05,1024,10240,1,1,1,conservative_topk_strict_gt,IPIX_Dartmouth,19931107_135603_starea.cdf,32,19931107_135603_starea.cdf#32,tpsscs_trainable_gate,9,"8,9,10,11",,
0.0003,258740185.11129168,0.0,0.00029296875,1024,10240,3,3,3,conservative_topk_strict_gt,IPIX_Dartmouth,19931107_135603_starea.cdf,32,19931107_135603_starea.cdf#32,tpsscs_trainable_gate,9,"8,9,10,11",,
0.001,153908857.89815244,0.0,0.0009765625,1024,10240,10,10,10,conservative_topk_strict_gt,IPIX_Dartmouth,19931107_135603_starea.cdf,32,19931107_135603_starea.cdf#32,tpsscs_trainable_gate,9,"8,9,10,11",,
0.003,92993172.82760619,0.0,0.0029296875,1024,10240,30,30,30,conservative_topk_strict_gt,IPIX_Dartmouth,19931107_135603_starea.cdf,32,19931107_135603_starea.cdf#32,tpsscs_trainable_gate,9,"8,9,10,11",,
0.01,38443539.295052536,0.0,0.0099609375,1024,10240,102,102,102,conservative_topk_strict_gt,IPIX_Dartmouth,19931107_135603_starea.cdf,32,19931107_135603_starea.cdf#32,tpsscs_trainable_gate,9,"8,9,10,11",,
1e-05,,0.0,0.0,1024,10240,0,0,0,residual_cfar_plus_zero_false_gate_union,IPIX_Dartmouth,19931107_135603_starea.cdf,32,19931107_135603_starea.cdf#32,tpsscs_finished_detector,9,"8,9,10,11",2186635.386233678,654323131.960856
3e-05,,0.0,0.0,1024,10240,0,0,0,residual_cfar_plus_zero_false_gate_union,IPIX_Dartmouth,19931107_135603_starea.cdf,32,19931107_135603_starea.cdf#32,tpsscs_finished_detector,9,"8,9,10,11",2186635.386233678,654323131.960856
0.0001,,0.0,9.765625e-05,1024,10240,1,1,1,residual_cfar_plus_zero_false_gate_union,IPIX_Dartmouth,19931107_135603_starea.cdf,32,19931107_135603_starea.cdf#32,tpsscs_finished_detector,9,"8,9,10,11",2078726.32986174,654323131.960856
0.0003,,0.0,0.00029296875,1024,10240,3,3,3,residual_cfar_plus_zero_false_gate_union,IPIX_Dartmouth,19931107_135603_starea.cdf,32,19931107_135603_starea.cdf#32,tpsscs_finished_detector,9,"8,9,10,11",1499959.3612102182,654323131.960856
0.001,,0.0,0.0009765625,1024,10240,10,10,10,residual_cfar_plus_zero_false_gate_union,IPIX_Dartmouth,19931107_135603_starea.cdf,32,19931107_135603_starea.cdf#32,tpsscs_finished_detector,9,"8,9,10,11",883570.0933026923,654323131.960856
0.003,,0.0,0.0029296875,1024,10240,30,30,30,residual_cfar_plus_zero_false_gate_union,IPIX_Dartmouth,19931107_135603_starea.cdf,32,19931107_135603_starea.cdf#32,tpsscs_finished_detector,9,"8,9,10,11",561322.8991260482,654323131.960856
0.01,,0.0,0.0099609375,1024,10240,102,102,102,residual_cfar_plus_zero_false_gate_union,IPIX_Dartmouth,19931107_135603_starea.cdf,32,19931107_135603_starea.cdf#32,tpsscs_finished_detector,9,"8,9,10,11",322916.36209226906,654323131.960856
1e-05,678889155.6171485,0.0029296875,0.0,1024,10240,0,0,7,conservative_topk_strict_gt,IPIX_Dartmouth,19931107_135603_starea.cdf,33,19931107_135603_starea.cdf#33,raw,9,"8,9,10,11",,
3e-05,678889155.6171485,0.0029296875,0.0,1024,10240,0,0,7,conservative_topk_strict_gt,IPIX_Dartmouth,19931107_135603_starea.cdf,33,19931107_135603_starea.cdf#33,raw,9,"8,9,10,11",,
0.0001,645134852.0814021,0.0029296875,9.765625e-05,1024,10240,1,1,9,conservative_topk_strict_gt,IPIX_Dartmouth,19931107_135603_starea.cdf,33,19931107_135603_starea.cdf#33,raw,9,"8,9,10,11",,
0.0003,621918447.4186424,0.0029296875,0.00029296875,1024,10240,3,3,12,conservative_topk_strict_gt,IPIX_Dartmouth,19931107_135603_starea.cdf,33,19931107_135603_starea.cdf#33,raw,9,"8,9,10,11",,
0.001,453003068.2962211,0.0068359375,0.0009765625,1024,10240,10,10,30,conservative_topk_strict_gt,IPIX_Dartmouth,19931107_135603_starea.cdf,33,19931107_135603_starea.cdf#33,raw,9,"8,9,10,11",,
0.003,267614922.60390273,0.0166015625,0.0029296875,1024,10240,30,30,85,conservative_topk_strict_gt,IPIX_Dartmouth,19931107_135603_starea.cdf,33,19931107_135603_starea.cdf#33,raw,9,"8,9,10,11",,
0.01,127304856.54143874,0.0400390625,0.0099609375,1024,10240,102,102,239,conservative_topk_strict_gt,IPIX_Dartmouth,19931107_135603_starea.cdf,33,19931107_135603_starea.cdf#33,raw,9,"8,9,10,11",,
1e-05,11581658.093703682,0.0,0.0,1024,10240,0,0,0,conservative_topk_strict_gt,IPIX_Dartmouth,19931107_135603_starea.cdf,33,19931107_135603_starea.cdf#33,low_rank_residual_k30,9,"8,9,10,11",,
3e-05,11581658.093703682,0.0,0.0,1024,10240,0,0,0,conservative_topk_strict_gt,IPIX_Dartmouth,19931107_135603_starea.cdf,33,19931107_135603_starea.cdf#33,low_rank_residual_k30,9,"8,9,10,11",,
0.0001,6358185.838705669,0.0,9.765625e-05,1024,10240,1,1,1,conservative_topk_strict_gt,IPIX_Dartmouth,19931107_135603_starea.cdf,33,19931107_135603_starea.cdf#33,low_rank_residual_k30,9,"8,9,10,11",,
0.0003,1374400.6317075165,0.0,0.00029296875,1024,10240,3,3,3,conservative_topk_strict_gt,IPIX_Dartmouth,19931107_135603_starea.cdf,33,19931107_135603_starea.cdf#33,low_rank_residual_k30,9,"8,9,10,11",,
0.001,922630.466473378,0.0,0.0009765625,1024,10240,10,10,10,conservative_topk_strict_gt,IPIX_Dartmouth,19931107_135603_starea.cdf,33,19931107_135603_starea.cdf#33,low_rank_residual_k30,9,"8,9,10,11",,
0.003,610840.3846448801,0.0,0.0029296875,1024,10240,30,30,33,conservative_topk_strict_gt,IPIX_Dartmouth,19931107_135603_starea.cdf,33,19931107_135603_starea.cdf#33,low_rank_residual_k30,9,"8,9,10,11",,
0.01,308481.0608809091,0.0,0.0099609375,1024,10240,102,102,156,conservative_topk_strict_gt,IPIX_Dartmouth,19931107_135603_starea.cdf,33,19931107_135603_starea.cdf#33,low_rank_residual_k30,9,"8,9,10,11",,
1e-05,86821173.76698577,0.0,0.0,1024,10240,0,0,13,conservative_topk_strict_gt,IPIX_Dartmouth,19931107_135603_starea.cdf,33,19931107_135603_starea.cdf#33,tpsscs_trainable_gate,9,"8,9,10,11",,
3e-05,86821173.76698577,0.0,0.0,1024,10240,0,0,13,conservative_topk_strict_gt,IPIX_Dartmouth,19931107_135603_starea.cdf,33,19931107_135603_starea.cdf#33,tpsscs_trainable_gate,9,"8,9,10,11",,
0.0001,61127045.55387265,0.0,9.765625e-05,1024,10240,1,1,22,conservative_topk_strict_gt,IPIX_Dartmouth,19931107_135603_starea.cdf,33,19931107_135603_starea.cdf#33,tpsscs_trainable_gate,9,"8,9,10,11",,
0.0003,52856245.404745825,0.0,0.00029296875,1024,10240,3,3,29,conservative_topk_strict_gt,IPIX_Dartmouth,19931107_135603_starea.cdf,33,19931107_135603_starea.cdf#33,tpsscs_trainable_gate,9,"8,9,10,11",,
0.001,22334737.494568676,0.0,0.0009765625,1024,10240,10,10,78,conservative_topk_strict_gt,IPIX_Dartmouth,19931107_135603_starea.cdf,33,19931107_135603_starea.cdf#33,tpsscs_trainable_gate,9,"8,9,10,11",,
0.003,8562510.031365126,0.0,0.0029296875,1024,10240,30,30,167,conservative_topk_strict_gt,IPIX_Dartmouth,19931107_135603_starea.cdf,33,19931107_135603_starea.cdf#33,tpsscs_trainable_gate,9,"8,9,10,11",,
0.01,2091677.752091673,0.0048828125,0.0099609375,1024,10240,102,102,449,conservative_topk_strict_gt,IPIX_Dartmouth,19931107_135603_starea.cdf,33,19931107_135603_starea.cdf#33,tpsscs_trainable_gate,9,"8,9,10,11",,
1e-05,,0.0,0.0,1024,10240,0,0,13,residual_cfar_plus_zero_false_gate_union,IPIX_Dartmouth,19931107_135603_starea.cdf,33,19931107_135603_starea.cdf#33,tpsscs_finished_detector,9,"8,9,10,11",11581658.093703682,86821173.76698577
3e-05,,0.0,0.0,1024,10240,0,0,13,residual_cfar_plus_zero_false_gate_union,IPIX_Dartmouth,19931107_135603_starea.cdf,33,19931107_135603_starea.cdf#33,tpsscs_finished_detector,9,"8,9,10,11",11581658.093703682,86821173.76698577
0.0001,,0.0,9.765625e-05,1024,10240,1,1,14,residual_cfar_plus_zero_false_gate_union,IPIX_Dartmouth,19931107_135603_starea.cdf,33,19931107_135603_starea.cdf#33,tpsscs_finished_detector,9,"8,9,10,11",6358185.838705674,86821173.76698577
0.0003,,0.0,0.00029296875,1024,10240,3,3,16,residual_cfar_plus_zero_false_gate_union,IPIX_Dartmouth,19931107_135603_starea.cdf,33,19931107_135603_starea.cdf#33,tpsscs_finished_detector,9,"8,9,10,11",1374400.6317075186,86821173.76698577
0.001,,0.0,0.0009765625,1024,10240,10,10,23,residual_cfar_plus_zero_false_gate_union,IPIX_Dartmouth,19931107_135603_starea.cdf,33,19931107_135603_starea.cdf#33,tpsscs_finished_detector,9,"8,9,10,11",922630.4664733753,86821173.76698577
0.003,,0.0,0.0029296875,1024,10240,30,30,46,residual_cfar_plus_zero_false_gate_union,IPIX_Dartmouth,19931107_135603_starea.cdf,33,19931107_135603_starea.cdf#33,tpsscs_finished_detector,9,"8,9,10,11",610840.3846448811,86821173.76698577
0.01,,0.0,0.0099609375,1024,10240,102,102,168,residual_cfar_plus_zero_false_gate_union,IPIX_Dartmouth,19931107_135603_starea.cdf,33,19931107_135603_starea.cdf#33,tpsscs_finished_detector,9,"8,9,10,11",308481.06088090874,86821173.76698577
1e-05,1159559523.101356,0.0,0.0,1024,10240,0,0,0,conservative_topk_strict_gt,IPIX_Dartmouth,19931107_135603_starea.cdf,34,19931107_135603_starea.cdf#34,raw,9,"8,9,10,11",,
3e-05,1159559523.101356,0.0,0.0,1024,10240,0,0,0,conservative_topk_strict_gt,IPIX_Dartmouth,19931107_135603_starea.cdf,34,19931107_135603_starea.cdf#34,raw,9,"8,9,10,11",,
0.0001,893933244.9996976,0.0,9.765625e-05,1024,10240,1,1,1,conservative_topk_strict_gt,IPIX_Dartmouth,19931107_135603_starea.cdf,34,19931107_135603_starea.cdf#34,raw,9,"8,9,10,11",,
0.0003,685087045.4784765,0.0,0.00029296875,1024,10240,3,3,3,conservative_topk_strict_gt,IPIX_Dartmouth,19931107_135603_starea.cdf,34,19931107_135603_starea.cdf#34,raw,9,"8,9,10,11",,
0.001,450074821.6298073,0.0,0.0009765625,1024,10240,10,10,14,conservative_topk_strict_gt,IPIX_Dartmouth,19931107_135603_starea.cdf,34,19931107_135603_starea.cdf#34,raw,9,"8,9,10,11",,
0.003,310685597.6700045,0.0029296875,0.0029296875,1024,10240,30,30,47,conservative_topk_strict_gt,IPIX_Dartmouth,19931107_135603_starea.cdf,34,19931107_135603_starea.cdf#34,raw,9,"8,9,10,11",,
0.01,153474518.7919526,0.0224609375,0.0099609375,1024,10240,102,102,182,conservative_topk_strict_gt,IPIX_Dartmouth,19931107_135603_starea.cdf,34,19931107_135603_starea.cdf#34,raw,9,"8,9,10,11",,
1e-05,1583455.930990611,0.0,0.0,1024,10240,0,0,0,conservative_topk_strict_gt,IPIX_Dartmouth,19931107_135603_starea.cdf,34,19931107_135603_starea.cdf#34,low_rank_residual_k30,9,"8,9,10,11",,
3e-05,1583455.930990611,0.0,0.0,1024,10240,0,0,0,conservative_topk_strict_gt,IPIX_Dartmouth,19931107_135603_starea.cdf,34,19931107_135603_starea.cdf#34,low_rank_residual_k30,9,"8,9,10,11",,
0.0001,1574208.5762323856,0.0,9.765625e-05,1024,10240,1,1,1,conservative_topk_strict_gt,IPIX_Dartmouth,19931107_135603_starea.cdf,34,19931107_135603_starea.cdf#34,low_rank_residual_k30,9,"8,9,10,11",,
0.0003,1479752.191396562,0.0,0.00029296875,1024,10240,3,3,3,conservative_topk_strict_gt,IPIX_Dartmouth,19931107_135603_starea.cdf,34,19931107_135603_starea.cdf#34,low_rank_residual_k30,9,"8,9,10,11",,
0.001,1213064.6860323641,0.0,0.0009765625,1024,10240,10,10,10,conservative_topk_strict_gt,IPIX_Dartmouth,19931107_135603_starea.cdf,34,19931107_135603_starea.cdf#34,low_rank_residual_k30,9,"8,9,10,11",,
0.003,911239.9399013267,0.0,0.0029296875,1024,10240,30,30,33,conservative_topk_strict_gt,IPIX_Dartmouth,19931107_135603_starea.cdf,34,19931107_135603_starea.cdf#34,low_rank_residual_k30,9,"8,9,10,11",,
0.01,578922.6962483624,0.0009765625,0.0099609375,1024,10240,102,102,123,conservative_topk_strict_gt,IPIX_Dartmouth,19931107_135603_starea.cdf,34,19931107_135603_starea.cdf#34,low_rank_residual_k30,9,"8,9,10,11",,
1e-05,434984643.66221875,0.0,0.0,1024,10240,0,0,0,conservative_topk_strict_gt,IPIX_Dartmouth,19931107_135603_starea.cdf,34,19931107_135603_starea.cdf#34,tpsscs_trainable_gate,9,"8,9,10,11",,
3e-05,434984643.66221875,0.0,0.0,1024,10240,0,0,0,conservative_topk_strict_gt,IPIX_Dartmouth,19931107_135603_starea.cdf,34,19931107_135603_starea.cdf#34,tpsscs_trainable_gate,9,"8,9,10,11",,
0.0001,305902518.9278123,0.0,9.765625e-05,1024,10240,1,1,3,conservative_topk_strict_gt,IPIX_Dartmouth,19931107_135603_starea.cdf,34,19931107_135603_starea.cdf#34,tpsscs_trainable_gate,9,"8,9,10,11",,
0.0003,252121788.5399638,0.0,0.00029296875,1024,10240,3,3,6,conservative_topk_strict_gt,IPIX_Dartmouth,19931107_135603_starea.cdf,34,19931107_135603_starea.cdf#34,tpsscs_trainable_gate,9,"8,9,10,11",,
0.001,187577367.96663257,0.0,0.0009765625,1024,10240,10,10,13,conservative_topk_strict_gt,IPIX_Dartmouth,19931107_135603_starea.cdf,34,19931107_135603_starea.cdf#34,tpsscs_trainable_gate,9,"8,9,10,11",,
0.003,69657664.65510763,0.0,0.0029296875,1024,10240,30,30,34,conservative_topk_strict_gt,IPIX_Dartmouth,19931107_135603_starea.cdf,34,19931107_135603_starea.cdf#34,tpsscs_trainable_gate,9,"8,9,10,11",,
0.01,25613481.910109594,0.0,0.0099609375,1024,10240,102,102,117,conservative_topk_strict_gt,IPIX_Dartmouth,19931107_135603_starea.cdf,34,19931107_135603_starea.cdf#34,tpsscs_trainable_gate,9,"8,9,10,11",,
1e-05,,0.0,0.0,1024,10240,0,0,0,residual_cfar_plus_zero_false_gate_union,IPIX_Dartmouth,19931107_135603_starea.cdf,34,19931107_135603_starea.cdf#34,tpsscs_finished_detector,9,"8,9,10,11",1583455.9309906093,434984643.66221875
3e-05,,0.0,0.0,1024,10240,0,0,0,residual_cfar_plus_zero_false_gate_union,IPIX_Dartmouth,19931107_135603_starea.cdf,34,19931107_135603_starea.cdf#34,tpsscs_finished_detector,9,"8,9,10,11",1583455.9309906093,434984643.66221875
0.0001,,0.0,9.765625e-05,1024,10240,1,1,1,residual_cfar_plus_zero_false_gate_union,IPIX_Dartmouth,19931107_135603_starea.cdf,34,19931107_135603_starea.cdf#34,tpsscs_finished_detector,9,"8,9,10,11",1574208.5762323923,434984643.66221875
0.0003,,0.0,0.00029296875,1024,10240,3,3,3,residual_cfar_plus_zero_false_gate_union,IPIX_Dartmouth,19931107_135603_starea.cdf,34,19931107_135603_starea.cdf#34,tpsscs_finished_detector,9,"8,9,10,11",1479752.1913965608,434984643.66221875
0.001,,0.0,0.0009765625,1024,10240,10,10,10,residual_cfar_plus_zero_false_gate_union,IPIX_Dartmouth,19931107_135603_starea.cdf,34,19931107_135603_starea.cdf#34,tpsscs_finished_detector,9,"8,9,10,11",1213064.6860323758,434984643.66221875
0.003,,0.0,0.0029296875,1024,10240,30,30,33,residual_cfar_plus_zero_false_gate_union,IPIX_Dartmouth,19931107_135603_starea.cdf,34,19931107_135603_starea.cdf#34,tpsscs_finished_detector,9,"8,9,10,11",911239.9399013225,434984643.66221875
0.01,,0.0009765625,0.0099609375,1024,10240,102,102,123,residual_cfar_plus_zero_false_gate_union,IPIX_Dartmouth,19931107_135603_starea.cdf,34,19931107_135603_starea.cdf#34,tpsscs_finished_detector,9,"8,9,10,11",578922.6962483666,434984643.66221875
1e-05,627568721.2406018,0.0009765625,0.0,1024,10240,0,0,1,conservative_topk_strict_gt,IPIX_Dartmouth,19931107_135603_starea.cdf,35,19931107_135603_starea.cdf#35,raw,9,"8,9,10,11",,
3e-05,627568721.2406018,0.0009765625,0.0,1024,10240,0,0,1,conservative_topk_strict_gt,IPIX_Dartmouth,19931107_135603_starea.cdf,35,19931107_135603_starea.cdf#35,raw,9,"8,9,10,11",,
0.0001,625092925.6171774,0.0009765625,9.765625e-05,1024,10240,1,1,2,conservative_topk_strict_gt,IPIX_Dartmouth,19931107_135603_starea.cdf,35,19931107_135603_starea.cdf#35,raw,9,"8,9,10,11",,
0.0003,577273824.5501719,0.001953125,0.00029296875,1024,10240,3,3,6,conservative_topk_strict_gt,IPIX_Dartmouth,19931107_135603_starea.cdf,35,19931107_135603_starea.cdf#35,raw,9,"8,9,10,11",,
0.001,434477078.359589,0.0078125,0.0009765625,1024,10240,10,10,23,conservative_topk_strict_gt,IPIX_Dartmouth,19931107_135603_starea.cdf,35,19931107_135603_starea.cdf#35,raw,9,"8,9,10,11",,
0.003,316072821.30979484,0.0244140625,0.0029296875,1024,10240,30,30,73,conservative_topk_strict_gt,IPIX_Dartmouth,19931107_135603_starea.cdf,35,19931107_135603_starea.cdf#35,raw,9,"8,9,10,11",,
0.01,169076084.6253745,0.046875,0.0099609375,1024,10240,102,102,205,conservative_topk_strict_gt,IPIX_Dartmouth,19931107_135603_starea.cdf,35,19931107_135603_starea.cdf#35,raw,9,"8,9,10,11",,
1e-05,6270932.664569031,0.0,0.0,1024,10240,0,0,0,conservative_topk_strict_gt,IPIX_Dartmouth,19931107_135603_starea.cdf,35,19931107_135603_starea.cdf#35,low_rank_residual_k30,9,"8,9,10,11",,
3e-05,6270932.664569031,0.0,0.0,1024,10240,0,0,0,conservative_topk_strict_gt,IPIX_Dartmouth,19931107_135603_starea.cdf,35,19931107_135603_starea.cdf#35,low_rank_residual_k30,9,"8,9,10,11",,
0.0001,5487874.254463447,0.0,9.765625e-05,1024,10240,1,1,1,conservative_topk_strict_gt,IPIX_Dartmouth,19931107_135603_starea.cdf,35,19931107_135603_starea.cdf#35,low_rank_residual_k30,9,"8,9,10,11",,
0.0003,5177291.886763127,0.0,0.00029296875,1024,10240,3,3,3,conservative_topk_strict_gt,IPIX_Dartmouth,19931107_135603_starea.cdf,35,19931107_135603_starea.cdf#35,low_rank_residual_k30,9,"8,9,10,11",,
0.001,3328900.034577489,0.0,0.0009765625,1024,10240,10,10,10,conservative_topk_strict_gt,IPIX_Dartmouth,19931107_135603_starea.cdf,35,19931107_135603_starea.cdf#35,low_rank_residual_k30,9,"8,9,10,11",,
0.003,2679283.754933576,0.0,0.0029296875,1024,10240,30,30,30,conservative_topk_strict_gt,IPIX_Dartmouth,19931107_135603_starea.cdf,35,19931107_135603_starea.cdf#35,low_rank_residual_k30,9,"8,9,10,11",,
0.01,1736731.2433356433,0.0,0.0099609375,1024,10240,102,102,102,conservative_topk_strict_gt,IPIX_Dartmouth,19931107_135603_starea.cdf,35,19931107_135603_starea.cdf#35,low_rank_residual_k30,9,"8,9,10,11",,
1e-05,361353179.8949098,0.0,0.0,1024,10240,0,0,0,conservative_topk_strict_gt,IPIX_Dartmouth,19931107_135603_starea.cdf,35,19931107_135603_starea.cdf#35,tpsscs_trainable_gate,9,"8,9,10,11",,
3e-05,361353179.8949098,0.0,0.0,1024,10240,0,0,0,conservative_topk_strict_gt,IPIX_Dartmouth,19931107_135603_starea.cdf,35,19931107_135603_starea.cdf#35,tpsscs_trainable_gate,9,"8,9,10,11",,
0.0001,358288837.7831603,0.0,9.765625e-05,1024,10240,1,1,1,conservative_topk_strict_gt,IPIX_Dartmouth,19931107_135603_starea.cdf,35,19931107_135603_starea.cdf#35,tpsscs_trainable_gate,9,"8,9,10,11",,
0.0003,270751912.26972306,0.0,0.00029296875,1024,10240,3,3,3,conservative_topk_strict_gt,IPIX_Dartmouth,19931107_135603_starea.cdf,35,19931107_135603_starea.cdf#35,tpsscs_trainable_gate,9,"8,9,10,11",,
0.001,123126548.53539523,0.0,0.0009765625,1024,10240,10,10,11,conservative_topk_strict_gt,IPIX_Dartmouth,19931107_135603_starea.cdf,35,19931107_135603_starea.cdf#35,tpsscs_trainable_gate,9,"8,9,10,11",,
0.003,61553501.07975353,0.0,0.0029296875,1024,10240,30,30,31,conservative_topk_strict_gt,IPIX_Dartmouth,19931107_135603_starea.cdf,35,19931107_135603_starea.cdf#35,tpsscs_trainable_gate,9,"8,9,10,11",,
0.01,19642226.573143262,0.0009765625,0.0099609375,1024,10240,102,102,108,conservative_topk_strict_gt,IPIX_Dartmouth,19931107_135603_starea.cdf,35,19931107_135603_starea.cdf#35,tpsscs_trainable_gate,9,"8,9,10,11",,
1e-05,,0.0,0.0,1024,10240,0,0,0,residual_cfar_plus_zero_false_gate_union,IPIX_Dartmouth,19931107_135603_starea.cdf,35,19931107_135603_starea.cdf#35,tpsscs_finished_detector,9,"8,9,10,11",6270932.664569,361353179.8949098
3e-05,,0.0,0.0,1024,10240,0,0,0,residual_cfar_plus_zero_false_gate_union,IPIX_Dartmouth,19931107_135603_starea.cdf,35,19931107_135603_starea.cdf#35,tpsscs_finished_detector,9,"8,9,10,11",6270932.664569,361353179.8949098
0.0001,,0.0,9.765625e-05,1024,10240,1,1,1,residual_cfar_plus_zero_false_gate_union,IPIX_Dartmouth,19931107_135603_starea.cdf,35,19931107_135603_starea.cdf#35,tpsscs_finished_detector,9,"8,9,10,11",5487874.254463429,361353179.8949098
0.0003,,0.0,0.00029296875,1024,10240,3,3,3,residual_cfar_plus_zero_false_gate_union,IPIX_Dartmouth,19931107_135603_starea.cdf,35,19931107_135603_starea.cdf#35,tpsscs_finished_detector,9,"8,9,10,11",5177291.886763137,361353179.8949098
0.001,,0.0,0.0009765625,1024,10240,10,10,10,residual_cfar_plus_zero_false_gate_union,IPIX_Dartmouth,19931107_135603_starea.cdf,35,19931107_135603_starea.cdf#35,tpsscs_finished_detector,9,"8,9,10,11",3328900.0345775033,361353179.8949098
0.003,,0.0,0.0029296875,1024,10240,30,30,30,residual_cfar_plus_zero_false_gate_union,IPIX_Dartmouth,19931107_135603_starea.cdf,35,19931107_135603_starea.cdf#35,tpsscs_finished_detector,9,"8,9,10,11",2679283.754933585,361353179.8949098
0.01,,0.0,0.0099609375,1024,10240,102,102,102,residual_cfar_plus_zero_false_gate_union,IPIX_Dartmouth,19931107_135603_starea.cdf,35,19931107_135603_starea.cdf#35,tpsscs_finished_detector,9,"8,9,10,11",1736731.2433356312,361353179.8949098
1e-05,959793570.3266516,0.009765625,0.0,1024,10240,0,0,47,conservative_topk_strict_gt,IPIX_Dartmouth,19931107_135603_starea.cdf,36,19931107_135603_starea.cdf#36,raw,9,"8,9,10,11",,
3e-05,959793570.3266516,0.009765625,0.0,1024,10240,0,0,47,conservative_topk_strict_gt,IPIX_Dartmouth,19931107_135603_starea.cdf,36,19931107_135603_starea.cdf#36,raw,9,"8,9,10,11",,
0.0001,829662392.7390515,0.01171875,9.765625e-05,1024,10240,1,1,50,conservative_topk_strict_gt,IPIX_Dartmouth,19931107_135603_starea.cdf,36,19931107_135603_starea.cdf#36,raw,9,"8,9,10,11",,
0.0003,740977513.0088578,0.0126953125,0.00029296875,1024,10240,3,3,56,conservative_topk_strict_gt,IPIX_Dartmouth,19931107_135603_starea.cdf,36,19931107_135603_starea.cdf#36,raw,9,"8,9,10,11",,
0.001,545546024.7314383,0.015625,0.0009765625,1024,10240,10,10,78,conservative_topk_strict_gt,IPIX_Dartmouth,19931107_135603_starea.cdf,36,19931107_135603_starea.cdf#36,raw,9,"8,9,10,11",,
0.003,358009163.4225176,0.0205078125,0.0029296875,1024,10240,30,30,114,conservative_topk_strict_gt,IPIX_Dartmouth,19931107_135603_starea.cdf,36,19931107_135603_starea.cdf#36,raw,9,"8,9,10,11",,
0.01,141033640.6914581,0.0419921875,0.0099609375,1024,10240,102,102,255,conservative_topk_strict_gt,IPIX_Dartmouth,19931107_135603_starea.cdf,36,19931107_135603_starea.cdf#36,raw,9,"8,9,10,11",,
1e-05,6037740.347991423,0.0,0.0,1024,10240,0,0,0,conservative_topk_strict_gt,IPIX_Dartmouth,19931107_135603_starea.cdf,36,19931107_135603_starea.cdf#36,low_rank_residual_k30,9,"8,9,10,11",,
3e-05,6037740.347991423,0.0,0.0,1024,10240,0,0,0,conservative_topk_strict_gt,IPIX_Dartmouth,19931107_135603_starea.cdf,36,19931107_135603_starea.cdf#36,low_rank_residual_k30,9,"8,9,10,11",,
0.0001,4208512.010862888,0.0,9.765625e-05,1024,10240,1,1,1,conservative_topk_strict_gt,IPIX_Dartmouth,19931107_135603_starea.cdf,36,19931107_135603_starea.cdf#36,low_rank_residual_k30,9,"8,9,10,11",,
0.0003,3053789.1822287207,0.0,0.00029296875,1024,10240,3,3,3,conservative_topk_strict_gt,IPIX_Dartmouth,19931107_135603_starea.cdf,36,19931107_135603_starea.cdf#36,low_rank_residual_k30,9,"8,9,10,11",,
0.001,2553375.215693659,0.0,0.0009765625,1024,10240,10,10,10,conservative_topk_strict_gt,IPIX_Dartmouth,19931107_135603_starea.cdf,36,19931107_135603_starea.cdf#36,low_rank_residual_k30,9,"8,9,10,11",,
0.003,2006030.1802873875,0.001953125,0.0029296875,1024,10240,30,30,34,conservative_topk_strict_gt,IPIX_Dartmouth,19931107_135603_starea.cdf,36,19931107_135603_starea.cdf#36,low_rank_residual_k30,9,"8,9,10,11",,
0.01,1462314.1549028882,0.0126953125,0.0099609375,1024,10240,102,102,127,conservative_topk_strict_gt,IPIX_Dartmouth,19931107_135603_starea.cdf,36,19931107_135603_starea.cdf#36,low_rank_residual_k30,9,"8,9,10,11",,
1e-05,552312852.8422302,0.0,0.0,1024,10240,0,0,0,conservative_topk_strict_gt,IPIX_Dartmouth,19931107_135603_starea.cdf,36,19931107_135603_starea.cdf#36,tpsscs_trainable_gate,9,"8,9,10,11",,
3e-05,552312852.8422302,0.0,0.0,1024,10240,0,0,0,conservative_topk_strict_gt,IPIX_Dartmouth,19931107_135603_starea.cdf,36,19931107_135603_starea.cdf#36,tpsscs_trainable_gate,9,"8,9,10,11",,
0.0001,488087702.4903375,0.0,9.765625e-05,1024,10240,1,1,1,conservative_topk_strict_gt,IPIX_Dartmouth,19931107_135603_starea.cdf,36,19931107_135603_starea.cdf#36,tpsscs_trainable_gate,9,"8,9,10,11",,
0.0003,452077231.25933146,0.0,0.00029296875,1024,10240,3,3,3,conservative_topk_strict_gt,IPIX_Dartmouth,19931107_135603_starea.cdf,36,19931107_135603_starea.cdf#36,tpsscs_trainable_gate,9,"8,9,10,11",,
0.001,206251949.00941235,0.0009765625,0.0009765625,1024,10240,10,10,11,conservative_topk_strict_gt,IPIX_Dartmouth,19931107_135603_starea.cdf,36,19931107_135603_starea.cdf#36,tpsscs_trainable_gate,9,"8,9,10,11",,
0.003,100508060.01326503,0.0029296875,0.0029296875,1024,10240,30,30,34,conservative_topk_strict_gt,IPIX_Dartmouth,19931107_135603_starea.cdf,36,19931107_135603_starea.cdf#36,tpsscs_trainable_gate,9,"8,9,10,11",,
0.01,31816157.30409521,0.0107421875,0.0099609375,1024,10240,102,102,118,conservative_topk_strict_gt,IPIX_Dartmouth,19931107_135603_starea.cdf,36,19931107_135603_starea.cdf#36,tpsscs_trainable_gate,9,"8,9,10,11",,
1e-05,,0.0,0.0,1024,10240,0,0,0,residual_cfar_plus_zero_false_gate_union,IPIX_Dartmouth,19931107_135603_starea.cdf,36,19931107_135603_starea.cdf#36,tpsscs_finished_detector,9,"8,9,10,11",6037740.347991449,552312852.8422302
3e-05,,0.0,0.0,1024,10240,0,0,0,residual_cfar_plus_zero_false_gate_union,IPIX_Dartmouth,19931107_135603_starea.cdf,36,19931107_135603_starea.cdf#36,tpsscs_finished_detector,9,"8,9,10,11",6037740.347991449,552312852.8422302
0.0001,,0.0,9.765625e-05,1024,10240,1,1,1,residual_cfar_plus_zero_false_gate_union,IPIX_Dartmouth,19931107_135603_starea.cdf,36,19931107_135603_starea.cdf#36,tpsscs_finished_detector,9,"8,9,10,11",4208512.0108629055,552312852.8422302
0.0003,,0.0,0.00029296875,1024,10240,3,3,3,residual_cfar_plus_zero_false_gate_union,IPIX_Dartmouth,19931107_135603_starea.cdf,36,19931107_135603_starea.cdf#36,tpsscs_finished_detector,9,"8,9,10,11",3053789.182228712,552312852.8422302
0.001,,0.0,0.0009765625,1024,10240,10,10,10,residual_cfar_plus_zero_false_gate_union,IPIX_Dartmouth,19931107_135603_starea.cdf,36,19931107_135603_starea.cdf#36,tpsscs_finished_detector,9,"8,9,10,11",2553375.2156936573,552312852.8422302
0.003,,0.001953125,0.0029296875,1024,10240,30,30,34,residual_cfar_plus_zero_false_gate_union,IPIX_Dartmouth,19931107_135603_starea.cdf,36,19931107_135603_starea.cdf#36,tpsscs_finished_detector,9,"8,9,10,11",2006030.1802873854,552312852.8422302
0.01,,0.0126953125,0.0099609375,1024,10240,102,102,127,residual_cfar_plus_zero_false_gate_union,IPIX_Dartmouth,19931107_135603_starea.cdf,36,19931107_135603_starea.cdf#36,tpsscs_finished_detector,9,"8,9,10,11",1462314.1549028787,552312852.8422302
1e-05,599229900.9406201,0.0,0.0,1024,10240,0,0,0,conservative_topk_strict_gt,IPIX_Dartmouth,19931107_135603_starea.cdf,37,19931107_135603_starea.cdf#37,raw,9,"8,9,10,11",,
3e-05,599229900.9406201,0.0,0.0,1024,10240,0,0,0,conservative_topk_strict_gt,IPIX_Dartmouth,19931107_135603_starea.cdf,37,19931107_135603_starea.cdf#37,raw,9,"8,9,10,11",,
0.0001,567604442.2698135,0.0,9.765625e-05,1024,10240,1,1,1,conservative_topk_strict_gt,IPIX_Dartmouth,19931107_135603_starea.cdf,37,19931107_135603_starea.cdf#37,raw,9,"8,9,10,11",,
0.0003,462170596.4996617,0.0,0.00029296875,1024,10240,3,3,3,conservative_topk_strict_gt,IPIX_Dartmouth,19931107_135603_starea.cdf,37,19931107_135603_starea.cdf#37,raw,9,"8,9,10,11",,
0.001,403405646.6377804,0.0,0.0009765625,1024,10240,10,10,10,conservative_topk_strict_gt,IPIX_Dartmouth,19931107_135603_starea.cdf,37,19931107_135603_starea.cdf#37,raw,9,"8,9,10,11",,
0.003,277095220.92580837,0.0,0.0029296875,1024,10240,30,30,30,conservative_topk_strict_gt,IPIX_Dartmouth,19931107_135603_starea.cdf,37,19931107_135603_starea.cdf#37,raw,9,"8,9,10,11",,
0.01,137133437.94264406,0.0,0.0099609375,1024,10240,102,102,102,conservative_topk_strict_gt,IPIX_Dartmouth,19931107_135603_starea.cdf,37,19931107_135603_starea.cdf#37,raw,9,"8,9,10,11",,
1e-05,114622.07637962703,0.0029296875,0.0,1024,10240,0,0,4,conservative_topk_strict_gt,IPIX_Dartmouth,19931107_135603_starea.cdf,37,19931107_135603_starea.cdf#37,low_rank_residual_k30,9,"8,9,10,11",,
3e-05,114622.07637962703,0.0029296875,0.0,1024,10240,0,0,4,conservative_topk_strict_gt,IPIX_Dartmouth,19931107_135603_starea.cdf,37,19931107_135603_starea.cdf#37,low_rank_residual_k30,9,"8,9,10,11",,
0.0001,86310.70932714675,0.00390625,9.765625e-05,1024,10240,1,1,7,conservative_topk_strict_gt,IPIX_Dartmouth,19931107_135603_starea.cdf,37,19931107_135603_starea.cdf#37,low_rank_residual_k30,9,"8,9,10,11",,
0.0003,84183.45801153884,0.00390625,0.00029296875,1024,10240,3,3,9,conservative_topk_strict_gt,IPIX_Dartmouth,19931107_135603_starea.cdf,37,19931107_135603_starea.cdf#37,low_rank_residual_k30,9,"8,9,10,11",,
0.001,65041.19532937916,0.0048828125,0.0009765625,1024,10240,10,10,18,conservative_topk_strict_gt,IPIX_Dartmouth,19931107_135603_starea.cdf,37,19931107_135603_starea.cdf#37,low_rank_residual_k30,9,"8,9,10,11",,
0.003,43645.27676449549,0.0126953125,0.0029296875,1024,10240,30,30,54,conservative_topk_strict_gt,IPIX_Dartmouth,19931107_135603_starea.cdf,37,19931107_135603_starea.cdf#37,low_rank_residual_k30,9,"8,9,10,11",,
0.01,21219.277779403597,0.03125,0.0099609375,1024,10240,102,102,171,conservative_topk_strict_gt,IPIX_Dartmouth,19931107_135603_starea.cdf,37,19931107_135603_starea.cdf#37,low_rank_residual_k30,9,"8,9,10,11",,
1e-05,448017612.39298916,0.0,0.0,1024,10240,0,0,0,conservative_topk_strict_gt,IPIX_Dartmouth,19931107_135603_starea.cdf,37,19931107_135603_starea.cdf#37,tpsscs_trainable_gate,9,"8,9,10,11",,
3e-05,448017612.39298916,0.0,0.0,1024,10240,0,0,0,conservative_topk_strict_gt,IPIX_Dartmouth,19931107_135603_starea.cdf,37,19931107_135603_starea.cdf#37,tpsscs_trainable_gate,9,"8,9,10,11",,
0.0001,284083049.99816227,0.0,9.765625e-05,1024,10240,1,1,1,conservative_topk_strict_gt,IPIX_Dartmouth,19931107_135603_starea.cdf,37,19931107_135603_starea.cdf#37,tpsscs_trainable_gate,9,"8,9,10,11",,
0.0003,270659325.78719264,0.0,0.00029296875,1024,10240,3,3,3,conservative_topk_strict_gt,IPIX_Dartmouth,19931107_135603_starea.cdf,37,19931107_135603_starea.cdf#37,tpsscs_trainable_gate,9,"8,9,10,11",,
0.001,139656513.80806646,0.0,0.0009765625,1024,10240,10,10,10,conservative_topk_strict_gt,IPIX_Dartmouth,19931107_135603_starea.cdf,37,19931107_135603_starea.cdf#37,tpsscs_trainable_gate,9,"8,9,10,11",,
0.003,54052398.28565245,0.0,0.0029296875,1024,10240,30,30,30,conservative_topk_strict_gt,IPIX_Dartmouth,19931107_135603_starea.cdf,37,19931107_135603_starea.cdf#37,tpsscs_trainable_gate,9,"8,9,10,11",,
0.01,21378533.52988982,0.0,0.0099609375,1024,10240,102,102,102,conservative_topk_strict_gt,IPIX_Dartmouth,19931107_135603_starea.cdf,37,19931107_135603_starea.cdf#37,tpsscs_trainable_gate,9,"8,9,10,11",,
1e-05,,0.0029296875,0.0,1024,10240,0,0,4,residual_cfar_plus_zero_false_gate_union,IPIX_Dartmouth,19931107_135603_starea.cdf,37,19931107_135603_starea.cdf#37,tpsscs_finished_detector,9,"8,9,10,11",114622.07637962801,448017612.39298916
3e-05,,0.0029296875,0.0,1024,10240,0,0,4,residual_cfar_plus_zero_false_gate_union,IPIX_Dartmouth,19931107_135603_starea.cdf,37,19931107_135603_starea.cdf#37,tpsscs_finished_detector,9,"8,9,10,11",114622.07637962801,448017612.39298916
0.0001,,0.00390625,9.765625e-05,1024,10240,1,1,7,residual_cfar_plus_zero_false_gate_union,IPIX_Dartmouth,19931107_135603_starea.cdf,37,19931107_135603_starea.cdf#37,tpsscs_finished_detector,9,"8,9,10,11",86310.70932714696,448017612.39298916
0.0003,,0.00390625,0.00029296875,1024,10240,3,3,9,residual_cfar_plus_zero_false_gate_union,IPIX_Dartmouth,19931107_135603_starea.cdf,37,19931107_135603_starea.cdf#37,tpsscs_finished_detector,9,"8,9,10,11",84183.45801153939,448017612.39298916
0.001,,0.0048828125,0.0009765625,1024,10240,10,10,18,residual_cfar_plus_zero_false_gate_union,IPIX_Dartmouth,19931107_135603_starea.cdf,37,19931107_135603_starea.cdf#37,tpsscs_finished_detector,9,"8,9,10,11",65041.19532937878,448017612.39298916
0.003,,0.0126953125,0.0029296875,1024,10240,30,30,54,residual_cfar_plus_zero_false_gate_union,IPIX_Dartmouth,19931107_135603_starea.cdf,37,19931107_135603_starea.cdf#37,tpsscs_finished_detector,9,"8,9,10,11",43645.27676449457,448017612.39298916
0.01,,0.03125,0.0099609375,1024,10240,102,102,171,residual_cfar_plus_zero_false_gate_union,IPIX_Dartmouth,19931107_135603_starea.cdf,37,19931107_135603_starea.cdf#37,tpsscs_finished_detector,9,"8,9,10,11",21219.277779403288,448017612.39298916
1e-05,639046759.3127224,0.0,0.0,1024,10240,0,0,0,conservative_topk_strict_gt,IPIX_Dartmouth,19931107_135603_starea.cdf,38,19931107_135603_starea.cdf#38,raw,9,"8,9,10,11",,
3e-05,639046759.3127224,0.0,0.0,1024,10240,0,0,0,conservative_topk_strict_gt,IPIX_Dartmouth,19931107_135603_starea.cdf,38,19931107_135603_starea.cdf#38,raw,9,"8,9,10,11",,
0.0001,496266832.6498926,0.0,9.765625e-05,1024,10240,1,1,1,conservative_topk_strict_gt,IPIX_Dartmouth,19931107_135603_starea.cdf,38,19931107_135603_starea.cdf#38,raw,9,"8,9,10,11",,
0.0003,415440199.3369561,0.0,0.00029296875,1024,10240,3,3,3,conservative_topk_strict_gt,IPIX_Dartmouth,19931107_135603_starea.cdf,38,19931107_135603_starea.cdf#38,raw,9,"8,9,10,11",,
0.001,309010991.85775346,0.0,0.0009765625,1024,10240,10,10,10,conservative_topk_strict_gt,IPIX_Dartmouth,19931107_135603_starea.cdf,38,19931107_135603_starea.cdf#38,raw,9,"8,9,10,11",,
0.003,242543159.83624452,0.0,0.0029296875,1024,10240,30,30,32,conservative_topk_strict_gt,IPIX_Dartmouth,19931107_135603_starea.cdf,38,19931107_135603_starea.cdf#38,raw,9,"8,9,10,11",,
0.01,156557650.51283428,0.0,0.0099609375,1024,10240,102,102,109,conservative_topk_strict_gt,IPIX_Dartmouth,19931107_135603_starea.cdf,38,19931107_135603_starea.cdf#38,raw,9,"8,9,10,11",,
1e-05,180978.07686535377,0.0,0.0,1024,10240,0,0,0,conservative_topk_strict_gt,IPIX_Dartmouth,19931107_135603_starea.cdf,38,19931107_135603_starea.cdf#38,low_rank_residual_k30,9,"8,9,10,11",,
3e-05,180978.07686535377,0.0,0.0,1024,10240,0,0,0,conservative_topk_strict_gt,IPIX_Dartmouth,19931107_135603_starea.cdf,38,19931107_135603_starea.cdf#38,low_rank_residual_k30,9,"8,9,10,11",,
0.0001,167821.70087934675,0.0,9.765625e-05,1024,10240,1,1,1,conservative_topk_strict_gt,IPIX_Dartmouth,19931107_135603_starea.cdf,38,19931107_135603_starea.cdf#38,low_rank_residual_k30,9,"8,9,10,11",,
0.0003,135557.89957143745,0.0,0.00029296875,1024,10240,3,3,5,conservative_topk_strict_gt,IPIX_Dartmouth,19931107_135603_starea.cdf,38,19931107_135603_starea.cdf#38,low_rank_residual_k30,9,"8,9,10,11",,
0.001,85437.43878100289,0.0,0.0009765625,1024,10240,10,10,12,conservative_topk_strict_gt,IPIX_Dartmouth,19931107_135603_starea.cdf,38,19931107_135603_starea.cdf#38,low_rank_residual_k30,9,"8,9,10,11",,
0.003,63243.965860856115,0.0009765625,0.0029296875,1024,10240,30,30,35,conservative_topk_strict_gt,IPIX_Dartmouth,19931107_135603_starea.cdf,38,19931107_135603_starea.cdf#38,low_rank_residual_k30,9,"8,9,10,11",,
0.01,35891.485385197964,0.001953125,0.0099609375,1024,10240,102,102,129,conservative_topk_strict_gt,IPIX_Dartmouth,19931107_135603_starea.cdf,38,19931107_135603_starea.cdf#38,low_rank_residual_k30,9,"8,9,10,11",,
1e-05,637278128.7966124,0.0,0.0,1024,10240,0,0,0,conservative_topk_strict_gt,IPIX_Dartmouth,19931107_135603_starea.cdf,38,19931107_135603_starea.cdf#38,tpsscs_trainable_gate,9,"8,9,10,11",,
3e-05,637278128.7966124,0.0,0.0,1024,10240,0,0,0,conservative_topk_strict_gt,IPIX_Dartmouth,19931107_135603_starea.cdf,38,19931107_135603_starea.cdf#38,tpsscs_trainable_gate,9,"8,9,10,11",,
0.0001,447679810.2042874,0.0,9.765625e-05,1024,10240,1,1,1,conservative_topk_strict_gt,IPIX_Dartmouth,19931107_135603_starea.cdf,38,19931107_135603_starea.cdf#38,tpsscs_trainable_gate,9,"8,9,10,11",,
0.0003,228773781.3422824,0.0,0.00029296875,1024,10240,3,3,3,conservative_topk_strict_gt,IPIX_Dartmouth,19931107_135603_starea.cdf,38,19931107_135603_starea.cdf#38,tpsscs_trainable_gate,9,"8,9,10,11",,
0.001,144374500.1143183,0.0,0.0009765625,1024,10240,10,10,10,conservative_topk_strict_gt,IPIX_Dartmouth,19931107_135603_starea.cdf,38,19931107_135603_starea.cdf#38,tpsscs_trainable_gate,9,"8,9,10,11",,
0.003,69761363.46974672,0.0,0.0029296875,1024,10240,30,30,38,conservative_topk_strict_gt,IPIX_Dartmouth,19931107_135603_starea.cdf,38,19931107_135603_starea.cdf#38,tpsscs_trainable_gate,9,"8,9,10,11",,
0.01,13677588.97366784,0.0,0.0099609375,1024,10240,102,102,202,conservative_topk_strict_gt,IPIX_Dartmouth,19931107_135603_starea.cdf,38,19931107_135603_starea.cdf#38,tpsscs_trainable_gate,9,"8,9,10,11",,
1e-05,,0.0,0.0,1024,10240,0,0,0,residual_cfar_plus_zero_false_gate_union,IPIX_Dartmouth,19931107_135603_starea.cdf,38,19931107_135603_starea.cdf#38,tpsscs_finished_detector,9,"8,9,10,11",180978.07686535252,637278128.7966124
3e-05,,0.0,0.0,1024,10240,0,0,0,residual_cfar_plus_zero_false_gate_union,IPIX_Dartmouth,19931107_135603_starea.cdf,38,19931107_135603_starea.cdf#38,tpsscs_finished_detector,9,"8,9,10,11",180978.07686535252,637278128.7966124
0.0001,,0.0,9.765625e-05,1024,10240,1,1,1,residual_cfar_plus_zero_false_gate_union,IPIX_Dartmouth,19931107_135603_starea.cdf,38,19931107_135603_starea.cdf#38,tpsscs_finished_detector,9,"8,9,10,11",167821.70087934664,637278128.7966124
0.0003,,0.0,0.00029296875,1024,10240,3,3,5,residual_cfar_plus_zero_false_gate_union,IPIX_Dartmouth,19931107_135603_starea.cdf,38,19931107_135603_starea.cdf#38,tpsscs_finished_detector,9,"8,9,10,11",135557.8995714383,637278128.7966124
0.001,,0.0,0.0009765625,1024,10240,10,10,12,residual_cfar_plus_zero_false_gate_union,IPIX_Dartmouth,19931107_135603_starea.cdf,38,19931107_135603_starea.cdf#38,tpsscs_finished_detector,9,"8,9,10,11",85437.43878100289,637278128.7966124
0.003,,0.0009765625,0.0029296875,1024,10240,30,30,35,residual_cfar_plus_zero_false_gate_union,IPIX_Dartmouth,19931107_135603_starea.cdf,38,19931107_135603_starea.cdf#38,tpsscs_finished_detector,9,"8,9,10,11",63243.96586085523,637278128.7966124
0.01,,0.001953125,0.0099609375,1024,10240,102,102,129,residual_cfar_plus_zero_false_gate_union,IPIX_Dartmouth,19931107_135603_starea.cdf,38,19931107_135603_starea.cdf#38,tpsscs_finished_detector,9,"8,9,10,11",35891.48538519815,637278128.7966124
1e-05,645903802.6989197,0.0,0.0,1024,10240,0,0,0,conservative_topk_strict_gt,IPIX_Dartmouth,19931107_135603_starea.cdf,39,19931107_135603_starea.cdf#39,raw,9,"8,9,10,11",,
3e-05,645903802.6989197,0.0,0.0,1024,10240,0,0,0,conservative_topk_strict_gt,IPIX_Dartmouth,19931107_135603_starea.cdf,39,19931107_135603_starea.cdf#39,raw,9,"8,9,10,11",,
0.0001,605275589.5036044,0.0,9.765625e-05,1024,10240,1,1,1,conservative_topk_strict_gt,IPIX_Dartmouth,19931107_135603_starea.cdf,39,19931107_135603_starea.cdf#39,raw,9,"8,9,10,11",,
0.0003,532159307.65821445,0.0,0.00029296875,1024,10240,3,3,3,conservative_topk_strict_gt,IPIX_Dartmouth,19931107_135603_starea.cdf,39,19931107_135603_starea.cdf#39,raw,9,"8,9,10,11",,
0.001,391585664.1904964,0.0,0.0009765625,1024,10240,10,10,15,conservative_topk_strict_gt,IPIX_Dartmouth,19931107_135603_starea.cdf,39,19931107_135603_starea.cdf#39,raw,9,"8,9,10,11",,
0.003,299382155.42572767,0.0,0.0029296875,1024,10240,30,30,38,conservative_topk_strict_gt,IPIX_Dartmouth,19931107_135603_starea.cdf,39,19931107_135603_starea.cdf#39,raw,9,"8,9,10,11",,
0.01,141169577.70733163,0.0,0.0099609375,1024,10240,102,102,148,conservative_topk_strict_gt,IPIX_Dartmouth,19931107_135603_starea.cdf,39,19931107_135603_starea.cdf#39,raw,9,"8,9,10,11",,
1e-05,1529578.4605339922,0.0,0.0,1024,10240,0,0,0,conservative_topk_strict_gt,IPIX_Dartmouth,19931107_135603_starea.cdf,39,19931107_135603_starea.cdf#39,low_rank_residual_k30,9,"8,9,10,11",,
3e-05,1529578.4605339922,0.0,0.0,1024,10240,0,0,0,conservative_topk_strict_gt,IPIX_Dartmouth,19931107_135603_starea.cdf,39,19931107_135603_starea.cdf#39,low_rank_residual_k30,9,"8,9,10,11",,
0.0001,757146.0085399874,0.0,9.765625e-05,1024,10240,1,1,1,conservative_topk_strict_gt,IPIX_Dartmouth,19931107_135603_starea.cdf,39,19931107_135603_starea.cdf#39,low_rank_residual_k30,9,"8,9,10,11",,
0.0003,612712.3464045052,0.0,0.00029296875,1024,10240,3,3,3,conservative_topk_strict_gt,IPIX_Dartmouth,19931107_135603_starea.cdf,39,19931107_135603_starea.cdf#39,low_rank_residual_k30,9,"8,9,10,11",,
0.001,415211.744681392,0.0,0.0009765625,1024,10240,10,10,10,conservative_topk_strict_gt,IPIX_Dartmouth,19931107_135603_starea.cdf,39,19931107_135603_starea.cdf#39,low_rank_residual_k30,9,"8,9,10,11",,
0.003,297541.76253502537,0.0,0.0029296875,1024,10240,30,30,30,conservative_topk_strict_gt,IPIX_Dartmouth,19931107_135603_starea.cdf,39,19931107_135603_starea.cdf#39,low_rank_residual_k30,9,"8,9,10,11",,
0.01,194906.15361395272,0.0,0.0099609375,1024,10240,102,102,103,conservative_topk_strict_gt,IPIX_Dartmouth,19931107_135603_starea.cdf,39,19931107_135603_starea.cdf#39,low_rank_residual_k30,9,"8,9,10,11",,
1e-05,341470626.88010377,0.0,0.0,1024,10240,0,0,0,conservative_topk_strict_gt,IPIX_Dartmouth,19931107_135603_starea.cdf,39,19931107_135603_starea.cdf#39,tpsscs_trainable_gate,9,"8,9,10,11",,
3e-05,341470626.88010377,0.0,0.0,1024,10240,0,0,0,conservative_topk_strict_gt,IPIX_Dartmouth,19931107_135603_starea.cdf,39,19931107_135603_starea.cdf#39,tpsscs_trainable_gate,9,"8,9,10,11",,
0.0001,320214049.51871234,0.0,9.765625e-05,1024,10240,1,1,1,conservative_topk_strict_gt,IPIX_Dartmouth,19931107_135603_starea.cdf,39,19931107_135603_starea.cdf#39,tpsscs_trainable_gate,9,"8,9,10,11",,
0.0003,236768506.96258,0.0,0.00029296875,1024,10240,3,3,3,conservative_topk_strict_gt,IPIX_Dartmouth,19931107_135603_starea.cdf,39,19931107_135603_starea.cdf#39,tpsscs_trainable_gate,9,"8,9,10,11",,
0.001,138785719.16251937,0.0,0.0009765625,1024,10240,10,10,10,conservative_topk_strict_gt,IPIX_Dartmouth,19931107_135603_starea.cdf,39,19931107_135603_starea.cdf#39,tpsscs_trainable_gate,9,"8,9,10,11",,
0.003,66602413.12399857,0.0,0.0029296875,1024,10240,30,30,30,conservative_topk_strict_gt,IPIX_Dartmouth,19931107_135603_starea.cdf,39,19931107_135603_starea.cdf#39,tpsscs_trainable_gate,9,"8,9,10,11",,
0.01,13228759.081833234,0.0126953125,0.0099609375,1024,10240,102,102,115,conservative_topk_strict_gt,IPIX_Dartmouth,19931107_135603_starea.cdf,39,19931107_135603_starea.cdf#39,tpsscs_trainable_gate,9,"8,9,10,11",,
1e-05,,0.0,0.0,1024,10240,0,0,0,residual_cfar_plus_zero_false_gate_union,IPIX_Dartmouth,19931107_135603_starea.cdf,39,19931107_135603_starea.cdf#39,tpsscs_finished_detector,9,"8,9,10,11",1529578.4605339854,341470626.88010377
3e-05,,0.0,0.0,1024,10240,0,0,0,residual_cfar_plus_zero_false_gate_union,IPIX_Dartmouth,19931107_135603_starea.cdf,39,19931107_135603_starea.cdf#39,tpsscs_finished_detector,9,"8,9,10,11",1529578.4605339854,341470626.88010377
0.0001,,0.0,9.765625e-05,1024,10240,1,1,1,residual_cfar_plus_zero_false_gate_union,IPIX_Dartmouth,19931107_135603_starea.cdf,39,19931107_135603_starea.cdf#39,tpsscs_finished_detector,9,"8,9,10,11",757146.0085399796,341470626.88010377
0.0003,,0.0,0.00029296875,1024,10240,3,3,3,residual_cfar_plus_zero_false_gate_union,IPIX_Dartmouth,19931107_135603_starea.cdf,39,19931107_135603_starea.cdf#39,tpsscs_finished_detector,9,"8,9,10,11",612712.3464045122,341470626.88010377
0.001,,0.0,0.0009765625,1024,10240,10,10,10,residual_cfar_plus_zero_false_gate_union,IPIX_Dartmouth,19931107_135603_starea.cdf,39,19931107_135603_starea.cdf#39,tpsscs_finished_detector,9,"8,9,10,11",415211.7446813836,341470626.88010377
0.003,,0.0,0.0029296875,1024,10240,30,30,30,residual_cfar_plus_zero_false_gate_union,IPIX_Dartmouth,19931107_135603_starea.cdf,39,19931107_135603_starea.cdf#39,tpsscs_finished_detector,9,"8,9,10,11",297541.7625350279,341470626.88010377
0.01,,0.0,0.0099609375,1024,10240,102,102,103,residual_cfar_plus_zero_false_gate_union,IPIX_Dartmouth,19931107_135603_starea.cdf,39,19931107_135603_starea.cdf#39,tpsscs_finished_detector,9,"8,9,10,11",194906.15361394998,341470626.88010377
1e-05,535249951.81418186,0.0,0.0,1024,10240,0,0,3,conservative_topk_strict_gt,IPIX_Dartmouth,19931107_135603_starea.cdf,40,19931107_135603_starea.cdf#40,raw,9,"8,9,10,11",,
3e-05,535249951.81418186,0.0,0.0,1024,10240,0,0,3,conservative_topk_strict_gt,IPIX_Dartmouth,19931107_135603_starea.cdf,40,19931107_135603_starea.cdf#40,raw,9,"8,9,10,11",,
0.0001,468918644.42943877,0.0,9.765625e-05,1024,10240,1,1,7,conservative_topk_strict_gt,IPIX_Dartmouth,19931107_135603_starea.cdf,40,19931107_135603_starea.cdf#40,raw,9,"8,9,10,11",,
0.0003,407121152.17087954,0.0,0.00029296875,1024,10240,3,3,10,conservative_topk_strict_gt,IPIX_Dartmouth,19931107_135603_starea.cdf,40,19931107_135603_starea.cdf#40,raw,9,"8,9,10,11",,
0.001,257058742.70838654,0.0009765625,0.0009765625,1024,10240,10,10,29,conservative_topk_strict_gt,IPIX_Dartmouth,19931107_135603_starea.cdf,40,19931107_135603_starea.cdf#40,raw,9,"8,9,10,11",,
0.003,176487877.79692346,0.0029296875,0.0029296875,1024,10240,30,30,72,conservative_topk_strict_gt,IPIX_Dartmouth,19931107_135603_starea.cdf,40,19931107_135603_starea.cdf#40,raw,9,"8,9,10,11",,
0.01,74192376.9604873,0.0224609375,0.0099609375,1024,10240,102,102,233,conservative_topk_strict_gt,IPIX_Dartmouth,19931107_135603_starea.cdf,40,19931107_135603_starea.cdf#40,raw,9,"8,9,10,11",,
1e-05,209576.04380166327,0.0,0.0,1024,10240,0,0,0,conservative_topk_strict_gt,IPIX_Dartmouth,19931107_135603_starea.cdf,40,19931107_135603_starea.cdf#40,low_rank_residual_k30,9,"8,9,10,11",,
3e-05,209576.04380166327,0.0,0.0,1024,10240,0,0,0,conservative_topk_strict_gt,IPIX_Dartmouth,19931107_135603_starea.cdf,40,19931107_135603_starea.cdf#40,low_rank_residual_k30,9,"8,9,10,11",,
0.0001,160943.69861955117,0.0,9.765625e-05,1024,10240,1,1,1,conservative_topk_strict_gt,IPIX_Dartmouth,19931107_135603_starea.cdf,40,19931107_135603_starea.cdf#40,low_rank_residual_k30,9,"8,9,10,11",,
0.0003,112679.3336193896,0.0,0.00029296875,1024,10240,3,3,3,conservative_topk_strict_gt,IPIX_Dartmouth,19931107_135603_starea.cdf,40,19931107_135603_starea.cdf#40,low_rank_residual_k30,9,"8,9,10,11",,
0.001,99257.4712748359,0.0,0.0009765625,1024,10240,10,10,10,conservative_topk_strict_gt,IPIX_Dartmouth,19931107_135603_starea.cdf,40,19931107_135603_starea.cdf#40,low_rank_residual_k30,9,"8,9,10,11",,
0.003,75423.31123949922,0.0,0.0029296875,1024,10240,30,30,30,conservative_topk_strict_gt,IPIX_Dartmouth,19931107_135603_starea.cdf,40,19931107_135603_starea.cdf#40,low_rank_residual_k30,9,"8,9,10,11",,
0.01,42714.18528262942,0.0,0.0099609375,1024,10240,102,102,102,conservative_topk_strict_gt,IPIX_Dartmouth,19931107_135603_starea.cdf,40,19931107_135603_starea.cdf#40,low_rank_residual_k30,9,"8,9,10,11",,
1e-05,407106495.53041875,0.0,0.0,1024,10240,0,0,0,conservative_topk_strict_gt,IPIX_Dartmouth,19931107_135603_starea.cdf,40,19931107_135603_starea.cdf#40,tpsscs_trainable_gate,9,"8,9,10,11",,
3e-05,407106495.53041875,0.0,0.0,1024,10240,0,0,0,conservative_topk_strict_gt,IPIX_Dartmouth,19931107_135603_starea.cdf,40,19931107_135603_starea.cdf#40,tpsscs_trainable_gate,9,"8,9,10,11",,
0.0001,314722177.76869774,0.0,9.765625e-05,1024,10240,1,1,1,conservative_topk_strict_gt,IPIX_Dartmouth,19931107_135603_starea.cdf,40,19931107_135603_starea.cdf#40,tpsscs_trainable_gate,9,"8,9,10,11",,
0.0003,209454641.44615805,0.0,0.00029296875,1024,10240,3,3,3,conservative_topk_strict_gt,IPIX_Dartmouth,19931107_135603_starea.cdf,40,19931107_135603_starea.cdf#40,tpsscs_trainable_gate,9,"8,9,10,11",,
0.001,119135639.25715157,0.0,0.0009765625,1024,10240,10,10,11,conservative_topk_strict_gt,IPIX_Dartmouth,19931107_135603_starea.cdf,40,19931107_135603_starea.cdf#40,tpsscs_trainable_gate,9,"8,9,10,11",,
0.003,68149317.45357949,0.0,0.0029296875,1024,10240,30,30,31,conservative_topk_strict_gt,IPIX_Dartmouth,19931107_135603_starea.cdf,40,19931107_135603_starea.cdf#40,tpsscs_trainable_gate,9,"8,9,10,11",,
0.01,26417549.015651096,0.0,0.0099609375,1024,10240,102,102,105,conservative_topk_strict_gt,IPIX_Dartmouth,19931107_135603_starea.cdf,40,19931107_135603_starea.cdf#40,tpsscs_trainable_gate,9,"8,9,10,11",,
1e-05,,0.0,0.0,1024,10240,0,0,0,residual_cfar_plus_zero_false_gate_union,IPIX_Dartmouth,19931107_135603_starea.cdf,40,19931107_135603_starea.cdf#40,tpsscs_finished_detector,9,"8,9,10,11",209576.04380166373,407106495.53041875
3e-05,,0.0,0.0,1024,10240,0,0,0,residual_cfar_plus_zero_false_gate_union,IPIX_Dartmouth,19931107_135603_starea.cdf,40,19931107_135603_starea.cdf#40,tpsscs_finished_detector,9,"8,9,10,11",209576.04380166373,407106495.53041875
0.0001,,0.0,9.765625e-05,1024,10240,1,1,1,residual_cfar_plus_zero_false_gate_union,IPIX_Dartmouth,19931107_135603_starea.cdf,40,19931107_135603_starea.cdf#40,tpsscs_finished_detector,9,"8,9,10,11",160943.6986195512,407106495.53041875
0.0003,,0.0,0.00029296875,1024,10240,3,3,3,residual_cfar_plus_zero_false_gate_union,IPIX_Dartmouth,19931107_135603_starea.cdf,40,19931107_135603_starea.cdf#40,tpsscs_finished_detector,9,"8,9,10,11",112679.33361938971,407106495.53041875
0.001,,0.0,0.0009765625,1024,10240,10,10,10,residual_cfar_plus_zero_false_gate_union,IPIX_Dartmouth,19931107_135603_starea.cdf,40,19931107_135603_starea.cdf#40,tpsscs_finished_detector,9,"8,9,10,11",99257.47127483586,407106495.53041875
0.003,,0.0,0.0029296875,1024,10240,30,30,30,residual_cfar_plus_zero_false_gate_union,IPIX_Dartmouth,19931107_135603_starea.cdf,40,19931107_135603_starea.cdf#40,tpsscs_finished_detector,9,"8,9,10,11",75423.31123949907,407106495.53041875
0.01,,0.0,0.0099609375,1024,10240,102,102,102,residual_cfar_plus_zero_false_gate_union,IPIX_Dartmouth,19931107_135603_starea.cdf,40,19931107_135603_starea.cdf#40,tpsscs_finished_detector,9,"8,9,10,11",42714.18528262922,407106495.53041875
1e-05,674469101.1661965,0.0,0.0,1024,10240,0,0,1,conservative_topk_strict_gt,IPIX_Dartmouth,19931107_135603_starea.cdf,41,19931107_135603_starea.cdf#41,raw,9,"8,9,10,11",,
3e-05,674469101.1661965,0.0,0.0,1024,10240,0,0,1,conservative_topk_strict_gt,IPIX_Dartmouth,19931107_135603_starea.cdf,41,19931107_135603_starea.cdf#41,raw,9,"8,9,10,11",,
0.0001,529881873.0866351,0.0,9.765625e-05,1024,10240,1,1,3,conservative_topk_strict_gt,IPIX_Dartmouth,19931107_135603_starea.cdf,41,19931107_135603_starea.cdf#41,raw,9,"8,9,10,11",,
0.0003,464170864.1811698,0.0009765625,0.00029296875,1024,10240,3,3,11,conservative_topk_strict_gt,IPIX_Dartmouth,19931107_135603_starea.cdf,41,19931107_135603_starea.cdf#41,raw,9,"8,9,10,11",,
0.001,210014941.13498878,0.021484375,0.0009765625,1024,10240,10,10,99,conservative_topk_strict_gt,IPIX_Dartmouth,19931107_135603_starea.cdf,41,19931107_135603_starea.cdf#41,raw,9,"8,9,10,11",,
0.003,124893861.21481547,0.0439453125,0.0029296875,1024,10240,30,30,216,conservative_topk_strict_gt,IPIX_Dartmouth,19931107_135603_starea.cdf,41,19931107_135603_starea.cdf#41,raw,9,"8,9,10,11",,
0.01,64859635.2824211,0.08203125,0.0099609375,1024,10240,102,102,418,conservative_topk_strict_gt,IPIX_Dartmouth,19931107_135603_starea.cdf,41,19931107_135603_starea.cdf#41,raw,9,"8,9,10,11",,
1e-05,171681.88091253067,0.0,0.0,1024,10240,0,0,0,conservative_topk_strict_gt,IPIX_Dartmouth,19931107_135603_starea.cdf,41,19931107_135603_starea.cdf#41,low_rank_residual_k30,9,"8,9,10,11",,
3e-05,171681.88091253067,0.0,0.0,1024,10240,0,0,0,conservative_topk_strict_gt,IPIX_Dartmouth,19931107_135603_starea.cdf,41,19931107_135603_starea.cdf#41,low_rank_residual_k30,9,"8,9,10,11",,
0.0001,152440.1975276547,0.0,9.765625e-05,1024,10240,1,1,1,conservative_topk_strict_gt,IPIX_Dartmouth,19931107_135603_starea.cdf,41,19931107_135603_starea.cdf#41,low_rank_residual_k30,9,"8,9,10,11",,
0.0003,136093.00595077616,0.0,0.00029296875,1024,10240,3,3,3,conservative_topk_strict_gt,IPIX_Dartmouth,19931107_135603_starea.cdf,41,19931107_135603_starea.cdf#41,low_rank_residual_k30,9,"8,9,10,11",,
0.001,95617.71450423397,0.0,0.0009765625,1024,10240,10,10,10,conservative_topk_strict_gt,IPIX_Dartmouth,19931107_135603_starea.cdf,41,19931107_135603_starea.cdf#41,low_rank_residual_k30,9,"8,9,10,11",,
0.003,61794.415087119094,0.0,0.0029296875,1024,10240,30,30,30,conservative_topk_strict_gt,IPIX_Dartmouth,19931107_135603_starea.cdf,41,19931107_135603_starea.cdf#41,low_rank_residual_k30,9,"8,9,10,11",,
0.01,33970.48562797385,0.0,0.0099609375,1024,10240,102,102,102,conservative_topk_strict_gt,IPIX_Dartmouth,19931107_135603_starea.cdf,41,19931107_135603_starea.cdf#41,low_rank_residual_k30,9,"8,9,10,11",,
1e-05,465435007.89820385,0.0,0.0,1024,10240,0,0,0,conservative_topk_strict_gt,IPIX_Dartmouth,19931107_135603_starea.cdf,41,19931107_135603_starea.cdf#41,tpsscs_trainable_gate,9,"8,9,10,11",,
3e-05,465435007.89820385,0.0,0.0,1024,10240,0,0,0,conservative_topk_strict_gt,IPIX_Dartmouth,19931107_135603_starea.cdf,41,19931107_135603_starea.cdf#41,tpsscs_trainable_gate,9,"8,9,10,11",,
0.0001,433745662.77481043,0.0,9.765625e-05,1024,10240,1,1,1,conservative_topk_strict_gt,IPIX_Dartmouth,19931107_135603_starea.cdf,41,19931107_135603_starea.cdf#41,tpsscs_trainable_gate,9,"8,9,10,11",,
0.0003,345081278.4741435,0.0,0.00029296875,1024,10240,3,3,4,conservative_topk_strict_gt,IPIX_Dartmouth,19931107_135603_starea.cdf,41,19931107_135603_starea.cdf#41,tpsscs_trainable_gate,9,"8,9,10,11",,
0.001,125151667.08286822,0.0,0.0009765625,1024,10240,10,10,19,conservative_topk_strict_gt,IPIX_Dartmouth,19931107_135603_starea.cdf,41,19931107_135603_starea.cdf#41,tpsscs_trainable_gate,9,"8,9,10,11",,
0.003,61758779.63344086,0.0,0.0029296875,1024,10240,30,30,50,conservative_topk_strict_gt,IPIX_Dartmouth,19931107_135603_starea.cdf,41,19931107_135603_starea.cdf#41,tpsscs_trainable_gate,9,"8,9,10,11",,
0.01,29475096.235445578,0.0,0.0099609375,1024,10240,102,102,147,conservative_topk_strict_gt,IPIX_Dartmouth,19931107_135603_starea.cdf,41,19931107_135603_starea.cdf#41,tpsscs_trainable_gate,9,"8,9,10,11",,
1e-05,,0.0,0.0,1024,10240,0,0,0,residual_cfar_plus_zero_false_gate_union,IPIX_Dartmouth,19931107_135603_starea.cdf,41,19931107_135603_starea.cdf#41,tpsscs_finished_detector,9,"8,9,10,11",171681.880912531,465435007.89820385
3e-05,,0.0,0.0,1024,10240,0,0,0,residual_cfar_plus_zero_false_gate_union,IPIX_Dartmouth,19931107_135603_starea.cdf,41,19931107_135603_starea.cdf#41,tpsscs_finished_detector,9,"8,9,10,11",171681.880912531,465435007.89820385
0.0001,,0.0,9.765625e-05,1024,10240,1,1,1,residual_cfar_plus_zero_false_gate_union,IPIX_Dartmouth,19931107_135603_starea.cdf,41,19931107_135603_starea.cdf#41,tpsscs_finished_detector,9,"8,9,10,11",152440.19752765476,465435007.89820385
0.0003,,0.0,0.00029296875,1024,10240,3,3,3,residual_cfar_plus_zero_false_gate_union,IPIX_Dartmouth,19931107_135603_starea.cdf,41,19931107_135603_starea.cdf#41,tpsscs_finished_detector,9,"8,9,10,11",136093.0059507754,465435007.89820385
0.001,,0.0,0.0009765625,1024,10240,10,10,10,residual_cfar_plus_zero_false_gate_union,IPIX_Dartmouth,19931107_135603_starea.cdf,41,19931107_135603_starea.cdf#41,tpsscs_finished_detector,9,"8,9,10,11",95617.71450423507,465435007.89820385
0.003,,0.0,0.0029296875,1024,10240,30,30,30,residual_cfar_plus_zero_false_gate_union,IPIX_Dartmouth,19931107_135603_starea.cdf,41,19931107_135603_starea.cdf#41,tpsscs_finished_detector,9,"8,9,10,11",61794.41508711908,465435007.89820385
0.01,,0.0,0.0099609375,1024,10240,102,102,102,residual_cfar_plus_zero_false_gate_union,IPIX_Dartmouth,19931107_135603_starea.cdf,41,19931107_135603_starea.cdf#41,tpsscs_finished_detector,9,"8,9,10,11",33970.48562797386,465435007.89820385
1e-05,221464269.67495212,0.0283203125,0.0,1024,10240,0,0,86,conservative_topk_strict_gt,IPIX_Dartmouth,19931107_135603_starea.cdf,42,19931107_135603_starea.cdf#42,raw,9,"8,9,10,11",,
3e-05,221464269.67495212,0.0283203125,0.0,1024,10240,0,0,86,conservative_topk_strict_gt,IPIX_Dartmouth,19931107_135603_starea.cdf,42,19931107_135603_starea.cdf#42,raw,9,"8,9,10,11",,
0.0001,217778057.7238984,0.0283203125,9.765625e-05,1024,10240,1,1,88,conservative_topk_strict_gt,IPIX_Dartmouth,19931107_135603_starea.cdf,42,19931107_135603_starea.cdf#42,raw,9,"8,9,10,11",,
0.0003,139453566.1776615,0.0419921875,0.00029296875,1024,10240,3,3,158,conservative_topk_strict_gt,IPIX_Dartmouth,19931107_135603_starea.cdf,42,19931107_135603_starea.cdf#42,raw,9,"8,9,10,11",,
0.001,109713518.76400968,0.056640625,0.0009765625,1024,10240,10,10,213,conservative_topk_strict_gt,IPIX_Dartmouth,19931107_135603_starea.cdf,42,19931107_135603_starea.cdf#42,raw,9,"8,9,10,11",,
0.003,84725424.2839669,0.0693359375,0.0029296875,1024,10240,30,30,291,conservative_topk_strict_gt,IPIX_Dartmouth,19931107_135603_starea.cdf,42,19931107_135603_starea.cdf#42,raw,9,"8,9,10,11",,
0.01,46138964.83491243,0.1240234375,0.0099609375,1024,10240,102,102,568,conservative_topk_strict_gt,IPIX_Dartmouth,19931107_135603_starea.cdf,42,19931107_135603_starea.cdf#42,raw,9,"8,9,10,11",,
1e-05,53054.651593340015,0.0,0.0,1024,10240,0,0,0,conservative_topk_strict_gt,IPIX_Dartmouth,19931107_135603_starea.cdf,42,19931107_135603_starea.cdf#42,low_rank_residual_k30,9,"8,9,10,11",,
3e-05,53054.651593340015,0.0,0.0,1024,10240,0,0,0,conservative_topk_strict_gt,IPIX_Dartmouth,19931107_135603_starea.cdf,42,19931107_135603_starea.cdf#42,low_rank_residual_k30,9,"8,9,10,11",,
0.0001,39131.56778572277,0.0,9.765625e-05,1024,10240,1,1,1,conservative_topk_strict_gt,IPIX_Dartmouth,19931107_135603_starea.cdf,42,19931107_135603_starea.cdf#42,low_rank_residual_k30,9,"8,9,10,11",,
0.0003,30849.440571273477,0.0,0.00029296875,1024,10240,3,3,3,conservative_topk_strict_gt,IPIX_Dartmouth,19931107_135603_starea.cdf,42,19931107_135603_starea.cdf#42,low_rank_residual_k30,9,"8,9,10,11",,
0.001,25181.0304777611,0.0,0.0009765625,1024,10240,10,10,10,conservative_topk_strict_gt,IPIX_Dartmouth,19931107_135603_starea.cdf,42,19931107_135603_starea.cdf#42,low_rank_residual_k30,9,"8,9,10,11",,
0.003,15252.312417086216,0.0,0.0029296875,1024,10240,30,30,30,conservative_topk_strict_gt,IPIX_Dartmouth,19931107_135603_starea.cdf,42,19931107_135603_starea.cdf#42,low_rank_residual_k30,9,"8,9,10,11",,
0.01,9095.543472084848,0.0,0.0099609375,1024,10240,102,102,102,conservative_topk_strict_gt,IPIX_Dartmouth,19931107_135603_starea.cdf,42,19931107_135603_starea.cdf#42,low_rank_residual_k30,9,"8,9,10,11",,
1e-05,130264145.84004432,0.0,0.0,1024,10240,0,0,54,conservative_topk_strict_gt,IPIX_Dartmouth,19931107_135603_starea.cdf,42,19931107_135603_starea.cdf#42,tpsscs_trainable_gate,9,"8,9,10,11",,
3e-05,130264145.84004432,0.0,0.0,1024,10240,0,0,54,conservative_topk_strict_gt,IPIX_Dartmouth,19931107_135603_starea.cdf,42,19931107_135603_starea.cdf#42,tpsscs_trainable_gate,9,"8,9,10,11",,
0.0001,125322848.18782322,0.0,9.765625e-05,1024,10240,1,1,58,conservative_topk_strict_gt,IPIX_Dartmouth,19931107_135603_starea.cdf,42,19931107_135603_starea.cdf#42,tpsscs_trainable_gate,9,"8,9,10,11",,
0.0003,72711006.08966532,0.0,0.00029296875,1024,10240,3,3,93,conservative_topk_strict_gt,IPIX_Dartmouth,19931107_135603_starea.cdf,42,19931107_135603_starea.cdf#42,tpsscs_trainable_gate,9,"8,9,10,11",,
0.001,58203521.7343505,0.0,0.0009765625,1024,10240,10,10,133,conservative_topk_strict_gt,IPIX_Dartmouth,19931107_135603_starea.cdf,42,19931107_135603_starea.cdf#42,tpsscs_trainable_gate,9,"8,9,10,11",,
0.003,38193808.30714323,0.0,0.0029296875,1024,10240,30,30,199,conservative_topk_strict_gt,IPIX_Dartmouth,19931107_135603_starea.cdf,42,19931107_135603_starea.cdf#42,tpsscs_trainable_gate,9,"8,9,10,11",,
0.01,15959939.155996956,0.0,0.0099609375,1024,10240,102,102,377,conservative_topk_strict_gt,IPIX_Dartmouth,19931107_135603_starea.cdf,42,19931107_135603_starea.cdf#42,tpsscs_trainable_gate,9,"8,9,10,11",,
1e-05,,0.0,0.0,1024,10240,0,0,54,residual_cfar_plus_zero_false_gate_union,IPIX_Dartmouth,19931107_135603_starea.cdf,42,19931107_135603_starea.cdf#42,tpsscs_finished_detector,9,"8,9,10,11",53054.65159334141,130264145.84004432
3e-05,,0.0,0.0,1024,10240,0,0,54,residual_cfar_plus_zero_false_gate_union,IPIX_Dartmouth,19931107_135603_starea.cdf,42,19931107_135603_starea.cdf#42,tpsscs_finished_detector,9,"8,9,10,11",53054.65159334141,130264145.84004432
0.0001,,0.0,9.765625e-05,1024,10240,1,1,55,residual_cfar_plus_zero_false_gate_union,IPIX_Dartmouth,19931107_135603_starea.cdf,42,19931107_135603_starea.cdf#42,tpsscs_finished_detector,9,"8,9,10,11",39131.56778572388,130264145.84004432
0.0003,,0.0,0.00029296875,1024,10240,3,3,57,residual_cfar_plus_zero_false_gate_union,IPIX_Dartmouth,19931107_135603_starea.cdf,42,19931107_135603_starea.cdf#42,tpsscs_finished_detector,9,"8,9,10,11",30849.44057127288,130264145.84004432
0.001,,0.0,0.0009765625,1024,10240,10,10,64,residual_cfar_plus_zero_false_gate_union,IPIX_Dartmouth,19931107_135603_starea.cdf,42,19931107_135603_starea.cdf#42,tpsscs_finished_detector,9,"8,9,10,11",25181.03047776079,130264145.84004432
0.003,,0.0,0.0029296875,1024,10240,30,30,84,residual_cfar_plus_zero_false_gate_union,IPIX_Dartmouth,19931107_135603_starea.cdf,42,19931107_135603_starea.cdf#42,tpsscs_finished_detector,9,"8,9,10,11",15252.312417086134,130264145.84004432
0.01,,0.0,0.0099609375,1024,10240,102,102,156,residual_cfar_plus_zero_false_gate_union,IPIX_Dartmouth,19931107_135603_starea.cdf,42,19931107_135603_starea.cdf#42,tpsscs_finished_detector,9,"8,9,10,11",9095.543472084415,130264145.84004432
1e-05,392961697.60468364,0.013671875,0.0,1024,10240,0,0,59,conservative_topk_strict_gt,IPIX_Dartmouth,19931107_135603_starea.cdf,43,19931107_135603_starea.cdf#43,raw,9,"8,9,10,11",,
3e-05,392961697.60468364,0.013671875,0.0,1024,10240,0,0,59,conservative_topk_strict_gt,IPIX_Dartmouth,19931107_135603_starea.cdf,43,19931107_135603_starea.cdf#43,raw,9,"8,9,10,11",,
0.0001,386668124.9713258,0.013671875,9.765625e-05,1024,10240,1,1,60,conservative_topk_strict_gt,IPIX_Dartmouth,19931107_135603_starea.cdf,43,19931107_135603_starea.cdf#43,raw,9,"8,9,10,11",,
0.0003,344993092.1619805,0.0146484375,0.00029296875,1024,10240,3,3,68,conservative_topk_strict_gt,IPIX_Dartmouth,19931107_135603_starea.cdf,43,19931107_135603_starea.cdf#43,raw,9,"8,9,10,11",,
0.001,220271242.14611664,0.0205078125,0.0009765625,1024,10240,10,10,116,conservative_topk_strict_gt,IPIX_Dartmouth,19931107_135603_starea.cdf,43,19931107_135603_starea.cdf#43,raw,9,"8,9,10,11",,
0.003,151668439.69538948,0.029296875,0.0029296875,1024,10240,30,30,189,conservative_topk_strict_gt,IPIX_Dartmouth,19931107_135603_starea.cdf,43,19931107_135603_starea.cdf#43,raw,9,"8,9,10,11",,
0.01,68761653.29271367,0.072265625,0.0099609375,1024,10240,102,102,427,conservative_topk_strict_gt,IPIX_Dartmouth,19931107_135603_starea.cdf,43,19931107_135603_starea.cdf#43,raw,9,"8,9,10,11",,
1e-05,173190.75578550374,0.0,0.0,1024,10240,0,0,0,conservative_topk_strict_gt,IPIX_Dartmouth,19931107_135603_starea.cdf,43,19931107_135603_starea.cdf#43,low_rank_residual_k30,9,"8,9,10,11",,
3e-05,173190.75578550374,0.0,0.0,1024,10240,0,0,0,conservative_topk_strict_gt,IPIX_Dartmouth,19931107_135603_starea.cdf,43,19931107_135603_starea.cdf#43,low_rank_residual_k30,9,"8,9,10,11",,
0.0001,146857.69894314592,0.0,9.765625e-05,1024,10240,1,1,1,conservative_topk_strict_gt,IPIX_Dartmouth,19931107_135603_starea.cdf,43,19931107_135603_starea.cdf#43,low_rank_residual_k30,9,"8,9,10,11",,
0.0003,129228.65127144188,0.0,0.00029296875,1024,10240,3,3,3,conservative_topk_strict_gt,IPIX_Dartmouth,19931107_135603_starea.cdf,43,19931107_135603_starea.cdf#43,low_rank_residual_k30,9,"8,9,10,11",,
0.001,69875.75544178826,0.0,0.0009765625,1024,10240,10,10,10,conservative_topk_strict_gt,IPIX_Dartmouth,19931107_135603_starea.cdf,43,19931107_135603_starea.cdf#43,low_rank_residual_k30,9,"8,9,10,11",,
0.003,47518.874953097715,0.0,0.0029296875,1024,10240,30,30,30,conservative_topk_strict_gt,IPIX_Dartmouth,19931107_135603_starea.cdf,43,19931107_135603_starea.cdf#43,low_rank_residual_k30,9,"8,9,10,11",,
0.01,23883.8285610003,0.0,0.0099609375,1024,10240,102,102,102,conservative_topk_strict_gt,IPIX_Dartmouth,19931107_135603_starea.cdf,43,19931107_135603_starea.cdf#43,low_rank_residual_k30,9,"8,9,10,11",,
1e-05,278084186.2092042,0.0,0.0,1024,10240,0,0,34,conservative_topk_strict_gt,IPIX_Dartmouth,19931107_135603_starea.cdf,43,19931107_135603_starea.cdf#43,tpsscs_trainable_gate,9,"8,9,10,11",,
3e-05,278084186.2092042,0.0,0.0,1024,10240,0,0,34,conservative_topk_strict_gt,IPIX_Dartmouth,19931107_135603_starea.cdf,43,19931107_135603_starea.cdf#43,tpsscs_trainable_gate,9,"8,9,10,11",,
0.0001,151381830.75653863,0.0,9.765625e-05,1024,10240,1,1,61,conservative_topk_strict_gt,IPIX_Dartmouth,19931107_135603_starea.cdf,43,19931107_135603_starea.cdf#43,tpsscs_trainable_gate,9,"8,9,10,11",,
0.0003,94697169.35646905,0.0,0.00029296875,1024,10240,3,3,93,conservative_topk_strict_gt,IPIX_Dartmouth,19931107_135603_starea.cdf,43,19931107_135603_starea.cdf#43,tpsscs_trainable_gate,9,"8,9,10,11",,
0.001,62641909.052435756,0.0,0.0009765625,1024,10240,10,10,115,conservative_topk_strict_gt,IPIX_Dartmouth,19931107_135603_starea.cdf,43,19931107_135603_starea.cdf#43,tpsscs_trainable_gate,9,"8,9,10,11",,
0.003,34394081.465762176,0.0,0.0029296875,1024,10240,30,30,189,conservative_topk_strict_gt,IPIX_Dartmouth,19931107_135603_starea.cdf,43,19931107_135603_starea.cdf#43,tpsscs_trainable_gate,9,"8,9,10,11",,
0.01,6849393.807073116,0.0,0.0099609375,1024,10240,102,102,619,conservative_topk_strict_gt,IPIX_Dartmouth,19931107_135603_starea.cdf,43,19931107_135603_starea.cdf#43,tpsscs_trainable_gate,9,"8,9,10,11",,
1e-05,,0.0,0.0,1024,10240,0,0,34,residual_cfar_plus_zero_false_gate_union,IPIX_Dartmouth,19931107_135603_starea.cdf,43,19931107_135603_starea.cdf#43,tpsscs_finished_detector,9,"8,9,10,11",173190.7557855033,278084186.2092042
3e-05,,0.0,0.0,1024,10240,0,0,34,residual_cfar_plus_zero_false_gate_union,IPIX_Dartmouth,19931107_135603_starea.cdf,43,19931107_135603_starea.cdf#43,tpsscs_finished_detector,9,"8,9,10,11",173190.7557855033,278084186.2092042
0.0001,,0.0,9.765625e-05,1024,10240,1,1,35,residual_cfar_plus_zero_false_gate_union,IPIX_Dartmouth,19931107_135603_starea.cdf,43,19931107_135603_starea.cdf#43,tpsscs_finished_detector,9,"8,9,10,11",146857.69894314738,278084186.2092042
0.0003,,0.0,0.00029296875,1024,10240,3,3,37,residual_cfar_plus_zero_false_gate_union,IPIX_Dartmouth,19931107_135603_starea.cdf,43,19931107_135603_starea.cdf#43,tpsscs_finished_detector,9,"8,9,10,11",129228.65127144307,278084186.2092042
0.001,,0.0,0.0009765625,1024,10240,10,10,44,residual_cfar_plus_zero_false_gate_union,IPIX_Dartmouth,19931107_135603_starea.cdf,43,19931107_135603_starea.cdf#43,tpsscs_finished_detector,9,"8,9,10,11",69875.75544179104,278084186.2092042
0.003,,0.0,0.0029296875,1024,10240,30,30,64,residual_cfar_plus_zero_false_gate_union,IPIX_Dartmouth,19931107_135603_starea.cdf,43,19931107_135603_starea.cdf#43,tpsscs_finished_detector,9,"8,9,10,11",47518.87495309778,278084186.2092042
0.01,,0.0,0.0099609375,1024,10240,102,102,136,residual_cfar_plus_zero_false_gate_union,IPIX_Dartmouth,19931107_135603_starea.cdf,43,19931107_135603_starea.cdf#43,tpsscs_finished_detector,9,"8,9,10,11",23883.828560999893,278084186.2092042
1e-05,677464613.4834087,0.0107421875,0.0,1024,10240,0,0,35,conservative_topk_strict_gt,IPIX_Dartmouth,19931107_135603_starea.cdf,44,19931107_135603_starea.cdf#44,raw,9,"8,9,10,11",,
3e-05,677464613.4834087,0.0107421875,0.0,1024,10240,0,0,35,conservative_topk_strict_gt,IPIX_Dartmouth,19931107_135603_starea.cdf,44,19931107_135603_starea.cdf#44,raw,9,"8,9,10,11",,
0.0001,575795278.6803066,0.01171875,9.765625e-05,1024,10240,1,1,40,conservative_topk_strict_gt,IPIX_Dartmouth,19931107_135603_starea.cdf,44,19931107_135603_starea.cdf#44,raw,9,"8,9,10,11",,
0.0003,466817462.473211,0.01171875,0.00029296875,1024,10240,3,3,45,conservative_topk_strict_gt,IPIX_Dartmouth,19931107_135603_starea.cdf,44,19931107_135603_starea.cdf#44,raw,9,"8,9,10,11",,
0.001,375992915.65115154,0.01171875,0.0009765625,1024,10240,10,10,54,conservative_topk_strict_gt,IPIX_Dartmouth,19931107_135603_starea.cdf,44,19931107_135603_starea.cdf#44,raw,9,"8,9,10,11",,
0.003,199757442.2913952,0.013671875,0.0029296875,1024,10240,30,30,94,conservative_topk_strict_gt,IPIX_Dartmouth,19931107_135603_starea.cdf,44,19931107_135603_starea.cdf#44,raw,9,"8,9,10,11",,
0.01,103549195.60333928,0.029296875,0.0099609375,1024,10240,102,102,241,conservative_topk_strict_gt,IPIX_Dartmouth,19931107_135603_starea.cdf,44,19931107_135603_starea.cdf#44,raw,9,"8,9,10,11",,
1e-05,4616952.34404462,0.0,0.0,1024,10240,0,0,0,conservative_topk_strict_gt,IPIX_Dartmouth,19931107_135603_starea.cdf,44,19931107_135603_starea.cdf#44,low_rank_residual_k30,9,"8,9,10,11",,
3e-05,4616952.34404462,0.0,0.0,1024,10240,0,0,0,conservative_topk_strict_gt,IPIX_Dartmouth,19931107_135603_starea.cdf,44,19931107_135603_starea.cdf#44,low_rank_residual_k30,9,"8,9,10,11",,
0.0001,3793639.955997079,0.0,9.765625e-05,1024,10240,1,1,1,conservative_topk_strict_gt,IPIX_Dartmouth,19931107_135603_starea.cdf,44,19931107_135603_starea.cdf#44,low_rank_residual_k30,9,"8,9,10,11",,
0.0003,2989328.69011206,0.0,0.00029296875,1024,10240,3,3,3,conservative_topk_strict_gt,IPIX_Dartmouth,19931107_135603_starea.cdf,44,19931107_135603_starea.cdf#44,low_rank_residual_k30,9,"8,9,10,11",,
0.001,2381088.543412068,0.0,0.0009765625,1024,10240,10,10,10,conservative_topk_strict_gt,IPIX_Dartmouth,19931107_135603_starea.cdf,44,19931107_135603_starea.cdf#44,low_rank_residual_k30,9,"8,9,10,11",,
0.003,1717500.3676426667,0.0,0.0029296875,1024,10240,30,30,30,conservative_topk_strict_gt,IPIX_Dartmouth,19931107_135603_starea.cdf,44,19931107_135603_starea.cdf#44,low_rank_residual_k30,9,"8,9,10,11",,
0.01,1160718.8846495145,0.0,0.0099609375,1024,10240,102,102,102,conservative_topk_strict_gt,IPIX_Dartmouth,19931107_135603_starea.cdf,44,19931107_135603_starea.cdf#44,low_rank_residual_k30,9,"8,9,10,11",,
1e-05,655195389.4870523,0.0,0.0,1024,10240,0,0,1,conservative_topk_strict_gt,IPIX_Dartmouth,19931107_135603_starea.cdf,44,19931107_135603_starea.cdf#44,tpsscs_trainable_gate,9,"8,9,10,11",,
3e-05,655195389.4870523,0.0,0.0,1024,10240,0,0,1,conservative_topk_strict_gt,IPIX_Dartmouth,19931107_135603_starea.cdf,44,19931107_135603_starea.cdf#44,tpsscs_trainable_gate,9,"8,9,10,11",,
0.0001,429368438.13439065,0.0,9.765625e-05,1024,10240,1,1,3,conservative_topk_strict_gt,IPIX_Dartmouth,19931107_135603_starea.cdf,44,19931107_135603_starea.cdf#44,tpsscs_trainable_gate,9,"8,9,10,11",,
0.0003,374059861.05079174,0.0,0.00029296875,1024,10240,3,3,5,conservative_topk_strict_gt,IPIX_Dartmouth,19931107_135603_starea.cdf,44,19931107_135603_starea.cdf#44,tpsscs_trainable_gate,9,"8,9,10,11",,
0.001,137748480.9114152,0.0,0.0009765625,1024,10240,10,10,12,conservative_topk_strict_gt,IPIX_Dartmouth,19931107_135603_starea.cdf,44,19931107_135603_starea.cdf#44,tpsscs_trainable_gate,9,"8,9,10,11",,
0.003,69032459.18668488,0.0,0.0029296875,1024,10240,30,30,32,conservative_topk_strict_gt,IPIX_Dartmouth,19931107_135603_starea.cdf,44,19931107_135603_starea.cdf#44,tpsscs_trainable_gate,9,"8,9,10,11",,
0.01,23978551.5111416,0.0,0.0099609375,1024,10240,102,102,106,conservative_topk_strict_gt,IPIX_Dartmouth,19931107_135603_starea.cdf,44,19931107_135603_starea.cdf#44,tpsscs_trainable_gate,9,"8,9,10,11",,
1e-05,,0.0,0.0,1024,10240,0,0,1,residual_cfar_plus_zero_false_gate_union,IPIX_Dartmouth,19931107_135603_starea.cdf,44,19931107_135603_starea.cdf#44,tpsscs_finished_detector,9,"8,9,10,11",4616952.344044616,655195389.4870523
3e-05,,0.0,0.0,1024,10240,0,0,1,residual_cfar_plus_zero_false_gate_union,IPIX_Dartmouth,19931107_135603_starea.cdf,44,19931107_135603_starea.cdf#44,tpsscs_finished_detector,9,"8,9,10,11",4616952.344044616,655195389.4870523
0.0001,,0.0,9.765625e-05,1024,10240,1,1,2,residual_cfar_plus_zero_false_gate_union,IPIX_Dartmouth,19931107_135603_starea.cdf,44,19931107_135603_starea.cdf#44,tpsscs_finished_detector,9,"8,9,10,11",3793639.9559970805,655195389.4870523
0.0003,,0.0,0.00029296875,1024,10240,3,3,4,residual_cfar_plus_zero_false_gate_union,IPIX_Dartmouth,19931107_135603_starea.cdf,44,19931107_135603_starea.cdf#44,tpsscs_finished_detector,9,"8,9,10,11",2989328.690112058,655195389.4870523
0.001,,0.0,0.0009765625,1024,10240,10,10,11,residual_cfar_plus_zero_false_gate_union,IPIX_Dartmouth,19931107_135603_starea.cdf,44,19931107_135603_starea.cdf#44,tpsscs_finished_detector,9,"8,9,10,11",2381088.5434120605,655195389.4870523
0.003,,0.0,0.0029296875,1024,10240,30,30,31,residual_cfar_plus_zero_false_gate_union,IPIX_Dartmouth,19931107_135603_starea.cdf,44,19931107_135603_starea.cdf#44,tpsscs_finished_detector,9,"8,9,10,11",1717500.3676426667,655195389.4870523
0.01,,0.0,0.0099609375,1024,10240,102,102,103,residual_cfar_plus_zero_false_gate_union,IPIX_Dartmouth,19931107_135603_starea.cdf,44,19931107_135603_starea.cdf#44,tpsscs_finished_detector,9,"8,9,10,11",1160718.8846495054,655195389.4870523
1e-05,434498578.50232023,0.0,0.0,1024,10240,0,0,0,conservative_topk_strict_gt,IPIX_Dartmouth,19931107_135603_starea.cdf,45,19931107_135603_starea.cdf#45,raw,9,"8,9,10,11",,
3e-05,434498578.50232023,0.0,0.0,1024,10240,0,0,0,conservative_topk_strict_gt,IPIX_Dartmouth,19931107_135603_starea.cdf,45,19931107_135603_starea.cdf#45,raw,9,"8,9,10,11",,
0.0001,422795626.02849567,0.0,9.765625e-05,1024,10240,1,1,1,conservative_topk_strict_gt,IPIX_Dartmouth,19931107_135603_starea.cdf,45,19931107_135603_starea.cdf#45,raw,9,"8,9,10,11",,
0.0003,401584512.6630194,0.0,0.00029296875,1024,10240,3,3,3,conservative_topk_strict_gt,IPIX_Dartmouth,19931107_135603_starea.cdf,45,19931107_135603_starea.cdf#45,raw,9,"8,9,10,11",,
0.001,317062155.85770786,0.0029296875,0.0009765625,1024,10240,10,10,13,conservative_topk_strict_gt,IPIX_Dartmouth,19931107_135603_starea.cdf,45,19931107_135603_starea.cdf#45,raw,9,"8,9,10,11",,
0.003,238350943.06230658,0.0029296875,0.0029296875,1024,10240,30,30,33,conservative_topk_strict_gt,IPIX_Dartmouth,19931107_135603_starea.cdf,45,19931107_135603_starea.cdf#45,raw,9,"8,9,10,11",,
0.01,121804610.46194488,0.0078125,0.0099609375,1024,10240,102,102,110,conservative_topk_strict_gt,IPIX_Dartmouth,19931107_135603_starea.cdf,45,19931107_135603_starea.cdf#45,raw,9,"8,9,10,11",,
1e-05,286763.42256272637,0.0,0.0,1024,10240,0,0,16,conservative_topk_strict_gt,IPIX_Dartmouth,19931107_135603_starea.cdf,45,19931107_135603_starea.cdf#45,low_rank_residual_k30,9,"8,9,10,11",,
3e-05,286763.42256272637,0.0,0.0,1024,10240,0,0,16,conservative_topk_strict_gt,IPIX_Dartmouth,19931107_135603_starea.cdf,45,19931107_135603_starea.cdf#45,low_rank_residual_k30,9,"8,9,10,11",,
0.0001,243072.8908397869,0.0,9.765625e-05,1024,10240,1,1,31,conservative_topk_strict_gt,IPIX_Dartmouth,19931107_135603_starea.cdf,45,19931107_135603_starea.cdf#45,low_rank_residual_k30,9,"8,9,10,11",,
0.0003,213145.08754739643,0.0,0.00029296875,1024,10240,3,3,54,conservative_topk_strict_gt,IPIX_Dartmouth,19931107_135603_starea.cdf,45,19931107_135603_starea.cdf#45,low_rank_residual_k30,9,"8,9,10,11",,
0.001,177148.3517366148,0.0,0.0009765625,1024,10240,10,10,108,conservative_topk_strict_gt,IPIX_Dartmouth,19931107_135603_starea.cdf,45,19931107_135603_starea.cdf#45,low_rank_residual_k30,9,"8,9,10,11",,
0.003,106193.01962829985,0.001953125,0.0029296875,1024,10240,30,30,349,conservative_topk_strict_gt,IPIX_Dartmouth,19931107_135603_starea.cdf,45,19931107_135603_starea.cdf#45,low_rank_residual_k30,9,"8,9,10,11",,
0.01,54581.882953203836,0.00390625,0.0099609375,1024,10240,102,102,925,conservative_topk_strict_gt,IPIX_Dartmouth,19931107_135603_starea.cdf,45,19931107_135603_starea.cdf#45,low_rank_residual_k30,9,"8,9,10,11",,
1e-05,393708072.05441034,0.0,0.0,1024,10240,0,0,0,conservative_topk_strict_gt,IPIX_Dartmouth,19931107_135603_starea.cdf,45,19931107_135603_starea.cdf#45,tpsscs_trainable_gate,9,"8,9,10,11",,
3e-05,393708072.05441034,0.0,0.0,1024,10240,0,0,0,conservative_topk_strict_gt,IPIX_Dartmouth,19931107_135603_starea.cdf,45,19931107_135603_starea.cdf#45,tpsscs_trainable_gate,9,"8,9,10,11",,
0.0001,346454358.3700342,0.0,9.765625e-05,1024,10240,1,1,1,conservative_topk_strict_gt,IPIX_Dartmouth,19931107_135603_starea.cdf,45,19931107_135603_starea.cdf#45,tpsscs_trainable_gate,9,"8,9,10,11",,
0.0003,248046254.16376564,0.0,0.00029296875,1024,10240,3,3,3,conservative_topk_strict_gt,IPIX_Dartmouth,19931107_135603_starea.cdf,45,19931107_135603_starea.cdf#45,tpsscs_trainable_gate,9,"8,9,10,11",,
0.001,115988316.05212934,0.0,0.0009765625,1024,10240,10,10,10,conservative_topk_strict_gt,IPIX_Dartmouth,19931107_135603_starea.cdf,45,19931107_135603_starea.cdf#45,tpsscs_trainable_gate,9,"8,9,10,11",,
0.003,61442572.054192245,0.0,0.0029296875,1024,10240,30,30,31,conservative_topk_strict_gt,IPIX_Dartmouth,19931107_135603_starea.cdf,45,19931107_135603_starea.cdf#45,tpsscs_trainable_gate,9,"8,9,10,11",,
0.01,8098616.614969956,0.0,0.0099609375,1024,10240,102,102,121,conservative_topk_strict_gt,IPIX_Dartmouth,19931107_135603_starea.cdf,45,19931107_135603_starea.cdf#45,tpsscs_trainable_gate,9,"8,9,10,11",,
1e-05,,0.0,0.0,1024,10240,0,0,16,residual_cfar_plus_zero_false_gate_union,IPIX_Dartmouth,19931107_135603_starea.cdf,45,19931107_135603_starea.cdf#45,tpsscs_finished_detector,9,"8,9,10,11",286763.422562732,393708072.05441034
3e-05,,0.0,0.0,1024,10240,0,0,16,residual_cfar_plus_zero_false_gate_union,IPIX_Dartmouth,19931107_135603_starea.cdf,45,19931107_135603_starea.cdf#45,tpsscs_finished_detector,9,"8,9,10,11",286763.422562732,393708072.05441034
0.0001,,0.0,9.765625e-05,1024,10240,1,1,31,residual_cfar_plus_zero_false_gate_union,IPIX_Dartmouth,19931107_135603_starea.cdf,45,19931107_135603_starea.cdf#45,tpsscs_finished_detector,9,"8,9,10,11",243072.8908397843,393708072.05441034
0.0003,,0.0,0.00029296875,1024,10240,3,3,54,residual_cfar_plus_zero_false_gate_union,IPIX_Dartmouth,19931107_135603_starea.cdf,45,19931107_135603_starea.cdf#45,tpsscs_finished_detector,9,"8,9,10,11",213145.0875473948,393708072.05441034
0.001,,0.0,0.0009765625,1024,10240,10,10,108,residual_cfar_plus_zero_false_gate_union,IPIX_Dartmouth,19931107_135603_starea.cdf,45,19931107_135603_starea.cdf#45,tpsscs_finished_detector,9,"8,9,10,11",177148.3517366186,393708072.05441034
0.003,,0.001953125,0.0029296875,1024,10240,30,30,349,residual_cfar_plus_zero_false_gate_union,IPIX_Dartmouth,19931107_135603_starea.cdf,45,19931107_135603_starea.cdf#45,tpsscs_finished_detector,9,"8,9,10,11",106193.01962829998,393708072.05441034
0.01,,0.00390625,0.0099609375,1024,10240,102,102,925,residual_cfar_plus_zero_false_gate_union,IPIX_Dartmouth,19931107_135603_starea.cdf,45,19931107_135603_starea.cdf#45,tpsscs_finished_detector,9,"8,9,10,11",54581.882953204295,393708072.05441034
1e-05,565567566.0088129,0.0,0.0,1024,10240,0,0,0,conservative_topk_strict_gt,IPIX_Dartmouth,19931107_135603_starea.cdf,46,19931107_135603_starea.cdf#46,raw,9,"8,9,10,11",,
3e-05,565567566.0088129,0.0,0.0,1024,10240,0,0,0,conservative_topk_strict_gt,IPIX_Dartmouth,19931107_135603_starea.cdf,46,19931107_135603_starea.cdf#46,raw,9,"8,9,10,11",,
0.0001,561871804.6516875,0.0,9.765625e-05,1024,10240,1,1,1,conservative_topk_strict_gt,IPIX_Dartmouth,19931107_135603_starea.cdf,46,19931107_135603_starea.cdf#46,raw,9,"8,9,10,11",,
0.0003,550811430.2505939,0.0,0.00029296875,1024,10240,3,3,3,conservative_topk_strict_gt,IPIX_Dartmouth,19931107_135603_starea.cdf,46,19931107_135603_starea.cdf#46,raw,9,"8,9,10,11",,
0.001,460717151.42049587,0.0,0.0009765625,1024,10240,10,10,10,conservative_topk_strict_gt,IPIX_Dartmouth,19931107_135603_starea.cdf,46,19931107_135603_starea.cdf#46,raw,9,"8,9,10,11",,
0.003,325132647.3850207,0.0,0.0029296875,1024,10240,30,30,30,conservative_topk_strict_gt,IPIX_Dartmouth,19931107_135603_starea.cdf,46,19931107_135603_starea.cdf#46,raw,9,"8,9,10,11",,
0.01,177753150.63357985,0.0,0.0099609375,1024,10240,102,102,102,conservative_topk_strict_gt,IPIX_Dartmouth,19931107_135603_starea.cdf,46,19931107_135603_starea.cdf#46,raw,9,"8,9,10,11",,
1e-05,56291.97220845807,0.0,0.0,1024,10240,0,0,0,conservative_topk_strict_gt,IPIX_Dartmouth,19931107_135603_starea.cdf,46,19931107_135603_starea.cdf#46,low_rank_residual_k30,9,"8,9,10,11",,
3e-05,56291.97220845807,0.0,0.0,1024,10240,0,0,0,conservative_topk_strict_gt,IPIX_Dartmouth,19931107_135603_starea.cdf,46,19931107_135603_starea.cdf#46,low_rank_residual_k30,9,"8,9,10,11",,
0.0001,53263.97831657399,0.0,9.765625e-05,1024,10240,1,1,1,conservative_topk_strict_gt,IPIX_Dartmouth,19931107_135603_starea.cdf,46,19931107_135603_starea.cdf#46,low_rank_residual_k30,9,"8,9,10,11",,
0.0003,52230.128338933806,0.0,0.00029296875,1024,10240,3,3,3,conservative_topk_strict_gt,IPIX_Dartmouth,19931107_135603_starea.cdf,46,19931107_135603_starea.cdf#46,low_rank_residual_k30,9,"8,9,10,11",,
0.001,35480.406817290175,0.0,0.0009765625,1024,10240,10,10,11,conservative_topk_strict_gt,IPIX_Dartmouth,19931107_135603_starea.cdf,46,19931107_135603_starea.cdf#46,low_rank_residual_k30,9,"8,9,10,11",,
0.003,21644.097908529096,0.0048828125,0.0029296875,1024,10240,30,30,37,conservative_topk_strict_gt,IPIX_Dartmouth,19931107_135603_starea.cdf,46,19931107_135603_starea.cdf#46,low_rank_residual_k30,9,"8,9,10,11",,
0.01,9304.51551143831,0.033203125,0.0099609375,1024,10240,102,102,162,conservative_topk_strict_gt,IPIX_Dartmouth,19931107_135603_starea.cdf,46,19931107_135603_starea.cdf#46,low_rank_residual_k30,9,"8,9,10,11",,
1e-05,494634049.9518288,0.0,0.0,1024,10240,0,0,0,conservative_topk_strict_gt,IPIX_Dartmouth,19931107_135603_starea.cdf,46,19931107_135603_starea.cdf#46,tpsscs_trainable_gate,9,"8,9,10,11",,
3e-05,494634049.9518288,0.0,0.0,1024,10240,0,0,0,conservative_topk_strict_gt,IPIX_Dartmouth,19931107_135603_starea.cdf,46,19931107_135603_starea.cdf#46,tpsscs_trainable_gate,9,"8,9,10,11",,
0.0001,340567746.2365174,0.0,9.765625e-05,1024,10240,1,1,1,conservative_topk_strict_gt,IPIX_Dartmouth,19931107_135603_starea.cdf,46,19931107_135603_starea.cdf#46,tpsscs_trainable_gate,9,"8,9,10,11",,
0.0003,202638000.37088034,0.0,0.00029296875,1024,10240,3,3,3,conservative_topk_strict_gt,IPIX_Dartmouth,19931107_135603_starea.cdf,46,19931107_135603_starea.cdf#46,tpsscs_trainable_gate,9,"8,9,10,11",,
0.001,147084889.46756107,0.0,0.0009765625,1024,10240,10,10,10,conservative_topk_strict_gt,IPIX_Dartmouth,19931107_135603_starea.cdf,46,19931107_135603_starea.cdf#46,tpsscs_trainable_gate,9,"8,9,10,11",,
0.003,87754431.56913008,0.0,0.0029296875,1024,10240,30,30,30,conservative_topk_strict_gt,IPIX_Dartmouth,19931107_135603_starea.cdf,46,19931107_135603_starea.cdf#46,tpsscs_trainable_gate,9,"8,9,10,11",,
0.01,39273669.042381175,0.0,0.0099609375,1024,10240,102,102,102,conservative_topk_strict_gt,IPIX_Dartmouth,19931107_135603_starea.cdf,46,19931107_135603_starea.cdf#46,tpsscs_trainable_gate,9,"8,9,10,11",,
1e-05,,0.0,0.0,1024,10240,0,0,0,residual_cfar_plus_zero_false_gate_union,IPIX_Dartmouth,19931107_135603_starea.cdf,46,19931107_135603_starea.cdf#46,tpsscs_finished_detector,9,"8,9,10,11",56291.97220845806,494634049.9518288
3e-05,,0.0,0.0,1024,10240,0,0,0,residual_cfar_plus_zero_false_gate_union,IPIX_Dartmouth,19931107_135603_starea.cdf,46,19931107_135603_starea.cdf#46,tpsscs_finished_detector,9,"8,9,10,11",56291.97220845806,494634049.9518288
0.0001,,0.0,9.765625e-05,1024,10240,1,1,1,residual_cfar_plus_zero_false_gate_union,IPIX_Dartmouth,19931107_135603_starea.cdf,46,19931107_135603_starea.cdf#46,tpsscs_finished_detector,9,"8,9,10,11",53263.97831657342,494634049.9518288
0.0003,,0.0,0.00029296875,1024,10240,3,3,3,residual_cfar_plus_zero_false_gate_union,IPIX_Dartmouth,19931107_135603_starea.cdf,46,19931107_135603_starea.cdf#46,tpsscs_finished_detector,9,"8,9,10,11",52230.128338933544,494634049.9518288
0.001,,0.0,0.0009765625,1024,10240,10,10,11,residual_cfar_plus_zero_false_gate_union,IPIX_Dartmouth,19931107_135603_starea.cdf,46,19931107_135603_starea.cdf#46,tpsscs_finished_detector,9,"8,9,10,11",35480.40681729031,494634049.9518288
0.003,,0.0048828125,0.0029296875,1024,10240,30,30,37,residual_cfar_plus_zero_false_gate_union,IPIX_Dartmouth,19931107_135603_starea.cdf,46,19931107_135603_starea.cdf#46,tpsscs_finished_detector,9,"8,9,10,11",21644.09790852929,494634049.9518288
0.01,,0.033203125,0.0099609375,1024,10240,102,102,162,residual_cfar_plus_zero_false_gate_union,IPIX_Dartmouth,19931107_135603_starea.cdf,46,19931107_135603_starea.cdf#46,tpsscs_finished_detector,9,"8,9,10,11",9304.515511438949,494634049.9518288
1e-05,936411453.853325,0.0,0.0,1024,10240,0,0,0,conservative_topk_strict_gt,IPIX_Dartmouth,19931107_135603_starea.cdf,47,19931107_135603_starea.cdf#47,raw,9,"8,9,10,11",,
3e-05,936411453.853325,0.0,0.0,1024,10240,0,0,0,conservative_topk_strict_gt,IPIX_Dartmouth,19931107_135603_starea.cdf,47,19931107_135603_starea.cdf#47,raw,9,"8,9,10,11",,
0.0001,798719619.331523,0.0,9.765625e-05,1024,10240,1,1,1,conservative_topk_strict_gt,IPIX_Dartmouth,19931107_135603_starea.cdf,47,19931107_135603_starea.cdf#47,raw,9,"8,9,10,11",,
0.0003,746997620.4249511,0.0,0.00029296875,1024,10240,3,3,3,conservative_topk_strict_gt,IPIX_Dartmouth,19931107_135603_starea.cdf,47,19931107_135603_starea.cdf#47,raw,9,"8,9,10,11",,
0.001,545939273.8317347,0.0,0.0009765625,1024,10240,10,10,10,conservative_topk_strict_gt,IPIX_Dartmouth,19931107_135603_starea.cdf,47,19931107_135603_starea.cdf#47,raw,9,"8,9,10,11",,
0.003,341234136.5589393,0.0,0.0029296875,1024,10240,30,30,30,conservative_topk_strict_gt,IPIX_Dartmouth,19931107_135603_starea.cdf,47,19931107_135603_starea.cdf#47,raw,9,"8,9,10,11",,
0.01,198985309.9667204,0.0,0.0099609375,1024,10240,102,102,102,conservative_topk_strict_gt,IPIX_Dartmouth,19931107_135603_starea.cdf,47,19931107_135603_starea.cdf#47,raw,9,"8,9,10,11",,
1e-05,128250.56488616014,0.0,0.0,1024,10240,0,0,0,conservative_topk_strict_gt,IPIX_Dartmouth,19931107_135603_starea.cdf,47,19931107_135603_starea.cdf#47,low_rank_residual_k30,9,"8,9,10,11",,
3e-05,128250.56488616014,0.0,0.0,1024,10240,0,0,0,conservative_topk_strict_gt,IPIX_Dartmouth,19931107_135603_starea.cdf,47,19931107_135603_starea.cdf#47,low_rank_residual_k30,9,"8,9,10,11",,
0.0001,95198.79465898559,0.0,9.765625e-05,1024,10240,1,1,1,conservative_topk_strict_gt,IPIX_Dartmouth,19931107_135603_starea.cdf,47,19931107_135603_starea.cdf#47,low_rank_residual_k30,9,"8,9,10,11",,
0.0003,89586.34167600848,0.0,0.00029296875,1024,10240,3,3,3,conservative_topk_strict_gt,IPIX_Dartmouth,19931107_135603_starea.cdf,47,19931107_135603_starea.cdf#47,low_rank_residual_k30,9,"8,9,10,11",,
0.001,73741.85411698224,0.0,0.0009765625,1024,10240,10,10,10,conservative_topk_strict_gt,IPIX_Dartmouth,19931107_135603_starea.cdf,47,19931107_135603_starea.cdf#47,low_rank_residual_k30,9,"8,9,10,11",,
0.003,46376.28670404146,0.0,0.0029296875,1024,10240,30,30,35,conservative_topk_strict_gt,IPIX_Dartmouth,19931107_135603_starea.cdf,47,19931107_135603_starea.cdf#47,low_rank_residual_k30,9,"8,9,10,11",,
0.01,23765.740873463903,0.0009765625,0.0099609375,1024,10240,102,102,127,conservative_topk_strict_gt,IPIX_Dartmouth,19931107_135603_starea.cdf,47,19931107_135603_starea.cdf#47,low_rank_residual_k30,9,"8,9,10,11",,
1e-05,748817747.7984052,0.0,0.0,1024,10240,0,0,0,conservative_topk_strict_gt,IPIX_Dartmouth,19931107_135603_starea.cdf,47,19931107_135603_starea.cdf#47,tpsscs_trainable_gate,9,"8,9,10,11",,
3e-05,748817747.7984052,0.0,0.0,1024,10240,0,0,0,conservative_topk_strict_gt,IPIX_Dartmouth,19931107_135603_starea.cdf,47,19931107_135603_starea.cdf#47,tpsscs_trainable_gate,9,"8,9,10,11",,
0.0001,658489485.9600265,0.0,9.765625e-05,1024,10240,1,1,1,conservative_topk_strict_gt,IPIX_Dartmouth,19931107_135603_starea.cdf,47,19931107_135603_starea.cdf#47,tpsscs_trainable_gate,9,"8,9,10,11",,
0.0003,482807818.7574309,0.0,0.00029296875,1024,10240,3,3,3,conservative_topk_strict_gt,IPIX_Dartmouth,19931107_135603_starea.cdf,47,19931107_135603_starea.cdf#47,tpsscs_trainable_gate,9,"8,9,10,11",,
0.001,359465253.5565715,0.0,0.0009765625,1024,10240,10,10,10,conservative_topk_strict_gt,IPIX_Dartmouth,19931107_135603_starea.cdf,47,19931107_135603_starea.cdf#47,tpsscs_trainable_gate,9,"8,9,10,11",,
0.003,233216741.7777325,0.0,0.0029296875,1024,10240,30,30,30,conservative_topk_strict_gt,IPIX_Dartmouth,19931107_135603_starea.cdf,47,19931107_135603_starea.cdf#47,tpsscs_trainable_gate,9,"8,9,10,11",,
0.01,107799218.9915125,0.0,0.0099609375,1024,10240,102,102,102,conservative_topk_strict_gt,IPIX_Dartmouth,19931107_135603_starea.cdf,47,19931107_135603_starea.cdf#47,tpsscs_trainable_gate,9,"8,9,10,11",,
1e-05,,0.0,0.0,1024,10240,0,0,0,residual_cfar_plus_zero_false_gate_union,IPIX_Dartmouth,19931107_135603_starea.cdf,47,19931107_135603_starea.cdf#47,tpsscs_finished_detector,9,"8,9,10,11",128250.56488615929,748817747.7984052
3e-05,,0.0,0.0,1024,10240,0,0,0,residual_cfar_plus_zero_false_gate_union,IPIX_Dartmouth,19931107_135603_starea.cdf,47,19931107_135603_starea.cdf#47,tpsscs_finished_detector,9,"8,9,10,11",128250.56488615929,748817747.7984052
0.0001,,0.0,9.765625e-05,1024,10240,1,1,1,residual_cfar_plus_zero_false_gate_union,IPIX_Dartmouth,19931107_135603_starea.cdf,47,19931107_135603_starea.cdf#47,tpsscs_finished_detector,9,"8,9,10,11",95198.79465898577,748817747.7984052
0.0003,,0.0,0.00029296875,1024,10240,3,3,3,residual_cfar_plus_zero_false_gate_union,IPIX_Dartmouth,19931107_135603_starea.cdf,47,19931107_135603_starea.cdf#47,tpsscs_finished_detector,9,"8,9,10,11",89586.34167600737,748817747.7984052
0.001,,0.0,0.0009765625,1024,10240,10,10,10,residual_cfar_plus_zero_false_gate_union,IPIX_Dartmouth,19931107_135603_starea.cdf,47,19931107_135603_starea.cdf#47,tpsscs_finished_detector,9,"8,9,10,11",73741.85411698338,748817747.7984052
0.003,,0.0,0.0029296875,1024,10240,30,30,35,residual_cfar_plus_zero_false_gate_union,IPIX_Dartmouth,19931107_135603_starea.cdf,47,19931107_135603_starea.cdf#47,tpsscs_finished_detector,9,"8,9,10,11",46376.28670404179,748817747.7984052
0.01,,0.0009765625,0.0099609375,1024,10240,102,102,127,residual_cfar_plus_zero_false_gate_union,IPIX_Dartmouth,19931107_135603_starea.cdf,47,19931107_135603_starea.cdf#47,tpsscs_finished_detector,9,"8,9,10,11",23765.74087346412,748817747.7984052
1e-05,1106064011.545467,0.0,0.0,1024,10240,0,0,0,conservative_topk_strict_gt,IPIX_Dartmouth,19931107_135603_starea.cdf,48,19931107_135603_starea.cdf#48,raw,9,"8,9,10,11",,
3e-05,1106064011.545467,0.0,0.0,1024,10240,0,0,0,conservative_topk_strict_gt,IPIX_Dartmouth,19931107_135603_starea.cdf,48,19931107_135603_starea.cdf#48,raw,9,"8,9,10,11",,
0.0001,928856140.5368614,0.0,9.765625e-05,1024,10240,1,1,1,conservative_topk_strict_gt,IPIX_Dartmouth,19931107_135603_starea.cdf,48,19931107_135603_starea.cdf#48,raw,9,"8,9,10,11",,
0.0003,770909713.4705961,0.0,0.00029296875,1024,10240,3,3,3,conservative_topk_strict_gt,IPIX_Dartmouth,19931107_135603_starea.cdf,48,19931107_135603_starea.cdf#48,raw,9,"8,9,10,11",,
0.001,529898458.44899404,0.0,0.0009765625,1024,10240,10,10,10,conservative_topk_strict_gt,IPIX_Dartmouth,19931107_135603_starea.cdf,48,19931107_135603_starea.cdf#48,raw,9,"8,9,10,11",,
0.003,403459066.08126116,0.0,0.0029296875,1024,10240,30,30,30,conservative_topk_strict_gt,IPIX_Dartmouth,19931107_135603_starea.cdf,48,19931107_135603_starea.cdf#48,raw,9,"8,9,10,11",,
0.01,249359412.90752676,0.0,0.0099609375,1024,10240,102,102,102,conservative_topk_strict_gt,IPIX_Dartmouth,19931107_135603_starea.cdf,48,19931107_135603_starea.cdf#48,raw,9,"8,9,10,11",,
1e-05,77900.23032542272,0.0,0.0,1024,10240,0,0,2,conservative_topk_strict_gt,IPIX_Dartmouth,19931107_135603_starea.cdf,48,19931107_135603_starea.cdf#48,low_rank_residual_k30,9,"8,9,10,11",,
3e-05,77900.23032542272,0.0,0.0,1024,10240,0,0,2,conservative_topk_strict_gt,IPIX_Dartmouth,19931107_135603_starea.cdf,48,19931107_135603_starea.cdf#48,low_rank_residual_k30,9,"8,9,10,11",,
0.0001,66910.68264780386,0.0,9.765625e-05,1024,10240,1,1,4,conservative_topk_strict_gt,IPIX_Dartmouth,19931107_135603_starea.cdf,48,19931107_135603_starea.cdf#48,low_rank_residual_k30,9,"8,9,10,11",,
0.0003,54108.97652889629,0.0,0.00029296875,1024,10240,3,3,8,conservative_topk_strict_gt,IPIX_Dartmouth,19931107_135603_starea.cdf,48,19931107_135603_starea.cdf#48,low_rank_residual_k30,9,"8,9,10,11",,
0.001,32570.83730959016,0.0048828125,0.0009765625,1024,10240,10,10,44,conservative_topk_strict_gt,IPIX_Dartmouth,19931107_135603_starea.cdf,48,19931107_135603_starea.cdf#48,low_rank_residual_k30,9,"8,9,10,11",,
0.003,20964.759500700202,0.0146484375,0.0029296875,1024,10240,30,30,118,conservative_topk_strict_gt,IPIX_Dartmouth,19931107_135603_starea.cdf,48,19931107_135603_starea.cdf#48,low_rank_residual_k30,9,"8,9,10,11",,
0.01,11316.551840506248,0.0380859375,0.0099609375,1024,10240,102,102,266,conservative_topk_strict_gt,IPIX_Dartmouth,19931107_135603_starea.cdf,48,19931107_135603_starea.cdf#48,low_rank_residual_k30,9,"8,9,10,11",,
1e-05,702803816.7016041,0.0,0.0,1024,10240,0,0,0,conservative_topk_strict_gt,IPIX_Dartmouth,19931107_135603_starea.cdf,48,19931107_135603_starea.cdf#48,tpsscs_trainable_gate,9,"8,9,10,11",,
3e-05,702803816.7016041,0.0,0.0,1024,10240,0,0,0,conservative_topk_strict_gt,IPIX_Dartmouth,19931107_135603_starea.cdf,48,19931107_135603_starea.cdf#48,tpsscs_trainable_gate,9,"8,9,10,11",,
0.0001,600971465.5228657,0.0,9.765625e-05,1024,10240,1,1,1,conservative_topk_strict_gt,IPIX_Dartmouth,19931107_135603_starea.cdf,48,19931107_135603_starea.cdf#48,tpsscs_trainable_gate,9,"8,9,10,11",,
0.0003,451221570.44974506,0.0,0.00029296875,1024,10240,3,3,3,conservative_topk_strict_gt,IPIX_Dartmouth,19931107_135603_starea.cdf,48,19931107_135603_starea.cdf#48,tpsscs_trainable_gate,9,"8,9,10,11",,
0.001,386537326.6964525,0.0,0.0009765625,1024,10240,10,10,10,conservative_topk_strict_gt,IPIX_Dartmouth,19931107_135603_starea.cdf,48,19931107_135603_starea.cdf#48,tpsscs_trainable_gate,9,"8,9,10,11",,
0.003,291841133.9412993,0.0,0.0029296875,1024,10240,30,30,30,conservative_topk_strict_gt,IPIX_Dartmouth,19931107_135603_starea.cdf,48,19931107_135603_starea.cdf#48,tpsscs_trainable_gate,9,"8,9,10,11",,
0.01,120242803.04993665,0.0,0.0099609375,1024,10240,102,102,102,conservative_topk_strict_gt,IPIX_Dartmouth,19931107_135603_starea.cdf,48,19931107_135603_starea.cdf#48,tpsscs_trainable_gate,9,"8,9,10,11",,
1e-05,,0.0,0.0,1024,10240,0,0,2,residual_cfar_plus_zero_false_gate_union,IPIX_Dartmouth,19931107_135603_starea.cdf,48,19931107_135603_starea.cdf#48,tpsscs_finished_detector,9,"8,9,10,11",77900.23032542155,702803816.7016041
3e-05,,0.0,0.0,1024,10240,0,0,2,residual_cfar_plus_zero_false_gate_union,IPIX_Dartmouth,19931107_135603_starea.cdf,48,19931107_135603_starea.cdf#48,tpsscs_finished_detector,9,"8,9,10,11",77900.23032542155,702803816.7016041
0.0001,,0.0,9.765625e-05,1024,10240,1,1,4,residual_cfar_plus_zero_false_gate_union,IPIX_Dartmouth,19931107_135603_starea.cdf,48,19931107_135603_starea.cdf#48,tpsscs_finished_detector,9,"8,9,10,11",66910.68264780374,702803816.7016041
0.0003,,0.0,0.00029296875,1024,10240,3,3,8,residual_cfar_plus_zero_false_gate_union,IPIX_Dartmouth,19931107_135603_starea.cdf,48,19931107_135603_starea.cdf#48,tpsscs_finished_detector,9,"8,9,10,11",54108.9765288965,702803816.7016041
0.001,,0.0048828125,0.0009765625,1024,10240,10,10,44,residual_cfar_plus_zero_false_gate_union,IPIX_Dartmouth,19931107_135603_starea.cdf,48,19931107_135603_starea.cdf#48,tpsscs_finished_detector,9,"8,9,10,11",32570.837309590093,702803816.7016041
0.003,,0.0146484375,0.0029296875,1024,10240,30,30,118,residual_cfar_plus_zero_false_gate_union,IPIX_Dartmouth,19931107_135603_starea.cdf,48,19931107_135603_starea.cdf#48,tpsscs_finished_detector,9,"8,9,10,11",20964.75950069967,702803816.7016041
0.01,,0.0380859375,0.0099609375,1024,10240,102,102,266,residual_cfar_plus_zero_false_gate_union,IPIX_Dartmouth,19931107_135603_starea.cdf,48,19931107_135603_starea.cdf#48,tpsscs_finished_detector,9,"8,9,10,11",11316.551840506385,702803816.7016041
1e-05,783997493.1435914,0.0,0.0,1024,10240,0,0,0,conservative_topk_strict_gt,IPIX_Dartmouth,19931107_135603_starea.cdf,49,19931107_135603_starea.cdf#49,raw,9,"8,9,10,11",,
3e-05,783997493.1435914,0.0,0.0,1024,10240,0,0,0,conservative_topk_strict_gt,IPIX_Dartmouth,19931107_135603_starea.cdf,49,19931107_135603_starea.cdf#49,raw,9,"8,9,10,11",,
0.0001,776245242.8837322,0.0,9.765625e-05,1024,10240,1,1,1,conservative_topk_strict_gt,IPIX_Dartmouth,19931107_135603_starea.cdf,49,19931107_135603_starea.cdf#49,raw,9,"8,9,10,11",,
0.0003,709638078.1514492,0.0,0.00029296875,1024,10240,3,3,3,conservative_topk_strict_gt,IPIX_Dartmouth,19931107_135603_starea.cdf,49,19931107_135603_starea.cdf#49,raw,9,"8,9,10,11",,
0.001,454079963.57993114,0.0,0.0009765625,1024,10240,10,10,10,conservative_topk_strict_gt,IPIX_Dartmouth,19931107_135603_starea.cdf,49,19931107_135603_starea.cdf#49,raw,9,"8,9,10,11",,
0.003,338642267.04786116,0.0,0.0029296875,1024,10240,30,30,30,conservative_topk_strict_gt,IPIX_Dartmouth,19931107_135603_starea.cdf,49,19931107_135603_starea.cdf#49,raw,9,"8,9,10,11",,
0.01,181437831.30445492,0.0048828125,0.0099609375,1024,10240,102,102,109,conservative_topk_strict_gt,IPIX_Dartmouth,19931107_135603_starea.cdf,49,19931107_135603_starea.cdf#49,raw,9,"8,9,10,11",,
1e-05,255039.36127984623,0.0,0.0,1024,10240,0,0,118,conservative_topk_strict_gt,IPIX_Dartmouth,19931107_135603_starea.cdf,49,19931107_135603_starea.cdf#49,low_rank_residual_k30,9,"8,9,10,11",,
3e-05,255039.36127984623,0.0,0.0,1024,10240,0,0,118,conservative_topk_strict_gt,IPIX_Dartmouth,19931107_135603_starea.cdf,49,19931107_135603_starea.cdf#49,low_rank_residual_k30,9,"8,9,10,11",,
0.0001,251264.72805829375,0.0,9.765625e-05,1024,10240,1,1,122,conservative_topk_strict_gt,IPIX_Dartmouth,19931107_135603_starea.cdf,49,19931107_135603_starea.cdf#49,low_rank_residual_k30,9,"8,9,10,11",,
0.0003,212026.5244853246,0.0,0.00029296875,1024,10240,3,3,177,conservative_topk_strict_gt,IPIX_Dartmouth,19931107_135603_starea.cdf,49,19931107_135603_starea.cdf#49,low_rank_residual_k30,9,"8,9,10,11",,
0.001,151601.25366092302,0.0,0.0009765625,1024,10240,10,10,296,conservative_topk_strict_gt,IPIX_Dartmouth,19931107_135603_starea.cdf,49,19931107_135603_starea.cdf#49,low_rank_residual_k30,9,"8,9,10,11",,
0.003,97509.90571049013,0.0,0.0029296875,1024,10240,30,30,487,conservative_topk_strict_gt,IPIX_Dartmouth,19931107_135603_starea.cdf,49,19931107_135603_starea.cdf#49,low_rank_residual_k30,9,"8,9,10,11",,
0.01,54615.30963528896,0.0,0.0099609375,1024,10240,102,102,746,conservative_topk_strict_gt,IPIX_Dartmouth,19931107_135603_starea.cdf,49,19931107_135603_starea.cdf#49,low_rank_residual_k30,9,"8,9,10,11",,
1e-05,268994566.1625061,0.0,0.0,1024,10240,0,0,0,conservative_topk_strict_gt,IPIX_Dartmouth,19931107_135603_starea.cdf,49,19931107_135603_starea.cdf#49,tpsscs_trainable_gate,9,"8,9,10,11",,
3e-05,268994566.1625061,0.0,0.0,1024,10240,0,0,0,conservative_topk_strict_gt,IPIX_Dartmouth,19931107_135603_starea.cdf,49,19931107_135603_starea.cdf#49,tpsscs_trainable_gate,9,"8,9,10,11",,
0.0001,193929094.98057783,0.0,9.765625e-05,1024,10240,1,1,1,conservative_topk_strict_gt,IPIX_Dartmouth,19931107_135603_starea.cdf,49,19931107_135603_starea.cdf#49,tpsscs_trainable_gate,9,"8,9,10,11",,
0.0003,168664870.6182407,0.0,0.00029296875,1024,10240,3,3,3,conservative_topk_strict_gt,IPIX_Dartmouth,19931107_135603_starea.cdf,49,19931107_135603_starea.cdf#49,tpsscs_trainable_gate,9,"8,9,10,11",,
0.001,131646700.19313829,0.0,0.0009765625,1024,10240,10,10,10,conservative_topk_strict_gt,IPIX_Dartmouth,19931107_135603_starea.cdf,49,19931107_135603_starea.cdf#49,tpsscs_trainable_gate,9,"8,9,10,11",,
0.003,47183112.752695754,0.0009765625,0.0029296875,1024,10240,30,30,43,conservative_topk_strict_gt,IPIX_Dartmouth,19931107_135603_starea.cdf,49,19931107_135603_starea.cdf#49,tpsscs_trainable_gate,9,"8,9,10,11",,
0.01,9588977.169079186,0.0078125,0.0099609375,1024,10240,102,102,173,conservative_topk_strict_gt,IPIX_Dartmouth,19931107_135603_starea.cdf,49,19931107_135603_starea.cdf#49,tpsscs_trainable_gate,9,"8,9,10,11",,
1e-05,,0.0,0.0,1024,10240,0,0,118,residual_cfar_plus_zero_false_gate_union,IPIX_Dartmouth,19931107_135603_starea.cdf,49,19931107_135603_starea.cdf#49,tpsscs_finished_detector,9,"8,9,10,11",255039.3612798432,268994566.1625061
3e-05,,0.0,0.0,1024,10240,0,0,118,residual_cfar_plus_zero_false_gate_union,IPIX_Dartmouth,19931107_135603_starea.cdf,49,19931107_135603_starea.cdf#49,tpsscs_finished_detector,9,"8,9,10,11",255039.3612798432,268994566.1625061
0.0001,,0.0,9.765625e-05,1024,10240,1,1,122,residual_cfar_plus_zero_false_gate_union,IPIX_Dartmouth,19931107_135603_starea.cdf,49,19931107_135603_starea.cdf#49,tpsscs_finished_detector,9,"8,9,10,11",251264.728058297,268994566.1625061
0.0003,,0.0,0.00029296875,1024,10240,3,3,177,residual_cfar_plus_zero_false_gate_union,IPIX_Dartmouth,19931107_135603_starea.cdf,49,19931107_135603_starea.cdf#49,tpsscs_finished_detector,9,"8,9,10,11",212026.52448532498,268994566.1625061
0.001,,0.0,0.0009765625,1024,10240,10,10,296,residual_cfar_plus_zero_false_gate_union,IPIX_Dartmouth,19931107_135603_starea.cdf,49,19931107_135603_starea.cdf#49,tpsscs_finished_detector,9,"8,9,10,11",151601.25366092316,268994566.1625061
0.003,,0.0,0.0029296875,1024,10240,30,30,487,residual_cfar_plus_zero_false_gate_union,IPIX_Dartmouth,19931107_135603_starea.cdf,49,19931107_135603_starea.cdf#49,tpsscs_finished_detector,9,"8,9,10,11",97509.9057104883,268994566.1625061
0.01,,0.0,0.0099609375,1024,10240,102,102,746,residual_cfar_plus_zero_false_gate_union,IPIX_Dartmouth,19931107_135603_starea.cdf,49,19931107_135603_starea.cdf#49,tpsscs_finished_detector,9,"8,9,10,11",54615.309635288795,268994566.1625061
1e-05,718990193.5602325,0.0,0.0,1024,10240,0,0,0,conservative_topk_strict_gt,IPIX_Dartmouth,19931107_135603_starea.cdf,50,19931107_135603_starea.cdf#50,raw,9,"8,9,10,11",,
3e-05,718990193.5602325,0.0,0.0,1024,10240,0,0,0,conservative_topk_strict_gt,IPIX_Dartmouth,19931107_135603_starea.cdf,50,19931107_135603_starea.cdf#50,raw,9,"8,9,10,11",,
0.0001,535455862.19840926,0.0,9.765625e-05,1024,10240,1,1,1,conservative_topk_strict_gt,IPIX_Dartmouth,19931107_135603_starea.cdf,50,19931107_135603_starea.cdf#50,raw,9,"8,9,10,11",,
0.0003,473899223.67719793,0.0,0.00029296875,1024,10240,3,3,3,conservative_topk_strict_gt,IPIX_Dartmouth,19931107_135603_starea.cdf,50,19931107_135603_starea.cdf#50,raw,9,"8,9,10,11",,
0.001,342321235.7257799,0.0009765625,0.0009765625,1024,10240,10,10,12,conservative_topk_strict_gt,IPIX_Dartmouth,19931107_135603_starea.cdf,50,19931107_135603_starea.cdf#50,raw,9,"8,9,10,11",,
0.003,163384215.23023155,0.0078125,0.0029296875,1024,10240,30,30,44,conservative_topk_strict_gt,IPIX_Dartmouth,19931107_135603_starea.cdf,50,19931107_135603_starea.cdf#50,raw,9,"8,9,10,11",,
0.01,71995650.79622507,0.03125,0.0099609375,1024,10240,102,102,161,conservative_topk_strict_gt,IPIX_Dartmouth,19931107_135603_starea.cdf,50,19931107_135603_starea.cdf#50,raw,9,"8,9,10,11",,
1e-05,174153.28079036233,0.0,0.0,1024,10240,0,0,0,conservative_topk_strict_gt,IPIX_Dartmouth,19931107_135603_starea.cdf,50,19931107_135603_starea.cdf#50,low_rank_residual_k30,9,"8,9,10,11",,
3e-05,174153.28079036233,0.0,0.0,1024,10240,0,0,0,conservative_topk_strict_gt,IPIX_Dartmouth,19931107_135603_starea.cdf,50,19931107_135603_starea.cdf#50,low_rank_residual_k30,9,"8,9,10,11",,
0.0001,151084.62102064796,0.0,9.765625e-05,1024,10240,1,1,1,conservative_topk_strict_gt,IPIX_Dartmouth,19931107_135603_starea.cdf,50,19931107_135603_starea.cdf#50,low_rank_residual_k30,9,"8,9,10,11",,
0.0003,145728.6711794797,0.0,0.00029296875,1024,10240,3,3,3,conservative_topk_strict_gt,IPIX_Dartmouth,19931107_135603_starea.cdf,50,19931107_135603_starea.cdf#50,low_rank_residual_k30,9,"8,9,10,11",,
0.001,129443.98299934773,0.0,0.0009765625,1024,10240,10,10,10,conservative_topk_strict_gt,IPIX_Dartmouth,19931107_135603_starea.cdf,50,19931107_135603_starea.cdf#50,low_rank_residual_k30,9,"8,9,10,11",,
0.003,87058.33903460078,0.0,0.0029296875,1024,10240,30,30,30,conservative_topk_strict_gt,IPIX_Dartmouth,19931107_135603_starea.cdf,50,19931107_135603_starea.cdf#50,low_rank_residual_k30,9,"8,9,10,11",,
0.01,48881.25051910344,0.0,0.0099609375,1024,10240,102,102,106,conservative_topk_strict_gt,IPIX_Dartmouth,19931107_135603_starea.cdf,50,19931107_135603_starea.cdf#50,low_rank_residual_k30,9,"8,9,10,11",,
1e-05,159158153.89010778,0.0,0.0,1024,10240,0,0,1,conservative_topk_strict_gt,IPIX_Dartmouth,19931107_135603_starea.cdf,50,19931107_135603_starea.cdf#50,tpsscs_trainable_gate,9,"8,9,10,11",,
3e-05,159158153.89010778,0.0,0.0,1024,10240,0,0,1,conservative_topk_strict_gt,IPIX_Dartmouth,19931107_135603_starea.cdf,50,19931107_135603_starea.cdf#50,tpsscs_trainable_gate,9,"8,9,10,11",,
0.0001,87342472.22537635,0.0029296875,9.765625e-05,1024,10240,1,1,8,conservative_topk_strict_gt,IPIX_Dartmouth,19931107_135603_starea.cdf,50,19931107_135603_starea.cdf#50,tpsscs_trainable_gate,9,"8,9,10,11",,
0.0003,37517510.69179619,0.005859375,0.00029296875,1024,10240,3,3,30,conservative_topk_strict_gt,IPIX_Dartmouth,19931107_135603_starea.cdf,50,19931107_135603_starea.cdf#50,tpsscs_trainable_gate,9,"8,9,10,11",,
0.001,25681120.30612,0.0087890625,0.0009765625,1024,10240,10,10,46,conservative_topk_strict_gt,IPIX_Dartmouth,19931107_135603_starea.cdf,50,19931107_135603_starea.cdf#50,tpsscs_trainable_gate,9,"8,9,10,11",,
0.003,14589548.042028163,0.0146484375,0.0029296875,1024,10240,30,30,85,conservative_topk_strict_gt,IPIX_Dartmouth,19931107_135603_starea.cdf,50,19931107_135603_starea.cdf#50,tpsscs_trainable_gate,9,"8,9,10,11",,
0.01,3872695.7736915387,0.0361328125,0.0099609375,1024,10240,102,102,239,conservative_topk_strict_gt,IPIX_Dartmouth,19931107_135603_starea.cdf,50,19931107_135603_starea.cdf#50,tpsscs_trainable_gate,9,"8,9,10,11",,
1e-05,,0.0,0.0,1024,10240,0,0,1,residual_cfar_plus_zero_false_gate_union,IPIX_Dartmouth,19931107_135603_starea.cdf,50,19931107_135603_starea.cdf#50,tpsscs_finished_detector,9,"8,9,10,11",174153.2807903631,159158153.89010778
3e-05,,0.0,0.0,1024,10240,0,0,1,residual_cfar_plus_zero_false_gate_union,IPIX_Dartmouth,19931107_135603_starea.cdf,50,19931107_135603_starea.cdf#50,tpsscs_finished_detector,9,"8,9,10,11",174153.2807903631,159158153.89010778
0.0001,,0.0,9.765625e-05,1024,10240,1,1,2,residual_cfar_plus_zero_false_gate_union,IPIX_Dartmouth,19931107_135603_starea.cdf,50,19931107_135603_starea.cdf#50,tpsscs_finished_detector,9,"8,9,10,11",151084.62102064677,159158153.89010778
0.0003,,0.0,0.00029296875,1024,10240,3,3,4,residual_cfar_plus_zero_false_gate_union,IPIX_Dartmouth,19931107_135603_starea.cdf,50,19931107_135603_starea.cdf#50,tpsscs_finished_detector,9,"8,9,10,11",145728.67117948225,159158153.89010778
0.001,,0.0,0.0009765625,1024,10240,10,10,11,residual_cfar_plus_zero_false_gate_union,IPIX_Dartmouth,19931107_135603_starea.cdf,50,19931107_135603_starea.cdf#50,tpsscs_finished_detector,9,"8,9,10,11",129443.982999349,159158153.89010778
0.003,,0.0,0.0029296875,1024,10240,30,30,31,residual_cfar_plus_zero_false_gate_union,IPIX_Dartmouth,19931107_135603_starea.cdf,50,19931107_135603_starea.cdf#50,tpsscs_finished_detector,9,"8,9,10,11",87058.33903460107,159158153.89010778
0.01,,0.0,0.0099609375,1024,10240,102,102,107,residual_cfar_plus_zero_false_gate_union,IPIX_Dartmouth,19931107_135603_starea.cdf,50,19931107_135603_starea.cdf#50,tpsscs_finished_detector,9,"8,9,10,11",48881.2505191034,159158153.89010778
1e-05,268665265.2557128,0.0361328125,0.0,1024,10240,0,0,91,conservative_topk_strict_gt,IPIX_Dartmouth,19931107_135603_starea.cdf,51,19931107_135603_starea.cdf#51,raw,9,"8,9,10,11",,
3e-05,268665265.2557128,0.0361328125,0.0,1024,10240,0,0,91,conservative_topk_strict_gt,IPIX_Dartmouth,19931107_135603_starea.cdf,51,19931107_135603_starea.cdf#51,raw,9,"8,9,10,11",,
0.0001,268255953.3603839,0.0361328125,9.765625e-05,1024,10240,1,1,92,conservative_topk_strict_gt,IPIX_Dartmouth,19931107_135603_starea.cdf,51,19931107_135603_starea.cdf#51,raw,9,"8,9,10,11",,
0.0003,203140569.58433574,0.0439453125,0.00029296875,1024,10240,3,3,116,conservative_topk_strict_gt,IPIX_Dartmouth,19931107_135603_starea.cdf,51,19931107_135603_starea.cdf#51,raw,9,"8,9,10,11",,
0.001,131722946.52183451,0.0537109375,0.0009765625,1024,10240,10,10,176,conservative_topk_strict_gt,IPIX_Dartmouth,19931107_135603_starea.cdf,51,19931107_135603_starea.cdf#51,raw,9,"8,9,10,11",,
0.003,71612516.7276097,0.0791015625,0.0029296875,1024,10240,30,30,286,conservative_topk_strict_gt,IPIX_Dartmouth,19931107_135603_starea.cdf,51,19931107_135603_starea.cdf#51,raw,9,"8,9,10,11",,
0.01,43432513.23481846,0.1064453125,0.0099609375,1024,10240,102,102,471,conservative_topk_strict_gt,IPIX_Dartmouth,19931107_135603_starea.cdf,51,19931107_135603_starea.cdf#51,raw,9,"8,9,10,11",,
1e-05,305763.9382007603,0.0,0.0,1024,10240,0,0,0,conservative_topk_strict_gt,IPIX_Dartmouth,19931107_135603_starea.cdf,51,19931107_135603_starea.cdf#51,low_rank_residual_k30,9,"8,9,10,11",,
3e-05,305763.9382007603,0.0,0.0,1024,10240,0,0,0,conservative_topk_strict_gt,IPIX_Dartmouth,19931107_135603_starea.cdf,51,19931107_135603_starea.cdf#51,low_rank_residual_k30,9,"8,9,10,11",,
0.0001,253378.09245469893,0.0,9.765625e-05,1024,10240,1,1,1,conservative_topk_strict_gt,IPIX_Dartmouth,19931107_135603_starea.cdf,51,19931107_135603_starea.cdf#51,low_rank_residual_k30,9,"8,9,10,11",,
0.0003,148147.54298099008,0.0,0.00029296875,1024,10240,3,3,3,conservative_topk_strict_gt,IPIX_Dartmouth,19931107_135603_starea.cdf,51,19931107_135603_starea.cdf#51,low_rank_residual_k30,9,"8,9,10,11",,
0.001,122868.94752823016,0.0,0.0009765625,1024,10240,10,10,10,conservative_topk_strict_gt,IPIX_Dartmouth,19931107_135603_starea.cdf,51,19931107_135603_starea.cdf#51,low_rank_residual_k30,9,"8,9,10,11",,
0.003,67928.55436254306,0.0,0.0029296875,1024,10240,30,30,30,conservative_topk_strict_gt,IPIX_Dartmouth,19931107_135603_starea.cdf,51,19931107_135603_starea.cdf#51,low_rank_residual_k30,9,"8,9,10,11",,
0.01,36361.186629228214,0.0,0.0099609375,1024,10240,102,102,102,conservative_topk_strict_gt,IPIX_Dartmouth,19931107_135603_starea.cdf,51,19931107_135603_starea.cdf#51,low_rank_residual_k30,9,"8,9,10,11",,
1e-05,268660205.8831965,0.0,0.0,1024,10240,0,0,17,conservative_topk_strict_gt,IPIX_Dartmouth,19931107_135603_starea.cdf,51,19931107_135603_starea.cdf#51,tpsscs_trainable_gate,9,"8,9,10,11",,
3e-05,268660205.8831965,0.0,0.0,1024,10240,0,0,17,conservative_topk_strict_gt,IPIX_Dartmouth,19931107_135603_starea.cdf,51,19931107_135603_starea.cdf#51,tpsscs_trainable_gate,9,"8,9,10,11",,
0.0001,268248023.79122654,0.0,9.765625e-05,1024,10240,1,1,18,conservative_topk_strict_gt,IPIX_Dartmouth,19931107_135603_starea.cdf,51,19931107_135603_starea.cdf#51,tpsscs_trainable_gate,9,"8,9,10,11",,
0.0003,202619478.2573963,0.0,0.00029296875,1024,10240,3,3,27,conservative_topk_strict_gt,IPIX_Dartmouth,19931107_135603_starea.cdf,51,19931107_135603_starea.cdf#51,tpsscs_trainable_gate,9,"8,9,10,11",,
0.001,122370724.4157974,0.0,0.0009765625,1024,10240,10,10,42,conservative_topk_strict_gt,IPIX_Dartmouth,19931107_135603_starea.cdf,51,19931107_135603_starea.cdf#51,tpsscs_trainable_gate,9,"8,9,10,11",,
0.003,55319163.92678527,0.0,0.0029296875,1024,10240,30,30,82,conservative_topk_strict_gt,IPIX_Dartmouth,19931107_135603_starea.cdf,51,19931107_135603_starea.cdf#51,tpsscs_trainable_gate,9,"8,9,10,11",,
0.01,15999440.49700773,0.0,0.0099609375,1024,10240,102,102,223,conservative_topk_strict_gt,IPIX_Dartmouth,19931107_135603_starea.cdf,51,19931107_135603_starea.cdf#51,tpsscs_trainable_gate,9,"8,9,10,11",,
1e-05,,0.0,0.0,1024,10240,0,0,17,residual_cfar_plus_zero_false_gate_union,IPIX_Dartmouth,19931107_135603_starea.cdf,51,19931107_135603_starea.cdf#51,tpsscs_finished_detector,9,"8,9,10,11",305763.93820076116,268660205.8831965
3e-05,,0.0,0.0,1024,10240,0,0,17,residual_cfar_plus_zero_false_gate_union,IPIX_Dartmouth,19931107_135603_starea.cdf,51,19931107_135603_starea.cdf#51,tpsscs_finished_detector,9,"8,9,10,11",305763.93820076116,268660205.8831965
0.0001,,0.0,9.765625e-05,1024,10240,1,1,18,residual_cfar_plus_zero_false_gate_union,IPIX_Dartmouth,19931107_135603_starea.cdf,51,19931107_135603_starea.cdf#51,tpsscs_finished_detector,9,"8,9,10,11",253378.0924546971,268660205.8831965
0.0003,,0.0,0.00029296875,1024,10240,3,3,20,residual_cfar_plus_zero_false_gate_union,IPIX_Dartmouth,19931107_135603_starea.cdf,51,19931107_135603_starea.cdf#51,tpsscs_finished_detector,9,"8,9,10,11",148147.54298098962,268660205.8831965
0.001,,0.0,0.0009765625,1024,10240,10,10,27,residual_cfar_plus_zero_false_gate_union,IPIX_Dartmouth,19931107_135603_starea.cdf,51,19931107_135603_starea.cdf#51,tpsscs_finished_detector,9,"8,9,10,11",122868.94752823054,268660205.8831965
0.003,,0.0,0.0029296875,1024,10240,30,30,47,residual_cfar_plus_zero_false_gate_union,IPIX_Dartmouth,19931107_135603_starea.cdf,51,19931107_135603_starea.cdf#51,tpsscs_finished_detector,9,"8,9,10,11",67928.55436254333,268660205.8831965
0.01,,0.0,0.0099609375,1024,10240,102,102,119,residual_cfar_plus_zero_false_gate_union,IPIX_Dartmouth,19931107_135603_starea.cdf,51,19931107_135603_starea.cdf#51,tpsscs_finished_detector,9,"8,9,10,11",36361.18662922808,268660205.8831965
1e-05,365612520.3871418,0.017578125,0.0,1024,10240,0,0,47,conservative_topk_strict_gt,IPIX_Dartmouth,19931107_135603_starea.cdf,52,19931107_135603_starea.cdf#52,raw,9,"8,9,10,11",,
3e-05,365612520.3871418,0.017578125,0.0,1024,10240,0,0,47,conservative_topk_strict_gt,IPIX_Dartmouth,19931107_135603_starea.cdf,52,19931107_135603_starea.cdf#52,raw,9,"8,9,10,11",,
0.0001,364725392.1191294,0.017578125,9.765625e-05,1024,10240,1,1,48,conservative_topk_strict_gt,IPIX_Dartmouth,19931107_135603_starea.cdf,52,19931107_135603_starea.cdf#52,raw,9,"8,9,10,11",,
0.0003,271863685.11095786,0.0205078125,0.00029296875,1024,10240,3,3,65,conservative_topk_strict_gt,IPIX_Dartmouth,19931107_135603_starea.cdf,52,19931107_135603_starea.cdf#52,raw,9,"8,9,10,11",,
0.001,208304029.5044058,0.02734375,0.0009765625,1024,10240,10,10,94,conservative_topk_strict_gt,IPIX_Dartmouth,19931107_135603_starea.cdf,52,19931107_135603_starea.cdf#52,raw,9,"8,9,10,11",,
0.003,110919913.30198093,0.0419921875,0.0029296875,1024,10240,30,30,186,conservative_topk_strict_gt,IPIX_Dartmouth,19931107_135603_starea.cdf,52,19931107_135603_starea.cdf#52,raw,9,"8,9,10,11",,
0.01,52830803.98870941,0.0732421875,0.0099609375,1024,10240,102,102,396,conservative_topk_strict_gt,IPIX_Dartmouth,19931107_135603_starea.cdf,52,19931107_135603_starea.cdf#52,raw,9,"8,9,10,11",,
1e-05,300241.3018188274,0.0,0.0,1024,10240,0,0,0,conservative_topk_strict_gt,IPIX_Dartmouth,19931107_135603_starea.cdf,52,19931107_135603_starea.cdf#52,low_rank_residual_k30,9,"8,9,10,11",,
3e-05,300241.3018188274,0.0,0.0,1024,10240,0,0,0,conservative_topk_strict_gt,IPIX_Dartmouth,19931107_135603_starea.cdf,52,19931107_135603_starea.cdf#52,low_rank_residual_k30,9,"8,9,10,11",,
0.0001,286212.0732731306,0.0,9.765625e-05,1024,10240,1,1,1,conservative_topk_strict_gt,IPIX_Dartmouth,19931107_135603_starea.cdf,52,19931107_135603_starea.cdf#52,low_rank_residual_k30,9,"8,9,10,11",,
0.0003,270389.4626485273,0.0,0.00029296875,1024,10240,3,3,3,conservative_topk_strict_gt,IPIX_Dartmouth,19931107_135603_starea.cdf,52,19931107_135603_starea.cdf#52,low_rank_residual_k30,9,"8,9,10,11",,
0.001,198908.69005170758,0.0,0.0009765625,1024,10240,10,10,10,conservative_topk_strict_gt,IPIX_Dartmouth,19931107_135603_starea.cdf,52,19931107_135603_starea.cdf#52,low_rank_residual_k30,9,"8,9,10,11",,
0.003,146780.76647836997,0.0,0.0029296875,1024,10240,30,30,30,conservative_topk_strict_gt,IPIX_Dartmouth,19931107_135603_starea.cdf,52,19931107_135603_starea.cdf#52,low_rank_residual_k30,9,"8,9,10,11",,
0.01,81468.31745437186,0.0,0.0099609375,1024,10240,102,102,102,conservative_topk_strict_gt,IPIX_Dartmouth,19931107_135603_starea.cdf,52,19931107_135603_starea.cdf#52,low_rank_residual_k30,9,"8,9,10,11",,
1e-05,219383415.11366206,0.0,0.0,1024,10240,0,0,0,conservative_topk_strict_gt,IPIX_Dartmouth,19931107_135603_starea.cdf,52,19931107_135603_starea.cdf#52,tpsscs_trainable_gate,9,"8,9,10,11",,
3e-05,219383415.11366206,0.0,0.0,1024,10240,0,0,0,conservative_topk_strict_gt,IPIX_Dartmouth,19931107_135603_starea.cdf,52,19931107_135603_starea.cdf#52,tpsscs_trainable_gate,9,"8,9,10,11",,
0.0001,139389137.61619386,0.0,9.765625e-05,1024,10240,1,1,1,conservative_topk_strict_gt,IPIX_Dartmouth,19931107_135603_starea.cdf,52,19931107_135603_starea.cdf#52,tpsscs_trainable_gate,9,"8,9,10,11",,
0.0003,123291800.89751196,0.0,0.00029296875,1024,10240,3,3,3,conservative_topk_strict_gt,IPIX_Dartmouth,19931107_135603_starea.cdf,52,19931107_135603_starea.cdf#52,tpsscs_trainable_gate,9,"8,9,10,11",,
0.001,77843766.69576326,0.0,0.0009765625,1024,10240,10,10,10,conservative_topk_strict_gt,IPIX_Dartmouth,19931107_135603_starea.cdf,52,19931107_135603_starea.cdf#52,tpsscs_trainable_gate,9,"8,9,10,11",,
0.003,35530512.621626474,0.0,0.0029296875,1024,10240,30,30,30,conservative_topk_strict_gt,IPIX_Dartmouth,19931107_135603_starea.cdf,52,19931107_135603_starea.cdf#52,tpsscs_trainable_gate,9,"8,9,10,11",,
0.01,11755363.758765139,0.0,0.0099609375,1024,10240,102,102,103,conservative_topk_strict_gt,IPIX_Dartmouth,19931107_135603_starea.cdf,52,19931107_135603_starea.cdf#52,tpsscs_trainable_gate,9,"8,9,10,11",,
1e-05,,0.0,0.0,1024,10240,0,0,0,residual_cfar_plus_zero_false_gate_union,IPIX_Dartmouth,19931107_135603_starea.cdf,52,19931107_135603_starea.cdf#52,tpsscs_finished_detector,9,"8,9,10,11",300241.301818826,219383415.11366206
3e-05,,0.0,0.0,1024,10240,0,0,0,residual_cfar_plus_zero_false_gate_union,IPIX_Dartmouth,19931107_135603_starea.cdf,52,19931107_135603_starea.cdf#52,tpsscs_finished_detector,9,"8,9,10,11",300241.301818826,219383415.11366206
0.0001,,0.0,9.765625e-05,1024,10240,1,1,1,residual_cfar_plus_zero_false_gate_union,IPIX_Dartmouth,19931107_135603_starea.cdf,52,19931107_135603_starea.cdf#52,tpsscs_finished_detector,9,"8,9,10,11",286212.07327313273,219383415.11366206
0.0003,,0.0,0.00029296875,1024,10240,3,3,3,residual_cfar_plus_zero_false_gate_union,IPIX_Dartmouth,19931107_135603_starea.cdf,52,19931107_135603_starea.cdf#52,tpsscs_finished_detector,9,"8,9,10,11",270389.4626485273,219383415.11366206
0.001,,0.0,0.0009765625,1024,10240,10,10,10,residual_cfar_plus_zero_false_gate_union,IPIX_Dartmouth,19931107_135603_starea.cdf,52,19931107_135603_starea.cdf#52,tpsscs_finished_detector,9,"8,9,10,11",198908.69005170895,219383415.11366206
0.003,,0.0,0.0029296875,1024,10240,30,30,30,residual_cfar_plus_zero_false_gate_union,IPIX_Dartmouth,19931107_135603_starea.cdf,52,19931107_135603_starea.cdf#52,tpsscs_finished_detector,9,"8,9,10,11",146780.76647836916,219383415.11366206
0.01,,0.0,0.0099609375,1024,10240,102,102,102,residual_cfar_plus_zero_false_gate_union,IPIX_Dartmouth,19931107_135603_starea.cdf,52,19931107_135603_starea.cdf#52,tpsscs_finished_detector,9,"8,9,10,11",81468.31745437157,219383415.11366206
1e-05,344500743.3971293,0.0166015625,0.0,1024,10240,0,0,22,conservative_topk_strict_gt,IPIX_Dartmouth,19931107_135603_starea.cdf,53,19931107_135603_starea.cdf#53,raw,9,"8,9,10,11",,
3e-05,344500743.3971293,0.0166015625,0.0,1024,10240,0,0,22,conservative_topk_strict_gt,IPIX_Dartmouth,19931107_135603_starea.cdf,53,19931107_135603_starea.cdf#53,raw,9,"8,9,10,11",,
0.0001,305423235.6256712,0.0185546875,9.765625e-05,1024,10240,1,1,26,conservative_topk_strict_gt,IPIX_Dartmouth,19931107_135603_starea.cdf,53,19931107_135603_starea.cdf#53,raw,9,"8,9,10,11",,
0.0003,266607052.00044522,0.0224609375,0.00029296875,1024,10240,3,3,32,conservative_topk_strict_gt,IPIX_Dartmouth,19931107_135603_starea.cdf,53,19931107_135603_starea.cdf#53,raw,9,"8,9,10,11",,
0.001,187775995.29789862,0.02734375,0.0009765625,1024,10240,10,10,50,conservative_topk_strict_gt,IPIX_Dartmouth,19931107_135603_starea.cdf,53,19931107_135603_starea.cdf#53,raw,9,"8,9,10,11",,
0.003,110802489.57806623,0.046875,0.0029296875,1024,10240,30,30,105,conservative_topk_strict_gt,IPIX_Dartmouth,19931107_135603_starea.cdf,53,19931107_135603_starea.cdf#53,raw,9,"8,9,10,11",,
0.01,55596297.70268059,0.103515625,0.0099609375,1024,10240,102,102,278,conservative_topk_strict_gt,IPIX_Dartmouth,19931107_135603_starea.cdf,53,19931107_135603_starea.cdf#53,raw,9,"8,9,10,11",,
1e-05,271481.35183905205,0.0,0.0,1024,10240,0,0,5,conservative_topk_strict_gt,IPIX_Dartmouth,19931107_135603_starea.cdf,53,19931107_135603_starea.cdf#53,low_rank_residual_k30,9,"8,9,10,11",,
3e-05,271481.35183905205,0.0,0.0,1024,10240,0,0,5,conservative_topk_strict_gt,IPIX_Dartmouth,19931107_135603_starea.cdf,53,19931107_135603_starea.cdf#53,low_rank_residual_k30,9,"8,9,10,11",,
0.0001,182453.14913418196,0.0,9.765625e-05,1024,10240,1,1,21,conservative_topk_strict_gt,IPIX_Dartmouth,19931107_135603_starea.cdf,53,19931107_135603_starea.cdf#53,low_rank_residual_k30,9,"8,9,10,11",,
0.0003,145812.72488245738,0.0,0.00029296875,1024,10240,3,3,42,conservative_topk_strict_gt,IPIX_Dartmouth,19931107_135603_starea.cdf,53,19931107_135603_starea.cdf#53,low_rank_residual_k30,9,"8,9,10,11",,
0.001,121241.19264693715,0.0,0.0009765625,1024,10240,10,10,62,conservative_topk_strict_gt,IPIX_Dartmouth,19931107_135603_starea.cdf,53,19931107_135603_starea.cdf#53,low_rank_residual_k30,9,"8,9,10,11",,
0.003,96262.23852697918,0.0,0.0029296875,1024,10240,30,30,114,conservative_topk_strict_gt,IPIX_Dartmouth,19931107_135603_starea.cdf,53,19931107_135603_starea.cdf#53,low_rank_residual_k30,9,"8,9,10,11",,
0.01,64914.39144221756,0.0,0.0099609375,1024,10240,102,102,268,conservative_topk_strict_gt,IPIX_Dartmouth,19931107_135603_starea.cdf,53,19931107_135603_starea.cdf#53,low_rank_residual_k30,9,"8,9,10,11",,
1e-05,164563839.87411803,0.0244140625,0.0,1024,10240,0,0,32,conservative_topk_strict_gt,IPIX_Dartmouth,19931107_135603_starea.cdf,53,19931107_135603_starea.cdf#53,tpsscs_trainable_gate,9,"8,9,10,11",,
3e-05,164563839.87411803,0.0244140625,0.0,1024,10240,0,0,32,conservative_topk_strict_gt,IPIX_Dartmouth,19931107_135603_starea.cdf,53,19931107_135603_starea.cdf#53,tpsscs_trainable_gate,9,"8,9,10,11",,
0.0001,118992929.97464018,0.0341796875,9.765625e-05,1024,10240,1,1,44,conservative_topk_strict_gt,IPIX_Dartmouth,19931107_135603_starea.cdf,53,19931107_135603_starea.cdf#53,tpsscs_trainable_gate,9,"8,9,10,11",,
0.0003,96473343.14400718,0.0380859375,0.00029296875,1024,10240,3,3,50,conservative_topk_strict_gt,IPIX_Dartmouth,19931107_135603_starea.cdf,53,19931107_135603_starea.cdf#53,tpsscs_trainable_gate,9,"8,9,10,11",,
0.001,55843892.00837323,0.0576171875,0.0009765625,1024,10240,10,10,88,conservative_topk_strict_gt,IPIX_Dartmouth,19931107_135603_starea.cdf,53,19931107_135603_starea.cdf#53,tpsscs_trainable_gate,9,"8,9,10,11",,
0.003,29193655.81762482,0.0830078125,0.0029296875,1024,10240,30,30,158,conservative_topk_strict_gt,IPIX_Dartmouth,19931107_135603_starea.cdf,53,19931107_135603_starea.cdf#53,tpsscs_trainable_gate,9,"8,9,10,11",,
0.01,9106376.051595284,0.13671875,0.0099609375,1024,10240,102,102,361,conservative_topk_strict_gt,IPIX_Dartmouth,19931107_135603_starea.cdf,53,19931107_135603_starea.cdf#53,tpsscs_trainable_gate,9,"8,9,10,11",,
1e-05,,0.0244140625,0.0,1024,10240,0,0,37,residual_cfar_plus_zero_false_gate_union,IPIX_Dartmouth,19931107_135603_starea.cdf,53,19931107_135603_starea.cdf#53,tpsscs_finished_detector,9,"8,9,10,11",271481.35183905397,164563839.87411803
3e-05,,0.0244140625,0.0,1024,10240,0,0,37,residual_cfar_plus_zero_false_gate_union,IPIX_Dartmouth,19931107_135603_starea.cdf,53,19931107_135603_starea.cdf#53,tpsscs_finished_detector,9,"8,9,10,11",271481.35183905397,164563839.87411803
0.0001,,0.0244140625,9.765625e-05,1024,10240,1,1,53,residual_cfar_plus_zero_false_gate_union,IPIX_Dartmouth,19931107_135603_starea.cdf,53,19931107_135603_starea.cdf#53,tpsscs_finished_detector,9,"8,9,10,11",182453.14913418182,164563839.87411803
0.0003,,0.0244140625,0.00029296875,1024,10240,3,3,74,residual_cfar_plus_zero_false_gate_union,IPIX_Dartmouth,19931107_135603_starea.cdf,53,19931107_135603_starea.cdf#53,tpsscs_finished_detector,9,"8,9,10,11",145812.72488245714,164563839.87411803
0.001,,0.0244140625,0.0009765625,1024,10240,10,10,94,residual_cfar_plus_zero_false_gate_union,IPIX_Dartmouth,19931107_135603_starea.cdf,53,19931107_135603_starea.cdf#53,tpsscs_finished_detector,9,"8,9,10,11",121241.1926469363,164563839.87411803
0.003,,0.0244140625,0.0029296875,1024,10240,30,30,146,residual_cfar_plus_zero_false_gate_union,IPIX_Dartmouth,19931107_135603_starea.cdf,53,19931107_135603_starea.cdf#53,tpsscs_finished_detector,9,"8,9,10,11",96262.23852697878,164563839.87411803
0.01,,0.0244140625,0.0099609375,1024,10240,102,102,300,residual_cfar_plus_zero_false_gate_union,IPIX_Dartmouth,19931107_135603_starea.cdf,53,19931107_135603_starea.cdf#53,tpsscs_finished_detector,9,"8,9,10,11",64914.39144221783,164563839.87411803
1e-05,501282514.7388186,0.0,0.0,1024,10240,0,0,0,conservative_topk_strict_gt,IPIX_Dartmouth,19931107_135603_starea.cdf,54,19931107_135603_starea.cdf#54,raw,9,"8,9,10,11",,
3e-05,501282514.7388186,0.0,0.0,1024,10240,0,0,0,conservative_topk_strict_gt,IPIX_Dartmouth,19931107_135603_starea.cdf,54,19931107_135603_starea.cdf#54,raw,9,"8,9,10,11",,
0.0001,496816467.93168634,0.0,9.765625e-05,1024,10240,1,1,1,conservative_topk_strict_gt,IPIX_Dartmouth,19931107_135603_starea.cdf,54,19931107_135603_starea.cdf#54,raw,9,"8,9,10,11",,
0.0003,398904280.32365936,0.0,0.00029296875,1024,10240,3,3,3,conservative_topk_strict_gt,IPIX_Dartmouth,19931107_135603_starea.cdf,54,19931107_135603_starea.cdf#54,raw,9,"8,9,10,11",,
0.001,313303249.62910193,0.0,0.0009765625,1024,10240,10,10,10,conservative_topk_strict_gt,IPIX_Dartmouth,19931107_135603_starea.cdf,54,19931107_135603_starea.cdf#54,raw,9,"8,9,10,11",,
0.003,202968486.39903855,0.0009765625,0.0029296875,1024,10240,30,30,31,conservative_topk_strict_gt,IPIX_Dartmouth,19931107_135603_starea.cdf,54,19931107_135603_starea.cdf#54,raw,9,"8,9,10,11",,
0.01,108165535.22359535,0.001953125,0.0099609375,1024,10240,102,102,104,conservative_topk_strict_gt,IPIX_Dartmouth,19931107_135603_starea.cdf,54,19931107_135603_starea.cdf#54,raw,9,"8,9,10,11",,
1e-05,602861.0459845955,0.0,0.0,1024,10240,0,0,1,conservative_topk_strict_gt,IPIX_Dartmouth,19931107_135603_starea.cdf,54,19931107_135603_starea.cdf#54,low_rank_residual_k30,9,"8,9,10,11",,
3e-05,602861.0459845955,0.0,0.0,1024,10240,0,0,1,conservative_topk_strict_gt,IPIX_Dartmouth,19931107_135603_starea.cdf,54,19931107_135603_starea.cdf#54,low_rank_residual_k30,9,"8,9,10,11",,
0.0001,562219.8200694647,0.0,9.765625e-05,1024,10240,1,1,3,conservative_topk_strict_gt,IPIX_Dartmouth,19931107_135603_starea.cdf,54,19931107_135603_starea.cdf#54,low_rank_residual_k30,9,"8,9,10,11",,
0.0003,475211.0419896707,0.0,0.00029296875,1024,10240,3,3,5,conservative_topk_strict_gt,IPIX_Dartmouth,19931107_135603_starea.cdf,54,19931107_135603_starea.cdf#54,low_rank_residual_k30,9,"8,9,10,11",,
0.001,402392.235150613,0.0,0.0009765625,1024,10240,10,10,13,conservative_topk_strict_gt,IPIX_Dartmouth,19931107_135603_starea.cdf,54,19931107_135603_starea.cdf#54,low_rank_residual_k30,9,"8,9,10,11",,
0.003,323011.89810870256,0.0,0.0029296875,1024,10240,30,30,39,conservative_topk_strict_gt,IPIX_Dartmouth,19931107_135603_starea.cdf,54,19931107_135603_starea.cdf#54,low_rank_residual_k30,9,"8,9,10,11",,
0.01,238644.2385317491,0.0,0.0099609375,1024,10240,102,102,119,conservative_topk_strict_gt,IPIX_Dartmouth,19931107_135603_starea.cdf,54,19931107_135603_starea.cdf#54,low_rank_residual_k30,9,"8,9,10,11",,
1e-05,254860744.24762997,0.0,0.0,1024,10240,0,0,0,conservative_topk_strict_gt,IPIX_Dartmouth,19931107_135603_starea.cdf,54,19931107_135603_starea.cdf#54,tpsscs_trainable_gate,9,"8,9,10,11",,
3e-05,254860744.24762997,0.0,0.0,1024,10240,0,0,0,conservative_topk_strict_gt,IPIX_Dartmouth,19931107_135603_starea.cdf,54,19931107_135603_starea.cdf#54,tpsscs_trainable_gate,9,"8,9,10,11",,
0.0001,215563171.1134664,0.0,9.765625e-05,1024,10240,1,1,1,conservative_topk_strict_gt,IPIX_Dartmouth,19931107_135603_starea.cdf,54,19931107_135603_starea.cdf#54,tpsscs_trainable_gate,9,"8,9,10,11",,
0.0003,121349596.46560231,0.0,0.00029296875,1024,10240,3,3,3,conservative_topk_strict_gt,IPIX_Dartmouth,19931107_135603_starea.cdf,54,19931107_135603_starea.cdf#54,tpsscs_trainable_gate,9,"8,9,10,11",,
0.001,88322561.23744962,0.0,0.0009765625,1024,10240,10,10,11,conservative_topk_strict_gt,IPIX_Dartmouth,19931107_135603_starea.cdf,54,19931107_135603_starea.cdf#54,tpsscs_trainable_gate,9,"8,9,10,11",,
0.003,59880739.252874374,0.0,0.0029296875,1024,10240,30,30,34,conservative_topk_strict_gt,IPIX_Dartmouth,19931107_135603_starea.cdf,54,19931107_135603_starea.cdf#54,tpsscs_trainable_gate,9,"8,9,10,11",,
0.01,24528778.331582725,0.0009765625,0.0099609375,1024,10240,102,102,121,conservative_topk_strict_gt,IPIX_Dartmouth,19931107_135603_starea.cdf,54,19931107_135603_starea.cdf#54,tpsscs_trainable_gate,9,"8,9,10,11",,
1e-05,,0.0,0.0,1024,10240,0,0,1,residual_cfar_plus_zero_false_gate_union,IPIX_Dartmouth,19931107_135603_starea.cdf,54,19931107_135603_starea.cdf#54,tpsscs_finished_detector,9,"8,9,10,11",602861.0459845966,254860744.24762997
3e-05,,0.0,0.0,1024,10240,0,0,1,residual_cfar_plus_zero_false_gate_union,IPIX_Dartmouth,19931107_135603_starea.cdf,54,19931107_135603_starea.cdf#54,tpsscs_finished_detector,9,"8,9,10,11",602861.0459845966,254860744.24762997
0.0001,,0.0,9.765625e-05,1024,10240,1,1,3,residual_cfar_plus_zero_false_gate_union,IPIX_Dartmouth,19931107_135603_starea.cdf,54,19931107_135603_starea.cdf#54,tpsscs_finished_detector,9,"8,9,10,11",562219.8200694639,254860744.24762997
0.0003,,0.0,0.00029296875,1024,10240,3,3,5,residual_cfar_plus_zero_false_gate_union,IPIX_Dartmouth,19931107_135603_starea.cdf,54,19931107_135603_starea.cdf#54,tpsscs_finished_detector,9,"8,9,10,11",475211.0419896695,254860744.24762997
0.001,,0.0,0.0009765625,1024,10240,10,10,13,residual_cfar_plus_zero_false_gate_union,IPIX_Dartmouth,19931107_135603_starea.cdf,54,19931107_135603_starea.cdf#54,tpsscs_finished_detector,9,"8,9,10,11",402392.2351506141,254860744.24762997
0.003,,0.0,0.0029296875,1024,10240,30,30,39,residual_cfar_plus_zero_false_gate_union,IPIX_Dartmouth,19931107_135603_starea.cdf,54,19931107_135603_starea.cdf#54,tpsscs_finished_detector,9,"8,9,10,11",323011.89810870483,254860744.24762997
0.01,,0.0,0.0099609375,1024,10240,102,102,119,residual_cfar_plus_zero_false_gate_union,IPIX_Dartmouth,19931107_135603_starea.cdf,54,19931107_135603_starea.cdf#54,tpsscs_finished_detector,9,"8,9,10,11",238644.23853174993,254860744.24762997
1e-05,698429276.9140911,0.0,0.0,1024,10240,0,0,0,conservative_topk_strict_gt,IPIX_Dartmouth,19931107_135603_starea.cdf,55,19931107_135603_starea.cdf#55,raw,9,"8,9,10,11",,
3e-05,698429276.9140911,0.0,0.0,1024,10240,0,0,0,conservative_topk_strict_gt,IPIX_Dartmouth,19931107_135603_starea.cdf,55,19931107_135603_starea.cdf#55,raw,9,"8,9,10,11",,
0.0001,566556532.7053447,0.0,9.765625e-05,1024,10240,1,1,1,conservative_topk_strict_gt,IPIX_Dartmouth,19931107_135603_starea.cdf,55,19931107_135603_starea.cdf#55,raw,9,"8,9,10,11",,
0.0003,440097347.08994794,0.0,0.00029296875,1024,10240,3,3,3,conservative_topk_strict_gt,IPIX_Dartmouth,19931107_135603_starea.cdf,55,19931107_135603_starea.cdf#55,raw,9,"8,9,10,11",,
0.001,360099278.3891737,0.0,0.0009765625,1024,10240,10,10,10,conservative_topk_strict_gt,IPIX_Dartmouth,19931107_135603_starea.cdf,55,19931107_135603_starea.cdf#55,raw,9,"8,9,10,11",,
0.003,225530106.09267837,0.0,0.0029296875,1024,10240,30,30,30,conservative_topk_strict_gt,IPIX_Dartmouth,19931107_135603_starea.cdf,55,19931107_135603_starea.cdf#55,raw,9,"8,9,10,11",,
0.01,113366727.75888653,0.0,0.0099609375,1024,10240,102,102,102,conservative_topk_strict_gt,IPIX_Dartmouth,19931107_135603_starea.cdf,55,19931107_135603_starea.cdf#55,raw,9,"8,9,10,11",,
1e-05,183381.73011218364,0.0,0.0,1024,10240,0,0,1,conservative_topk_strict_gt,IPIX_Dartmouth,19931107_135603_starea.cdf,55,19931107_135603_starea.cdf#55,low_rank_residual_k30,9,"8,9,10,11",,
3e-05,183381.73011218364,0.0,0.0,1024,10240,0,0,1,conservative_topk_strict_gt,IPIX_Dartmouth,19931107_135603_starea.cdf,55,19931107_135603_starea.cdf#55,low_rank_residual_k30,9,"8,9,10,11",,
0.0001,108273.22315922173,0.0,9.765625e-05,1024,10240,1,1,11,conservative_topk_strict_gt,IPIX_Dartmouth,19931107_135603_starea.cdf,55,19931107_135603_starea.cdf#55,low_rank_residual_k30,9,"8,9,10,11",,
0.0003,87589.43573261157,0.0009765625,0.00029296875,1024,10240,3,3,17,conservative_topk_strict_gt,IPIX_Dartmouth,19931107_135603_starea.cdf,55,19931107_135603_starea.cdf#55,low_rank_residual_k30,9,"8,9,10,11",,
0.001,75968.12410704105,0.0009765625,0.0009765625,1024,10240,10,10,27,conservative_topk_strict_gt,IPIX_Dartmouth,19931107_135603_starea.cdf,55,19931107_135603_starea.cdf#55,low_rank_residual_k30,9,"8,9,10,11",,
0.003,54510.17411058237,0.0029296875,0.0029296875,1024,10240,30,30,66,conservative_topk_strict_gt,IPIX_Dartmouth,19931107_135603_starea.cdf,55,19931107_135603_starea.cdf#55,low_rank_residual_k30,9,"8,9,10,11",,
0.01,29641.386329194665,0.009765625,0.0099609375,1024,10240,102,102,185,conservative_topk_strict_gt,IPIX_Dartmouth,19931107_135603_starea.cdf,55,19931107_135603_starea.cdf#55,low_rank_residual_k30,9,"8,9,10,11",,
1e-05,202344327.22351193,0.0,0.0,1024,10240,0,0,0,conservative_topk_strict_gt,IPIX_Dartmouth,19931107_135603_starea.cdf,55,19931107_135603_starea.cdf#55,tpsscs_trainable_gate,9,"8,9,10,11",,
3e-05,202344327.22351193,0.0,0.0,1024,10240,0,0,0,conservative_topk_strict_gt,IPIX_Dartmouth,19931107_135603_starea.cdf,55,19931107_135603_starea.cdf#55,tpsscs_trainable_gate,9,"8,9,10,11",,
0.0001,196053977.23417604,0.0,9.765625e-05,1024,10240,1,1,1,conservative_topk_strict_gt,IPIX_Dartmouth,19931107_135603_starea.cdf,55,19931107_135603_starea.cdf#55,tpsscs_trainable_gate,9,"8,9,10,11",,
0.0003,143482027.39703423,0.0,0.00029296875,1024,10240,3,3,3,conservative_topk_strict_gt,IPIX_Dartmouth,19931107_135603_starea.cdf,55,19931107_135603_starea.cdf#55,tpsscs_trainable_gate,9,"8,9,10,11",,
0.001,78810664.39395015,0.0,0.0009765625,1024,10240,10,10,10,conservative_topk_strict_gt,IPIX_Dartmouth,19931107_135603_starea.cdf,55,19931107_135603_starea.cdf#55,tpsscs_trainable_gate,9,"8,9,10,11",,
0.003,30991601.628614366,0.0,0.0029296875,1024,10240,30,30,31,conservative_topk_strict_gt,IPIX_Dartmouth,19931107_135603_starea.cdf,55,19931107_135603_starea.cdf#55,tpsscs_trainable_gate,9,"8,9,10,11",,
0.01,4718182.693610947,0.01171875,0.0099609375,1024,10240,102,102,128,conservative_topk_strict_gt,IPIX_Dartmouth,19931107_135603_starea.cdf,55,19931107_135603_starea.cdf#55,tpsscs_trainable_gate,9,"8,9,10,11",,
1e-05,,0.0,0.0,1024,10240,0,0,1,residual_cfar_plus_zero_false_gate_union,IPIX_Dartmouth,19931107_135603_starea.cdf,55,19931107_135603_starea.cdf#55,tpsscs_finished_detector,9,"8,9,10,11",183381.73011218474,202344327.22351193
3e-05,,0.0,0.0,1024,10240,0,0,1,residual_cfar_plus_zero_false_gate_union,IPIX_Dartmouth,19931107_135603_starea.cdf,55,19931107_135603_starea.cdf#55,tpsscs_finished_detector,9,"8,9,10,11",183381.73011218474,202344327.22351193
0.0001,,0.0,9.765625e-05,1024,10240,1,1,11,residual_cfar_plus_zero_false_gate_union,IPIX_Dartmouth,19931107_135603_starea.cdf,55,19931107_135603_starea.cdf#55,tpsscs_finished_detector,9,"8,9,10,11",108273.22315922099,202344327.22351193
0.0003,,0.0009765625,0.00029296875,1024,10240,3,3,17,residual_cfar_plus_zero_false_gate_union,IPIX_Dartmouth,19931107_135603_starea.cdf,55,19931107_135603_starea.cdf#55,tpsscs_finished_detector,9,"8,9,10,11",87589.43573261316,202344327.22351193
0.001,,0.0009765625,0.0009765625,1024,10240,10,10,27,residual_cfar_plus_zero_false_gate_union,IPIX_Dartmouth,19931107_135603_starea.cdf,55,19931107_135603_starea.cdf#55,tpsscs_finished_detector,9,"8,9,10,11",75968.12410704249,202344327.22351193
0.003,,0.0029296875,0.0029296875,1024,10240,30,30,66,residual_cfar_plus_zero_false_gate_union,IPIX_Dartmouth,19931107_135603_starea.cdf,55,19931107_135603_starea.cdf#55,tpsscs_finished_detector,9,"8,9,10,11",54510.174110582426,202344327.22351193
0.01,,0.009765625,0.0099609375,1024,10240,102,102,185,residual_cfar_plus_zero_false_gate_union,IPIX_Dartmouth,19931107_135603_starea.cdf,55,19931107_135603_starea.cdf#55,tpsscs_finished_detector,9,"8,9,10,11",29641.38632919467,202344327.22351193
1e-05,301484764.6763442,0.0,0.0,1024,10240,0,0,0,conservative_topk_strict_gt,IPIX_Dartmouth,19931107_135603_starea.cdf,56,19931107_135603_starea.cdf#56,raw,9,"8,9,10,11",,
3e-05,301484764.6763442,0.0,0.0,1024,10240,0,0,0,conservative_topk_strict_gt,IPIX_Dartmouth,19931107_135603_starea.cdf,56,19931107_135603_starea.cdf#56,raw,9,"8,9,10,11",,
0.0001,268390501.76291636,0.0,9.765625e-05,1024,10240,1,1,2,conservative_topk_strict_gt,IPIX_Dartmouth,19931107_135603_starea.cdf,56,19931107_135603_starea.cdf#56,raw,9,"8,9,10,11",,
0.0003,262248769.43584552,0.0,0.00029296875,1024,10240,3,3,4,conservative_topk_strict_gt,IPIX_Dartmouth,19931107_135603_starea.cdf,56,19931107_135603_starea.cdf#56,raw,9,"8,9,10,11",,
0.001,203665782.3828345,0.0,0.0009765625,1024,10240,10,10,12,conservative_topk_strict_gt,IPIX_Dartmouth,19931107_135603_starea.cdf,56,19931107_135603_starea.cdf#56,raw,9,"8,9,10,11",,
0.003,144257773.13516244,0.0,0.0029296875,1024,10240,30,30,34,conservative_topk_strict_gt,IPIX_Dartmouth,19931107_135603_starea.cdf,56,19931107_135603_starea.cdf#56,raw,9,"8,9,10,11",,
0.01,78832375.58428247,0.0,0.0099609375,1024,10240,102,102,116,conservative_topk_strict_gt,IPIX_Dartmouth,19931107_135603_starea.cdf,56,19931107_135603_starea.cdf#56,raw,9,"8,9,10,11",,
1e-05,89559.88730885246,0.0,0.0,1024,10240,0,0,0,conservative_topk_strict_gt,IPIX_Dartmouth,19931107_135603_starea.cdf,56,19931107_135603_starea.cdf#56,low_rank_residual_k30,9,"8,9,10,11",,
3e-05,89559.88730885246,0.0,0.0,1024,10240,0,0,0,conservative_topk_strict_gt,IPIX_Dartmouth,19931107_135603_starea.cdf,56,19931107_135603_starea.cdf#56,low_rank_residual_k30,9,"8,9,10,11",,
0.0001,86472.22392147421,0.0,9.765625e-05,1024,10240,1,1,1,conservative_topk_strict_gt,IPIX_Dartmouth,19931107_135603_starea.cdf,56,19931107_135603_starea.cdf#56,low_rank_residual_k30,9,"8,9,10,11",,
0.0003,53983.88333763627,0.0,0.00029296875,1024,10240,3,3,4,conservative_topk_strict_gt,IPIX_Dartmouth,19931107_135603_starea.cdf,56,19931107_135603_starea.cdf#56,low_rank_residual_k30,9,"8,9,10,11",,
0.001,41506.189018258105,0.0,0.0009765625,1024,10240,10,10,12,conservative_topk_strict_gt,IPIX_Dartmouth,19931107_135603_starea.cdf,56,19931107_135603_starea.cdf#56,low_rank_residual_k30,9,"8,9,10,11",,
0.003,25342.5063811232,0.0029296875,0.0029296875,1024,10240,30,30,39,conservative_topk_strict_gt,IPIX_Dartmouth,19931107_135603_starea.cdf,56,19931107_135603_starea.cdf#56,low_rank_residual_k30,9,"8,9,10,11",,
0.01,11421.74530809272,0.021484375,0.0099609375,1024,10240,102,102,164,conservative_topk_strict_gt,IPIX_Dartmouth,19931107_135603_starea.cdf,56,19931107_135603_starea.cdf#56,low_rank_residual_k30,9,"8,9,10,11",,
1e-05,204751793.19929382,0.0,0.0,1024,10240,0,0,0,conservative_topk_strict_gt,IPIX_Dartmouth,19931107_135603_starea.cdf,56,19931107_135603_starea.cdf#56,tpsscs_trainable_gate,9,"8,9,10,11",,
3e-05,204751793.19929382,0.0,0.0,1024,10240,0,0,0,conservative_topk_strict_gt,IPIX_Dartmouth,19931107_135603_starea.cdf,56,19931107_135603_starea.cdf#56,tpsscs_trainable_gate,9,"8,9,10,11",,
0.0001,113558318.51058069,0.0,9.765625e-05,1024,10240,1,1,1,conservative_topk_strict_gt,IPIX_Dartmouth,19931107_135603_starea.cdf,56,19931107_135603_starea.cdf#56,tpsscs_trainable_gate,9,"8,9,10,11",,
0.0003,111740108.9397195,0.0,0.00029296875,1024,10240,3,3,3,conservative_topk_strict_gt,IPIX_Dartmouth,19931107_135603_starea.cdf,56,19931107_135603_starea.cdf#56,tpsscs_trainable_gate,9,"8,9,10,11",,
0.001,80524990.88261627,0.0,0.0009765625,1024,10240,10,10,10,conservative_topk_strict_gt,IPIX_Dartmouth,19931107_135603_starea.cdf,56,19931107_135603_starea.cdf#56,tpsscs_trainable_gate,9,"8,9,10,11",,
0.003,44736454.72984388,0.0,0.0029296875,1024,10240,30,30,30,conservative_topk_strict_gt,IPIX_Dartmouth,19931107_135603_starea.cdf,56,19931107_135603_starea.cdf#56,tpsscs_trainable_gate,9,"8,9,10,11",,
0.01,12399588.720483014,0.0,0.0099609375,1024,10240,102,102,102,conservative_topk_strict_gt,IPIX_Dartmouth,19931107_135603_starea.cdf,56,19931107_135603_starea.cdf#56,tpsscs_trainable_gate,9,"8,9,10,11",,
1e-05,,0.0,0.0,1024,10240,0,0,0,residual_cfar_plus_zero_false_gate_union,IPIX_Dartmouth,19931107_135603_starea.cdf,56,19931107_135603_starea.cdf#56,tpsscs_finished_detector,9,"8,9,10,11",89559.8873088526,204751793.19929382
3e-05,,0.0,0.0,1024,10240,0,0,0,residual_cfar_plus_zero_false_gate_union,IPIX_Dartmouth,19931107_135603_starea.cdf,56,19931107_135603_starea.cdf#56,tpsscs_finished_detector,9,"8,9,10,11",89559.8873088526,204751793.19929382
0.0001,,0.0,9.765625e-05,1024,10240,1,1,1,residual_cfar_plus_zero_false_gate_union,IPIX_Dartmouth,19931107_135603_starea.cdf,56,19931107_135603_starea.cdf#56,tpsscs_finished_detector,9,"8,9,10,11",86472.2239214739,204751793.19929382
0.0003,,0.0,0.00029296875,1024,10240,3,3,4,residual_cfar_plus_zero_false_gate_union,IPIX_Dartmouth,19931107_135603_starea.cdf,56,19931107_135603_starea.cdf#56,tpsscs_finished_detector,9,"8,9,10,11",53983.88333763626,204751793.19929382
0.001,,0.0,0.0009765625,1024,10240,10,10,12,residual_cfar_plus_zero_false_gate_union,IPIX_Dartmouth,19931107_135603_starea.cdf,56,19931107_135603_starea.cdf#56,tpsscs_finished_detector,9,"8,9,10,11",41506.189018258185,204751793.19929382
0.003,,0.0029296875,0.0029296875,1024,10240,30,30,39,residual_cfar_plus_zero_false_gate_union,IPIX_Dartmouth,19931107_135603_starea.cdf,56,19931107_135603_starea.cdf#56,tpsscs_finished_detector,9,"8,9,10,11",25342.506381123356,204751793.19929382
0.01,,0.021484375,0.0099609375,1024,10240,102,102,164,residual_cfar_plus_zero_false_gate_union,IPIX_Dartmouth,19931107_135603_starea.cdf,56,19931107_135603_starea.cdf#56,tpsscs_finished_detector,9,"8,9,10,11",11421.745308092753,204751793.19929382
1e-05,403365524.23045087,0.0,0.0,1024,10240,0,0,9,conservative_topk_strict_gt,IPIX_Dartmouth,19931107_135603_starea.cdf,57,19931107_135603_starea.cdf#57,raw,9,"8,9,10,11",,
3e-05,403365524.23045087,0.0,0.0,1024,10240,0,0,9,conservative_topk_strict_gt,IPIX_Dartmouth,19931107_135603_starea.cdf,57,19931107_135603_starea.cdf#57,raw,9,"8,9,10,11",,
0.0001,378837158.1793628,0.0,9.765625e-05,1024,10240,1,1,12,conservative_topk_strict_gt,IPIX_Dartmouth,19931107_135603_starea.cdf,57,19931107_135603_starea.cdf#57,raw,9,"8,9,10,11",,
0.0003,322487022.44854337,0.0,0.00029296875,1024,10240,3,3,15,conservative_topk_strict_gt,IPIX_Dartmouth,19931107_135603_starea.cdf,57,19931107_135603_starea.cdf#57,raw,9,"8,9,10,11",,
0.001,242192150.10034493,0.0,0.0009765625,1024,10240,10,10,28,conservative_topk_strict_gt,IPIX_Dartmouth,19931107_135603_starea.cdf,57,19931107_135603_starea.cdf#57,raw,9,"8,9,10,11",,
0.003,163367923.26504353,0.0,0.0029296875,1024,10240,30,30,63,conservative_topk_strict_gt,IPIX_Dartmouth,19931107_135603_starea.cdf,57,19931107_135603_starea.cdf#57,raw,9,"8,9,10,11",,
0.01,55132689.16743746,0.0,0.0099609375,1024,10240,102,102,212,conservative_topk_strict_gt,IPIX_Dartmouth,19931107_135603_starea.cdf,57,19931107_135603_starea.cdf#57,raw,9,"8,9,10,11",,
1e-05,14307.41900331544,0.0,0.0,1024,10240,0,0,0,conservative_topk_strict_gt,IPIX_Dartmouth,19931107_135603_starea.cdf,57,19931107_135603_starea.cdf#57,low_rank_residual_k30,9,"8,9,10,11",,
3e-05,14307.41900331544,0.0,0.0,1024,10240,0,0,0,conservative_topk_strict_gt,IPIX_Dartmouth,19931107_135603_starea.cdf,57,19931107_135603_starea.cdf#57,low_rank_residual_k30,9,"8,9,10,11",,
0.0001,12570.901132649135,0.0,9.765625e-05,1024,10240,1,1,1,conservative_topk_strict_gt,IPIX_Dartmouth,19931107_135603_starea.cdf,57,19931107_135603_starea.cdf#57,low_rank_residual_k30,9,"8,9,10,11",,
0.0003,10283.397263262028,0.0,0.00029296875,1024,10240,3,3,3,conservative_topk_strict_gt,IPIX_Dartmouth,19931107_135603_starea.cdf,57,19931107_135603_starea.cdf#57,low_rank_residual_k30,9,"8,9,10,11",,
0.001,8168.653865861372,0.0,0.0009765625,1024,10240,10,10,10,conservative_topk_strict_gt,IPIX_Dartmouth,19931107_135603_starea.cdf,57,19931107_135603_starea.cdf#57,low_rank_residual_k30,9,"8,9,10,11",,
0.003,5903.163722921881,0.005859375,0.0029296875,1024,10240,30,30,37,conservative_topk_strict_gt,IPIX_Dartmouth,19931107_135603_starea.cdf,57,19931107_135603_starea.cdf#57,low_rank_residual_k30,9,"8,9,10,11",,
0.01,3754.5449779061264,0.0205078125,0.0099609375,1024,10240,102,102,128,conservative_topk_strict_gt,IPIX_Dartmouth,19931107_135603_starea.cdf,57,19931107_135603_starea.cdf#57,low_rank_residual_k30,9,"8,9,10,11",,
1e-05,377768194.63439107,0.0,0.0,1024,10240,0,0,2,conservative_topk_strict_gt,IPIX_Dartmouth,19931107_135603_starea.cdf,57,19931107_135603_starea.cdf#57,tpsscs_trainable_gate,9,"8,9,10,11",,
3e-05,377768194.63439107,0.0,0.0,1024,10240,0,0,2,conservative_topk_strict_gt,IPIX_Dartmouth,19931107_135603_starea.cdf,57,19931107_135603_starea.cdf#57,tpsscs_trainable_gate,9,"8,9,10,11",,
0.0001,322418594.9654106,0.0,9.765625e-05,1024,10240,1,1,6,conservative_topk_strict_gt,IPIX_Dartmouth,19931107_135603_starea.cdf,57,19931107_135603_starea.cdf#57,tpsscs_trainable_gate,9,"8,9,10,11",,
0.0003,247466673.89450008,0.0,0.00029296875,1024,10240,3,3,9,conservative_topk_strict_gt,IPIX_Dartmouth,19931107_135603_starea.cdf,57,19931107_135603_starea.cdf#57,tpsscs_trainable_gate,9,"8,9,10,11",,
0.001,207690442.32016805,0.0,0.0009765625,1024,10240,10,10,20,conservative_topk_strict_gt,IPIX_Dartmouth,19931107_135603_starea.cdf,57,19931107_135603_starea.cdf#57,tpsscs_trainable_gate,9,"8,9,10,11",,
0.003,89971303.64509772,0.0,0.0029296875,1024,10240,30,30,52,conservative_topk_strict_gt,IPIX_Dartmouth,19931107_135603_starea.cdf,57,19931107_135603_starea.cdf#57,tpsscs_trainable_gate,9,"8,9,10,11",,
0.01,26029730.993691325,0.0,0.0099609375,1024,10240,102,102,153,conservative_topk_strict_gt,IPIX_Dartmouth,19931107_135603_starea.cdf,57,19931107_135603_starea.cdf#57,tpsscs_trainable_gate,9,"8,9,10,11",,
1e-05,,0.0,0.0,1024,10240,0,0,2,residual_cfar_plus_zero_false_gate_union,IPIX_Dartmouth,19931107_135603_starea.cdf,57,19931107_135603_starea.cdf#57,tpsscs_finished_detector,9,"8,9,10,11",14307.419003315494,377768194.63439107
3e-05,,0.0,0.0,1024,10240,0,0,2,residual_cfar_plus_zero_false_gate_union,IPIX_Dartmouth,19931107_135603_starea.cdf,57,19931107_135603_starea.cdf#57,tpsscs_finished_detector,9,"8,9,10,11",14307.419003315494,377768194.63439107
0.0001,,0.0,9.765625e-05,1024,10240,1,1,3,residual_cfar_plus_zero_false_gate_union,IPIX_Dartmouth,19931107_135603_starea.cdf,57,19931107_135603_starea.cdf#57,tpsscs_finished_detector,9,"8,9,10,11",12570.901132649115,377768194.63439107
0.0003,,0.0,0.00029296875,1024,10240,3,3,5,residual_cfar_plus_zero_false_gate_union,IPIX_Dartmouth,19931107_135603_starea.cdf,57,19931107_135603_starea.cdf#57,tpsscs_finished_detector,9,"8,9,10,11",10283.397263261973,377768194.63439107
0.001,,0.0,0.0009765625,1024,10240,10,10,12,residual_cfar_plus_zero_false_gate_union,IPIX_Dartmouth,19931107_135603_starea.cdf,57,19931107_135603_starea.cdf#57,tpsscs_finished_detector,9,"8,9,10,11",8168.6538658612935,377768194.63439107
0.003,,0.005859375,0.0029296875,1024,10240,30,30,39,residual_cfar_plus_zero_false_gate_union,IPIX_Dartmouth,19931107_135603_starea.cdf,57,19931107_135603_starea.cdf#57,tpsscs_finished_detector,9,"8,9,10,11",5903.163722921858,377768194.63439107
0.01,,0.0205078125,0.0099609375,1024,10240,102,102,130,residual_cfar_plus_zero_false_gate_union,IPIX_Dartmouth,19931107_135603_starea.cdf,57,19931107_135603_starea.cdf#57,tpsscs_finished_detector,9,"8,9,10,11",3754.5449779061973,377768194.63439107
1e-05,570848741.1255691,0.0078125,0.0,1024,10240,0,0,12,conservative_topk_strict_gt,IPIX_Dartmouth,19931107_135603_starea.cdf,58,19931107_135603_starea.cdf#58,raw,9,"8,9,10,11",,
3e-05,570848741.1255691,0.0078125,0.0,1024,10240,0,0,12,conservative_topk_strict_gt,IPIX_Dartmouth,19931107_135603_starea.cdf,58,19931107_135603_starea.cdf#58,raw,9,"8,9,10,11",,
0.0001,504637770.04553366,0.0087890625,9.765625e-05,1024,10240,1,1,16,conservative_topk_strict_gt,IPIX_Dartmouth,19931107_135603_starea.cdf,58,19931107_135603_starea.cdf#58,raw,9,"8,9,10,11",,
0.0003,273986048.6645399,0.0185546875,0.00029296875,1024,10240,3,3,49,conservative_topk_strict_gt,IPIX_Dartmouth,19931107_135603_starea.cdf,58,19931107_135603_starea.cdf#58,raw,9,"8,9,10,11",,
0.001,192007095.92198548,0.02734375,0.0009765625,1024,10240,10,10,91,conservative_topk_strict_gt,IPIX_Dartmouth,19931107_135603_starea.cdf,58,19931107_135603_starea.cdf#58,raw,9,"8,9,10,11",,
0.003,77301633.45887186,0.064453125,0.0029296875,1024,10240,30,30,241,conservative_topk_strict_gt,IPIX_Dartmouth,19931107_135603_starea.cdf,58,19931107_135603_starea.cdf#58,raw,9,"8,9,10,11",,
0.01,25150116.234892238,0.1552734375,0.0099609375,1024,10240,102,102,621,conservative_topk_strict_gt,IPIX_Dartmouth,19931107_135603_starea.cdf,58,19931107_135603_starea.cdf#58,raw,9,"8,9,10,11",,
1e-05,13727.399241428555,0.0,0.0,1024,10240,0,0,0,conservative_topk_strict_gt,IPIX_Dartmouth,19931107_135603_starea.cdf,58,19931107_135603_starea.cdf#58,low_rank_residual_k30,9,"8,9,10,11",,
3e-05,13727.399241428555,0.0,0.0,1024,10240,0,0,0,conservative_topk_strict_gt,IPIX_Dartmouth,19931107_135603_starea.cdf,58,19931107_135603_starea.cdf#58,low_rank_residual_k30,9,"8,9,10,11",,
0.0001,13605.850367155068,0.0,9.765625e-05,1024,10240,1,1,1,conservative_topk_strict_gt,IPIX_Dartmouth,19931107_135603_starea.cdf,58,19931107_135603_starea.cdf#58,low_rank_residual_k30,9,"8,9,10,11",,
0.0003,11871.437528247032,0.0,0.00029296875,1024,10240,3,3,3,conservative_topk_strict_gt,IPIX_Dartmouth,19931107_135603_starea.cdf,58,19931107_135603_starea.cdf#58,low_rank_residual_k30,9,"8,9,10,11",,
0.001,8985.358242561415,0.0,0.0009765625,1024,10240,10,10,10,conservative_topk_strict_gt,IPIX_Dartmouth,19931107_135603_starea.cdf,58,19931107_135603_starea.cdf#58,low_rank_residual_k30,9,"8,9,10,11",,
0.003,6000.858949643115,0.0,0.0029296875,1024,10240,30,30,30,conservative_topk_strict_gt,IPIX_Dartmouth,19931107_135603_starea.cdf,58,19931107_135603_starea.cdf#58,low_rank_residual_k30,9,"8,9,10,11",,
0.01,4346.846352028468,0.0,0.0099609375,1024,10240,102,102,102,conservative_topk_strict_gt,IPIX_Dartmouth,19931107_135603_starea.cdf,58,19931107_135603_starea.cdf#58,low_rank_residual_k30,9,"8,9,10,11",,
1e-05,568955916.0882312,0.0,0.0,1024,10240,0,0,0,conservative_topk_strict_gt,IPIX_Dartmouth,19931107_135603_starea.cdf,58,19931107_135603_starea.cdf#58,tpsscs_trainable_gate,9,"8,9,10,11",,
3e-05,568955916.0882312,0.0,0.0,1024,10240,0,0,0,conservative_topk_strict_gt,IPIX_Dartmouth,19931107_135603_starea.cdf,58,19931107_135603_starea.cdf#58,tpsscs_trainable_gate,9,"8,9,10,11",,
0.0001,501061826.0580178,0.0,9.765625e-05,1024,10240,1,1,1,conservative_topk_strict_gt,IPIX_Dartmouth,19931107_135603_starea.cdf,58,19931107_135603_starea.cdf#58,tpsscs_trainable_gate,9,"8,9,10,11",,
0.0003,270392147.34506065,0.0,0.00029296875,1024,10240,3,3,10,conservative_topk_strict_gt,IPIX_Dartmouth,19931107_135603_starea.cdf,58,19931107_135603_starea.cdf#58,tpsscs_trainable_gate,9,"8,9,10,11",,
0.001,186550719.69348547,0.0,0.0009765625,1024,10240,10,10,24,conservative_topk_strict_gt,IPIX_Dartmouth,19931107_135603_starea.cdf,58,19931107_135603_starea.cdf#58,tpsscs_trainable_gate,9,"8,9,10,11",,
0.003,75037669.1052156,0.0,0.0029296875,1024,10240,30,30,64,conservative_topk_strict_gt,IPIX_Dartmouth,19931107_135603_starea.cdf,58,19931107_135603_starea.cdf#58,tpsscs_trainable_gate,9,"8,9,10,11",,
0.01,21343416.903071456,0.0,0.0099609375,1024,10240,102,102,188,conservative_topk_strict_gt,IPIX_Dartmouth,19931107_135603_starea.cdf,58,19931107_135603_starea.cdf#58,tpsscs_trainable_gate,9,"8,9,10,11",,
1e-05,,0.0,0.0,1024,10240,0,0,0,residual_cfar_plus_zero_false_gate_union,IPIX_Dartmouth,19931107_135603_starea.cdf,58,19931107_135603_starea.cdf#58,tpsscs_finished_detector,9,"8,9,10,11",13727.399241428604,568955916.0882312
3e-05,,0.0,0.0,1024,10240,0,0,0,residual_cfar_plus_zero_false_gate_union,IPIX_Dartmouth,19931107_135603_starea.cdf,58,19931107_135603_starea.cdf#58,tpsscs_finished_detector,9,"8,9,10,11",13727.399241428604,568955916.0882312
0.0001,,0.0,9.765625e-05,1024,10240,1,1,1,residual_cfar_plus_zero_false_gate_union,IPIX_Dartmouth,19931107_135603_starea.cdf,58,19931107_135603_starea.cdf#58,tpsscs_finished_detector,9,"8,9,10,11",13605.850367155539,568955916.0882312
0.0003,,0.0,0.00029296875,1024,10240,3,3,3,residual_cfar_plus_zero_false_gate_union,IPIX_Dartmouth,19931107_135603_starea.cdf,58,19931107_135603_starea.cdf#58,tpsscs_finished_detector,9,"8,9,10,11",11871.437528245657,568955916.0882312
0.001,,0.0,0.0009765625,1024,10240,10,10,10,residual_cfar_plus_zero_false_gate_union,IPIX_Dartmouth,19931107_135603_starea.cdf,58,19931107_135603_starea.cdf#58,tpsscs_finished_detector,9,"8,9,10,11",8985.35824256165,568955916.0882312
0.003,,0.0,0.0029296875,1024,10240,30,30,30,residual_cfar_plus_zero_false_gate_union,IPIX_Dartmouth,19931107_135603_starea.cdf,58,19931107_135603_starea.cdf#58,tpsscs_finished_detector,9,"8,9,10,11",6000.858949643245,568955916.0882312
0.01,,0.0,0.0099609375,1024,10240,102,102,102,residual_cfar_plus_zero_false_gate_union,IPIX_Dartmouth,19931107_135603_starea.cdf,58,19931107_135603_starea.cdf#58,tpsscs_finished_detector,9,"8,9,10,11",4346.846352028565,568955916.0882312
1e-05,187492638.47442782,0.04296875,0.0,1024,10240,0,0,124,conservative_topk_strict_gt,IPIX_Dartmouth,19931107_135603_starea.cdf,59,19931107_135603_starea.cdf#59,raw,9,"8,9,10,11",,
3e-05,187492638.47442782,0.04296875,0.0,1024,10240,0,0,124,conservative_topk_strict_gt,IPIX_Dartmouth,19931107_135603_starea.cdf,59,19931107_135603_starea.cdf#59,raw,9,"8,9,10,11",,
0.0001,161218437.88169554,0.0478515625,9.765625e-05,1024,10240,1,1,138,conservative_topk_strict_gt,IPIX_Dartmouth,19931107_135603_starea.cdf,59,19931107_135603_starea.cdf#59,raw,9,"8,9,10,11",,
0.0003,118967473.99478815,0.0556640625,0.00029296875,1024,10240,3,3,181,conservative_topk_strict_gt,IPIX_Dartmouth,19931107_135603_starea.cdf,59,19931107_135603_starea.cdf#59,raw,9,"8,9,10,11",,
0.001,73714300.11158025,0.0771484375,0.0009765625,1024,10240,10,10,274,conservative_topk_strict_gt,IPIX_Dartmouth,19931107_135603_starea.cdf,59,19931107_135603_starea.cdf#59,raw,9,"8,9,10,11",,
0.003,38773378.73658879,0.109375,0.0029296875,1024,10240,30,30,421,conservative_topk_strict_gt,IPIX_Dartmouth,19931107_135603_starea.cdf,59,19931107_135603_starea.cdf#59,raw,9,"8,9,10,11",,
0.01,20005630.799903076,0.1494140625,0.0099609375,1024,10240,102,102,663,conservative_topk_strict_gt,IPIX_Dartmouth,19931107_135603_starea.cdf,59,19931107_135603_starea.cdf#59,raw,9,"8,9,10,11",,
1e-05,13370.193914290932,0.0,0.0,1024,10240,0,0,0,conservative_topk_strict_gt,IPIX_Dartmouth,19931107_135603_starea.cdf,59,19931107_135603_starea.cdf#59,low_rank_residual_k30,9,"8,9,10,11",,
3e-05,13370.193914290932,0.0,0.0,1024,10240,0,0,0,conservative_topk_strict_gt,IPIX_Dartmouth,19931107_135603_starea.cdf,59,19931107_135603_starea.cdf#59,low_rank_residual_k30,9,"8,9,10,11",,
0.0001,11412.671468152465,0.0,9.765625e-05,1024,10240,1,1,1,conservative_topk_strict_gt,IPIX_Dartmouth,19931107_135603_starea.cdf,59,19931107_135603_starea.cdf#59,low_rank_residual_k30,9,"8,9,10,11",,
0.0003,7817.492744736121,0.0,0.00029296875,1024,10240,3,3,3,conservative_topk_strict_gt,IPIX_Dartmouth,19931107_135603_starea.cdf,59,19931107_135603_starea.cdf#59,low_rank_residual_k30,9,"8,9,10,11",,
0.001,6452.465701649471,0.0,0.0009765625,1024,10240,10,10,10,conservative_topk_strict_gt,IPIX_Dartmouth,19931107_135603_starea.cdf,59,19931107_135603_starea.cdf#59,low_rank_residual_k30,9,"8,9,10,11",,
0.003,4499.2409865083555,0.0,0.0029296875,1024,10240,30,30,30,conservative_topk_strict_gt,IPIX_Dartmouth,19931107_135603_starea.cdf,59,19931107_135603_starea.cdf#59,low_rank_residual_k30,9,"8,9,10,11",,
0.01,3317.7188713915434,0.0,0.0099609375,1024,10240,102,102,102,conservative_topk_strict_gt,IPIX_Dartmouth,19931107_135603_starea.cdf,59,19931107_135603_starea.cdf#59,low_rank_residual_k30,9,"8,9,10,11",,
1e-05,187492638.47442782,0.0,0.0,1024,10240,0,0,25,conservative_topk_strict_gt,IPIX_Dartmouth,19931107_135603_starea.cdf,59,19931107_135603_starea.cdf#59,tpsscs_trainable_gate,9,"8,9,10,11",,
3e-05,187492638.47442782,0.0,0.0,1024,10240,0,0,25,conservative_topk_strict_gt,IPIX_Dartmouth,19931107_135603_starea.cdf,59,19931107_135603_starea.cdf#59,tpsscs_trainable_gate,9,"8,9,10,11",,
0.0001,161218284.13224372,0.0,9.765625e-05,1024,10240,1,1,32,conservative_topk_strict_gt,IPIX_Dartmouth,19931107_135603_starea.cdf,59,19931107_135603_starea.cdf#59,tpsscs_trainable_gate,9,"8,9,10,11",,
0.0003,118967473.99478818,0.0,0.00029296875,1024,10240,3,3,46,conservative_topk_strict_gt,IPIX_Dartmouth,19931107_135603_starea.cdf,59,19931107_135603_starea.cdf#59,tpsscs_trainable_gate,9,"8,9,10,11",,
0.001,53895971.80778162,0.0,0.0009765625,1024,10240,10,10,96,conservative_topk_strict_gt,IPIX_Dartmouth,19931107_135603_starea.cdf,59,19931107_135603_starea.cdf#59,tpsscs_trainable_gate,9,"8,9,10,11",,
0.003,30538451.464969594,0.0,0.0029296875,1024,10240,30,30,157,conservative_topk_strict_gt,IPIX_Dartmouth,19931107_135603_starea.cdf,59,19931107_135603_starea.cdf#59,tpsscs_trainable_gate,9,"8,9,10,11",,
0.01,10015480.262676068,0.0,0.0099609375,1024,10240,102,102,364,conservative_topk_strict_gt,IPIX_Dartmouth,19931107_135603_starea.cdf,59,19931107_135603_starea.cdf#59,tpsscs_trainable_gate,9,"8,9,10,11",,
1e-05,,0.0,0.0,1024,10240,0,0,25,residual_cfar_plus_zero_false_gate_union,IPIX_Dartmouth,19931107_135603_starea.cdf,59,19931107_135603_starea.cdf#59,tpsscs_finished_detector,9,"8,9,10,11",13370.193914290665,187492638.47442782
3e-05,,0.0,0.0,1024,10240,0,0,25,residual_cfar_plus_zero_false_gate_union,IPIX_Dartmouth,19931107_135603_starea.cdf,59,19931107_135603_starea.cdf#59,tpsscs_finished_detector,9,"8,9,10,11",13370.193914290665,187492638.47442782
0.0001,,0.0,9.765625e-05,1024,10240,1,1,26,residual_cfar_plus_zero_false_gate_union,IPIX_Dartmouth,19931107_135603_starea.cdf,59,19931107_135603_starea.cdf#59,tpsscs_finished_detector,9,"8,9,10,11",11412.671468152266,187492638.47442782
0.0003,,0.0,0.00029296875,1024,10240,3,3,28,residual_cfar_plus_zero_false_gate_union,IPIX_Dartmouth,19931107_135603_starea.cdf,59,19931107_135603_starea.cdf#59,tpsscs_finished_detector,9,"8,9,10,11",7817.492744736297,187492638.47442782
0.001,,0.0,0.0009765625,1024,10240,10,10,35,residual_cfar_plus_zero_false_gate_union,IPIX_Dartmouth,19931107_135603_starea.cdf,59,19931107_135603_starea.cdf#59,tpsscs_finished_detector,9,"8,9,10,11",6452.46570164968,187492638.47442782
0.003,,0.0,0.0029296875,1024,10240,30,30,55,residual_cfar_plus_zero_false_gate_union,IPIX_Dartmouth,19931107_135603_starea.cdf,59,19931107_135603_starea.cdf#59,tpsscs_finished_detector,9,"8,9,10,11",4499.240986508363,187492638.47442782
0.01,,0.0,0.0099609375,1024,10240,102,102,127,residual_cfar_plus_zero_false_gate_union,IPIX_Dartmouth,19931107_135603_starea.cdf,59,19931107_135603_starea.cdf#59,tpsscs_finished_detector,9,"8,9,10,11",3317.7188713915043,187492638.47442782
1e-05,331989180.8945435,0.0224609375,0.0,1024,10240,0,0,59,conservative_topk_strict_gt,IPIX_Dartmouth,19931107_135603_starea.cdf,60,19931107_135603_starea.cdf#60,raw,9,"8,9,10,11",,
3e-05,331989180.8945435,0.0224609375,0.0,1024,10240,0,0,59,conservative_topk_strict_gt,IPIX_Dartmouth,19931107_135603_starea.cdf,60,19931107_135603_starea.cdf#60,raw,9,"8,9,10,11",,
0.0001,317704637.0068254,0.0234375,9.765625e-05,1024,10240,1,1,64,conservative_topk_strict_gt,IPIX_Dartmouth,19931107_135603_starea.cdf,60,19931107_135603_starea.cdf#60,raw,9,"8,9,10,11",,
0.0003,282614174.81866777,0.0283203125,0.00029296875,1024,10240,3,3,76,conservative_topk_strict_gt,IPIX_Dartmouth,19931107_135603_starea.cdf,60,19931107_135603_starea.cdf#60,raw,9,"8,9,10,11",,
0.001,136538928.17399696,0.0537109375,0.0009765625,1024,10240,10,10,163,conservative_topk_strict_gt,IPIX_Dartmouth,19931107_135603_starea.cdf,60,19931107_135603_starea.cdf#60,raw,9,"8,9,10,11",,
0.003,68986295.93353549,0.078125,0.0029296875,1024,10240,30,30,308,conservative_topk_strict_gt,IPIX_Dartmouth,19931107_135603_starea.cdf,60,19931107_135603_starea.cdf#60,raw,9,"8,9,10,11",,
0.01,27663099.020237826,0.13671875,0.0099609375,1024,10240,102,102,578,conservative_topk_strict_gt,IPIX_Dartmouth,19931107_135603_starea.cdf,60,19931107_135603_starea.cdf#60,raw,9,"8,9,10,11",,
1e-05,22720.811416404093,0.0,0.0,1024,10240,0,0,0,conservative_topk_strict_gt,IPIX_Dartmouth,19931107_135603_starea.cdf,60,19931107_135603_starea.cdf#60,low_rank_residual_k30,9,"8,9,10,11",,
3e-05,22720.811416404093,0.0,0.0,1024,10240,0,0,0,conservative_topk_strict_gt,IPIX_Dartmouth,19931107_135603_starea.cdf,60,19931107_135603_starea.cdf#60,low_rank_residual_k30,9,"8,9,10,11",,
0.0001,19958.6396554437,0.0,9.765625e-05,1024,10240,1,1,1,conservative_topk_strict_gt,IPIX_Dartmouth,19931107_135603_starea.cdf,60,19931107_135603_starea.cdf#60,low_rank_residual_k30,9,"8,9,10,11",,
0.0003,18707.882918764662,0.0,0.00029296875,1024,10240,3,3,3,conservative_topk_strict_gt,IPIX_Dartmouth,19931107_135603_starea.cdf,60,19931107_135603_starea.cdf#60,low_rank_residual_k30,9,"8,9,10,11",,
0.001,14555.614844767362,0.0,0.0009765625,1024,10240,10,10,10,conservative_topk_strict_gt,IPIX_Dartmouth,19931107_135603_starea.cdf,60,19931107_135603_starea.cdf#60,low_rank_residual_k30,9,"8,9,10,11",,
0.003,10479.791707773584,0.0,0.0029296875,1024,10240,30,30,30,conservative_topk_strict_gt,IPIX_Dartmouth,19931107_135603_starea.cdf,60,19931107_135603_starea.cdf#60,low_rank_residual_k30,9,"8,9,10,11",,
0.01,6075.128325949845,0.0,0.0099609375,1024,10240,102,102,102,conservative_topk_strict_gt,IPIX_Dartmouth,19931107_135603_starea.cdf,60,19931107_135603_starea.cdf#60,low_rank_residual_k30,9,"8,9,10,11",,
1e-05,37433395.402133,0.0,0.0,1024,10240,0,0,166,conservative_topk_strict_gt,IPIX_Dartmouth,19931107_135603_starea.cdf,60,19931107_135603_starea.cdf#60,tpsscs_trainable_gate,9,"8,9,10,11",,
3e-05,37433395.402133,0.0,0.0,1024,10240,0,0,166,conservative_topk_strict_gt,IPIX_Dartmouth,19931107_135603_starea.cdf,60,19931107_135603_starea.cdf#60,tpsscs_trainable_gate,9,"8,9,10,11",,
0.0001,37173693.51616435,0.0,9.765625e-05,1024,10240,1,1,169,conservative_topk_strict_gt,IPIX_Dartmouth,19931107_135603_starea.cdf,60,19931107_135603_starea.cdf#60,tpsscs_trainable_gate,9,"8,9,10,11",,
0.0003,31101325.990679417,0.0,0.00029296875,1024,10240,3,3,189,conservative_topk_strict_gt,IPIX_Dartmouth,19931107_135603_starea.cdf,60,19931107_135603_starea.cdf#60,tpsscs_trainable_gate,9,"8,9,10,11",,
0.001,22084107.32385359,0.0,0.0009765625,1024,10240,10,10,235,conservative_topk_strict_gt,IPIX_Dartmouth,19931107_135603_starea.cdf,60,19931107_135603_starea.cdf#60,tpsscs_trainable_gate,9,"8,9,10,11",,
0.003,11740622.957703948,0.0,0.0029296875,1024,10240,30,30,349,conservative_topk_strict_gt,IPIX_Dartmouth,19931107_135603_starea.cdf,60,19931107_135603_starea.cdf#60,tpsscs_trainable_gate,9,"8,9,10,11",,
0.01,3343953.01559446,0.0009765625,0.0099609375,1024,10240,102,102,776,conservative_topk_strict_gt,IPIX_Dartmouth,19931107_135603_starea.cdf,60,19931107_135603_starea.cdf#60,tpsscs_trainable_gate,9,"8,9,10,11",,
1e-05,,0.0,0.0,1024,10240,0,0,166,residual_cfar_plus_zero_false_gate_union,IPIX_Dartmouth,19931107_135603_starea.cdf,60,19931107_135603_starea.cdf#60,tpsscs_finished_detector,9,"8,9,10,11",22720.811416404158,37433395.402133
3e-05,,0.0,0.0,1024,10240,0,0,166,residual_cfar_plus_zero_false_gate_union,IPIX_Dartmouth,19931107_135603_starea.cdf,60,19931107_135603_starea.cdf#60,tpsscs_finished_detector,9,"8,9,10,11",22720.811416404158,37433395.402133
0.0001,,0.0,9.765625e-05,1024,10240,1,1,167,residual_cfar_plus_zero_false_gate_union,IPIX_Dartmouth,19931107_135603_starea.cdf,60,19931107_135603_starea.cdf#60,tpsscs_finished_detector,9,"8,9,10,11",19958.639655443883,37433395.402133
0.0003,,0.0,0.00029296875,1024,10240,3,3,169,residual_cfar_plus_zero_false_gate_union,IPIX_Dartmouth,19931107_135603_starea.cdf,60,19931107_135603_starea.cdf#60,tpsscs_finished_detector,9,"8,9,10,11",18707.882918764946,37433395.402133
0.001,,0.0,0.0009765625,1024,10240,10,10,176,residual_cfar_plus_zero_false_gate_union,IPIX_Dartmouth,19931107_135603_starea.cdf,60,19931107_135603_starea.cdf#60,tpsscs_finished_detector,9,"8,9,10,11",14555.614844767313,37433395.402133
0.003,,0.0,0.0029296875,1024,10240,30,30,196,residual_cfar_plus_zero_false_gate_union,IPIX_Dartmouth,19931107_135603_starea.cdf,60,19931107_135603_starea.cdf#60,tpsscs_finished_detector,9,"8,9,10,11",10479.791707773798,37433395.402133
0.01,,0.0,0.0099609375,1024,10240,102,102,268,residual_cfar_plus_zero_false_gate_union,IPIX_Dartmouth,19931107_135603_starea.cdf,60,19931107_135603_starea.cdf#60,tpsscs_finished_detector,9,"8,9,10,11",6075.128325950061,37433395.402133
1e-05,427152067.93132406,0.0283203125,0.0,1024,10240,0,0,98,conservative_topk_strict_gt,IPIX_Dartmouth,19931107_135603_starea.cdf,61,19931107_135603_starea.cdf#61,raw,9,"8,9,10,11",,
3e-05,427152067.93132406,0.0283203125,0.0,1024,10240,0,0,98,conservative_topk_strict_gt,IPIX_Dartmouth,19931107_135603_starea.cdf,61,19931107_135603_starea.cdf#61,raw,9,"8,9,10,11",,
0.0001,297197762.2015569,0.03515625,9.765625e-05,1024,10240,1,1,130,conservative_topk_strict_gt,IPIX_Dartmouth,19931107_135603_starea.cdf,61,19931107_135603_starea.cdf#61,raw,9,"8,9,10,11",,
0.0003,270825935.2245364,0.03515625,0.00029296875,1024,10240,3,3,137,conservative_topk_strict_gt,IPIX_Dartmouth,19931107_135603_starea.cdf,61,19931107_135603_starea.cdf#61,raw,9,"8,9,10,11",,
0.001,226565267.69400916,0.0361328125,0.0009765625,1024,10240,10,10,148,conservative_topk_strict_gt,IPIX_Dartmouth,19931107_135603_starea.cdf,61,19931107_135603_starea.cdf#61,raw,9,"8,9,10,11",,
0.003,139264550.19849786,0.041015625,0.0029296875,1024,10240,30,30,200,conservative_topk_strict_gt,IPIX_Dartmouth,19931107_135603_starea.cdf,61,19931107_135603_starea.cdf#61,raw,9,"8,9,10,11",,
0.01,76163580.98008148,0.0517578125,0.0099609375,1024,10240,102,102,352,conservative_topk_strict_gt,IPIX_Dartmouth,19931107_135603_starea.cdf,61,19931107_135603_starea.cdf#61,raw,9,"8,9,10,11",,
1e-05,478671.9928155766,0.0,0.0,1024,10240,0,0,0,conservative_topk_strict_gt,IPIX_Dartmouth,19931107_135603_starea.cdf,61,19931107_135603_starea.cdf#61,low_rank_residual_k30,9,"8,9,10,11",,
3e-05,478671.9928155766,0.0,0.0,1024,10240,0,0,0,conservative_topk_strict_gt,IPIX_Dartmouth,19931107_135603_starea.cdf,61,19931107_135603_starea.cdf#61,low_rank_residual_k30,9,"8,9,10,11",,
0.0001,255999.76275278692,0.0,9.765625e-05,1024,10240,1,1,1,conservative_topk_strict_gt,IPIX_Dartmouth,19931107_135603_starea.cdf,61,19931107_135603_starea.cdf#61,low_rank_residual_k30,9,"8,9,10,11",,
0.0003,243675.69517258176,0.0,0.00029296875,1024,10240,3,3,3,conservative_topk_strict_gt,IPIX_Dartmouth,19931107_135603_starea.cdf,61,19931107_135603_starea.cdf#61,low_rank_residual_k30,9,"8,9,10,11",,
0.001,184684.8650755618,0.0,0.0009765625,1024,10240,10,10,10,conservative_topk_strict_gt,IPIX_Dartmouth,19931107_135603_starea.cdf,61,19931107_135603_starea.cdf#61,low_rank_residual_k30,9,"8,9,10,11",,
0.003,134781.40953767605,0.0,0.0029296875,1024,10240,30,30,30,conservative_topk_strict_gt,IPIX_Dartmouth,19931107_135603_starea.cdf,61,19931107_135603_starea.cdf#61,low_rank_residual_k30,9,"8,9,10,11",,
0.01,94084.95912405649,0.0,0.0099609375,1024,10240,102,102,102,conservative_topk_strict_gt,IPIX_Dartmouth,19931107_135603_starea.cdf,61,19931107_135603_starea.cdf#61,low_rank_residual_k30,9,"8,9,10,11",,
1e-05,240848233.62775695,0.0,0.0,1024,10240,0,0,4,conservative_topk_strict_gt,IPIX_Dartmouth,19931107_135603_starea.cdf,61,19931107_135603_starea.cdf#61,tpsscs_trainable_gate,9,"8,9,10,11",,
3e-05,240848233.62775695,0.0,0.0,1024,10240,0,0,4,conservative_topk_strict_gt,IPIX_Dartmouth,19931107_135603_starea.cdf,61,19931107_135603_starea.cdf#61,tpsscs_trainable_gate,9,"8,9,10,11",,
0.0001,232727075.0657804,0.0,9.765625e-05,1024,10240,1,1,5,conservative_topk_strict_gt,IPIX_Dartmouth,19931107_135603_starea.cdf,61,19931107_135603_starea.cdf#61,tpsscs_trainable_gate,9,"8,9,10,11",,
0.0003,126481441.46085685,0.0,0.00029296875,1024,10240,3,3,22,conservative_topk_strict_gt,IPIX_Dartmouth,19931107_135603_starea.cdf,61,19931107_135603_starea.cdf#61,tpsscs_trainable_gate,9,"8,9,10,11",,
0.001,91918861.48795226,0.0,0.0009765625,1024,10240,10,10,32,conservative_topk_strict_gt,IPIX_Dartmouth,19931107_135603_starea.cdf,61,19931107_135603_starea.cdf#61,tpsscs_trainable_gate,9,"8,9,10,11",,
0.003,48234910.44150005,0.0,0.0029296875,1024,10240,30,30,73,conservative_topk_strict_gt,IPIX_Dartmouth,19931107_135603_starea.cdf,61,19931107_135603_starea.cdf#61,tpsscs_trainable_gate,9,"8,9,10,11",,
0.01,18116041.616830878,0.0,0.0099609375,1024,10240,102,102,206,conservative_topk_strict_gt,IPIX_Dartmouth,19931107_135603_starea.cdf,61,19931107_135603_starea.cdf#61,tpsscs_trainable_gate,9,"8,9,10,11",,
1e-05,,0.0,0.0,1024,10240,0,0,4,residual_cfar_plus_zero_false_gate_union,IPIX_Dartmouth,19931107_135603_starea.cdf,61,19931107_135603_starea.cdf#61,tpsscs_finished_detector,9,"8,9,10,11",478671.99281557597,240848233.62775695
3e-05,,0.0,0.0,1024,10240,0,0,4,residual_cfar_plus_zero_false_gate_union,IPIX_Dartmouth,19931107_135603_starea.cdf,61,19931107_135603_starea.cdf#61,tpsscs_finished_detector,9,"8,9,10,11",478671.99281557597,240848233.62775695
0.0001,,0.0,9.765625e-05,1024,10240,1,1,5,residual_cfar_plus_zero_false_gate_union,IPIX_Dartmouth,19931107_135603_starea.cdf,61,19931107_135603_starea.cdf#61,tpsscs_finished_detector,9,"8,9,10,11",255999.7627527875,240848233.62775695
0.0003,,0.0,0.00029296875,1024,10240,3,3,7,residual_cfar_plus_zero_false_gate_union,IPIX_Dartmouth,19931107_135603_starea.cdf,61,19931107_135603_starea.cdf#61,tpsscs_finished_detector,9,"8,9,10,11",243675.69517258104,240848233.62775695
0.001,,0.0,0.0009765625,1024,10240,10,10,14,residual_cfar_plus_zero_false_gate_union,IPIX_Dartmouth,19931107_135603_starea.cdf,61,19931107_135603_starea.cdf#61,tpsscs_finished_detector,9,"8,9,10,11",184684.86507555982,240848233.62775695
0.003,,0.0,0.0029296875,1024,10240,30,30,34,residual_cfar_plus_zero_false_gate_union,IPIX_Dartmouth,19931107_135603_starea.cdf,61,19931107_135603_starea.cdf#61,tpsscs_finished_detector,9,"8,9,10,11",134781.40953767684,240848233.62775695
0.01,,0.0,0.0099609375,1024,10240,102,102,106,residual_cfar_plus_zero_false_gate_union,IPIX_Dartmouth,19931107_135603_starea.cdf,61,19931107_135603_starea.cdf#61,tpsscs_finished_detector,9,"8,9,10,11",94084.95912405638,240848233.62775695
1e-05,581586883.0849197,0.017578125,0.0,1024,10240,0,0,47,conservative_topk_strict_gt,IPIX_Dartmouth,19931107_135603_starea.cdf,62,19931107_135603_starea.cdf#62,raw,9,"8,9,10,11",,
3e-05,581586883.0849197,0.017578125,0.0,1024,10240,0,0,47,conservative_topk_strict_gt,IPIX_Dartmouth,19931107_135603_starea.cdf,62,19931107_135603_starea.cdf#62,raw,9,"8,9,10,11",,
0.0001,573504316.0052202,0.017578125,9.765625e-05,1024,10240,1,1,48,conservative_topk_strict_gt,IPIX_Dartmouth,19931107_135603_starea.cdf,62,19931107_135603_starea.cdf#62,raw,9,"8,9,10,11",,
0.0003,490499645.1551839,0.01953125,0.00029296875,1024,10240,3,3,59,conservative_topk_strict_gt,IPIX_Dartmouth,19931107_135603_starea.cdf,62,19931107_135603_starea.cdf#62,raw,9,"8,9,10,11",,
0.001,392155539.92068106,0.01953125,0.0009765625,1024,10240,10,10,73,conservative_topk_strict_gt,IPIX_Dartmouth,19931107_135603_starea.cdf,62,19931107_135603_starea.cdf#62,raw,9,"8,9,10,11",,
0.003,255359714.20505166,0.02734375,0.0029296875,1024,10240,30,30,123,conservative_topk_strict_gt,IPIX_Dartmouth,19931107_135603_starea.cdf,62,19931107_135603_starea.cdf#62,raw,9,"8,9,10,11",,
0.01,122732175.15846524,0.04296875,0.0099609375,1024,10240,102,102,273,conservative_topk_strict_gt,IPIX_Dartmouth,19931107_135603_starea.cdf,62,19931107_135603_starea.cdf#62,raw,9,"8,9,10,11",,
1e-05,5901314.241704993,0.0,0.0,1024,10240,0,0,0,conservative_topk_strict_gt,IPIX_Dartmouth,19931107_135603_starea.cdf,62,19931107_135603_starea.cdf#62,low_rank_residual_k30,9,"8,9,10,11",,
3e-05,5901314.241704993,0.0,0.0,1024,10240,0,0,0,conservative_topk_strict_gt,IPIX_Dartmouth,19931107_135603_starea.cdf,62,19931107_135603_starea.cdf#62,low_rank_residual_k30,9,"8,9,10,11",,
0.0001,5638401.402463423,0.0,9.765625e-05,1024,10240,1,1,2,conservative_topk_strict_gt,IPIX_Dartmouth,19931107_135603_starea.cdf,62,19931107_135603_starea.cdf#62,low_rank_residual_k30,9,"8,9,10,11",,
0.0003,5221291.260554281,0.0,0.00029296875,1024,10240,3,3,6,conservative_topk_strict_gt,IPIX_Dartmouth,19931107_135603_starea.cdf,62,19931107_135603_starea.cdf#62,low_rank_residual_k30,9,"8,9,10,11",,
0.001,3689008.282281505,0.0,0.0009765625,1024,10240,10,10,17,conservative_topk_strict_gt,IPIX_Dartmouth,19931107_135603_starea.cdf,62,19931107_135603_starea.cdf#62,low_rank_residual_k30,9,"8,9,10,11",,
0.003,2659178.2507694075,0.0087890625,0.0029296875,1024,10240,30,30,70,conservative_topk_strict_gt,IPIX_Dartmouth,19931107_135603_starea.cdf,62,19931107_135603_starea.cdf#62,low_rank_residual_k30,9,"8,9,10,11",,
0.01,1896022.869995847,0.0244140625,0.0099609375,1024,10240,102,102,204,conservative_topk_strict_gt,IPIX_Dartmouth,19931107_135603_starea.cdf,62,19931107_135603_starea.cdf#62,low_rank_residual_k30,9,"8,9,10,11",,
1e-05,532621322.5340011,0.0,0.0,1024,10240,0,0,11,conservative_topk_strict_gt,IPIX_Dartmouth,19931107_135603_starea.cdf,62,19931107_135603_starea.cdf#62,tpsscs_trainable_gate,9,"8,9,10,11",,
3e-05,532621322.5340011,0.0,0.0,1024,10240,0,0,11,conservative_topk_strict_gt,IPIX_Dartmouth,19931107_135603_starea.cdf,62,19931107_135603_starea.cdf#62,tpsscs_trainable_gate,9,"8,9,10,11",,
0.0001,482425026.8362302,0.0,9.765625e-05,1024,10240,1,1,12,conservative_topk_strict_gt,IPIX_Dartmouth,19931107_135603_starea.cdf,62,19931107_135603_starea.cdf#62,tpsscs_trainable_gate,9,"8,9,10,11",,
0.0003,408919030.8535592,0.0,0.00029296875,1024,10240,3,3,14,conservative_topk_strict_gt,IPIX_Dartmouth,19931107_135603_starea.cdf,62,19931107_135603_starea.cdf#62,tpsscs_trainable_gate,9,"8,9,10,11",,
0.001,264187216.06979206,0.0,0.0009765625,1024,10240,10,10,26,conservative_topk_strict_gt,IPIX_Dartmouth,19931107_135603_starea.cdf,62,19931107_135603_starea.cdf#62,tpsscs_trainable_gate,9,"8,9,10,11",,
0.003,164542122.246487,0.0029296875,0.0029296875,1024,10240,30,30,52,conservative_topk_strict_gt,IPIX_Dartmouth,19931107_135603_starea.cdf,62,19931107_135603_starea.cdf#62,tpsscs_trainable_gate,9,"8,9,10,11",,
0.01,60441364.11290726,0.0068359375,0.0099609375,1024,10240,102,102,146,conservative_topk_strict_gt,IPIX_Dartmouth,19931107_135603_starea.cdf,62,19931107_135603_starea.cdf#62,tpsscs_trainable_gate,9,"8,9,10,11",,
1e-05,,0.0,0.0,1024,10240,0,0,11,residual_cfar_plus_zero_false_gate_union,IPIX_Dartmouth,19931107_135603_starea.cdf,62,19931107_135603_starea.cdf#62,tpsscs_finished_detector,9,"8,9,10,11",5901314.241704893,532621322.5340011
3e-05,,0.0,0.0,1024,10240,0,0,11,residual_cfar_plus_zero_false_gate_union,IPIX_Dartmouth,19931107_135603_starea.cdf,62,19931107_135603_starea.cdf#62,tpsscs_finished_detector,9,"8,9,10,11",5901314.241704893,532621322.5340011
0.0001,,0.0,9.765625e-05,1024,10240,1,1,13,residual_cfar_plus_zero_false_gate_union,IPIX_Dartmouth,19931107_135603_starea.cdf,62,19931107_135603_starea.cdf#62,tpsscs_finished_detector,9,"8,9,10,11",5638401.40246342,532621322.5340011
0.0003,,0.0,0.00029296875,1024,10240,3,3,17,residual_cfar_plus_zero_false_gate_union,IPIX_Dartmouth,19931107_135603_starea.cdf,62,19931107_135603_starea.cdf#62,tpsscs_finished_detector,9,"8,9,10,11",5221291.2605543565,532621322.5340011
0.001,,0.0,0.0009765625,1024,10240,10,10,27,residual_cfar_plus_zero_false_gate_union,IPIX_Dartmouth,19931107_135603_starea.cdf,62,19931107_135603_starea.cdf#62,tpsscs_finished_detector,9,"8,9,10,11",3689008.282281473,532621322.5340011
0.003,,0.0087890625,0.0029296875,1024,10240,30,30,79,residual_cfar_plus_zero_false_gate_union,IPIX_Dartmouth,19931107_135603_starea.cdf,62,19931107_135603_starea.cdf#62,tpsscs_finished_detector,9,"8,9,10,11",2659178.2507693623,532621322.5340011
0.01,,0.0244140625,0.0099609375,1024,10240,102,102,211,residual_cfar_plus_zero_false_gate_union,IPIX_Dartmouth,19931107_135603_starea.cdf,62,19931107_135603_starea.cdf#62,tpsscs_finished_detector,9,"8,9,10,11",1896022.8699958269,532621322.5340011
1e-05,899651058.6255939,0.0,0.0,1024,10240,0,0,0,conservative_topk_strict_gt,IPIX_Dartmouth,19931107_135603_starea.cdf,63,19931107_135603_starea.cdf#63,raw,9,"8,9,10,11",,
3e-05,899651058.6255939,0.0,0.0,1024,10240,0,0,0,conservative_topk_strict_gt,IPIX_Dartmouth,19931107_135603_starea.cdf,63,19931107_135603_starea.cdf#63,raw,9,"8,9,10,11",,
0.0001,643876222.0955417,0.0,9.765625e-05,1024,10240,1,1,1,conservative_topk_strict_gt,IPIX_Dartmouth,19931107_135603_starea.cdf,63,19931107_135603_starea.cdf#63,raw,9,"8,9,10,11",,
0.0003,424213158.4247432,0.0,0.00029296875,1024,10240,3,3,3,conservative_topk_strict_gt,IPIX_Dartmouth,19931107_135603_starea.cdf,63,19931107_135603_starea.cdf#63,raw,9,"8,9,10,11",,
0.001,337899226.26820254,0.0,0.0009765625,1024,10240,10,10,10,conservative_topk_strict_gt,IPIX_Dartmouth,19931107_135603_starea.cdf,63,19931107_135603_starea.cdf#63,raw,9,"8,9,10,11",,
0.003,237808379.56925055,0.0,0.0029296875,1024,10240,30,30,30,conservative_topk_strict_gt,IPIX_Dartmouth,19931107_135603_starea.cdf,63,19931107_135603_starea.cdf#63,raw,9,"8,9,10,11",,
0.01,133358752.67441434,0.0,0.0099609375,1024,10240,102,102,102,conservative_topk_strict_gt,IPIX_Dartmouth,19931107_135603_starea.cdf,63,19931107_135603_starea.cdf#63,raw,9,"8,9,10,11",,
1e-05,34332.530512900186,0.0,0.0,1024,10240,0,0,2,conservative_topk_strict_gt,IPIX_Dartmouth,19931107_135603_starea.cdf,63,19931107_135603_starea.cdf#63,low_rank_residual_k30,9,"8,9,10,11",,
3e-05,34332.530512900186,0.0,0.0,1024,10240,0,0,2,conservative_topk_strict_gt,IPIX_Dartmouth,19931107_135603_starea.cdf,63,19931107_135603_starea.cdf#63,low_rank_residual_k30,9,"8,9,10,11",,
0.0001,32269.834310351427,0.0,9.765625e-05,1024,10240,1,1,3,conservative_topk_strict_gt,IPIX_Dartmouth,19931107_135603_starea.cdf,63,19931107_135603_starea.cdf#63,low_rank_residual_k30,9,"8,9,10,11",,
0.0003,27855.974878830973,0.0,0.00029296875,1024,10240,3,3,7,conservative_topk_strict_gt,IPIX_Dartmouth,19931107_135603_starea.cdf,63,19931107_135603_starea.cdf#63,low_rank_residual_k30,9,"8,9,10,11",,
0.001,18130.571852236855,0.0,0.0009765625,1024,10240,10,10,15,conservative_topk_strict_gt,IPIX_Dartmouth,19931107_135603_starea.cdf,63,19931107_135603_starea.cdf#63,low_rank_residual_k30,9,"8,9,10,11",,
0.003,11595.545975901445,0.001953125,0.0029296875,1024,10240,30,30,58,conservative_topk_strict_gt,IPIX_Dartmouth,19931107_135603_starea.cdf,63,19931107_135603_starea.cdf#63,low_rank_residual_k30,9,"8,9,10,11",,
0.01,6278.770851556863,0.0185546875,0.0099609375,1024,10240,102,102,190,conservative_topk_strict_gt,IPIX_Dartmouth,19931107_135603_starea.cdf,63,19931107_135603_starea.cdf#63,low_rank_residual_k30,9,"8,9,10,11",,
1e-05,895473433.7108257,0.0,0.0,1024,10240,0,0,0,conservative_topk_strict_gt,IPIX_Dartmouth,19931107_135603_starea.cdf,63,19931107_135603_starea.cdf#63,tpsscs_trainable_gate,9,"8,9,10,11",,
3e-05,895473433.7108257,0.0,0.0,1024,10240,0,0,0,conservative_topk_strict_gt,IPIX_Dartmouth,19931107_135603_starea.cdf,63,19931107_135603_starea.cdf#63,tpsscs_trainable_gate,9,"8,9,10,11",,
0.0001,642740192.8761574,0.0,9.765625e-05,1024,10240,1,1,1,conservative_topk_strict_gt,IPIX_Dartmouth,19931107_135603_starea.cdf,63,19931107_135603_starea.cdf#63,tpsscs_trainable_gate,9,"8,9,10,11",,
0.0003,339154726.0731374,0.0,0.00029296875,1024,10240,3,3,3,conservative_topk_strict_gt,IPIX_Dartmouth,19931107_135603_starea.cdf,63,19931107_135603_starea.cdf#63,tpsscs_trainable_gate,9,"8,9,10,11",,
0.001,241434670.84056845,0.0,0.0009765625,1024,10240,10,10,10,conservative_topk_strict_gt,IPIX_Dartmouth,19931107_135603_starea.cdf,63,19931107_135603_starea.cdf#63,tpsscs_trainable_gate,9,"8,9,10,11",,
0.003,117895391.9429769,0.0,0.0029296875,1024,10240,30,30,30,conservative_topk_strict_gt,IPIX_Dartmouth,19931107_135603_starea.cdf,63,19931107_135603_starea.cdf#63,tpsscs_trainable_gate,9,"8,9,10,11",,
0.01,40836095.40972082,0.0,0.0099609375,1024,10240,102,102,102,conservative_topk_strict_gt,IPIX_Dartmouth,19931107_135603_starea.cdf,63,19931107_135603_starea.cdf#63,tpsscs_trainable_gate,9,"8,9,10,11",,
1e-05,,0.0,0.0,1024,10240,0,0,2,residual_cfar_plus_zero_false_gate_union,IPIX_Dartmouth,19931107_135603_starea.cdf,63,19931107_135603_starea.cdf#63,tpsscs_finished_detector,9,"8,9,10,11",34332.53051290019,895473433.7108257
3e-05,,0.0,0.0,1024,10240,0,0,2,residual_cfar_plus_zero_false_gate_union,IPIX_Dartmouth,19931107_135603_starea.cdf,63,19931107_135603_starea.cdf#63,tpsscs_finished_detector,9,"8,9,10,11",34332.53051290019,895473433.7108257
0.0001,,0.0,9.765625e-05,1024,10240,1,1,3,residual_cfar_plus_zero_false_gate_union,IPIX_Dartmouth,19931107_135603_starea.cdf,63,19931107_135603_starea.cdf#63,tpsscs_finished_detector,9,"8,9,10,11",32269.834310351238,895473433.7108257
0.0003,,0.0,0.00029296875,1024,10240,3,3,7,residual_cfar_plus_zero_false_gate_union,IPIX_Dartmouth,19931107_135603_starea.cdf,63,19931107_135603_starea.cdf#63,tpsscs_finished_detector,9,"8,9,10,11",27855.974878830973,895473433.7108257
0.001,,0.0,0.0009765625,1024,10240,10,10,15,residual_cfar_plus_zero_false_gate_union,IPIX_Dartmouth,19931107_135603_starea.cdf,63,19931107_135603_starea.cdf#63,tpsscs_finished_detector,9,"8,9,10,11",18130.57185223706,895473433.7108257
0.003,,0.001953125,0.0029296875,1024,10240,30,30,58,residual_cfar_plus_zero_false_gate_union,IPIX_Dartmouth,19931107_135603_starea.cdf,63,19931107_135603_starea.cdf#63,tpsscs_finished_detector,9,"8,9,10,11",11595.545975901783,895473433.7108257
0.01,,0.0185546875,0.0099609375,1024,10240,102,102,190,residual_cfar_plus_zero_false_gate_union,IPIX_Dartmouth,19931107_135603_starea.cdf,63,19931107_135603_starea.cdf#63,tpsscs_finished_detector,9,"8,9,10,11",6278.770851556981,895473433.7108257
1e-05,732569596.589425,0.0,0.0,1024,10240,0,0,0,conservative_topk_strict_gt,IPIX_Dartmouth,19931107_135603_starea.cdf,64,19931107_135603_starea.cdf#64,raw,9,"8,9,10,11",,
3e-05,732569596.589425,0.0,0.0,1024,10240,0,0,0,conservative_topk_strict_gt,IPIX_Dartmouth,19931107_135603_starea.cdf,64,19931107_135603_starea.cdf#64,raw,9,"8,9,10,11",,
0.0001,573052414.2690068,0.0,9.765625e-05,1024,10240,1,1,1,conservative_topk_strict_gt,IPIX_Dartmouth,19931107_135603_starea.cdf,64,19931107_135603_starea.cdf#64,raw,9,"8,9,10,11",,
0.0003,509740117.4343343,0.0,0.00029296875,1024,10240,3,3,3,conservative_topk_strict_gt,IPIX_Dartmouth,19931107_135603_starea.cdf,64,19931107_135603_starea.cdf#64,raw,9,"8,9,10,11",,
0.001,416716917.1594839,0.0,0.0009765625,1024,10240,10,10,10,conservative_topk_strict_gt,IPIX_Dartmouth,19931107_135603_starea.cdf,64,19931107_135603_starea.cdf#64,raw,9,"8,9,10,11",,
0.003,276524804.1653298,0.0,0.0029296875,1024,10240,30,30,33,conservative_topk_strict_gt,IPIX_Dartmouth,19931107_135603_starea.cdf,64,19931107_135603_starea.cdf#64,raw,9,"8,9,10,11",,
0.01,143328911.06410617,0.0,0.0099609375,1024,10240,102,102,112,conservative_topk_strict_gt,IPIX_Dartmouth,19931107_135603_starea.cdf,64,19931107_135603_starea.cdf#64,raw,9,"8,9,10,11",,
1e-05,137832.79507601578,0.0,0.0,1024,10240,0,0,0,conservative_topk_strict_gt,IPIX_Dartmouth,19931107_135603_starea.cdf,64,19931107_135603_starea.cdf#64,low_rank_residual_k30,9,"8,9,10,11",,
3e-05,137832.79507601578,0.0,0.0,1024,10240,0,0,0,conservative_topk_strict_gt,IPIX_Dartmouth,19931107_135603_starea.cdf,64,19931107_135603_starea.cdf#64,low_rank_residual_k30,9,"8,9,10,11",,
0.0001,128275.84897031852,0.0,9.765625e-05,1024,10240,1,1,2,conservative_topk_strict_gt,IPIX_Dartmouth,19931107_135603_starea.cdf,64,19931107_135603_starea.cdf#64,low_rank_residual_k30,9,"8,9,10,11",,
0.0003,92132.42569098793,0.0,0.00029296875,1024,10240,3,3,7,conservative_topk_strict_gt,IPIX_Dartmouth,19931107_135603_starea.cdf,64,19931107_135603_starea.cdf#64,low_rank_residual_k30,9,"8,9,10,11",,
0.001,72045.50482589762,0.0009765625,0.0009765625,1024,10240,10,10,22,conservative_topk_strict_gt,IPIX_Dartmouth,19931107_135603_starea.cdf,64,19931107_135603_starea.cdf#64,low_rank_residual_k30,9,"8,9,10,11",,
0.003,47371.84234840733,0.0029296875,0.0029296875,1024,10240,30,30,53,conservative_topk_strict_gt,IPIX_Dartmouth,19931107_135603_starea.cdf,64,19931107_135603_starea.cdf#64,low_rank_residual_k30,9,"8,9,10,11",,
0.01,25796.985449301064,0.00390625,0.0099609375,1024,10240,102,102,154,conservative_topk_strict_gt,IPIX_Dartmouth,19931107_135603_starea.cdf,64,19931107_135603_starea.cdf#64,low_rank_residual_k30,9,"8,9,10,11",,
1e-05,237702372.67188674,0.0,0.0,1024,10240,0,0,2,conservative_topk_strict_gt,IPIX_Dartmouth,19931107_135603_starea.cdf,64,19931107_135603_starea.cdf#64,tpsscs_trainable_gate,9,"8,9,10,11",,
3e-05,237702372.67188674,0.0,0.0,1024,10240,0,0,2,conservative_topk_strict_gt,IPIX_Dartmouth,19931107_135603_starea.cdf,64,19931107_135603_starea.cdf#64,tpsscs_trainable_gate,9,"8,9,10,11",,
0.0001,199806827.46367764,0.0,9.765625e-05,1024,10240,1,1,3,conservative_topk_strict_gt,IPIX_Dartmouth,19931107_135603_starea.cdf,64,19931107_135603_starea.cdf#64,tpsscs_trainable_gate,9,"8,9,10,11",,
0.0003,171704205.5153302,0.0,0.00029296875,1024,10240,3,3,5,conservative_topk_strict_gt,IPIX_Dartmouth,19931107_135603_starea.cdf,64,19931107_135603_starea.cdf#64,tpsscs_trainable_gate,9,"8,9,10,11",,
0.001,85324916.19579156,0.0,0.0009765625,1024,10240,10,10,17,conservative_topk_strict_gt,IPIX_Dartmouth,19931107_135603_starea.cdf,64,19931107_135603_starea.cdf#64,tpsscs_trainable_gate,9,"8,9,10,11",,
0.003,37974446.201681264,0.0,0.0029296875,1024,10240,30,30,48,conservative_topk_strict_gt,IPIX_Dartmouth,19931107_135603_starea.cdf,64,19931107_135603_starea.cdf#64,tpsscs_trainable_gate,9,"8,9,10,11",,
0.01,15579391.068371084,0.0,0.0099609375,1024,10240,102,102,126,conservative_topk_strict_gt,IPIX_Dartmouth,19931107_135603_starea.cdf,64,19931107_135603_starea.cdf#64,tpsscs_trainable_gate,9,"8,9,10,11",,
1e-05,,0.0,0.0,1024,10240,0,0,2,residual_cfar_plus_zero_false_gate_union,IPIX_Dartmouth,19931107_135603_starea.cdf,64,19931107_135603_starea.cdf#64,tpsscs_finished_detector,9,"8,9,10,11",137832.7950760189,237702372.67188674
3e-05,,0.0,0.0,1024,10240,0,0,2,residual_cfar_plus_zero_false_gate_union,IPIX_Dartmouth,19931107_135603_starea.cdf,64,19931107_135603_starea.cdf#64,tpsscs_finished_detector,9,"8,9,10,11",137832.7950760189,237702372.67188674
0.0001,,0.0,9.765625e-05,1024,10240,1,1,4,residual_cfar_plus_zero_false_gate_union,IPIX_Dartmouth,19931107_135603_starea.cdf,64,19931107_135603_starea.cdf#64,tpsscs_finished_detector,9,"8,9,10,11",128275.84897031606,237702372.67188674
0.0003,,0.0,0.00029296875,1024,10240,3,3,9,residual_cfar_plus_zero_false_gate_union,IPIX_Dartmouth,19931107_135603_starea.cdf,64,19931107_135603_starea.cdf#64,tpsscs_finished_detector,9,"8,9,10,11",92132.42569098811,237702372.67188674
0.001,,0.0009765625,0.0009765625,1024,10240,10,10,24,residual_cfar_plus_zero_false_gate_union,IPIX_Dartmouth,19931107_135603_starea.cdf,64,19931107_135603_starea.cdf#64,tpsscs_finished_detector,9,"8,9,10,11",72045.5048258979,237702372.67188674
0.003,,0.0029296875,0.0029296875,1024,10240,30,30,55,residual_cfar_plus_zero_false_gate_union,IPIX_Dartmouth,19931107_135603_starea.cdf,64,19931107_135603_starea.cdf#64,tpsscs_finished_detector,9,"8,9,10,11",47371.84234840628,237702372.67188674
0.01,,0.00390625,0.0099609375,1024,10240,102,102,155,residual_cfar_plus_zero_false_gate_union,IPIX_Dartmouth,19931107_135603_starea.cdf,64,19931107_135603_starea.cdf#64,tpsscs_finished_detector,9,"8,9,10,11",25796.985449300795,237702372.67188674
1e-05,610410054.2412655,0.0,0.0,1024,10240,0,0,0,conservative_topk_strict_gt,IPIX_Dartmouth,19931107_135603_starea.cdf,65,19931107_135603_starea.cdf#65,raw,9,"8,9,10,11",,
3e-05,610410054.2412655,0.0,0.0,1024,10240,0,0,0,conservative_topk_strict_gt,IPIX_Dartmouth,19931107_135603_starea.cdf,65,19931107_135603_starea.cdf#65,raw,9,"8,9,10,11",,
0.0001,529420291.32328,0.0,9.765625e-05,1024,10240,1,1,1,conservative_topk_strict_gt,IPIX_Dartmouth,19931107_135603_starea.cdf,65,19931107_135603_starea.cdf#65,raw,9,"8,9,10,11",,
0.0003,514743889.23472214,0.0,0.00029296875,1024,10240,3,3,3,conservative_topk_strict_gt,IPIX_Dartmouth,19931107_135603_starea.cdf,65,19931107_135603_starea.cdf#65,raw,9,"8,9,10,11",,
0.001,342932037.0159722,0.0,0.0009765625,1024,10240,10,10,11,conservative_topk_strict_gt,IPIX_Dartmouth,19931107_135603_starea.cdf,65,19931107_135603_starea.cdf#65,raw,9,"8,9,10,11",,
0.003,228316424.05971116,0.0,0.0029296875,1024,10240,30,30,33,conservative_topk_strict_gt,IPIX_Dartmouth,19931107_135603_starea.cdf,65,19931107_135603_starea.cdf#65,raw,9,"8,9,10,11",,
0.01,129967949.99094674,0.0,0.0099609375,1024,10240,102,102,110,conservative_topk_strict_gt,IPIX_Dartmouth,19931107_135603_starea.cdf,65,19931107_135603_starea.cdf#65,raw,9,"8,9,10,11",,
1e-05,196021.45347891763,0.0029296875,0.0,1024,10240,0,0,4,conservative_topk_strict_gt,IPIX_Dartmouth,19931107_135603_starea.cdf,65,19931107_135603_starea.cdf#65,low_rank_residual_k30,9,"8,9,10,11",,
3e-05,196021.45347891763,0.0029296875,0.0,1024,10240,0,0,4,conservative_topk_strict_gt,IPIX_Dartmouth,19931107_135603_starea.cdf,65,19931107_135603_starea.cdf#65,low_rank_residual_k30,9,"8,9,10,11",,
0.0001,162759.5581170145,0.00390625,9.765625e-05,1024,10240,1,1,6,conservative_topk_strict_gt,IPIX_Dartmouth,19931107_135603_starea.cdf,65,19931107_135603_starea.cdf#65,low_rank_residual_k30,9,"8,9,10,11",,
0.0003,140436.41163686247,0.00390625,0.00029296875,1024,10240,3,3,8,conservative_topk_strict_gt,IPIX_Dartmouth,19931107_135603_starea.cdf,65,19931107_135603_starea.cdf#65,low_rank_residual_k30,9,"8,9,10,11",,
0.001,108173.87703120927,0.00390625,0.0009765625,1024,10240,10,10,17,conservative_topk_strict_gt,IPIX_Dartmouth,19931107_135603_starea.cdf,65,19931107_135603_starea.cdf#65,low_rank_residual_k30,9,"8,9,10,11",,
0.003,74120.28309749727,0.00390625,0.0029296875,1024,10240,30,30,38,conservative_topk_strict_gt,IPIX_Dartmouth,19931107_135603_starea.cdf,65,19931107_135603_starea.cdf#65,low_rank_residual_k30,9,"8,9,10,11",,
0.01,35068.069875396,0.013671875,0.0099609375,1024,10240,102,102,124,conservative_topk_strict_gt,IPIX_Dartmouth,19931107_135603_starea.cdf,65,19931107_135603_starea.cdf#65,low_rank_residual_k30,9,"8,9,10,11",,
1e-05,599637784.8301047,0.0,0.0,1024,10240,0,0,0,conservative_topk_strict_gt,IPIX_Dartmouth,19931107_135603_starea.cdf,65,19931107_135603_starea.cdf#65,tpsscs_trainable_gate,9,"8,9,10,11",,
3e-05,599637784.8301047,0.0,0.0,1024,10240,0,0,0,conservative_topk_strict_gt,IPIX_Dartmouth,19931107_135603_starea.cdf,65,19931107_135603_starea.cdf#65,tpsscs_trainable_gate,9,"8,9,10,11",,
0.0001,494072473.36624146,0.0,9.765625e-05,1024,10240,1,1,1,conservative_topk_strict_gt,IPIX_Dartmouth,19931107_135603_starea.cdf,65,19931107_135603_starea.cdf#65,tpsscs_trainable_gate,9,"8,9,10,11",,
0.0003,399128374.52576375,0.0,0.00029296875,1024,10240,3,3,3,conservative_topk_strict_gt,IPIX_Dartmouth,19931107_135603_starea.cdf,65,19931107_135603_starea.cdf#65,tpsscs_trainable_gate,9,"8,9,10,11",,
0.001,229774185.31786963,0.0,0.0009765625,1024,10240,10,10,10,conservative_topk_strict_gt,IPIX_Dartmouth,19931107_135603_starea.cdf,65,19931107_135603_starea.cdf#65,tpsscs_trainable_gate,9,"8,9,10,11",,
0.003,156678792.39235038,0.0,0.0029296875,1024,10240,30,30,30,conservative_topk_strict_gt,IPIX_Dartmouth,19931107_135603_starea.cdf,65,19931107_135603_starea.cdf#65,tpsscs_trainable_gate,9,"8,9,10,11",,
0.01,79345486.42305599,0.0,0.0099609375,1024,10240,102,102,102,conservative_topk_strict_gt,IPIX_Dartmouth,19931107_135603_starea.cdf,65,19931107_135603_starea.cdf#65,tpsscs_trainable_gate,9,"8,9,10,11",,
1e-05,,0.0029296875,0.0,1024,10240,0,0,4,residual_cfar_plus_zero_false_gate_union,IPIX_Dartmouth,19931107_135603_starea.cdf,65,19931107_135603_starea.cdf#65,tpsscs_finished_detector,9,"8,9,10,11",196021.45347891815,599637784.8301047
3e-05,,0.0029296875,0.0,1024,10240,0,0,4,residual_cfar_plus_zero_false_gate_union,IPIX_Dartmouth,19931107_135603_starea.cdf,65,19931107_135603_starea.cdf#65,tpsscs_finished_detector,9,"8,9,10,11",196021.45347891815,599637784.8301047
0.0001,,0.00390625,9.765625e-05,1024,10240,1,1,6,residual_cfar_plus_zero_false_gate_union,IPIX_Dartmouth,19931107_135603_starea.cdf,65,19931107_135603_starea.cdf#65,tpsscs_finished_detector,9,"8,9,10,11",162759.55811701447,599637784.8301047
0.0003,,0.00390625,0.00029296875,1024,10240,3,3,8,residual_cfar_plus_zero_false_gate_union,IPIX_Dartmouth,19931107_135603_starea.cdf,65,19931107_135603_starea.cdf#65,tpsscs_finished_detector,9,"8,9,10,11",140436.41163686206,599637784.8301047
0.001,,0.00390625,0.0009765625,1024,10240,10,10,17,residual_cfar_plus_zero_false_gate_union,IPIX_Dartmouth,19931107_135603_starea.cdf,65,19931107_135603_starea.cdf#65,tpsscs_finished_detector,9,"8,9,10,11",108173.87703120924,599637784.8301047
0.003,,0.00390625,0.0029296875,1024,10240,30,30,38,residual_cfar_plus_zero_false_gate_union,IPIX_Dartmouth,19931107_135603_starea.cdf,65,19931107_135603_starea.cdf#65,tpsscs_finished_detector,9,"8,9,10,11",74120.28309749751,599637784.8301047
0.01,,0.013671875,0.0099609375,1024,10240,102,102,124,residual_cfar_plus_zero_false_gate_union,IPIX_Dartmouth,19931107_135603_starea.cdf,65,19931107_135603_starea.cdf#65,tpsscs_finished_detector,9,"8,9,10,11",35068.06987539581,599637784.8301047
1e-05,293531881.78425956,0.017578125,0.0,1024,10240,0,0,42,conservative_topk_strict_gt,IPIX_Dartmouth,19931107_135603_starea.cdf,66,19931107_135603_starea.cdf#66,raw,9,"8,9,10,11",,
3e-05,293531881.78425956,0.017578125,0.0,1024,10240,0,0,42,conservative_topk_strict_gt,IPIX_Dartmouth,19931107_135603_starea.cdf,66,19931107_135603_starea.cdf#66,raw,9,"8,9,10,11",,
0.0001,289610815.5178912,0.017578125,9.765625e-05,1024,10240,1,1,43,conservative_topk_strict_gt,IPIX_Dartmouth,19931107_135603_starea.cdf,66,19931107_135603_starea.cdf#66,raw,9,"8,9,10,11",,
0.0003,272448793.3120986,0.017578125,0.00029296875,1024,10240,3,3,47,conservative_topk_strict_gt,IPIX_Dartmouth,19931107_135603_starea.cdf,66,19931107_135603_starea.cdf#66,raw,9,"8,9,10,11",,
0.001,182395897.547558,0.0185546875,0.0009765625,1024,10240,10,10,71,conservative_topk_strict_gt,IPIX_Dartmouth,19931107_135603_starea.cdf,66,19931107_135603_starea.cdf#66,raw,9,"8,9,10,11",,
0.003,126131232.9845974,0.033203125,0.0029296875,1024,10240,30,30,143,conservative_topk_strict_gt,IPIX_Dartmouth,19931107_135603_starea.cdf,66,19931107_135603_starea.cdf#66,raw,9,"8,9,10,11",,
0.01,48362851.46272933,0.0771484375,0.0099609375,1024,10240,102,102,380,conservative_topk_strict_gt,IPIX_Dartmouth,19931107_135603_starea.cdf,66,19931107_135603_starea.cdf#66,raw,9,"8,9,10,11",,
1e-05,146544.5441640321,0.0,0.0,1024,10240,0,0,0,conservative_topk_strict_gt,IPIX_Dartmouth,19931107_135603_starea.cdf,66,19931107_135603_starea.cdf#66,low_rank_residual_k30,9,"8,9,10,11",,
3e-05,146544.5441640321,0.0,0.0,1024,10240,0,0,0,conservative_topk_strict_gt,IPIX_Dartmouth,19931107_135603_starea.cdf,66,19931107_135603_starea.cdf#66,low_rank_residual_k30,9,"8,9,10,11",,
0.0001,101666.74538758451,0.0,9.765625e-05,1024,10240,1,1,1,conservative_topk_strict_gt,IPIX_Dartmouth,19931107_135603_starea.cdf,66,19931107_135603_starea.cdf#66,low_rank_residual_k30,9,"8,9,10,11",,
0.0003,82619.16610639347,0.0,0.00029296875,1024,10240,3,3,3,conservative_topk_strict_gt,IPIX_Dartmouth,19931107_135603_starea.cdf,66,19931107_135603_starea.cdf#66,low_rank_residual_k30,9,"8,9,10,11",,
0.001,67391.02029352848,0.0,0.0009765625,1024,10240,10,10,10,conservative_topk_strict_gt,IPIX_Dartmouth,19931107_135603_starea.cdf,66,19931107_135603_starea.cdf#66,low_rank_residual_k30,9,"8,9,10,11",,
0.003,41760.17432886051,0.0,0.0029296875,1024,10240,30,30,30,conservative_topk_strict_gt,IPIX_Dartmouth,19931107_135603_starea.cdf,66,19931107_135603_starea.cdf#66,low_rank_residual_k30,9,"8,9,10,11",,
0.01,20127.222077534698,0.0,0.0099609375,1024,10240,102,102,102,conservative_topk_strict_gt,IPIX_Dartmouth,19931107_135603_starea.cdf,66,19931107_135603_starea.cdf#66,low_rank_residual_k30,9,"8,9,10,11",,
1e-05,272916469.5616915,0.0,0.0,1024,10240,0,0,6,conservative_topk_strict_gt,IPIX_Dartmouth,19931107_135603_starea.cdf,66,19931107_135603_starea.cdf#66,tpsscs_trainable_gate,9,"8,9,10,11",,
3e-05,272916469.5616915,0.0,0.0,1024,10240,0,0,6,conservative_topk_strict_gt,IPIX_Dartmouth,19931107_135603_starea.cdf,66,19931107_135603_starea.cdf#66,tpsscs_trainable_gate,9,"8,9,10,11",,
0.0001,201743261.97080484,0.0,9.765625e-05,1024,10240,1,1,8,conservative_topk_strict_gt,IPIX_Dartmouth,19931107_135603_starea.cdf,66,19931107_135603_starea.cdf#66,tpsscs_trainable_gate,9,"8,9,10,11",,
0.0003,185461698.24000746,0.0,0.00029296875,1024,10240,3,3,10,conservative_topk_strict_gt,IPIX_Dartmouth,19931107_135603_starea.cdf,66,19931107_135603_starea.cdf#66,tpsscs_trainable_gate,9,"8,9,10,11",,
0.001,138763787.17297962,0.0,0.0009765625,1024,10240,10,10,19,conservative_topk_strict_gt,IPIX_Dartmouth,19931107_135603_starea.cdf,66,19931107_135603_starea.cdf#66,tpsscs_trainable_gate,9,"8,9,10,11",,
0.003,81188683.13416325,0.0,0.0029296875,1024,10240,30,30,44,conservative_topk_strict_gt,IPIX_Dartmouth,19931107_135603_starea.cdf,66,19931107_135603_starea.cdf#66,tpsscs_trainable_gate,9,"8,9,10,11",,
0.01,24044851.071939442,0.0,0.0099609375,1024,10240,102,102,136,conservative_topk_strict_gt,IPIX_Dartmouth,19931107_135603_starea.cdf,66,19931107_135603_starea.cdf#66,tpsscs_trainable_gate,9,"8,9,10,11",,
1e-05,,0.0,0.0,1024,10240,0,0,6,residual_cfar_plus_zero_false_gate_union,IPIX_Dartmouth,19931107_135603_starea.cdf,66,19931107_135603_starea.cdf#66,tpsscs_finished_detector,9,"8,9,10,11",146544.54416403218,272916469.5616915
3e-05,,0.0,0.0,1024,10240,0,0,6,residual_cfar_plus_zero_false_gate_union,IPIX_Dartmouth,19931107_135603_starea.cdf,66,19931107_135603_starea.cdf#66,tpsscs_finished_detector,9,"8,9,10,11",146544.54416403218,272916469.5616915
0.0001,,0.0,9.765625e-05,1024,10240,1,1,7,residual_cfar_plus_zero_false_gate_union,IPIX_Dartmouth,19931107_135603_starea.cdf,66,19931107_135603_starea.cdf#66,tpsscs_finished_detector,9,"8,9,10,11",101666.74538758468,272916469.5616915
0.0003,,0.0,0.00029296875,1024,10240,3,3,9,residual_cfar_plus_zero_false_gate_union,IPIX_Dartmouth,19931107_135603_starea.cdf,66,19931107_135603_starea.cdf#66,tpsscs_finished_detector,9,"8,9,10,11",82619.16610639317,272916469.5616915
0.001,,0.0,0.0009765625,1024,10240,10,10,16,residual_cfar_plus_zero_false_gate_union,IPIX_Dartmouth,19931107_135603_starea.cdf,66,19931107_135603_starea.cdf#66,tpsscs_finished_detector,9,"8,9,10,11",67391.02029352883,272916469.5616915
0.003,,0.0,0.0029296875,1024,10240,30,30,36,residual_cfar_plus_zero_false_gate_union,IPIX_Dartmouth,19931107_135603_starea.cdf,66,19931107_135603_starea.cdf#66,tpsscs_finished_detector,9,"8,9,10,11",41760.17432886093,272916469.5616915
0.01,,0.0,0.0099609375,1024,10240,102,102,108,residual_cfar_plus_zero_false_gate_union,IPIX_Dartmouth,19931107_135603_starea.cdf,66,19931107_135603_starea.cdf#66,tpsscs_finished_detector,9,"8,9,10,11",20127.222077534167,272916469.5616915
1e-05,106669151.66839683,0.0439453125,0.0,1024,10240,0,0,177,conservative_topk_strict_gt,IPIX_Dartmouth,19931107_135603_starea.cdf,67,19931107_135603_starea.cdf#67,raw,9,"8,9,10,11",,
3e-05,106669151.66839683,0.0439453125,0.0,1024,10240,0,0,177,conservative_topk_strict_gt,IPIX_Dartmouth,19931107_135603_starea.cdf,67,19931107_135603_starea.cdf#67,raw,9,"8,9,10,11",,
0.0001,100494638.39276554,0.0458984375,9.765625e-05,1024,10240,1,1,190,conservative_topk_strict_gt,IPIX_Dartmouth,19931107_135603_starea.cdf,67,19931107_135603_starea.cdf#67,raw,9,"8,9,10,11",,
0.0003,78183909.08329846,0.05859375,0.00029296875,1024,10240,3,3,233,conservative_topk_strict_gt,IPIX_Dartmouth,19931107_135603_starea.cdf,67,19931107_135603_starea.cdf#67,raw,9,"8,9,10,11",,
0.001,72155780.65414584,0.060546875,0.0009765625,1024,10240,10,10,250,conservative_topk_strict_gt,IPIX_Dartmouth,19931107_135603_starea.cdf,67,19931107_135603_starea.cdf#67,raw,9,"8,9,10,11",,
0.003,44043885.327843614,0.0849609375,0.0029296875,1024,10240,30,30,355,conservative_topk_strict_gt,IPIX_Dartmouth,19931107_135603_starea.cdf,67,19931107_135603_starea.cdf#67,raw,9,"8,9,10,11",,
0.01,21261044.23511961,0.1240234375,0.0099609375,1024,10240,102,102,563,conservative_topk_strict_gt,IPIX_Dartmouth,19931107_135603_starea.cdf,67,19931107_135603_starea.cdf#67,raw,9,"8,9,10,11",,
1e-05,26017.607357128058,0.0,0.0,1024,10240,0,0,0,conservative_topk_strict_gt,IPIX_Dartmouth,19931107_135603_starea.cdf,67,19931107_135603_starea.cdf#67,low_rank_residual_k30,9,"8,9,10,11",,
3e-05,26017.607357128058,0.0,0.0,1024,10240,0,0,0,conservative_topk_strict_gt,IPIX_Dartmouth,19931107_135603_starea.cdf,67,19931107_135603_starea.cdf#67,low_rank_residual_k30,9,"8,9,10,11",,
0.0001,20029.184631530145,0.0,9.765625e-05,1024,10240,1,1,1,conservative_topk_strict_gt,IPIX_Dartmouth,19931107_135603_starea.cdf,67,19931107_135603_starea.cdf#67,low_rank_residual_k30,9,"8,9,10,11",,
0.0003,19230.875860375458,0.0,0.00029296875,1024,10240,3,3,3,conservative_topk_strict_gt,IPIX_Dartmouth,19931107_135603_starea.cdf,67,19931107_135603_starea.cdf#67,low_rank_residual_k30,9,"8,9,10,11",,
0.001,17421.467467388447,0.0,0.0009765625,1024,10240,10,10,10,conservative_topk_strict_gt,IPIX_Dartmouth,19931107_135603_starea.cdf,67,19931107_135603_starea.cdf#67,low_rank_residual_k30,9,"8,9,10,11",,
0.003,11215.079846572267,0.0,0.0029296875,1024,10240,30,30,30,conservative_topk_strict_gt,IPIX_Dartmouth,19931107_135603_starea.cdf,67,19931107_135603_starea.cdf#67,low_rank_residual_k30,9,"8,9,10,11",,
0.01,6941.805883004122,0.0,0.0099609375,1024,10240,102,102,102,conservative_topk_strict_gt,IPIX_Dartmouth,19931107_135603_starea.cdf,67,19931107_135603_starea.cdf#67,low_rank_residual_k30,9,"8,9,10,11",,
1e-05,58741955.24215617,0.0,0.0,1024,10240,0,0,102,conservative_topk_strict_gt,IPIX_Dartmouth,19931107_135603_starea.cdf,67,19931107_135603_starea.cdf#67,tpsscs_trainable_gate,9,"8,9,10,11",,
3e-05,58741955.24215617,0.0,0.0,1024,10240,0,0,102,conservative_topk_strict_gt,IPIX_Dartmouth,19931107_135603_starea.cdf,67,19931107_135603_starea.cdf#67,tpsscs_trainable_gate,9,"8,9,10,11",,
0.0001,35057529.31706955,0.0,9.765625e-05,1024,10240,1,1,128,conservative_topk_strict_gt,IPIX_Dartmouth,19931107_135603_starea.cdf,67,19931107_135603_starea.cdf#67,tpsscs_trainable_gate,9,"8,9,10,11",,
0.0003,22983512.556103162,0.0,0.00029296875,1024,10240,3,3,154,conservative_topk_strict_gt,IPIX_Dartmouth,19931107_135603_starea.cdf,67,19931107_135603_starea.cdf#67,tpsscs_trainable_gate,9,"8,9,10,11",,
0.001,12270171.840819256,0.0,0.0009765625,1024,10240,10,10,232,conservative_topk_strict_gt,IPIX_Dartmouth,19931107_135603_starea.cdf,67,19931107_135603_starea.cdf#67,tpsscs_trainable_gate,9,"8,9,10,11",,
0.003,8341204.620513418,0.0,0.0029296875,1024,10240,30,30,304,conservative_topk_strict_gt,IPIX_Dartmouth,19931107_135603_starea.cdf,67,19931107_135603_starea.cdf#67,tpsscs_trainable_gate,9,"8,9,10,11",,
0.01,4185473.2165546543,0.0,0.0099609375,1024,10240,102,102,574,conservative_topk_strict_gt,IPIX_Dartmouth,19931107_135603_starea.cdf,67,19931107_135603_starea.cdf#67,tpsscs_trainable_gate,9,"8,9,10,11",,
1e-05,,0.0,0.0,1024,10240,0,0,102,residual_cfar_plus_zero_false_gate_union,IPIX_Dartmouth,19931107_135603_starea.cdf,67,19931107_135603_starea.cdf#67,tpsscs_finished_detector,9,"8,9,10,11",26017.607357127978,58741955.24215617
3e-05,,0.0,0.0,1024,10240,0,0,102,residual_cfar_plus_zero_false_gate_union,IPIX_Dartmouth,19931107_135603_starea.cdf,67,19931107_135603_starea.cdf#67,tpsscs_finished_detector,9,"8,9,10,11",26017.607357127978,58741955.24215617
0.0001,,0.0,9.765625e-05,1024,10240,1,1,103,residual_cfar_plus_zero_false_gate_union,IPIX_Dartmouth,19931107_135603_starea.cdf,67,19931107_135603_starea.cdf#67,tpsscs_finished_detector,9,"8,9,10,11",20029.184631530145,58741955.24215617
0.0003,,0.0,0.00029296875,1024,10240,3,3,105,residual_cfar_plus_zero_false_gate_union,IPIX_Dartmouth,19931107_135603_starea.cdf,67,19931107_135603_starea.cdf#67,tpsscs_finished_detector,9,"8,9,10,11",19230.875860374515,58741955.24215617
0.001,,0.0,0.0009765625,1024,10240,10,10,112,residual_cfar_plus_zero_false_gate_union,IPIX_Dartmouth,19931107_135603_starea.cdf,67,19931107_135603_starea.cdf#67,tpsscs_finished_detector,9,"8,9,10,11",17421.4674673883,58741955.24215617
0.003,,0.0,0.0029296875,1024,10240,30,30,132,residual_cfar_plus_zero_false_gate_union,IPIX_Dartmouth,19931107_135603_starea.cdf,67,19931107_135603_starea.cdf#67,tpsscs_finished_detector,9,"8,9,10,11",11215.079846572506,58741955.24215617
0.01,,0.0,0.0099609375,1024,10240,102,102,204,residual_cfar_plus_zero_false_gate_union,IPIX_Dartmouth,19931107_135603_starea.cdf,67,19931107_135603_starea.cdf#67,tpsscs_finished_detector,9,"8,9,10,11",6941.8058830039545,58741955.24215617
1e-05,320104993.0568246,0.017578125,0.0,1024,10240,0,0,53,conservative_topk_strict_gt,IPIX_Dartmouth,19931107_135603_starea.cdf,68,19931107_135603_starea.cdf#68,raw,9,"8,9,10,11",,
3e-05,320104993.0568246,0.017578125,0.0,1024,10240,0,0,53,conservative_topk_strict_gt,IPIX_Dartmouth,19931107_135603_starea.cdf,68,19931107_135603_starea.cdf#68,raw,9,"8,9,10,11",,
0.0001,278490518.1339163,0.021484375,9.765625e-05,1024,10240,1,1,65,conservative_topk_strict_gt,IPIX_Dartmouth,19931107_135603_starea.cdf,68,19931107_135603_starea.cdf#68,raw,9,"8,9,10,11",,
0.0003,261196157.88084188,0.021484375,0.00029296875,1024,10240,3,3,71,conservative_topk_strict_gt,IPIX_Dartmouth,19931107_135603_starea.cdf,68,19931107_135603_starea.cdf#68,raw,9,"8,9,10,11",,
0.001,184730147.71427894,0.03515625,0.0009765625,1024,10240,10,10,126,conservative_topk_strict_gt,IPIX_Dartmouth,19931107_135603_starea.cdf,68,19931107_135603_starea.cdf#68,raw,9,"8,9,10,11",,
0.003,126069403.6061828,0.046875,0.0029296875,1024,10240,30,30,191,conservative_topk_strict_gt,IPIX_Dartmouth,19931107_135603_starea.cdf,68,19931107_135603_starea.cdf#68,raw,9,"8,9,10,11",,
0.01,71970142.5804273,0.0703125,0.0099609375,1024,10240,102,102,344,conservative_topk_strict_gt,IPIX_Dartmouth,19931107_135603_starea.cdf,68,19931107_135603_starea.cdf#68,raw,9,"8,9,10,11",,
1e-05,271861.4325653002,0.0,0.0,1024,10240,0,0,0,conservative_topk_strict_gt,IPIX_Dartmouth,19931107_135603_starea.cdf,68,19931107_135603_starea.cdf#68,low_rank_residual_k30,9,"8,9,10,11",,
3e-05,271861.4325653002,0.0,0.0,1024,10240,0,0,0,conservative_topk_strict_gt,IPIX_Dartmouth,19931107_135603_starea.cdf,68,19931107_135603_starea.cdf#68,low_rank_residual_k30,9,"8,9,10,11",,
0.0001,254260.04320537602,0.0,9.765625e-05,1024,10240,1,1,1,conservative_topk_strict_gt,IPIX_Dartmouth,19931107_135603_starea.cdf,68,19931107_135603_starea.cdf#68,low_rank_residual_k30,9,"8,9,10,11",,
0.0003,200435.79241234195,0.0,0.00029296875,1024,10240,3,3,5,conservative_topk_strict_gt,IPIX_Dartmouth,19931107_135603_starea.cdf,68,19931107_135603_starea.cdf#68,low_rank_residual_k30,9,"8,9,10,11",,
0.001,142792.96779596162,0.0,0.0009765625,1024,10240,10,10,13,conservative_topk_strict_gt,IPIX_Dartmouth,19931107_135603_starea.cdf,68,19931107_135603_starea.cdf#68,low_rank_residual_k30,9,"8,9,10,11",,
0.003,120094.03009055814,0.0,0.0029296875,1024,10240,30,30,34,conservative_topk_strict_gt,IPIX_Dartmouth,19931107_135603_starea.cdf,68,19931107_135603_starea.cdf#68,low_rank_residual_k30,9,"8,9,10,11",,
0.01,89575.20798429902,0.0,0.0099609375,1024,10240,102,102,110,conservative_topk_strict_gt,IPIX_Dartmouth,19931107_135603_starea.cdf,68,19931107_135603_starea.cdf#68,low_rank_residual_k30,9,"8,9,10,11",,
1e-05,148776873.97343686,0.0078125,0.0,1024,10240,0,0,24,conservative_topk_strict_gt,IPIX_Dartmouth,19931107_135603_starea.cdf,68,19931107_135603_starea.cdf#68,tpsscs_trainable_gate,9,"8,9,10,11",,
3e-05,148776873.97343686,0.0078125,0.0,1024,10240,0,0,24,conservative_topk_strict_gt,IPIX_Dartmouth,19931107_135603_starea.cdf,68,19931107_135603_starea.cdf#68,tpsscs_trainable_gate,9,"8,9,10,11",,
0.0001,145320958.43669876,0.0078125,9.765625e-05,1024,10240,1,1,26,conservative_topk_strict_gt,IPIX_Dartmouth,19931107_135603_starea.cdf,68,19931107_135603_starea.cdf#68,tpsscs_trainable_gate,9,"8,9,10,11",,
0.0003,117968822.71598566,0.0087890625,0.00029296875,1024,10240,3,3,34,conservative_topk_strict_gt,IPIX_Dartmouth,19931107_135603_starea.cdf,68,19931107_135603_starea.cdf#68,tpsscs_trainable_gate,9,"8,9,10,11",,
0.001,96733439.35557544,0.0107421875,0.0009765625,1024,10240,10,10,49,conservative_topk_strict_gt,IPIX_Dartmouth,19931107_135603_starea.cdf,68,19931107_135603_starea.cdf#68,tpsscs_trainable_gate,9,"8,9,10,11",,
0.003,65195340.78928964,0.01171875,0.0029296875,1024,10240,30,30,83,conservative_topk_strict_gt,IPIX_Dartmouth,19931107_135603_starea.cdf,68,19931107_135603_starea.cdf#68,tpsscs_trainable_gate,9,"8,9,10,11",,
0.01,27547002.888088632,0.013671875,0.0099609375,1024,10240,102,102,197,conservative_topk_strict_gt,IPIX_Dartmouth,19931107_135603_starea.cdf,68,19931107_135603_starea.cdf#68,tpsscs_trainable_gate,9,"8,9,10,11",,
1e-05,,0.0078125,0.0,1024,10240,0,0,24,residual_cfar_plus_zero_false_gate_union,IPIX_Dartmouth,19931107_135603_starea.cdf,68,19931107_135603_starea.cdf#68,tpsscs_finished_detector,9,"8,9,10,11",271861.43256529944,148776873.97343686
3e-05,,0.0078125,0.0,1024,10240,0,0,24,residual_cfar_plus_zero_false_gate_union,IPIX_Dartmouth,19931107_135603_starea.cdf,68,19931107_135603_starea.cdf#68,tpsscs_finished_detector,9,"8,9,10,11",271861.43256529944,148776873.97343686
0.0001,,0.0078125,9.765625e-05,1024,10240,1,1,25,residual_cfar_plus_zero_false_gate_union,IPIX_Dartmouth,19931107_135603_starea.cdf,68,19931107_135603_starea.cdf#68,tpsscs_finished_detector,9,"8,9,10,11",254260.0432053756,148776873.97343686
0.0003,,0.0078125,0.00029296875,1024,10240,3,3,28,residual_cfar_plus_zero_false_gate_union,IPIX_Dartmouth,19931107_135603_starea.cdf,68,19931107_135603_starea.cdf#68,tpsscs_finished_detector,9,"8,9,10,11",200435.79241234437,148776873.97343686
0.001,,0.0078125,0.0009765625,1024,10240,10,10,35,residual_cfar_plus_zero_false_gate_union,IPIX_Dartmouth,19931107_135603_starea.cdf,68,19931107_135603_starea.cdf#68,tpsscs_finished_detector,9,"8,9,10,11",142792.96779596191,148776873.97343686
0.003,,0.0078125,0.0029296875,1024,10240,30,30,56,residual_cfar_plus_zero_false_gate_union,IPIX_Dartmouth,19931107_135603_starea.cdf,68,19931107_135603_starea.cdf#68,tpsscs_finished_detector,9,"8,9,10,11",120094.03009055792,148776873.97343686
0.01,,0.0078125,0.0099609375,1024,10240,102,102,130,residual_cfar_plus_zero_false_gate_union,IPIX_Dartmouth,19931107_135603_starea.cdf,68,19931107_135603_starea.cdf#68,tpsscs_finished_detector,9,"8,9,10,11",89575.20798429877,148776873.97343686
1e-05,508905642.7156675,0.01171875,0.0,1024,10240,0,0,28,conservative_topk_strict_gt,IPIX_Dartmouth,19931107_135603_starea.cdf,69,19931107_135603_starea.cdf#69,raw,9,"8,9,10,11",,
3e-05,508905642.7156675,0.01171875,0.0,1024,10240,0,0,28,conservative_topk_strict_gt,IPIX_Dartmouth,19931107_135603_starea.cdf,69,19931107_135603_starea.cdf#69,raw,9,"8,9,10,11",,
0.0001,430131338.3869223,0.0146484375,9.765625e-05,1024,10240,1,1,35,conservative_topk_strict_gt,IPIX_Dartmouth,19931107_135603_starea.cdf,69,19931107_135603_starea.cdf#69,raw,9,"8,9,10,11",,
0.0003,364665876.899576,0.015625,0.00029296875,1024,10240,3,3,41,conservative_topk_strict_gt,IPIX_Dartmouth,19931107_135603_starea.cdf,69,19931107_135603_starea.cdf#69,raw,9,"8,9,10,11",,
0.001,295722766.44599617,0.0185546875,0.0009765625,1024,10240,10,10,61,conservative_topk_strict_gt,IPIX_Dartmouth,19931107_135603_starea.cdf,69,19931107_135603_starea.cdf#69,raw,9,"8,9,10,11",,
0.003,208198573.36337653,0.0224609375,0.0029296875,1024,10240,30,30,97,conservative_topk_strict_gt,IPIX_Dartmouth,19931107_135603_starea.cdf,69,19931107_135603_starea.cdf#69,raw,9,"8,9,10,11",,
0.01,116899422.52818643,0.0478515625,0.0099609375,1024,10240,102,102,233,conservative_topk_strict_gt,IPIX_Dartmouth,19931107_135603_starea.cdf,69,19931107_135603_starea.cdf#69,raw,9,"8,9,10,11",,
1e-05,1936772.3661566195,0.0,0.0,1024,10240,0,0,0,conservative_topk_strict_gt,IPIX_Dartmouth,19931107_135603_starea.cdf,69,19931107_135603_starea.cdf#69,low_rank_residual_k30,9,"8,9,10,11",,
3e-05,1936772.3661566195,0.0,0.0,1024,10240,0,0,0,conservative_topk_strict_gt,IPIX_Dartmouth,19931107_135603_starea.cdf,69,19931107_135603_starea.cdf#69,low_rank_residual_k30,9,"8,9,10,11",,
0.0001,1577288.9973577473,0.0,9.765625e-05,1024,10240,1,1,1,conservative_topk_strict_gt,IPIX_Dartmouth,19931107_135603_starea.cdf,69,19931107_135603_starea.cdf#69,low_rank_residual_k30,9,"8,9,10,11",,
0.0003,1379641.9294185136,0.0,0.00029296875,1024,10240,3,3,3,conservative_topk_strict_gt,IPIX_Dartmouth,19931107_135603_starea.cdf,69,19931107_135603_starea.cdf#69,low_rank_residual_k30,9,"8,9,10,11",,
0.001,1283904.342320596,0.0,0.0009765625,1024,10240,10,10,10,conservative_topk_strict_gt,IPIX_Dartmouth,19931107_135603_starea.cdf,69,19931107_135603_starea.cdf#69,low_rank_residual_k30,9,"8,9,10,11",,
0.003,1023817.5632163257,0.0,0.0029296875,1024,10240,30,30,30,conservative_topk_strict_gt,IPIX_Dartmouth,19931107_135603_starea.cdf,69,19931107_135603_starea.cdf#69,low_rank_residual_k30,9,"8,9,10,11",,
0.01,769927.968001145,0.0,0.0099609375,1024,10240,102,102,102,conservative_topk_strict_gt,IPIX_Dartmouth,19931107_135603_starea.cdf,69,19931107_135603_starea.cdf#69,low_rank_residual_k30,9,"8,9,10,11",,
1e-05,428401418.68138546,0.001953125,0.0,1024,10240,0,0,2,conservative_topk_strict_gt,IPIX_Dartmouth,19931107_135603_starea.cdf,69,19931107_135603_starea.cdf#69,tpsscs_trainable_gate,9,"8,9,10,11",,
3e-05,428401418.68138546,0.001953125,0.0,1024,10240,0,0,2,conservative_topk_strict_gt,IPIX_Dartmouth,19931107_135603_starea.cdf,69,19931107_135603_starea.cdf#69,tpsscs_trainable_gate,9,"8,9,10,11",,
0.0001,385771975.35127676,0.0029296875,9.765625e-05,1024,10240,1,1,4,conservative_topk_strict_gt,IPIX_Dartmouth,19931107_135603_starea.cdf,69,19931107_135603_starea.cdf#69,tpsscs_trainable_gate,9,"8,9,10,11",,
0.0003,320764877.01825,0.0029296875,0.00029296875,1024,10240,3,3,6,conservative_topk_strict_gt,IPIX_Dartmouth,19931107_135603_starea.cdf,69,19931107_135603_starea.cdf#69,tpsscs_trainable_gate,9,"8,9,10,11",,
0.001,214375505.6705573,0.00390625,0.0009765625,1024,10240,10,10,14,conservative_topk_strict_gt,IPIX_Dartmouth,19931107_135603_starea.cdf,69,19931107_135603_starea.cdf#69,tpsscs_trainable_gate,9,"8,9,10,11",,
0.003,121147172.2023019,0.0048828125,0.0029296875,1024,10240,30,30,38,conservative_topk_strict_gt,IPIX_Dartmouth,19931107_135603_starea.cdf,69,19931107_135603_starea.cdf#69,tpsscs_trainable_gate,9,"8,9,10,11",,
0.01,45712206.02136519,0.0087890625,0.0099609375,1024,10240,102,102,116,conservative_topk_strict_gt,IPIX_Dartmouth,19931107_135603_starea.cdf,69,19931107_135603_starea.cdf#69,tpsscs_trainable_gate,9,"8,9,10,11",,
1e-05,,0.001953125,0.0,1024,10240,0,0,2,residual_cfar_plus_zero_false_gate_union,IPIX_Dartmouth,19931107_135603_starea.cdf,69,19931107_135603_starea.cdf#69,tpsscs_finished_detector,9,"8,9,10,11",1936772.366156616,428401418.68138546
3e-05,,0.001953125,0.0,1024,10240,0,0,2,residual_cfar_plus_zero_false_gate_union,IPIX_Dartmouth,19931107_135603_starea.cdf,69,19931107_135603_starea.cdf#69,tpsscs_finished_detector,9,"8,9,10,11",1936772.366156616,428401418.68138546
0.0001,,0.001953125,9.765625e-05,1024,10240,1,1,3,residual_cfar_plus_zero_false_gate_union,IPIX_Dartmouth,19931107_135603_starea.cdf,69,19931107_135603_starea.cdf#69,tpsscs_finished_detector,9,"8,9,10,11",1577288.9973577478,428401418.68138546
0.0003,,0.001953125,0.00029296875,1024,10240,3,3,5,residual_cfar_plus_zero_false_gate_union,IPIX_Dartmouth,19931107_135603_starea.cdf,69,19931107_135603_starea.cdf#69,tpsscs_finished_detector,9,"8,9,10,11",1379641.929418516,428401418.68138546
0.001,,0.001953125,0.0009765625,1024,10240,10,10,12,residual_cfar_plus_zero_false_gate_union,IPIX_Dartmouth,19931107_135603_starea.cdf,69,19931107_135603_starea.cdf#69,tpsscs_finished_detector,9,"8,9,10,11",1283904.3423205982,428401418.68138546
0.003,,0.001953125,0.0029296875,1024,10240,30,30,32,residual_cfar_plus_zero_false_gate_union,IPIX_Dartmouth,19931107_135603_starea.cdf,69,19931107_135603_starea.cdf#69,tpsscs_finished_detector,9,"8,9,10,11",1023817.5632163298,428401418.68138546
0.01,,0.001953125,0.0099609375,1024,10240,102,102,104,residual_cfar_plus_zero_false_gate_union,IPIX_Dartmouth,19931107_135603_starea.cdf,69,19931107_135603_starea.cdf#69,tpsscs_finished_detector,9,"8,9,10,11",769927.9680011442,428401418.68138546
1e-05,598190393.1119796,0.0,0.0,1024,10240,0,0,0,conservative_topk_strict_gt,IPIX_Dartmouth,19931107_135603_starea.cdf,70,19931107_135603_starea.cdf#70,raw,9,"8,9,10,11",,
3e-05,598190393.1119796,0.0,0.0,1024,10240,0,0,0,conservative_topk_strict_gt,IPIX_Dartmouth,19931107_135603_starea.cdf,70,19931107_135603_starea.cdf#70,raw,9,"8,9,10,11",,
0.0001,472538945.3508231,0.0,9.765625e-05,1024,10240,1,1,1,conservative_topk_strict_gt,IPIX_Dartmouth,19931107_135603_starea.cdf,70,19931107_135603_starea.cdf#70,raw,9,"8,9,10,11",,
0.0003,433226234.5188824,0.0,0.00029296875,1024,10240,3,3,3,conservative_topk_strict_gt,IPIX_Dartmouth,19931107_135603_starea.cdf,70,19931107_135603_starea.cdf#70,raw,9,"8,9,10,11",,
0.001,322694350.9239405,0.0,0.0009765625,1024,10240,10,10,10,conservative_topk_strict_gt,IPIX_Dartmouth,19931107_135603_starea.cdf,70,19931107_135603_starea.cdf#70,raw,9,"8,9,10,11",,
0.003,229151224.21089908,0.0,0.0029296875,1024,10240,30,30,30,conservative_topk_strict_gt,IPIX_Dartmouth,19931107_135603_starea.cdf,70,19931107_135603_starea.cdf#70,raw,9,"8,9,10,11",,
0.01,139840898.33527935,0.0,0.0099609375,1024,10240,102,102,102,conservative_topk_strict_gt,IPIX_Dartmouth,19931107_135603_starea.cdf,70,19931107_135603_starea.cdf#70,raw,9,"8,9,10,11",,
1e-05,1395078.1504422291,0.0,0.0,1024,10240,0,0,0,conservative_topk_strict_gt,IPIX_Dartmouth,19931107_135603_starea.cdf,70,19931107_135603_starea.cdf#70,low_rank_residual_k30,9,"8,9,10,11",,
3e-05,1395078.1504422291,0.0,0.0,1024,10240,0,0,0,conservative_topk_strict_gt,IPIX_Dartmouth,19931107_135603_starea.cdf,70,19931107_135603_starea.cdf#70,low_rank_residual_k30,9,"8,9,10,11",,
0.0001,660248.8794693873,0.0,9.765625e-05,1024,10240,1,1,1,conservative_topk_strict_gt,IPIX_Dartmouth,19931107_135603_starea.cdf,70,19931107_135603_starea.cdf#70,low_rank_residual_k30,9,"8,9,10,11",,
0.0003,253641.0383623896,0.0,0.00029296875,1024,10240,3,3,3,conservative_topk_strict_gt,IPIX_Dartmouth,19931107_135603_starea.cdf,70,19931107_135603_starea.cdf#70,low_rank_residual_k30,9,"8,9,10,11",,
0.001,212213.54461634267,0.0,0.0009765625,1024,10240,10,10,10,conservative_topk_strict_gt,IPIX_Dartmouth,19931107_135603_starea.cdf,70,19931107_135603_starea.cdf#70,low_rank_residual_k30,9,"8,9,10,11",,
0.003,145374.96113022778,0.0029296875,0.0029296875,1024,10240,30,30,35,conservative_topk_strict_gt,IPIX_Dartmouth,19931107_135603_starea.cdf,70,19931107_135603_starea.cdf#70,low_rank_residual_k30,9,"8,9,10,11",,
0.01,79487.14622543952,0.0078125,0.0099609375,1024,10240,102,102,127,conservative_topk_strict_gt,IPIX_Dartmouth,19931107_135603_starea.cdf,70,19931107_135603_starea.cdf#70,low_rank_residual_k30,9,"8,9,10,11",,
1e-05,269270384.64705473,0.0,0.0,1024,10240,0,0,0,conservative_topk_strict_gt,IPIX_Dartmouth,19931107_135603_starea.cdf,70,19931107_135603_starea.cdf#70,tpsscs_trainable_gate,9,"8,9,10,11",,
3e-05,269270384.64705473,0.0,0.0,1024,10240,0,0,0,conservative_topk_strict_gt,IPIX_Dartmouth,19931107_135603_starea.cdf,70,19931107_135603_starea.cdf#70,tpsscs_trainable_gate,9,"8,9,10,11",,
0.0001,212287618.48638162,0.0,9.765625e-05,1024,10240,1,1,1,conservative_topk_strict_gt,IPIX_Dartmouth,19931107_135603_starea.cdf,70,19931107_135603_starea.cdf#70,tpsscs_trainable_gate,9,"8,9,10,11",,
0.0003,168199632.09798372,0.0,0.00029296875,1024,10240,3,3,3,conservative_topk_strict_gt,IPIX_Dartmouth,19931107_135603_starea.cdf,70,19931107_135603_starea.cdf#70,tpsscs_trainable_gate,9,"8,9,10,11",,
0.001,118654340.75641128,0.0,0.0009765625,1024,10240,10,10,10,conservative_topk_strict_gt,IPIX_Dartmouth,19931107_135603_starea.cdf,70,19931107_135603_starea.cdf#70,tpsscs_trainable_gate,9,"8,9,10,11",,
0.003,70903023.35728556,0.0,0.0029296875,1024,10240,30,30,30,conservative_topk_strict_gt,IPIX_Dartmouth,19931107_135603_starea.cdf,70,19931107_135603_starea.cdf#70,tpsscs_trainable_gate,9,"8,9,10,11",,
0.01,31277095.467672784,0.0,0.0099609375,1024,10240,102,102,102,conservative_topk_strict_gt,IPIX_Dartmouth,19931107_135603_starea.cdf,70,19931107_135603_starea.cdf#70,tpsscs_trainable_gate,9,"8,9,10,11",,
1e-05,,0.0,0.0,1024,10240,0,0,0,residual_cfar_plus_zero_false_gate_union,IPIX_Dartmouth,19931107_135603_starea.cdf,70,19931107_135603_starea.cdf#70,tpsscs_finished_detector,9,"8,9,10,11",1395078.150442219,269270384.64705473
3e-05,,0.0,0.0,1024,10240,0,0,0,residual_cfar_plus_zero_false_gate_union,IPIX_Dartmouth,19931107_135603_starea.cdf,70,19931107_135603_starea.cdf#70,tpsscs_finished_detector,9,"8,9,10,11",1395078.150442219,269270384.64705473
0.0001,,0.0,9.765625e-05,1024,10240,1,1,1,residual_cfar_plus_zero_false_gate_union,IPIX_Dartmouth,19931107_135603_starea.cdf,70,19931107_135603_starea.cdf#70,tpsscs_finished_detector,9,"8,9,10,11",660248.8794693934,269270384.64705473
0.0003,,0.0,0.00029296875,1024,10240,3,3,3,residual_cfar_plus_zero_false_gate_union,IPIX_Dartmouth,19931107_135603_starea.cdf,70,19931107_135603_starea.cdf#70,tpsscs_finished_detector,9,"8,9,10,11",253641.03836238946,269270384.64705473
0.001,,0.0,0.0009765625,1024,10240,10,10,10,residual_cfar_plus_zero_false_gate_union,IPIX_Dartmouth,19931107_135603_starea.cdf,70,19931107_135603_starea.cdf#70,tpsscs_finished_detector,9,"8,9,10,11",212213.5446163412,269270384.64705473
0.003,,0.0029296875,0.0029296875,1024,10240,30,30,35,residual_cfar_plus_zero_false_gate_union,IPIX_Dartmouth,19931107_135603_starea.cdf,70,19931107_135603_starea.cdf#70,tpsscs_finished_detector,9,"8,9,10,11",145374.961130228,269270384.64705473
0.01,,0.0078125,0.0099609375,1024,10240,102,102,127,residual_cfar_plus_zero_false_gate_union,IPIX_Dartmouth,19931107_135603_starea.cdf,70,19931107_135603_starea.cdf#70,tpsscs_finished_detector,9,"8,9,10,11",79487.14622543888,269270384.64705473
1e-05,530402183.2227414,0.0,0.0,1024,10240,0,0,0,conservative_topk_strict_gt,IPIX_Dartmouth,19931107_135603_starea.cdf,71,19931107_135603_starea.cdf#71,raw,9,"8,9,10,11",,
3e-05,530402183.2227414,0.0,0.0,1024,10240,0,0,0,conservative_topk_strict_gt,IPIX_Dartmouth,19931107_135603_starea.cdf,71,19931107_135603_starea.cdf#71,raw,9,"8,9,10,11",,
0.0001,520963565.1792025,0.0,9.765625e-05,1024,10240,1,1,1,conservative_topk_strict_gt,IPIX_Dartmouth,19931107_135603_starea.cdf,71,19931107_135603_starea.cdf#71,raw,9,"8,9,10,11",,
0.0003,354440278.0327391,0.0,0.00029296875,1024,10240,3,3,4,conservative_topk_strict_gt,IPIX_Dartmouth,19931107_135603_starea.cdf,71,19931107_135603_starea.cdf#71,raw,9,"8,9,10,11",,
0.001,279720307.78240234,0.0,0.0009765625,1024,10240,10,10,12,conservative_topk_strict_gt,IPIX_Dartmouth,19931107_135603_starea.cdf,71,19931107_135603_starea.cdf#71,raw,9,"8,9,10,11",,
0.003,212571076.28110394,0.0,0.0029296875,1024,10240,30,30,32,conservative_topk_strict_gt,IPIX_Dartmouth,19931107_135603_starea.cdf,71,19931107_135603_starea.cdf#71,raw,9,"8,9,10,11",,
0.01,130262775.94469273,0.0,0.0099609375,1024,10240,102,102,114,conservative_topk_strict_gt,IPIX_Dartmouth,19931107_135603_starea.cdf,71,19931107_135603_starea.cdf#71,raw,9,"8,9,10,11",,
1e-05,1028911.0096857934,0.0,0.0,1024,10240,0,0,0,conservative_topk_strict_gt,IPIX_Dartmouth,19931107_135603_starea.cdf,71,19931107_135603_starea.cdf#71,low_rank_residual_k30,9,"8,9,10,11",,
3e-05,1028911.0096857934,0.0,0.0,1024,10240,0,0,0,conservative_topk_strict_gt,IPIX_Dartmouth,19931107_135603_starea.cdf,71,19931107_135603_starea.cdf#71,low_rank_residual_k30,9,"8,9,10,11",,
0.0001,931163.0291736941,0.0,9.765625e-05,1024,10240,1,1,1,conservative_topk_strict_gt,IPIX_Dartmouth,19931107_135603_starea.cdf,71,19931107_135603_starea.cdf#71,low_rank_residual_k30,9,"8,9,10,11",,
0.0003,734980.9620898846,0.0,0.00029296875,1024,10240,3,3,3,conservative_topk_strict_gt,IPIX_Dartmouth,19931107_135603_starea.cdf,71,19931107_135603_starea.cdf#71,low_rank_residual_k30,9,"8,9,10,11",,
0.001,634681.3393416075,0.0,0.0009765625,1024,10240,10,10,10,conservative_topk_strict_gt,IPIX_Dartmouth,19931107_135603_starea.cdf,71,19931107_135603_starea.cdf#71,low_rank_residual_k30,9,"8,9,10,11",,
0.003,557647.4690364432,0.0,0.0029296875,1024,10240,30,30,30,conservative_topk_strict_gt,IPIX_Dartmouth,19931107_135603_starea.cdf,71,19931107_135603_starea.cdf#71,low_rank_residual_k30,9,"8,9,10,11",,
0.01,452998.5052866482,0.0,0.0099609375,1024,10240,102,102,102,conservative_topk_strict_gt,IPIX_Dartmouth,19931107_135603_starea.cdf,71,19931107_135603_starea.cdf#71,low_rank_residual_k30,9,"8,9,10,11",,
1e-05,273515138.4826117,0.0,0.0,1024,10240,0,0,2,conservative_topk_strict_gt,IPIX_Dartmouth,19931107_135603_starea.cdf,71,19931107_135603_starea.cdf#71,tpsscs_trainable_gate,9,"8,9,10,11",,
3e-05,273515138.4826117,0.0,0.0,1024,10240,0,0,2,conservative_topk_strict_gt,IPIX_Dartmouth,19931107_135603_starea.cdf,71,19931107_135603_starea.cdf#71,tpsscs_trainable_gate,9,"8,9,10,11",,
0.0001,225657399.33425644,0.0,9.765625e-05,1024,10240,1,1,3,conservative_topk_strict_gt,IPIX_Dartmouth,19931107_135603_starea.cdf,71,19931107_135603_starea.cdf#71,tpsscs_trainable_gate,9,"8,9,10,11",,
0.0003,196067882.89514762,0.0,0.00029296875,1024,10240,3,3,6,conservative_topk_strict_gt,IPIX_Dartmouth,19931107_135603_starea.cdf,71,19931107_135603_starea.cdf#71,tpsscs_trainable_gate,9,"8,9,10,11",,
0.001,123679845.8873421,0.0,0.0009765625,1024,10240,10,10,18,conservative_topk_strict_gt,IPIX_Dartmouth,19931107_135603_starea.cdf,71,19931107_135603_starea.cdf#71,tpsscs_trainable_gate,9,"8,9,10,11",,
0.003,61281875.96641615,0.0,0.0029296875,1024,10240,30,30,47,conservative_topk_strict_gt,IPIX_Dartmouth,19931107_135603_starea.cdf,71,19931107_135603_starea.cdf#71,tpsscs_trainable_gate,9,"8,9,10,11",,
0.01,18223498.1652697,0.0,0.0099609375,1024,10240,102,102,155,conservative_topk_strict_gt,IPIX_Dartmouth,19931107_135603_starea.cdf,71,19931107_135603_starea.cdf#71,tpsscs_trainable_gate,9,"8,9,10,11",,
1e-05,,0.0,0.0,1024,10240,0,0,2,residual_cfar_plus_zero_false_gate_union,IPIX_Dartmouth,19931107_135603_starea.cdf,71,19931107_135603_starea.cdf#71,tpsscs_finished_detector,9,"8,9,10,11",1028911.0096858054,273515138.4826117
3e-05,,0.0,0.0,1024,10240,0,0,2,residual_cfar_plus_zero_false_gate_union,IPIX_Dartmouth,19931107_135603_starea.cdf,71,19931107_135603_starea.cdf#71,tpsscs_finished_detector,9,"8,9,10,11",1028911.0096858054,273515138.4826117
0.0001,,0.0,9.765625e-05,1024,10240,1,1,3,residual_cfar_plus_zero_false_gate_union,IPIX_Dartmouth,19931107_135603_starea.cdf,71,19931107_135603_starea.cdf#71,tpsscs_finished_detector,9,"8,9,10,11",931163.0291737013,273515138.4826117
0.0003,,0.0,0.00029296875,1024,10240,3,3,5,residual_cfar_plus_zero_false_gate_union,IPIX_Dartmouth,19931107_135603_starea.cdf,71,19931107_135603_starea.cdf#71,tpsscs_finished_detector,9,"8,9,10,11",734980.9620898829,273515138.4826117
0.001,,0.0,0.0009765625,1024,10240,10,10,12,residual_cfar_plus_zero_false_gate_union,IPIX_Dartmouth,19931107_135603_starea.cdf,71,19931107_135603_starea.cdf#71,tpsscs_finished_detector,9,"8,9,10,11",634681.3393416118,273515138.4826117
0.003,,0.0,0.0029296875,1024,10240,30,30,32,residual_cfar_plus_zero_false_gate_union,IPIX_Dartmouth,19931107_135603_starea.cdf,71,19931107_135603_starea.cdf#71,tpsscs_finished_detector,9,"8,9,10,11",557647.4690364446,273515138.4826117
0.01,,0.0,0.0099609375,1024,10240,102,102,104,residual_cfar_plus_zero_false_gate_union,IPIX_Dartmouth,19931107_135603_starea.cdf,71,19931107_135603_starea.cdf#71,tpsscs_finished_detector,9,"8,9,10,11",452998.50528664613,273515138.4826117
1e-05,748882509.0035908,0.0,0.0,1024,10240,0,0,0,conservative_topk_strict_gt,IPIX_Dartmouth,19931107_135603_starea.cdf,72,19931107_135603_starea.cdf#72,raw,9,"8,9,10,11",,
3e-05,748882509.0035908,0.0,0.0,1024,10240,0,0,0,conservative_topk_strict_gt,IPIX_Dartmouth,19931107_135603_starea.cdf,72,19931107_135603_starea.cdf#72,raw,9,"8,9,10,11",,
0.0001,643226440.5052452,0.0,9.765625e-05,1024,10240,1,1,1,conservative_topk_strict_gt,IPIX_Dartmouth,19931107_135603_starea.cdf,72,19931107_135603_starea.cdf#72,raw,9,"8,9,10,11",,
0.0003,447220442.1448337,0.0,0.00029296875,1024,10240,3,3,3,conservative_topk_strict_gt,IPIX_Dartmouth,19931107_135603_starea.cdf,72,19931107_135603_starea.cdf#72,raw,9,"8,9,10,11",,
0.001,356473533.32728076,0.0,0.0009765625,1024,10240,10,10,11,conservative_topk_strict_gt,IPIX_Dartmouth,19931107_135603_starea.cdf,72,19931107_135603_starea.cdf#72,raw,9,"8,9,10,11",,
0.003,264016884.70370728,0.0,0.0029296875,1024,10240,30,30,35,conservative_topk_strict_gt,IPIX_Dartmouth,19931107_135603_starea.cdf,72,19931107_135603_starea.cdf#72,raw,9,"8,9,10,11",,
0.01,146370759.01374373,0.0,0.0099609375,1024,10240,102,102,134,conservative_topk_strict_gt,IPIX_Dartmouth,19931107_135603_starea.cdf,72,19931107_135603_starea.cdf#72,raw,9,"8,9,10,11",,
1e-05,303219.0481127522,0.0,0.0,1024,10240,0,0,0,conservative_topk_strict_gt,IPIX_Dartmouth,19931107_135603_starea.cdf,72,19931107_135603_starea.cdf#72,low_rank_residual_k30,9,"8,9,10,11",,
3e-05,303219.0481127522,0.0,0.0,1024,10240,0,0,0,conservative_topk_strict_gt,IPIX_Dartmouth,19931107_135603_starea.cdf,72,19931107_135603_starea.cdf#72,low_rank_residual_k30,9,"8,9,10,11",,
0.0001,231595.51171180385,0.0,9.765625e-05,1024,10240,1,1,1,conservative_topk_strict_gt,IPIX_Dartmouth,19931107_135603_starea.cdf,72,19931107_135603_starea.cdf#72,low_rank_residual_k30,9,"8,9,10,11",,
0.0003,212686.9368902684,0.0,0.00029296875,1024,10240,3,3,3,conservative_topk_strict_gt,IPIX_Dartmouth,19931107_135603_starea.cdf,72,19931107_135603_starea.cdf#72,low_rank_residual_k30,9,"8,9,10,11",,
0.001,190473.45402376077,0.0,0.0009765625,1024,10240,10,10,10,conservative_topk_strict_gt,IPIX_Dartmouth,19931107_135603_starea.cdf,72,19931107_135603_starea.cdf#72,low_rank_residual_k30,9,"8,9,10,11",,
0.003,145995.3792312291,0.0,0.0029296875,1024,10240,30,30,32,conservative_topk_strict_gt,IPIX_Dartmouth,19931107_135603_starea.cdf,72,19931107_135603_starea.cdf#72,low_rank_residual_k30,9,"8,9,10,11",,
0.01,98910.63736806494,0.0,0.0099609375,1024,10240,102,102,108,conservative_topk_strict_gt,IPIX_Dartmouth,19931107_135603_starea.cdf,72,19931107_135603_starea.cdf#72,low_rank_residual_k30,9,"8,9,10,11",,
1e-05,406063716.2785256,0.0,0.0,1024,10240,0,0,0,conservative_topk_strict_gt,IPIX_Dartmouth,19931107_135603_starea.cdf,72,19931107_135603_starea.cdf#72,tpsscs_trainable_gate,9,"8,9,10,11",,
3e-05,406063716.2785256,0.0,0.0,1024,10240,0,0,0,conservative_topk_strict_gt,IPIX_Dartmouth,19931107_135603_starea.cdf,72,19931107_135603_starea.cdf#72,tpsscs_trainable_gate,9,"8,9,10,11",,
0.0001,228007359.3860655,0.0,9.765625e-05,1024,10240,1,1,1,conservative_topk_strict_gt,IPIX_Dartmouth,19931107_135603_starea.cdf,72,19931107_135603_starea.cdf#72,tpsscs_trainable_gate,9,"8,9,10,11",,
0.0003,138408173.83795622,0.0,0.00029296875,1024,10240,3,3,5,conservative_topk_strict_gt,IPIX_Dartmouth,19931107_135603_starea.cdf,72,19931107_135603_starea.cdf#72,tpsscs_trainable_gate,9,"8,9,10,11",,
0.001,64574849.30484602,0.0,0.0009765625,1024,10240,10,10,19,conservative_topk_strict_gt,IPIX_Dartmouth,19931107_135603_starea.cdf,72,19931107_135603_starea.cdf#72,tpsscs_trainable_gate,9,"8,9,10,11",,
0.003,15077956.120342545,0.021484375,0.0029296875,1024,10240,30,30,90,conservative_topk_strict_gt,IPIX_Dartmouth,19931107_135603_starea.cdf,72,19931107_135603_starea.cdf#72,tpsscs_trainable_gate,9,"8,9,10,11",,
0.01,2754931.8147978177,0.1103515625,0.0099609375,1024,10240,102,102,286,conservative_topk_strict_gt,IPIX_Dartmouth,19931107_135603_starea.cdf,72,19931107_135603_starea.cdf#72,tpsscs_trainable_gate,9,"8,9,10,11",,
1e-05,,0.0,0.0,1024,10240,0,0,0,residual_cfar_plus_zero_false_gate_union,IPIX_Dartmouth,19931107_135603_starea.cdf,72,19931107_135603_starea.cdf#72,tpsscs_finished_detector,9,"8,9,10,11",303219.0481127514,406063716.2785256
3e-05,,0.0,0.0,1024,10240,0,0,0,residual_cfar_plus_zero_false_gate_union,IPIX_Dartmouth,19931107_135603_starea.cdf,72,19931107_135603_starea.cdf#72,tpsscs_finished_detector,9,"8,9,10,11",303219.0481127514,406063716.2785256
0.0001,,0.0,9.765625e-05,1024,10240,1,1,1,residual_cfar_plus_zero_false_gate_union,IPIX_Dartmouth,19931107_135603_starea.cdf,72,19931107_135603_starea.cdf#72,tpsscs_finished_detector,9,"8,9,10,11",231595.51171180359,406063716.2785256
0.0003,,0.0,0.00029296875,1024,10240,3,3,3,residual_cfar_plus_zero_false_gate_union,IPIX_Dartmouth,19931107_135603_starea.cdf,72,19931107_135603_starea.cdf#72,tpsscs_finished_detector,9,"8,9,10,11",212686.93689026867,406063716.2785256
0.001,,0.0,0.0009765625,1024,10240,10,10,10,residual_cfar_plus_zero_false_gate_union,IPIX_Dartmouth,19931107_135603_starea.cdf,72,19931107_135603_starea.cdf#72,tpsscs_finished_detector,9,"8,9,10,11",190473.4540237605,406063716.2785256
0.003,,0.0,0.0029296875,1024,10240,30,30,32,residual_cfar_plus_zero_false_gate_union,IPIX_Dartmouth,19931107_135603_starea.cdf,72,19931107_135603_starea.cdf#72,tpsscs_finished_detector,9,"8,9,10,11",145995.37923122913,406063716.2785256
0.01,,0.0,0.0099609375,1024,10240,102,102,108,residual_cfar_plus_zero_false_gate_union,IPIX_Dartmouth,19931107_135603_starea.cdf,72,19931107_135603_starea.cdf#72,tpsscs_finished_detector,9,"8,9,10,11",98910.63736806491,406063716.2785256
1e-05,338470363.4443479,0.0009765625,0.0,1024,10240,0,0,24,conservative_topk_strict_gt,IPIX_Dartmouth,19931107_135603_starea.cdf,73,19931107_135603_starea.cdf#73,raw,9,"8,9,10,11",,
3e-05,338470363.4443479,0.0009765625,0.0,1024,10240,0,0,24,conservative_topk_strict_gt,IPIX_Dartmouth,19931107_135603_starea.cdf,73,19931107_135603_starea.cdf#73,raw,9,"8,9,10,11",,
0.0001,324685275.0644693,0.0009765625,9.765625e-05,1024,10240,1,1,26,conservative_topk_strict_gt,IPIX_Dartmouth,19931107_135603_starea.cdf,73,19931107_135603_starea.cdf#73,raw,9,"8,9,10,11",,
0.0003,303785111.9726825,0.0009765625,0.00029296875,1024,10240,3,3,32,conservative_topk_strict_gt,IPIX_Dartmouth,19931107_135603_starea.cdf,73,19931107_135603_starea.cdf#73,raw,9,"8,9,10,11",,
0.001,208577953.4758377,0.0029296875,0.0009765625,1024,10240,10,10,68,conservative_topk_strict_gt,IPIX_Dartmouth,19931107_135603_starea.cdf,73,19931107_135603_starea.cdf#73,raw,9,"8,9,10,11",,
0.003,146664663.9041648,0.0087890625,0.0029296875,1024,10240,30,30,123,conservative_topk_strict_gt,IPIX_Dartmouth,19931107_135603_starea.cdf,73,19931107_135603_starea.cdf#73,raw,9,"8,9,10,11",,
0.01,73059423.05920845,0.0283203125,0.0099609375,1024,10240,102,102,301,conservative_topk_strict_gt,IPIX_Dartmouth,19931107_135603_starea.cdf,73,19931107_135603_starea.cdf#73,raw,9,"8,9,10,11",,
1e-05,1487686.1564101533,0.0,0.0,1024,10240,0,0,0,conservative_topk_strict_gt,IPIX_Dartmouth,19931107_135603_starea.cdf,73,19931107_135603_starea.cdf#73,low_rank_residual_k30,9,"8,9,10,11",,
3e-05,1487686.1564101533,0.0,0.0,1024,10240,0,0,0,conservative_topk_strict_gt,IPIX_Dartmouth,19931107_135603_starea.cdf,73,19931107_135603_starea.cdf#73,low_rank_residual_k30,9,"8,9,10,11",,
0.0001,1100095.3458154458,0.0,9.765625e-05,1024,10240,1,1,1,conservative_topk_strict_gt,IPIX_Dartmouth,19931107_135603_starea.cdf,73,19931107_135603_starea.cdf#73,low_rank_residual_k30,9,"8,9,10,11",,
0.0003,636723.4085856152,0.0,0.00029296875,1024,10240,3,3,3,conservative_topk_strict_gt,IPIX_Dartmouth,19931107_135603_starea.cdf,73,19931107_135603_starea.cdf#73,low_rank_residual_k30,9,"8,9,10,11",,
0.001,329187.5752846742,0.0,0.0009765625,1024,10240,10,10,10,conservative_topk_strict_gt,IPIX_Dartmouth,19931107_135603_starea.cdf,73,19931107_135603_starea.cdf#73,low_rank_residual_k30,9,"8,9,10,11",,
0.003,183664.74497910676,0.0,0.0029296875,1024,10240,30,30,30,conservative_topk_strict_gt,IPIX_Dartmouth,19931107_135603_starea.cdf,73,19931107_135603_starea.cdf#73,low_rank_residual_k30,9,"8,9,10,11",,
0.01,64015.91358408435,0.0,0.0099609375,1024,10240,102,102,102,conservative_topk_strict_gt,IPIX_Dartmouth,19931107_135603_starea.cdf,73,19931107_135603_starea.cdf#73,low_rank_residual_k30,9,"8,9,10,11",,
1e-05,105477174.17897645,0.0,0.0,1024,10240,0,0,0,conservative_topk_strict_gt,IPIX_Dartmouth,19931107_135603_starea.cdf,73,19931107_135603_starea.cdf#73,tpsscs_trainable_gate,9,"8,9,10,11",,
3e-05,105477174.17897645,0.0,0.0,1024,10240,0,0,0,conservative_topk_strict_gt,IPIX_Dartmouth,19931107_135603_starea.cdf,73,19931107_135603_starea.cdf#73,tpsscs_trainable_gate,9,"8,9,10,11",,
0.0001,98377566.22616544,0.0009765625,9.765625e-05,1024,10240,1,1,2,conservative_topk_strict_gt,IPIX_Dartmouth,19931107_135603_starea.cdf,73,19931107_135603_starea.cdf#73,tpsscs_trainable_gate,9,"8,9,10,11",,
0.0003,80309466.20797586,0.0009765625,0.00029296875,1024,10240,3,3,4,conservative_topk_strict_gt,IPIX_Dartmouth,19931107_135603_starea.cdf,73,19931107_135603_starea.cdf#73,tpsscs_trainable_gate,9,"8,9,10,11",,
0.001,52107178.81866043,0.0009765625,0.0009765625,1024,10240,10,10,11,conservative_topk_strict_gt,IPIX_Dartmouth,19931107_135603_starea.cdf,73,19931107_135603_starea.cdf#73,tpsscs_trainable_gate,9,"8,9,10,11",,
0.003,18419580.827615403,0.0009765625,0.0029296875,1024,10240,30,30,36,conservative_topk_strict_gt,IPIX_Dartmouth,19931107_135603_starea.cdf,73,19931107_135603_starea.cdf#73,tpsscs_trainable_gate,9,"8,9,10,11",,
0.01,5053753.970422746,0.001953125,0.0099609375,1024,10240,102,102,165,conservative_topk_strict_gt,IPIX_Dartmouth,19931107_135603_starea.cdf,73,19931107_135603_starea.cdf#73,tpsscs_trainable_gate,9,"8,9,10,11",,
1e-05,,0.0,0.0,1024,10240,0,0,0,residual_cfar_plus_zero_false_gate_union,IPIX_Dartmouth,19931107_135603_starea.cdf,73,19931107_135603_starea.cdf#73,tpsscs_finished_detector,9,"8,9,10,11",1487686.1564101523,105477174.17897645
3e-05,,0.0,0.0,1024,10240,0,0,0,residual_cfar_plus_zero_false_gate_union,IPIX_Dartmouth,19931107_135603_starea.cdf,73,19931107_135603_starea.cdf#73,tpsscs_finished_detector,9,"8,9,10,11",1487686.1564101523,105477174.17897645
0.0001,,0.0,9.765625e-05,1024,10240,1,1,1,residual_cfar_plus_zero_false_gate_union,IPIX_Dartmouth,19931107_135603_starea.cdf,73,19931107_135603_starea.cdf#73,tpsscs_finished_detector,9,"8,9,10,11",1100095.345815444,105477174.17897645
0.0003,,0.0,0.00029296875,1024,10240,3,3,3,residual_cfar_plus_zero_false_gate_union,IPIX_Dartmouth,19931107_135603_starea.cdf,73,19931107_135603_starea.cdf#73,tpsscs_finished_detector,9,"8,9,10,11",636723.4085856164,105477174.17897645
0.001,,0.0,0.0009765625,1024,10240,10,10,10,residual_cfar_plus_zero_false_gate_union,IPIX_Dartmouth,19931107_135603_starea.cdf,73,19931107_135603_starea.cdf#73,tpsscs_finished_detector,9,"8,9,10,11",329187.5752846734,105477174.17897645
0.003,,0.0,0.0029296875,1024,10240,30,30,30,residual_cfar_plus_zero_false_gate_union,IPIX_Dartmouth,19931107_135603_starea.cdf,73,19931107_135603_starea.cdf#73,tpsscs_finished_detector,9,"8,9,10,11",183664.7449791063,105477174.17897645
0.01,,0.0,0.0099609375,1024,10240,102,102,102,residual_cfar_plus_zero_false_gate_union,IPIX_Dartmouth,19931107_135603_starea.cdf,73,19931107_135603_starea.cdf#73,tpsscs_finished_detector,9,"8,9,10,11",64015.913584084316,105477174.17897645
1e-05,141770483.9375215,0.0400390625,0.0,1024,10240,0,0,116,conservative_topk_strict_gt,IPIX_Dartmouth,19931107_135603_starea.cdf,74,19931107_135603_starea.cdf#74,raw,9,"8,9,10,11",,
3e-05,141770483.9375215,0.0400390625,0.0,1024,10240,0,0,116,conservative_topk_strict_gt,IPIX_Dartmouth,19931107_135603_starea.cdf,74,19931107_135603_starea.cdf#74,raw,9,"8,9,10,11",,
0.0001,134051108.10094917,0.0439453125,9.765625e-05,1024,10240,1,1,128,conservative_topk_strict_gt,IPIX_Dartmouth,19931107_135603_starea.cdf,74,19931107_135603_starea.cdf#74,raw,9,"8,9,10,11",,
0.0003,118354794.68228693,0.046875,0.00029296875,1024,10240,3,3,143,conservative_topk_strict_gt,IPIX_Dartmouth,19931107_135603_starea.cdf,74,19931107_135603_starea.cdf#74,raw,9,"8,9,10,11",,
0.001,86034743.24313529,0.060546875,0.0009765625,1024,10240,10,10,204,conservative_topk_strict_gt,IPIX_Dartmouth,19931107_135603_starea.cdf,74,19931107_135603_starea.cdf#74,raw,9,"8,9,10,11",,
0.003,60561800.48501358,0.0771484375,0.0029296875,1024,10240,30,30,295,conservative_topk_strict_gt,IPIX_Dartmouth,19931107_135603_starea.cdf,74,19931107_135603_starea.cdf#74,raw,9,"8,9,10,11",,
0.01,28784651.667334657,0.107421875,0.0099609375,1024,10240,102,102,522,conservative_topk_strict_gt,IPIX_Dartmouth,19931107_135603_starea.cdf,74,19931107_135603_starea.cdf#74,raw,9,"8,9,10,11",,
1e-05,22827.789696345415,0.0,0.0,1024,10240,0,0,0,conservative_topk_strict_gt,IPIX_Dartmouth,19931107_135603_starea.cdf,74,19931107_135603_starea.cdf#74,low_rank_residual_k30,9,"8,9,10,11",,
3e-05,22827.789696345415,0.0,0.0,1024,10240,0,0,0,conservative_topk_strict_gt,IPIX_Dartmouth,19931107_135603_starea.cdf,74,19931107_135603_starea.cdf#74,low_rank_residual_k30,9,"8,9,10,11",,
0.0001,18190.94618963871,0.0,9.765625e-05,1024,10240,1,1,1,conservative_topk_strict_gt,IPIX_Dartmouth,19931107_135603_starea.cdf,74,19931107_135603_starea.cdf#74,low_rank_residual_k30,9,"8,9,10,11",,
0.0003,13472.318389500495,0.0,0.00029296875,1024,10240,3,3,3,conservative_topk_strict_gt,IPIX_Dartmouth,19931107_135603_starea.cdf,74,19931107_135603_starea.cdf#74,low_rank_residual_k30,9,"8,9,10,11",,
0.001,11421.100600820495,0.0,0.0009765625,1024,10240,10,10,10,conservative_topk_strict_gt,IPIX_Dartmouth,19931107_135603_starea.cdf,74,19931107_135603_starea.cdf#74,low_rank_residual_k30,9,"8,9,10,11",,
0.003,8334.9316573151,0.0,0.0029296875,1024,10240,30,30,30,conservative_topk_strict_gt,IPIX_Dartmouth,19931107_135603_starea.cdf,74,19931107_135603_starea.cdf#74,low_rank_residual_k30,9,"8,9,10,11",,
0.01,5273.355644907102,0.0,0.0099609375,1024,10240,102,102,102,conservative_topk_strict_gt,IPIX_Dartmouth,19931107_135603_starea.cdf,74,19931107_135603_starea.cdf#74,low_rank_residual_k30,9,"8,9,10,11",,
1e-05,141770483.9375215,0.0,0.0,1024,10240,0,0,19,conservative_topk_strict_gt,IPIX_Dartmouth,19931107_135603_starea.cdf,74,19931107_135603_starea.cdf#74,tpsscs_trainable_gate,9,"8,9,10,11",,
3e-05,141770483.9375215,0.0,0.0,1024,10240,0,0,19,conservative_topk_strict_gt,IPIX_Dartmouth,19931107_135603_starea.cdf,74,19931107_135603_starea.cdf#74,tpsscs_trainable_gate,9,"8,9,10,11",,
0.0001,134051108.1009492,0.0,9.765625e-05,1024,10240,1,1,22,conservative_topk_strict_gt,IPIX_Dartmouth,19931107_135603_starea.cdf,74,19931107_135603_starea.cdf#74,tpsscs_trainable_gate,9,"8,9,10,11",,
0.0003,107192224.07286018,0.0,0.00029296875,1024,10240,3,3,31,conservative_topk_strict_gt,IPIX_Dartmouth,19931107_135603_starea.cdf,74,19931107_135603_starea.cdf#74,tpsscs_trainable_gate,9,"8,9,10,11",,
0.001,83577196.80815807,0.0,0.0009765625,1024,10240,10,10,49,conservative_topk_strict_gt,IPIX_Dartmouth,19931107_135603_starea.cdf,74,19931107_135603_starea.cdf#74,tpsscs_trainable_gate,9,"8,9,10,11",,
0.003,47604149.04932241,0.0,0.0029296875,1024,10240,30,30,99,conservative_topk_strict_gt,IPIX_Dartmouth,19931107_135603_starea.cdf,74,19931107_135603_starea.cdf#74,tpsscs_trainable_gate,9,"8,9,10,11",,
0.01,16460764.598616036,0.0,0.0099609375,1024,10240,102,102,268,conservative_topk_strict_gt,IPIX_Dartmouth,19931107_135603_starea.cdf,74,19931107_135603_starea.cdf#74,tpsscs_trainable_gate,9,"8,9,10,11",,
1e-05,,0.0,0.0,1024,10240,0,0,19,residual_cfar_plus_zero_false_gate_union,IPIX_Dartmouth,19931107_135603_starea.cdf,74,19931107_135603_starea.cdf#74,tpsscs_finished_detector,9,"8,9,10,11",22827.78969634536,141770483.9375215
3e-05,,0.0,0.0,1024,10240,0,0,19,residual_cfar_plus_zero_false_gate_union,IPIX_Dartmouth,19931107_135603_starea.cdf,74,19931107_135603_starea.cdf#74,tpsscs_finished_detector,9,"8,9,10,11",22827.78969634536,141770483.9375215
0.0001,,0.0,9.765625e-05,1024,10240,1,1,20,residual_cfar_plus_zero_false_gate_union,IPIX_Dartmouth,19931107_135603_starea.cdf,74,19931107_135603_starea.cdf#74,tpsscs_finished_detector,9,"8,9,10,11",18190.946189638886,141770483.9375215
0.0003,,0.0,0.00029296875,1024,10240,3,3,22,residual_cfar_plus_zero_false_gate_union,IPIX_Dartmouth,19931107_135603_starea.cdf,74,19931107_135603_starea.cdf#74,tpsscs_finished_detector,9,"8,9,10,11",13472.318389500084,141770483.9375215
0.001,,0.0,0.0009765625,1024,10240,10,10,29,residual_cfar_plus_zero_false_gate_union,IPIX_Dartmouth,19931107_135603_starea.cdf,74,19931107_135603_starea.cdf#74,tpsscs_finished_detector,9,"8,9,10,11",11421.100600820671,141770483.9375215
0.003,,0.0,0.0029296875,1024,10240,30,30,49,residual_cfar_plus_zero_false_gate_union,IPIX_Dartmouth,19931107_135603_starea.cdf,74,19931107_135603_starea.cdf#74,tpsscs_finished_detector,9,"8,9,10,11",8334.931657315155,141770483.9375215
0.01,,0.0,0.0099609375,1024,10240,102,102,121,residual_cfar_plus_zero_false_gate_union,IPIX_Dartmouth,19931107_135603_starea.cdf,74,19931107_135603_starea.cdf#74,tpsscs_finished_detector,9,"8,9,10,11",5273.355644907113,141770483.9375215
1e-05,376423803.4136245,0.0283203125,0.0,1024,10240,0,0,69,conservative_topk_strict_gt,IPIX_Dartmouth,19931107_135603_starea.cdf,75,19931107_135603_starea.cdf#75,raw,9,"8,9,10,11",,
3e-05,376423803.4136245,0.0283203125,0.0,1024,10240,0,0,69,conservative_topk_strict_gt,IPIX_Dartmouth,19931107_135603_starea.cdf,75,19931107_135603_starea.cdf#75,raw,9,"8,9,10,11",,
0.0001,292187401.7429478,0.0361328125,9.765625e-05,1024,10240,1,1,99,conservative_topk_strict_gt,IPIX_Dartmouth,19931107_135603_starea.cdf,75,19931107_135603_starea.cdf#75,raw,9,"8,9,10,11",,
0.0003,229511537.09979048,0.04296875,0.00029296875,1024,10240,3,3,132,conservative_topk_strict_gt,IPIX_Dartmouth,19931107_135603_starea.cdf,75,19931107_135603_starea.cdf#75,raw,9,"8,9,10,11",,
0.001,141522452.54631817,0.060546875,0.0009765625,1024,10240,10,10,192,conservative_topk_strict_gt,IPIX_Dartmouth,19931107_135603_starea.cdf,75,19931107_135603_starea.cdf#75,raw,9,"8,9,10,11",,
0.003,76381467.03527614,0.087890625,0.0029296875,1024,10240,30,30,323,conservative_topk_strict_gt,IPIX_Dartmouth,19931107_135603_starea.cdf,75,19931107_135603_starea.cdf#75,raw,9,"8,9,10,11",,
0.01,24935979.17218715,0.1572265625,0.0099609375,1024,10240,102,102,665,conservative_topk_strict_gt,IPIX_Dartmouth,19931107_135603_starea.cdf,75,19931107_135603_starea.cdf#75,raw,9,"8,9,10,11",,
1e-05,21483.368053992224,0.0,0.0,1024,10240,0,0,0,conservative_topk_strict_gt,IPIX_Dartmouth,19931107_135603_starea.cdf,75,19931107_135603_starea.cdf#75,low_rank_residual_k30,9,"8,9,10,11",,
3e-05,21483.368053992224,0.0,0.0,1024,10240,0,0,0,conservative_topk_strict_gt,IPIX_Dartmouth,19931107_135603_starea.cdf,75,19931107_135603_starea.cdf#75,low_rank_residual_k30,9,"8,9,10,11",,
0.0001,17533.248675118964,0.0,9.765625e-05,1024,10240,1,1,1,conservative_topk_strict_gt,IPIX_Dartmouth,19931107_135603_starea.cdf,75,19931107_135603_starea.cdf#75,low_rank_residual_k30,9,"8,9,10,11",,
0.0003,16145.361153925707,0.0,0.00029296875,1024,10240,3,3,3,conservative_topk_strict_gt,IPIX_Dartmouth,19931107_135603_starea.cdf,75,19931107_135603_starea.cdf#75,low_rank_residual_k30,9,"8,9,10,11",,
0.001,12004.900296879532,0.0,0.0009765625,1024,10240,10,10,10,conservative_topk_strict_gt,IPIX_Dartmouth,19931107_135603_starea.cdf,75,19931107_135603_starea.cdf#75,low_rank_residual_k30,9,"8,9,10,11",,
0.003,8580.116691843274,0.0,0.0029296875,1024,10240,30,30,30,conservative_topk_strict_gt,IPIX_Dartmouth,19931107_135603_starea.cdf,75,19931107_135603_starea.cdf#75,low_rank_residual_k30,9,"8,9,10,11",,
0.01,5531.082272362502,0.0,0.0099609375,1024,10240,102,102,102,conservative_topk_strict_gt,IPIX_Dartmouth,19931107_135603_starea.cdf,75,19931107_135603_starea.cdf#75,low_rank_residual_k30,9,"8,9,10,11",,
1e-05,41593359.45578636,0.0,0.0,1024,10240,0,0,181,conservative_topk_strict_gt,IPIX_Dartmouth,19931107_135603_starea.cdf,75,19931107_135603_starea.cdf#75,tpsscs_trainable_gate,9,"8,9,10,11",,
3e-05,41593359.45578636,0.0,0.0,1024,10240,0,0,181,conservative_topk_strict_gt,IPIX_Dartmouth,19931107_135603_starea.cdf,75,19931107_135603_starea.cdf#75,tpsscs_trainable_gate,9,"8,9,10,11",,
0.0001,33792144.61057192,0.0,9.765625e-05,1024,10240,1,1,200,conservative_topk_strict_gt,IPIX_Dartmouth,19931107_135603_starea.cdf,75,19931107_135603_starea.cdf#75,tpsscs_trainable_gate,9,"8,9,10,11",,
0.0003,29561602.25839562,0.0,0.00029296875,1024,10240,3,3,217,conservative_topk_strict_gt,IPIX_Dartmouth,19931107_135603_starea.cdf,75,19931107_135603_starea.cdf#75,tpsscs_trainable_gate,9,"8,9,10,11",,
0.001,23916263.471223522,0.0,0.0009765625,1024,10240,10,10,240,conservative_topk_strict_gt,IPIX_Dartmouth,19931107_135603_starea.cdf,75,19931107_135603_starea.cdf#75,tpsscs_trainable_gate,9,"8,9,10,11",,
0.003,16864747.969633147,0.0,0.0029296875,1024,10240,30,30,313,conservative_topk_strict_gt,IPIX_Dartmouth,19931107_135603_starea.cdf,75,19931107_135603_starea.cdf#75,tpsscs_trainable_gate,9,"8,9,10,11",,
0.01,4544245.973968446,0.0,0.0099609375,1024,10240,102,102,750,conservative_topk_strict_gt,IPIX_Dartmouth,19931107_135603_starea.cdf,75,19931107_135603_starea.cdf#75,tpsscs_trainable_gate,9,"8,9,10,11",,
1e-05,,0.0,0.0,1024,10240,0,0,181,residual_cfar_plus_zero_false_gate_union,IPIX_Dartmouth,19931107_135603_starea.cdf,75,19931107_135603_starea.cdf#75,tpsscs_finished_detector,9,"8,9,10,11",21483.368053992424,41593359.45578636
3e-05,,0.0,0.0,1024,10240,0,0,181,residual_cfar_plus_zero_false_gate_union,IPIX_Dartmouth,19931107_135603_starea.cdf,75,19931107_135603_starea.cdf#75,tpsscs_finished_detector,9,"8,9,10,11",21483.368053992424,41593359.45578636
0.0001,,0.0,9.765625e-05,1024,10240,1,1,182,residual_cfar_plus_zero_false_gate_union,IPIX_Dartmouth,19931107_135603_starea.cdf,75,19931107_135603_starea.cdf#75,tpsscs_finished_detector,9,"8,9,10,11",17533.248675119383,41593359.45578636
0.0003,,0.0,0.00029296875,1024,10240,3,3,184,residual_cfar_plus_zero_false_gate_union,IPIX_Dartmouth,19931107_135603_starea.cdf,75,19931107_135603_starea.cdf#75,tpsscs_finished_detector,9,"8,9,10,11",16145.361153925824,41593359.45578636
0.001,,0.0,0.0009765625,1024,10240,10,10,191,residual_cfar_plus_zero_false_gate_union,IPIX_Dartmouth,19931107_135603_starea.cdf,75,19931107_135603_starea.cdf#75,tpsscs_finished_detector,9,"8,9,10,11",12004.900296879408,41593359.45578636
0.003,,0.0,0.0029296875,1024,10240,30,30,211,residual_cfar_plus_zero_false_gate_union,IPIX_Dartmouth,19931107_135603_starea.cdf,75,19931107_135603_starea.cdf#75,tpsscs_finished_detector,9,"8,9,10,11",8580.116691843272,41593359.45578636
0.01,,0.0,0.0099609375,1024,10240,102,102,283,residual_cfar_plus_zero_false_gate_union,IPIX_Dartmouth,19931107_135603_starea.cdf,75,19931107_135603_starea.cdf#75,tpsscs_finished_detector,9,"8,9,10,11",5531.082272362547,41593359.45578636
1e-05,867797675.08293,0.0,0.0,1024,10240,0,0,6,conservative_topk_strict_gt,IPIX_Dartmouth,19931107_135603_starea.cdf,76,19931107_135603_starea.cdf#76,raw,9,"8,9,10,11",,
3e-05,867797675.08293,0.0,0.0,1024,10240,0,0,6,conservative_topk_strict_gt,IPIX_Dartmouth,19931107_135603_starea.cdf,76,19931107_135603_starea.cdf#76,raw,9,"8,9,10,11",,
0.0001,706729002.995188,0.0068359375,9.765625e-05,1024,10240,1,1,29,conservative_topk_strict_gt,IPIX_Dartmouth,19931107_135603_starea.cdf,76,19931107_135603_starea.cdf#76,raw,9,"8,9,10,11",,
0.0003,613197233.8933648,0.0078125,0.00029296875,1024,10240,3,3,40,conservative_topk_strict_gt,IPIX_Dartmouth,19931107_135603_starea.cdf,76,19931107_135603_starea.cdf#76,raw,9,"8,9,10,11",,
0.001,425826954.28357387,0.0244140625,0.0009765625,1024,10240,10,10,93,conservative_topk_strict_gt,IPIX_Dartmouth,19931107_135603_starea.cdf,76,19931107_135603_starea.cdf#76,raw,9,"8,9,10,11",,
0.003,215013741.94748712,0.03125,0.0029296875,1024,10240,30,30,166,conservative_topk_strict_gt,IPIX_Dartmouth,19931107_135603_starea.cdf,76,19931107_135603_starea.cdf#76,raw,9,"8,9,10,11",,
0.01,73037881.19802317,0.080078125,0.0099609375,1024,10240,102,102,441,conservative_topk_strict_gt,IPIX_Dartmouth,19931107_135603_starea.cdf,76,19931107_135603_starea.cdf#76,raw,9,"8,9,10,11",,
1e-05,53565.185625792845,0.0,0.0,1024,10240,0,0,0,conservative_topk_strict_gt,IPIX_Dartmouth,19931107_135603_starea.cdf,76,19931107_135603_starea.cdf#76,low_rank_residual_k30,9,"8,9,10,11",,
3e-05,53565.185625792845,0.0,0.0,1024,10240,0,0,0,conservative_topk_strict_gt,IPIX_Dartmouth,19931107_135603_starea.cdf,76,19931107_135603_starea.cdf#76,low_rank_residual_k30,9,"8,9,10,11",,
0.0001,38686.20259828798,0.0,9.765625e-05,1024,10240,1,1,1,conservative_topk_strict_gt,IPIX_Dartmouth,19931107_135603_starea.cdf,76,19931107_135603_starea.cdf#76,low_rank_residual_k30,9,"8,9,10,11",,
0.0003,34012.1135887784,0.0,0.00029296875,1024,10240,3,3,3,conservative_topk_strict_gt,IPIX_Dartmouth,19931107_135603_starea.cdf,76,19931107_135603_starea.cdf#76,low_rank_residual_k30,9,"8,9,10,11",,
0.001,30174.166431406018,0.0,0.0009765625,1024,10240,10,10,10,conservative_topk_strict_gt,IPIX_Dartmouth,19931107_135603_starea.cdf,76,19931107_135603_starea.cdf#76,low_rank_residual_k30,9,"8,9,10,11",,
0.003,21398.183219997572,0.0,0.0029296875,1024,10240,30,30,30,conservative_topk_strict_gt,IPIX_Dartmouth,19931107_135603_starea.cdf,76,19931107_135603_starea.cdf#76,low_rank_residual_k30,9,"8,9,10,11",,
0.01,11951.621024326605,0.0,0.0099609375,1024,10240,102,102,102,conservative_topk_strict_gt,IPIX_Dartmouth,19931107_135603_starea.cdf,76,19931107_135603_starea.cdf#76,low_rank_residual_k30,9,"8,9,10,11",,
1e-05,5856945.822820106,0.0,0.0,1024,10240,0,0,795,conservative_topk_strict_gt,IPIX_Dartmouth,19931107_135603_starea.cdf,76,19931107_135603_starea.cdf#76,tpsscs_trainable_gate,9,"8,9,10,11",,
3e-05,5856945.822820106,0.0,0.0,1024,10240,0,0,795,conservative_topk_strict_gt,IPIX_Dartmouth,19931107_135603_starea.cdf,76,19931107_135603_starea.cdf#76,tpsscs_trainable_gate,9,"8,9,10,11",,
0.0001,3387225.0261485553,0.0,9.765625e-05,1024,10240,1,1,1227,conservative_topk_strict_gt,IPIX_Dartmouth,19931107_135603_starea.cdf,76,19931107_135603_starea.cdf#76,tpsscs_trainable_gate,9,"8,9,10,11",,
0.0003,855440.6754383474,0.0,0.00029296875,1024,10240,3,3,1911,conservative_topk_strict_gt,IPIX_Dartmouth,19931107_135603_starea.cdf,76,19931107_135603_starea.cdf#76,tpsscs_trainable_gate,9,"8,9,10,11",,
0.001,638024.4490405952,0.0,0.0009765625,1024,10240,10,10,1964,conservative_topk_strict_gt,IPIX_Dartmouth,19931107_135603_starea.cdf,76,19931107_135603_starea.cdf#76,tpsscs_trainable_gate,9,"8,9,10,11",,
0.003,470129.57078981056,0.0,0.0029296875,1024,10240,30,30,2020,conservative_topk_strict_gt,IPIX_Dartmouth,19931107_135603_starea.cdf,76,19931107_135603_starea.cdf#76,tpsscs_trainable_gate,9,"8,9,10,11",,
0.01,289645.10978872835,0.0,0.0099609375,1024,10240,102,102,2119,conservative_topk_strict_gt,IPIX_Dartmouth,19931107_135603_starea.cdf,76,19931107_135603_starea.cdf#76,tpsscs_trainable_gate,9,"8,9,10,11",,
1e-05,,0.0,0.0,1024,10240,0,0,795,residual_cfar_plus_zero_false_gate_union,IPIX_Dartmouth,19931107_135603_starea.cdf,76,19931107_135603_starea.cdf#76,tpsscs_finished_detector,9,"8,9,10,11",53565.185625792044,5856945.822820106
3e-05,,0.0,0.0,1024,10240,0,0,795,residual_cfar_plus_zero_false_gate_union,IPIX_Dartmouth,19931107_135603_starea.cdf,76,19931107_135603_starea.cdf#76,tpsscs_finished_detector,9,"8,9,10,11",53565.185625792044,5856945.822820106
0.0001,,0.0,9.765625e-05,1024,10240,1,1,796,residual_cfar_plus_zero_false_gate_union,IPIX_Dartmouth,19931107_135603_starea.cdf,76,19931107_135603_starea.cdf#76,tpsscs_finished_detector,9,"8,9,10,11",38686.202598287855,5856945.822820106
0.0003,,0.0,0.00029296875,1024,10240,3,3,798,residual_cfar_plus_zero_false_gate_union,IPIX_Dartmouth,19931107_135603_starea.cdf,76,19931107_135603_starea.cdf#76,tpsscs_finished_detector,9,"8,9,10,11",34012.11358877771,5856945.822820106
0.001,,0.0,0.0009765625,1024,10240,10,10,805,residual_cfar_plus_zero_false_gate_union,IPIX_Dartmouth,19931107_135603_starea.cdf,76,19931107_135603_starea.cdf#76,tpsscs_finished_detector,9,"8,9,10,11",30174.16643140633,5856945.822820106
0.003,,0.0,0.0029296875,1024,10240,30,30,825,residual_cfar_plus_zero_false_gate_union,IPIX_Dartmouth,19931107_135603_starea.cdf,76,19931107_135603_starea.cdf#76,tpsscs_finished_detector,9,"8,9,10,11",21398.183219997165,5856945.822820106
0.01,,0.0,0.0099609375,1024,10240,102,102,897,residual_cfar_plus_zero_false_gate_union,IPIX_Dartmouth,19931107_135603_starea.cdf,76,19931107_135603_starea.cdf#76,tpsscs_finished_detector,9,"8,9,10,11",11951.621024327436,5856945.822820106
1e-05,866600092.5159867,0.005859375,0.0,1024,10240,0,0,22,conservative_topk_strict_gt,IPIX_Dartmouth,19931107_135603_starea.cdf,77,19931107_135603_starea.cdf#77,raw,9,"8,9,10,11",,
3e-05,866600092.5159867,0.005859375,0.0,1024,10240,0,0,22,conservative_topk_strict_gt,IPIX_Dartmouth,19931107_135603_starea.cdf,77,19931107_135603_starea.cdf#77,raw,9,"8,9,10,11",,
0.0001,754845978.7051547,0.0068359375,9.765625e-05,1024,10240,1,1,26,conservative_topk_strict_gt,IPIX_Dartmouth,19931107_135603_starea.cdf,77,19931107_135603_starea.cdf#77,raw,9,"8,9,10,11",,
0.0003,707935201.3247173,0.0068359375,0.00029296875,1024,10240,3,3,30,conservative_topk_strict_gt,IPIX_Dartmouth,19931107_135603_starea.cdf,77,19931107_135603_starea.cdf#77,raw,9,"8,9,10,11",,
0.001,459172968.9587356,0.01171875,0.0009765625,1024,10240,10,10,58,conservative_topk_strict_gt,IPIX_Dartmouth,19931107_135603_starea.cdf,77,19931107_135603_starea.cdf#77,raw,9,"8,9,10,11",,
0.003,325374178.74207306,0.013671875,0.0029296875,1024,10240,30,30,94,conservative_topk_strict_gt,IPIX_Dartmouth,19931107_135603_starea.cdf,77,19931107_135603_starea.cdf#77,raw,9,"8,9,10,11",,
0.01,139419102.79302007,0.0263671875,0.0099609375,1024,10240,102,102,248,conservative_topk_strict_gt,IPIX_Dartmouth,19931107_135603_starea.cdf,77,19931107_135603_starea.cdf#77,raw,9,"8,9,10,11",,
1e-05,2117997.2677862663,0.0,0.0,1024,10240,0,0,0,conservative_topk_strict_gt,IPIX_Dartmouth,19931107_135603_starea.cdf,77,19931107_135603_starea.cdf#77,low_rank_residual_k30,9,"8,9,10,11",,
3e-05,2117997.2677862663,0.0,0.0,1024,10240,0,0,0,conservative_topk_strict_gt,IPIX_Dartmouth,19931107_135603_starea.cdf,77,19931107_135603_starea.cdf#77,low_rank_residual_k30,9,"8,9,10,11",,
0.0001,1889699.4510999075,0.0,9.765625e-05,1024,10240,1,1,1,conservative_topk_strict_gt,IPIX_Dartmouth,19931107_135603_starea.cdf,77,19931107_135603_starea.cdf#77,low_rank_residual_k30,9,"8,9,10,11",,
0.0003,1427696.2870611958,0.0,0.00029296875,1024,10240,3,3,3,conservative_topk_strict_gt,IPIX_Dartmouth,19931107_135603_starea.cdf,77,19931107_135603_starea.cdf#77,low_rank_residual_k30,9,"8,9,10,11",,
0.001,1117446.9591301228,0.0,0.0009765625,1024,10240,10,10,10,conservative_topk_strict_gt,IPIX_Dartmouth,19931107_135603_starea.cdf,77,19931107_135603_starea.cdf#77,low_rank_residual_k30,9,"8,9,10,11",,
0.003,823820.8319429704,0.0,0.0029296875,1024,10240,30,30,30,conservative_topk_strict_gt,IPIX_Dartmouth,19931107_135603_starea.cdf,77,19931107_135603_starea.cdf#77,low_rank_residual_k30,9,"8,9,10,11",,
0.01,373796.6108304083,0.0,0.0099609375,1024,10240,102,102,102,conservative_topk_strict_gt,IPIX_Dartmouth,19931107_135603_starea.cdf,77,19931107_135603_starea.cdf#77,low_rank_residual_k30,9,"8,9,10,11",,
1e-05,56467907.72602106,0.0,0.0,1024,10240,0,0,14,conservative_topk_strict_gt,IPIX_Dartmouth,19931107_135603_starea.cdf,77,19931107_135603_starea.cdf#77,tpsscs_trainable_gate,9,"8,9,10,11",,
3e-05,56467907.72602106,0.0,0.0,1024,10240,0,0,14,conservative_topk_strict_gt,IPIX_Dartmouth,19931107_135603_starea.cdf,77,19931107_135603_starea.cdf#77,tpsscs_trainable_gate,9,"8,9,10,11",,
0.0001,43852715.68428209,0.0,9.765625e-05,1024,10240,1,1,22,conservative_topk_strict_gt,IPIX_Dartmouth,19931107_135603_starea.cdf,77,19931107_135603_starea.cdf#77,tpsscs_trainable_gate,9,"8,9,10,11",,
0.0003,36496780.14898338,0.0,0.00029296875,1024,10240,3,3,32,conservative_topk_strict_gt,IPIX_Dartmouth,19931107_135603_starea.cdf,77,19931107_135603_starea.cdf#77,tpsscs_trainable_gate,9,"8,9,10,11",,
0.001,21468737.916374836,0.0,0.0009765625,1024,10240,10,10,87,conservative_topk_strict_gt,IPIX_Dartmouth,19931107_135603_starea.cdf,77,19931107_135603_starea.cdf#77,tpsscs_trainable_gate,9,"8,9,10,11",,
0.003,7707967.1256713355,0.0,0.0029296875,1024,10240,30,30,327,conservative_topk_strict_gt,IPIX_Dartmouth,19931107_135603_starea.cdf,77,19931107_135603_starea.cdf#77,tpsscs_trainable_gate,9,"8,9,10,11",,
0.01,2359669.722145344,0.0,0.0099609375,1024,10240,102,102,1273,conservative_topk_strict_gt,IPIX_Dartmouth,19931107_135603_starea.cdf,77,19931107_135603_starea.cdf#77,tpsscs_trainable_gate,9,"8,9,10,11",,
1e-05,,0.0,0.0,1024,10240,0,0,14,residual_cfar_plus_zero_false_gate_union,IPIX_Dartmouth,19931107_135603_starea.cdf,77,19931107_135603_starea.cdf#77,tpsscs_finished_detector,9,"8,9,10,11",2117997.2677862705,56467907.72602106
3e-05,,0.0,0.0,1024,10240,0,0,14,residual_cfar_plus_zero_false_gate_union,IPIX_Dartmouth,19931107_135603_starea.cdf,77,19931107_135603_starea.cdf#77,tpsscs_finished_detector,9,"8,9,10,11",2117997.2677862705,56467907.72602106
0.0001,,0.0,9.765625e-05,1024,10240,1,1,15,residual_cfar_plus_zero_false_gate_union,IPIX_Dartmouth,19931107_135603_starea.cdf,77,19931107_135603_starea.cdf#77,tpsscs_finished_detector,9,"8,9,10,11",1889699.4510999068,56467907.72602106
0.0003,,0.0,0.00029296875,1024,10240,3,3,17,residual_cfar_plus_zero_false_gate_union,IPIX_Dartmouth,19931107_135603_starea.cdf,77,19931107_135603_starea.cdf#77,tpsscs_finished_detector,9,"8,9,10,11",1427696.287061191,56467907.72602106
0.001,,0.0,0.0009765625,1024,10240,10,10,24,residual_cfar_plus_zero_false_gate_union,IPIX_Dartmouth,19931107_135603_starea.cdf,77,19931107_135603_starea.cdf#77,tpsscs_finished_detector,9,"8,9,10,11",1117446.9591301254,56467907.72602106
0.003,,0.0,0.0029296875,1024,10240,30,30,44,residual_cfar_plus_zero_false_gate_union,IPIX_Dartmouth,19931107_135603_starea.cdf,77,19931107_135603_starea.cdf#77,tpsscs_finished_detector,9,"8,9,10,11",823820.8319429712,56467907.72602106
0.01,,0.0,0.0099609375,1024,10240,102,102,116,residual_cfar_plus_zero_false_gate_union,IPIX_Dartmouth,19931107_135603_starea.cdf,77,19931107_135603_starea.cdf#77,tpsscs_finished_detector,9,"8,9,10,11",373796.61083040776,56467907.72602106
1e-05,1208908132.9743056,0.0,0.0,1024,10240,0,0,0,conservative_topk_strict_gt,IPIX_Dartmouth,19931107_135603_starea.cdf,78,19931107_135603_starea.cdf#78,raw,9,"8,9,10,11",,
3e-05,1208908132.9743056,0.0,0.0,1024,10240,0,0,0,conservative_topk_strict_gt,IPIX_Dartmouth,19931107_135603_starea.cdf,78,19931107_135603_starea.cdf#78,raw,9,"8,9,10,11",,
0.0001,1208141662.8056657,0.0,9.765625e-05,1024,10240,1,1,1,conservative_topk_strict_gt,IPIX_Dartmouth,19931107_135603_starea.cdf,78,19931107_135603_starea.cdf#78,raw,9,"8,9,10,11",,
0.0003,1002346622.0646076,0.0,0.00029296875,1024,10240,3,3,3,conservative_topk_strict_gt,IPIX_Dartmouth,19931107_135603_starea.cdf,78,19931107_135603_starea.cdf#78,raw,9,"8,9,10,11",,
0.001,726157679.4222085,0.0009765625,0.0009765625,1024,10240,10,10,14,conservative_topk_strict_gt,IPIX_Dartmouth,19931107_135603_starea.cdf,78,19931107_135603_starea.cdf#78,raw,9,"8,9,10,11",,
0.003,446515564.3860427,0.001953125,0.0029296875,1024,10240,30,30,39,conservative_topk_strict_gt,IPIX_Dartmouth,19931107_135603_starea.cdf,78,19931107_135603_starea.cdf#78,raw,9,"8,9,10,11",,
0.01,211017109.2170724,0.0078125,0.0099609375,1024,10240,102,102,143,conservative_topk_strict_gt,IPIX_Dartmouth,19931107_135603_starea.cdf,78,19931107_135603_starea.cdf#78,raw,9,"8,9,10,11",,
1e-05,344205.450746921,0.0,0.0,1024,10240,0,0,77,conservative_topk_strict_gt,IPIX_Dartmouth,19931107_135603_starea.cdf,78,19931107_135603_starea.cdf#78,low_rank_residual_k30,9,"8,9,10,11",,
3e-05,344205.450746921,0.0,0.0,1024,10240,0,0,77,conservative_topk_strict_gt,IPIX_Dartmouth,19931107_135603_starea.cdf,78,19931107_135603_starea.cdf#78,low_rank_residual_k30,9,"8,9,10,11",,
0.0001,245428.21154795587,0.0,9.765625e-05,1024,10240,1,1,110,conservative_topk_strict_gt,IPIX_Dartmouth,19931107_135603_starea.cdf,78,19931107_135603_starea.cdf#78,low_rank_residual_k30,9,"8,9,10,11",,
0.0003,149384.56273936498,0.0,0.00029296875,1024,10240,3,3,164,conservative_topk_strict_gt,IPIX_Dartmouth,19931107_135603_starea.cdf,78,19931107_135603_starea.cdf#78,low_rank_residual_k30,9,"8,9,10,11",,
0.001,99065.72503422039,0.0,0.0009765625,1024,10240,10,10,223,conservative_topk_strict_gt,IPIX_Dartmouth,19931107_135603_starea.cdf,78,19931107_135603_starea.cdf#78,low_rank_residual_k30,9,"8,9,10,11",,
0.003,52281.78695745654,0.0029296875,0.0029296875,1024,10240,30,30,347,conservative_topk_strict_gt,IPIX_Dartmouth,19931107_135603_starea.cdf,78,19931107_135603_starea.cdf#78,low_rank_residual_k30,9,"8,9,10,11",,
0.01,25615.192691278513,0.01171875,0.0099609375,1024,10240,102,102,622,conservative_topk_strict_gt,IPIX_Dartmouth,19931107_135603_starea.cdf,78,19931107_135603_starea.cdf#78,low_rank_residual_k30,9,"8,9,10,11",,
1e-05,123849560.36458313,0.0107421875,0.0,1024,10240,0,0,11,conservative_topk_strict_gt,IPIX_Dartmouth,19931107_135603_starea.cdf,78,19931107_135603_starea.cdf#78,tpsscs_trainable_gate,9,"8,9,10,11",,
3e-05,123849560.36458313,0.0107421875,0.0,1024,10240,0,0,11,conservative_topk_strict_gt,IPIX_Dartmouth,19931107_135603_starea.cdf,78,19931107_135603_starea.cdf#78,tpsscs_trainable_gate,9,"8,9,10,11",,
0.0001,120272161.4199501,0.0107421875,9.765625e-05,1024,10240,1,1,12,conservative_topk_strict_gt,IPIX_Dartmouth,19931107_135603_starea.cdf,78,19931107_135603_starea.cdf#78,tpsscs_trainable_gate,9,"8,9,10,11",,
0.0003,110901521.31964216,0.0146484375,0.00029296875,1024,10240,3,3,18,conservative_topk_strict_gt,IPIX_Dartmouth,19931107_135603_starea.cdf,78,19931107_135603_starea.cdf#78,tpsscs_trainable_gate,9,"8,9,10,11",,
0.001,59587522.88533778,0.0224609375,0.0009765625,1024,10240,10,10,33,conservative_topk_strict_gt,IPIX_Dartmouth,19931107_135603_starea.cdf,78,19931107_135603_starea.cdf#78,tpsscs_trainable_gate,9,"8,9,10,11",,
0.003,25422378.84833288,0.04296875,0.0029296875,1024,10240,30,30,74,conservative_topk_strict_gt,IPIX_Dartmouth,19931107_135603_starea.cdf,78,19931107_135603_starea.cdf#78,tpsscs_trainable_gate,9,"8,9,10,11",,
0.01,1962989.9557561525,0.3212890625,0.0099609375,1024,10240,102,102,526,conservative_topk_strict_gt,IPIX_Dartmouth,19931107_135603_starea.cdf,78,19931107_135603_starea.cdf#78,tpsscs_trainable_gate,9,"8,9,10,11",,
1e-05,,0.0107421875,0.0,1024,10240,0,0,88,residual_cfar_plus_zero_false_gate_union,IPIX_Dartmouth,19931107_135603_starea.cdf,78,19931107_135603_starea.cdf#78,tpsscs_finished_detector,9,"8,9,10,11",344205.4507469222,123849560.36458313
3e-05,,0.0107421875,0.0,1024,10240,0,0,88,residual_cfar_plus_zero_false_gate_union,IPIX_Dartmouth,19931107_135603_starea.cdf,78,19931107_135603_starea.cdf#78,tpsscs_finished_detector,9,"8,9,10,11",344205.4507469222,123849560.36458313
0.0001,,0.0107421875,9.765625e-05,1024,10240,1,1,121,residual_cfar_plus_zero_false_gate_union,IPIX_Dartmouth,19931107_135603_starea.cdf,78,19931107_135603_starea.cdf#78,tpsscs_finished_detector,9,"8,9,10,11",245428.21154795607,123849560.36458313
0.0003,,0.0107421875,0.00029296875,1024,10240,3,3,175,residual_cfar_plus_zero_false_gate_union,IPIX_Dartmouth,19931107_135603_starea.cdf,78,19931107_135603_starea.cdf#78,tpsscs_finished_detector,9,"8,9,10,11",149384.5627393649,123849560.36458313
0.001,,0.0107421875,0.0009765625,1024,10240,10,10,234,residual_cfar_plus_zero_false_gate_union,IPIX_Dartmouth,19931107_135603_starea.cdf,78,19931107_135603_starea.cdf#78,tpsscs_finished_detector,9,"8,9,10,11",99065.72503422013,123849560.36458313
0.003,,0.0126953125,0.0029296875,1024,10240,30,30,357,residual_cfar_plus_zero_false_gate_union,IPIX_Dartmouth,19931107_135603_starea.cdf,78,19931107_135603_starea.cdf#78,tpsscs_finished_detector,9,"8,9,10,11",52281.786957456825,123849560.36458313
0.01,,0.0185546875,0.0099609375,1024,10240,102,102,629,residual_cfar_plus_zero_false_gate_union,IPIX_Dartmouth,19931107_135603_starea.cdf,78,19931107_135603_starea.cdf#78,tpsscs_finished_detector,9,"8,9,10,11",25615.19269127833,123849560.36458313
1e-05,1265508561.055221,0.0,0.0,1024,10240,0,0,0,conservative_topk_strict_gt,IPIX_Dartmouth,19931107_135603_starea.cdf,79,19931107_135603_starea.cdf#79,raw,9,"8,9,10,11",,
3e-05,1265508561.055221,0.0,0.0,1024,10240,0,0,0,conservative_topk_strict_gt,IPIX_Dartmouth,19931107_135603_starea.cdf,79,19931107_135603_starea.cdf#79,raw,9,"8,9,10,11",,
0.0001,1060735414.6028575,0.0,9.765625e-05,1024,10240,1,1,1,conservative_topk_strict_gt,IPIX_Dartmouth,19931107_135603_starea.cdf,79,19931107_135603_starea.cdf#79,raw,9,"8,9,10,11",,
0.0003,849527042.075199,0.0,0.00029296875,1024,10240,3,3,3,conservative_topk_strict_gt,IPIX_Dartmouth,19931107_135603_starea.cdf,79,19931107_135603_starea.cdf#79,raw,9,"8,9,10,11",,
0.001,651631526.9589105,0.0,0.0009765625,1024,10240,10,10,10,conservative_topk_strict_gt,IPIX_Dartmouth,19931107_135603_starea.cdf,79,19931107_135603_starea.cdf#79,raw,9,"8,9,10,11",,
0.003,467871477.95479304,0.0,0.0029296875,1024,10240,30,30,30,conservative_topk_strict_gt,IPIX_Dartmouth,19931107_135603_starea.cdf,79,19931107_135603_starea.cdf#79,raw,9,"8,9,10,11",,
0.01,210282835.98759422,0.0,0.0099609375,1024,10240,102,102,105,conservative_topk_strict_gt,IPIX_Dartmouth,19931107_135603_starea.cdf,79,19931107_135603_starea.cdf#79,raw,9,"8,9,10,11",,
1e-05,323215.397722698,0.0029296875,0.0,1024,10240,0,0,3,conservative_topk_strict_gt,IPIX_Dartmouth,19931107_135603_starea.cdf,79,19931107_135603_starea.cdf#79,low_rank_residual_k30,9,"8,9,10,11",,
3e-05,323215.397722698,0.0029296875,0.0,1024,10240,0,0,3,conservative_topk_strict_gt,IPIX_Dartmouth,19931107_135603_starea.cdf,79,19931107_135603_starea.cdf#79,low_rank_residual_k30,9,"8,9,10,11",,
0.0001,294955.1907993098,0.00390625,9.765625e-05,1024,10240,1,1,5,conservative_topk_strict_gt,IPIX_Dartmouth,19931107_135603_starea.cdf,79,19931107_135603_starea.cdf#79,low_rank_residual_k30,9,"8,9,10,11",,
0.0003,250898.68613946647,0.00390625,0.00029296875,1024,10240,3,3,7,conservative_topk_strict_gt,IPIX_Dartmouth,19931107_135603_starea.cdf,79,19931107_135603_starea.cdf#79,low_rank_residual_k30,9,"8,9,10,11",,
0.001,173171.58498034012,0.005859375,0.0009765625,1024,10240,10,10,16,conservative_topk_strict_gt,IPIX_Dartmouth,19931107_135603_starea.cdf,79,19931107_135603_starea.cdf#79,low_rank_residual_k30,9,"8,9,10,11",,
0.003,143252.12619950343,0.0068359375,0.0029296875,1024,10240,30,30,38,conservative_topk_strict_gt,IPIX_Dartmouth,19931107_135603_starea.cdf,79,19931107_135603_starea.cdf#79,low_rank_residual_k30,9,"8,9,10,11",,
0.01,110861.31779998887,0.0087890625,0.0099609375,1024,10240,102,102,113,conservative_topk_strict_gt,IPIX_Dartmouth,19931107_135603_starea.cdf,79,19931107_135603_starea.cdf#79,low_rank_residual_k30,9,"8,9,10,11",,
1e-05,355222015.209193,0.0,0.0,1024,10240,0,0,0,conservative_topk_strict_gt,IPIX_Dartmouth,19931107_135603_starea.cdf,79,19931107_135603_starea.cdf#79,tpsscs_trainable_gate,9,"8,9,10,11",,
3e-05,355222015.209193,0.0,0.0,1024,10240,0,0,0,conservative_topk_strict_gt,IPIX_Dartmouth,19931107_135603_starea.cdf,79,19931107_135603_starea.cdf#79,tpsscs_trainable_gate,9,"8,9,10,11",,
0.0001,253058087.1950227,0.0,9.765625e-05,1024,10240,1,1,2,conservative_topk_strict_gt,IPIX_Dartmouth,19931107_135603_starea.cdf,79,19931107_135603_starea.cdf#79,tpsscs_trainable_gate,9,"8,9,10,11",,
0.0003,164648677.3971143,0.0,0.00029296875,1024,10240,3,3,9,conservative_topk_strict_gt,IPIX_Dartmouth,19931107_135603_starea.cdf,79,19931107_135603_starea.cdf#79,tpsscs_trainable_gate,9,"8,9,10,11",,
0.001,113064810.64702608,0.0,0.0009765625,1024,10240,10,10,25,conservative_topk_strict_gt,IPIX_Dartmouth,19931107_135603_starea.cdf,79,19931107_135603_starea.cdf#79,tpsscs_trainable_gate,9,"8,9,10,11",,
0.003,52333384.36654305,0.0,0.0029296875,1024,10240,30,30,62,conservative_topk_strict_gt,IPIX_Dartmouth,19931107_135603_starea.cdf,79,19931107_135603_starea.cdf#79,tpsscs_trainable_gate,9,"8,9,10,11",,
0.01,22035297.398642275,0.0,0.0099609375,1024,10240,102,102,162,conservative_topk_strict_gt,IPIX_Dartmouth,19931107_135603_starea.cdf,79,19931107_135603_starea.cdf#79,tpsscs_trainable_gate,9,"8,9,10,11",,
1e-05,,0.0029296875,0.0,1024,10240,0,0,3,residual_cfar_plus_zero_false_gate_union,IPIX_Dartmouth,19931107_135603_starea.cdf,79,19931107_135603_starea.cdf#79,tpsscs_finished_detector,9,"8,9,10,11",323215.39772269793,355222015.209193
3e-05,,0.0029296875,0.0,1024,10240,0,0,3,residual_cfar_plus_zero_false_gate_union,IPIX_Dartmouth,19931107_135603_starea.cdf,79,19931107_135603_starea.cdf#79,tpsscs_finished_detector,9,"8,9,10,11",323215.39772269793,355222015.209193
0.0001,,0.00390625,9.765625e-05,1024,10240,1,1,5,residual_cfar_plus_zero_false_gate_union,IPIX_Dartmouth,19931107_135603_starea.cdf,79,19931107_135603_starea.cdf#79,tpsscs_finished_detector,9,"8,9,10,11",294955.19079930993,355222015.209193
0.0003,,0.00390625,0.00029296875,1024,10240,3,3,7,residual_cfar_plus_zero_false_gate_union,IPIX_Dartmouth,19931107_135603_starea.cdf,79,19931107_135603_starea.cdf#79,tpsscs_finished_detector,9,"8,9,10,11",250898.68613946665,355222015.209193
0.001,,0.005859375,0.0009765625,1024,10240,10,10,16,residual_cfar_plus_zero_false_gate_union,IPIX_Dartmouth,19931107_135603_starea.cdf,79,19931107_135603_starea.cdf#79,tpsscs_finished_detector,9,"8,9,10,11",173171.58498034006,355222015.209193
0.003,,0.0068359375,0.0029296875,1024,10240,30,30,38,residual_cfar_plus_zero_false_gate_union,IPIX_Dartmouth,19931107_135603_starea.cdf,79,19931107_135603_starea.cdf#79,tpsscs_finished_detector,9,"8,9,10,11",143252.126199503,355222015.209193
0.01,,0.0087890625,0.0099609375,1024,10240,102,102,113,residual_cfar_plus_zero_false_gate_union,IPIX_Dartmouth,19931107_135603_starea.cdf,79,19931107_135603_starea.cdf#79,tpsscs_finished_detector,9,"8,9,10,11",110861.31779998943,355222015.209193
1e-05,492423436.15036064,0.0,0.0,1024,10240,0,0,0,conservative_topk_strict_gt,IPIX_Dartmouth,19931107_135603_starea.cdf,80,19931107_135603_starea.cdf#80,raw,9,"8,9,10,11",,
3e-05,492423436.15036064,0.0,0.0,1024,10240,0,0,0,conservative_topk_strict_gt,IPIX_Dartmouth,19931107_135603_starea.cdf,80,19931107_135603_starea.cdf#80,raw,9,"8,9,10,11",,
0.0001,460126332.68806887,0.0,9.765625e-05,1024,10240,1,1,1,conservative_topk_strict_gt,IPIX_Dartmouth,19931107_135603_starea.cdf,80,19931107_135603_starea.cdf#80,raw,9,"8,9,10,11",,
0.0003,438778574.1314274,0.0,0.00029296875,1024,10240,3,3,3,conservative_topk_strict_gt,IPIX_Dartmouth,19931107_135603_starea.cdf,80,19931107_135603_starea.cdf#80,raw,9,"8,9,10,11",,
0.001,371012863.85123765,0.0,0.0009765625,1024,10240,10,10,10,conservative_topk_strict_gt,IPIX_Dartmouth,19931107_135603_starea.cdf,80,19931107_135603_starea.cdf#80,raw,9,"8,9,10,11",,
0.003,258288287.92384887,0.0,0.0029296875,1024,10240,30,30,30,conservative_topk_strict_gt,IPIX_Dartmouth,19931107_135603_starea.cdf,80,19931107_135603_starea.cdf#80,raw,9,"8,9,10,11",,
0.01,154504959.88892776,0.0,0.0099609375,1024,10240,102,102,102,conservative_topk_strict_gt,IPIX_Dartmouth,19931107_135603_starea.cdf,80,19931107_135603_starea.cdf#80,raw,9,"8,9,10,11",,
1e-05,509585.09221930266,0.0,0.0,1024,10240,0,0,0,conservative_topk_strict_gt,IPIX_Dartmouth,19931107_135603_starea.cdf,80,19931107_135603_starea.cdf#80,low_rank_residual_k30,9,"8,9,10,11",,
3e-05,509585.09221930266,0.0,0.0,1024,10240,0,0,0,conservative_topk_strict_gt,IPIX_Dartmouth,19931107_135603_starea.cdf,80,19931107_135603_starea.cdf#80,low_rank_residual_k30,9,"8,9,10,11",,
0.0001,208777.826334624,0.0,9.765625e-05,1024,10240,1,1,1,conservative_topk_strict_gt,IPIX_Dartmouth,19931107_135603_starea.cdf,80,19931107_135603_starea.cdf#80,low_rank_residual_k30,9,"8,9,10,11",,
0.0003,182415.09045705188,0.0,0.00029296875,1024,10240,3,3,4,conservative_topk_strict_gt,IPIX_Dartmouth,19931107_135603_starea.cdf,80,19931107_135603_starea.cdf#80,low_rank_residual_k30,9,"8,9,10,11",,
0.001,156226.5149512044,0.0,0.0009765625,1024,10240,10,10,12,conservative_topk_strict_gt,IPIX_Dartmouth,19931107_135603_starea.cdf,80,19931107_135603_starea.cdf#80,low_rank_residual_k30,9,"8,9,10,11",,
0.003,92591.18737354373,0.0,0.0029296875,1024,10240,30,30,32,conservative_topk_strict_gt,IPIX_Dartmouth,19931107_135603_starea.cdf,80,19931107_135603_starea.cdf#80,low_rank_residual_k30,9,"8,9,10,11",,
0.01,54135.57159731843,0.0009765625,0.0099609375,1024,10240,102,102,112,conservative_topk_strict_gt,IPIX_Dartmouth,19931107_135603_starea.cdf,80,19931107_135603_starea.cdf#80,low_rank_residual_k30,9,"8,9,10,11",,
1e-05,321395144.4920774,0.0,0.0,1024,10240,0,0,0,conservative_topk_strict_gt,IPIX_Dartmouth,19931107_135603_starea.cdf,80,19931107_135603_starea.cdf#80,tpsscs_trainable_gate,9,"8,9,10,11",,
3e-05,321395144.4920774,0.0,0.0,1024,10240,0,0,0,conservative_topk_strict_gt,IPIX_Dartmouth,19931107_135603_starea.cdf,80,19931107_135603_starea.cdf#80,tpsscs_trainable_gate,9,"8,9,10,11",,
0.0001,263175707.44124368,0.0,9.765625e-05,1024,10240,1,1,1,conservative_topk_strict_gt,IPIX_Dartmouth,19931107_135603_starea.cdf,80,19931107_135603_starea.cdf#80,tpsscs_trainable_gate,9,"8,9,10,11",,
0.0003,201946911.84611034,0.0,0.00029296875,1024,10240,3,3,3,conservative_topk_strict_gt,IPIX_Dartmouth,19931107_135603_starea.cdf,80,19931107_135603_starea.cdf#80,tpsscs_trainable_gate,9,"8,9,10,11",,
0.001,123664235.46423966,0.0,0.0009765625,1024,10240,10,10,10,conservative_topk_strict_gt,IPIX_Dartmouth,19931107_135603_starea.cdf,80,19931107_135603_starea.cdf#80,tpsscs_trainable_gate,9,"8,9,10,11",,
0.003,58229725.65896382,0.0,0.0029296875,1024,10240,30,30,30,conservative_topk_strict_gt,IPIX_Dartmouth,19931107_135603_starea.cdf,80,19931107_135603_starea.cdf#80,tpsscs_trainable_gate,9,"8,9,10,11",,
0.01,20869144.8554113,0.0,0.0099609375,1024,10240,102,102,102,conservative_topk_strict_gt,IPIX_Dartmouth,19931107_135603_starea.cdf,80,19931107_135603_starea.cdf#80,tpsscs_trainable_gate,9,"8,9,10,11",,
1e-05,,0.0,0.0,1024,10240,0,0,0,residual_cfar_plus_zero_false_gate_union,IPIX_Dartmouth,19931107_135603_starea.cdf,80,19931107_135603_starea.cdf#80,tpsscs_finished_detector,9,"8,9,10,11",509585.0922193095,321395144.4920774
3e-05,,0.0,0.0,1024,10240,0,0,0,residual_cfar_plus_zero_false_gate_union,IPIX_Dartmouth,19931107_135603_starea.cdf,80,19931107_135603_starea.cdf#80,tpsscs_finished_detector,9,"8,9,10,11",509585.0922193095,321395144.4920774
0.0001,,0.0,9.765625e-05,1024,10240,1,1,1,residual_cfar_plus_zero_false_gate_union,IPIX_Dartmouth,19931107_135603_starea.cdf,80,19931107_135603_starea.cdf#80,tpsscs_finished_detector,9,"8,9,10,11",208777.82633462248,321395144.4920774
0.0003,,0.0,0.00029296875,1024,10240,3,3,4,residual_cfar_plus_zero_false_gate_union,IPIX_Dartmouth,19931107_135603_starea.cdf,80,19931107_135603_starea.cdf#80,tpsscs_finished_detector,9,"8,9,10,11",182415.09045705432,321395144.4920774
0.001,,0.0,0.0009765625,1024,10240,10,10,12,residual_cfar_plus_zero_false_gate_union,IPIX_Dartmouth,19931107_135603_starea.cdf,80,19931107_135603_starea.cdf#80,tpsscs_finished_detector,9,"8,9,10,11",156226.51495120378,321395144.4920774
0.003,,0.0,0.0029296875,1024,10240,30,30,32,residual_cfar_plus_zero_false_gate_union,IPIX_Dartmouth,19931107_135603_starea.cdf,80,19931107_135603_starea.cdf#80,tpsscs_finished_detector,9,"8,9,10,11",92591.1873735453,321395144.4920774
0.01,,0.0009765625,0.0099609375,1024,10240,102,102,112,residual_cfar_plus_zero_false_gate_union,IPIX_Dartmouth,19931107_135603_starea.cdf,80,19931107_135603_starea.cdf#80,tpsscs_finished_detector,9,"8,9,10,11",54135.571597316855,321395144.4920774
1e-05,809120868.6652758,0.0,0.0,1024,10240,0,0,0,conservative_topk_strict_gt,IPIX_Dartmouth,19931107_135603_starea.cdf,81,19931107_135603_starea.cdf#81,raw,9,"8,9,10,11",,
3e-05,809120868.6652758,0.0,0.0,1024,10240,0,0,0,conservative_topk_strict_gt,IPIX_Dartmouth,19931107_135603_starea.cdf,81,19931107_135603_starea.cdf#81,raw,9,"8,9,10,11",,
0.0001,522263352.21251357,0.0,9.765625e-05,1024,10240,1,1,1,conservative_topk_strict_gt,IPIX_Dartmouth,19931107_135603_starea.cdf,81,19931107_135603_starea.cdf#81,raw,9,"8,9,10,11",,
0.0003,392789743.11444086,0.0,0.00029296875,1024,10240,3,3,3,conservative_topk_strict_gt,IPIX_Dartmouth,19931107_135603_starea.cdf,81,19931107_135603_starea.cdf#81,raw,9,"8,9,10,11",,
0.001,321423108.7134652,0.0,0.0009765625,1024,10240,10,10,10,conservative_topk_strict_gt,IPIX_Dartmouth,19931107_135603_starea.cdf,81,19931107_135603_starea.cdf#81,raw,9,"8,9,10,11",,
0.003,230172609.19246903,0.0,0.0029296875,1024,10240,30,30,31,conservative_topk_strict_gt,IPIX_Dartmouth,19931107_135603_starea.cdf,81,19931107_135603_starea.cdf#81,raw,9,"8,9,10,11",,
0.01,135240973.5317809,0.0,0.0099609375,1024,10240,102,102,106,conservative_topk_strict_gt,IPIX_Dartmouth,19931107_135603_starea.cdf,81,19931107_135603_starea.cdf#81,raw,9,"8,9,10,11",,
1e-05,1343976.1267914064,0.0,0.0,1024,10240,0,0,0,conservative_topk_strict_gt,IPIX_Dartmouth,19931107_135603_starea.cdf,81,19931107_135603_starea.cdf#81,low_rank_residual_k30,9,"8,9,10,11",,
3e-05,1343976.1267914064,0.0,0.0,1024,10240,0,0,0,conservative_topk_strict_gt,IPIX_Dartmouth,19931107_135603_starea.cdf,81,19931107_135603_starea.cdf#81,low_rank_residual_k30,9,"8,9,10,11",,
0.0001,740633.2362774638,0.0,9.765625e-05,1024,10240,1,1,2,conservative_topk_strict_gt,IPIX_Dartmouth,19931107_135603_starea.cdf,81,19931107_135603_starea.cdf#81,low_rank_residual_k30,9,"8,9,10,11",,
0.0003,548448.0242938064,0.0,0.00029296875,1024,10240,3,3,4,conservative_topk_strict_gt,IPIX_Dartmouth,19931107_135603_starea.cdf,81,19931107_135603_starea.cdf#81,low_rank_residual_k30,9,"8,9,10,11",,
0.001,488831.92953066423,0.0,0.0009765625,1024,10240,10,10,11,conservative_topk_strict_gt,IPIX_Dartmouth,19931107_135603_starea.cdf,81,19931107_135603_starea.cdf#81,low_rank_residual_k30,9,"8,9,10,11",,
0.003,365594.1489200074,0.0,0.0029296875,1024,10240,30,30,31,conservative_topk_strict_gt,IPIX_Dartmouth,19931107_135603_starea.cdf,81,19931107_135603_starea.cdf#81,low_rank_residual_k30,9,"8,9,10,11",,
0.01,242013.69983833755,0.0009765625,0.0099609375,1024,10240,102,102,107,conservative_topk_strict_gt,IPIX_Dartmouth,19931107_135603_starea.cdf,81,19931107_135603_starea.cdf#81,low_rank_residual_k30,9,"8,9,10,11",,
1e-05,160932937.9544581,0.0,0.0,1024,10240,0,0,1,conservative_topk_strict_gt,IPIX_Dartmouth,19931107_135603_starea.cdf,81,19931107_135603_starea.cdf#81,tpsscs_trainable_gate,9,"8,9,10,11",,
3e-05,160932937.9544581,0.0,0.0,1024,10240,0,0,1,conservative_topk_strict_gt,IPIX_Dartmouth,19931107_135603_starea.cdf,81,19931107_135603_starea.cdf#81,tpsscs_trainable_gate,9,"8,9,10,11",,
0.0001,134509733.0914314,0.0,9.765625e-05,1024,10240,1,1,2,conservative_topk_strict_gt,IPIX_Dartmouth,19931107_135603_starea.cdf,81,19931107_135603_starea.cdf#81,tpsscs_trainable_gate,9,"8,9,10,11",,
0.0003,129414896.1779127,0.0,0.00029296875,1024,10240,3,3,4,conservative_topk_strict_gt,IPIX_Dartmouth,19931107_135603_starea.cdf,81,19931107_135603_starea.cdf#81,tpsscs_trainable_gate,9,"8,9,10,11",,
0.001,59036227.54743643,0.0,0.0009765625,1024,10240,10,10,12,conservative_topk_strict_gt,IPIX_Dartmouth,19931107_135603_starea.cdf,81,19931107_135603_starea.cdf#81,tpsscs_trainable_gate,9,"8,9,10,11",,
0.003,21145855.166497048,0.0,0.0029296875,1024,10240,30,30,49,conservative_topk_strict_gt,IPIX_Dartmouth,19931107_135603_starea.cdf,81,19931107_135603_starea.cdf#81,tpsscs_trainable_gate,9,"8,9,10,11",,
0.01,4500296.806402317,0.0009765625,0.0099609375,1024,10240,102,102,202,conservative_topk_strict_gt,IPIX_Dartmouth,19931107_135603_starea.cdf,81,19931107_135603_starea.cdf#81,tpsscs_trainable_gate,9,"8,9,10,11",,
1e-05,,0.0,0.0,1024,10240,0,0,1,residual_cfar_plus_zero_false_gate_union,IPIX_Dartmouth,19931107_135603_starea.cdf,81,19931107_135603_starea.cdf#81,tpsscs_finished_detector,9,"8,9,10,11",1343976.126791405,160932937.9544581
3e-05,,0.0,0.0,1024,10240,0,0,1,residual_cfar_plus_zero_false_gate_union,IPIX_Dartmouth,19931107_135603_starea.cdf,81,19931107_135603_starea.cdf#81,tpsscs_finished_detector,9,"8,9,10,11",1343976.126791405,160932937.9544581
0.0001,,0.0,9.765625e-05,1024,10240,1,1,3,residual_cfar_plus_zero_false_gate_union,IPIX_Dartmouth,19931107_135603_starea.cdf,81,19931107_135603_starea.cdf#81,tpsscs_finished_detector,9,"8,9,10,11",740633.2362774685,160932937.9544581
0.0003,,0.0,0.00029296875,1024,10240,3,3,5,residual_cfar_plus_zero_false_gate_union,IPIX_Dartmouth,19931107_135603_starea.cdf,81,19931107_135603_starea.cdf#81,tpsscs_finished_detector,9,"8,9,10,11",548448.0242938054,160932937.9544581
0.001,,0.0,0.0009765625,1024,10240,10,10,12,residual_cfar_plus_zero_false_gate_union,IPIX_Dartmouth,19931107_135603_starea.cdf,81,19931107_135603_starea.cdf#81,tpsscs_finished_detector,9,"8,9,10,11",488831.9295306655,160932937.9544581
0.003,,0.0,0.0029296875,1024,10240,30,30,32,residual_cfar_plus_zero_false_gate_union,IPIX_Dartmouth,19931107_135603_starea.cdf,81,19931107_135603_starea.cdf#81,tpsscs_finished_detector,9,"8,9,10,11",365594.1489200068,160932937.9544581
0.01,,0.0009765625,0.0099609375,1024,10240,102,102,108,residual_cfar_plus_zero_false_gate_union,IPIX_Dartmouth,19931107_135603_starea.cdf,81,19931107_135603_starea.cdf#81,tpsscs_finished_detector,9,"8,9,10,11",242013.69983833958,160932937.9544581
1e-05,448603776.40892756,0.0,0.0,1024,10240,0,0,0,conservative_topk_strict_gt,IPIX_Dartmouth,19931107_135603_starea.cdf,82,19931107_135603_starea.cdf#82,raw,9,"8,9,10,11",,
3e-05,448603776.40892756,0.0,0.0,1024,10240,0,0,0,conservative_topk_strict_gt,IPIX_Dartmouth,19931107_135603_starea.cdf,82,19931107_135603_starea.cdf#82,raw,9,"8,9,10,11",,
0.0001,430994878.6451404,0.0,9.765625e-05,1024,10240,1,1,1,conservative_topk_strict_gt,IPIX_Dartmouth,19931107_135603_starea.cdf,82,19931107_135603_starea.cdf#82,raw,9,"8,9,10,11",,
0.0003,398276689.5181946,0.0,0.00029296875,1024,10240,3,3,5,conservative_topk_strict_gt,IPIX_Dartmouth,19931107_135603_starea.cdf,82,19931107_135603_starea.cdf#82,raw,9,"8,9,10,11",,
0.001,330858642.93363947,0.0009765625,0.0009765625,1024,10240,10,10,16,conservative_topk_strict_gt,IPIX_Dartmouth,19931107_135603_starea.cdf,82,19931107_135603_starea.cdf#82,raw,9,"8,9,10,11",,
0.003,216089827.19716346,0.0009765625,0.0029296875,1024,10240,30,30,48,conservative_topk_strict_gt,IPIX_Dartmouth,19931107_135603_starea.cdf,82,19931107_135603_starea.cdf#82,raw,9,"8,9,10,11",,
0.01,110694661.83657165,0.01171875,0.0099609375,1024,10240,102,102,165,conservative_topk_strict_gt,IPIX_Dartmouth,19931107_135603_starea.cdf,82,19931107_135603_starea.cdf#82,raw,9,"8,9,10,11",,
1e-05,1691915.830599715,0.0,0.0,1024,10240,0,0,0,conservative_topk_strict_gt,IPIX_Dartmouth,19931107_135603_starea.cdf,82,19931107_135603_starea.cdf#82,low_rank_residual_k30,9,"8,9,10,11",,
3e-05,1691915.830599715,0.0,0.0,1024,10240,0,0,0,conservative_topk_strict_gt,IPIX_Dartmouth,19931107_135603_starea.cdf,82,19931107_135603_starea.cdf#82,low_rank_residual_k30,9,"8,9,10,11",,
0.0001,1675785.3844586902,0.0,9.765625e-05,1024,10240,1,1,1,conservative_topk_strict_gt,IPIX_Dartmouth,19931107_135603_starea.cdf,82,19931107_135603_starea.cdf#82,low_rank_residual_k30,9,"8,9,10,11",,
0.0003,791282.2770406008,0.0,0.00029296875,1024,10240,3,3,4,conservative_topk_strict_gt,IPIX_Dartmouth,19931107_135603_starea.cdf,82,19931107_135603_starea.cdf#82,low_rank_residual_k30,9,"8,9,10,11",,
0.001,537165.7820900724,0.0,0.0009765625,1024,10240,10,10,11,conservative_topk_strict_gt,IPIX_Dartmouth,19931107_135603_starea.cdf,82,19931107_135603_starea.cdf#82,low_rank_residual_k30,9,"8,9,10,11",,
0.003,262710.2693626437,0.0,0.0029296875,1024,10240,30,30,32,conservative_topk_strict_gt,IPIX_Dartmouth,19931107_135603_starea.cdf,82,19931107_135603_starea.cdf#82,low_rank_residual_k30,9,"8,9,10,11",,
0.01,100063.26732954543,0.0,0.0099609375,1024,10240,102,102,113,conservative_topk_strict_gt,IPIX_Dartmouth,19931107_135603_starea.cdf,82,19931107_135603_starea.cdf#82,low_rank_residual_k30,9,"8,9,10,11",,
1e-05,155736631.47953147,0.001953125,0.0,1024,10240,0,0,2,conservative_topk_strict_gt,IPIX_Dartmouth,19931107_135603_starea.cdf,82,19931107_135603_starea.cdf#82,tpsscs_trainable_gate,9,"8,9,10,11",,
3e-05,155736631.47953147,0.001953125,0.0,1024,10240,0,0,2,conservative_topk_strict_gt,IPIX_Dartmouth,19931107_135603_starea.cdf,82,19931107_135603_starea.cdf#82,tpsscs_trainable_gate,9,"8,9,10,11",,
0.0001,135162548.818295,0.0029296875,9.765625e-05,1024,10240,1,1,6,conservative_topk_strict_gt,IPIX_Dartmouth,19931107_135603_starea.cdf,82,19931107_135603_starea.cdf#82,tpsscs_trainable_gate,9,"8,9,10,11",,
0.0003,103392344.62586541,0.00390625,0.00029296875,1024,10240,3,3,10,conservative_topk_strict_gt,IPIX_Dartmouth,19931107_135603_starea.cdf,82,19931107_135603_starea.cdf#82,tpsscs_trainable_gate,9,"8,9,10,11",,
0.001,38403817.26629493,0.0126953125,0.0009765625,1024,10240,10,10,33,conservative_topk_strict_gt,IPIX_Dartmouth,19931107_135603_starea.cdf,82,19931107_135603_starea.cdf#82,tpsscs_trainable_gate,9,"8,9,10,11",,
0.003,15519051.44804466,0.0234375,0.0029296875,1024,10240,30,30,106,conservative_topk_strict_gt,IPIX_Dartmouth,19931107_135603_starea.cdf,82,19931107_135603_starea.cdf#82,tpsscs_trainable_gate,9,"8,9,10,11",,
0.01,2729168.2189402087,0.0458984375,0.0099609375,1024,10240,102,102,331,conservative_topk_strict_gt,IPIX_Dartmouth,19931107_135603_starea.cdf,82,19931107_135603_starea.cdf#82,tpsscs_trainable_gate,9,"8,9,10,11",,
1e-05,,0.001953125,0.0,1024,10240,0,0,2,residual_cfar_plus_zero_false_gate_union,IPIX_Dartmouth,19931107_135603_starea.cdf,82,19931107_135603_starea.cdf#82,tpsscs_finished_detector,9,"8,9,10,11",1691915.8305997218,155736631.47953147
3e-05,,0.001953125,0.0,1024,10240,0,0,2,residual_cfar_plus_zero_false_gate_union,IPIX_Dartmouth,19931107_135603_starea.cdf,82,19931107_135603_starea.cdf#82,tpsscs_finished_detector,9,"8,9,10,11",1691915.8305997218,155736631.47953147
0.0001,,0.001953125,9.765625e-05,1024,10240,1,1,3,residual_cfar_plus_zero_false_gate_union,IPIX_Dartmouth,19931107_135603_starea.cdf,82,19931107_135603_starea.cdf#82,tpsscs_finished_detector,9,"8,9,10,11",1675785.3844586976,155736631.47953147
0.0003,,0.001953125,0.00029296875,1024,10240,3,3,6,residual_cfar_plus_zero_false_gate_union,IPIX_Dartmouth,19931107_135603_starea.cdf,82,19931107_135603_starea.cdf#82,tpsscs_finished_detector,9,"8,9,10,11",791282.2770406012,155736631.47953147
0.001,,0.001953125,0.0009765625,1024,10240,10,10,13,residual_cfar_plus_zero_false_gate_union,IPIX_Dartmouth,19931107_135603_starea.cdf,82,19931107_135603_starea.cdf#82,tpsscs_finished_detector,9,"8,9,10,11",537165.7820900698,155736631.47953147
0.003,,0.001953125,0.0029296875,1024,10240,30,30,34,residual_cfar_plus_zero_false_gate_union,IPIX_Dartmouth,19931107_135603_starea.cdf,82,19931107_135603_starea.cdf#82,tpsscs_finished_detector,9,"8,9,10,11",262710.26936264604,155736631.47953147
0.01,,0.001953125,0.0099609375,1024,10240,102,102,115,residual_cfar_plus_zero_false_gate_union,IPIX_Dartmouth,19931107_135603_starea.cdf,82,19931107_135603_starea.cdf#82,tpsscs_finished_detector,9,"8,9,10,11",100063.2673295459,155736631.47953147
1e-05,325490274.3174938,0.005859375,0.0,1024,10240,0,0,37,conservative_topk_strict_gt,IPIX_Dartmouth,19931107_135603_starea.cdf,83,19931107_135603_starea.cdf#83,raw,9,"8,9,10,11",,
3e-05,325490274.3174938,0.005859375,0.0,1024,10240,0,0,37,conservative_topk_strict_gt,IPIX_Dartmouth,19931107_135603_starea.cdf,83,19931107_135603_starea.cdf#83,raw,9,"8,9,10,11",,
0.0001,300912601.1136759,0.005859375,9.765625e-05,1024,10240,1,1,43,conservative_topk_strict_gt,IPIX_Dartmouth,19931107_135603_starea.cdf,83,19931107_135603_starea.cdf#83,raw,9,"8,9,10,11",,
0.0003,267593501.80724382,0.0078125,0.00029296875,1024,10240,3,3,50,conservative_topk_strict_gt,IPIX_Dartmouth,19931107_135603_starea.cdf,83,19931107_135603_starea.cdf#83,raw,9,"8,9,10,11",,
0.001,167688757.2740798,0.0244140625,0.0009765625,1024,10240,10,10,107,conservative_topk_strict_gt,IPIX_Dartmouth,19931107_135603_starea.cdf,83,19931107_135603_starea.cdf#83,raw,9,"8,9,10,11",,
0.003,106499855.17066634,0.037109375,0.0029296875,1024,10240,30,30,189,conservative_topk_strict_gt,IPIX_Dartmouth,19931107_135603_starea.cdf,83,19931107_135603_starea.cdf#83,raw,9,"8,9,10,11",,
0.01,54773265.781840116,0.0634765625,0.0099609375,1024,10240,102,102,378,conservative_topk_strict_gt,IPIX_Dartmouth,19931107_135603_starea.cdf,83,19931107_135603_starea.cdf#83,raw,9,"8,9,10,11",,
1e-05,75746.26258796286,0.0,0.0,1024,10240,0,0,0,conservative_topk_strict_gt,IPIX_Dartmouth,19931107_135603_starea.cdf,83,19931107_135603_starea.cdf#83,low_rank_residual_k30,9,"8,9,10,11",,
3e-05,75746.26258796286,0.0,0.0,1024,10240,0,0,0,conservative_topk_strict_gt,IPIX_Dartmouth,19931107_135603_starea.cdf,83,19931107_135603_starea.cdf#83,low_rank_residual_k30,9,"8,9,10,11",,
0.0001,51823.85646098295,0.0,9.765625e-05,1024,10240,1,1,1,conservative_topk_strict_gt,IPIX_Dartmouth,19931107_135603_starea.cdf,83,19931107_135603_starea.cdf#83,low_rank_residual_k30,9,"8,9,10,11",,
0.0003,42731.94929770411,0.0,0.00029296875,1024,10240,3,3,3,conservative_topk_strict_gt,IPIX_Dartmouth,19931107_135603_starea.cdf,83,19931107_135603_starea.cdf#83,low_rank_residual_k30,9,"8,9,10,11",,
0.001,34065.19370829113,0.0,0.0009765625,1024,10240,10,10,10,conservative_topk_strict_gt,IPIX_Dartmouth,19931107_135603_starea.cdf,83,19931107_135603_starea.cdf#83,low_rank_residual_k30,9,"8,9,10,11",,
0.003,27867.28550582616,0.0,0.0029296875,1024,10240,30,30,30,conservative_topk_strict_gt,IPIX_Dartmouth,19931107_135603_starea.cdf,83,19931107_135603_starea.cdf#83,low_rank_residual_k30,9,"8,9,10,11",,
0.01,17761.158756521716,0.0,0.0099609375,1024,10240,102,102,103,conservative_topk_strict_gt,IPIX_Dartmouth,19931107_135603_starea.cdf,83,19931107_135603_starea.cdf#83,low_rank_residual_k30,9,"8,9,10,11",,
1e-05,325487636.1013811,0.0,0.0,1024,10240,0,0,5,conservative_topk_strict_gt,IPIX_Dartmouth,19931107_135603_starea.cdf,83,19931107_135603_starea.cdf#83,tpsscs_trainable_gate,9,"8,9,10,11",,
3e-05,325487636.1013811,0.0,0.0,1024,10240,0,0,5,conservative_topk_strict_gt,IPIX_Dartmouth,19931107_135603_starea.cdf,83,19931107_135603_starea.cdf#83,tpsscs_trainable_gate,9,"8,9,10,11",,
0.0001,300421272.11201036,0.0,9.765625e-05,1024,10240,1,1,9,conservative_topk_strict_gt,IPIX_Dartmouth,19931107_135603_starea.cdf,83,19931107_135603_starea.cdf#83,tpsscs_trainable_gate,9,"8,9,10,11",,
0.0003,210387222.70877507,0.0,0.00029296875,1024,10240,3,3,13,conservative_topk_strict_gt,IPIX_Dartmouth,19931107_135603_starea.cdf,83,19931107_135603_starea.cdf#83,tpsscs_trainable_gate,9,"8,9,10,11",,
0.001,151919735.33079123,0.0,0.0009765625,1024,10240,10,10,27,conservative_topk_strict_gt,IPIX_Dartmouth,19931107_135603_starea.cdf,83,19931107_135603_starea.cdf#83,tpsscs_trainable_gate,9,"8,9,10,11",,
0.003,76120890.92711505,0.0,0.0029296875,1024,10240,30,30,60,conservative_topk_strict_gt,IPIX_Dartmouth,19931107_135603_starea.cdf,83,19931107_135603_starea.cdf#83,tpsscs_trainable_gate,9,"8,9,10,11",,
0.01,31755769.8551331,0.0,0.0099609375,1024,10240,102,102,154,conservative_topk_strict_gt,IPIX_Dartmouth,19931107_135603_starea.cdf,83,19931107_135603_starea.cdf#83,tpsscs_trainable_gate,9,"8,9,10,11",,
1e-05,,0.0,0.0,1024,10240,0,0,5,residual_cfar_plus_zero_false_gate_union,IPIX_Dartmouth,19931107_135603_starea.cdf,83,19931107_135603_starea.cdf#83,tpsscs_finished_detector,9,"8,9,10,11",75746.2625879635,325487636.1013811
3e-05,,0.0,0.0,1024,10240,0,0,5,residual_cfar_plus_zero_false_gate_union,IPIX_Dartmouth,19931107_135603_starea.cdf,83,19931107_135603_starea.cdf#83,tpsscs_finished_detector,9,"8,9,10,11",75746.2625879635,325487636.1013811
0.0001,,0.0,9.765625e-05,1024,10240,1,1,6,residual_cfar_plus_zero_false_gate_union,IPIX_Dartmouth,19931107_135603_starea.cdf,83,19931107_135603_starea.cdf#83,tpsscs_finished_detector,9,"8,9,10,11",51823.85646098264,325487636.1013811
0.0003,,0.0,0.00029296875,1024,10240,3,3,8,residual_cfar_plus_zero_false_gate_union,IPIX_Dartmouth,19931107_135603_starea.cdf,83,19931107_135603_starea.cdf#83,tpsscs_finished_detector,9,"8,9,10,11",42731.94929770339,325487636.1013811
0.001,,0.0,0.0009765625,1024,10240,10,10,15,residual_cfar_plus_zero_false_gate_union,IPIX_Dartmouth,19931107_135603_starea.cdf,83,19931107_135603_starea.cdf#83,tpsscs_finished_detector,9,"8,9,10,11",34065.19370829097,325487636.1013811
0.003,,0.0,0.0029296875,1024,10240,30,30,35,residual_cfar_plus_zero_false_gate_union,IPIX_Dartmouth,19931107_135603_starea.cdf,83,19931107_135603_starea.cdf#83,tpsscs_finished_detector,9,"8,9,10,11",27867.285505825883,325487636.1013811
0.01,,0.0,0.0099609375,1024,10240,102,102,108,residual_cfar_plus_zero_false_gate_union,IPIX_Dartmouth,19931107_135603_starea.cdf,83,19931107_135603_starea.cdf#83,tpsscs_finished_detector,9,"8,9,10,11",17761.15875652176,325487636.1013811
1e-05,812026899.381356,0.00390625,0.0,1024,10240,0,0,10,conservative_topk_strict_gt,IPIX_Dartmouth,19931107_135603_starea.cdf,84,19931107_135603_starea.cdf#84,raw,9,"8,9,10,11",,
3e-05,812026899.381356,0.00390625,0.0,1024,10240,0,0,10,conservative_topk_strict_gt,IPIX_Dartmouth,19931107_135603_starea.cdf,84,19931107_135603_starea.cdf#84,raw,9,"8,9,10,11",,
0.0001,534434195.08080554,0.0146484375,9.765625e-05,1024,10240,1,1,35,conservative_topk_strict_gt,IPIX_Dartmouth,19931107_135603_starea.cdf,84,19931107_135603_starea.cdf#84,raw,9,"8,9,10,11",,
0.0003,333754855.75598884,0.0224609375,0.00029296875,1024,10240,3,3,75,conservative_topk_strict_gt,IPIX_Dartmouth,19931107_135603_starea.cdf,84,19931107_135603_starea.cdf#84,raw,9,"8,9,10,11",,
0.001,270492242.76547956,0.0263671875,0.0009765625,1024,10240,10,10,99,conservative_topk_strict_gt,IPIX_Dartmouth,19931107_135603_starea.cdf,84,19931107_135603_starea.cdf#84,raw,9,"8,9,10,11",,
0.003,166186465.02208173,0.0537109375,0.0029296875,1024,10240,30,30,196,conservative_topk_strict_gt,IPIX_Dartmouth,19931107_135603_starea.cdf,84,19931107_135603_starea.cdf#84,raw,9,"8,9,10,11",,
0.01,67617566.70254262,0.1015625,0.0099609375,1024,10240,102,102,457,conservative_topk_strict_gt,IPIX_Dartmouth,19931107_135603_starea.cdf,84,19931107_135603_starea.cdf#84,raw,9,"8,9,10,11",,
1e-05,201661.70982712886,0.0,0.0,1024,10240,0,0,0,conservative_topk_strict_gt,IPIX_Dartmouth,19931107_135603_starea.cdf,84,19931107_135603_starea.cdf#84,low_rank_residual_k30,9,"8,9,10,11",,
3e-05,201661.70982712886,0.0,0.0,1024,10240,0,0,0,conservative_topk_strict_gt,IPIX_Dartmouth,19931107_135603_starea.cdf,84,19931107_135603_starea.cdf#84,low_rank_residual_k30,9,"8,9,10,11",,
0.0001,175057.48536691244,0.0,9.765625e-05,1024,10240,1,1,1,conservative_topk_strict_gt,IPIX_Dartmouth,19931107_135603_starea.cdf,84,19931107_135603_starea.cdf#84,low_rank_residual_k30,9,"8,9,10,11",,
0.0003,133820.22655510987,0.0,0.00029296875,1024,10240,3,3,3,conservative_topk_strict_gt,IPIX_Dartmouth,19931107_135603_starea.cdf,84,19931107_135603_starea.cdf#84,low_rank_residual_k30,9,"8,9,10,11",,
0.001,101208.39477084413,0.0,0.0009765625,1024,10240,10,10,10,conservative_topk_strict_gt,IPIX_Dartmouth,19931107_135603_starea.cdf,84,19931107_135603_starea.cdf#84,low_rank_residual_k30,9,"8,9,10,11",,
0.003,64668.90096262112,0.0,0.0029296875,1024,10240,30,30,30,conservative_topk_strict_gt,IPIX_Dartmouth,19931107_135603_starea.cdf,84,19931107_135603_starea.cdf#84,low_rank_residual_k30,9,"8,9,10,11",,
0.01,30235.7224162216,0.0,0.0099609375,1024,10240,102,102,102,conservative_topk_strict_gt,IPIX_Dartmouth,19931107_135603_starea.cdf,84,19931107_135603_starea.cdf#84,low_rank_residual_k30,9,"8,9,10,11",,
1e-05,811997666.9481938,0.0,0.0,1024,10240,0,0,0,conservative_topk_strict_gt,IPIX_Dartmouth,19931107_135603_starea.cdf,84,19931107_135603_starea.cdf#84,tpsscs_trainable_gate,9,"8,9,10,11",,
3e-05,811997666.9481938,0.0,0.0,1024,10240,0,0,0,conservative_topk_strict_gt,IPIX_Dartmouth,19931107_135603_starea.cdf,84,19931107_135603_starea.cdf#84,tpsscs_trainable_gate,9,"8,9,10,11",,
0.0001,347835364.2310448,0.0,9.765625e-05,1024,10240,1,1,2,conservative_topk_strict_gt,IPIX_Dartmouth,19931107_135603_starea.cdf,84,19931107_135603_starea.cdf#84,tpsscs_trainable_gate,9,"8,9,10,11",,
0.0003,302778216.3702409,0.0,0.00029296875,1024,10240,3,3,5,conservative_topk_strict_gt,IPIX_Dartmouth,19931107_135603_starea.cdf,84,19931107_135603_starea.cdf#84,tpsscs_trainable_gate,9,"8,9,10,11",,
0.001,242994351.37733594,0.0,0.0009765625,1024,10240,10,10,13,conservative_topk_strict_gt,IPIX_Dartmouth,19931107_135603_starea.cdf,84,19931107_135603_starea.cdf#84,tpsscs_trainable_gate,9,"8,9,10,11",,
0.003,88584304.19327869,0.0,0.0029296875,1024,10240,30,30,38,conservative_topk_strict_gt,IPIX_Dartmouth,19931107_135603_starea.cdf,84,19931107_135603_starea.cdf#84,tpsscs_trainable_gate,9,"8,9,10,11",,
0.01,28045414.93809172,0.0,0.0099609375,1024,10240,102,102,118,conservative_topk_strict_gt,IPIX_Dartmouth,19931107_135603_starea.cdf,84,19931107_135603_starea.cdf#84,tpsscs_trainable_gate,9,"8,9,10,11",,
1e-05,,0.0,0.0,1024,10240,0,0,0,residual_cfar_plus_zero_false_gate_union,IPIX_Dartmouth,19931107_135603_starea.cdf,84,19931107_135603_starea.cdf#84,tpsscs_finished_detector,9,"8,9,10,11",201661.70982713107,811997666.9481938
3e-05,,0.0,0.0,1024,10240,0,0,0,residual_cfar_plus_zero_false_gate_union,IPIX_Dartmouth,19931107_135603_starea.cdf,84,19931107_135603_starea.cdf#84,tpsscs_finished_detector,9,"8,9,10,11",201661.70982713107,811997666.9481938
0.0001,,0.0,9.765625e-05,1024,10240,1,1,1,residual_cfar_plus_zero_false_gate_union,IPIX_Dartmouth,19931107_135603_starea.cdf,84,19931107_135603_starea.cdf#84,tpsscs_finished_detector,9,"8,9,10,11",175057.4853669128,811997666.9481938
0.0003,,0.0,0.00029296875,1024,10240,3,3,3,residual_cfar_plus_zero_false_gate_union,IPIX_Dartmouth,19931107_135603_starea.cdf,84,19931107_135603_starea.cdf#84,tpsscs_finished_detector,9,"8,9,10,11",133820.22655511077,811997666.9481938
0.001,,0.0,0.0009765625,1024,10240,10,10,10,residual_cfar_plus_zero_false_gate_union,IPIX_Dartmouth,19931107_135603_starea.cdf,84,19931107_135603_starea.cdf#84,tpsscs_finished_detector,9,"8,9,10,11",101208.39477084354,811997666.9481938
0.003,,0.0,0.0029296875,1024,10240,30,30,30,residual_cfar_plus_zero_false_gate_union,IPIX_Dartmouth,19931107_135603_starea.cdf,84,19931107_135603_starea.cdf#84,tpsscs_finished_detector,9,"8,9,10,11",64668.90096262215,811997666.9481938
0.01,,0.0,0.0099609375,1024,10240,102,102,102,residual_cfar_plus_zero_false_gate_union,IPIX_Dartmouth,19931107_135603_starea.cdf,84,19931107_135603_starea.cdf#84,tpsscs_finished_detector,9,"8,9,10,11",30235.72241622155,811997666.9481938
1e-05,699566033.216697,0.0048828125,0.0,1024,10240,0,0,20,conservative_topk_strict_gt,IPIX_Dartmouth,19931107_135603_starea.cdf,85,19931107_135603_starea.cdf#85,raw,9,"8,9,10,11",,
3e-05,699566033.216697,0.0048828125,0.0,1024,10240,0,0,20,conservative_topk_strict_gt,IPIX_Dartmouth,19931107_135603_starea.cdf,85,19931107_135603_starea.cdf#85,raw,9,"8,9,10,11",,
0.0001,535443501.28481025,0.005859375,9.765625e-05,1024,10240,1,1,22,conservative_topk_strict_gt,IPIX_Dartmouth,19931107_135603_starea.cdf,85,19931107_135603_starea.cdf#85,raw,9,"8,9,10,11",,
0.0003,459324571.8875183,0.0078125,0.00029296875,1024,10240,3,3,31,conservative_topk_strict_gt,IPIX_Dartmouth,19931107_135603_starea.cdf,85,19931107_135603_starea.cdf#85,raw,9,"8,9,10,11",,
0.001,235192249.9834006,0.009765625,0.0009765625,1024,10240,10,10,70,conservative_topk_strict_gt,IPIX_Dartmouth,19931107_135603_starea.cdf,85,19931107_135603_starea.cdf#85,raw,9,"8,9,10,11",,
0.003,173067561.49385822,0.0146484375,0.0029296875,1024,10240,30,30,118,conservative_topk_strict_gt,IPIX_Dartmouth,19931107_135603_starea.cdf,85,19931107_135603_starea.cdf#85,raw,9,"8,9,10,11",,
0.01,91476549.49129091,0.03125,0.0099609375,1024,10240,102,102,308,conservative_topk_strict_gt,IPIX_Dartmouth,19931107_135603_starea.cdf,85,19931107_135603_starea.cdf#85,raw,9,"8,9,10,11",,
1e-05,604518.4929852457,0.0,0.0,1024,10240,0,0,0,conservative_topk_strict_gt,IPIX_Dartmouth,19931107_135603_starea.cdf,85,19931107_135603_starea.cdf#85,low_rank_residual_k30,9,"8,9,10,11",,
3e-05,604518.4929852457,0.0,0.0,1024,10240,0,0,0,conservative_topk_strict_gt,IPIX_Dartmouth,19931107_135603_starea.cdf,85,19931107_135603_starea.cdf#85,low_rank_residual_k30,9,"8,9,10,11",,
0.0001,599185.3425385142,0.0,9.765625e-05,1024,10240,1,1,1,conservative_topk_strict_gt,IPIX_Dartmouth,19931107_135603_starea.cdf,85,19931107_135603_starea.cdf#85,low_rank_residual_k30,9,"8,9,10,11",,
0.0003,576647.2770097847,0.0,0.00029296875,1024,10240,3,3,3,conservative_topk_strict_gt,IPIX_Dartmouth,19931107_135603_starea.cdf,85,19931107_135603_starea.cdf#85,low_rank_residual_k30,9,"8,9,10,11",,
0.001,550427.4009199624,0.0,0.0009765625,1024,10240,10,10,10,conservative_topk_strict_gt,IPIX_Dartmouth,19931107_135603_starea.cdf,85,19931107_135603_starea.cdf#85,low_rank_residual_k30,9,"8,9,10,11",,
0.003,456490.24905130715,0.0,0.0029296875,1024,10240,30,30,30,conservative_topk_strict_gt,IPIX_Dartmouth,19931107_135603_starea.cdf,85,19931107_135603_starea.cdf#85,low_rank_residual_k30,9,"8,9,10,11",,
0.01,325500.93949311815,0.0,0.0099609375,1024,10240,102,102,102,conservative_topk_strict_gt,IPIX_Dartmouth,19931107_135603_starea.cdf,85,19931107_135603_starea.cdf#85,low_rank_residual_k30,9,"8,9,10,11",,
1e-05,205872985.64413205,0.0,0.0,1024,10240,0,0,0,conservative_topk_strict_gt,IPIX_Dartmouth,19931107_135603_starea.cdf,85,19931107_135603_starea.cdf#85,tpsscs_trainable_gate,9,"8,9,10,11",,
3e-05,205872985.64413205,0.0,0.0,1024,10240,0,0,0,conservative_topk_strict_gt,IPIX_Dartmouth,19931107_135603_starea.cdf,85,19931107_135603_starea.cdf#85,tpsscs_trainable_gate,9,"8,9,10,11",,
0.0001,170797128.37744465,0.0,9.765625e-05,1024,10240,1,1,1,conservative_topk_strict_gt,IPIX_Dartmouth,19931107_135603_starea.cdf,85,19931107_135603_starea.cdf#85,tpsscs_trainable_gate,9,"8,9,10,11",,
0.0003,140085462.47288528,0.0,0.00029296875,1024,10240,3,3,3,conservative_topk_strict_gt,IPIX_Dartmouth,19931107_135603_starea.cdf,85,19931107_135603_starea.cdf#85,tpsscs_trainable_gate,9,"8,9,10,11",,
0.001,98008471.96042143,0.0,0.0009765625,1024,10240,10,10,10,conservative_topk_strict_gt,IPIX_Dartmouth,19931107_135603_starea.cdf,85,19931107_135603_starea.cdf#85,tpsscs_trainable_gate,9,"8,9,10,11",,
0.003,62942121.2755261,0.0,0.0029296875,1024,10240,30,30,30,conservative_topk_strict_gt,IPIX_Dartmouth,19931107_135603_starea.cdf,85,19931107_135603_starea.cdf#85,tpsscs_trainable_gate,9,"8,9,10,11",,
0.01,27344782.01283461,0.0,0.0099609375,1024,10240,102,102,103,conservative_topk_strict_gt,IPIX_Dartmouth,19931107_135603_starea.cdf,85,19931107_135603_starea.cdf#85,tpsscs_trainable_gate,9,"8,9,10,11",,
1e-05,,0.0,0.0,1024,10240,0,0,0,residual_cfar_plus_zero_false_gate_union,IPIX_Dartmouth,19931107_135603_starea.cdf,85,19931107_135603_starea.cdf#85,tpsscs_finished_detector,9,"8,9,10,11",604518.492985243,205872985.64413205
3e-05,,0.0,0.0,1024,10240,0,0,0,residual_cfar_plus_zero_false_gate_union,IPIX_Dartmouth,19931107_135603_starea.cdf,85,19931107_135603_starea.cdf#85,tpsscs_finished_detector,9,"8,9,10,11",604518.492985243,205872985.64413205
0.0001,,0.0,9.765625e-05,1024,10240,1,1,1,residual_cfar_plus_zero_false_gate_union,IPIX_Dartmouth,19931107_135603_starea.cdf,85,19931107_135603_starea.cdf#85,tpsscs_finished_detector,9,"8,9,10,11",599185.3425385151,205872985.64413205
0.0003,,0.0,0.00029296875,1024,10240,3,3,3,residual_cfar_plus_zero_false_gate_union,IPIX_Dartmouth,19931107_135603_starea.cdf,85,19931107_135603_starea.cdf#85,tpsscs_finished_detector,9,"8,9,10,11",576647.277009784,205872985.64413205
0.001,,0.0,0.0009765625,1024,10240,10,10,10,residual_cfar_plus_zero_false_gate_union,IPIX_Dartmouth,19931107_135603_starea.cdf,85,19931107_135603_starea.cdf#85,tpsscs_finished_detector,9,"8,9,10,11",550427.4009199627,205872985.64413205
0.003,,0.0,0.0029296875,1024,10240,30,30,30,residual_cfar_plus_zero_false_gate_union,IPIX_Dartmouth,19931107_135603_starea.cdf,85,19931107_135603_starea.cdf#85,tpsscs_finished_detector,9,"8,9,10,11",456490.24905130867,205872985.64413205
0.01,,0.0,0.0099609375,1024,10240,102,102,102,residual_cfar_plus_zero_false_gate_union,IPIX_Dartmouth,19931107_135603_starea.cdf,85,19931107_135603_starea.cdf#85,tpsscs_finished_detector,9,"8,9,10,11",325500.93949311826,205872985.64413205
1e-05,706007554.8722292,0.005859375,0.0,1024,10240,0,0,44,conservative_topk_strict_gt,IPIX_Dartmouth,19931107_135603_starea.cdf,86,19931107_135603_starea.cdf#86,raw,9,"8,9,10,11",,
3e-05,706007554.8722292,0.005859375,0.0,1024,10240,0,0,44,conservative_topk_strict_gt,IPIX_Dartmouth,19931107_135603_starea.cdf,86,19931107_135603_starea.cdf#86,raw,9,"8,9,10,11",,
0.0001,478387680.2988289,0.009765625,9.765625e-05,1024,10240,1,1,54,conservative_topk_strict_gt,IPIX_Dartmouth,19931107_135603_starea.cdf,86,19931107_135603_starea.cdf#86,raw,9,"8,9,10,11",,
0.0003,415446561.82721364,0.009765625,0.00029296875,1024,10240,3,3,57,conservative_topk_strict_gt,IPIX_Dartmouth,19931107_135603_starea.cdf,86,19931107_135603_starea.cdf#86,raw,9,"8,9,10,11",,
0.001,362467411.41034025,0.0126953125,0.0009765625,1024,10240,10,10,69,conservative_topk_strict_gt,IPIX_Dartmouth,19931107_135603_starea.cdf,86,19931107_135603_starea.cdf#86,raw,9,"8,9,10,11",,
0.003,257452233.0738212,0.0146484375,0.0029296875,1024,10240,30,30,97,conservative_topk_strict_gt,IPIX_Dartmouth,19931107_135603_starea.cdf,86,19931107_135603_starea.cdf#86,raw,9,"8,9,10,11",,
0.01,151092006.80078894,0.0205078125,0.0099609375,1024,10240,102,102,200,conservative_topk_strict_gt,IPIX_Dartmouth,19931107_135603_starea.cdf,86,19931107_135603_starea.cdf#86,raw,9,"8,9,10,11",,
1e-05,1677414.3084520916,0.0,0.0,1024,10240,0,0,0,conservative_topk_strict_gt,IPIX_Dartmouth,19931107_135603_starea.cdf,86,19931107_135603_starea.cdf#86,low_rank_residual_k30,9,"8,9,10,11",,
3e-05,1677414.3084520916,0.0,0.0,1024,10240,0,0,0,conservative_topk_strict_gt,IPIX_Dartmouth,19931107_135603_starea.cdf,86,19931107_135603_starea.cdf#86,low_rank_residual_k30,9,"8,9,10,11",,
0.0001,1470784.5030192782,0.0,9.765625e-05,1024,10240,1,1,1,conservative_topk_strict_gt,IPIX_Dartmouth,19931107_135603_starea.cdf,86,19931107_135603_starea.cdf#86,low_rank_residual_k30,9,"8,9,10,11",,
0.0003,1425039.2701424526,0.0,0.00029296875,1024,10240,3,3,3,conservative_topk_strict_gt,IPIX_Dartmouth,19931107_135603_starea.cdf,86,19931107_135603_starea.cdf#86,low_rank_residual_k30,9,"8,9,10,11",,
0.001,1206043.8847924965,0.0,0.0009765625,1024,10240,10,10,10,conservative_topk_strict_gt,IPIX_Dartmouth,19931107_135603_starea.cdf,86,19931107_135603_starea.cdf#86,low_rank_residual_k30,9,"8,9,10,11",,
0.003,997236.2875598911,0.0,0.0029296875,1024,10240,30,30,30,conservative_topk_strict_gt,IPIX_Dartmouth,19931107_135603_starea.cdf,86,19931107_135603_starea.cdf#86,low_rank_residual_k30,9,"8,9,10,11",,
0.01,641467.9516716019,0.0,0.0099609375,1024,10240,102,102,102,conservative_topk_strict_gt,IPIX_Dartmouth,19931107_135603_starea.cdf,86,19931107_135603_starea.cdf#86,low_rank_residual_k30,9,"8,9,10,11",,
1e-05,359238590.2536682,0.0,0.0,1024,10240,0,0,0,conservative_topk_strict_gt,IPIX_Dartmouth,19931107_135603_starea.cdf,86,19931107_135603_starea.cdf#86,tpsscs_trainable_gate,9,"8,9,10,11",,
3e-05,359238590.2536682,0.0,0.0,1024,10240,0,0,0,conservative_topk_strict_gt,IPIX_Dartmouth,19931107_135603_starea.cdf,86,19931107_135603_starea.cdf#86,tpsscs_trainable_gate,9,"8,9,10,11",,
0.0001,221989955.73789567,0.0,9.765625e-05,1024,10240,1,1,1,conservative_topk_strict_gt,IPIX_Dartmouth,19931107_135603_starea.cdf,86,19931107_135603_starea.cdf#86,tpsscs_trainable_gate,9,"8,9,10,11",,
0.0003,176574697.54751134,0.0,0.00029296875,1024,10240,3,3,3,conservative_topk_strict_gt,IPIX_Dartmouth,19931107_135603_starea.cdf,86,19931107_135603_starea.cdf#86,tpsscs_trainable_gate,9,"8,9,10,11",,
0.001,106009596.39064759,0.0,0.0009765625,1024,10240,10,10,10,conservative_topk_strict_gt,IPIX_Dartmouth,19931107_135603_starea.cdf,86,19931107_135603_starea.cdf#86,tpsscs_trainable_gate,9,"8,9,10,11",,
0.003,50871224.583108366,0.0,0.0029296875,1024,10240,30,30,30,conservative_topk_strict_gt,IPIX_Dartmouth,19931107_135603_starea.cdf,86,19931107_135603_starea.cdf#86,tpsscs_trainable_gate,9,"8,9,10,11",,
0.01,15819163.006284356,0.0,0.0099609375,1024,10240,102,102,102,conservative_topk_strict_gt,IPIX_Dartmouth,19931107_135603_starea.cdf,86,19931107_135603_starea.cdf#86,tpsscs_trainable_gate,9,"8,9,10,11",,
1e-05,,0.0,0.0,1024,10240,0,0,0,residual_cfar_plus_zero_false_gate_union,IPIX_Dartmouth,19931107_135603_starea.cdf,86,19931107_135603_starea.cdf#86,tpsscs_finished_detector,9,"8,9,10,11",1677414.3084520919,359238590.2536682
3e-05,,0.0,0.0,1024,10240,0,0,0,residual_cfar_plus_zero_false_gate_union,IPIX_Dartmouth,19931107_135603_starea.cdf,86,19931107_135603_starea.cdf#86,tpsscs_finished_detector,9,"8,9,10,11",1677414.3084520919,359238590.2536682
0.0001,,0.0,9.765625e-05,1024,10240,1,1,1,residual_cfar_plus_zero_false_gate_union,IPIX_Dartmouth,19931107_135603_starea.cdf,86,19931107_135603_starea.cdf#86,tpsscs_finished_detector,9,"8,9,10,11",1470784.5030192826,359238590.2536682
0.0003,,0.0,0.00029296875,1024,10240,3,3,3,residual_cfar_plus_zero_false_gate_union,IPIX_Dartmouth,19931107_135603_starea.cdf,86,19931107_135603_starea.cdf#86,tpsscs_finished_detector,9,"8,9,10,11",1425039.2701424542,359238590.2536682
0.001,,0.0,0.0009765625,1024,10240,10,10,10,residual_cfar_plus_zero_false_gate_union,IPIX_Dartmouth,19931107_135603_starea.cdf,86,19931107_135603_starea.cdf#86,tpsscs_finished_detector,9,"8,9,10,11",1206043.884792497,359238590.2536682
0.003,,0.0,0.0029296875,1024,10240,30,30,30,residual_cfar_plus_zero_false_gate_union,IPIX_Dartmouth,19931107_135603_starea.cdf,86,19931107_135603_starea.cdf#86,tpsscs_finished_detector,9,"8,9,10,11",997236.2875598867,359238590.2536682
0.01,,0.0,0.0099609375,1024,10240,102,102,102,residual_cfar_plus_zero_false_gate_union,IPIX_Dartmouth,19931107_135603_starea.cdf,86,19931107_135603_starea.cdf#86,tpsscs_finished_detector,9,"8,9,10,11",641467.9516715995,359238590.2536682
1e-05,704334328.1913744,0.0048828125,0.0,1024,10240,0,0,16,conservative_topk_strict_gt,IPIX_Dartmouth,19931107_135603_starea.cdf,87,19931107_135603_starea.cdf#87,raw,9,"8,9,10,11",,
3e-05,704334328.1913744,0.0048828125,0.0,1024,10240,0,0,16,conservative_topk_strict_gt,IPIX_Dartmouth,19931107_135603_starea.cdf,87,19931107_135603_starea.cdf#87,raw,9,"8,9,10,11",,
0.0001,562640712.0577445,0.0068359375,9.765625e-05,1024,10240,1,1,19,conservative_topk_strict_gt,IPIX_Dartmouth,19931107_135603_starea.cdf,87,19931107_135603_starea.cdf#87,raw,9,"8,9,10,11",,
0.0003,530181453.08913666,0.0068359375,0.00029296875,1024,10240,3,3,21,conservative_topk_strict_gt,IPIX_Dartmouth,19931107_135603_starea.cdf,87,19931107_135603_starea.cdf#87,raw,9,"8,9,10,11",,
0.001,404789607.76884544,0.0068359375,0.0009765625,1024,10240,10,10,32,conservative_topk_strict_gt,IPIX_Dartmouth,19931107_135603_starea.cdf,87,19931107_135603_starea.cdf#87,raw,9,"8,9,10,11",,
0.003,277185567.52337384,0.0078125,0.0029296875,1024,10240,30,30,64,conservative_topk_strict_gt,IPIX_Dartmouth,19931107_135603_starea.cdf,87,19931107_135603_starea.cdf#87,raw,9,"8,9,10,11",,
0.01,147128420.94149065,0.025390625,0.0099609375,1024,10240,102,102,186,conservative_topk_strict_gt,IPIX_Dartmouth,19931107_135603_starea.cdf,87,19931107_135603_starea.cdf#87,raw,9,"8,9,10,11",,
1e-05,1577377.3373163529,0.0,0.0,1024,10240,0,0,0,conservative_topk_strict_gt,IPIX_Dartmouth,19931107_135603_starea.cdf,87,19931107_135603_starea.cdf#87,low_rank_residual_k30,9,"8,9,10,11",,
3e-05,1577377.3373163529,0.0,0.0,1024,10240,0,0,0,conservative_topk_strict_gt,IPIX_Dartmouth,19931107_135603_starea.cdf,87,19931107_135603_starea.cdf#87,low_rank_residual_k30,9,"8,9,10,11",,
0.0001,375400.00994788425,0.0,9.765625e-05,1024,10240,1,1,3,conservative_topk_strict_gt,IPIX_Dartmouth,19931107_135603_starea.cdf,87,19931107_135603_starea.cdf#87,low_rank_residual_k30,9,"8,9,10,11",,
0.0003,317883.6744225887,0.0,0.00029296875,1024,10240,3,3,7,conservative_topk_strict_gt,IPIX_Dartmouth,19931107_135603_starea.cdf,87,19931107_135603_starea.cdf#87,low_rank_residual_k30,9,"8,9,10,11",,
0.001,224111.8709159525,0.0,0.0009765625,1024,10240,10,10,22,conservative_topk_strict_gt,IPIX_Dartmouth,19931107_135603_starea.cdf,87,19931107_135603_starea.cdf#87,low_rank_residual_k30,9,"8,9,10,11",,
0.003,150426.42020406324,0.0,0.0029296875,1024,10240,30,30,65,conservative_topk_strict_gt,IPIX_Dartmouth,19931107_135603_starea.cdf,87,19931107_135603_starea.cdf#87,low_rank_residual_k30,9,"8,9,10,11",,
0.01,97506.02398493406,0.0,0.0099609375,1024,10240,102,102,177,conservative_topk_strict_gt,IPIX_Dartmouth,19931107_135603_starea.cdf,87,19931107_135603_starea.cdf#87,low_rank_residual_k30,9,"8,9,10,11",,
1e-05,372904670.3120563,0.0,0.0,1024,10240,0,0,3,conservative_topk_strict_gt,IPIX_Dartmouth,19931107_135603_starea.cdf,87,19931107_135603_starea.cdf#87,tpsscs_trainable_gate,9,"8,9,10,11",,
3e-05,372904670.3120563,0.0,0.0,1024,10240,0,0,3,conservative_topk_strict_gt,IPIX_Dartmouth,19931107_135603_starea.cdf,87,19931107_135603_starea.cdf#87,tpsscs_trainable_gate,9,"8,9,10,11",,
0.0001,250836316.57193863,0.0,9.765625e-05,1024,10240,1,1,6,conservative_topk_strict_gt,IPIX_Dartmouth,19931107_135603_starea.cdf,87,19931107_135603_starea.cdf#87,tpsscs_trainable_gate,9,"8,9,10,11",,
0.0003,193824610.99451047,0.0,0.00029296875,1024,10240,3,3,9,conservative_topk_strict_gt,IPIX_Dartmouth,19931107_135603_starea.cdf,87,19931107_135603_starea.cdf#87,tpsscs_trainable_gate,9,"8,9,10,11",,
0.001,136273838.42585084,0.0,0.0009765625,1024,10240,10,10,18,conservative_topk_strict_gt,IPIX_Dartmouth,19931107_135603_starea.cdf,87,19931107_135603_starea.cdf#87,tpsscs_trainable_gate,9,"8,9,10,11",,
0.003,78491857.88756084,0.0,0.0029296875,1024,10240,30,30,44,conservative_topk_strict_gt,IPIX_Dartmouth,19931107_135603_starea.cdf,87,19931107_135603_starea.cdf#87,tpsscs_trainable_gate,9,"8,9,10,11",,
0.01,26274955.98631938,0.0,0.0099609375,1024,10240,102,102,154,conservative_topk_strict_gt,IPIX_Dartmouth,19931107_135603_starea.cdf,87,19931107_135603_starea.cdf#87,tpsscs_trainable_gate,9,"8,9,10,11",,
1e-05,,0.0,0.0,1024,10240,0,0,3,residual_cfar_plus_zero_false_gate_union,IPIX_Dartmouth,19931107_135603_starea.cdf,87,19931107_135603_starea.cdf#87,tpsscs_finished_detector,9,"8,9,10,11",1577377.3373163485,372904670.3120563
3e-05,,0.0,0.0,1024,10240,0,0,3,residual_cfar_plus_zero_false_gate_union,IPIX_Dartmouth,19931107_135603_starea.cdf,87,19931107_135603_starea.cdf#87,tpsscs_finished_detector,9,"8,9,10,11",1577377.3373163485,372904670.3120563
0.0001,,0.0,9.765625e-05,1024,10240,1,1,6,residual_cfar_plus_zero_false_gate_union,IPIX_Dartmouth,19931107_135603_starea.cdf,87,19931107_135603_starea.cdf#87,tpsscs_finished_detector,9,"8,9,10,11",375400.0099478799,372904670.3120563
0.0003,,0.0,0.00029296875,1024,10240,3,3,10,residual_cfar_plus_zero_false_gate_union,IPIX_Dartmouth,19931107_135603_starea.cdf,87,19931107_135603_starea.cdf#87,tpsscs_finished_detector,9,"8,9,10,11",317883.67442258896,372904670.3120563
0.001,,0.0,0.0009765625,1024,10240,10,10,25,residual_cfar_plus_zero_false_gate_union,IPIX_Dartmouth,19931107_135603_starea.cdf,87,19931107_135603_starea.cdf#87,tpsscs_finished_detector,9,"8,9,10,11",224111.87091594396,372904670.3120563
0.003,,0.0,0.0029296875,1024,10240,30,30,68,residual_cfar_plus_zero_false_gate_union,IPIX_Dartmouth,19931107_135603_starea.cdf,87,19931107_135603_starea.cdf#87,tpsscs_finished_detector,9,"8,9,10,11",150426.42020405884,372904670.3120563
0.01,,0.0,0.0099609375,1024,10240,102,102,178,residual_cfar_plus_zero_false_gate_union,IPIX_Dartmouth,19931107_135603_starea.cdf,87,19931107_135603_starea.cdf#87,tpsscs_finished_detector,9,"8,9,10,11",97506.02398493285,372904670.3120563
1e-05,946958143.2740548,0.001953125,0.0,1024,10240,0,0,3,conservative_topk_strict_gt,IPIX_Dartmouth,19931107_135603_starea.cdf,88,19931107_135603_starea.cdf#88,raw,9,"8,9,10,11",,
3e-05,946958143.2740548,0.001953125,0.0,1024,10240,0,0,3,conservative_topk_strict_gt,IPIX_Dartmouth,19931107_135603_starea.cdf,88,19931107_135603_starea.cdf#88,raw,9,"8,9,10,11",,
0.0001,830823880.8427145,0.0029296875,9.765625e-05,1024,10240,1,1,5,conservative_topk_strict_gt,IPIX_Dartmouth,19931107_135603_starea.cdf,88,19931107_135603_starea.cdf#88,raw,9,"8,9,10,11",,
0.0003,806036919.0280874,0.00390625,0.00029296875,1024,10240,3,3,8,conservative_topk_strict_gt,IPIX_Dartmouth,19931107_135603_starea.cdf,88,19931107_135603_starea.cdf#88,raw,9,"8,9,10,11",,
0.001,584160657.6141243,0.0068359375,0.0009765625,1024,10240,10,10,20,conservative_topk_strict_gt,IPIX_Dartmouth,19931107_135603_starea.cdf,88,19931107_135603_starea.cdf#88,raw,9,"8,9,10,11",,
0.003,440425779.57535887,0.0078125,0.0029296875,1024,10240,30,30,44,conservative_topk_strict_gt,IPIX_Dartmouth,19931107_135603_starea.cdf,88,19931107_135603_starea.cdf#88,raw,9,"8,9,10,11",,
0.01,229055818.36182883,0.0126953125,0.0099609375,1024,10240,102,102,126,conservative_topk_strict_gt,IPIX_Dartmouth,19931107_135603_starea.cdf,88,19931107_135603_starea.cdf#88,raw,9,"8,9,10,11",,
1e-05,739873.1638672086,0.0,0.0,1024,10240,0,0,6,conservative_topk_strict_gt,IPIX_Dartmouth,19931107_135603_starea.cdf,88,19931107_135603_starea.cdf#88,low_rank_residual_k30,9,"8,9,10,11",,
3e-05,739873.1638672086,0.0,0.0,1024,10240,0,0,6,conservative_topk_strict_gt,IPIX_Dartmouth,19931107_135603_starea.cdf,88,19931107_135603_starea.cdf#88,low_rank_residual_k30,9,"8,9,10,11",,
0.0001,684687.5874446529,0.0,9.765625e-05,1024,10240,1,1,11,conservative_topk_strict_gt,IPIX_Dartmouth,19931107_135603_starea.cdf,88,19931107_135603_starea.cdf#88,low_rank_residual_k30,9,"8,9,10,11",,
0.0003,670170.068116988,0.0,0.00029296875,1024,10240,3,3,13,conservative_topk_strict_gt,IPIX_Dartmouth,19931107_135603_starea.cdf,88,19931107_135603_starea.cdf#88,low_rank_residual_k30,9,"8,9,10,11",,
0.001,626003.8107452907,0.0,0.0009765625,1024,10240,10,10,20,conservative_topk_strict_gt,IPIX_Dartmouth,19931107_135603_starea.cdf,88,19931107_135603_starea.cdf#88,low_rank_residual_k30,9,"8,9,10,11",,
0.003,520040.33654604433,0.0,0.0029296875,1024,10240,30,30,44,conservative_topk_strict_gt,IPIX_Dartmouth,19931107_135603_starea.cdf,88,19931107_135603_starea.cdf#88,low_rank_residual_k30,9,"8,9,10,11",,
0.01,365881.7499687476,0.0,0.0099609375,1024,10240,102,102,131,conservative_topk_strict_gt,IPIX_Dartmouth,19931107_135603_starea.cdf,88,19931107_135603_starea.cdf#88,low_rank_residual_k30,9,"8,9,10,11",,
1e-05,172730913.03607523,0.0,0.0,1024,10240,0,0,8,conservative_topk_strict_gt,IPIX_Dartmouth,19931107_135603_starea.cdf,88,19931107_135603_starea.cdf#88,tpsscs_trainable_gate,9,"8,9,10,11",,
3e-05,172730913.03607523,0.0,0.0,1024,10240,0,0,8,conservative_topk_strict_gt,IPIX_Dartmouth,19931107_135603_starea.cdf,88,19931107_135603_starea.cdf#88,tpsscs_trainable_gate,9,"8,9,10,11",,
0.0001,149657580.50325826,0.0,9.765625e-05,1024,10240,1,1,10,conservative_topk_strict_gt,IPIX_Dartmouth,19931107_135603_starea.cdf,88,19931107_135603_starea.cdf#88,tpsscs_trainable_gate,9,"8,9,10,11",,
0.0003,140131533.50946185,0.0,0.00029296875,1024,10240,3,3,12,conservative_topk_strict_gt,IPIX_Dartmouth,19931107_135603_starea.cdf,88,19931107_135603_starea.cdf#88,tpsscs_trainable_gate,9,"8,9,10,11",,
0.001,97117695.2140544,0.0,0.0009765625,1024,10240,10,10,21,conservative_topk_strict_gt,IPIX_Dartmouth,19931107_135603_starea.cdf,88,19931107_135603_starea.cdf#88,tpsscs_trainable_gate,9,"8,9,10,11",,
0.003,49185623.301118925,0.0,0.0029296875,1024,10240,30,30,46,conservative_topk_strict_gt,IPIX_Dartmouth,19931107_135603_starea.cdf,88,19931107_135603_starea.cdf#88,tpsscs_trainable_gate,9,"8,9,10,11",,
0.01,19792759.470410585,0.0,0.0099609375,1024,10240,102,102,120,conservative_topk_strict_gt,IPIX_Dartmouth,19931107_135603_starea.cdf,88,19931107_135603_starea.cdf#88,tpsscs_trainable_gate,9,"8,9,10,11",,
1e-05,,0.0,0.0,1024,10240,0,0,10,residual_cfar_plus_zero_false_gate_union,IPIX_Dartmouth,19931107_135603_starea.cdf,88,19931107_135603_starea.cdf#88,tpsscs_finished_detector,9,"8,9,10,11",739873.1638672086,172730913.03607523
3e-05,,0.0,0.0,1024,10240,0,0,10,residual_cfar_plus_zero_false_gate_union,IPIX_Dartmouth,19931107_135603_starea.cdf,88,19931107_135603_starea.cdf#88,tpsscs_finished_detector,9,"8,9,10,11",739873.1638672086,172730913.03607523
0.0001,,0.0,9.765625e-05,1024,10240,1,1,14,residual_cfar_plus_zero_false_gate_union,IPIX_Dartmouth,19931107_135603_starea.cdf,88,19931107_135603_starea.cdf#88,tpsscs_finished_detector,9,"8,9,10,11",684687.5874446535,172730913.03607523
0.0003,,0.0,0.00029296875,1024,10240,3,3,16,residual_cfar_plus_zero_false_gate_union,IPIX_Dartmouth,19931107_135603_starea.cdf,88,19931107_135603_starea.cdf#88,tpsscs_finished_detector,9,"8,9,10,11",670170.0681169867,172730913.03607523
0.001,,0.0,0.0009765625,1024,10240,10,10,23,residual_cfar_plus_zero_false_gate_union,IPIX_Dartmouth,19931107_135603_starea.cdf,88,19931107_135603_starea.cdf#88,tpsscs_finished_detector,9,"8,9,10,11",626003.8107452883,172730913.03607523
0.003,,0.0,0.0029296875,1024,10240,30,30,46,residual_cfar_plus_zero_false_gate_union,IPIX_Dartmouth,19931107_135603_starea.cdf,88,19931107_135603_starea.cdf#88,tpsscs_finished_detector,9,"8,9,10,11",520040.33654604515,172730913.03607523
0.01,,0.0,0.0099609375,1024,10240,102,102,133,residual_cfar_plus_zero_false_gate_union,IPIX_Dartmouth,19931107_135603_starea.cdf,88,19931107_135603_starea.cdf#88,tpsscs_finished_detector,9,"8,9,10,11",365881.7499687476,172730913.03607523
1e-05,879488565.2126712,0.0,0.0,1024,10240,0,0,0,conservative_topk_strict_gt,IPIX_Dartmouth,19931107_135603_starea.cdf,89,19931107_135603_starea.cdf#89,raw,9,"8,9,10,11",,
3e-05,879488565.2126712,0.0,0.0,1024,10240,0,0,0,conservative_topk_strict_gt,IPIX_Dartmouth,19931107_135603_starea.cdf,89,19931107_135603_starea.cdf#89,raw,9,"8,9,10,11",,
0.0001,766490164.801146,0.0,9.765625e-05,1024,10240,1,1,1,conservative_topk_strict_gt,IPIX_Dartmouth,19931107_135603_starea.cdf,89,19931107_135603_starea.cdf#89,raw,9,"8,9,10,11",,
0.0003,737221223.2830575,0.0,0.00029296875,1024,10240,3,3,3,conservative_topk_strict_gt,IPIX_Dartmouth,19931107_135603_starea.cdf,89,19931107_135603_starea.cdf#89,raw,9,"8,9,10,11",,
0.001,520744420.74052787,0.0,0.0009765625,1024,10240,10,10,10,conservative_topk_strict_gt,IPIX_Dartmouth,19931107_135603_starea.cdf,89,19931107_135603_starea.cdf#89,raw,9,"8,9,10,11",,
0.003,374047264.0714177,0.0,0.0029296875,1024,10240,30,30,30,conservative_topk_strict_gt,IPIX_Dartmouth,19931107_135603_starea.cdf,89,19931107_135603_starea.cdf#89,raw,9,"8,9,10,11",,
0.01,171403655.9439928,0.0,0.0099609375,1024,10240,102,102,102,conservative_topk_strict_gt,IPIX_Dartmouth,19931107_135603_starea.cdf,89,19931107_135603_starea.cdf#89,raw,9,"8,9,10,11",,
1e-05,17002.6453265251,0.0009765625,0.0,1024,10240,0,0,3,conservative_topk_strict_gt,IPIX_Dartmouth,19931107_135603_starea.cdf,89,19931107_135603_starea.cdf#89,low_rank_residual_k30,9,"8,9,10,11",,
3e-05,17002.6453265251,0.0009765625,0.0,1024,10240,0,0,3,conservative_topk_strict_gt,IPIX_Dartmouth,19931107_135603_starea.cdf,89,19931107_135603_starea.cdf#89,low_rank_residual_k30,9,"8,9,10,11",,
0.0001,14251.530829698888,0.0009765625,9.765625e-05,1024,10240,1,1,4,conservative_topk_strict_gt,IPIX_Dartmouth,19931107_135603_starea.cdf,89,19931107_135603_starea.cdf#89,low_rank_residual_k30,9,"8,9,10,11",,
0.0003,13127.327009129782,0.001953125,0.00029296875,1024,10240,3,3,7,conservative_topk_strict_gt,IPIX_Dartmouth,19931107_135603_starea.cdf,89,19931107_135603_starea.cdf#89,low_rank_residual_k30,9,"8,9,10,11",,
0.001,9183.851418961662,0.00390625,0.0009765625,1024,10240,10,10,20,conservative_topk_strict_gt,IPIX_Dartmouth,19931107_135603_starea.cdf,89,19931107_135603_starea.cdf#89,low_rank_residual_k30,9,"8,9,10,11",,
0.003,6710.166784849393,0.0048828125,0.0029296875,1024,10240,30,30,45,conservative_topk_strict_gt,IPIX_Dartmouth,19931107_135603_starea.cdf,89,19931107_135603_starea.cdf#89,low_rank_residual_k30,9,"8,9,10,11",,
0.01,4210.943536329791,0.017578125,0.0099609375,1024,10240,102,102,174,conservative_topk_strict_gt,IPIX_Dartmouth,19931107_135603_starea.cdf,89,19931107_135603_starea.cdf#89,low_rank_residual_k30,9,"8,9,10,11",,
1e-05,518982479.4654249,0.0,0.0,1024,10240,0,0,0,conservative_topk_strict_gt,IPIX_Dartmouth,19931107_135603_starea.cdf,89,19931107_135603_starea.cdf#89,tpsscs_trainable_gate,9,"8,9,10,11",,
3e-05,518982479.4654249,0.0,0.0,1024,10240,0,0,0,conservative_topk_strict_gt,IPIX_Dartmouth,19931107_135603_starea.cdf,89,19931107_135603_starea.cdf#89,tpsscs_trainable_gate,9,"8,9,10,11",,
0.0001,376344966.22803015,0.0,9.765625e-05,1024,10240,1,1,1,conservative_topk_strict_gt,IPIX_Dartmouth,19931107_135603_starea.cdf,89,19931107_135603_starea.cdf#89,tpsscs_trainable_gate,9,"8,9,10,11",,
0.0003,353469229.6703926,0.0,0.00029296875,1024,10240,3,3,3,conservative_topk_strict_gt,IPIX_Dartmouth,19931107_135603_starea.cdf,89,19931107_135603_starea.cdf#89,tpsscs_trainable_gate,9,"8,9,10,11",,
0.001,212066285.887888,0.0,0.0009765625,1024,10240,10,10,10,conservative_topk_strict_gt,IPIX_Dartmouth,19931107_135603_starea.cdf,89,19931107_135603_starea.cdf#89,tpsscs_trainable_gate,9,"8,9,10,11",,
0.003,129898054.44844663,0.0,0.0029296875,1024,10240,30,30,30,conservative_topk_strict_gt,IPIX_Dartmouth,19931107_135603_starea.cdf,89,19931107_135603_starea.cdf#89,tpsscs_trainable_gate,9,"8,9,10,11",,
0.01,47980892.699774295,0.0,0.0099609375,1024,10240,102,102,102,conservative_topk_strict_gt,IPIX_Dartmouth,19931107_135603_starea.cdf,89,19931107_135603_starea.cdf#89,tpsscs_trainable_gate,9,"8,9,10,11",,
1e-05,,0.0009765625,0.0,1024,10240,0,0,3,residual_cfar_plus_zero_false_gate_union,IPIX_Dartmouth,19931107_135603_starea.cdf,89,19931107_135603_starea.cdf#89,tpsscs_finished_detector,9,"8,9,10,11",17002.645326525046,518982479.4654249
3e-05,,0.0009765625,0.0,1024,10240,0,0,3,residual_cfar_plus_zero_false_gate_union,IPIX_Dartmouth,19931107_135603_starea.cdf,89,19931107_135603_starea.cdf#89,tpsscs_finished_detector,9,"8,9,10,11",17002.645326525046,518982479.4654249
0.0001,,0.0009765625,9.765625e-05,1024,10240,1,1,4,residual_cfar_plus_zero_false_gate_union,IPIX_Dartmouth,19931107_135603_starea.cdf,89,19931107_135603_starea.cdf#89,tpsscs_finished_detector,9,"8,9,10,11",14251.530829698873,518982479.4654249
0.0003,,0.001953125,0.00029296875,1024,10240,3,3,7,residual_cfar_plus_zero_false_gate_union,IPIX_Dartmouth,19931107_135603_starea.cdf,89,19931107_135603_starea.cdf#89,tpsscs_finished_detector,9,"8,9,10,11",13127.327009129707,518982479.4654249
0.001,,0.00390625,0.0009765625,1024,10240,10,10,20,residual_cfar_plus_zero_false_gate_union,IPIX_Dartmouth,19931107_135603_starea.cdf,89,19931107_135603_starea.cdf#89,tpsscs_finished_detector,9,"8,9,10,11",9183.851418961309,518982479.4654249
0.003,,0.0048828125,0.0029296875,1024,10240,30,30,45,residual_cfar_plus_zero_false_gate_union,IPIX_Dartmouth,19931107_135603_starea.cdf,89,19931107_135603_starea.cdf#89,tpsscs_finished_detector,9,"8,9,10,11",6710.166784849526,518982479.4654249
0.01,,0.017578125,0.0099609375,1024,10240,102,102,174,residual_cfar_plus_zero_false_gate_union,IPIX_Dartmouth,19931107_135603_starea.cdf,89,19931107_135603_starea.cdf#89,tpsscs_finished_detector,9,"8,9,10,11",4210.943536329773,518982479.4654249
1e-05,902917738.8883111,0.0,0.0,1024,10240,0,0,0,conservative_topk_strict_gt,IPIX_Dartmouth,19931107_135603_starea.cdf,90,19931107_135603_starea.cdf#90,raw,9,"8,9,10,11",,
3e-05,902917738.8883111,0.0,0.0,1024,10240,0,0,0,conservative_topk_strict_gt,IPIX_Dartmouth,19931107_135603_starea.cdf,90,19931107_135603_starea.cdf#90,raw,9,"8,9,10,11",,
0.0001,860282407.7510827,0.0,9.765625e-05,1024,10240,1,1,1,conservative_topk_strict_gt,IPIX_Dartmouth,19931107_135603_starea.cdf,90,19931107_135603_starea.cdf#90,raw,9,"8,9,10,11",,
0.0003,781306830.6154009,0.0,0.00029296875,1024,10240,3,3,3,conservative_topk_strict_gt,IPIX_Dartmouth,19931107_135603_starea.cdf,90,19931107_135603_starea.cdf#90,raw,9,"8,9,10,11",,
0.001,543399582.8526419,0.0,0.0009765625,1024,10240,10,10,10,conservative_topk_strict_gt,IPIX_Dartmouth,19931107_135603_starea.cdf,90,19931107_135603_starea.cdf#90,raw,9,"8,9,10,11",,
0.003,358873220.3198609,0.0,0.0029296875,1024,10240,30,30,30,conservative_topk_strict_gt,IPIX_Dartmouth,19931107_135603_starea.cdf,90,19931107_135603_starea.cdf#90,raw,9,"8,9,10,11",,
0.01,201489155.3765327,0.0,0.0099609375,1024,10240,102,102,102,conservative_topk_strict_gt,IPIX_Dartmouth,19931107_135603_starea.cdf,90,19931107_135603_starea.cdf#90,raw,9,"8,9,10,11",,
1e-05,13547.271110557209,0.0,0.0,1024,10240,0,0,0,conservative_topk_strict_gt,IPIX_Dartmouth,19931107_135603_starea.cdf,90,19931107_135603_starea.cdf#90,low_rank_residual_k30,9,"8,9,10,11",,
3e-05,13547.271110557209,0.0,0.0,1024,10240,0,0,0,conservative_topk_strict_gt,IPIX_Dartmouth,19931107_135603_starea.cdf,90,19931107_135603_starea.cdf#90,low_rank_residual_k30,9,"8,9,10,11",,
0.0001,10586.214182981503,0.0,9.765625e-05,1024,10240,1,1,1,conservative_topk_strict_gt,IPIX_Dartmouth,19931107_135603_starea.cdf,90,19931107_135603_starea.cdf#90,low_rank_residual_k30,9,"8,9,10,11",,
0.0003,7151.866431242285,0.0,0.00029296875,1024,10240,3,3,3,conservative_topk_strict_gt,IPIX_Dartmouth,19931107_135603_starea.cdf,90,19931107_135603_starea.cdf#90,low_rank_residual_k30,9,"8,9,10,11",,
0.001,4934.143601208419,0.0029296875,0.0009765625,1024,10240,10,10,19,conservative_topk_strict_gt,IPIX_Dartmouth,19931107_135603_starea.cdf,90,19931107_135603_starea.cdf#90,low_rank_residual_k30,9,"8,9,10,11",,
0.003,3383.9885819480783,0.0126953125,0.0029296875,1024,10240,30,30,56,conservative_topk_strict_gt,IPIX_Dartmouth,19931107_135603_starea.cdf,90,19931107_135603_starea.cdf#90,low_rank_residual_k30,9,"8,9,10,11",,
0.01,2315.8915454137186,0.041015625,0.0099609375,1024,10240,102,102,203,conservative_topk_strict_gt,IPIX_Dartmouth,19931107_135603_starea.cdf,90,19931107_135603_starea.cdf#90,low_rank_residual_k30,9,"8,9,10,11",,
1e-05,762349236.2954116,0.0,0.0,1024,10240,0,0,0,conservative_topk_strict_gt,IPIX_Dartmouth,19931107_135603_starea.cdf,90,19931107_135603_starea.cdf#90,tpsscs_trainable_gate,9,"8,9,10,11",,
3e-05,762349236.2954116,0.0,0.0,1024,10240,0,0,0,conservative_topk_strict_gt,IPIX_Dartmouth,19931107_135603_starea.cdf,90,19931107_135603_starea.cdf#90,tpsscs_trainable_gate,9,"8,9,10,11",,
0.0001,620900548.0125427,0.0,9.765625e-05,1024,10240,1,1,1,conservative_topk_strict_gt,IPIX_Dartmouth,19931107_135603_starea.cdf,90,19931107_135603_starea.cdf#90,tpsscs_trainable_gate,9,"8,9,10,11",,
0.0003,588339774.1486572,0.0,0.00029296875,1024,10240,3,3,3,conservative_topk_strict_gt,IPIX_Dartmouth,19931107_135603_starea.cdf,90,19931107_135603_starea.cdf#90,tpsscs_trainable_gate,9,"8,9,10,11",,
0.001,303260205.4747897,0.0,0.0009765625,1024,10240,10,10,10,conservative_topk_strict_gt,IPIX_Dartmouth,19931107_135603_starea.cdf,90,19931107_135603_starea.cdf#90,tpsscs_trainable_gate,9,"8,9,10,11",,
0.003,188029664.09585387,0.0,0.0029296875,1024,10240,30,30,30,conservative_topk_strict_gt,IPIX_Dartmouth,19931107_135603_starea.cdf,90,19931107_135603_starea.cdf#90,tpsscs_trainable_gate,9,"8,9,10,11",,
0.01,85771295.82108422,0.0,0.0099609375,1024,10240,102,102,102,conservative_topk_strict_gt,IPIX_Dartmouth,19931107_135603_starea.cdf,90,19931107_135603_starea.cdf#90,tpsscs_trainable_gate,9,"8,9,10,11",,
1e-05,,0.0,0.0,1024,10240,0,0,0,residual_cfar_plus_zero_false_gate_union,IPIX_Dartmouth,19931107_135603_starea.cdf,90,19931107_135603_starea.cdf#90,tpsscs_finished_detector,9,"8,9,10,11",13547.271110556754,762349236.2954116
3e-05,,0.0,0.0,1024,10240,0,0,0,residual_cfar_plus_zero_false_gate_union,IPIX_Dartmouth,19931107_135603_starea.cdf,90,19931107_135603_starea.cdf#90,tpsscs_finished_detector,9,"8,9,10,11",13547.271110556754,762349236.2954116
0.0001,,0.0,9.765625e-05,1024,10240,1,1,1,residual_cfar_plus_zero_false_gate_union,IPIX_Dartmouth,19931107_135603_starea.cdf,90,19931107_135603_starea.cdf#90,tpsscs_finished_detector,9,"8,9,10,11",10586.214182981232,762349236.2954116
0.0003,,0.0,0.00029296875,1024,10240,3,3,3,residual_cfar_plus_zero_false_gate_union,IPIX_Dartmouth,19931107_135603_starea.cdf,90,19931107_135603_starea.cdf#90,tpsscs_finished_detector,9,"8,9,10,11",7151.866431242014,762349236.2954116
0.001,,0.0029296875,0.0009765625,1024,10240,10,10,19,residual_cfar_plus_zero_false_gate_union,IPIX_Dartmouth,19931107_135603_starea.cdf,90,19931107_135603_starea.cdf#90,tpsscs_finished_detector,9,"8,9,10,11",4934.143601208853,762349236.2954116
0.003,,0.0126953125,0.0029296875,1024,10240,30,30,56,residual_cfar_plus_zero_false_gate_union,IPIX_Dartmouth,19931107_135603_starea.cdf,90,19931107_135603_starea.cdf#90,tpsscs_finished_detector,9,"8,9,10,11",3383.9885819480182,762349236.2954116
0.01,,0.041015625,0.0099609375,1024,10240,102,102,203,residual_cfar_plus_zero_false_gate_union,IPIX_Dartmouth,19931107_135603_starea.cdf,90,19931107_135603_starea.cdf#90,tpsscs_finished_detector,9,"8,9,10,11",2315.8915454138187,762349236.2954116
1e-05,732629712.586338,0.0,0.0,1024,10240,0,0,0,conservative_topk_strict_gt,IPIX_Dartmouth,19931107_135603_starea.cdf,91,19931107_135603_starea.cdf#91,raw,9,"8,9,10,11",,
3e-05,732629712.586338,0.0,0.0,1024,10240,0,0,0,conservative_topk_strict_gt,IPIX_Dartmouth,19931107_135603_starea.cdf,91,19931107_135603_starea.cdf#91,raw,9,"8,9,10,11",,
0.0001,730292034.4520622,0.0,9.765625e-05,1024,10240,1,1,1,conservative_topk_strict_gt,IPIX_Dartmouth,19931107_135603_starea.cdf,91,19931107_135603_starea.cdf#91,raw,9,"8,9,10,11",,
0.0003,672012764.2192308,0.0,0.00029296875,1024,10240,3,3,3,conservative_topk_strict_gt,IPIX_Dartmouth,19931107_135603_starea.cdf,91,19931107_135603_starea.cdf#91,raw,9,"8,9,10,11",,
0.001,557041129.6675639,0.0,0.0009765625,1024,10240,10,10,10,conservative_topk_strict_gt,IPIX_Dartmouth,19931107_135603_starea.cdf,91,19931107_135603_starea.cdf#91,raw,9,"8,9,10,11",,
0.003,389582534.12183416,0.0,0.0029296875,1024,10240,30,30,30,conservative_topk_strict_gt,IPIX_Dartmouth,19931107_135603_starea.cdf,91,19931107_135603_starea.cdf#91,raw,9,"8,9,10,11",,
0.01,199911507.37333816,0.0,0.0099609375,1024,10240,102,102,102,conservative_topk_strict_gt,IPIX_Dartmouth,19931107_135603_starea.cdf,91,19931107_135603_starea.cdf#91,raw,9,"8,9,10,11",,
1e-05,29822.413373165255,0.001953125,0.0,1024,10240,0,0,20,conservative_topk_strict_gt,IPIX_Dartmouth,19931107_135603_starea.cdf,91,19931107_135603_starea.cdf#91,low_rank_residual_k30,9,"8,9,10,11",,
3e-05,29822.413373165255,0.001953125,0.0,1024,10240,0,0,20,conservative_topk_strict_gt,IPIX_Dartmouth,19931107_135603_starea.cdf,91,19931107_135603_starea.cdf#91,low_rank_residual_k30,9,"8,9,10,11",,
0.0001,22546.027876543252,0.0068359375,9.765625e-05,1024,10240,1,1,38,conservative_topk_strict_gt,IPIX_Dartmouth,19931107_135603_starea.cdf,91,19931107_135603_starea.cdf#91,low_rank_residual_k30,9,"8,9,10,11",,
0.0003,15656.218192360131,0.013671875,0.00029296875,1024,10240,3,3,71,conservative_topk_strict_gt,IPIX_Dartmouth,19931107_135603_starea.cdf,91,19931107_135603_starea.cdf#91,low_rank_residual_k30,9,"8,9,10,11",,
0.001,12406.244655599821,0.0224609375,0.0009765625,1024,10240,10,10,114,conservative_topk_strict_gt,IPIX_Dartmouth,19931107_135603_starea.cdf,91,19931107_135603_starea.cdf#91,low_rank_residual_k30,9,"8,9,10,11",,
0.003,9211.204853722502,0.0380859375,0.0029296875,1024,10240,30,30,190,conservative_topk_strict_gt,IPIX_Dartmouth,19931107_135603_starea.cdf,91,19931107_135603_starea.cdf#91,low_rank_residual_k30,9,"8,9,10,11",,
0.01,5273.1086061114775,0.080078125,0.0099609375,1024,10240,102,102,396,conservative_topk_strict_gt,IPIX_Dartmouth,19931107_135603_starea.cdf,91,19931107_135603_starea.cdf#91,low_rank_residual_k30,9,"8,9,10,11",,
1e-05,732617660.2704413,0.0,0.0,1024,10240,0,0,0,conservative_topk_strict_gt,IPIX_Dartmouth,19931107_135603_starea.cdf,91,19931107_135603_starea.cdf#91,tpsscs_trainable_gate,9,"8,9,10,11",,
3e-05,732617660.2704413,0.0,0.0,1024,10240,0,0,0,conservative_topk_strict_gt,IPIX_Dartmouth,19931107_135603_starea.cdf,91,19931107_135603_starea.cdf#91,tpsscs_trainable_gate,9,"8,9,10,11",,
0.0001,637299620.5389278,0.0,9.765625e-05,1024,10240,1,1,1,conservative_topk_strict_gt,IPIX_Dartmouth,19931107_135603_starea.cdf,91,19931107_135603_starea.cdf#91,tpsscs_trainable_gate,9,"8,9,10,11",,
0.0003,568841135.9089214,0.0,0.00029296875,1024,10240,3,3,3,conservative_topk_strict_gt,IPIX_Dartmouth,19931107_135603_starea.cdf,91,19931107_135603_starea.cdf#91,tpsscs_trainable_gate,9,"8,9,10,11",,
0.001,502668587.7202639,0.0,0.0009765625,1024,10240,10,10,10,conservative_topk_strict_gt,IPIX_Dartmouth,19931107_135603_starea.cdf,91,19931107_135603_starea.cdf#91,tpsscs_trainable_gate,9,"8,9,10,11",,
0.003,309034345.43776774,0.0,0.0029296875,1024,10240,30,30,30,conservative_topk_strict_gt,IPIX_Dartmouth,19931107_135603_starea.cdf,91,19931107_135603_starea.cdf#91,tpsscs_trainable_gate,9,"8,9,10,11",,
0.01,112798973.64041945,0.0,0.0099609375,1024,10240,102,102,102,conservative_topk_strict_gt,IPIX_Dartmouth,19931107_135603_starea.cdf,91,19931107_135603_starea.cdf#91,tpsscs_trainable_gate,9,"8,9,10,11",,
1e-05,,0.001953125,0.0,1024,10240,0,0,20,residual_cfar_plus_zero_false_gate_union,IPIX_Dartmouth,19931107_135603_starea.cdf,91,19931107_135603_starea.cdf#91,tpsscs_finished_detector,9,"8,9,10,11",29822.4133731654,732617660.2704413
3e-05,,0.001953125,0.0,1024,10240,0,0,20,residual_cfar_plus_zero_false_gate_union,IPIX_Dartmouth,19931107_135603_starea.cdf,91,19931107_135603_starea.cdf#91,tpsscs_finished_detector,9,"8,9,10,11",29822.4133731654,732617660.2704413
0.0001,,0.0068359375,9.765625e-05,1024,10240,1,1,38,residual_cfar_plus_zero_false_gate_union,IPIX_Dartmouth,19931107_135603_starea.cdf,91,19931107_135603_starea.cdf#91,tpsscs_finished_detector,9,"8,9,10,11",22546.0278765433,732617660.2704413
0.0003,,0.013671875,0.00029296875,1024,10240,3,3,71,residual_cfar_plus_zero_false_gate_union,IPIX_Dartmouth,19931107_135603_starea.cdf,91,19931107_135603_starea.cdf#91,tpsscs_finished_detector,9,"8,9,10,11",15656.218192360502,732617660.2704413
0.001,,0.0224609375,0.0009765625,1024,10240,10,10,114,residual_cfar_plus_zero_false_gate_union,IPIX_Dartmouth,19931107_135603_starea.cdf,91,19931107_135603_starea.cdf#91,tpsscs_finished_detector,9,"8,9,10,11",12406.24465559986,732617660.2704413
0.003,,0.0380859375,0.0029296875,1024,10240,30,30,190,residual_cfar_plus_zero_false_gate_union,IPIX_Dartmouth,19931107_135603_starea.cdf,91,19931107_135603_starea.cdf#91,tpsscs_finished_detector,9,"8,9,10,11",9211.204853722578,732617660.2704413
0.01,,0.080078125,0.0099609375,1024,10240,102,102,396,residual_cfar_plus_zero_false_gate_union,IPIX_Dartmouth,19931107_135603_starea.cdf,91,19931107_135603_starea.cdf#91,tpsscs_finished_detector,9,"8,9,10,11",5273.108606111338,732617660.2704413
1e-05,1162707787.7821162,0.0,0.0,1024,10240,0,0,0,conservative_topk_strict_gt,IPIX_Dartmouth,19931107_135603_starea.cdf,92,19931107_135603_starea.cdf#92,raw,9,"8,9,10,11",,
3e-05,1162707787.7821162,0.0,0.0,1024,10240,0,0,0,conservative_topk_strict_gt,IPIX_Dartmouth,19931107_135603_starea.cdf,92,19931107_135603_starea.cdf#92,raw,9,"8,9,10,11",,
0.0001,953875519.1706662,0.0,9.765625e-05,1024,10240,1,1,1,conservative_topk_strict_gt,IPIX_Dartmouth,19931107_135603_starea.cdf,92,19931107_135603_starea.cdf#92,raw,9,"8,9,10,11",,
0.0003,756816851.6208009,0.0,0.00029296875,1024,10240,3,3,3,conservative_topk_strict_gt,IPIX_Dartmouth,19931107_135603_starea.cdf,92,19931107_135603_starea.cdf#92,raw,9,"8,9,10,11",,
0.001,523084086.82619566,0.0,0.0009765625,1024,10240,10,10,10,conservative_topk_strict_gt,IPIX_Dartmouth,19931107_135603_starea.cdf,92,19931107_135603_starea.cdf#92,raw,9,"8,9,10,11",,
0.003,349216001.0487727,0.0,0.0029296875,1024,10240,30,30,30,conservative_topk_strict_gt,IPIX_Dartmouth,19931107_135603_starea.cdf,92,19931107_135603_starea.cdf#92,raw,9,"8,9,10,11",,
0.01,167944247.41395798,0.0,0.0099609375,1024,10240,102,102,102,conservative_topk_strict_gt,IPIX_Dartmouth,19931107_135603_starea.cdf,92,19931107_135603_starea.cdf#92,raw,9,"8,9,10,11",,
1e-05,368488.09587335784,0.0,0.0,1024,10240,0,0,4,conservative_topk_strict_gt,IPIX_Dartmouth,19931107_135603_starea.cdf,92,19931107_135603_starea.cdf#92,low_rank_residual_k30,9,"8,9,10,11",,
3e-05,368488.09587335784,0.0,0.0,1024,10240,0,0,4,conservative_topk_strict_gt,IPIX_Dartmouth,19931107_135603_starea.cdf,92,19931107_135603_starea.cdf#92,low_rank_residual_k30,9,"8,9,10,11",,
0.0001,195725.07864061338,0.0,9.765625e-05,1024,10240,1,1,6,conservative_topk_strict_gt,IPIX_Dartmouth,19931107_135603_starea.cdf,92,19931107_135603_starea.cdf#92,low_rank_residual_k30,9,"8,9,10,11",,
0.0003,159403.7961955723,0.0,0.00029296875,1024,10240,3,3,10,conservative_topk_strict_gt,IPIX_Dartmouth,19931107_135603_starea.cdf,92,19931107_135603_starea.cdf#92,low_rank_residual_k30,9,"8,9,10,11",,
0.001,114303.49404065385,0.0,0.0009765625,1024,10240,10,10,27,conservative_topk_strict_gt,IPIX_Dartmouth,19931107_135603_starea.cdf,92,19931107_135603_starea.cdf#92,low_rank_residual_k30,9,"8,9,10,11",,
0.003,64113.74509163015,0.0,0.0029296875,1024,10240,30,30,158,conservative_topk_strict_gt,IPIX_Dartmouth,19931107_135603_starea.cdf,92,19931107_135603_starea.cdf#92,low_rank_residual_k30,9,"8,9,10,11",,
0.01,28050.433985930766,0.0,0.0099609375,1024,10240,102,102,765,conservative_topk_strict_gt,IPIX_Dartmouth,19931107_135603_starea.cdf,92,19931107_135603_starea.cdf#92,low_rank_residual_k30,9,"8,9,10,11",,
1e-05,1153402168.4883604,0.0,0.0,1024,10240,0,0,0,conservative_topk_strict_gt,IPIX_Dartmouth,19931107_135603_starea.cdf,92,19931107_135603_starea.cdf#92,tpsscs_trainable_gate,9,"8,9,10,11",,
3e-05,1153402168.4883604,0.0,0.0,1024,10240,0,0,0,conservative_topk_strict_gt,IPIX_Dartmouth,19931107_135603_starea.cdf,92,19931107_135603_starea.cdf#92,tpsscs_trainable_gate,9,"8,9,10,11",,
0.0001,701976129.2304248,0.0,9.765625e-05,1024,10240,1,1,1,conservative_topk_strict_gt,IPIX_Dartmouth,19931107_135603_starea.cdf,92,19931107_135603_starea.cdf#92,tpsscs_trainable_gate,9,"8,9,10,11",,
0.0003,523050039.1178593,0.0,0.00029296875,1024,10240,3,3,3,conservative_topk_strict_gt,IPIX_Dartmouth,19931107_135603_starea.cdf,92,19931107_135603_starea.cdf#92,tpsscs_trainable_gate,9,"8,9,10,11",,
0.001,368899980.6379432,0.0,0.0009765625,1024,10240,10,10,10,conservative_topk_strict_gt,IPIX_Dartmouth,19931107_135603_starea.cdf,92,19931107_135603_starea.cdf#92,tpsscs_trainable_gate,9,"8,9,10,11",,
0.003,230990475.9851328,0.0,0.0029296875,1024,10240,30,30,30,conservative_topk_strict_gt,IPIX_Dartmouth,19931107_135603_starea.cdf,92,19931107_135603_starea.cdf#92,tpsscs_trainable_gate,9,"8,9,10,11",,
0.01,95824065.09153809,0.0,0.0099609375,1024,10240,102,102,102,conservative_topk_strict_gt,IPIX_Dartmouth,19931107_135603_starea.cdf,92,19931107_135603_starea.cdf#92,tpsscs_trainable_gate,9,"8,9,10,11",,
1e-05,,0.0,0.0,1024,10240,0,0,4,residual_cfar_plus_zero_false_gate_union,IPIX_Dartmouth,19931107_135603_starea.cdf,92,19931107_135603_starea.cdf#92,tpsscs_finished_detector,9,"8,9,10,11",368488.0958733614,1153402168.4883604
3e-05,,0.0,0.0,1024,10240,0,0,4,residual_cfar_plus_zero_false_gate_union,IPIX_Dartmouth,19931107_135603_starea.cdf,92,19931107_135603_starea.cdf#92,tpsscs_finished_detector,9,"8,9,10,11",368488.0958733614,1153402168.4883604
0.0001,,0.0,9.765625e-05,1024,10240,1,1,6,residual_cfar_plus_zero_false_gate_union,IPIX_Dartmouth,19931107_135603_starea.cdf,92,19931107_135603_starea.cdf#92,tpsscs_finished_detector,9,"8,9,10,11",195725.07864061388,1153402168.4883604
0.0003,,0.0,0.00029296875,1024,10240,3,3,10,residual_cfar_plus_zero_false_gate_union,IPIX_Dartmouth,19931107_135603_starea.cdf,92,19931107_135603_starea.cdf#92,tpsscs_finished_detector,9,"8,9,10,11",159403.79619557114,1153402168.4883604
0.001,,0.0,0.0009765625,1024,10240,10,10,27,residual_cfar_plus_zero_false_gate_union,IPIX_Dartmouth,19931107_135603_starea.cdf,92,19931107_135603_starea.cdf#92,tpsscs_finished_detector,9,"8,9,10,11",114303.4940406541,1153402168.4883604
0.003,,0.0,0.0029296875,1024,10240,30,30,158,residual_cfar_plus_zero_false_gate_union,IPIX_Dartmouth,19931107_135603_starea.cdf,92,19931107_135603_starea.cdf#92,tpsscs_finished_detector,9,"8,9,10,11",64113.74509163118,1153402168.4883604
0.01,,0.0,0.0099609375,1024,10240,102,102,765,residual_cfar_plus_zero_false_gate_union,IPIX_Dartmouth,19931107_135603_starea.cdf,92,19931107_135603_starea.cdf#92,tpsscs_finished_detector,9,"8,9,10,11",28050.43398593083,1153402168.4883604
1e-05,1070757843.5895762,0.0,0.0,1024,10240,0,0,0,conservative_topk_strict_gt,IPIX_Dartmouth,19931107_135603_starea.cdf,93,19931107_135603_starea.cdf#93,raw,9,"8,9,10,11",,
3e-05,1070757843.5895762,0.0,0.0,1024,10240,0,0,0,conservative_topk_strict_gt,IPIX_Dartmouth,19931107_135603_starea.cdf,93,19931107_135603_starea.cdf#93,raw,9,"8,9,10,11",,
0.0001,859992647.354938,0.0,9.765625e-05,1024,10240,1,1,1,conservative_topk_strict_gt,IPIX_Dartmouth,19931107_135603_starea.cdf,93,19931107_135603_starea.cdf#93,raw,9,"8,9,10,11",,
0.0003,531847891.188864,0.0,0.00029296875,1024,10240,3,3,3,conservative_topk_strict_gt,IPIX_Dartmouth,19931107_135603_starea.cdf,93,19931107_135603_starea.cdf#93,raw,9,"8,9,10,11",,
0.001,414034726.7060683,0.0,0.0009765625,1024,10240,10,10,10,conservative_topk_strict_gt,IPIX_Dartmouth,19931107_135603_starea.cdf,93,19931107_135603_starea.cdf#93,raw,9,"8,9,10,11",,
0.003,226872200.08202684,0.0,0.0029296875,1024,10240,30,30,30,conservative_topk_strict_gt,IPIX_Dartmouth,19931107_135603_starea.cdf,93,19931107_135603_starea.cdf#93,raw,9,"8,9,10,11",,
0.01,92361742.5916771,0.0,0.0099609375,1024,10240,102,102,105,conservative_topk_strict_gt,IPIX_Dartmouth,19931107_135603_starea.cdf,93,19931107_135603_starea.cdf#93,raw,9,"8,9,10,11",,
1e-05,48474.942699036954,0.0,0.0,1024,10240,0,0,0,conservative_topk_strict_gt,IPIX_Dartmouth,19931107_135603_starea.cdf,93,19931107_135603_starea.cdf#93,low_rank_residual_k30,9,"8,9,10,11",,
3e-05,48474.942699036954,0.0,0.0,1024,10240,0,0,0,conservative_topk_strict_gt,IPIX_Dartmouth,19931107_135603_starea.cdf,93,19931107_135603_starea.cdf#93,low_rank_residual_k30,9,"8,9,10,11",,
0.0001,42469.662636603425,0.0,9.765625e-05,1024,10240,1,1,1,conservative_topk_strict_gt,IPIX_Dartmouth,19931107_135603_starea.cdf,93,19931107_135603_starea.cdf#93,low_rank_residual_k30,9,"8,9,10,11",,
0.0003,27621.154897036322,0.0,0.00029296875,1024,10240,3,3,3,conservative_topk_strict_gt,IPIX_Dartmouth,19931107_135603_starea.cdf,93,19931107_135603_starea.cdf#93,low_rank_residual_k30,9,"8,9,10,11",,
0.001,15762.508568295274,0.0,0.0009765625,1024,10240,10,10,12,conservative_topk_strict_gt,IPIX_Dartmouth,19931107_135603_starea.cdf,93,19931107_135603_starea.cdf#93,low_rank_residual_k30,9,"8,9,10,11",,
0.003,9677.236524112699,0.0,0.0029296875,1024,10240,30,30,37,conservative_topk_strict_gt,IPIX_Dartmouth,19931107_135603_starea.cdf,93,19931107_135603_starea.cdf#93,low_rank_residual_k30,9,"8,9,10,11",,
0.01,5736.9306949431775,0.0,0.0099609375,1024,10240,102,102,134,conservative_topk_strict_gt,IPIX_Dartmouth,19931107_135603_starea.cdf,93,19931107_135603_starea.cdf#93,low_rank_residual_k30,9,"8,9,10,11",,
1e-05,418752114.7174767,0.0,0.0,1024,10240,0,0,0,conservative_topk_strict_gt,IPIX_Dartmouth,19931107_135603_starea.cdf,93,19931107_135603_starea.cdf#93,tpsscs_trainable_gate,9,"8,9,10,11",,
3e-05,418752114.7174767,0.0,0.0,1024,10240,0,0,0,conservative_topk_strict_gt,IPIX_Dartmouth,19931107_135603_starea.cdf,93,19931107_135603_starea.cdf#93,tpsscs_trainable_gate,9,"8,9,10,11",,
0.0001,408462096.2030263,0.0,9.765625e-05,1024,10240,1,1,1,conservative_topk_strict_gt,IPIX_Dartmouth,19931107_135603_starea.cdf,93,19931107_135603_starea.cdf#93,tpsscs_trainable_gate,9,"8,9,10,11",,
0.0003,242391950.25492465,0.0,0.00029296875,1024,10240,3,3,3,conservative_topk_strict_gt,IPIX_Dartmouth,19931107_135603_starea.cdf,93,19931107_135603_starea.cdf#93,tpsscs_trainable_gate,9,"8,9,10,11",,
0.001,167981805.38870636,0.0,0.0009765625,1024,10240,10,10,10,conservative_topk_strict_gt,IPIX_Dartmouth,19931107_135603_starea.cdf,93,19931107_135603_starea.cdf#93,tpsscs_trainable_gate,9,"8,9,10,11",,
0.003,89998887.52452226,0.0,0.0029296875,1024,10240,30,30,30,conservative_topk_strict_gt,IPIX_Dartmouth,19931107_135603_starea.cdf,93,19931107_135603_starea.cdf#93,tpsscs_trainable_gate,9,"8,9,10,11",,
0.01,22355920.176293336,0.0,0.0099609375,1024,10240,102,102,102,conservative_topk_strict_gt,IPIX_Dartmouth,19931107_135603_starea.cdf,93,19931107_135603_starea.cdf#93,tpsscs_trainable_gate,9,"8,9,10,11",,
1e-05,,0.0,0.0,1024,10240,0,0,0,residual_cfar_plus_zero_false_gate_union,IPIX_Dartmouth,19931107_135603_starea.cdf,93,19931107_135603_starea.cdf#93,tpsscs_finished_detector,9,"8,9,10,11",48474.94269903692,418752114.7174767
3e-05,,0.0,0.0,1024,10240,0,0,0,residual_cfar_plus_zero_false_gate_union,IPIX_Dartmouth,19931107_135603_starea.cdf,93,19931107_135603_starea.cdf#93,tpsscs_finished_detector,9,"8,9,10,11",48474.94269903692,418752114.7174767
0.0001,,0.0,9.765625e-05,1024,10240,1,1,1,residual_cfar_plus_zero_false_gate_union,IPIX_Dartmouth,19931107_135603_starea.cdf,93,19931107_135603_starea.cdf#93,tpsscs_finished_detector,9,"8,9,10,11",42469.66263660327,418752114.7174767
0.0003,,0.0,0.00029296875,1024,10240,3,3,3,residual_cfar_plus_zero_false_gate_union,IPIX_Dartmouth,19931107_135603_starea.cdf,93,19931107_135603_starea.cdf#93,tpsscs_finished_detector,9,"8,9,10,11",27621.154897036402,418752114.7174767
0.001,,0.0,0.0009765625,1024,10240,10,10,12,residual_cfar_plus_zero_false_gate_union,IPIX_Dartmouth,19931107_135603_starea.cdf,93,19931107_135603_starea.cdf#93,tpsscs_finished_detector,9,"8,9,10,11",15762.508568295172,418752114.7174767
0.003,,0.0,0.0029296875,1024,10240,30,30,37,residual_cfar_plus_zero_false_gate_union,IPIX_Dartmouth,19931107_135603_starea.cdf,93,19931107_135603_starea.cdf#93,tpsscs_finished_detector,9,"8,9,10,11",9677.236524113008,418752114.7174767
0.01,,0.0,0.0099609375,1024,10240,102,102,134,residual_cfar_plus_zero_false_gate_union,IPIX_Dartmouth,19931107_135603_starea.cdf,93,19931107_135603_starea.cdf#93,tpsscs_finished_detector,9,"8,9,10,11",5736.930694943227,418752114.7174767
1e-05,509469274.8214534,0.013671875,0.0,1024,10240,0,0,19,conservative_topk_strict_gt,IPIX_Dartmouth,19931107_135603_starea.cdf,94,19931107_135603_starea.cdf#94,raw,9,"8,9,10,11",,
3e-05,509469274.8214534,0.013671875,0.0,1024,10240,0,0,19,conservative_topk_strict_gt,IPIX_Dartmouth,19931107_135603_starea.cdf,94,19931107_135603_starea.cdf#94,raw,9,"8,9,10,11",,
0.0001,487366502.92811215,0.0146484375,9.765625e-05,1024,10240,1,1,23,conservative_topk_strict_gt,IPIX_Dartmouth,19931107_135603_starea.cdf,94,19931107_135603_starea.cdf#94,raw,9,"8,9,10,11",,
0.0003,362686028.6903103,0.0205078125,0.00029296875,1024,10240,3,3,39,conservative_topk_strict_gt,IPIX_Dartmouth,19931107_135603_starea.cdf,94,19931107_135603_starea.cdf#94,raw,9,"8,9,10,11",,
0.001,256151649.888046,0.0283203125,0.0009765625,1024,10240,10,10,61,conservative_topk_strict_gt,IPIX_Dartmouth,19931107_135603_starea.cdf,94,19931107_135603_starea.cdf#94,raw,9,"8,9,10,11",,
0.003,149419225.48879948,0.0380859375,0.0029296875,1024,10240,30,30,105,conservative_topk_strict_gt,IPIX_Dartmouth,19931107_135603_starea.cdf,94,19931107_135603_starea.cdf#94,raw,9,"8,9,10,11",,
0.01,48707475.81149398,0.0966796875,0.0099609375,1024,10240,102,102,339,conservative_topk_strict_gt,IPIX_Dartmouth,19931107_135603_starea.cdf,94,19931107_135603_starea.cdf#94,raw,9,"8,9,10,11",,
1e-05,223493.1498715238,0.0,0.0,1024,10240,0,0,0,conservative_topk_strict_gt,IPIX_Dartmouth,19931107_135603_starea.cdf,94,19931107_135603_starea.cdf#94,low_rank_residual_k30,9,"8,9,10,11",,
3e-05,223493.1498715238,0.0,0.0,1024,10240,0,0,0,conservative_topk_strict_gt,IPIX_Dartmouth,19931107_135603_starea.cdf,94,19931107_135603_starea.cdf#94,low_rank_residual_k30,9,"8,9,10,11",,
0.0001,197929.4545457627,0.0,9.765625e-05,1024,10240,1,1,1,conservative_topk_strict_gt,IPIX_Dartmouth,19931107_135603_starea.cdf,94,19931107_135603_starea.cdf#94,low_rank_residual_k30,9,"8,9,10,11",,
0.0003,138119.36293907004,0.0,0.00029296875,1024,10240,3,3,3,conservative_topk_strict_gt,IPIX_Dartmouth,19931107_135603_starea.cdf,94,19931107_135603_starea.cdf#94,low_rank_residual_k30,9,"8,9,10,11",,
0.001,94738.83843748266,0.0,0.0009765625,1024,10240,10,10,10,conservative_topk_strict_gt,IPIX_Dartmouth,19931107_135603_starea.cdf,94,19931107_135603_starea.cdf#94,low_rank_residual_k30,9,"8,9,10,11",,
0.003,63744.381972885116,0.0,0.0029296875,1024,10240,30,30,34,conservative_topk_strict_gt,IPIX_Dartmouth,19931107_135603_starea.cdf,94,19931107_135603_starea.cdf#94,low_rank_residual_k30,9,"8,9,10,11",,
0.01,33677.40828053077,0.0,0.0099609375,1024,10240,102,102,122,conservative_topk_strict_gt,IPIX_Dartmouth,19931107_135603_starea.cdf,94,19931107_135603_starea.cdf#94,low_rank_residual_k30,9,"8,9,10,11",,
1e-05,87923682.29534863,0.0234375,0.0,1024,10240,0,0,38,conservative_topk_strict_gt,IPIX_Dartmouth,19931107_135603_starea.cdf,94,19931107_135603_starea.cdf#94,tpsscs_trainable_gate,9,"8,9,10,11",,
3e-05,87923682.29534863,0.0234375,0.0,1024,10240,0,0,38,conservative_topk_strict_gt,IPIX_Dartmouth,19931107_135603_starea.cdf,94,19931107_135603_starea.cdf#94,tpsscs_trainable_gate,9,"8,9,10,11",,
0.0001,36044995.539985806,0.033203125,9.765625e-05,1024,10240,1,1,82,conservative_topk_strict_gt,IPIX_Dartmouth,19931107_135603_starea.cdf,94,19931107_135603_starea.cdf#94,tpsscs_trainable_gate,9,"8,9,10,11",,
0.0003,16813708.852429003,0.0400390625,0.00029296875,1024,10240,3,3,155,conservative_topk_strict_gt,IPIX_Dartmouth,19931107_135603_starea.cdf,94,19931107_135603_starea.cdf#94,tpsscs_trainable_gate,9,"8,9,10,11",,
0.001,9114577.71600845,0.0595703125,0.0009765625,1024,10240,10,10,277,conservative_topk_strict_gt,IPIX_Dartmouth,19931107_135603_starea.cdf,94,19931107_135603_starea.cdf#94,tpsscs_trainable_gate,9,"8,9,10,11",,
0.003,3089886.9968628865,0.1171875,0.0029296875,1024,10240,30,30,787,conservative_topk_strict_gt,IPIX_Dartmouth,19931107_135603_starea.cdf,94,19931107_135603_starea.cdf#94,tpsscs_trainable_gate,9,"8,9,10,11",,
0.01,662634.5777999419,0.2724609375,0.0099609375,1024,10240,102,102,1795,conservative_topk_strict_gt,IPIX_Dartmouth,19931107_135603_starea.cdf,94,19931107_135603_starea.cdf#94,tpsscs_trainable_gate,9,"8,9,10,11",,
1e-05,,0.0234375,0.0,1024,10240,0,0,38,residual_cfar_plus_zero_false_gate_union,IPIX_Dartmouth,19931107_135603_starea.cdf,94,19931107_135603_starea.cdf#94,tpsscs_finished_detector,9,"8,9,10,11",223493.14987152405,87923682.29534863
3e-05,,0.0234375,0.0,1024,10240,0,0,38,residual_cfar_plus_zero_false_gate_union,IPIX_Dartmouth,19931107_135603_starea.cdf,94,19931107_135603_starea.cdf#94,tpsscs_finished_detector,9,"8,9,10,11",223493.14987152405,87923682.29534863
0.0001,,0.0234375,9.765625e-05,1024,10240,1,1,39,residual_cfar_plus_zero_false_gate_union,IPIX_Dartmouth,19931107_135603_starea.cdf,94,19931107_135603_starea.cdf#94,tpsscs_finished_detector,9,"8,9,10,11",197929.4545457625,87923682.29534863
0.0003,,0.0234375,0.00029296875,1024,10240,3,3,41,residual_cfar_plus_zero_false_gate_union,IPIX_Dartmouth,19931107_135603_starea.cdf,94,19931107_135603_starea.cdf#94,tpsscs_finished_detector,9,"8,9,10,11",138119.36293906992,87923682.29534863
0.001,,0.0234375,0.0009765625,1024,10240,10,10,48,residual_cfar_plus_zero_false_gate_union,IPIX_Dartmouth,19931107_135603_starea.cdf,94,19931107_135603_starea.cdf#94,tpsscs_finished_detector,9,"8,9,10,11",94738.83843748808,87923682.29534863
0.003,,0.0234375,0.0029296875,1024,10240,30,30,72,residual_cfar_plus_zero_false_gate_union,IPIX_Dartmouth,19931107_135603_starea.cdf,94,19931107_135603_starea.cdf#94,tpsscs_finished_detector,9,"8,9,10,11",63744.38197288399,87923682.29534863
0.01,,0.0234375,0.0099609375,1024,10240,102,102,160,residual_cfar_plus_zero_false_gate_union,IPIX_Dartmouth,19931107_135603_starea.cdf,94,19931107_135603_starea.cdf#94,tpsscs_finished_detector,9,"8,9,10,11",33677.408280531025,87923682.29534863
1e-05,501994083.19794685,0.01171875,0.0,1024,10240,0,0,24,conservative_topk_strict_gt,IPIX_Dartmouth,19931107_135603_starea.cdf,95,19931107_135603_starea.cdf#95,raw,9,"8,9,10,11",,
3e-05,501994083.19794685,0.01171875,0.0,1024,10240,0,0,24,conservative_topk_strict_gt,IPIX_Dartmouth,19931107_135603_starea.cdf,95,19931107_135603_starea.cdf#95,raw,9,"8,9,10,11",,
0.0001,300037336.29940414,0.0205078125,9.765625e-05,1024,10240,1,1,51,conservative_topk_strict_gt,IPIX_Dartmouth,19931107_135603_starea.cdf,95,19931107_135603_starea.cdf#95,raw,9,"8,9,10,11",,
0.0003,239499319.58260345,0.0224609375,0.00029296875,1024,10240,3,3,60,conservative_topk_strict_gt,IPIX_Dartmouth,19931107_135603_starea.cdf,95,19931107_135603_starea.cdf#95,raw,9,"8,9,10,11",,
0.001,146340963.83421633,0.0380859375,0.0009765625,1024,10240,10,10,114,conservative_topk_strict_gt,IPIX_Dartmouth,19931107_135603_starea.cdf,95,19931107_135603_starea.cdf#95,raw,9,"8,9,10,11",,
0.003,100357107.9459486,0.052734375,0.0029296875,1024,10240,30,30,176,conservative_topk_strict_gt,IPIX_Dartmouth,19931107_135603_starea.cdf,95,19931107_135603_starea.cdf#95,raw,9,"8,9,10,11",,
0.01,37635943.34591035,0.1103515625,0.0099609375,1024,10240,102,102,429,conservative_topk_strict_gt,IPIX_Dartmouth,19931107_135603_starea.cdf,95,19931107_135603_starea.cdf#95,raw,9,"8,9,10,11",,
1e-05,62613.70832949354,0.0,0.0,1024,10240,0,0,0,conservative_topk_strict_gt,IPIX_Dartmouth,19931107_135603_starea.cdf,95,19931107_135603_starea.cdf#95,low_rank_residual_k30,9,"8,9,10,11",,
3e-05,62613.70832949354,0.0,0.0,1024,10240,0,0,0,conservative_topk_strict_gt,IPIX_Dartmouth,19931107_135603_starea.cdf,95,19931107_135603_starea.cdf#95,low_rank_residual_k30,9,"8,9,10,11",,
0.0001,52567.71482467757,0.0,9.765625e-05,1024,10240,1,1,1,conservative_topk_strict_gt,IPIX_Dartmouth,19931107_135603_starea.cdf,95,19931107_135603_starea.cdf#95,low_rank_residual_k30,9,"8,9,10,11",,
0.0003,43667.18651570961,0.0,0.00029296875,1024,10240,3,3,3,conservative_topk_strict_gt,IPIX_Dartmouth,19931107_135603_starea.cdf,95,19931107_135603_starea.cdf#95,low_rank_residual_k30,9,"8,9,10,11",,
0.001,38774.51894180446,0.0,0.0009765625,1024,10240,10,10,10,conservative_topk_strict_gt,IPIX_Dartmouth,19931107_135603_starea.cdf,95,19931107_135603_starea.cdf#95,low_rank_residual_k30,9,"8,9,10,11",,
0.003,23558.236866414114,0.0,0.0029296875,1024,10240,30,30,30,conservative_topk_strict_gt,IPIX_Dartmouth,19931107_135603_starea.cdf,95,19931107_135603_starea.cdf#95,low_rank_residual_k30,9,"8,9,10,11",,
0.01,11420.256782568387,0.0,0.0099609375,1024,10240,102,102,103,conservative_topk_strict_gt,IPIX_Dartmouth,19931107_135603_starea.cdf,95,19931107_135603_starea.cdf#95,low_rank_residual_k30,9,"8,9,10,11",,
1e-05,160369576.64932346,0.01171875,0.0,1024,10240,0,0,46,conservative_topk_strict_gt,IPIX_Dartmouth,19931107_135603_starea.cdf,95,19931107_135603_starea.cdf#95,tpsscs_trainable_gate,9,"8,9,10,11",,
3e-05,160369576.64932346,0.01171875,0.0,1024,10240,0,0,46,conservative_topk_strict_gt,IPIX_Dartmouth,19931107_135603_starea.cdf,95,19931107_135603_starea.cdf#95,tpsscs_trainable_gate,9,"8,9,10,11",,
0.0001,132784070.44447792,0.0126953125,9.765625e-05,1024,10240,1,1,55,conservative_topk_strict_gt,IPIX_Dartmouth,19931107_135603_starea.cdf,95,19931107_135603_starea.cdf#95,tpsscs_trainable_gate,9,"8,9,10,11",,
0.0003,116105642.99195965,0.015625,0.00029296875,1024,10240,3,3,68,conservative_topk_strict_gt,IPIX_Dartmouth,19931107_135603_starea.cdf,95,19931107_135603_starea.cdf#95,tpsscs_trainable_gate,9,"8,9,10,11",,
0.001,57090536.3620488,0.0205078125,0.0009765625,1024,10240,10,10,108,conservative_topk_strict_gt,IPIX_Dartmouth,19931107_135603_starea.cdf,95,19931107_135603_starea.cdf#95,tpsscs_trainable_gate,9,"8,9,10,11",,
0.003,29777560.915349845,0.0283203125,0.0029296875,1024,10240,30,30,187,conservative_topk_strict_gt,IPIX_Dartmouth,19931107_135603_starea.cdf,95,19931107_135603_starea.cdf#95,tpsscs_trainable_gate,9,"8,9,10,11",,
0.01,9529752.949349897,0.0478515625,0.0099609375,1024,10240,102,102,434,conservative_topk_strict_gt,IPIX_Dartmouth,19931107_135603_starea.cdf,95,19931107_135603_starea.cdf#95,tpsscs_trainable_gate,9,"8,9,10,11",,
1e-05,,0.01171875,0.0,1024,10240,0,0,46,residual_cfar_plus_zero_false_gate_union,IPIX_Dartmouth,19931107_135603_starea.cdf,95,19931107_135603_starea.cdf#95,tpsscs_finished_detector,9,"8,9,10,11",62613.708329493216,160369576.64932346
3e-05,,0.01171875,0.0,1024,10240,0,0,46,residual_cfar_plus_zero_false_gate_union,IPIX_Dartmouth,19931107_135603_starea.cdf,95,19931107_135603_starea.cdf#95,tpsscs_finished_detector,9,"8,9,10,11",62613.708329493216,160369576.64932346
0.0001,,0.01171875,9.765625e-05,1024,10240,1,1,47,residual_cfar_plus_zero_false_gate_union,IPIX_Dartmouth,19931107_135603_starea.cdf,95,19931107_135603_starea.cdf#95,tpsscs_finished_detector,9,"8,9,10,11",52567.71482467757,160369576.64932346
0.0003,,0.01171875,0.00029296875,1024,10240,3,3,49,residual_cfar_plus_zero_false_gate_union,IPIX_Dartmouth,19931107_135603_starea.cdf,95,19931107_135603_starea.cdf#95,tpsscs_finished_detector,9,"8,9,10,11",43667.18651570906,160369576.64932346
0.001,,0.01171875,0.0009765625,1024,10240,10,10,56,residual_cfar_plus_zero_false_gate_union,IPIX_Dartmouth,19931107_135603_starea.cdf,95,19931107_135603_starea.cdf#95,tpsscs_finished_detector,9,"8,9,10,11",38774.518941805116,160369576.64932346
0.003,,0.01171875,0.0029296875,1024,10240,30,30,76,residual_cfar_plus_zero_false_gate_union,IPIX_Dartmouth,19931107_135603_starea.cdf,95,19931107_135603_starea.cdf#95,tpsscs_finished_detector,9,"8,9,10,11",23558.236866414056,160369576.64932346
0.01,,0.01171875,0.0099609375,1024,10240,102,102,149,residual_cfar_plus_zero_false_gate_union,IPIX_Dartmouth,19931107_135603_starea.cdf,95,19931107_135603_starea.cdf#95,tpsscs_finished_detector,9,"8,9,10,11",11420.256782568413,160369576.64932346
1e-05,527149899.5076084,0.009765625,0.0,1024,10240,0,0,23,conservative_topk_strict_gt,IPIX_Dartmouth,19931107_135603_starea.cdf,96,19931107_135603_starea.cdf#96,raw,9,"8,9,10,11",,
3e-05,527149899.5076084,0.009765625,0.0,1024,10240,0,0,23,conservative_topk_strict_gt,IPIX_Dartmouth,19931107_135603_starea.cdf,96,19931107_135603_starea.cdf#96,raw,9,"8,9,10,11",,
0.0001,405314193.4262933,0.009765625,9.765625e-05,1024,10240,1,1,27,conservative_topk_strict_gt,IPIX_Dartmouth,19931107_135603_starea.cdf,96,19931107_135603_starea.cdf#96,raw,9,"8,9,10,11",,
0.0003,345727305.34421164,0.009765625,0.00029296875,1024,10240,3,3,32,conservative_topk_strict_gt,IPIX_Dartmouth,19931107_135603_starea.cdf,96,19931107_135603_starea.cdf#96,raw,9,"8,9,10,11",,
0.001,240156240.52417475,0.013671875,0.0009765625,1024,10240,10,10,50,conservative_topk_strict_gt,IPIX_Dartmouth,19931107_135603_starea.cdf,96,19931107_135603_starea.cdf#96,raw,9,"8,9,10,11",,
0.003,129814768.93206601,0.0205078125,0.0029296875,1024,10240,30,30,92,conservative_topk_strict_gt,IPIX_Dartmouth,19931107_135603_starea.cdf,96,19931107_135603_starea.cdf#96,raw,9,"8,9,10,11",,
0.01,47669830.154869355,0.05859375,0.0099609375,1024,10240,102,102,284,conservative_topk_strict_gt,IPIX_Dartmouth,19931107_135603_starea.cdf,96,19931107_135603_starea.cdf#96,raw,9,"8,9,10,11",,
1e-05,62052.822359457205,0.0,0.0,1024,10240,0,0,0,conservative_topk_strict_gt,IPIX_Dartmouth,19931107_135603_starea.cdf,96,19931107_135603_starea.cdf#96,low_rank_residual_k30,9,"8,9,10,11",,
3e-05,62052.822359457205,0.0,0.0,1024,10240,0,0,0,conservative_topk_strict_gt,IPIX_Dartmouth,19931107_135603_starea.cdf,96,19931107_135603_starea.cdf#96,low_rank_residual_k30,9,"8,9,10,11",,
0.0001,44902.16883306011,0.0,9.765625e-05,1024,10240,1,1,2,conservative_topk_strict_gt,IPIX_Dartmouth,19931107_135603_starea.cdf,96,19931107_135603_starea.cdf#96,low_rank_residual_k30,9,"8,9,10,11",,
0.0003,39257.4311964819,0.0,0.00029296875,1024,10240,3,3,6,conservative_topk_strict_gt,IPIX_Dartmouth,19931107_135603_starea.cdf,96,19931107_135603_starea.cdf#96,low_rank_residual_k30,9,"8,9,10,11",,
0.001,27436.814714212243,0.0,0.0009765625,1024,10240,10,10,17,conservative_topk_strict_gt,IPIX_Dartmouth,19931107_135603_starea.cdf,96,19931107_135603_starea.cdf#96,low_rank_residual_k30,9,"8,9,10,11",,
0.003,19237.898445580988,0.0,0.0029296875,1024,10240,30,30,44,conservative_topk_strict_gt,IPIX_Dartmouth,19931107_135603_starea.cdf,96,19931107_135603_starea.cdf#96,low_rank_residual_k30,9,"8,9,10,11",,
0.01,10735.47511950674,0.0,0.0099609375,1024,10240,102,102,129,conservative_topk_strict_gt,IPIX_Dartmouth,19931107_135603_starea.cdf,96,19931107_135603_starea.cdf#96,low_rank_residual_k30,9,"8,9,10,11",,
1e-05,300647291.16221076,0.0087890625,0.0,1024,10240,0,0,19,conservative_topk_strict_gt,IPIX_Dartmouth,19931107_135603_starea.cdf,96,19931107_135603_starea.cdf#96,tpsscs_trainable_gate,9,"8,9,10,11",,
3e-05,300647291.16221076,0.0087890625,0.0,1024,10240,0,0,19,conservative_topk_strict_gt,IPIX_Dartmouth,19931107_135603_starea.cdf,96,19931107_135603_starea.cdf#96,tpsscs_trainable_gate,9,"8,9,10,11",,
0.0001,299550181.96570086,0.0087890625,9.765625e-05,1024,10240,1,1,20,conservative_topk_strict_gt,IPIX_Dartmouth,19931107_135603_starea.cdf,96,19931107_135603_starea.cdf#96,tpsscs_trainable_gate,9,"8,9,10,11",,
0.0003,128634149.13975622,0.0126953125,0.00029296875,1024,10240,3,3,35,conservative_topk_strict_gt,IPIX_Dartmouth,19931107_135603_starea.cdf,96,19931107_135603_starea.cdf#96,tpsscs_trainable_gate,9,"8,9,10,11",,
0.001,71729985.66278477,0.0205078125,0.0009765625,1024,10240,10,10,67,conservative_topk_strict_gt,IPIX_Dartmouth,19931107_135603_starea.cdf,96,19931107_135603_starea.cdf#96,tpsscs_trainable_gate,9,"8,9,10,11",,
0.003,36162269.31799182,0.0322265625,0.0029296875,1024,10240,30,30,127,conservative_topk_strict_gt,IPIX_Dartmouth,19931107_135603_starea.cdf,96,19931107_135603_starea.cdf#96,tpsscs_trainable_gate,9,"8,9,10,11",,
0.01,11375713.130999815,0.0537109375,0.0099609375,1024,10240,102,102,327,conservative_topk_strict_gt,IPIX_Dartmouth,19931107_135603_starea.cdf,96,19931107_135603_starea.cdf#96,tpsscs_trainable_gate,9,"8,9,10,11",,
1e-05,,0.0087890625,0.0,1024,10240,0,0,19,residual_cfar_plus_zero_false_gate_union,IPIX_Dartmouth,19931107_135603_starea.cdf,96,19931107_135603_starea.cdf#96,tpsscs_finished_detector,9,"8,9,10,11",62052.82235945716,300647291.16221076
3e-05,,0.0087890625,0.0,1024,10240,0,0,19,residual_cfar_plus_zero_false_gate_union,IPIX_Dartmouth,19931107_135603_starea.cdf,96,19931107_135603_starea.cdf#96,tpsscs_finished_detector,9,"8,9,10,11",62052.82235945716,300647291.16221076
0.0001,,0.0087890625,9.765625e-05,1024,10240,1,1,21,residual_cfar_plus_zero_false_gate_union,IPIX_Dartmouth,19931107_135603_starea.cdf,96,19931107_135603_starea.cdf#96,tpsscs_finished_detector,9,"8,9,10,11",44902.16883306,300647291.16221076
0.0003,,0.0087890625,0.00029296875,1024,10240,3,3,25,residual_cfar_plus_zero_false_gate_union,IPIX_Dartmouth,19931107_135603_starea.cdf,96,19931107_135603_starea.cdf#96,tpsscs_finished_detector,9,"8,9,10,11",39257.43119648218,300647291.16221076
0.001,,0.0087890625,0.0009765625,1024,10240,10,10,36,residual_cfar_plus_zero_false_gate_union,IPIX_Dartmouth,19931107_135603_starea.cdf,96,19931107_135603_starea.cdf#96,tpsscs_finished_detector,9,"8,9,10,11",27436.814714212156,300647291.16221076
0.003,,0.0087890625,0.0029296875,1024,10240,30,30,63,residual_cfar_plus_zero_false_gate_union,IPIX_Dartmouth,19931107_135603_starea.cdf,96,19931107_135603_starea.cdf#96,tpsscs_finished_detector,9,"8,9,10,11",19237.898445580853,300647291.16221076
0.01,,0.0087890625,0.0099609375,1024,10240,102,102,148,residual_cfar_plus_zero_false_gate_union,IPIX_Dartmouth,19931107_135603_starea.cdf,96,19931107_135603_starea.cdf#96,tpsscs_finished_detector,9,"8,9,10,11",10735.475119506973,300647291.16221076
1e-05,324815457.6877323,0.0087890625,0.0,1024,10240,0,0,12,conservative_topk_strict_gt,IPIX_Dartmouth,19931107_135603_starea.cdf,97,19931107_135603_starea.cdf#97,raw,9,"8,9,10,11",,
3e-05,324815457.6877323,0.0087890625,0.0,1024,10240,0,0,12,conservative_topk_strict_gt,IPIX_Dartmouth,19931107_135603_starea.cdf,97,19931107_135603_starea.cdf#97,raw,9,"8,9,10,11",,
0.0001,322709816.5640573,0.0087890625,9.765625e-05,1024,10240,1,1,14,conservative_topk_strict_gt,IPIX_Dartmouth,19931107_135603_starea.cdf,97,19931107_135603_starea.cdf#97,raw,9,"8,9,10,11",,
0.0003,200402409.90178475,0.0126953125,0.00029296875,1024,10240,3,3,30,conservative_topk_strict_gt,IPIX_Dartmouth,19931107_135603_starea.cdf,97,19931107_135603_starea.cdf#97,raw,9,"8,9,10,11",,
0.001,155172725.45185885,0.0244140625,0.0009765625,1024,10240,10,10,56,conservative_topk_strict_gt,IPIX_Dartmouth,19931107_135603_starea.cdf,97,19931107_135603_starea.cdf#97,raw,9,"8,9,10,11",,
0.003,102615968.91148384,0.037109375,0.0029296875,1024,10240,30,30,111,conservative_topk_strict_gt,IPIX_Dartmouth,19931107_135603_starea.cdf,97,19931107_135603_starea.cdf#97,raw,9,"8,9,10,11",,
0.01,48563293.548002005,0.0693359375,0.0099609375,1024,10240,102,102,289,conservative_topk_strict_gt,IPIX_Dartmouth,19931107_135603_starea.cdf,97,19931107_135603_starea.cdf#97,raw,9,"8,9,10,11",,
1e-05,37377.79988273641,0.0,0.0,1024,10240,0,0,0,conservative_topk_strict_gt,IPIX_Dartmouth,19931107_135603_starea.cdf,97,19931107_135603_starea.cdf#97,low_rank_residual_k30,9,"8,9,10,11",,
3e-05,37377.79988273641,0.0,0.0,1024,10240,0,0,0,conservative_topk_strict_gt,IPIX_Dartmouth,19931107_135603_starea.cdf,97,19931107_135603_starea.cdf#97,low_rank_residual_k30,9,"8,9,10,11",,
0.0001,36812.13205083338,0.0,9.765625e-05,1024,10240,1,1,1,conservative_topk_strict_gt,IPIX_Dartmouth,19931107_135603_starea.cdf,97,19931107_135603_starea.cdf#97,low_rank_residual_k30,9,"8,9,10,11",,
0.0003,31731.520889697487,0.0,0.00029296875,1024,10240,3,3,3,conservative_topk_strict_gt,IPIX_Dartmouth,19931107_135603_starea.cdf,97,19931107_135603_starea.cdf#97,low_rank_residual_k30,9,"8,9,10,11",,
0.001,23849.100983162858,0.0,0.0009765625,1024,10240,10,10,10,conservative_topk_strict_gt,IPIX_Dartmouth,19931107_135603_starea.cdf,97,19931107_135603_starea.cdf#97,low_rank_residual_k30,9,"8,9,10,11",,
0.003,15711.839731076545,0.0,0.0029296875,1024,10240,30,30,40,conservative_topk_strict_gt,IPIX_Dartmouth,19931107_135603_starea.cdf,97,19931107_135603_starea.cdf#97,low_rank_residual_k30,9,"8,9,10,11",,
0.01,9577.479085266816,0.0,0.0099609375,1024,10240,102,102,122,conservative_topk_strict_gt,IPIX_Dartmouth,19931107_135603_starea.cdf,97,19931107_135603_starea.cdf#97,low_rank_residual_k30,9,"8,9,10,11",,
1e-05,298989125.10001546,0.0,0.0,1024,10240,0,0,0,conservative_topk_strict_gt,IPIX_Dartmouth,19931107_135603_starea.cdf,97,19931107_135603_starea.cdf#97,tpsscs_trainable_gate,9,"8,9,10,11",,
3e-05,298989125.10001546,0.0,0.0,1024,10240,0,0,0,conservative_topk_strict_gt,IPIX_Dartmouth,19931107_135603_starea.cdf,97,19931107_135603_starea.cdf#97,tpsscs_trainable_gate,9,"8,9,10,11",,
0.0001,133678657.74978578,0.0009765625,9.765625e-05,1024,10240,1,1,3,conservative_topk_strict_gt,IPIX_Dartmouth,19931107_135603_starea.cdf,97,19931107_135603_starea.cdf#97,tpsscs_trainable_gate,9,"8,9,10,11",,
0.0003,92503710.65140674,0.0009765625,0.00029296875,1024,10240,3,3,9,conservative_topk_strict_gt,IPIX_Dartmouth,19931107_135603_starea.cdf,97,19931107_135603_starea.cdf#97,tpsscs_trainable_gate,9,"8,9,10,11",,
0.001,69581351.73424268,0.0029296875,0.0009765625,1024,10240,10,10,20,conservative_topk_strict_gt,IPIX_Dartmouth,19931107_135603_starea.cdf,97,19931107_135603_starea.cdf#97,tpsscs_trainable_gate,9,"8,9,10,11",,
0.003,15765327.956560416,0.0087890625,0.0029296875,1024,10240,30,30,74,conservative_topk_strict_gt,IPIX_Dartmouth,19931107_135603_starea.cdf,97,19931107_135603_starea.cdf#97,tpsscs_trainable_gate,9,"8,9,10,11",,
0.01,4507473.541415337,0.0166015625,0.0099609375,1024,10240,102,102,196,conservative_topk_strict_gt,IPIX_Dartmouth,19931107_135603_starea.cdf,97,19931107_135603_starea.cdf#97,tpsscs_trainable_gate,9,"8,9,10,11",,
1e-05,,0.0,0.0,1024,10240,0,0,0,residual_cfar_plus_zero_false_gate_union,IPIX_Dartmouth,19931107_135603_starea.cdf,97,19931107_135603_starea.cdf#97,tpsscs_finished_detector,9,"8,9,10,11",37377.79988273643,298989125.10001546
3e-05,,0.0,0.0,1024,10240,0,0,0,residual_cfar_plus_zero_false_gate_union,IPIX_Dartmouth,19931107_135603_starea.cdf,97,19931107_135603_starea.cdf#97,tpsscs_finished_detector,9,"8,9,10,11",37377.79988273643,298989125.10001546
0.0001,,0.0,9.765625e-05,1024,10240,1,1,1,residual_cfar_plus_zero_false_gate_union,IPIX_Dartmouth,19931107_135603_starea.cdf,97,19931107_135603_starea.cdf#97,tpsscs_finished_detector,9,"8,9,10,11",36812.13205083343,298989125.10001546
0.0003,,0.0,0.00029296875,1024,10240,3,3,3,residual_cfar_plus_zero_false_gate_union,IPIX_Dartmouth,19931107_135603_starea.cdf,97,19931107_135603_starea.cdf#97,tpsscs_finished_detector,9,"8,9,10,11",31731.520889697764,298989125.10001546
0.001,,0.0,0.0009765625,1024,10240,10,10,10,residual_cfar_plus_zero_false_gate_union,IPIX_Dartmouth,19931107_135603_starea.cdf,97,19931107_135603_starea.cdf#97,tpsscs_finished_detector,9,"8,9,10,11",23849.10098316315,298989125.10001546
0.003,,0.0,0.0029296875,1024,10240,30,30,40,residual_cfar_plus_zero_false_gate_union,IPIX_Dartmouth,19931107_135603_starea.cdf,97,19931107_135603_starea.cdf#97,tpsscs_finished_detector,9,"8,9,10,11",15711.839731076454,298989125.10001546
0.01,,0.0,0.0099609375,1024,10240,102,102,122,residual_cfar_plus_zero_false_gate_union,IPIX_Dartmouth,19931107_135603_starea.cdf,97,19931107_135603_starea.cdf#97,tpsscs_finished_detector,9,"8,9,10,11",9577.47908526686,298989125.10001546
1e-05,488005024.5767053,0.0107421875,0.0,1024,10240,0,0,25,conservative_topk_strict_gt,IPIX_Dartmouth,19931107_135603_starea.cdf,98,19931107_135603_starea.cdf#98,raw,9,"8,9,10,11",,
3e-05,488005024.5767053,0.0107421875,0.0,1024,10240,0,0,25,conservative_topk_strict_gt,IPIX_Dartmouth,19931107_135603_starea.cdf,98,19931107_135603_starea.cdf#98,raw,9,"8,9,10,11",,
0.0001,430716954.85169804,0.01171875,9.765625e-05,1024,10240,1,1,27,conservative_topk_strict_gt,IPIX_Dartmouth,19931107_135603_starea.cdf,98,19931107_135603_starea.cdf#98,raw,9,"8,9,10,11",,
0.0003,251027766.79669192,0.01953125,0.00029296875,1024,10240,3,3,58,conservative_topk_strict_gt,IPIX_Dartmouth,19931107_135603_starea.cdf,98,19931107_135603_starea.cdf#98,raw,9,"8,9,10,11",,
0.001,185670443.4861634,0.0302734375,0.0009765625,1024,10240,10,10,92,conservative_topk_strict_gt,IPIX_Dartmouth,19931107_135603_starea.cdf,98,19931107_135603_starea.cdf#98,raw,9,"8,9,10,11",,
0.003,116913982.87822728,0.0458984375,0.0029296875,1024,10240,30,30,162,conservative_topk_strict_gt,IPIX_Dartmouth,19931107_135603_starea.cdf,98,19931107_135603_starea.cdf#98,raw,9,"8,9,10,11",,
0.01,67421098.9171582,0.0625,0.0099609375,1024,10240,102,102,300,conservative_topk_strict_gt,IPIX_Dartmouth,19931107_135603_starea.cdf,98,19931107_135603_starea.cdf#98,raw,9,"8,9,10,11",,
1e-05,833347.2481355006,0.0,0.0,1024,10240,0,0,0,conservative_topk_strict_gt,IPIX_Dartmouth,19931107_135603_starea.cdf,98,19931107_135603_starea.cdf#98,low_rank_residual_k30,9,"8,9,10,11",,
3e-05,833347.2481355006,0.0,0.0,1024,10240,0,0,0,conservative_topk_strict_gt,IPIX_Dartmouth,19931107_135603_starea.cdf,98,19931107_135603_starea.cdf#98,low_rank_residual_k30,9,"8,9,10,11",,
0.0001,785233.376708044,0.0,9.765625e-05,1024,10240,1,1,1,conservative_topk_strict_gt,IPIX_Dartmouth,19931107_135603_starea.cdf,98,19931107_135603_starea.cdf#98,low_rank_residual_k30,9,"8,9,10,11",,
0.0003,721219.913442275,0.0,0.00029296875,1024,10240,3,3,3,conservative_topk_strict_gt,IPIX_Dartmouth,19931107_135603_starea.cdf,98,19931107_135603_starea.cdf#98,low_rank_residual_k30,9,"8,9,10,11",,
0.001,622885.3811910206,0.0,0.0009765625,1024,10240,10,10,10,conservative_topk_strict_gt,IPIX_Dartmouth,19931107_135603_starea.cdf,98,19931107_135603_starea.cdf#98,low_rank_residual_k30,9,"8,9,10,11",,
0.003,547390.2479111757,0.0,0.0029296875,1024,10240,30,30,30,conservative_topk_strict_gt,IPIX_Dartmouth,19931107_135603_starea.cdf,98,19931107_135603_starea.cdf#98,low_rank_residual_k30,9,"8,9,10,11",,
0.01,402436.5112769173,0.0,0.0099609375,1024,10240,102,102,102,conservative_topk_strict_gt,IPIX_Dartmouth,19931107_135603_starea.cdf,98,19931107_135603_starea.cdf#98,low_rank_residual_k30,9,"8,9,10,11",,
1e-05,195550086.92618042,0.0,0.0,1024,10240,0,0,0,conservative_topk_strict_gt,IPIX_Dartmouth,19931107_135603_starea.cdf,98,19931107_135603_starea.cdf#98,tpsscs_trainable_gate,9,"8,9,10,11",,
3e-05,195550086.92618042,0.0,0.0,1024,10240,0,0,0,conservative_topk_strict_gt,IPIX_Dartmouth,19931107_135603_starea.cdf,98,19931107_135603_starea.cdf#98,tpsscs_trainable_gate,9,"8,9,10,11",,
0.0001,169347778.00445893,0.0,9.765625e-05,1024,10240,1,1,1,conservative_topk_strict_gt,IPIX_Dartmouth,19931107_135603_starea.cdf,98,19931107_135603_starea.cdf#98,tpsscs_trainable_gate,9,"8,9,10,11",,
0.0003,139958487.68921983,0.0009765625,0.00029296875,1024,10240,3,3,4,conservative_topk_strict_gt,IPIX_Dartmouth,19931107_135603_starea.cdf,98,19931107_135603_starea.cdf#98,tpsscs_trainable_gate,9,"8,9,10,11",,
0.001,82863243.77754734,0.0009765625,0.0009765625,1024,10240,10,10,11,conservative_topk_strict_gt,IPIX_Dartmouth,19931107_135603_starea.cdf,98,19931107_135603_starea.cdf#98,tpsscs_trainable_gate,9,"8,9,10,11",,
0.003,40787693.0246189,0.0009765625,0.0029296875,1024,10240,30,30,31,conservative_topk_strict_gt,IPIX_Dartmouth,19931107_135603_starea.cdf,98,19931107_135603_starea.cdf#98,tpsscs_trainable_gate,9,"8,9,10,11",,
0.01,13908607.510645151,0.0029296875,0.0099609375,1024,10240,102,102,107,conservative_topk_strict_gt,IPIX_Dartmouth,19931107_135603_starea.cdf,98,19931107_135603_starea.cdf#98,tpsscs_trainable_gate,9,"8,9,10,11",,
1e-05,,0.0,0.0,1024,10240,0,0,0,residual_cfar_plus_zero_false_gate_union,IPIX_Dartmouth,19931107_135603_starea.cdf,98,19931107_135603_starea.cdf#98,tpsscs_finished_detector,9,"8,9,10,11",833347.248135499,195550086.92618042
3e-05,,0.0,0.0,1024,10240,0,0,0,residual_cfar_plus_zero_false_gate_union,IPIX_Dartmouth,19931107_135603_starea.cdf,98,19931107_135603_starea.cdf#98,tpsscs_finished_detector,9,"8,9,10,11",833347.248135499,195550086.92618042
0.0001,,0.0,9.765625e-05,1024,10240,1,1,1,residual_cfar_plus_zero_false_gate_union,IPIX_Dartmouth,19931107_135603_starea.cdf,98,19931107_135603_starea.cdf#98,tpsscs_finished_detector,9,"8,9,10,11",785233.37670804,195550086.92618042
0.0003,,0.0,0.00029296875,1024,10240,3,3,3,residual_cfar_plus_zero_false_gate_union,IPIX_Dartmouth,19931107_135603_starea.cdf,98,19931107_135603_starea.cdf#98,tpsscs_finished_detector,9,"8,9,10,11",721219.913442279,195550086.92618042
0.001,,0.0,0.0009765625,1024,10240,10,10,10,residual_cfar_plus_zero_false_gate_union,IPIX_Dartmouth,19931107_135603_starea.cdf,98,19931107_135603_starea.cdf#98,tpsscs_finished_detector,9,"8,9,10,11",622885.3811910207,195550086.92618042
0.003,,0.0,0.0029296875,1024,10240,30,30,30,residual_cfar_plus_zero_false_gate_union,IPIX_Dartmouth,19931107_135603_starea.cdf,98,19931107_135603_starea.cdf#98,tpsscs_finished_detector,9,"8,9,10,11",547390.2479111765,195550086.92618042
0.01,,0.0,0.0099609375,1024,10240,102,102,102,residual_cfar_plus_zero_false_gate_union,IPIX_Dartmouth,19931107_135603_starea.cdf,98,19931107_135603_starea.cdf#98,tpsscs_finished_detector,9,"8,9,10,11",402436.51127691695,195550086.92618042
1e-05,166739589.75457796,0.02734375,0.0,1024,10240,0,0,53,conservative_topk_strict_gt,IPIX_Dartmouth,19931107_135603_starea.cdf,99,19931107_135603_starea.cdf#99,raw,9,"8,9,10,11",,
3e-05,166739589.75457796,0.02734375,0.0,1024,10240,0,0,53,conservative_topk_strict_gt,IPIX_Dartmouth,19931107_135603_starea.cdf,99,19931107_135603_starea.cdf#99,raw,9,"8,9,10,11",,
0.0001,132567087.10339713,0.033203125,9.765625e-05,1024,10240,1,1,65,conservative_topk_strict_gt,IPIX_Dartmouth,19931107_135603_starea.cdf,99,19931107_135603_starea.cdf#99,raw,9,"8,9,10,11",,
0.0003,120276539.60776699,0.03515625,0.00029296875,1024,10240,3,3,69,conservative_topk_strict_gt,IPIX_Dartmouth,19931107_135603_starea.cdf,99,19931107_135603_starea.cdf#99,raw,9,"8,9,10,11",,
0.001,83909237.83723707,0.0439453125,0.0009765625,1024,10240,10,10,95,conservative_topk_strict_gt,IPIX_Dartmouth,19931107_135603_starea.cdf,99,19931107_135603_starea.cdf#99,raw,9,"8,9,10,11",,
0.003,67463122.84937638,0.05078125,0.0029296875,1024,10240,30,30,132,conservative_topk_strict_gt,IPIX_Dartmouth,19931107_135603_starea.cdf,99,19931107_135603_starea.cdf#99,raw,9,"8,9,10,11",,
0.01,35799653.92505634,0.076171875,0.0099609375,1024,10240,102,102,280,conservative_topk_strict_gt,IPIX_Dartmouth,19931107_135603_starea.cdf,99,19931107_135603_starea.cdf#99,raw,9,"8,9,10,11",,
1e-05,107987.70279767274,0.0,0.0,1024,10240,0,0,0,conservative_topk_strict_gt,IPIX_Dartmouth,19931107_135603_starea.cdf,99,19931107_135603_starea.cdf#99,low_rank_residual_k30,9,"8,9,10,11",,
3e-05,107987.70279767274,0.0,0.0,1024,10240,0,0,0,conservative_topk_strict_gt,IPIX_Dartmouth,19931107_135603_starea.cdf,99,19931107_135603_starea.cdf#99,low_rank_residual_k30,9,"8,9,10,11",,
0.0001,105136.36677415633,0.0,9.765625e-05,1024,10240,1,1,1,conservative_topk_strict_gt,IPIX_Dartmouth,19931107_135603_starea.cdf,99,19931107_135603_starea.cdf#99,low_rank_residual_k30,9,"8,9,10,11",,
0.0003,86226.04755944942,0.0,0.00029296875,1024,10240,3,3,3,conservative_topk_strict_gt,IPIX_Dartmouth,19931107_135603_starea.cdf,99,19931107_135603_starea.cdf#99,low_rank_residual_k30,9,"8,9,10,11",,
0.001,70017.94947818048,0.0,0.0009765625,1024,10240,10,10,10,conservative_topk_strict_gt,IPIX_Dartmouth,19931107_135603_starea.cdf,99,19931107_135603_starea.cdf#99,low_rank_residual_k30,9,"8,9,10,11",,
0.003,48791.99375070985,0.0,0.0029296875,1024,10240,30,30,30,conservative_topk_strict_gt,IPIX_Dartmouth,19931107_135603_starea.cdf,99,19931107_135603_starea.cdf#99,low_rank_residual_k30,9,"8,9,10,11",,
0.01,25977.37562565649,0.0,0.0099609375,1024,10240,102,102,104,conservative_topk_strict_gt,IPIX_Dartmouth,19931107_135603_starea.cdf,99,19931107_135603_starea.cdf#99,low_rank_residual_k30,9,"8,9,10,11",,
1e-05,106930783.7850942,0.01953125,0.0,1024,10240,0,0,42,conservative_topk_strict_gt,IPIX_Dartmouth,19931107_135603_starea.cdf,99,19931107_135603_starea.cdf#99,tpsscs_trainable_gate,9,"8,9,10,11",,
3e-05,106930783.7850942,0.01953125,0.0,1024,10240,0,0,42,conservative_topk_strict_gt,IPIX_Dartmouth,19931107_135603_starea.cdf,99,19931107_135603_starea.cdf#99,tpsscs_trainable_gate,9,"8,9,10,11",,
0.0001,98713994.63292767,0.01953125,9.765625e-05,1024,10240,1,1,43,conservative_topk_strict_gt,IPIX_Dartmouth,19931107_135603_starea.cdf,99,19931107_135603_starea.cdf#99,tpsscs_trainable_gate,9,"8,9,10,11",,
0.0003,94593778.7368695,0.0205078125,0.00029296875,1024,10240,3,3,46,conservative_topk_strict_gt,IPIX_Dartmouth,19931107_135603_starea.cdf,99,19931107_135603_starea.cdf#99,tpsscs_trainable_gate,9,"8,9,10,11",,
0.001,49016552.7603785,0.021484375,0.0009765625,1024,10240,10,10,68,conservative_topk_strict_gt,IPIX_Dartmouth,19931107_135603_starea.cdf,99,19931107_135603_starea.cdf#99,tpsscs_trainable_gate,9,"8,9,10,11",,
0.003,17597222.760064658,0.025390625,0.0029296875,1024,10240,30,30,144,conservative_topk_strict_gt,IPIX_Dartmouth,19931107_135603_starea.cdf,99,19931107_135603_starea.cdf#99,tpsscs_trainable_gate,9,"8,9,10,11",,
0.01,2981555.456682256,0.0625,0.0099609375,1024,10240,102,102,788,conservative_topk_strict_gt,IPIX_Dartmouth,19931107_135603_starea.cdf,99,19931107_135603_starea.cdf#99,tpsscs_trainable_gate,9,"8,9,10,11",,
1e-05,,0.01953125,0.0,1024,10240,0,0,42,residual_cfar_plus_zero_false_gate_union,IPIX_Dartmouth,19931107_135603_starea.cdf,99,19931107_135603_starea.cdf#99,tpsscs_finished_detector,9,"8,9,10,11",107987.70279767315,106930783.7850942
3e-05,,0.01953125,0.0,1024,10240,0,0,42,residual_cfar_plus_zero_false_gate_union,IPIX_Dartmouth,19931107_135603_starea.cdf,99,19931107_135603_starea.cdf#99,tpsscs_finished_detector,9,"8,9,10,11",107987.70279767315,106930783.7850942
0.0001,,0.01953125,9.765625e-05,1024,10240,1,1,43,residual_cfar_plus_zero_false_gate_union,IPIX_Dartmouth,19931107_135603_starea.cdf,99,19931107_135603_starea.cdf#99,tpsscs_finished_detector,9,"8,9,10,11",105136.36677415478,106930783.7850942
0.0003,,0.01953125,0.00029296875,1024,10240,3,3,45,residual_cfar_plus_zero_false_gate_union,IPIX_Dartmouth,19931107_135603_starea.cdf,99,19931107_135603_starea.cdf#99,tpsscs_finished_detector,9,"8,9,10,11",86226.04755944951,106930783.7850942
0.001,,0.01953125,0.0009765625,1024,10240,10,10,52,residual_cfar_plus_zero_false_gate_union,IPIX_Dartmouth,19931107_135603_starea.cdf,99,19931107_135603_starea.cdf#99,tpsscs_finished_detector,9,"8,9,10,11",70017.94947818098,106930783.7850942
0.003,,0.01953125,0.0029296875,1024,10240,30,30,72,residual_cfar_plus_zero_false_gate_union,IPIX_Dartmouth,19931107_135603_starea.cdf,99,19931107_135603_starea.cdf#99,tpsscs_finished_detector,9,"8,9,10,11",48791.99375070974,106930783.7850942
0.01,,0.01953125,0.0099609375,1024,10240,102,102,146,residual_cfar_plus_zero_false_gate_union,IPIX_Dartmouth,19931107_135603_starea.cdf,99,19931107_135603_starea.cdf#99,tpsscs_finished_detector,9,"8,9,10,11",25977.37562565675,106930783.7850942
1e-05,295271035.8228167,0.0,0.0,1024,10240,0,0,0,conservative_topk_strict_gt,IPIX_Dartmouth,19931107_135603_starea.cdf,100,19931107_135603_starea.cdf#100,raw,9,"8,9,10,11",,
3e-05,295271035.8228167,0.0,0.0,1024,10240,0,0,0,conservative_topk_strict_gt,IPIX_Dartmouth,19931107_135603_starea.cdf,100,19931107_135603_starea.cdf#100,raw,9,"8,9,10,11",,
0.0001,199276282.68342784,0.0,9.765625e-05,1024,10240,1,1,1,conservative_topk_strict_gt,IPIX_Dartmouth,19931107_135603_starea.cdf,100,19931107_135603_starea.cdf#100,raw,9,"8,9,10,11",,
0.0003,156919785.79884377,0.0,0.00029296875,1024,10240,3,3,3,conservative_topk_strict_gt,IPIX_Dartmouth,19931107_135603_starea.cdf,100,19931107_135603_starea.cdf#100,raw,9,"8,9,10,11",,
0.001,134466206.06102112,0.0,0.0009765625,1024,10240,10,10,10,conservative_topk_strict_gt,IPIX_Dartmouth,19931107_135603_starea.cdf,100,19931107_135603_starea.cdf#100,raw,9,"8,9,10,11",,
0.003,77779571.41749051,0.0087890625,0.0029296875,1024,10240,30,30,39,conservative_topk_strict_gt,IPIX_Dartmouth,19931107_135603_starea.cdf,100,19931107_135603_starea.cdf#100,raw,9,"8,9,10,11",,
0.01,44192721.744270705,0.033203125,0.0099609375,1024,10240,102,102,137,conservative_topk_strict_gt,IPIX_Dartmouth,19931107_135603_starea.cdf,100,19931107_135603_starea.cdf#100,raw,9,"8,9,10,11",,
1e-05,15994.61031273417,0.0,0.0,1024,10240,0,0,0,conservative_topk_strict_gt,IPIX_Dartmouth,19931107_135603_starea.cdf,100,19931107_135603_starea.cdf#100,low_rank_residual_k30,9,"8,9,10,11",,
3e-05,15994.61031273417,0.0,0.0,1024,10240,0,0,0,conservative_topk_strict_gt,IPIX_Dartmouth,19931107_135603_starea.cdf,100,19931107_135603_starea.cdf#100,low_rank_residual_k30,9,"8,9,10,11",,
0.0001,15114.812909105707,0.0,9.765625e-05,1024,10240,1,1,1,conservative_topk_strict_gt,IPIX_Dartmouth,19931107_135603_starea.cdf,100,19931107_135603_starea.cdf#100,low_rank_residual_k30,9,"8,9,10,11",,
0.0003,11537.403686403795,0.0,0.00029296875,1024,10240,3,3,3,conservative_topk_strict_gt,IPIX_Dartmouth,19931107_135603_starea.cdf,100,19931107_135603_starea.cdf#100,low_rank_residual_k30,9,"8,9,10,11",,
0.001,8299.431567748412,0.0,0.0009765625,1024,10240,10,10,12,conservative_topk_strict_gt,IPIX_Dartmouth,19931107_135603_starea.cdf,100,19931107_135603_starea.cdf#100,low_rank_residual_k30,9,"8,9,10,11",,
0.003,6341.959416754895,0.0,0.0029296875,1024,10240,30,30,38,conservative_topk_strict_gt,IPIX_Dartmouth,19931107_135603_starea.cdf,100,19931107_135603_starea.cdf#100,low_rank_residual_k30,9,"8,9,10,11",,
0.01,3818.4751291622756,0.0,0.0099609375,1024,10240,102,102,128,conservative_topk_strict_gt,IPIX_Dartmouth,19931107_135603_starea.cdf,100,19931107_135603_starea.cdf#100,low_rank_residual_k30,9,"8,9,10,11",,
1e-05,4125735.8236373784,0.0361328125,0.0,1024,10240,0,0,156,conservative_topk_strict_gt,IPIX_Dartmouth,19931107_135603_starea.cdf,100,19931107_135603_starea.cdf#100,tpsscs_trainable_gate,9,"8,9,10,11",,
3e-05,4125735.8236373784,0.0361328125,0.0,1024,10240,0,0,156,conservative_topk_strict_gt,IPIX_Dartmouth,19931107_135603_starea.cdf,100,19931107_135603_starea.cdf#100,tpsscs_trainable_gate,9,"8,9,10,11",,
0.0001,3344856.352806183,0.04296875,9.765625e-05,1024,10240,1,1,203,conservative_topk_strict_gt,IPIX_Dartmouth,19931107_135603_starea.cdf,100,19931107_135603_starea.cdf#100,tpsscs_trainable_gate,9,"8,9,10,11",,
0.0003,2578274.467278291,0.0634765625,0.00029296875,1024,10240,3,3,275,conservative_topk_strict_gt,IPIX_Dartmouth,19931107_135603_starea.cdf,100,19931107_135603_starea.cdf#100,tpsscs_trainable_gate,9,"8,9,10,11",,
0.001,2016143.38174837,0.0908203125,0.0009765625,1024,10240,10,10,366,conservative_topk_strict_gt,IPIX_Dartmouth,19931107_135603_starea.cdf,100,19931107_135603_starea.cdf#100,tpsscs_trainable_gate,9,"8,9,10,11",,
0.003,1053029.1634822981,0.1953125,0.0029296875,1024,10240,30,30,812,conservative_topk_strict_gt,IPIX_Dartmouth,19931107_135603_starea.cdf,100,19931107_135603_starea.cdf#100,tpsscs_trainable_gate,9,"8,9,10,11",,
0.01,241234.23208172162,0.408203125,0.0099609375,1024,10240,102,102,1804,conservative_topk_strict_gt,IPIX_Dartmouth,19931107_135603_starea.cdf,100,19931107_135603_starea.cdf#100,tpsscs_trainable_gate,9,"8,9,10,11",,
1e-05,,0.0361328125,0.0,1024,10240,0,0,156,residual_cfar_plus_zero_false_gate_union,IPIX_Dartmouth,19931107_135603_starea.cdf,100,19931107_135603_starea.cdf#100,tpsscs_finished_detector,9,"8,9,10,11",15994.61031273419,4125735.8236373784
3e-05,,0.0361328125,0.0,1024,10240,0,0,156,residual_cfar_plus_zero_false_gate_union,IPIX_Dartmouth,19931107_135603_starea.cdf,100,19931107_135603_starea.cdf#100,tpsscs_finished_detector,9,"8,9,10,11",15994.61031273419,4125735.8236373784
0.0001,,0.0361328125,9.765625e-05,1024,10240,1,1,157,residual_cfar_plus_zero_false_gate_union,IPIX_Dartmouth,19931107_135603_starea.cdf,100,19931107_135603_starea.cdf#100,tpsscs_finished_detector,9,"8,9,10,11",15114.812909105738,4125735.8236373784
0.0003,,0.0361328125,0.00029296875,1024,10240,3,3,159,residual_cfar_plus_zero_false_gate_union,IPIX_Dartmouth,19931107_135603_starea.cdf,100,19931107_135603_starea.cdf#100,tpsscs_finished_detector,9,"8,9,10,11",11537.40368640406,4125735.8236373784
0.001,,0.0361328125,0.0009765625,1024,10240,10,10,168,residual_cfar_plus_zero_false_gate_union,IPIX_Dartmouth,19931107_135603_starea.cdf,100,19931107_135603_starea.cdf#100,tpsscs_finished_detector,9,"8,9,10,11",8299.431567748583,4125735.8236373784
0.003,,0.0361328125,0.0029296875,1024,10240,30,30,194,residual_cfar_plus_zero_false_gate_union,IPIX_Dartmouth,19931107_135603_starea.cdf,100,19931107_135603_starea.cdf#100,tpsscs_finished_detector,9,"8,9,10,11",6341.959416754633,4125735.8236373784
0.01,,0.0361328125,0.0099609375,1024,10240,102,102,283,residual_cfar_plus_zero_false_gate_union,IPIX_Dartmouth,19931107_135603_starea.cdf,100,19931107_135603_starea.cdf#100,tpsscs_finished_detector,9,"8,9,10,11",3818.4751291623875,4125735.8236373784
1e-05,339279732.4200608,0.0,0.0,1024,10240,0,0,0,conservative_topk_strict_gt,IPIX_Dartmouth,19931107_135603_starea.cdf,101,19931107_135603_starea.cdf#101,raw,9,"8,9,10,11",,
3e-05,339279732.4200608,0.0,0.0,1024,10240,0,0,0,conservative_topk_strict_gt,IPIX_Dartmouth,19931107_135603_starea.cdf,101,19931107_135603_starea.cdf#101,raw,9,"8,9,10,11",,
0.0001,307791178.76196676,0.0,9.765625e-05,1024,10240,1,1,1,conservative_topk_strict_gt,IPIX_Dartmouth,19931107_135603_starea.cdf,101,19931107_135603_starea.cdf#101,raw,9,"8,9,10,11",,
0.0003,298124764.06210077,0.0,0.00029296875,1024,10240,3,3,3,conservative_topk_strict_gt,IPIX_Dartmouth,19931107_135603_starea.cdf,101,19931107_135603_starea.cdf#101,raw,9,"8,9,10,11",,
0.001,167061231.160591,0.0,0.0009765625,1024,10240,10,10,10,conservative_topk_strict_gt,IPIX_Dartmouth,19931107_135603_starea.cdf,101,19931107_135603_starea.cdf#101,raw,9,"8,9,10,11",,
0.003,107014774.56218193,0.0,0.0029296875,1024,10240,30,30,30,conservative_topk_strict_gt,IPIX_Dartmouth,19931107_135603_starea.cdf,101,19931107_135603_starea.cdf#101,raw,9,"8,9,10,11",,
0.01,59194363.47232428,0.0,0.0099609375,1024,10240,102,102,102,conservative_topk_strict_gt,IPIX_Dartmouth,19931107_135603_starea.cdf,101,19931107_135603_starea.cdf#101,raw,9,"8,9,10,11",,
1e-05,8869.65433530762,0.0009765625,0.0,1024,10240,0,0,2,conservative_topk_strict_gt,IPIX_Dartmouth,19931107_135603_starea.cdf,101,19931107_135603_starea.cdf#101,low_rank_residual_k30,9,"8,9,10,11",,
3e-05,8869.65433530762,0.0009765625,0.0,1024,10240,0,0,2,conservative_topk_strict_gt,IPIX_Dartmouth,19931107_135603_starea.cdf,101,19931107_135603_starea.cdf#101,low_rank_residual_k30,9,"8,9,10,11",,
0.0001,7743.328364003733,0.0009765625,9.765625e-05,1024,10240,1,1,3,conservative_topk_strict_gt,IPIX_Dartmouth,19931107_135603_starea.cdf,101,19931107_135603_starea.cdf#101,low_rank_residual_k30,9,"8,9,10,11",,
0.0003,7041.904553123466,0.0009765625,0.00029296875,1024,10240,3,3,5,conservative_topk_strict_gt,IPIX_Dartmouth,19931107_135603_starea.cdf,101,19931107_135603_starea.cdf#101,low_rank_residual_k30,9,"8,9,10,11",,
0.001,4922.64623842257,0.0009765625,0.0009765625,1024,10240,10,10,20,conservative_topk_strict_gt,IPIX_Dartmouth,19931107_135603_starea.cdf,101,19931107_135603_starea.cdf#101,low_rank_residual_k30,9,"8,9,10,11",,
0.003,3715.805605470495,0.0009765625,0.0029296875,1024,10240,30,30,48,conservative_topk_strict_gt,IPIX_Dartmouth,19931107_135603_starea.cdf,101,19931107_135603_starea.cdf#101,low_rank_residual_k30,9,"8,9,10,11",,
0.01,2566.5339844680875,0.0029296875,0.0099609375,1024,10240,102,102,139,conservative_topk_strict_gt,IPIX_Dartmouth,19931107_135603_starea.cdf,101,19931107_135603_starea.cdf#101,low_rank_residual_k30,9,"8,9,10,11",,
1e-05,115167906.94268113,0.0,0.0,1024,10240,0,0,0,conservative_topk_strict_gt,IPIX_Dartmouth,19931107_135603_starea.cdf,101,19931107_135603_starea.cdf#101,tpsscs_trainable_gate,9,"8,9,10,11",,
3e-05,115167906.94268113,0.0,0.0,1024,10240,0,0,0,conservative_topk_strict_gt,IPIX_Dartmouth,19931107_135603_starea.cdf,101,19931107_135603_starea.cdf#101,tpsscs_trainable_gate,9,"8,9,10,11",,
0.0001,113278533.58335128,0.0,9.765625e-05,1024,10240,1,1,1,conservative_topk_strict_gt,IPIX_Dartmouth,19931107_135603_starea.cdf,101,19931107_135603_starea.cdf#101,tpsscs_trainable_gate,9,"8,9,10,11",,
0.0003,99172841.63902524,0.0,0.00029296875,1024,10240,3,3,3,conservative_topk_strict_gt,IPIX_Dartmouth,19931107_135603_starea.cdf,101,19931107_135603_starea.cdf#101,tpsscs_trainable_gate,9,"8,9,10,11",,
0.001,62374544.25681064,0.0,0.0009765625,1024,10240,10,10,10,conservative_topk_strict_gt,IPIX_Dartmouth,19931107_135603_starea.cdf,101,19931107_135603_starea.cdf#101,tpsscs_trainable_gate,9,"8,9,10,11",,
0.003,37968508.754175134,0.0,0.0029296875,1024,10240,30,30,30,conservative_topk_strict_gt,IPIX_Dartmouth,19931107_135603_starea.cdf,101,19931107_135603_starea.cdf#101,tpsscs_trainable_gate,9,"8,9,10,11",,
0.01,10715303.234045956,0.0,0.0099609375,1024,10240,102,102,102,conservative_topk_strict_gt,IPIX_Dartmouth,19931107_135603_starea.cdf,101,19931107_135603_starea.cdf#101,tpsscs_trainable_gate,9,"8,9,10,11",,
1e-05,,0.0009765625,0.0,1024,10240,0,0,2,residual_cfar_plus_zero_false_gate_union,IPIX_Dartmouth,19931107_135603_starea.cdf,101,19931107_135603_starea.cdf#101,tpsscs_finished_detector,9,"8,9,10,11",8869.654335307583,115167906.94268113
3e-05,,0.0009765625,0.0,1024,10240,0,0,2,residual_cfar_plus_zero_false_gate_union,IPIX_Dartmouth,19931107_135603_starea.cdf,101,19931107_135603_starea.cdf#101,tpsscs_finished_detector,9,"8,9,10,11",8869.654335307583,115167906.94268113
0.0001,,0.0009765625,9.765625e-05,1024,10240,1,1,3,residual_cfar_plus_zero_false_gate_union,IPIX_Dartmouth,19931107_135603_starea.cdf,101,19931107_135603_starea.cdf#101,tpsscs_finished_detector,9,"8,9,10,11",7743.328364003726,115167906.94268113
0.0003,,0.0009765625,0.00029296875,1024,10240,3,3,5,residual_cfar_plus_zero_false_gate_union,IPIX_Dartmouth,19931107_135603_starea.cdf,101,19931107_135603_starea.cdf#101,tpsscs_finished_detector,9,"8,9,10,11",7041.904553123481,115167906.94268113
0.001,,0.0009765625,0.0009765625,1024,10240,10,10,20,residual_cfar_plus_zero_false_gate_union,IPIX_Dartmouth,19931107_135603_starea.cdf,101,19931107_135603_starea.cdf#101,tpsscs_finished_detector,9,"8,9,10,11",4922.646238422625,115167906.94268113
0.003,,0.0009765625,0.0029296875,1024,10240,30,30,48,residual_cfar_plus_zero_false_gate_union,IPIX_Dartmouth,19931107_135603_starea.cdf,101,19931107_135603_starea.cdf#101,tpsscs_finished_detector,9,"8,9,10,11",3715.8056054705285,115167906.94268113
0.01,,0.0029296875,0.0099609375,1024,10240,102,102,139,residual_cfar_plus_zero_false_gate_union,IPIX_Dartmouth,19931107_135603_starea.cdf,101,19931107_135603_starea.cdf#101,tpsscs_finished_detector,9,"8,9,10,11",2566.533984468083,115167906.94268113
1e-05,344767476.35776514,0.0029296875,0.0,1024,10240,0,0,5,conservative_topk_strict_gt,IPIX_Dartmouth,19931107_135603_starea.cdf,102,19931107_135603_starea.cdf#102,raw,9,"8,9,10,11",,
3e-05,344767476.35776514,0.0029296875,0.0,1024,10240,0,0,5,conservative_topk_strict_gt,IPIX_Dartmouth,19931107_135603_starea.cdf,102,19931107_135603_starea.cdf#102,raw,9,"8,9,10,11",,
0.0001,336872242.10722363,0.00390625,9.765625e-05,1024,10240,1,1,7,conservative_topk_strict_gt,IPIX_Dartmouth,19931107_135603_starea.cdf,102,19931107_135603_starea.cdf#102,raw,9,"8,9,10,11",,
0.0003,266485475.4338379,0.0068359375,0.00029296875,1024,10240,3,3,12,conservative_topk_strict_gt,IPIX_Dartmouth,19931107_135603_starea.cdf,102,19931107_135603_starea.cdf#102,raw,9,"8,9,10,11",,
0.001,210329852.1545017,0.0146484375,0.0009765625,1024,10240,10,10,30,conservative_topk_strict_gt,IPIX_Dartmouth,19931107_135603_starea.cdf,102,19931107_135603_starea.cdf#102,raw,9,"8,9,10,11",,
0.003,134952494.52003986,0.029296875,0.0029296875,1024,10240,30,30,77,conservative_topk_strict_gt,IPIX_Dartmouth,19931107_135603_starea.cdf,102,19931107_135603_starea.cdf#102,raw,9,"8,9,10,11",,
0.01,67219696.16347885,0.0439453125,0.0099609375,1024,10240,102,102,177,conservative_topk_strict_gt,IPIX_Dartmouth,19931107_135603_starea.cdf,102,19931107_135603_starea.cdf#102,raw,9,"8,9,10,11",,
1e-05,45719.121544517315,0.0,0.0,1024,10240,0,0,0,conservative_topk_strict_gt,IPIX_Dartmouth,19931107_135603_starea.cdf,102,19931107_135603_starea.cdf#102,low_rank_residual_k30,9,"8,9,10,11",,
3e-05,45719.121544517315,0.0,0.0,1024,10240,0,0,0,conservative_topk_strict_gt,IPIX_Dartmouth,19931107_135603_starea.cdf,102,19931107_135603_starea.cdf#102,low_rank_residual_k30,9,"8,9,10,11",,
0.0001,43786.89790152554,0.0,9.765625e-05,1024,10240,1,1,1,conservative_topk_strict_gt,IPIX_Dartmouth,19931107_135603_starea.cdf,102,19931107_135603_starea.cdf#102,low_rank_residual_k30,9,"8,9,10,11",,
0.0003,42394.37127944211,0.0,0.00029296875,1024,10240,3,3,3,conservative_topk_strict_gt,IPIX_Dartmouth,19931107_135603_starea.cdf,102,19931107_135603_starea.cdf#102,low_rank_residual_k30,9,"8,9,10,11",,
0.001,34187.4025500145,0.0,0.0009765625,1024,10240,10,10,10,conservative_topk_strict_gt,IPIX_Dartmouth,19931107_135603_starea.cdf,102,19931107_135603_starea.cdf#102,low_rank_residual_k30,9,"8,9,10,11",,
0.003,24283.482302056822,0.0,0.0029296875,1024,10240,30,30,33,conservative_topk_strict_gt,IPIX_Dartmouth,19931107_135603_starea.cdf,102,19931107_135603_starea.cdf#102,low_rank_residual_k30,9,"8,9,10,11",,
0.01,15466.907352963972,0.0,0.0099609375,1024,10240,102,102,109,conservative_topk_strict_gt,IPIX_Dartmouth,19931107_135603_starea.cdf,102,19931107_135603_starea.cdf#102,low_rank_residual_k30,9,"8,9,10,11",,
1e-05,138965333.98194873,0.0244140625,0.0,1024,10240,0,0,41,conservative_topk_strict_gt,IPIX_Dartmouth,19931107_135603_starea.cdf,102,19931107_135603_starea.cdf#102,tpsscs_trainable_gate,9,"8,9,10,11",,
3e-05,138965333.98194873,0.0244140625,0.0,1024,10240,0,0,41,conservative_topk_strict_gt,IPIX_Dartmouth,19931107_135603_starea.cdf,102,19931107_135603_starea.cdf#102,tpsscs_trainable_gate,9,"8,9,10,11",,
0.0001,91375875.30844574,0.033203125,9.765625e-05,1024,10240,1,1,59,conservative_topk_strict_gt,IPIX_Dartmouth,19931107_135603_starea.cdf,102,19931107_135603_starea.cdf#102,tpsscs_trainable_gate,9,"8,9,10,11",,
0.0003,79309739.77621464,0.0361328125,0.00029296875,1024,10240,3,3,67,conservative_topk_strict_gt,IPIX_Dartmouth,19931107_135603_starea.cdf,102,19931107_135603_starea.cdf#102,tpsscs_trainable_gate,9,"8,9,10,11",,
0.001,51721317.76909454,0.0439453125,0.0009765625,1024,10240,10,10,90,conservative_topk_strict_gt,IPIX_Dartmouth,19931107_135603_starea.cdf,102,19931107_135603_starea.cdf#102,tpsscs_trainable_gate,9,"8,9,10,11",,
0.003,28860126.953791153,0.064453125,0.0029296875,1024,10240,30,30,146,conservative_topk_strict_gt,IPIX_Dartmouth,19931107_135603_starea.cdf,102,19931107_135603_starea.cdf#102,tpsscs_trainable_gate,9,"8,9,10,11",,
0.01,10499145.460058428,0.1044921875,0.0099609375,1024,10240,102,102,338,conservative_topk_strict_gt,IPIX_Dartmouth,19931107_135603_starea.cdf,102,19931107_135603_starea.cdf#102,tpsscs_trainable_gate,9,"8,9,10,11",,
1e-05,,0.0244140625,0.0,1024,10240,0,0,41,residual_cfar_plus_zero_false_gate_union,IPIX_Dartmouth,19931107_135603_starea.cdf,102,19931107_135603_starea.cdf#102,tpsscs_finished_detector,9,"8,9,10,11",45719.12154451905,138965333.98194873
3e-05,,0.0244140625,0.0,1024,10240,0,0,41,residual_cfar_plus_zero_false_gate_union,IPIX_Dartmouth,19931107_135603_starea.cdf,102,19931107_135603_starea.cdf#102,tpsscs_finished_detector,9,"8,9,10,11",45719.12154451905,138965333.98194873
0.0001,,0.0244140625,9.765625e-05,1024,10240,1,1,42,residual_cfar_plus_zero_false_gate_union,IPIX_Dartmouth,19931107_135603_starea.cdf,102,19931107_135603_starea.cdf#102,tpsscs_finished_detector,9,"8,9,10,11",43786.897901525466,138965333.98194873
0.0003,,0.0244140625,0.00029296875,1024,10240,3,3,44,residual_cfar_plus_zero_false_gate_union,IPIX_Dartmouth,19931107_135603_starea.cdf,102,19931107_135603_starea.cdf#102,tpsscs_finished_detector,9,"8,9,10,11",42394.37127944282,138965333.98194873
0.001,,0.0244140625,0.0009765625,1024,10240,10,10,51,residual_cfar_plus_zero_false_gate_union,IPIX_Dartmouth,19931107_135603_starea.cdf,102,19931107_135603_starea.cdf#102,tpsscs_finished_detector,9,"8,9,10,11",34187.40255001548,138965333.98194873
0.003,,0.0244140625,0.0029296875,1024,10240,30,30,74,residual_cfar_plus_zero_false_gate_union,IPIX_Dartmouth,19931107_135603_starea.cdf,102,19931107_135603_starea.cdf#102,tpsscs_finished_detector,9,"8,9,10,11",24283.48230205771,138965333.98194873
0.01,,0.0244140625,0.0099609375,1024,10240,102,102,150,residual_cfar_plus_zero_false_gate_union,IPIX_Dartmouth,19931107_135603_starea.cdf,102,19931107_135603_starea.cdf#102,tpsscs_finished_detector,9,"8,9,10,11",15466.907352963835,138965333.98194873
1e-05,577230095.6993109,0.0,0.0,1024,10240,0,0,0,conservative_topk_strict_gt,IPIX_Dartmouth,19931107_135603_starea.cdf,103,19931107_135603_starea.cdf#103,raw,9,"8,9,10,11",,
3e-05,577230095.6993109,0.0,0.0,1024,10240,0,0,0,conservative_topk_strict_gt,IPIX_Dartmouth,19931107_135603_starea.cdf,103,19931107_135603_starea.cdf#103,raw,9,"8,9,10,11",,
0.0001,421399428.05004764,0.0,9.765625e-05,1024,10240,1,1,1,conservative_topk_strict_gt,IPIX_Dartmouth,19931107_135603_starea.cdf,103,19931107_135603_starea.cdf#103,raw,9,"8,9,10,11",,
0.0003,398254310.0294833,0.0,0.00029296875,1024,10240,3,3,3,conservative_topk_strict_gt,IPIX_Dartmouth,19931107_135603_starea.cdf,103,19931107_135603_starea.cdf#103,raw,9,"8,9,10,11",,
0.001,309144712.9472827,0.0,0.0009765625,1024,10240,10,10,10,conservative_topk_strict_gt,IPIX_Dartmouth,19931107_135603_starea.cdf,103,19931107_135603_starea.cdf#103,raw,9,"8,9,10,11",,
0.003,216911505.79977804,0.0,0.0029296875,1024,10240,30,30,30,conservative_topk_strict_gt,IPIX_Dartmouth,19931107_135603_starea.cdf,103,19931107_135603_starea.cdf#103,raw,9,"8,9,10,11",,
0.01,119189816.75737798,0.0,0.0099609375,1024,10240,102,102,102,conservative_topk_strict_gt,IPIX_Dartmouth,19931107_135603_starea.cdf,103,19931107_135603_starea.cdf#103,raw,9,"8,9,10,11",,
1e-05,84347.13262072299,0.0,0.0,1024,10240,0,0,0,conservative_topk_strict_gt,IPIX_Dartmouth,19931107_135603_starea.cdf,103,19931107_135603_starea.cdf#103,low_rank_residual_k30,9,"8,9,10,11",,
3e-05,84347.13262072299,0.0,0.0,1024,10240,0,0,0,conservative_topk_strict_gt,IPIX_Dartmouth,19931107_135603_starea.cdf,103,19931107_135603_starea.cdf#103,low_rank_residual_k30,9,"8,9,10,11",,
0.0001,43277.01168979593,0.0,9.765625e-05,1024,10240,1,1,1,conservative_topk_strict_gt,IPIX_Dartmouth,19931107_135603_starea.cdf,103,19931107_135603_starea.cdf#103,low_rank_residual_k30,9,"8,9,10,11",,
0.0003,34966.886111193926,0.0,0.00029296875,1024,10240,3,3,3,conservative_topk_strict_gt,IPIX_Dartmouth,19931107_135603_starea.cdf,103,19931107_135603_starea.cdf#103,low_rank_residual_k30,9,"8,9,10,11",,
0.001,22661.953455802595,0.0009765625,0.0009765625,1024,10240,10,10,12,conservative_topk_strict_gt,IPIX_Dartmouth,19931107_135603_starea.cdf,103,19931107_135603_starea.cdf#103,low_rank_residual_k30,9,"8,9,10,11",,
0.003,15132.558777982826,0.0009765625,0.0029296875,1024,10240,30,30,39,conservative_topk_strict_gt,IPIX_Dartmouth,19931107_135603_starea.cdf,103,19931107_135603_starea.cdf#103,low_rank_residual_k30,9,"8,9,10,11",,
0.01,8568.914460307204,0.0048828125,0.0099609375,1024,10240,102,102,145,conservative_topk_strict_gt,IPIX_Dartmouth,19931107_135603_starea.cdf,103,19931107_135603_starea.cdf#103,low_rank_residual_k30,9,"8,9,10,11",,
1e-05,393303710.42796814,0.0,0.0,1024,10240,0,0,0,conservative_topk_strict_gt,IPIX_Dartmouth,19931107_135603_starea.cdf,103,19931107_135603_starea.cdf#103,tpsscs_trainable_gate,9,"8,9,10,11",,
3e-05,393303710.42796814,0.0,0.0,1024,10240,0,0,0,conservative_topk_strict_gt,IPIX_Dartmouth,19931107_135603_starea.cdf,103,19931107_135603_starea.cdf#103,tpsscs_trainable_gate,9,"8,9,10,11",,
0.0001,272367698.38919276,0.0,9.765625e-05,1024,10240,1,1,1,conservative_topk_strict_gt,IPIX_Dartmouth,19931107_135603_starea.cdf,103,19931107_135603_starea.cdf#103,tpsscs_trainable_gate,9,"8,9,10,11",,
0.0003,258678770.67484635,0.0,0.00029296875,1024,10240,3,3,3,conservative_topk_strict_gt,IPIX_Dartmouth,19931107_135603_starea.cdf,103,19931107_135603_starea.cdf#103,tpsscs_trainable_gate,9,"8,9,10,11",,
0.001,192616156.84733242,0.0,0.0009765625,1024,10240,10,10,10,conservative_topk_strict_gt,IPIX_Dartmouth,19931107_135603_starea.cdf,103,19931107_135603_starea.cdf#103,tpsscs_trainable_gate,9,"8,9,10,11",,
0.003,118416929.93733442,0.0,0.0029296875,1024,10240,30,30,30,conservative_topk_strict_gt,IPIX_Dartmouth,19931107_135603_starea.cdf,103,19931107_135603_starea.cdf#103,tpsscs_trainable_gate,9,"8,9,10,11",,
0.01,54401864.51066231,0.0,0.0099609375,1024,10240,102,102,102,conservative_topk_strict_gt,IPIX_Dartmouth,19931107_135603_starea.cdf,103,19931107_135603_starea.cdf#103,tpsscs_trainable_gate,9,"8,9,10,11",,
1e-05,,0.0,0.0,1024,10240,0,0,0,residual_cfar_plus_zero_false_gate_union,IPIX_Dartmouth,19931107_135603_starea.cdf,103,19931107_135603_starea.cdf#103,tpsscs_finished_detector,9,"8,9,10,11",84347.1326207233,393303710.42796814
3e-05,,0.0,0.0,1024,10240,0,0,0,residual_cfar_plus_zero_false_gate_union,IPIX_Dartmouth,19931107_135603_starea.cdf,103,19931107_135603_starea.cdf#103,tpsscs_finished_detector,9,"8,9,10,11",84347.1326207233,393303710.42796814
0.0001,,0.0,9.765625e-05,1024,10240,1,1,1,residual_cfar_plus_zero_false_gate_union,IPIX_Dartmouth,19931107_135603_starea.cdf,103,19931107_135603_starea.cdf#103,tpsscs_finished_detector,9,"8,9,10,11",43277.01168979659,393303710.42796814
0.0003,,0.0,0.00029296875,1024,10240,3,3,3,residual_cfar_plus_zero_false_gate_union,IPIX_Dartmouth,19931107_135603_starea.cdf,103,19931107_135603_starea.cdf#103,tpsscs_finished_detector,9,"8,9,10,11",34966.88611119439,393303710.42796814
0.001,,0.0009765625,0.0009765625,1024,10240,10,10,12,residual_cfar_plus_zero_false_gate_union,IPIX_Dartmouth,19931107_135603_starea.cdf,103,19931107_135603_starea.cdf#103,tpsscs_finished_detector,9,"8,9,10,11",22661.953455802442,393303710.42796814
0.003,,0.0009765625,0.0029296875,1024,10240,30,30,39,residual_cfar_plus_zero_false_gate_union,IPIX_Dartmouth,19931107_135603_starea.cdf,103,19931107_135603_starea.cdf#103,tpsscs_finished_detector,9,"8,9,10,11",15132.558777983715,393303710.42796814
0.01,,0.0048828125,0.0099609375,1024,10240,102,102,145,residual_cfar_plus_zero_false_gate_union,IPIX_Dartmouth,19931107_135603_starea.cdf,103,19931107_135603_starea.cdf#103,tpsscs_finished_detector,9,"8,9,10,11",8568.914460307826,393303710.42796814
1e-05,540070052.417371,0.0,0.0,1024,10240,0,0,0,conservative_topk_strict_gt,IPIX_Dartmouth,19931107_135603_starea.cdf,104,19931107_135603_starea.cdf#104,raw,9,"8,9,10,11",,
3e-05,540070052.417371,0.0,0.0,1024,10240,0,0,0,conservative_topk_strict_gt,IPIX_Dartmouth,19931107_135603_starea.cdf,104,19931107_135603_starea.cdf#104,raw,9,"8,9,10,11",,
0.0001,486515335.87949073,0.0,9.765625e-05,1024,10240,1,1,1,conservative_topk_strict_gt,IPIX_Dartmouth,19931107_135603_starea.cdf,104,19931107_135603_starea.cdf#104,raw,9,"8,9,10,11",,
0.0003,339455012.91962475,0.0,0.00029296875,1024,10240,3,3,3,conservative_topk_strict_gt,IPIX_Dartmouth,19931107_135603_starea.cdf,104,19931107_135603_starea.cdf#104,raw,9,"8,9,10,11",,
0.001,291328248.64371794,0.0,0.0009765625,1024,10240,10,10,10,conservative_topk_strict_gt,IPIX_Dartmouth,19931107_135603_starea.cdf,104,19931107_135603_starea.cdf#104,raw,9,"8,9,10,11",,
0.003,207941994.34854627,0.0,0.0029296875,1024,10240,30,30,30,conservative_topk_strict_gt,IPIX_Dartmouth,19931107_135603_starea.cdf,104,19931107_135603_starea.cdf#104,raw,9,"8,9,10,11",,
0.01,94300670.11376299,0.0009765625,0.0099609375,1024,10240,102,102,103,conservative_topk_strict_gt,IPIX_Dartmouth,19931107_135603_starea.cdf,104,19931107_135603_starea.cdf#104,raw,9,"8,9,10,11",,
1e-05,100902.12095726654,0.0,0.0,1024,10240,0,0,3,conservative_topk_strict_gt,IPIX_Dartmouth,19931107_135603_starea.cdf,104,19931107_135603_starea.cdf#104,low_rank_residual_k30,9,"8,9,10,11",,
3e-05,100902.12095726654,0.0,0.0,1024,10240,0,0,3,conservative_topk_strict_gt,IPIX_Dartmouth,19931107_135603_starea.cdf,104,19931107_135603_starea.cdf#104,low_rank_residual_k30,9,"8,9,10,11",,
0.0001,95661.40006865778,0.0,9.765625e-05,1024,10240,1,1,4,conservative_topk_strict_gt,IPIX_Dartmouth,19931107_135603_starea.cdf,104,19931107_135603_starea.cdf#104,low_rank_residual_k30,9,"8,9,10,11",,
0.0003,74057.3996506143,0.0,0.00029296875,1024,10240,3,3,9,conservative_topk_strict_gt,IPIX_Dartmouth,19931107_135603_starea.cdf,104,19931107_135603_starea.cdf#104,low_rank_residual_k30,9,"8,9,10,11",,
0.001,57125.83473265525,0.0,0.0009765625,1024,10240,10,10,19,conservative_topk_strict_gt,IPIX_Dartmouth,19931107_135603_starea.cdf,104,19931107_135603_starea.cdf#104,low_rank_residual_k30,9,"8,9,10,11",,
0.003,34963.92549801739,0.0,0.0029296875,1024,10240,30,30,72,conservative_topk_strict_gt,IPIX_Dartmouth,19931107_135603_starea.cdf,104,19931107_135603_starea.cdf#104,low_rank_residual_k30,9,"8,9,10,11",,
0.01,20252.310060266835,0.0,0.0099609375,1024,10240,102,102,199,conservative_topk_strict_gt,IPIX_Dartmouth,19931107_135603_starea.cdf,104,19931107_135603_starea.cdf#104,low_rank_residual_k30,9,"8,9,10,11",,
1e-05,364033805.75092226,0.0,0.0,1024,10240,0,0,0,conservative_topk_strict_gt,IPIX_Dartmouth,19931107_135603_starea.cdf,104,19931107_135603_starea.cdf#104,tpsscs_trainable_gate,9,"8,9,10,11",,
3e-05,364033805.75092226,0.0,0.0,1024,10240,0,0,0,conservative_topk_strict_gt,IPIX_Dartmouth,19931107_135603_starea.cdf,104,19931107_135603_starea.cdf#104,tpsscs_trainable_gate,9,"8,9,10,11",,
0.0001,331360437.15228486,0.0,9.765625e-05,1024,10240,1,1,1,conservative_topk_strict_gt,IPIX_Dartmouth,19931107_135603_starea.cdf,104,19931107_135603_starea.cdf#104,tpsscs_trainable_gate,9,"8,9,10,11",,
0.0003,289763460.4851418,0.0,0.00029296875,1024,10240,3,3,3,conservative_topk_strict_gt,IPIX_Dartmouth,19931107_135603_starea.cdf,104,19931107_135603_starea.cdf#104,tpsscs_trainable_gate,9,"8,9,10,11",,
0.001,197227047.42709404,0.0,0.0009765625,1024,10240,10,10,10,conservative_topk_strict_gt,IPIX_Dartmouth,19931107_135603_starea.cdf,104,19931107_135603_starea.cdf#104,tpsscs_trainable_gate,9,"8,9,10,11",,
0.003,83385597.55954103,0.0,0.0029296875,1024,10240,30,30,30,conservative_topk_strict_gt,IPIX_Dartmouth,19931107_135603_starea.cdf,104,19931107_135603_starea.cdf#104,tpsscs_trainable_gate,9,"8,9,10,11",,
0.01,40039469.5724823,0.0,0.0099609375,1024,10240,102,102,102,conservative_topk_strict_gt,IPIX_Dartmouth,19931107_135603_starea.cdf,104,19931107_135603_starea.cdf#104,tpsscs_trainable_gate,9,"8,9,10,11",,
1e-05,,0.0,0.0,1024,10240,0,0,3,residual_cfar_plus_zero_false_gate_union,IPIX_Dartmouth,19931107_135603_starea.cdf,104,19931107_135603_starea.cdf#104,tpsscs_finished_detector,9,"8,9,10,11",100902.12095726396,364033805.75092226
3e-05,,0.0,0.0,1024,10240,0,0,3,residual_cfar_plus_zero_false_gate_union,IPIX_Dartmouth,19931107_135603_starea.cdf,104,19931107_135603_starea.cdf#104,tpsscs_finished_detector,9,"8,9,10,11",100902.12095726396,364033805.75092226
0.0001,,0.0,9.765625e-05,1024,10240,1,1,4,residual_cfar_plus_zero_false_gate_union,IPIX_Dartmouth,19931107_135603_starea.cdf,104,19931107_135603_starea.cdf#104,tpsscs_finished_detector,9,"8,9,10,11",95661.40006865739,364033805.75092226
0.0003,,0.0,0.00029296875,1024,10240,3,3,9,residual_cfar_plus_zero_false_gate_union,IPIX_Dartmouth,19931107_135603_starea.cdf,104,19931107_135603_starea.cdf#104,tpsscs_finished_detector,9,"8,9,10,11",74057.39965061465,364033805.75092226
0.001,,0.0,0.0009765625,1024,10240,10,10,19,residual_cfar_plus_zero_false_gate_union,IPIX_Dartmouth,19931107_135603_starea.cdf,104,19931107_135603_starea.cdf#104,tpsscs_finished_detector,9,"8,9,10,11",57125.834732654905,364033805.75092226
0.003,,0.0,0.0029296875,1024,10240,30,30,72,residual_cfar_plus_zero_false_gate_union,IPIX_Dartmouth,19931107_135603_starea.cdf,104,19931107_135603_starea.cdf#104,tpsscs_finished_detector,9,"8,9,10,11",34963.92549801851,364033805.75092226
0.01,,0.0,0.0099609375,1024,10240,102,102,199,residual_cfar_plus_zero_false_gate_union,IPIX_Dartmouth,19931107_135603_starea.cdf,104,19931107_135603_starea.cdf#104,tpsscs_finished_detector,9,"8,9,10,11",20252.310060266973,364033805.75092226
1e-05,555562827.300464,0.0,0.0,1024,10240,0,0,0,conservative_topk_strict_gt,IPIX_Dartmouth,19931107_135603_starea.cdf,105,19931107_135603_starea.cdf#105,raw,9,"8,9,10,11",,
3e-05,555562827.300464,0.0,0.0,1024,10240,0,0,0,conservative_topk_strict_gt,IPIX_Dartmouth,19931107_135603_starea.cdf,105,19931107_135603_starea.cdf#105,raw,9,"8,9,10,11",,
0.0001,351120644.3576174,0.0,9.765625e-05,1024,10240,1,1,1,conservative_topk_strict_gt,IPIX_Dartmouth,19931107_135603_starea.cdf,105,19931107_135603_starea.cdf#105,raw,9,"8,9,10,11",,
0.0003,330624288.1335814,0.0,0.00029296875,1024,10240,3,3,3,conservative_topk_strict_gt,IPIX_Dartmouth,19931107_135603_starea.cdf,105,19931107_135603_starea.cdf#105,raw,9,"8,9,10,11",,
0.001,235615477.0246018,0.00390625,0.0009765625,1024,10240,10,10,17,conservative_topk_strict_gt,IPIX_Dartmouth,19931107_135603_starea.cdf,105,19931107_135603_starea.cdf#105,raw,9,"8,9,10,11",,
0.003,143035052.80687934,0.01171875,0.0029296875,1024,10240,30,30,61,conservative_topk_strict_gt,IPIX_Dartmouth,19931107_135603_starea.cdf,105,19931107_135603_starea.cdf#105,raw,9,"8,9,10,11",,
0.01,66939623.4153403,0.0283203125,0.0099609375,1024,10240,102,102,196,conservative_topk_strict_gt,IPIX_Dartmouth,19931107_135603_starea.cdf,105,19931107_135603_starea.cdf#105,raw,9,"8,9,10,11",,
1e-05,440609.1314260702,0.0,0.0,1024,10240,0,0,0,conservative_topk_strict_gt,IPIX_Dartmouth,19931107_135603_starea.cdf,105,19931107_135603_starea.cdf#105,low_rank_residual_k30,9,"8,9,10,11",,
3e-05,440609.1314260702,0.0,0.0,1024,10240,0,0,0,conservative_topk_strict_gt,IPIX_Dartmouth,19931107_135603_starea.cdf,105,19931107_135603_starea.cdf#105,low_rank_residual_k30,9,"8,9,10,11",,
0.0001,366686.92331751774,0.0,9.765625e-05,1024,10240,1,1,1,conservative_topk_strict_gt,IPIX_Dartmouth,19931107_135603_starea.cdf,105,19931107_135603_starea.cdf#105,low_rank_residual_k30,9,"8,9,10,11",,
0.0003,326711.6464459609,0.0,0.00029296875,1024,10240,3,3,3,conservative_topk_strict_gt,IPIX_Dartmouth,19931107_135603_starea.cdf,105,19931107_135603_starea.cdf#105,low_rank_residual_k30,9,"8,9,10,11",,
0.001,255919.88053449194,0.0,0.0009765625,1024,10240,10,10,14,conservative_topk_strict_gt,IPIX_Dartmouth,19931107_135603_starea.cdf,105,19931107_135603_starea.cdf#105,low_rank_residual_k30,9,"8,9,10,11",,
0.003,166233.70594159546,0.0,0.0029296875,1024,10240,30,30,44,conservative_topk_strict_gt,IPIX_Dartmouth,19931107_135603_starea.cdf,105,19931107_135603_starea.cdf#105,low_rank_residual_k30,9,"8,9,10,11",,
0.01,98685.00503906776,0.0,0.0099609375,1024,10240,102,102,139,conservative_topk_strict_gt,IPIX_Dartmouth,19931107_135603_starea.cdf,105,19931107_135603_starea.cdf#105,low_rank_residual_k30,9,"8,9,10,11",,
1e-05,92027673.84327252,0.0,0.0,1024,10240,0,0,3,conservative_topk_strict_gt,IPIX_Dartmouth,19931107_135603_starea.cdf,105,19931107_135603_starea.cdf#105,tpsscs_trainable_gate,9,"8,9,10,11",,
3e-05,92027673.84327252,0.0,0.0,1024,10240,0,0,3,conservative_topk_strict_gt,IPIX_Dartmouth,19931107_135603_starea.cdf,105,19931107_135603_starea.cdf#105,tpsscs_trainable_gate,9,"8,9,10,11",,
0.0001,61108045.828342885,0.0,9.765625e-05,1024,10240,1,1,7,conservative_topk_strict_gt,IPIX_Dartmouth,19931107_135603_starea.cdf,105,19931107_135603_starea.cdf#105,tpsscs_trainable_gate,9,"8,9,10,11",,
0.0003,47816253.273704834,0.0,0.00029296875,1024,10240,3,3,10,conservative_topk_strict_gt,IPIX_Dartmouth,19931107_135603_starea.cdf,105,19931107_135603_starea.cdf#105,tpsscs_trainable_gate,9,"8,9,10,11",,
0.001,33483452.39788518,0.0,0.0009765625,1024,10240,10,10,21,conservative_topk_strict_gt,IPIX_Dartmouth,19931107_135603_starea.cdf,105,19931107_135603_starea.cdf#105,tpsscs_trainable_gate,9,"8,9,10,11",,
0.003,16554464.351694562,0.0,0.0029296875,1024,10240,30,30,51,conservative_topk_strict_gt,IPIX_Dartmouth,19931107_135603_starea.cdf,105,19931107_135603_starea.cdf#105,tpsscs_trainable_gate,9,"8,9,10,11",,
0.01,5997107.407182339,0.0,0.0099609375,1024,10240,102,102,136,conservative_topk_strict_gt,IPIX_Dartmouth,19931107_135603_starea.cdf,105,19931107_135603_starea.cdf#105,tpsscs_trainable_gate,9,"8,9,10,11",,
1e-05,,0.0,0.0,1024,10240,0,0,3,residual_cfar_plus_zero_false_gate_union,IPIX_Dartmouth,19931107_135603_starea.cdf,105,19931107_135603_starea.cdf#105,tpsscs_finished_detector,9,"8,9,10,11",440609.1314260693,92027673.84327252
3e-05,,0.0,0.0,1024,10240,0,0,3,residual_cfar_plus_zero_false_gate_union,IPIX_Dartmouth,19931107_135603_starea.cdf,105,19931107_135603_starea.cdf#105,tpsscs_finished_detector,9,"8,9,10,11",440609.1314260693,92027673.84327252
0.0001,,0.0,9.765625e-05,1024,10240,1,1,4,residual_cfar_plus_zero_false_gate_union,IPIX_Dartmouth,19931107_135603_starea.cdf,105,19931107_135603_starea.cdf#105,tpsscs_finished_detector,9,"8,9,10,11",366686.9233175169,92027673.84327252
0.0003,,0.0,0.00029296875,1024,10240,3,3,6,residual_cfar_plus_zero_false_gate_union,IPIX_Dartmouth,19931107_135603_starea.cdf,105,19931107_135603_starea.cdf#105,tpsscs_finished_detector,9,"8,9,10,11",326711.6464459614,92027673.84327252
0.001,,0.0,0.0009765625,1024,10240,10,10,15,residual_cfar_plus_zero_false_gate_union,IPIX_Dartmouth,19931107_135603_starea.cdf,105,19931107_135603_starea.cdf#105,tpsscs_finished_detector,9,"8,9,10,11",255919.8805344913,92027673.84327252
0.003,,0.0,0.0029296875,1024,10240,30,30,44,residual_cfar_plus_zero_false_gate_union,IPIX_Dartmouth,19931107_135603_starea.cdf,105,19931107_135603_starea.cdf#105,tpsscs_finished_detector,9,"8,9,10,11",166233.70594159584,92027673.84327252
0.01,,0.0,0.0099609375,1024,10240,102,102,139,residual_cfar_plus_zero_false_gate_union,IPIX_Dartmouth,19931107_135603_starea.cdf,105,19931107_135603_starea.cdf#105,tpsscs_finished_detector,9,"8,9,10,11",98685.00503906826,92027673.84327252
1e-05,574941831.1326749,0.0,0.0,1024,10240,0,0,1,conservative_topk_strict_gt,IPIX_Dartmouth,19931107_135603_starea.cdf,106,19931107_135603_starea.cdf#106,raw,9,"8,9,10,11",,
3e-05,574941831.1326749,0.0,0.0,1024,10240,0,0,1,conservative_topk_strict_gt,IPIX_Dartmouth,19931107_135603_starea.cdf,106,19931107_135603_starea.cdf#106,raw,9,"8,9,10,11",,
0.0001,388238425.85288477,0.0,9.765625e-05,1024,10240,1,1,6,conservative_topk_strict_gt,IPIX_Dartmouth,19931107_135603_starea.cdf,106,19931107_135603_starea.cdf#106,raw,9,"8,9,10,11",,
0.0003,369665009.89159715,0.0,0.00029296875,1024,10240,3,3,9,conservative_topk_strict_gt,IPIX_Dartmouth,19931107_135603_starea.cdf,106,19931107_135603_starea.cdf#106,raw,9,"8,9,10,11",,
0.001,304678992.6169973,0.0,0.0009765625,1024,10240,10,10,23,conservative_topk_strict_gt,IPIX_Dartmouth,19931107_135603_starea.cdf,106,19931107_135603_starea.cdf#106,raw,9,"8,9,10,11",,
0.003,205187745.63305825,0.0,0.0029296875,1024,10240,30,30,57,conservative_topk_strict_gt,IPIX_Dartmouth,19931107_135603_starea.cdf,106,19931107_135603_starea.cdf#106,raw,9,"8,9,10,11",,
0.01,92581325.78580217,0.0,0.0099609375,1024,10240,102,102,196,conservative_topk_strict_gt,IPIX_Dartmouth,19931107_135603_starea.cdf,106,19931107_135603_starea.cdf#106,raw,9,"8,9,10,11",,
1e-05,125566.00064429385,0.00390625,0.0,1024,10240,0,0,4,conservative_topk_strict_gt,IPIX_Dartmouth,19931107_135603_starea.cdf,106,19931107_135603_starea.cdf#106,low_rank_residual_k30,9,"8,9,10,11",,
3e-05,125566.00064429385,0.00390625,0.0,1024,10240,0,0,4,conservative_topk_strict_gt,IPIX_Dartmouth,19931107_135603_starea.cdf,106,19931107_135603_starea.cdf#106,low_rank_residual_k30,9,"8,9,10,11",,
0.0001,110504.831309514,0.00390625,9.765625e-05,1024,10240,1,1,5,conservative_topk_strict_gt,IPIX_Dartmouth,19931107_135603_starea.cdf,106,19931107_135603_starea.cdf#106,low_rank_residual_k30,9,"8,9,10,11",,
0.0003,104308.15890812757,0.00390625,0.00029296875,1024,10240,3,3,7,conservative_topk_strict_gt,IPIX_Dartmouth,19931107_135603_starea.cdf,106,19931107_135603_starea.cdf#106,low_rank_residual_k30,9,"8,9,10,11",,
0.001,77533.90702564537,0.00390625,0.0009765625,1024,10240,10,10,17,conservative_topk_strict_gt,IPIX_Dartmouth,19931107_135603_starea.cdf,106,19931107_135603_starea.cdf#106,low_rank_residual_k30,9,"8,9,10,11",,
0.003,53117.45348858765,0.005859375,0.0029296875,1024,10240,30,30,41,conservative_topk_strict_gt,IPIX_Dartmouth,19931107_135603_starea.cdf,106,19931107_135603_starea.cdf#106,low_rank_residual_k30,9,"8,9,10,11",,
0.01,28267.78031894475,0.0107421875,0.0099609375,1024,10240,102,102,121,conservative_topk_strict_gt,IPIX_Dartmouth,19931107_135603_starea.cdf,106,19931107_135603_starea.cdf#106,low_rank_residual_k30,9,"8,9,10,11",,
1e-05,327066633.39148057,0.0,0.0,1024,10240,0,0,1,conservative_topk_strict_gt,IPIX_Dartmouth,19931107_135603_starea.cdf,106,19931107_135603_starea.cdf#106,tpsscs_trainable_gate,9,"8,9,10,11",,
3e-05,327066633.39148057,0.0,0.0,1024,10240,0,0,1,conservative_topk_strict_gt,IPIX_Dartmouth,19931107_135603_starea.cdf,106,19931107_135603_starea.cdf#106,tpsscs_trainable_gate,9,"8,9,10,11",,
0.0001,304647103.96220297,0.0,9.765625e-05,1024,10240,1,1,2,conservative_topk_strict_gt,IPIX_Dartmouth,19931107_135603_starea.cdf,106,19931107_135603_starea.cdf#106,tpsscs_trainable_gate,9,"8,9,10,11",,
0.0003,260570820.1293443,0.0,0.00029296875,1024,10240,3,3,4,conservative_topk_strict_gt,IPIX_Dartmouth,19931107_135603_starea.cdf,106,19931107_135603_starea.cdf#106,tpsscs_trainable_gate,9,"8,9,10,11",,
0.001,171367257.65319484,0.0,0.0009765625,1024,10240,10,10,11,conservative_topk_strict_gt,IPIX_Dartmouth,19931107_135603_starea.cdf,106,19931107_135603_starea.cdf#106,tpsscs_trainable_gate,9,"8,9,10,11",,
0.003,87838831.74230437,0.0,0.0029296875,1024,10240,30,30,38,conservative_topk_strict_gt,IPIX_Dartmouth,19931107_135603_starea.cdf,106,19931107_135603_starea.cdf#106,tpsscs_trainable_gate,9,"8,9,10,11",,
0.01,20154624.86325234,0.0,0.0099609375,1024,10240,102,102,140,conservative_topk_strict_gt,IPIX_Dartmouth,19931107_135603_starea.cdf,106,19931107_135603_starea.cdf#106,tpsscs_trainable_gate,9,"8,9,10,11",,
1e-05,,0.00390625,0.0,1024,10240,0,0,5,residual_cfar_plus_zero_false_gate_union,IPIX_Dartmouth,19931107_135603_starea.cdf,106,19931107_135603_starea.cdf#106,tpsscs_finished_detector,9,"8,9,10,11",125566.00064429364,327066633.39148057
3e-05,,0.00390625,0.0,1024,10240,0,0,5,residual_cfar_plus_zero_false_gate_union,IPIX_Dartmouth,19931107_135603_starea.cdf,106,19931107_135603_starea.cdf#106,tpsscs_finished_detector,9,"8,9,10,11",125566.00064429364,327066633.39148057
0.0001,,0.00390625,9.765625e-05,1024,10240,1,1,6,residual_cfar_plus_zero_false_gate_union,IPIX_Dartmouth,19931107_135603_starea.cdf,106,19931107_135603_starea.cdf#106,tpsscs_finished_detector,9,"8,9,10,11",110504.83130951475,327066633.39148057
0.0003,,0.00390625,0.00029296875,1024,10240,3,3,8,residual_cfar_plus_zero_false_gate_union,IPIX_Dartmouth,19931107_135603_starea.cdf,106,19931107_135603_starea.cdf#106,tpsscs_finished_detector,9,"8,9,10,11",104308.1589081273,327066633.39148057
0.001,,0.00390625,0.0009765625,1024,10240,10,10,18,residual_cfar_plus_zero_false_gate_union,IPIX_Dartmouth,19931107_135603_starea.cdf,106,19931107_135603_starea.cdf#106,tpsscs_finished_detector,9,"8,9,10,11",77533.9070256453,327066633.39148057
0.003,,0.005859375,0.0029296875,1024,10240,30,30,42,residual_cfar_plus_zero_false_gate_union,IPIX_Dartmouth,19931107_135603_starea.cdf,106,19931107_135603_starea.cdf#106,tpsscs_finished_detector,9,"8,9,10,11",53117.453488587846,327066633.39148057
0.01,,0.0107421875,0.0099609375,1024,10240,102,102,122,residual_cfar_plus_zero_false_gate_union,IPIX_Dartmouth,19931107_135603_starea.cdf,106,19931107_135603_starea.cdf#106,tpsscs_finished_detector,9,"8,9,10,11",28267.780318944868,327066633.39148057
1e-05,634281894.9921238,0.00390625,0.0,1024,10240,0,0,6,conservative_topk_strict_gt,IPIX_Dartmouth,19931107_135603_starea.cdf,107,19931107_135603_starea.cdf#107,raw,9,"8,9,10,11",,
3e-05,634281894.9921238,0.00390625,0.0,1024,10240,0,0,6,conservative_topk_strict_gt,IPIX_Dartmouth,19931107_135603_starea.cdf,107,19931107_135603_starea.cdf#107,raw,9,"8,9,10,11",,
0.0001,523025237.83469397,0.0048828125,9.765625e-05,1024,10240,1,1,16,conservative_topk_strict_gt,IPIX_Dartmouth,19931107_135603_starea.cdf,107,19931107_135603_starea.cdf#107,raw,9,"8,9,10,11",,
0.0003,437082278.88023967,0.005859375,0.00029296875,1024,10240,3,3,25,conservative_topk_strict_gt,IPIX_Dartmouth,19931107_135603_starea.cdf,107,19931107_135603_starea.cdf#107,raw,9,"8,9,10,11",,
0.001,228134507.48976472,0.01171875,0.0009765625,1024,10240,10,10,51,conservative_topk_strict_gt,IPIX_Dartmouth,19931107_135603_starea.cdf,107,19931107_135603_starea.cdf#107,raw,9,"8,9,10,11",,
0.003,159605811.00791532,0.017578125,0.0029296875,1024,10240,30,30,104,conservative_topk_strict_gt,IPIX_Dartmouth,19931107_135603_starea.cdf,107,19931107_135603_starea.cdf#107,raw,9,"8,9,10,11",,
0.01,77845367.0627588,0.03515625,0.0099609375,1024,10240,102,102,258,conservative_topk_strict_gt,IPIX_Dartmouth,19931107_135603_starea.cdf,107,19931107_135603_starea.cdf#107,raw,9,"8,9,10,11",,
1e-05,273178.3135634103,0.0,0.0,1024,10240,0,0,54,conservative_topk_strict_gt,IPIX_Dartmouth,19931107_135603_starea.cdf,107,19931107_135603_starea.cdf#107,low_rank_residual_k30,9,"8,9,10,11",,
3e-05,273178.3135634103,0.0,0.0,1024,10240,0,0,54,conservative_topk_strict_gt,IPIX_Dartmouth,19931107_135603_starea.cdf,107,19931107_135603_starea.cdf#107,low_rank_residual_k30,9,"8,9,10,11",,
0.0001,261324.98258585433,0.0,9.765625e-05,1024,10240,1,1,61,conservative_topk_strict_gt,IPIX_Dartmouth,19931107_135603_starea.cdf,107,19931107_135603_starea.cdf#107,low_rank_residual_k30,9,"8,9,10,11",,
0.0003,243637.41825792156,0.0,0.00029296875,1024,10240,3,3,77,conservative_topk_strict_gt,IPIX_Dartmouth,19931107_135603_starea.cdf,107,19931107_135603_starea.cdf#107,low_rank_residual_k30,9,"8,9,10,11",,
0.001,164029.70538600872,0.0,0.0009765625,1024,10240,10,10,171,conservative_topk_strict_gt,IPIX_Dartmouth,19931107_135603_starea.cdf,107,19931107_135603_starea.cdf#107,low_rank_residual_k30,9,"8,9,10,11",,
0.003,113440.00040298369,0.0,0.0029296875,1024,10240,30,30,293,conservative_topk_strict_gt,IPIX_Dartmouth,19931107_135603_starea.cdf,107,19931107_135603_starea.cdf#107,low_rank_residual_k30,9,"8,9,10,11",,
0.01,70556.03260687654,0.0,0.0099609375,1024,10240,102,102,536,conservative_topk_strict_gt,IPIX_Dartmouth,19931107_135603_starea.cdf,107,19931107_135603_starea.cdf#107,low_rank_residual_k30,9,"8,9,10,11",,
1e-05,255044008.3653285,0.0,0.0,1024,10240,0,0,0,conservative_topk_strict_gt,IPIX_Dartmouth,19931107_135603_starea.cdf,107,19931107_135603_starea.cdf#107,tpsscs_trainable_gate,9,"8,9,10,11",,
3e-05,255044008.3653285,0.0,0.0,1024,10240,0,0,0,conservative_topk_strict_gt,IPIX_Dartmouth,19931107_135603_starea.cdf,107,19931107_135603_starea.cdf#107,tpsscs_trainable_gate,9,"8,9,10,11",,
0.0001,201903733.54877818,0.0,9.765625e-05,1024,10240,1,1,1,conservative_topk_strict_gt,IPIX_Dartmouth,19931107_135603_starea.cdf,107,19931107_135603_starea.cdf#107,tpsscs_trainable_gate,9,"8,9,10,11",,
0.0003,160529331.61550823,0.0,0.00029296875,1024,10240,3,3,3,conservative_topk_strict_gt,IPIX_Dartmouth,19931107_135603_starea.cdf,107,19931107_135603_starea.cdf#107,tpsscs_trainable_gate,9,"8,9,10,11",,
0.001,93827070.57152238,0.0,0.0009765625,1024,10240,10,10,10,conservative_topk_strict_gt,IPIX_Dartmouth,19931107_135603_starea.cdf,107,19931107_135603_starea.cdf#107,tpsscs_trainable_gate,9,"8,9,10,11",,
0.003,48025389.606788404,0.0,0.0029296875,1024,10240,30,30,30,conservative_topk_strict_gt,IPIX_Dartmouth,19931107_135603_starea.cdf,107,19931107_135603_starea.cdf#107,tpsscs_trainable_gate,9,"8,9,10,11",,
0.01,12307875.223307595,0.0,0.0099609375,1024,10240,102,102,109,conservative_topk_strict_gt,IPIX_Dartmouth,19931107_135603_starea.cdf,107,19931107_135603_starea.cdf#107,tpsscs_trainable_gate,9,"8,9,10,11",,
1e-05,,0.0,0.0,1024,10240,0,0,54,residual_cfar_plus_zero_false_gate_union,IPIX_Dartmouth,19931107_135603_starea.cdf,107,19931107_135603_starea.cdf#107,tpsscs_finished_detector,9,"8,9,10,11",273178.3135634113,255044008.3653285
3e-05,,0.0,0.0,1024,10240,0,0,54,residual_cfar_plus_zero_false_gate_union,IPIX_Dartmouth,19931107_135603_starea.cdf,107,19931107_135603_starea.cdf#107,tpsscs_finished_detector,9,"8,9,10,11",273178.3135634113,255044008.3653285
0.0001,,0.0,9.765625e-05,1024,10240,1,1,61,residual_cfar_plus_zero_false_gate_union,IPIX_Dartmouth,19931107_135603_starea.cdf,107,19931107_135603_starea.cdf#107,tpsscs_finished_detector,9,"8,9,10,11",261324.9825858578,255044008.3653285
0.0003,,0.0,0.00029296875,1024,10240,3,3,77,residual_cfar_plus_zero_false_gate_union,IPIX_Dartmouth,19931107_135603_starea.cdf,107,19931107_135603_starea.cdf#107,tpsscs_finished_detector,9,"8,9,10,11",243637.41825791987,255044008.3653285
0.001,,0.0,0.0009765625,1024,10240,10,10,171,residual_cfar_plus_zero_false_gate_union,IPIX_Dartmouth,19931107_135603_starea.cdf,107,19931107_135603_starea.cdf#107,tpsscs_finished_detector,9,"8,9,10,11",164029.7053860093,255044008.3653285
0.003,,0.0,0.0029296875,1024,10240,30,30,293,residual_cfar_plus_zero_false_gate_union,IPIX_Dartmouth,19931107_135603_starea.cdf,107,19931107_135603_starea.cdf#107,tpsscs_finished_detector,9,"8,9,10,11",113440.00040298443,255044008.3653285
0.01,,0.0,0.0099609375,1024,10240,102,102,536,residual_cfar_plus_zero_false_gate_union,IPIX_Dartmouth,19931107_135603_starea.cdf,107,19931107_135603_starea.cdf#107,tpsscs_finished_detector,9,"8,9,10,11",70556.03260687667,255044008.3653285
1e-05,408461727.58898365,0.009765625,0.0,1024,10240,0,0,39,conservative_topk_strict_gt,IPIX_Dartmouth,19931107_135603_starea.cdf,108,19931107_135603_starea.cdf#108,raw,9,"8,9,10,11",,
3e-05,408461727.58898365,0.009765625,0.0,1024,10240,0,0,39,conservative_topk_strict_gt,IPIX_Dartmouth,19931107_135603_starea.cdf,108,19931107_135603_starea.cdf#108,raw,9,"8,9,10,11",,
0.0001,316129644.04998595,0.01171875,9.765625e-05,1024,10240,1,1,49,conservative_topk_strict_gt,IPIX_Dartmouth,19931107_135603_starea.cdf,108,19931107_135603_starea.cdf#108,raw,9,"8,9,10,11",,
0.0003,215205979.2707052,0.013671875,0.00029296875,1024,10240,3,3,68,conservative_topk_strict_gt,IPIX_Dartmouth,19931107_135603_starea.cdf,108,19931107_135603_starea.cdf#108,raw,9,"8,9,10,11",,
0.001,174670722.94020346,0.0166015625,0.0009765625,1024,10240,10,10,98,conservative_topk_strict_gt,IPIX_Dartmouth,19931107_135603_starea.cdf,108,19931107_135603_starea.cdf#108,raw,9,"8,9,10,11",,
0.003,97808635.85063876,0.0283203125,0.0029296875,1024,10240,30,30,207,conservative_topk_strict_gt,IPIX_Dartmouth,19931107_135603_starea.cdf,108,19931107_135603_starea.cdf#108,raw,9,"8,9,10,11",,
0.01,56217389.832483,0.05078125,0.0099609375,1024,10240,102,102,392,conservative_topk_strict_gt,IPIX_Dartmouth,19931107_135603_starea.cdf,108,19931107_135603_starea.cdf#108,raw,9,"8,9,10,11",,
1e-05,444213.02777095936,0.0,0.0,1024,10240,0,0,0,conservative_topk_strict_gt,IPIX_Dartmouth,19931107_135603_starea.cdf,108,19931107_135603_starea.cdf#108,low_rank_residual_k30,9,"8,9,10,11",,
3e-05,444213.02777095936,0.0,0.0,1024,10240,0,0,0,conservative_topk_strict_gt,IPIX_Dartmouth,19931107_135603_starea.cdf,108,19931107_135603_starea.cdf#108,low_rank_residual_k30,9,"8,9,10,11",,
0.0001,354639.0968647909,0.0,9.765625e-05,1024,10240,1,1,1,conservative_topk_strict_gt,IPIX_Dartmouth,19931107_135603_starea.cdf,108,19931107_135603_starea.cdf#108,low_rank_residual_k30,9,"8,9,10,11",,
0.0003,290552.47174508043,0.0,0.00029296875,1024,10240,3,3,3,conservative_topk_strict_gt,IPIX_Dartmouth,19931107_135603_starea.cdf,108,19931107_135603_starea.cdf#108,low_rank_residual_k30,9,"8,9,10,11",,
0.001,186062.1682322919,0.0,0.0009765625,1024,10240,10,10,10,conservative_topk_strict_gt,IPIX_Dartmouth,19931107_135603_starea.cdf,108,19931107_135603_starea.cdf#108,low_rank_residual_k30,9,"8,9,10,11",,
0.003,137582.89716429723,0.0,0.0029296875,1024,10240,30,30,30,conservative_topk_strict_gt,IPIX_Dartmouth,19931107_135603_starea.cdf,108,19931107_135603_starea.cdf#108,low_rank_residual_k30,9,"8,9,10,11",,
0.01,60095.928227222226,0.0,0.0099609375,1024,10240,102,102,102,conservative_topk_strict_gt,IPIX_Dartmouth,19931107_135603_starea.cdf,108,19931107_135603_starea.cdf#108,low_rank_residual_k30,9,"8,9,10,11",,
1e-05,115157904.20104022,0.0,0.0,1024,10240,0,0,34,conservative_topk_strict_gt,IPIX_Dartmouth,19931107_135603_starea.cdf,108,19931107_135603_starea.cdf#108,tpsscs_trainable_gate,9,"8,9,10,11",,
3e-05,115157904.20104022,0.0,0.0,1024,10240,0,0,34,conservative_topk_strict_gt,IPIX_Dartmouth,19931107_135603_starea.cdf,108,19931107_135603_starea.cdf#108,tpsscs_trainable_gate,9,"8,9,10,11",,
0.0001,85731271.10575572,0.0,9.765625e-05,1024,10240,1,1,55,conservative_topk_strict_gt,IPIX_Dartmouth,19931107_135603_starea.cdf,108,19931107_135603_starea.cdf#108,tpsscs_trainable_gate,9,"8,9,10,11",,
0.0003,58280906.130402766,0.0,0.00029296875,1024,10240,3,3,72,conservative_topk_strict_gt,IPIX_Dartmouth,19931107_135603_starea.cdf,108,19931107_135603_starea.cdf#108,tpsscs_trainable_gate,9,"8,9,10,11",,
0.001,37961617.416391276,0.0,0.0009765625,1024,10240,10,10,97,conservative_topk_strict_gt,IPIX_Dartmouth,19931107_135603_starea.cdf,108,19931107_135603_starea.cdf#108,tpsscs_trainable_gate,9,"8,9,10,11",,
0.003,26538864.158737443,0.0,0.0029296875,1024,10240,30,30,144,conservative_topk_strict_gt,IPIX_Dartmouth,19931107_135603_starea.cdf,108,19931107_135603_starea.cdf#108,tpsscs_trainable_gate,9,"8,9,10,11",,
0.01,11358345.867086029,0.0,0.0099609375,1024,10240,102,102,322,conservative_topk_strict_gt,IPIX_Dartmouth,19931107_135603_starea.cdf,108,19931107_135603_starea.cdf#108,tpsscs_trainable_gate,9,"8,9,10,11",,
1e-05,,0.0,0.0,1024,10240,0,0,34,residual_cfar_plus_zero_false_gate_union,IPIX_Dartmouth,19931107_135603_starea.cdf,108,19931107_135603_starea.cdf#108,tpsscs_finished_detector,9,"8,9,10,11",444213.02777096315,115157904.20104022
3e-05,,0.0,0.0,1024,10240,0,0,34,residual_cfar_plus_zero_false_gate_union,IPIX_Dartmouth,19931107_135603_starea.cdf,108,19931107_135603_starea.cdf#108,tpsscs_finished_detector,9,"8,9,10,11",444213.02777096315,115157904.20104022
0.0001,,0.0,9.765625e-05,1024,10240,1,1,35,residual_cfar_plus_zero_false_gate_union,IPIX_Dartmouth,19931107_135603_starea.cdf,108,19931107_135603_starea.cdf#108,tpsscs_finished_detector,9,"8,9,10,11",354639.0968647875,115157904.20104022
0.0003,,0.0,0.00029296875,1024,10240,3,3,37,residual_cfar_plus_zero_false_gate_union,IPIX_Dartmouth,19931107_135603_starea.cdf,108,19931107_135603_starea.cdf#108,tpsscs_finished_detector,9,"8,9,10,11",290552.4717450806,115157904.20104022
0.001,,0.0,0.0009765625,1024,10240,10,10,44,residual_cfar_plus_zero_false_gate_union,IPIX_Dartmouth,19931107_135603_starea.cdf,108,19931107_135603_starea.cdf#108,tpsscs_finished_detector,9,"8,9,10,11",186062.1682322909,115157904.20104022
0.003,,0.0,0.0029296875,1024,10240,30,30,64,residual_cfar_plus_zero_false_gate_union,IPIX_Dartmouth,19931107_135603_starea.cdf,108,19931107_135603_starea.cdf#108,tpsscs_finished_detector,9,"8,9,10,11",137582.89716429941,115157904.20104022
0.01,,0.0,0.0099609375,1024,10240,102,102,136,residual_cfar_plus_zero_false_gate_union,IPIX_Dartmouth,19931107_135603_starea.cdf,108,19931107_135603_starea.cdf#108,tpsscs_finished_detector,9,"8,9,10,11",60095.92822722243,115157904.20104022
1e-05,768930929.2926183,0.00390625,0.0,1024,10240,0,0,38,conservative_topk_strict_gt,IPIX_Dartmouth,19931107_135603_starea.cdf,109,19931107_135603_starea.cdf#109,raw,9,"8,9,10,11",,
3e-05,768930929.2926183,0.00390625,0.0,1024,10240,0,0,38,conservative_topk_strict_gt,IPIX_Dartmouth,19931107_135603_starea.cdf,109,19931107_135603_starea.cdf#109,raw,9,"8,9,10,11",,
0.0001,527384508.95848334,0.0087890625,9.765625e-05,1024,10240,1,1,53,conservative_topk_strict_gt,IPIX_Dartmouth,19931107_135603_starea.cdf,109,19931107_135603_starea.cdf#109,raw,9,"8,9,10,11",,
0.0003,396250945.45369864,0.0107421875,0.00029296875,1024,10240,3,3,60,conservative_topk_strict_gt,IPIX_Dartmouth,19931107_135603_starea.cdf,109,19931107_135603_starea.cdf#109,raw,9,"8,9,10,11",,
0.001,313541992.0597202,0.0126953125,0.0009765625,1024,10240,10,10,75,conservative_topk_strict_gt,IPIX_Dartmouth,19931107_135603_starea.cdf,109,19931107_135603_starea.cdf#109,raw,9,"8,9,10,11",,
0.003,230966494.24264273,0.0166015625,0.0029296875,1024,10240,30,30,102,conservative_topk_strict_gt,IPIX_Dartmouth,19931107_135603_starea.cdf,109,19931107_135603_starea.cdf#109,raw,9,"8,9,10,11",,
0.01,116852631.55414683,0.025390625,0.0099609375,1024,10240,102,102,212,conservative_topk_strict_gt,IPIX_Dartmouth,19931107_135603_starea.cdf,109,19931107_135603_starea.cdf#109,raw,9,"8,9,10,11",,
1e-05,2434234.326387731,0.0,0.0,1024,10240,0,0,0,conservative_topk_strict_gt,IPIX_Dartmouth,19931107_135603_starea.cdf,109,19931107_135603_starea.cdf#109,low_rank_residual_k30,9,"8,9,10,11",,
3e-05,2434234.326387731,0.0,0.0,1024,10240,0,0,0,conservative_topk_strict_gt,IPIX_Dartmouth,19931107_135603_starea.cdf,109,19931107_135603_starea.cdf#109,low_rank_residual_k30,9,"8,9,10,11",,
0.0001,2278367.205666628,0.0,9.765625e-05,1024,10240,1,1,1,conservative_topk_strict_gt,IPIX_Dartmouth,19931107_135603_starea.cdf,109,19931107_135603_starea.cdf#109,low_rank_residual_k30,9,"8,9,10,11",,
0.0003,2155731.7940821378,0.0,0.00029296875,1024,10240,3,3,3,conservative_topk_strict_gt,IPIX_Dartmouth,19931107_135603_starea.cdf,109,19931107_135603_starea.cdf#109,low_rank_residual_k30,9,"8,9,10,11",,
0.001,1530423.0884496274,0.0,0.0009765625,1024,10240,10,10,10,conservative_topk_strict_gt,IPIX_Dartmouth,19931107_135603_starea.cdf,109,19931107_135603_starea.cdf#109,low_rank_residual_k30,9,"8,9,10,11",,
0.003,1242266.358066045,0.0009765625,0.0029296875,1024,10240,30,30,31,conservative_topk_strict_gt,IPIX_Dartmouth,19931107_135603_starea.cdf,109,19931107_135603_starea.cdf#109,low_rank_residual_k30,9,"8,9,10,11",,
0.01,903951.39760637,0.0029296875,0.0099609375,1024,10240,102,102,105,conservative_topk_strict_gt,IPIX_Dartmouth,19931107_135603_starea.cdf,109,19931107_135603_starea.cdf#109,low_rank_residual_k30,9,"8,9,10,11",,
1e-05,349731643.50535053,0.0009765625,0.0,1024,10240,0,0,18,conservative_topk_strict_gt,IPIX_Dartmouth,19931107_135603_starea.cdf,109,19931107_135603_starea.cdf#109,tpsscs_trainable_gate,9,"8,9,10,11",,
3e-05,349731643.50535053,0.0009765625,0.0,1024,10240,0,0,18,conservative_topk_strict_gt,IPIX_Dartmouth,19931107_135603_starea.cdf,109,19931107_135603_starea.cdf#109,tpsscs_trainable_gate,9,"8,9,10,11",,
0.0001,310882288.91003346,0.0009765625,9.765625e-05,1024,10240,1,1,19,conservative_topk_strict_gt,IPIX_Dartmouth,19931107_135603_starea.cdf,109,19931107_135603_starea.cdf#109,tpsscs_trainable_gate,9,"8,9,10,11",,
0.0003,231768403.923215,0.001953125,0.00029296875,1024,10240,3,3,23,conservative_topk_strict_gt,IPIX_Dartmouth,19931107_135603_starea.cdf,109,19931107_135603_starea.cdf#109,tpsscs_trainable_gate,9,"8,9,10,11",,
0.001,140160322.17927247,0.0048828125,0.0009765625,1024,10240,10,10,35,conservative_topk_strict_gt,IPIX_Dartmouth,19931107_135603_starea.cdf,109,19931107_135603_starea.cdf#109,tpsscs_trainable_gate,9,"8,9,10,11",,
0.003,87627023.2955258,0.0078125,0.0029296875,1024,10240,30,30,68,conservative_topk_strict_gt,IPIX_Dartmouth,19931107_135603_starea.cdf,109,19931107_135603_starea.cdf#109,tpsscs_trainable_gate,9,"8,9,10,11",,
0.01,34317093.58952728,0.025390625,0.0099609375,1024,10240,102,102,210,conservative_topk_strict_gt,IPIX_Dartmouth,19931107_135603_starea.cdf,109,19931107_135603_starea.cdf#109,tpsscs_trainable_gate,9,"8,9,10,11",,
1e-05,,0.0009765625,0.0,1024,10240,0,0,18,residual_cfar_plus_zero_false_gate_union,IPIX_Dartmouth,19931107_135603_starea.cdf,109,19931107_135603_starea.cdf#109,tpsscs_finished_detector,9,"8,9,10,11",2434234.326387721,349731643.50535053
3e-05,,0.0009765625,0.0,1024,10240,0,0,18,residual_cfar_plus_zero_false_gate_union,IPIX_Dartmouth,19931107_135603_starea.cdf,109,19931107_135603_starea.cdf#109,tpsscs_finished_detector,9,"8,9,10,11",2434234.326387721,349731643.50535053
0.0001,,0.0009765625,9.765625e-05,1024,10240,1,1,19,residual_cfar_plus_zero_false_gate_union,IPIX_Dartmouth,19931107_135603_starea.cdf,109,19931107_135603_starea.cdf#109,tpsscs_finished_detector,9,"8,9,10,11",2278367.205666626,349731643.50535053
0.0003,,0.0009765625,0.00029296875,1024,10240,3,3,21,residual_cfar_plus_zero_false_gate_union,IPIX_Dartmouth,19931107_135603_starea.cdf,109,19931107_135603_starea.cdf#109,tpsscs_finished_detector,9,"8,9,10,11",2155731.794082146,349731643.50535053
0.001,,0.0009765625,0.0009765625,1024,10240,10,10,28,residual_cfar_plus_zero_false_gate_union,IPIX_Dartmouth,19931107_135603_starea.cdf,109,19931107_135603_starea.cdf#109,tpsscs_finished_detector,9,"8,9,10,11",1530423.088449635,349731643.50535053
0.003,,0.001953125,0.0029296875,1024,10240,30,30,49,residual_cfar_plus_zero_false_gate_union,IPIX_Dartmouth,19931107_135603_starea.cdf,109,19931107_135603_starea.cdf#109,tpsscs_finished_detector,9,"8,9,10,11",1242266.358066046,349731643.50535053
0.01,,0.00390625,0.0099609375,1024,10240,102,102,123,residual_cfar_plus_zero_false_gate_union,IPIX_Dartmouth,19931107_135603_starea.cdf,109,19931107_135603_starea.cdf#109,tpsscs_finished_detector,9,"8,9,10,11",903951.3976063672,349731643.50535053
1e-05,640964340.7749918,0.0068359375,0.0,1024,10240,0,0,24,conservative_topk_strict_gt,IPIX_Dartmouth,19931107_135603_starea.cdf,110,19931107_135603_starea.cdf#110,raw,9,"8,9,10,11",,
3e-05,640964340.7749918,0.0068359375,0.0,1024,10240,0,0,24,conservative_topk_strict_gt,IPIX_Dartmouth,19931107_135603_starea.cdf,110,19931107_135603_starea.cdf#110,raw,9,"8,9,10,11",,
0.0001,627758280.1537008,0.0078125,9.765625e-05,1024,10240,1,1,26,conservative_topk_strict_gt,IPIX_Dartmouth,19931107_135603_starea.cdf,110,19931107_135603_starea.cdf#110,raw,9,"8,9,10,11",,
0.0003,436295927.9166767,0.0234375,0.00029296875,1024,10240,3,3,66,conservative_topk_strict_gt,IPIX_Dartmouth,19931107_135603_starea.cdf,110,19931107_135603_starea.cdf#110,raw,9,"8,9,10,11",,
0.001,244885395.98510402,0.0380859375,0.0009765625,1024,10240,10,10,126,conservative_topk_strict_gt,IPIX_Dartmouth,19931107_135603_starea.cdf,110,19931107_135603_starea.cdf#110,raw,9,"8,9,10,11",,
0.003,130752084.79141238,0.052734375,0.0029296875,1024,10240,30,30,207,conservative_topk_strict_gt,IPIX_Dartmouth,19931107_135603_starea.cdf,110,19931107_135603_starea.cdf#110,raw,9,"8,9,10,11",,
0.01,64675706.25742194,0.0673828125,0.0099609375,1024,10240,102,102,342,conservative_topk_strict_gt,IPIX_Dartmouth,19931107_135603_starea.cdf,110,19931107_135603_starea.cdf#110,raw,9,"8,9,10,11",,
1e-05,2003324.8691537057,0.0,0.0,1024,10240,0,0,0,conservative_topk_strict_gt,IPIX_Dartmouth,19931107_135603_starea.cdf,110,19931107_135603_starea.cdf#110,low_rank_residual_k30,9,"8,9,10,11",,
3e-05,2003324.8691537057,0.0,0.0,1024,10240,0,0,0,conservative_topk_strict_gt,IPIX_Dartmouth,19931107_135603_starea.cdf,110,19931107_135603_starea.cdf#110,low_rank_residual_k30,9,"8,9,10,11",,
0.0001,1247488.5532959783,0.0,9.765625e-05,1024,10240,1,1,1,conservative_topk_strict_gt,IPIX_Dartmouth,19931107_135603_starea.cdf,110,19931107_135603_starea.cdf#110,low_rank_residual_k30,9,"8,9,10,11",,
0.0003,1160636.9203822857,0.0,0.00029296875,1024,10240,3,3,3,conservative_topk_strict_gt,IPIX_Dartmouth,19931107_135603_starea.cdf,110,19931107_135603_starea.cdf#110,low_rank_residual_k30,9,"8,9,10,11",,
0.001,973093.5709421899,0.0,0.0009765625,1024,10240,10,10,10,conservative_topk_strict_gt,IPIX_Dartmouth,19931107_135603_starea.cdf,110,19931107_135603_starea.cdf#110,low_rank_residual_k30,9,"8,9,10,11",,
0.003,687331.8099517312,0.0,0.0029296875,1024,10240,30,30,30,conservative_topk_strict_gt,IPIX_Dartmouth,19931107_135603_starea.cdf,110,19931107_135603_starea.cdf#110,low_rank_residual_k30,9,"8,9,10,11",,
0.01,507012.9885349745,0.0,0.0099609375,1024,10240,102,102,102,conservative_topk_strict_gt,IPIX_Dartmouth,19931107_135603_starea.cdf,110,19931107_135603_starea.cdf#110,low_rank_residual_k30,9,"8,9,10,11",,
1e-05,338187897.3605054,0.0,0.0,1024,10240,0,0,3,conservative_topk_strict_gt,IPIX_Dartmouth,19931107_135603_starea.cdf,110,19931107_135603_starea.cdf#110,tpsscs_trainable_gate,9,"8,9,10,11",,
3e-05,338187897.3605054,0.0,0.0,1024,10240,0,0,3,conservative_topk_strict_gt,IPIX_Dartmouth,19931107_135603_starea.cdf,110,19931107_135603_starea.cdf#110,tpsscs_trainable_gate,9,"8,9,10,11",,
0.0001,253314824.59075424,0.0,9.765625e-05,1024,10240,1,1,4,conservative_topk_strict_gt,IPIX_Dartmouth,19931107_135603_starea.cdf,110,19931107_135603_starea.cdf#110,tpsscs_trainable_gate,9,"8,9,10,11",,
0.0003,114102338.70138621,0.0,0.00029296875,1024,10240,3,3,11,conservative_topk_strict_gt,IPIX_Dartmouth,19931107_135603_starea.cdf,110,19931107_135603_starea.cdf#110,tpsscs_trainable_gate,9,"8,9,10,11",,
0.001,63507203.270947725,0.0,0.0009765625,1024,10240,10,10,26,conservative_topk_strict_gt,IPIX_Dartmouth,19931107_135603_starea.cdf,110,19931107_135603_starea.cdf#110,tpsscs_trainable_gate,9,"8,9,10,11",,
0.003,37098316.53010951,0.0,0.0029296875,1024,10240,30,30,51,conservative_topk_strict_gt,IPIX_Dartmouth,19931107_135603_starea.cdf,110,19931107_135603_starea.cdf#110,tpsscs_trainable_gate,9,"8,9,10,11",,
0.01,13977360.723439116,0.0,0.0099609375,1024,10240,102,102,128,conservative_topk_strict_gt,IPIX_Dartmouth,19931107_135603_starea.cdf,110,19931107_135603_starea.cdf#110,tpsscs_trainable_gate,9,"8,9,10,11",,
1e-05,,0.0,0.0,1024,10240,0,0,3,residual_cfar_plus_zero_false_gate_union,IPIX_Dartmouth,19931107_135603_starea.cdf,110,19931107_135603_starea.cdf#110,tpsscs_finished_detector,9,"8,9,10,11",2003324.8691537052,338187897.3605054
3e-05,,0.0,0.0,1024,10240,0,0,3,residual_cfar_plus_zero_false_gate_union,IPIX_Dartmouth,19931107_135603_starea.cdf,110,19931107_135603_starea.cdf#110,tpsscs_finished_detector,9,"8,9,10,11",2003324.8691537052,338187897.3605054
0.0001,,0.0,9.765625e-05,1024,10240,1,1,4,residual_cfar_plus_zero_false_gate_union,IPIX_Dartmouth,19931107_135603_starea.cdf,110,19931107_135603_starea.cdf#110,tpsscs_finished_detector,9,"8,9,10,11",1247488.5532959783,338187897.3605054
0.0003,,0.0,0.00029296875,1024,10240,3,3,6,residual_cfar_plus_zero_false_gate_union,IPIX_Dartmouth,19931107_135603_starea.cdf,110,19931107_135603_starea.cdf#110,tpsscs_finished_detector,9,"8,9,10,11",1160636.9203822908,338187897.3605054
0.001,,0.0,0.0009765625,1024,10240,10,10,13,residual_cfar_plus_zero_false_gate_union,IPIX_Dartmouth,19931107_135603_starea.cdf,110,19931107_135603_starea.cdf#110,tpsscs_finished_detector,9,"8,9,10,11",973093.5709421928,338187897.3605054
0.003,,0.0,0.0029296875,1024,10240,30,30,33,residual_cfar_plus_zero_false_gate_union,IPIX_Dartmouth,19931107_135603_starea.cdf,110,19931107_135603_starea.cdf#110,tpsscs_finished_detector,9,"8,9,10,11",687331.8099517324,338187897.3605054
0.01,,0.0,0.0099609375,1024,10240,102,102,105,residual_cfar_plus_zero_false_gate_union,IPIX_Dartmouth,19931107_135603_starea.cdf,110,19931107_135603_starea.cdf#110,tpsscs_finished_detector,9,"8,9,10,11",507012.9885349743,338187897.3605054
1e-05,398773496.3867453,0.0009765625,0.0,1024,10240,0,0,2,conservative_topk_strict_gt,IPIX_Dartmouth,19931107_135603_starea.cdf,111,19931107_135603_starea.cdf#111,raw,9,"8,9,10,11",,
3e-05,398773496.3867453,0.0009765625,0.0,1024,10240,0,0,2,conservative_topk_strict_gt,IPIX_Dartmouth,19931107_135603_starea.cdf,111,19931107_135603_starea.cdf#111,raw,9,"8,9,10,11",,
0.0001,391246374.0781742,0.0009765625,9.765625e-05,1024,10240,1,1,4,conservative_topk_strict_gt,IPIX_Dartmouth,19931107_135603_starea.cdf,111,19931107_135603_starea.cdf#111,raw,9,"8,9,10,11",,
0.0003,315882452.56148183,0.0009765625,0.00029296875,1024,10240,3,3,7,conservative_topk_strict_gt,IPIX_Dartmouth,19931107_135603_starea.cdf,111,19931107_135603_starea.cdf#111,raw,9,"8,9,10,11",,
0.001,230144742.9020899,0.0029296875,0.0009765625,1024,10240,10,10,20,conservative_topk_strict_gt,IPIX_Dartmouth,19931107_135603_starea.cdf,111,19931107_135603_starea.cdf#111,raw,9,"8,9,10,11",,
0.003,125985001.47065236,0.0087890625,0.0029296875,1024,10240,30,30,53,conservative_topk_strict_gt,IPIX_Dartmouth,19931107_135603_starea.cdf,111,19931107_135603_starea.cdf#111,raw,9,"8,9,10,11",,
0.01,63576820.130633116,0.02734375,0.0099609375,1024,10240,102,102,164,conservative_topk_strict_gt,IPIX_Dartmouth,19931107_135603_starea.cdf,111,19931107_135603_starea.cdf#111,raw,9,"8,9,10,11",,
1e-05,35239.564716718814,0.0,0.0,1024,10240,0,0,1,conservative_topk_strict_gt,IPIX_Dartmouth,19931107_135603_starea.cdf,111,19931107_135603_starea.cdf#111,low_rank_residual_k30,9,"8,9,10,11",,
3e-05,35239.564716718814,0.0,0.0,1024,10240,0,0,1,conservative_topk_strict_gt,IPIX_Dartmouth,19931107_135603_starea.cdf,111,19931107_135603_starea.cdf#111,low_rank_residual_k30,9,"8,9,10,11",,
0.0001,30875.921290118313,0.0,9.765625e-05,1024,10240,1,1,2,conservative_topk_strict_gt,IPIX_Dartmouth,19931107_135603_starea.cdf,111,19931107_135603_starea.cdf#111,low_rank_residual_k30,9,"8,9,10,11",,
0.0003,29234.71027860515,0.0,0.00029296875,1024,10240,3,3,4,conservative_topk_strict_gt,IPIX_Dartmouth,19931107_135603_starea.cdf,111,19931107_135603_starea.cdf#111,low_rank_residual_k30,9,"8,9,10,11",,
0.001,21848.900445580934,0.0,0.0009765625,1024,10240,10,10,12,conservative_topk_strict_gt,IPIX_Dartmouth,19931107_135603_starea.cdf,111,19931107_135603_starea.cdf#111,low_rank_residual_k30,9,"8,9,10,11",,
0.003,11329.00552913359,0.0,0.0029296875,1024,10240,30,30,41,conservative_topk_strict_gt,IPIX_Dartmouth,19931107_135603_starea.cdf,111,19931107_135603_starea.cdf#111,low_rank_residual_k30,9,"8,9,10,11",,
0.01,6590.661656278427,0.0,0.0099609375,1024,10240,102,102,136,conservative_topk_strict_gt,IPIX_Dartmouth,19931107_135603_starea.cdf,111,19931107_135603_starea.cdf#111,low_rank_residual_k30,9,"8,9,10,11",,
1e-05,386945428.1234753,0.0,0.0,1024,10240,0,0,0,conservative_topk_strict_gt,IPIX_Dartmouth,19931107_135603_starea.cdf,111,19931107_135603_starea.cdf#111,tpsscs_trainable_gate,9,"8,9,10,11",,
3e-05,386945428.1234753,0.0,0.0,1024,10240,0,0,0,conservative_topk_strict_gt,IPIX_Dartmouth,19931107_135603_starea.cdf,111,19931107_135603_starea.cdf#111,tpsscs_trainable_gate,9,"8,9,10,11",,
0.0001,244151165.63057426,0.0,9.765625e-05,1024,10240,1,1,2,conservative_topk_strict_gt,IPIX_Dartmouth,19931107_135603_starea.cdf,111,19931107_135603_starea.cdf#111,tpsscs_trainable_gate,9,"8,9,10,11",,
0.0003,99008331.0515615,0.0,0.00029296875,1024,10240,3,3,4,conservative_topk_strict_gt,IPIX_Dartmouth,19931107_135603_starea.cdf,111,19931107_135603_starea.cdf#111,tpsscs_trainable_gate,9,"8,9,10,11",,
0.001,80207756.71884929,0.0,0.0009765625,1024,10240,10,10,11,conservative_topk_strict_gt,IPIX_Dartmouth,19931107_135603_starea.cdf,111,19931107_135603_starea.cdf#111,tpsscs_trainable_gate,9,"8,9,10,11",,
0.003,42619071.01442618,0.0,0.0029296875,1024,10240,30,30,39,conservative_topk_strict_gt,IPIX_Dartmouth,19931107_135603_starea.cdf,111,19931107_135603_starea.cdf#111,tpsscs_trainable_gate,9,"8,9,10,11",,
0.01,17015168.562574077,0.001953125,0.0099609375,1024,10240,102,102,129,conservative_topk_strict_gt,IPIX_Dartmouth,19931107_135603_starea.cdf,111,19931107_135603_starea.cdf#111,tpsscs_trainable_gate,9,"8,9,10,11",,
1e-05,,0.0,0.0,1024,10240,0,0,1,residual_cfar_plus_zero_false_gate_union,IPIX_Dartmouth,19931107_135603_starea.cdf,111,19931107_135603_starea.cdf#111,tpsscs_finished_detector,9,"8,9,10,11",35239.56471671864,386945428.1234753
3e-05,,0.0,0.0,1024,10240,0,0,1,residual_cfar_plus_zero_false_gate_union,IPIX_Dartmouth,19931107_135603_starea.cdf,111,19931107_135603_starea.cdf#111,tpsscs_finished_detector,9,"8,9,10,11",35239.56471671864,386945428.1234753
0.0001,,0.0,9.765625e-05,1024,10240,1,1,2,residual_cfar_plus_zero_false_gate_union,IPIX_Dartmouth,19931107_135603_starea.cdf,111,19931107_135603_starea.cdf#111,tpsscs_finished_detector,9,"8,9,10,11",30875.9212901181,386945428.1234753
0.0003,,0.0,0.00029296875,1024,10240,3,3,4,residual_cfar_plus_zero_false_gate_union,IPIX_Dartmouth,19931107_135603_starea.cdf,111,19931107_135603_starea.cdf#111,tpsscs_finished_detector,9,"8,9,10,11",29234.710278605457,386945428.1234753
0.001,,0.0,0.0009765625,1024,10240,10,10,12,residual_cfar_plus_zero_false_gate_union,IPIX_Dartmouth,19931107_135603_starea.cdf,111,19931107_135603_starea.cdf#111,tpsscs_finished_detector,9,"8,9,10,11",21848.90044558088,386945428.1234753
0.003,,0.0,0.0029296875,1024,10240,30,30,41,residual_cfar_plus_zero_false_gate_union,IPIX_Dartmouth,19931107_135603_starea.cdf,111,19931107_135603_starea.cdf#111,tpsscs_finished_detector,9,"8,9,10,11",11329.005529133588,386945428.1234753
0.01,,0.0,0.0099609375,1024,10240,102,102,136,residual_cfar_plus_zero_false_gate_union,IPIX_Dartmouth,19931107_135603_starea.cdf,111,19931107_135603_starea.cdf#111,tpsscs_finished_detector,9,"8,9,10,11",6590.661656277996,386945428.1234753
1e-05,626842193.9384753,0.0,0.0,1024,10240,0,0,1,conservative_topk_strict_gt,IPIX_Dartmouth,19931107_135603_starea.cdf,112,19931107_135603_starea.cdf#112,raw,9,"8,9,10,11",,
3e-05,626842193.9384753,0.0,0.0,1024,10240,0,0,1,conservative_topk_strict_gt,IPIX_Dartmouth,19931107_135603_starea.cdf,112,19931107_135603_starea.cdf#112,raw,9,"8,9,10,11",,
0.0001,569751601.0788105,0.0,9.765625e-05,1024,10240,1,1,2,conservative_topk_strict_gt,IPIX_Dartmouth,19931107_135603_starea.cdf,112,19931107_135603_starea.cdf#112,raw,9,"8,9,10,11",,
0.0003,330906837.22011614,0.0,0.00029296875,1024,10240,3,3,5,conservative_topk_strict_gt,IPIX_Dartmouth,19931107_135603_starea.cdf,112,19931107_135603_starea.cdf#112,raw,9,"8,9,10,11",,
0.001,251154679.21758515,0.0,0.0009765625,1024,10240,10,10,13,conservative_topk_strict_gt,IPIX_Dartmouth,19931107_135603_starea.cdf,112,19931107_135603_starea.cdf#112,raw,9,"8,9,10,11",,
0.003,155069147.5157522,0.0,0.0029296875,1024,10240,30,30,36,conservative_topk_strict_gt,IPIX_Dartmouth,19931107_135603_starea.cdf,112,19931107_135603_starea.cdf#112,raw,9,"8,9,10,11",,
0.01,69708638.50974171,0.0,0.0099609375,1024,10240,102,102,125,conservative_topk_strict_gt,IPIX_Dartmouth,19931107_135603_starea.cdf,112,19931107_135603_starea.cdf#112,raw,9,"8,9,10,11",,
1e-05,15672.931606961773,0.0,0.0,1024,10240,0,0,0,conservative_topk_strict_gt,IPIX_Dartmouth,19931107_135603_starea.cdf,112,19931107_135603_starea.cdf#112,low_rank_residual_k30,9,"8,9,10,11",,
3e-05,15672.931606961773,0.0,0.0,1024,10240,0,0,0,conservative_topk_strict_gt,IPIX_Dartmouth,19931107_135603_starea.cdf,112,19931107_135603_starea.cdf#112,low_rank_residual_k30,9,"8,9,10,11",,
0.0001,15526.285388801454,0.0,9.765625e-05,1024,10240,1,1,1,conservative_topk_strict_gt,IPIX_Dartmouth,19931107_135603_starea.cdf,112,19931107_135603_starea.cdf#112,low_rank_residual_k30,9,"8,9,10,11",,
0.0003,11526.839884293286,0.0,0.00029296875,1024,10240,3,3,3,conservative_topk_strict_gt,IPIX_Dartmouth,19931107_135603_starea.cdf,112,19931107_135603_starea.cdf#112,low_rank_residual_k30,9,"8,9,10,11",,
0.001,8960.04269579368,0.0,0.0009765625,1024,10240,10,10,15,conservative_topk_strict_gt,IPIX_Dartmouth,19931107_135603_starea.cdf,112,19931107_135603_starea.cdf#112,low_rank_residual_k30,9,"8,9,10,11",,
0.003,6974.628900747743,0.0,0.0029296875,1024,10240,30,30,43,conservative_topk_strict_gt,IPIX_Dartmouth,19931107_135603_starea.cdf,112,19931107_135603_starea.cdf#112,low_rank_residual_k30,9,"8,9,10,11",,
0.01,4175.659045253933,0.0029296875,0.0099609375,1024,10240,102,102,158,conservative_topk_strict_gt,IPIX_Dartmouth,19931107_135603_starea.cdf,112,19931107_135603_starea.cdf#112,low_rank_residual_k30,9,"8,9,10,11",,
1e-05,110397732.68931468,0.0,0.0,1024,10240,0,0,0,conservative_topk_strict_gt,IPIX_Dartmouth,19931107_135603_starea.cdf,112,19931107_135603_starea.cdf#112,tpsscs_trainable_gate,9,"8,9,10,11",,
3e-05,110397732.68931468,0.0,0.0,1024,10240,0,0,0,conservative_topk_strict_gt,IPIX_Dartmouth,19931107_135603_starea.cdf,112,19931107_135603_starea.cdf#112,tpsscs_trainable_gate,9,"8,9,10,11",,
0.0001,85599663.79792227,0.0,9.765625e-05,1024,10240,1,1,1,conservative_topk_strict_gt,IPIX_Dartmouth,19931107_135603_starea.cdf,112,19931107_135603_starea.cdf#112,tpsscs_trainable_gate,9,"8,9,10,11",,
0.0003,77148999.35428299,0.0,0.00029296875,1024,10240,3,3,3,conservative_topk_strict_gt,IPIX_Dartmouth,19931107_135603_starea.cdf,112,19931107_135603_starea.cdf#112,tpsscs_trainable_gate,9,"8,9,10,11",,
0.001,49389485.00929487,0.0,0.0009765625,1024,10240,10,10,10,conservative_topk_strict_gt,IPIX_Dartmouth,19931107_135603_starea.cdf,112,19931107_135603_starea.cdf#112,tpsscs_trainable_gate,9,"8,9,10,11",,
0.003,31269105.074384894,0.0,0.0029296875,1024,10240,30,30,30,conservative_topk_strict_gt,IPIX_Dartmouth,19931107_135603_starea.cdf,112,19931107_135603_starea.cdf#112,tpsscs_trainable_gate,9,"8,9,10,11",,
0.01,13496828.405169163,0.001953125,0.0099609375,1024,10240,102,102,104,conservative_topk_strict_gt,IPIX_Dartmouth,19931107_135603_starea.cdf,112,19931107_135603_starea.cdf#112,tpsscs_trainable_gate,9,"8,9,10,11",,
1e-05,,0.0,0.0,1024,10240,0,0,0,residual_cfar_plus_zero_false_gate_union,IPIX_Dartmouth,19931107_135603_starea.cdf,112,19931107_135603_starea.cdf#112,tpsscs_finished_detector,9,"8,9,10,11",15672.931606961587,110397732.68931468
3e-05,,0.0,0.0,1024,10240,0,0,0,residual_cfar_plus_zero_false_gate_union,IPIX_Dartmouth,19931107_135603_starea.cdf,112,19931107_135603_starea.cdf#112,tpsscs_finished_detector,9,"8,9,10,11",15672.931606961587,110397732.68931468
0.0001,,0.0,9.765625e-05,1024,10240,1,1,1,residual_cfar_plus_zero_false_gate_union,IPIX_Dartmouth,19931107_135603_starea.cdf,112,19931107_135603_starea.cdf#112,tpsscs_finished_detector,9,"8,9,10,11",15526.285388801409,110397732.68931468
0.0003,,0.0,0.00029296875,1024,10240,3,3,3,residual_cfar_plus_zero_false_gate_union,IPIX_Dartmouth,19931107_135603_starea.cdf,112,19931107_135603_starea.cdf#112,tpsscs_finished_detector,9,"8,9,10,11",11526.839884293266,110397732.68931468
0.001,,0.0,0.0009765625,1024,10240,10,10,15,residual_cfar_plus_zero_false_gate_union,IPIX_Dartmouth,19931107_135603_starea.cdf,112,19931107_135603_starea.cdf#112,tpsscs_finished_detector,9,"8,9,10,11",8960.042695793643,110397732.68931468
0.003,,0.0,0.0029296875,1024,10240,30,30,43,residual_cfar_plus_zero_false_gate_union,IPIX_Dartmouth,19931107_135603_starea.cdf,112,19931107_135603_starea.cdf#112,tpsscs_finished_detector,9,"8,9,10,11",6974.628900747821,110397732.68931468
0.01,,0.0029296875,0.0099609375,1024,10240,102,102,158,residual_cfar_plus_zero_false_gate_union,IPIX_Dartmouth,19931107_135603_starea.cdf,112,19931107_135603_starea.cdf#112,tpsscs_finished_detector,9,"8,9,10,11",4175.659045253928,110397732.68931468
1e-05,384920376.34505486,0.0,0.0,1024,10240,0,0,0,conservative_topk_strict_gt,IPIX_Dartmouth,19931107_135603_starea.cdf,113,19931107_135603_starea.cdf#113,raw,9,"8,9,10,11",,
3e-05,384920376.34505486,0.0,0.0,1024,10240,0,0,0,conservative_topk_strict_gt,IPIX_Dartmouth,19931107_135603_starea.cdf,113,19931107_135603_starea.cdf#113,raw,9,"8,9,10,11",,
0.0001,353460232.0772311,0.0,9.765625e-05,1024,10240,1,1,1,conservative_topk_strict_gt,IPIX_Dartmouth,19931107_135603_starea.cdf,113,19931107_135603_starea.cdf#113,raw,9,"8,9,10,11",,
0.0003,282257436.6516597,0.0,0.00029296875,1024,10240,3,3,3,conservative_topk_strict_gt,IPIX_Dartmouth,19931107_135603_starea.cdf,113,19931107_135603_starea.cdf#113,raw,9,"8,9,10,11",,
0.001,202631187.48283064,0.0,0.0009765625,1024,10240,10,10,10,conservative_topk_strict_gt,IPIX_Dartmouth,19931107_135603_starea.cdf,113,19931107_135603_starea.cdf#113,raw,9,"8,9,10,11",,
0.003,140003029.16758397,0.0,0.0029296875,1024,10240,30,30,30,conservative_topk_strict_gt,IPIX_Dartmouth,19931107_135603_starea.cdf,113,19931107_135603_starea.cdf#113,raw,9,"8,9,10,11",,
0.01,56687073.81601585,0.0,0.0099609375,1024,10240,102,102,102,conservative_topk_strict_gt,IPIX_Dartmouth,19931107_135603_starea.cdf,113,19931107_135603_starea.cdf#113,raw,9,"8,9,10,11",,
1e-05,26735.03336927523,0.0,0.0,1024,10240,0,0,0,conservative_topk_strict_gt,IPIX_Dartmouth,19931107_135603_starea.cdf,113,19931107_135603_starea.cdf#113,low_rank_residual_k30,9,"8,9,10,11",,
3e-05,26735.03336927523,0.0,0.0,1024,10240,0,0,0,conservative_topk_strict_gt,IPIX_Dartmouth,19931107_135603_starea.cdf,113,19931107_135603_starea.cdf#113,low_rank_residual_k30,9,"8,9,10,11",,
0.0001,26334.4109366238,0.0,9.765625e-05,1024,10240,1,1,1,conservative_topk_strict_gt,IPIX_Dartmouth,19931107_135603_starea.cdf,113,19931107_135603_starea.cdf#113,low_rank_residual_k30,9,"8,9,10,11",,
0.0003,20727.084025791606,0.0,0.00029296875,1024,10240,3,3,3,conservative_topk_strict_gt,IPIX_Dartmouth,19931107_135603_starea.cdf,113,19931107_135603_starea.cdf#113,low_rank_residual_k30,9,"8,9,10,11",,
0.001,14248.595003853017,0.0048828125,0.0009765625,1024,10240,10,10,15,conservative_topk_strict_gt,IPIX_Dartmouth,19931107_135603_starea.cdf,113,19931107_135603_starea.cdf#113,low_rank_residual_k30,9,"8,9,10,11",,
0.003,9668.274805476562,0.0166015625,0.0029296875,1024,10240,30,30,51,conservative_topk_strict_gt,IPIX_Dartmouth,19931107_135603_starea.cdf,113,19931107_135603_starea.cdf#113,low_rank_residual_k30,9,"8,9,10,11",,
0.01,5894.632243330493,0.0322265625,0.0099609375,1024,10240,102,102,161,conservative_topk_strict_gt,IPIX_Dartmouth,19931107_135603_starea.cdf,113,19931107_135603_starea.cdf#113,low_rank_residual_k30,9,"8,9,10,11",,
1e-05,28654954.410840094,0.0,0.0,1024,10240,0,0,0,conservative_topk_strict_gt,IPIX_Dartmouth,19931107_135603_starea.cdf,113,19931107_135603_starea.cdf#113,tpsscs_trainable_gate,9,"8,9,10,11",,
3e-05,28654954.410840094,0.0,0.0,1024,10240,0,0,0,conservative_topk_strict_gt,IPIX_Dartmouth,19931107_135603_starea.cdf,113,19931107_135603_starea.cdf#113,tpsscs_trainable_gate,9,"8,9,10,11",,
0.0001,28182140.203029163,0.0,9.765625e-05,1024,10240,1,1,1,conservative_topk_strict_gt,IPIX_Dartmouth,19931107_135603_starea.cdf,113,19931107_135603_starea.cdf#113,tpsscs_trainable_gate,9,"8,9,10,11",,
0.0003,23847087.109671906,0.0,0.00029296875,1024,10240,3,3,3,conservative_topk_strict_gt,IPIX_Dartmouth,19931107_135603_starea.cdf,113,19931107_135603_starea.cdf#113,tpsscs_trainable_gate,9,"8,9,10,11",,
0.001,14211186.506039394,0.0,0.0009765625,1024,10240,10,10,10,conservative_topk_strict_gt,IPIX_Dartmouth,19931107_135603_starea.cdf,113,19931107_135603_starea.cdf#113,tpsscs_trainable_gate,9,"8,9,10,11",,
0.003,8663933.052747896,0.0,0.0029296875,1024,10240,30,30,31,conservative_topk_strict_gt,IPIX_Dartmouth,19931107_135603_starea.cdf,113,19931107_135603_starea.cdf#113,tpsscs_trainable_gate,9,"8,9,10,11",,
0.01,3828880.609570377,0.0,0.0099609375,1024,10240,102,102,138,conservative_topk_strict_gt,IPIX_Dartmouth,19931107_135603_starea.cdf,113,19931107_135603_starea.cdf#113,tpsscs_trainable_gate,9,"8,9,10,11",,
1e-05,,0.0,0.0,1024,10240,0,0,0,residual_cfar_plus_zero_false_gate_union,IPIX_Dartmouth,19931107_135603_starea.cdf,113,19931107_135603_starea.cdf#113,tpsscs_finished_detector,9,"8,9,10,11",26735.03336927525,28654954.410840094
3e-05,,0.0,0.0,1024,10240,0,0,0,residual_cfar_plus_zero_false_gate_union,IPIX_Dartmouth,19931107_135603_starea.cdf,113,19931107_135603_starea.cdf#113,tpsscs_finished_detector,9,"8,9,10,11",26735.03336927525,28654954.410840094
0.0001,,0.0,9.765625e-05,1024,10240,1,1,1,residual_cfar_plus_zero_false_gate_union,IPIX_Dartmouth,19931107_135603_starea.cdf,113,19931107_135603_starea.cdf#113,tpsscs_finished_detector,9,"8,9,10,11",26334.410936623877,28654954.410840094
0.0003,,0.0,0.00029296875,1024,10240,3,3,3,residual_cfar_plus_zero_false_gate_union,IPIX_Dartmouth,19931107_135603_starea.cdf,113,19931107_135603_starea.cdf#113,tpsscs_finished_detector,9,"8,9,10,11",20727.08402579179,28654954.410840094
0.001,,0.0048828125,0.0009765625,1024,10240,10,10,15,residual_cfar_plus_zero_false_gate_union,IPIX_Dartmouth,19931107_135603_starea.cdf,113,19931107_135603_starea.cdf#113,tpsscs_finished_detector,9,"8,9,10,11",14248.595003852937,28654954.410840094
0.003,,0.0166015625,0.0029296875,1024,10240,30,30,51,residual_cfar_plus_zero_false_gate_union,IPIX_Dartmouth,19931107_135603_starea.cdf,113,19931107_135603_starea.cdf#113,tpsscs_finished_detector,9,"8,9,10,11",9668.274805476824,28654954.410840094
0.01,,0.0322265625,0.0099609375,1024,10240,102,102,161,residual_cfar_plus_zero_false_gate_union,IPIX_Dartmouth,19931107_135603_starea.cdf,113,19931107_135603_starea.cdf#113,tpsscs_finished_detector,9,"8,9,10,11",5894.632243330377,28654954.410840094
1e-05,254764550.73149157,0.0,0.0,1024,10240,0,0,0,conservative_topk_strict_gt,IPIX_Dartmouth,19931107_135603_starea.cdf,114,19931107_135603_starea.cdf#114,raw,9,"8,9,10,11",,
3e-05,254764550.73149157,0.0,0.0,1024,10240,0,0,0,conservative_topk_strict_gt,IPIX_Dartmouth,19931107_135603_starea.cdf,114,19931107_135603_starea.cdf#114,raw,9,"8,9,10,11",,
0.0001,242885471.44164887,0.0,9.765625e-05,1024,10240,1,1,1,conservative_topk_strict_gt,IPIX_Dartmouth,19931107_135603_starea.cdf,114,19931107_135603_starea.cdf#114,raw,9,"8,9,10,11",,
0.0003,227981011.05186746,0.0,0.00029296875,1024,10240,3,3,3,conservative_topk_strict_gt,IPIX_Dartmouth,19931107_135603_starea.cdf,114,19931107_135603_starea.cdf#114,raw,9,"8,9,10,11",,
0.001,192132215.69812614,0.0,0.0009765625,1024,10240,10,10,10,conservative_topk_strict_gt,IPIX_Dartmouth,19931107_135603_starea.cdf,114,19931107_135603_starea.cdf#114,raw,9,"8,9,10,11",,
0.003,140949182.09400657,0.0,0.0029296875,1024,10240,30,30,30,conservative_topk_strict_gt,IPIX_Dartmouth,19931107_135603_starea.cdf,114,19931107_135603_starea.cdf#114,raw,9,"8,9,10,11",,
0.01,69276369.89870968,0.0,0.0099609375,1024,10240,102,102,102,conservative_topk_strict_gt,IPIX_Dartmouth,19931107_135603_starea.cdf,114,19931107_135603_starea.cdf#114,raw,9,"8,9,10,11",,
1e-05,103095.42241165403,0.0,0.0,1024,10240,0,0,1,conservative_topk_strict_gt,IPIX_Dartmouth,19931107_135603_starea.cdf,114,19931107_135603_starea.cdf#114,low_rank_residual_k30,9,"8,9,10,11",,
3e-05,103095.42241165403,0.0,0.0,1024,10240,0,0,1,conservative_topk_strict_gt,IPIX_Dartmouth,19931107_135603_starea.cdf,114,19931107_135603_starea.cdf#114,low_rank_residual_k30,9,"8,9,10,11",,
0.0001,95789.43631462661,0.0,9.765625e-05,1024,10240,1,1,2,conservative_topk_strict_gt,IPIX_Dartmouth,19931107_135603_starea.cdf,114,19931107_135603_starea.cdf#114,low_rank_residual_k30,9,"8,9,10,11",,
0.0003,61958.445781706265,0.0,0.00029296875,1024,10240,3,3,5,conservative_topk_strict_gt,IPIX_Dartmouth,19931107_135603_starea.cdf,114,19931107_135603_starea.cdf#114,low_rank_residual_k30,9,"8,9,10,11",,
0.001,48425.65032561103,0.0,0.0009765625,1024,10240,10,10,12,conservative_topk_strict_gt,IPIX_Dartmouth,19931107_135603_starea.cdf,114,19931107_135603_starea.cdf#114,low_rank_residual_k30,9,"8,9,10,11",,
0.003,38396.6133358097,0.0009765625,0.0029296875,1024,10240,30,30,34,conservative_topk_strict_gt,IPIX_Dartmouth,19931107_135603_starea.cdf,114,19931107_135603_starea.cdf#114,low_rank_residual_k30,9,"8,9,10,11",,
0.01,20470.07755847283,0.0029296875,0.0099609375,1024,10240,102,102,128,conservative_topk_strict_gt,IPIX_Dartmouth,19931107_135603_starea.cdf,114,19931107_135603_starea.cdf#114,low_rank_residual_k30,9,"8,9,10,11",,
1e-05,221886829.60233408,0.0,0.0,1024,10240,0,0,0,conservative_topk_strict_gt,IPIX_Dartmouth,19931107_135603_starea.cdf,114,19931107_135603_starea.cdf#114,tpsscs_trainable_gate,9,"8,9,10,11",,
3e-05,221886829.60233408,0.0,0.0,1024,10240,0,0,0,conservative_topk_strict_gt,IPIX_Dartmouth,19931107_135603_starea.cdf,114,19931107_135603_starea.cdf#114,tpsscs_trainable_gate,9,"8,9,10,11",,
0.0001,220249905.1490467,0.0,9.765625e-05,1024,10240,1,1,1,conservative_topk_strict_gt,IPIX_Dartmouth,19931107_135603_starea.cdf,114,19931107_135603_starea.cdf#114,tpsscs_trainable_gate,9,"8,9,10,11",,
0.0003,186180101.92714286,0.0,0.00029296875,1024,10240,3,3,3,conservative_topk_strict_gt,IPIX_Dartmouth,19931107_135603_starea.cdf,114,19931107_135603_starea.cdf#114,tpsscs_trainable_gate,9,"8,9,10,11",,
0.001,134432919.2352218,0.0,0.0009765625,1024,10240,10,10,10,conservative_topk_strict_gt,IPIX_Dartmouth,19931107_135603_starea.cdf,114,19931107_135603_starea.cdf#114,tpsscs_trainable_gate,9,"8,9,10,11",,
0.003,72474229.92874418,0.0,0.0029296875,1024,10240,30,30,30,conservative_topk_strict_gt,IPIX_Dartmouth,19931107_135603_starea.cdf,114,19931107_135603_starea.cdf#114,tpsscs_trainable_gate,9,"8,9,10,11",,
0.01,20144402.428077586,0.0,0.0099609375,1024,10240,102,102,106,conservative_topk_strict_gt,IPIX_Dartmouth,19931107_135603_starea.cdf,114,19931107_135603_starea.cdf#114,tpsscs_trainable_gate,9,"8,9,10,11",,
1e-05,,0.0,0.0,1024,10240,0,0,1,residual_cfar_plus_zero_false_gate_union,IPIX_Dartmouth,19931107_135603_starea.cdf,114,19931107_135603_starea.cdf#114,tpsscs_finished_detector,9,"8,9,10,11",103095.42241165294,221886829.60233408
3e-05,,0.0,0.0,1024,10240,0,0,1,residual_cfar_plus_zero_false_gate_union,IPIX_Dartmouth,19931107_135603_starea.cdf,114,19931107_135603_starea.cdf#114,tpsscs_finished_detector,9,"8,9,10,11",103095.42241165294,221886829.60233408
0.0001,,0.0,9.765625e-05,1024,10240,1,1,2,residual_cfar_plus_zero_false_gate_union,IPIX_Dartmouth,19931107_135603_starea.cdf,114,19931107_135603_starea.cdf#114,tpsscs_finished_detector,9,"8,9,10,11",95789.43631462737,221886829.60233408
0.0003,,0.0,0.00029296875,1024,10240,3,3,5,residual_cfar_plus_zero_false_gate_union,IPIX_Dartmouth,19931107_135603_starea.cdf,114,19931107_135603_starea.cdf#114,tpsscs_finished_detector,9,"8,9,10,11",61958.44578170628,221886829.60233408
0.001,,0.0,0.0009765625,1024,10240,10,10,12,residual_cfar_plus_zero_false_gate_union,IPIX_Dartmouth,19931107_135603_starea.cdf,114,19931107_135603_starea.cdf#114,tpsscs_finished_detector,9,"8,9,10,11",48425.65032561081,221886829.60233408
0.003,,0.0009765625,0.0029296875,1024,10240,30,30,34,residual_cfar_plus_zero_false_gate_union,IPIX_Dartmouth,19931107_135603_starea.cdf,114,19931107_135603_starea.cdf#114,tpsscs_finished_detector,9,"8,9,10,11",38396.613335809656,221886829.60233408
0.01,,0.0029296875,0.0099609375,1024,10240,102,102,128,residual_cfar_plus_zero_false_gate_union,IPIX_Dartmouth,19931107_135603_starea.cdf,114,19931107_135603_starea.cdf#114,tpsscs_finished_detector,9,"8,9,10,11",20470.07755847244,221886829.60233408
1e-05,795409364.6959152,0.01171875,0.0,1024,10240,0,0,28,conservative_topk_strict_gt,IPIX_Dartmouth,19931107_135603_starea.cdf,115,19931107_135603_starea.cdf#115,raw,9,"8,9,10,11",,
3e-05,795409364.6959152,0.01171875,0.0,1024,10240,0,0,28,conservative_topk_strict_gt,IPIX_Dartmouth,19931107_135603_starea.cdf,115,19931107_135603_starea.cdf#115,raw,9,"8,9,10,11",,
0.0001,642942385.2808666,0.0126953125,9.765625e-05,1024,10240,1,1,32,conservative_topk_strict_gt,IPIX_Dartmouth,19931107_135603_starea.cdf,115,19931107_135603_starea.cdf#115,raw,9,"8,9,10,11",,
0.0003,507957806.2544328,0.0126953125,0.00029296875,1024,10240,3,3,38,conservative_topk_strict_gt,IPIX_Dartmouth,19931107_135603_starea.cdf,115,19931107_135603_starea.cdf#115,raw,9,"8,9,10,11",,
0.001,312230816.6567781,0.0185546875,0.0009765625,1024,10240,10,10,59,conservative_topk_strict_gt,IPIX_Dartmouth,19931107_135603_starea.cdf,115,19931107_135603_starea.cdf#115,raw,9,"8,9,10,11",,
0.003,208429638.5227462,0.025390625,0.0029296875,1024,10240,30,30,106,conservative_topk_strict_gt,IPIX_Dartmouth,19931107_135603_starea.cdf,115,19931107_135603_starea.cdf#115,raw,9,"8,9,10,11",,
0.01,102553360.9194234,0.0439453125,0.0099609375,1024,10240,102,102,248,conservative_topk_strict_gt,IPIX_Dartmouth,19931107_135603_starea.cdf,115,19931107_135603_starea.cdf#115,raw,9,"8,9,10,11",,
1e-05,1537614.239761629,0.0,0.0,1024,10240,0,0,0,conservative_topk_strict_gt,IPIX_Dartmouth,19931107_135603_starea.cdf,115,19931107_135603_starea.cdf#115,low_rank_residual_k30,9,"8,9,10,11",,
3e-05,1537614.239761629,0.0,0.0,1024,10240,0,0,0,conservative_topk_strict_gt,IPIX_Dartmouth,19931107_135603_starea.cdf,115,19931107_135603_starea.cdf#115,low_rank_residual_k30,9,"8,9,10,11",,
0.0001,1526539.6950744903,0.0,9.765625e-05,1024,10240,1,1,1,conservative_topk_strict_gt,IPIX_Dartmouth,19931107_135603_starea.cdf,115,19931107_135603_starea.cdf#115,low_rank_residual_k30,9,"8,9,10,11",,
0.0003,1454650.6127028014,0.0,0.00029296875,1024,10240,3,3,3,conservative_topk_strict_gt,IPIX_Dartmouth,19931107_135603_starea.cdf,115,19931107_135603_starea.cdf#115,low_rank_residual_k30,9,"8,9,10,11",,
0.001,925055.6695131444,0.0,0.0009765625,1024,10240,10,10,10,conservative_topk_strict_gt,IPIX_Dartmouth,19931107_135603_starea.cdf,115,19931107_135603_starea.cdf#115,low_rank_residual_k30,9,"8,9,10,11",,
0.003,708616.1564552351,0.0,0.0029296875,1024,10240,30,30,30,conservative_topk_strict_gt,IPIX_Dartmouth,19931107_135603_starea.cdf,115,19931107_135603_starea.cdf#115,low_rank_residual_k30,9,"8,9,10,11",,
0.01,293968.5767932881,0.0,0.0099609375,1024,10240,102,102,107,conservative_topk_strict_gt,IPIX_Dartmouth,19931107_135603_starea.cdf,115,19931107_135603_starea.cdf#115,low_rank_residual_k30,9,"8,9,10,11",,
1e-05,614287342.7544726,0.0,0.0,1024,10240,0,0,3,conservative_topk_strict_gt,IPIX_Dartmouth,19931107_135603_starea.cdf,115,19931107_135603_starea.cdf#115,tpsscs_trainable_gate,9,"8,9,10,11",,
3e-05,614287342.7544726,0.0,0.0,1024,10240,0,0,3,conservative_topk_strict_gt,IPIX_Dartmouth,19931107_135603_starea.cdf,115,19931107_135603_starea.cdf#115,tpsscs_trainable_gate,9,"8,9,10,11",,
0.0001,427690597.88489246,0.0,9.765625e-05,1024,10240,1,1,6,conservative_topk_strict_gt,IPIX_Dartmouth,19931107_135603_starea.cdf,115,19931107_135603_starea.cdf#115,tpsscs_trainable_gate,9,"8,9,10,11",,
0.0003,303545724.08197284,0.0,0.00029296875,1024,10240,3,3,9,conservative_topk_strict_gt,IPIX_Dartmouth,19931107_135603_starea.cdf,115,19931107_135603_starea.cdf#115,tpsscs_trainable_gate,9,"8,9,10,11",,
0.001,158474337.8132385,0.0,0.0009765625,1024,10240,10,10,22,conservative_topk_strict_gt,IPIX_Dartmouth,19931107_135603_starea.cdf,115,19931107_135603_starea.cdf#115,tpsscs_trainable_gate,9,"8,9,10,11",,
0.003,76065402.06715077,0.0,0.0029296875,1024,10240,30,30,50,conservative_topk_strict_gt,IPIX_Dartmouth,19931107_135603_starea.cdf,115,19931107_135603_starea.cdf#115,tpsscs_trainable_gate,9,"8,9,10,11",,
0.01,29312008.68828613,0.0,0.0099609375,1024,10240,102,102,157,conservative_topk_strict_gt,IPIX_Dartmouth,19931107_135603_starea.cdf,115,19931107_135603_starea.cdf#115,tpsscs_trainable_gate,9,"8,9,10,11",,
1e-05,,0.0,0.0,1024,10240,0,0,3,residual_cfar_plus_zero_false_gate_union,IPIX_Dartmouth,19931107_135603_starea.cdf,115,19931107_135603_starea.cdf#115,tpsscs_finished_detector,9,"8,9,10,11",1537614.2397616291,614287342.7544726
3e-05,,0.0,0.0,1024,10240,0,0,3,residual_cfar_plus_zero_false_gate_union,IPIX_Dartmouth,19931107_135603_starea.cdf,115,19931107_135603_starea.cdf#115,tpsscs_finished_detector,9,"8,9,10,11",1537614.2397616291,614287342.7544726
0.0001,,0.0,9.765625e-05,1024,10240,1,1,4,residual_cfar_plus_zero_false_gate_union,IPIX_Dartmouth,19931107_135603_starea.cdf,115,19931107_135603_starea.cdf#115,tpsscs_finished_detector,9,"8,9,10,11",1526539.6950744968,614287342.7544726
0.0003,,0.0,0.00029296875,1024,10240,3,3,6,residual_cfar_plus_zero_false_gate_union,IPIX_Dartmouth,19931107_135603_starea.cdf,115,19931107_135603_starea.cdf#115,tpsscs_finished_detector,9,"8,9,10,11",1454650.612702804,614287342.7544726
0.001,,0.0,0.0009765625,1024,10240,10,10,13,residual_cfar_plus_zero_false_gate_union,IPIX_Dartmouth,19931107_135603_starea.cdf,115,19931107_135603_starea.cdf#115,tpsscs_finished_detector,9,"8,9,10,11",925055.6695131428,614287342.7544726
0.003,,0.0,0.0029296875,1024,10240,30,30,33,residual_cfar_plus_zero_false_gate_union,IPIX_Dartmouth,19931107_135603_starea.cdf,115,19931107_135603_starea.cdf#115,tpsscs_finished_detector,9,"8,9,10,11",708616.1564552329,614287342.7544726
0.01,,0.0,0.0099609375,1024,10240,102,102,110,residual_cfar_plus_zero_false_gate_union,IPIX_Dartmouth,19931107_135603_starea.cdf,115,19931107_135603_starea.cdf#115,tpsscs_finished_detector,9,"8,9,10,11",293968.57679328974,614287342.7544726
1e-05,669277376.7250288,0.0,0.0,1024,10240,0,0,0,conservative_topk_strict_gt,IPIX_Dartmouth,19931107_135603_starea.cdf,116,19931107_135603_starea.cdf#116,raw,9,"8,9,10,11",,
3e-05,669277376.7250288,0.0,0.0,1024,10240,0,0,0,conservative_topk_strict_gt,IPIX_Dartmouth,19931107_135603_starea.cdf,116,19931107_135603_starea.cdf#116,raw,9,"8,9,10,11",,
0.0001,640149002.0309935,0.0009765625,9.765625e-05,1024,10240,1,1,2,conservative_topk_strict_gt,IPIX_Dartmouth,19931107_135603_starea.cdf,116,19931107_135603_starea.cdf#116,raw,9,"8,9,10,11",,
0.0003,607854647.8099936,0.0009765625,0.00029296875,1024,10240,3,3,4,conservative_topk_strict_gt,IPIX_Dartmouth,19931107_135603_starea.cdf,116,19931107_135603_starea.cdf#116,raw,9,"8,9,10,11",,
0.001,471237869.4250676,0.0048828125,0.0009765625,1024,10240,10,10,15,conservative_topk_strict_gt,IPIX_Dartmouth,19931107_135603_starea.cdf,116,19931107_135603_starea.cdf#116,raw,9,"8,9,10,11",,
0.003,340495874.72687966,0.0048828125,0.0029296875,1024,10240,30,30,36,conservative_topk_strict_gt,IPIX_Dartmouth,19931107_135603_starea.cdf,116,19931107_135603_starea.cdf#116,raw,9,"8,9,10,11",,
0.01,179585464.75701246,0.0087890625,0.0099609375,1024,10240,102,102,116,conservative_topk_strict_gt,IPIX_Dartmouth,19931107_135603_starea.cdf,116,19931107_135603_starea.cdf#116,raw,9,"8,9,10,11",,
1e-05,298707.4091831134,0.0,0.0,1024,10240,0,0,3,conservative_topk_strict_gt,IPIX_Dartmouth,19931107_135603_starea.cdf,116,19931107_135603_starea.cdf#116,low_rank_residual_k30,9,"8,9,10,11",,
3e-05,298707.4091831134,0.0,0.0,1024,10240,0,0,3,conservative_topk_strict_gt,IPIX_Dartmouth,19931107_135603_starea.cdf,116,19931107_135603_starea.cdf#116,low_rank_residual_k30,9,"8,9,10,11",,
0.0001,194997.20279521498,0.0,9.765625e-05,1024,10240,1,1,5,conservative_topk_strict_gt,IPIX_Dartmouth,19931107_135603_starea.cdf,116,19931107_135603_starea.cdf#116,low_rank_residual_k30,9,"8,9,10,11",,
0.0003,159807.56488842756,0.0,0.00029296875,1024,10240,3,3,8,conservative_topk_strict_gt,IPIX_Dartmouth,19931107_135603_starea.cdf,116,19931107_135603_starea.cdf#116,low_rank_residual_k30,9,"8,9,10,11",,
0.001,141966.9020317994,0.0,0.0009765625,1024,10240,10,10,16,conservative_topk_strict_gt,IPIX_Dartmouth,19931107_135603_starea.cdf,116,19931107_135603_starea.cdf#116,low_rank_residual_k30,9,"8,9,10,11",,
0.003,80950.80774448649,0.0,0.0029296875,1024,10240,30,30,49,conservative_topk_strict_gt,IPIX_Dartmouth,19931107_135603_starea.cdf,116,19931107_135603_starea.cdf#116,low_rank_residual_k30,9,"8,9,10,11",,
0.01,36355.78747155779,0.0,0.0099609375,1024,10240,102,102,252,conservative_topk_strict_gt,IPIX_Dartmouth,19931107_135603_starea.cdf,116,19931107_135603_starea.cdf#116,low_rank_residual_k30,9,"8,9,10,11",,
1e-05,540659151.2893935,0.0,0.0,1024,10240,0,0,0,conservative_topk_strict_gt,IPIX_Dartmouth,19931107_135603_starea.cdf,116,19931107_135603_starea.cdf#116,tpsscs_trainable_gate,9,"8,9,10,11",,
3e-05,540659151.2893935,0.0,0.0,1024,10240,0,0,0,conservative_topk_strict_gt,IPIX_Dartmouth,19931107_135603_starea.cdf,116,19931107_135603_starea.cdf#116,tpsscs_trainable_gate,9,"8,9,10,11",,
0.0001,527744615.7929274,0.0,9.765625e-05,1024,10240,1,1,1,conservative_topk_strict_gt,IPIX_Dartmouth,19931107_135603_starea.cdf,116,19931107_135603_starea.cdf#116,tpsscs_trainable_gate,9,"8,9,10,11",,
0.0003,342265822.5495095,0.001953125,0.00029296875,1024,10240,3,3,5,conservative_topk_strict_gt,IPIX_Dartmouth,19931107_135603_starea.cdf,116,19931107_135603_starea.cdf#116,tpsscs_trainable_gate,9,"8,9,10,11",,
0.001,247648920.40218234,0.001953125,0.0009765625,1024,10240,10,10,12,conservative_topk_strict_gt,IPIX_Dartmouth,19931107_135603_starea.cdf,116,19931107_135603_starea.cdf#116,tpsscs_trainable_gate,9,"8,9,10,11",,
0.003,135961785.03370154,0.001953125,0.0029296875,1024,10240,30,30,32,conservative_topk_strict_gt,IPIX_Dartmouth,19931107_135603_starea.cdf,116,19931107_135603_starea.cdf#116,tpsscs_trainable_gate,9,"8,9,10,11",,
0.01,50916606.72912707,0.0068359375,0.0099609375,1024,10240,102,102,111,conservative_topk_strict_gt,IPIX_Dartmouth,19931107_135603_starea.cdf,116,19931107_135603_starea.cdf#116,tpsscs_trainable_gate,9,"8,9,10,11",,
1e-05,,0.0,0.0,1024,10240,0,0,3,residual_cfar_plus_zero_false_gate_union,IPIX_Dartmouth,19931107_135603_starea.cdf,116,19931107_135603_starea.cdf#116,tpsscs_finished_detector,9,"8,9,10,11",298707.409183115,540659151.2893935
3e-05,,0.0,0.0,1024,10240,0,0,3,residual_cfar_plus_zero_false_gate_union,IPIX_Dartmouth,19931107_135603_starea.cdf,116,19931107_135603_starea.cdf#116,tpsscs_finished_detector,9,"8,9,10,11",298707.409183115,540659151.2893935
0.0001,,0.0,9.765625e-05,1024,10240,1,1,5,residual_cfar_plus_zero_false_gate_union,IPIX_Dartmouth,19931107_135603_starea.cdf,116,19931107_135603_starea.cdf#116,tpsscs_finished_detector,9,"8,9,10,11",194997.2027952152,540659151.2893935
0.0003,,0.0,0.00029296875,1024,10240,3,3,8,residual_cfar_plus_zero_false_gate_union,IPIX_Dartmouth,19931107_135603_starea.cdf,116,19931107_135603_starea.cdf#116,tpsscs_finished_detector,9,"8,9,10,11",159807.56488842925,540659151.2893935
0.001,,0.0,0.0009765625,1024,10240,10,10,16,residual_cfar_plus_zero_false_gate_union,IPIX_Dartmouth,19931107_135603_starea.cdf,116,19931107_135603_starea.cdf#116,tpsscs_finished_detector,9,"8,9,10,11",141966.9020317993,540659151.2893935
0.003,,0.0,0.0029296875,1024,10240,30,30,49,residual_cfar_plus_zero_false_gate_union,IPIX_Dartmouth,19931107_135603_starea.cdf,116,19931107_135603_starea.cdf#116,tpsscs_finished_detector,9,"8,9,10,11",80950.80774448639,540659151.2893935
0.01,,0.0,0.0099609375,1024,10240,102,102,252,residual_cfar_plus_zero_false_gate_union,IPIX_Dartmouth,19931107_135603_starea.cdf,116,19931107_135603_starea.cdf#116,tpsscs_finished_detector,9,"8,9,10,11",36355.7874715578,540659151.2893935
1e-05,706041144.3994958,0.00390625,0.0,1024,10240,0,0,7,conservative_topk_strict_gt,IPIX_Dartmouth,19931107_135603_starea.cdf,117,19931107_135603_starea.cdf#117,raw,9,"8,9,10,11",,
3e-05,706041144.3994958,0.00390625,0.0,1024,10240,0,0,7,conservative_topk_strict_gt,IPIX_Dartmouth,19931107_135603_starea.cdf,117,19931107_135603_starea.cdf#117,raw,9,"8,9,10,11",,
0.0001,607443429.4508749,0.005859375,9.765625e-05,1024,10240,1,1,11,conservative_topk_strict_gt,IPIX_Dartmouth,19931107_135603_starea.cdf,117,19931107_135603_starea.cdf#117,raw,9,"8,9,10,11",,
0.0003,595955557.3885696,0.005859375,0.00029296875,1024,10240,3,3,13,conservative_topk_strict_gt,IPIX_Dartmouth,19931107_135603_starea.cdf,117,19931107_135603_starea.cdf#117,raw,9,"8,9,10,11",,
0.001,421273609.4775163,0.0078125,0.0009765625,1024,10240,10,10,25,conservative_topk_strict_gt,IPIX_Dartmouth,19931107_135603_starea.cdf,117,19931107_135603_starea.cdf#117,raw,9,"8,9,10,11",,
0.003,318386127.3830264,0.009765625,0.0029296875,1024,10240,30,30,49,conservative_topk_strict_gt,IPIX_Dartmouth,19931107_135603_starea.cdf,117,19931107_135603_starea.cdf#117,raw,9,"8,9,10,11",,
0.01,140437932.2566736,0.0205078125,0.0099609375,1024,10240,102,102,143,conservative_topk_strict_gt,IPIX_Dartmouth,19931107_135603_starea.cdf,117,19931107_135603_starea.cdf#117,raw,9,"8,9,10,11",,
1e-05,130949.10283256051,0.0,0.0,1024,10240,0,0,0,conservative_topk_strict_gt,IPIX_Dartmouth,19931107_135603_starea.cdf,117,19931107_135603_starea.cdf#117,low_rank_residual_k30,9,"8,9,10,11",,
3e-05,130949.10283256051,0.0,0.0,1024,10240,0,0,0,conservative_topk_strict_gt,IPIX_Dartmouth,19931107_135603_starea.cdf,117,19931107_135603_starea.cdf#117,low_rank_residual_k30,9,"8,9,10,11",,
0.0001,101823.75103889157,0.0,9.765625e-05,1024,10240,1,1,1,conservative_topk_strict_gt,IPIX_Dartmouth,19931107_135603_starea.cdf,117,19931107_135603_starea.cdf#117,low_rank_residual_k30,9,"8,9,10,11",,
0.0003,97693.42758170817,0.0,0.00029296875,1024,10240,3,3,3,conservative_topk_strict_gt,IPIX_Dartmouth,19931107_135603_starea.cdf,117,19931107_135603_starea.cdf#117,low_rank_residual_k30,9,"8,9,10,11",,
0.001,81524.69702845924,0.0,0.0009765625,1024,10240,10,10,12,conservative_topk_strict_gt,IPIX_Dartmouth,19931107_135603_starea.cdf,117,19931107_135603_starea.cdf#117,low_rank_residual_k30,9,"8,9,10,11",,
0.003,53374.90733336979,0.0,0.0029296875,1024,10240,30,30,43,conservative_topk_strict_gt,IPIX_Dartmouth,19931107_135603_starea.cdf,117,19931107_135603_starea.cdf#117,low_rank_residual_k30,9,"8,9,10,11",,
0.01,28136.323946957265,0.0,0.0099609375,1024,10240,102,102,138,conservative_topk_strict_gt,IPIX_Dartmouth,19931107_135603_starea.cdf,117,19931107_135603_starea.cdf#117,low_rank_residual_k30,9,"8,9,10,11",,
1e-05,704565660.7020497,0.00390625,0.0,1024,10240,0,0,7,conservative_topk_strict_gt,IPIX_Dartmouth,19931107_135603_starea.cdf,117,19931107_135603_starea.cdf#117,tpsscs_trainable_gate,9,"8,9,10,11",,
3e-05,704565660.7020497,0.00390625,0.0,1024,10240,0,0,7,conservative_topk_strict_gt,IPIX_Dartmouth,19931107_135603_starea.cdf,117,19931107_135603_starea.cdf#117,tpsscs_trainable_gate,9,"8,9,10,11",,
0.0001,594123413.7872095,0.00390625,9.765625e-05,1024,10240,1,1,9,conservative_topk_strict_gt,IPIX_Dartmouth,19931107_135603_starea.cdf,117,19931107_135603_starea.cdf#117,tpsscs_trainable_gate,9,"8,9,10,11",,
0.0003,486484679.5668387,0.0068359375,0.00029296875,1024,10240,3,3,15,conservative_topk_strict_gt,IPIX_Dartmouth,19931107_135603_starea.cdf,117,19931107_135603_starea.cdf#117,tpsscs_trainable_gate,9,"8,9,10,11",,
0.001,327101194.15240633,0.0087890625,0.0009765625,1024,10240,10,10,27,conservative_topk_strict_gt,IPIX_Dartmouth,19931107_135603_starea.cdf,117,19931107_135603_starea.cdf#117,tpsscs_trainable_gate,9,"8,9,10,11",,
0.003,146628084.39044842,0.0166015625,0.0029296875,1024,10240,30,30,61,conservative_topk_strict_gt,IPIX_Dartmouth,19931107_135603_starea.cdf,117,19931107_135603_starea.cdf#117,tpsscs_trainable_gate,9,"8,9,10,11",,
0.01,39657507.21171105,0.068359375,0.0099609375,1024,10240,102,102,202,conservative_topk_strict_gt,IPIX_Dartmouth,19931107_135603_starea.cdf,117,19931107_135603_starea.cdf#117,tpsscs_trainable_gate,9,"8,9,10,11",,
1e-05,,0.00390625,0.0,1024,10240,0,0,7,residual_cfar_plus_zero_false_gate_union,IPIX_Dartmouth,19931107_135603_starea.cdf,117,19931107_135603_starea.cdf#117,tpsscs_finished_detector,9,"8,9,10,11",130949.10283256299,704565660.7020497
3e-05,,0.00390625,0.0,1024,10240,0,0,7,residual_cfar_plus_zero_false_gate_union,IPIX_Dartmouth,19931107_135603_starea.cdf,117,19931107_135603_starea.cdf#117,tpsscs_finished_detector,9,"8,9,10,11",130949.10283256299,704565660.7020497
0.0001,,0.00390625,9.765625e-05,1024,10240,1,1,8,residual_cfar_plus_zero_false_gate_union,IPIX_Dartmouth,19931107_135603_starea.cdf,117,19931107_135603_starea.cdf#117,tpsscs_finished_detector,9,"8,9,10,11",101823.75103889151,704565660.7020497
0.0003,,0.00390625,0.00029296875,1024,10240,3,3,10,residual_cfar_plus_zero_false_gate_union,IPIX_Dartmouth,19931107_135603_starea.cdf,117,19931107_135603_starea.cdf#117,tpsscs_finished_detector,9,"8,9,10,11",97693.42758170809,704565660.7020497
0.001,,0.00390625,0.0009765625,1024,10240,10,10,19,residual_cfar_plus_zero_false_gate_union,IPIX_Dartmouth,19931107_135603_starea.cdf,117,19931107_135603_starea.cdf#117,tpsscs_finished_detector,9,"8,9,10,11",81524.69702845963,704565660.7020497
0.003,,0.00390625,0.0029296875,1024,10240,30,30,50,residual_cfar_plus_zero_false_gate_union,IPIX_Dartmouth,19931107_135603_starea.cdf,117,19931107_135603_starea.cdf#117,tpsscs_finished_detector,9,"8,9,10,11",53374.90733337402,704565660.7020497
0.01,,0.00390625,0.0099609375,1024,10240,102,102,145,residual_cfar_plus_zero_false_gate_union,IPIX_Dartmouth,19931107_135603_starea.cdf,117,19931107_135603_starea.cdf#117,tpsscs_finished_detector,9,"8,9,10,11",28136.32394695545,704565660.7020497
1e-05,588323559.381609,0.0244140625,0.0,1024,10240,0,0,44,conservative_topk_strict_gt,IPIX_Dartmouth,19931107_135603_starea.cdf,118,19931107_135603_starea.cdf#118,raw,9,"8,9,10,11",,
3e-05,588323559.381609,0.0244140625,0.0,1024,10240,0,0,44,conservative_topk_strict_gt,IPIX_Dartmouth,19931107_135603_starea.cdf,118,19931107_135603_starea.cdf#118,raw,9,"8,9,10,11",,
0.0001,525976763.19237065,0.029296875,9.765625e-05,1024,10240,1,1,54,conservative_topk_strict_gt,IPIX_Dartmouth,19931107_135603_starea.cdf,118,19931107_135603_starea.cdf#118,raw,9,"8,9,10,11",,
0.0003,484094853.18805516,0.0341796875,0.00029296875,1024,10240,3,3,66,conservative_topk_strict_gt,IPIX_Dartmouth,19931107_135603_starea.cdf,118,19931107_135603_starea.cdf#118,raw,9,"8,9,10,11",,
0.001,395416842.18119687,0.0390625,0.0009765625,1024,10240,10,10,95,conservative_topk_strict_gt,IPIX_Dartmouth,19931107_135603_starea.cdf,118,19931107_135603_starea.cdf#118,raw,9,"8,9,10,11",,
0.003,271222043.1278718,0.044921875,0.0029296875,1024,10240,30,30,131,conservative_topk_strict_gt,IPIX_Dartmouth,19931107_135603_starea.cdf,118,19931107_135603_starea.cdf#118,raw,9,"8,9,10,11",,
0.01,148739959.60906485,0.0517578125,0.0099609375,1024,10240,102,102,243,conservative_topk_strict_gt,IPIX_Dartmouth,19931107_135603_starea.cdf,118,19931107_135603_starea.cdf#118,raw,9,"8,9,10,11",,
1e-05,2334633.2057189755,0.0,0.0,1024,10240,0,0,50,conservative_topk_strict_gt,IPIX_Dartmouth,19931107_135603_starea.cdf,118,19931107_135603_starea.cdf#118,low_rank_residual_k30,9,"8,9,10,11",,
3e-05,2334633.2057189755,0.0,0.0,1024,10240,0,0,50,conservative_topk_strict_gt,IPIX_Dartmouth,19931107_135603_starea.cdf,118,19931107_135603_starea.cdf#118,low_rank_residual_k30,9,"8,9,10,11",,
0.0001,1301294.534493291,0.0,9.765625e-05,1024,10240,1,1,88,conservative_topk_strict_gt,IPIX_Dartmouth,19931107_135603_starea.cdf,118,19931107_135603_starea.cdf#118,low_rank_residual_k30,9,"8,9,10,11",,
0.0003,1214967.5394466238,0.0,0.00029296875,1024,10240,3,3,93,conservative_topk_strict_gt,IPIX_Dartmouth,19931107_135603_starea.cdf,118,19931107_135603_starea.cdf#118,low_rank_residual_k30,9,"8,9,10,11",,
0.001,1039584.5242486013,0.0,0.0009765625,1024,10240,10,10,110,conservative_topk_strict_gt,IPIX_Dartmouth,19931107_135603_starea.cdf,118,19931107_135603_starea.cdf#118,low_rank_residual_k30,9,"8,9,10,11",,
0.003,820285.096695899,0.0,0.0029296875,1024,10240,30,30,152,conservative_topk_strict_gt,IPIX_Dartmouth,19931107_135603_starea.cdf,118,19931107_135603_starea.cdf#118,low_rank_residual_k30,9,"8,9,10,11",,
0.01,616840.193477459,0.0,0.0099609375,1024,10240,102,102,276,conservative_topk_strict_gt,IPIX_Dartmouth,19931107_135603_starea.cdf,118,19931107_135603_starea.cdf#118,low_rank_residual_k30,9,"8,9,10,11",,
1e-05,309867576.5852688,0.0,0.0,1024,10240,0,0,3,conservative_topk_strict_gt,IPIX_Dartmouth,19931107_135603_starea.cdf,118,19931107_135603_starea.cdf#118,tpsscs_trainable_gate,9,"8,9,10,11",,
3e-05,309867576.5852688,0.0,0.0,1024,10240,0,0,3,conservative_topk_strict_gt,IPIX_Dartmouth,19931107_135603_starea.cdf,118,19931107_135603_starea.cdf#118,tpsscs_trainable_gate,9,"8,9,10,11",,
0.0001,296030897.5711523,0.0,9.765625e-05,1024,10240,1,1,5,conservative_topk_strict_gt,IPIX_Dartmouth,19931107_135603_starea.cdf,118,19931107_135603_starea.cdf#118,tpsscs_trainable_gate,9,"8,9,10,11",,
0.0003,245916913.29128972,0.0,0.00029296875,1024,10240,3,3,7,conservative_topk_strict_gt,IPIX_Dartmouth,19931107_135603_starea.cdf,118,19931107_135603_starea.cdf#118,tpsscs_trainable_gate,9,"8,9,10,11",,
0.001,173495122.41029564,0.0,0.0009765625,1024,10240,10,10,15,conservative_topk_strict_gt,IPIX_Dartmouth,19931107_135603_starea.cdf,118,19931107_135603_starea.cdf#118,tpsscs_trainable_gate,9,"8,9,10,11",,
0.003,105056529.45660073,0.0009765625,0.0029296875,1024,10240,30,30,37,conservative_topk_strict_gt,IPIX_Dartmouth,19931107_135603_starea.cdf,118,19931107_135603_starea.cdf#118,tpsscs_trainable_gate,9,"8,9,10,11",,
0.01,44854840.27630142,0.0009765625,0.0099609375,1024,10240,102,102,119,conservative_topk_strict_gt,IPIX_Dartmouth,19931107_135603_starea.cdf,118,19931107_135603_starea.cdf#118,tpsscs_trainable_gate,9,"8,9,10,11",,
1e-05,,0.0,0.0,1024,10240,0,0,53,residual_cfar_plus_zero_false_gate_union,IPIX_Dartmouth,19931107_135603_starea.cdf,118,19931107_135603_starea.cdf#118,tpsscs_finished_detector,9,"8,9,10,11",2334633.2057189737,309867576.5852688
3e-05,,0.0,0.0,1024,10240,0,0,53,residual_cfar_plus_zero_false_gate_union,IPIX_Dartmouth,19931107_135603_starea.cdf,118,19931107_135603_starea.cdf#118,tpsscs_finished_detector,9,"8,9,10,11",2334633.2057189737,309867576.5852688
0.0001,,0.0,9.765625e-05,1024,10240,1,1,91,residual_cfar_plus_zero_false_gate_union,IPIX_Dartmouth,19931107_135603_starea.cdf,118,19931107_135603_starea.cdf#118,tpsscs_finished_detector,9,"8,9,10,11",1301294.5344932878,309867576.5852688
0.0003,,0.0,0.00029296875,1024,10240,3,3,96,residual_cfar_plus_zero_false_gate_union,IPIX_Dartmouth,19931107_135603_starea.cdf,118,19931107_135603_starea.cdf#118,tpsscs_finished_detector,9,"8,9,10,11",1214967.5394466168,309867576.5852688
0.001,,0.0,0.0009765625,1024,10240,10,10,113,residual_cfar_plus_zero_false_gate_union,IPIX_Dartmouth,19931107_135603_starea.cdf,118,19931107_135603_starea.cdf#118,tpsscs_finished_detector,9,"8,9,10,11",1039584.5242485993,309867576.5852688
0.003,,0.0,0.0029296875,1024,10240,30,30,155,residual_cfar_plus_zero_false_gate_union,IPIX_Dartmouth,19931107_135603_starea.cdf,118,19931107_135603_starea.cdf#118,tpsscs_finished_detector,9,"8,9,10,11",820285.0966959017,309867576.5852688
0.01,,0.0,0.0099609375,1024,10240,102,102,279,residual_cfar_plus_zero_false_gate_union,IPIX_Dartmouth,19931107_135603_starea.cdf,118,19931107_135603_starea.cdf#118,tpsscs_finished_detector,9,"8,9,10,11",616840.1934774558,309867576.5852688
1e-05,532828875.74620265,0.0029296875,0.0,1024,10240,0,0,3,conservative_topk_strict_gt,IPIX_Dartmouth,19931107_135603_starea.cdf,119,19931107_135603_starea.cdf#119,raw,9,"8,9,10,11",,
3e-05,532828875.74620265,0.0029296875,0.0,1024,10240,0,0,3,conservative_topk_strict_gt,IPIX_Dartmouth,19931107_135603_starea.cdf,119,19931107_135603_starea.cdf#119,raw,9,"8,9,10,11",,
0.0001,460818831.28661007,0.0029296875,9.765625e-05,1024,10240,1,1,4,conservative_topk_strict_gt,IPIX_Dartmouth,19931107_135603_starea.cdf,119,19931107_135603_starea.cdf#119,raw,9,"8,9,10,11",,
0.0003,395952923.75447714,0.0029296875,0.00029296875,1024,10240,3,3,6,conservative_topk_strict_gt,IPIX_Dartmouth,19931107_135603_starea.cdf,119,19931107_135603_starea.cdf#119,raw,9,"8,9,10,11",,
0.001,301621327.3205665,0.0068359375,0.0009765625,1024,10240,10,10,18,conservative_topk_strict_gt,IPIX_Dartmouth,19931107_135603_starea.cdf,119,19931107_135603_starea.cdf#119,raw,9,"8,9,10,11",,
0.003,241599690.82435971,0.0078125,0.0029296875,1024,10240,30,30,40,conservative_topk_strict_gt,IPIX_Dartmouth,19931107_135603_starea.cdf,119,19931107_135603_starea.cdf#119,raw,9,"8,9,10,11",,
0.01,131790678.0169734,0.01953125,0.0099609375,1024,10240,102,102,128,conservative_topk_strict_gt,IPIX_Dartmouth,19931107_135603_starea.cdf,119,19931107_135603_starea.cdf#119,raw,9,"8,9,10,11",,
1e-05,841415.8107760255,0.0,0.0,1024,10240,0,0,0,conservative_topk_strict_gt,IPIX_Dartmouth,19931107_135603_starea.cdf,119,19931107_135603_starea.cdf#119,low_rank_residual_k30,9,"8,9,10,11",,
3e-05,841415.8107760255,0.0,0.0,1024,10240,0,0,0,conservative_topk_strict_gt,IPIX_Dartmouth,19931107_135603_starea.cdf,119,19931107_135603_starea.cdf#119,low_rank_residual_k30,9,"8,9,10,11",,
0.0001,104369.95987043188,0.0,9.765625e-05,1024,10240,1,1,4,conservative_topk_strict_gt,IPIX_Dartmouth,19931107_135603_starea.cdf,119,19931107_135603_starea.cdf#119,low_rank_residual_k30,9,"8,9,10,11",,
0.0003,99717.27964323689,0.0,0.00029296875,1024,10240,3,3,6,conservative_topk_strict_gt,IPIX_Dartmouth,19931107_135603_starea.cdf,119,19931107_135603_starea.cdf#119,low_rank_residual_k30,9,"8,9,10,11",,
0.001,73723.34802516739,0.0,0.0009765625,1024,10240,10,10,18,conservative_topk_strict_gt,IPIX_Dartmouth,19931107_135603_starea.cdf,119,19931107_135603_starea.cdf#119,low_rank_residual_k30,9,"8,9,10,11",,
0.003,49702.3402891529,0.0,0.0029296875,1024,10240,30,30,45,conservative_topk_strict_gt,IPIX_Dartmouth,19931107_135603_starea.cdf,119,19931107_135603_starea.cdf#119,low_rank_residual_k30,9,"8,9,10,11",,
0.01,26849.88132025857,0.0,0.0099609375,1024,10240,102,102,133,conservative_topk_strict_gt,IPIX_Dartmouth,19931107_135603_starea.cdf,119,19931107_135603_starea.cdf#119,low_rank_residual_k30,9,"8,9,10,11",,
1e-05,395329663.20392287,0.001953125,0.0,1024,10240,0,0,2,conservative_topk_strict_gt,IPIX_Dartmouth,19931107_135603_starea.cdf,119,19931107_135603_starea.cdf#119,tpsscs_trainable_gate,9,"8,9,10,11",,
3e-05,395329663.20392287,0.001953125,0.0,1024,10240,0,0,2,conservative_topk_strict_gt,IPIX_Dartmouth,19931107_135603_starea.cdf,119,19931107_135603_starea.cdf#119,tpsscs_trainable_gate,9,"8,9,10,11",,
0.0001,376532506.60295725,0.001953125,9.765625e-05,1024,10240,1,1,3,conservative_topk_strict_gt,IPIX_Dartmouth,19931107_135603_starea.cdf,119,19931107_135603_starea.cdf#119,tpsscs_trainable_gate,9,"8,9,10,11",,
0.0003,296578299.355599,0.001953125,0.00029296875,1024,10240,3,3,5,conservative_topk_strict_gt,IPIX_Dartmouth,19931107_135603_starea.cdf,119,19931107_135603_starea.cdf#119,tpsscs_trainable_gate,9,"8,9,10,11",,
0.001,220448280.4124526,0.00390625,0.0009765625,1024,10240,10,10,14,conservative_topk_strict_gt,IPIX_Dartmouth,19931107_135603_starea.cdf,119,19931107_135603_starea.cdf#119,tpsscs_trainable_gate,9,"8,9,10,11",,
0.003,139664475.72047204,0.009765625,0.0029296875,1024,10240,30,30,40,conservative_topk_strict_gt,IPIX_Dartmouth,19931107_135603_starea.cdf,119,19931107_135603_starea.cdf#119,tpsscs_trainable_gate,9,"8,9,10,11",,
0.01,55130306.77278367,0.0244140625,0.0099609375,1024,10240,102,102,128,conservative_topk_strict_gt,IPIX_Dartmouth,19931107_135603_starea.cdf,119,19931107_135603_starea.cdf#119,tpsscs_trainable_gate,9,"8,9,10,11",,
1e-05,,0.001953125,0.0,1024,10240,0,0,2,residual_cfar_plus_zero_false_gate_union,IPIX_Dartmouth,19931107_135603_starea.cdf,119,19931107_135603_starea.cdf#119,tpsscs_finished_detector,9,"8,9,10,11",841415.8107760117,395329663.20392287
3e-05,,0.001953125,0.0,1024,10240,0,0,2,residual_cfar_plus_zero_false_gate_union,IPIX_Dartmouth,19931107_135603_starea.cdf,119,19931107_135603_starea.cdf#119,tpsscs_finished_detector,9,"8,9,10,11",841415.8107760117,395329663.20392287
0.0001,,0.001953125,9.765625e-05,1024,10240,1,1,6,residual_cfar_plus_zero_false_gate_union,IPIX_Dartmouth,19931107_135603_starea.cdf,119,19931107_135603_starea.cdf#119,tpsscs_finished_detector,9,"8,9,10,11",104369.95987043183,395329663.20392287
0.0003,,0.001953125,0.00029296875,1024,10240,3,3,8,residual_cfar_plus_zero_false_gate_union,IPIX_Dartmouth,19931107_135603_starea.cdf,119,19931107_135603_starea.cdf#119,tpsscs_finished_detector,9,"8,9,10,11",99717.27964323616,395329663.20392287
0.001,,0.001953125,0.0009765625,1024,10240,10,10,20,residual_cfar_plus_zero_false_gate_union,IPIX_Dartmouth,19931107_135603_starea.cdf,119,19931107_135603_starea.cdf#119,tpsscs_finished_detector,9,"8,9,10,11",73723.34802516777,395329663.20392287
0.003,,0.001953125,0.0029296875,1024,10240,30,30,47,residual_cfar_plus_zero_false_gate_union,IPIX_Dartmouth,19931107_135603_starea.cdf,119,19931107_135603_starea.cdf#119,tpsscs_finished_detector,9,"8,9,10,11",49702.34028915193,395329663.20392287
0.01,,0.001953125,0.0099609375,1024,10240,102,102,135,residual_cfar_plus_zero_false_gate_union,IPIX_Dartmouth,19931107_135603_starea.cdf,119,19931107_135603_starea.cdf#119,tpsscs_finished_detector,9,"8,9,10,11",26849.881320258697,395329663.20392287
1e-05,1181242202.2155242,0.0,0.0,1024,10240,0,0,0,conservative_topk_strict_gt,IPIX_Dartmouth,19931107_135603_starea.cdf,120,19931107_135603_starea.cdf#120,raw,9,"8,9,10,11",,
3e-05,1181242202.2155242,0.0,0.0,1024,10240,0,0,0,conservative_topk_strict_gt,IPIX_Dartmouth,19931107_135603_starea.cdf,120,19931107_135603_starea.cdf#120,raw,9,"8,9,10,11",,
0.0001,1073348975.3424315,0.0,9.765625e-05,1024,10240,1,1,1,conservative_topk_strict_gt,IPIX_Dartmouth,19931107_135603_starea.cdf,120,19931107_135603_starea.cdf#120,raw,9,"8,9,10,11",,
0.0003,702218340.2944918,0.0,0.00029296875,1024,10240,3,3,3,conservative_topk_strict_gt,IPIX_Dartmouth,19931107_135603_starea.cdf,120,19931107_135603_starea.cdf#120,raw,9,"8,9,10,11",,
0.001,525163640.4834215,0.0,0.0009765625,1024,10240,10,10,10,conservative_topk_strict_gt,IPIX_Dartmouth,19931107_135603_starea.cdf,120,19931107_135603_starea.cdf#120,raw,9,"8,9,10,11",,
0.003,316268871.50589836,0.0,0.0029296875,1024,10240,30,30,30,conservative_topk_strict_gt,IPIX_Dartmouth,19931107_135603_starea.cdf,120,19931107_135603_starea.cdf#120,raw,9,"8,9,10,11",,
0.01,155882125.4390956,0.0,0.0099609375,1024,10240,102,102,102,conservative_topk_strict_gt,IPIX_Dartmouth,19931107_135603_starea.cdf,120,19931107_135603_starea.cdf#120,raw,9,"8,9,10,11",,
1e-05,93527.79333427116,0.001953125,0.0,1024,10240,0,0,2,conservative_topk_strict_gt,IPIX_Dartmouth,19931107_135603_starea.cdf,120,19931107_135603_starea.cdf#120,low_rank_residual_k30,9,"8,9,10,11",,
3e-05,93527.79333427116,0.001953125,0.0,1024,10240,0,0,2,conservative_topk_strict_gt,IPIX_Dartmouth,19931107_135603_starea.cdf,120,19931107_135603_starea.cdf#120,low_rank_residual_k30,9,"8,9,10,11",,
0.0001,89330.09262443386,0.001953125,9.765625e-05,1024,10240,1,1,5,conservative_topk_strict_gt,IPIX_Dartmouth,19931107_135603_starea.cdf,120,19931107_135603_starea.cdf#120,low_rank_residual_k30,9,"8,9,10,11",,
0.0003,76078.57283265553,0.00390625,0.00029296875,1024,10240,3,3,10,conservative_topk_strict_gt,IPIX_Dartmouth,19931107_135603_starea.cdf,120,19931107_135603_starea.cdf#120,low_rank_residual_k30,9,"8,9,10,11",,
0.001,55349.64215633559,0.0048828125,0.0009765625,1024,10240,10,10,22,conservative_topk_strict_gt,IPIX_Dartmouth,19931107_135603_starea.cdf,120,19931107_135603_starea.cdf#120,low_rank_residual_k30,9,"8,9,10,11",,
0.003,44676.90397205115,0.005859375,0.0029296875,1024,10240,30,30,47,conservative_topk_strict_gt,IPIX_Dartmouth,19931107_135603_starea.cdf,120,19931107_135603_starea.cdf#120,low_rank_residual_k30,9,"8,9,10,11",,
0.01,22366.653313911735,0.013671875,0.0099609375,1024,10240,102,102,150,conservative_topk_strict_gt,IPIX_Dartmouth,19931107_135603_starea.cdf,120,19931107_135603_starea.cdf#120,low_rank_residual_k30,9,"8,9,10,11",,
1e-05,1180578895.7222667,0.0,0.0,1024,10240,0,0,0,conservative_topk_strict_gt,IPIX_Dartmouth,19931107_135603_starea.cdf,120,19931107_135603_starea.cdf#120,tpsscs_trainable_gate,9,"8,9,10,11",,
3e-05,1180578895.7222667,0.0,0.0,1024,10240,0,0,0,conservative_topk_strict_gt,IPIX_Dartmouth,19931107_135603_starea.cdf,120,19931107_135603_starea.cdf#120,tpsscs_trainable_gate,9,"8,9,10,11",,
0.0001,702001883.1906633,0.0,9.765625e-05,1024,10240,1,1,1,conservative_topk_strict_gt,IPIX_Dartmouth,19931107_135603_starea.cdf,120,19931107_135603_starea.cdf#120,tpsscs_trainable_gate,9,"8,9,10,11",,
0.0003,679239095.6358439,0.0,0.00029296875,1024,10240,3,3,3,conservative_topk_strict_gt,IPIX_Dartmouth,19931107_135603_starea.cdf,120,19931107_135603_starea.cdf#120,tpsscs_trainable_gate,9,"8,9,10,11",,
0.001,440354385.96254176,0.0,0.0009765625,1024,10240,10,10,10,conservative_topk_strict_gt,IPIX_Dartmouth,19931107_135603_starea.cdf,120,19931107_135603_starea.cdf#120,tpsscs_trainable_gate,9,"8,9,10,11",,
0.003,202824804.80300713,0.0,0.0029296875,1024,10240,30,30,30,conservative_topk_strict_gt,IPIX_Dartmouth,19931107_135603_starea.cdf,120,19931107_135603_starea.cdf#120,tpsscs_trainable_gate,9,"8,9,10,11",,
0.01,81154168.20329519,0.0,0.0099609375,1024,10240,102,102,102,conservative_topk_strict_gt,IPIX_Dartmouth,19931107_135603_starea.cdf,120,19931107_135603_starea.cdf#120,tpsscs_trainable_gate,9,"8,9,10,11",,
1e-05,,0.001953125,0.0,1024,10240,0,0,2,residual_cfar_plus_zero_false_gate_union,IPIX_Dartmouth,19931107_135603_starea.cdf,120,19931107_135603_starea.cdf#120,tpsscs_finished_detector,9,"8,9,10,11",93527.79333427009,1180578895.7222667
3e-05,,0.001953125,0.0,1024,10240,0,0,2,residual_cfar_plus_zero_false_gate_union,IPIX_Dartmouth,19931107_135603_starea.cdf,120,19931107_135603_starea.cdf#120,tpsscs_finished_detector,9,"8,9,10,11",93527.79333427009,1180578895.7222667
0.0001,,0.001953125,9.765625e-05,1024,10240,1,1,5,residual_cfar_plus_zero_false_gate_union,IPIX_Dartmouth,19931107_135603_starea.cdf,120,19931107_135603_starea.cdf#120,tpsscs_finished_detector,9,"8,9,10,11",89330.09262443423,1180578895.7222667
0.0003,,0.00390625,0.00029296875,1024,10240,3,3,10,residual_cfar_plus_zero_false_gate_union,IPIX_Dartmouth,19931107_135603_starea.cdf,120,19931107_135603_starea.cdf#120,tpsscs_finished_detector,9,"8,9,10,11",76078.57283265598,1180578895.7222667
0.001,,0.0048828125,0.0009765625,1024,10240,10,10,22,residual_cfar_plus_zero_false_gate_union,IPIX_Dartmouth,19931107_135603_starea.cdf,120,19931107_135603_starea.cdf#120,tpsscs_finished_detector,9,"8,9,10,11",55349.64215633813,1180578895.7222667
0.003,,0.005859375,0.0029296875,1024,10240,30,30,47,residual_cfar_plus_zero_false_gate_union,IPIX_Dartmouth,19931107_135603_starea.cdf,120,19931107_135603_starea.cdf#120,tpsscs_finished_detector,9,"8,9,10,11",44676.90397205507,1180578895.7222667
0.01,,0.013671875,0.0099609375,1024,10240,102,102,150,residual_cfar_plus_zero_false_gate_union,IPIX_Dartmouth,19931107_135603_starea.cdf,120,19931107_135603_starea.cdf#120,tpsscs_finished_detector,9,"8,9,10,11",22366.653313912364,1180578895.7222667
1e-05,766274153.7112857,0.0,0.0,1024,10240,0,0,0,conservative_topk_strict_gt,IPIX_Dartmouth,19931107_135603_starea.cdf,121,19931107_135603_starea.cdf#121,raw,9,"8,9,10,11",,
3e-05,766274153.7112857,0.0,0.0,1024,10240,0,0,0,conservative_topk_strict_gt,IPIX_Dartmouth,19931107_135603_starea.cdf,121,19931107_135603_starea.cdf#121,raw,9,"8,9,10,11",,
0.0001,741698545.4826666,0.0,9.765625e-05,1024,10240,1,1,1,conservative_topk_strict_gt,IPIX_Dartmouth,19931107_135603_starea.cdf,121,19931107_135603_starea.cdf#121,raw,9,"8,9,10,11",,
0.0003,678742477.9630046,0.0,0.00029296875,1024,10240,3,3,3,conservative_topk_strict_gt,IPIX_Dartmouth,19931107_135603_starea.cdf,121,19931107_135603_starea.cdf#121,raw,9,"8,9,10,11",,
0.001,596652635.1205144,0.0,0.0009765625,1024,10240,10,10,10,conservative_topk_strict_gt,IPIX_Dartmouth,19931107_135603_starea.cdf,121,19931107_135603_starea.cdf#121,raw,9,"8,9,10,11",,
0.003,462480217.4187671,0.0,0.0029296875,1024,10240,30,30,30,conservative_topk_strict_gt,IPIX_Dartmouth,19931107_135603_starea.cdf,121,19931107_135603_starea.cdf#121,raw,9,"8,9,10,11",,
0.01,196946138.15982231,0.0,0.0099609375,1024,10240,102,102,102,conservative_topk_strict_gt,IPIX_Dartmouth,19931107_135603_starea.cdf,121,19931107_135603_starea.cdf#121,raw,9,"8,9,10,11",,
1e-05,580109.2588148413,0.0,0.0,1024,10240,0,0,0,conservative_topk_strict_gt,IPIX_Dartmouth,19931107_135603_starea.cdf,121,19931107_135603_starea.cdf#121,low_rank_residual_k30,9,"8,9,10,11",,
3e-05,580109.2588148413,0.0,0.0,1024,10240,0,0,0,conservative_topk_strict_gt,IPIX_Dartmouth,19931107_135603_starea.cdf,121,19931107_135603_starea.cdf#121,low_rank_residual_k30,9,"8,9,10,11",,
0.0001,210757.45814144897,0.0,9.765625e-05,1024,10240,1,1,1,conservative_topk_strict_gt,IPIX_Dartmouth,19931107_135603_starea.cdf,121,19931107_135603_starea.cdf#121,low_rank_residual_k30,9,"8,9,10,11",,
0.0003,84702.99851832769,0.0,0.00029296875,1024,10240,3,3,3,conservative_topk_strict_gt,IPIX_Dartmouth,19931107_135603_starea.cdf,121,19931107_135603_starea.cdf#121,low_rank_residual_k30,9,"8,9,10,11",,
0.001,52429.72298824363,0.001953125,0.0009765625,1024,10240,10,10,13,conservative_topk_strict_gt,IPIX_Dartmouth,19931107_135603_starea.cdf,121,19931107_135603_starea.cdf#121,low_rank_residual_k30,9,"8,9,10,11",,
0.003,35635.23977054421,0.01171875,0.0029296875,1024,10240,30,30,47,conservative_topk_strict_gt,IPIX_Dartmouth,19931107_135603_starea.cdf,121,19931107_135603_starea.cdf#121,low_rank_residual_k30,9,"8,9,10,11",,
0.01,17042.587337674544,0.029296875,0.0099609375,1024,10240,102,102,165,conservative_topk_strict_gt,IPIX_Dartmouth,19931107_135603_starea.cdf,121,19931107_135603_starea.cdf#121,low_rank_residual_k30,9,"8,9,10,11",,
1e-05,737381137.2095693,0.0,0.0,1024,10240,0,0,0,conservative_topk_strict_gt,IPIX_Dartmouth,19931107_135603_starea.cdf,121,19931107_135603_starea.cdf#121,tpsscs_trainable_gate,9,"8,9,10,11",,
3e-05,737381137.2095693,0.0,0.0,1024,10240,0,0,0,conservative_topk_strict_gt,IPIX_Dartmouth,19931107_135603_starea.cdf,121,19931107_135603_starea.cdf#121,tpsscs_trainable_gate,9,"8,9,10,11",,
0.0001,634004116.1917882,0.0,9.765625e-05,1024,10240,1,1,1,conservative_topk_strict_gt,IPIX_Dartmouth,19931107_135603_starea.cdf,121,19931107_135603_starea.cdf#121,tpsscs_trainable_gate,9,"8,9,10,11",,
0.0003,539062030.7485918,0.0,0.00029296875,1024,10240,3,3,3,conservative_topk_strict_gt,IPIX_Dartmouth,19931107_135603_starea.cdf,121,19931107_135603_starea.cdf#121,tpsscs_trainable_gate,9,"8,9,10,11",,
0.001,358337253.61414266,0.0,0.0009765625,1024,10240,10,10,10,conservative_topk_strict_gt,IPIX_Dartmouth,19931107_135603_starea.cdf,121,19931107_135603_starea.cdf#121,tpsscs_trainable_gate,9,"8,9,10,11",,
0.003,182293643.77890515,0.0,0.0029296875,1024,10240,30,30,30,conservative_topk_strict_gt,IPIX_Dartmouth,19931107_135603_starea.cdf,121,19931107_135603_starea.cdf#121,tpsscs_trainable_gate,9,"8,9,10,11",,
0.01,44519080.45364814,0.0009765625,0.0099609375,1024,10240,102,102,105,conservative_topk_strict_gt,IPIX_Dartmouth,19931107_135603_starea.cdf,121,19931107_135603_starea.cdf#121,tpsscs_trainable_gate,9,"8,9,10,11",,
1e-05,,0.0,0.0,1024,10240,0,0,0,residual_cfar_plus_zero_false_gate_union,IPIX_Dartmouth,19931107_135603_starea.cdf,121,19931107_135603_starea.cdf#121,tpsscs_finished_detector,9,"8,9,10,11",580109.2588148434,737381137.2095693
3e-05,,0.0,0.0,1024,10240,0,0,0,residual_cfar_plus_zero_false_gate_union,IPIX_Dartmouth,19931107_135603_starea.cdf,121,19931107_135603_starea.cdf#121,tpsscs_finished_detector,9,"8,9,10,11",580109.2588148434,737381137.2095693
0.0001,,0.0,9.765625e-05,1024,10240,1,1,1,residual_cfar_plus_zero_false_gate_union,IPIX_Dartmouth,19931107_135603_starea.cdf,121,19931107_135603_starea.cdf#121,tpsscs_finished_detector,9,"8,9,10,11",210757.45814144763,737381137.2095693
0.0003,,0.0,0.00029296875,1024,10240,3,3,3,residual_cfar_plus_zero_false_gate_union,IPIX_Dartmouth,19931107_135603_starea.cdf,121,19931107_135603_starea.cdf#121,tpsscs_finished_detector,9,"8,9,10,11",84702.99851832895,737381137.2095693
0.001,,0.001953125,0.0009765625,1024,10240,10,10,13,residual_cfar_plus_zero_false_gate_union,IPIX_Dartmouth,19931107_135603_starea.cdf,121,19931107_135603_starea.cdf#121,tpsscs_finished_detector,9,"8,9,10,11",52429.722988243564,737381137.2095693
0.003,,0.01171875,0.0029296875,1024,10240,30,30,47,residual_cfar_plus_zero_false_gate_union,IPIX_Dartmouth,19931107_135603_starea.cdf,121,19931107_135603_starea.cdf#121,tpsscs_finished_detector,9,"8,9,10,11",35635.239770544795,737381137.2095693
0.01,,0.029296875,0.0099609375,1024,10240,102,102,165,residual_cfar_plus_zero_false_gate_union,IPIX_Dartmouth,19931107_135603_starea.cdf,121,19931107_135603_starea.cdf#121,tpsscs_finished_detector,9,"8,9,10,11",17042.587337674377,737381137.2095693
1e-05,601513762.5395547,0.0,0.0,1024,10240,0,0,0,conservative_topk_strict_gt,IPIX_Dartmouth,19931107_135603_starea.cdf,122,19931107_135603_starea.cdf#122,raw,9,"8,9,10,11",,
3e-05,601513762.5395547,0.0,0.0,1024,10240,0,0,0,conservative_topk_strict_gt,IPIX_Dartmouth,19931107_135603_starea.cdf,122,19931107_135603_starea.cdf#122,raw,9,"8,9,10,11",,
0.0001,579291442.2849306,0.0,9.765625e-05,1024,10240,1,1,1,conservative_topk_strict_gt,IPIX_Dartmouth,19931107_135603_starea.cdf,122,19931107_135603_starea.cdf#122,raw,9,"8,9,10,11",,
0.0003,525605680.1285313,0.0,0.00029296875,1024,10240,3,3,3,conservative_topk_strict_gt,IPIX_Dartmouth,19931107_135603_starea.cdf,122,19931107_135603_starea.cdf#122,raw,9,"8,9,10,11",,
0.001,443657243.77265656,0.0,0.0009765625,1024,10240,10,10,11,conservative_topk_strict_gt,IPIX_Dartmouth,19931107_135603_starea.cdf,122,19931107_135603_starea.cdf#122,raw,9,"8,9,10,11",,
0.003,331025392.8145882,0.0,0.0029296875,1024,10240,30,30,35,conservative_topk_strict_gt,IPIX_Dartmouth,19931107_135603_starea.cdf,122,19931107_135603_starea.cdf#122,raw,9,"8,9,10,11",,
0.01,176952683.23582715,0.0,0.0099609375,1024,10240,102,102,135,conservative_topk_strict_gt,IPIX_Dartmouth,19931107_135603_starea.cdf,122,19931107_135603_starea.cdf#122,raw,9,"8,9,10,11",,
1e-05,28880.302504787298,0.0,0.0,1024,10240,0,0,0,conservative_topk_strict_gt,IPIX_Dartmouth,19931107_135603_starea.cdf,122,19931107_135603_starea.cdf#122,low_rank_residual_k30,9,"8,9,10,11",,
3e-05,28880.302504787298,0.0,0.0,1024,10240,0,0,0,conservative_topk_strict_gt,IPIX_Dartmouth,19931107_135603_starea.cdf,122,19931107_135603_starea.cdf#122,low_rank_residual_k30,9,"8,9,10,11",,
0.0001,23463.85906669686,0.0009765625,9.765625e-05,1024,10240,1,1,3,conservative_topk_strict_gt,IPIX_Dartmouth,19931107_135603_starea.cdf,122,19931107_135603_starea.cdf#122,low_rank_residual_k30,9,"8,9,10,11",,
0.0003,20747.087330587714,0.001953125,0.00029296875,1024,10240,3,3,6,conservative_topk_strict_gt,IPIX_Dartmouth,19931107_135603_starea.cdf,122,19931107_135603_starea.cdf#122,low_rank_residual_k30,9,"8,9,10,11",,
0.001,14857.445436633949,0.0078125,0.0009765625,1024,10240,10,10,20,conservative_topk_strict_gt,IPIX_Dartmouth,19931107_135603_starea.cdf,122,19931107_135603_starea.cdf#122,low_rank_residual_k30,9,"8,9,10,11",,
0.003,13032.408091806607,0.01171875,0.0029296875,1024,10240,30,30,45,conservative_topk_strict_gt,IPIX_Dartmouth,19931107_135603_starea.cdf,122,19931107_135603_starea.cdf#122,low_rank_residual_k30,9,"8,9,10,11",,
0.01,7070.842541042836,0.03125,0.0099609375,1024,10240,102,102,161,conservative_topk_strict_gt,IPIX_Dartmouth,19931107_135603_starea.cdf,122,19931107_135603_starea.cdf#122,low_rank_residual_k30,9,"8,9,10,11",,
1e-05,579102794.150917,0.0,0.0,1024,10240,0,0,0,conservative_topk_strict_gt,IPIX_Dartmouth,19931107_135603_starea.cdf,122,19931107_135603_starea.cdf#122,tpsscs_trainable_gate,9,"8,9,10,11",,
3e-05,579102794.150917,0.0,0.0,1024,10240,0,0,0,conservative_topk_strict_gt,IPIX_Dartmouth,19931107_135603_starea.cdf,122,19931107_135603_starea.cdf#122,tpsscs_trainable_gate,9,"8,9,10,11",,
0.0001,334101203.5009255,0.0,9.765625e-05,1024,10240,1,1,1,conservative_topk_strict_gt,IPIX_Dartmouth,19931107_135603_starea.cdf,122,19931107_135603_starea.cdf#122,tpsscs_trainable_gate,9,"8,9,10,11",,
0.0003,313750896.4180963,0.0,0.00029296875,1024,10240,3,3,3,conservative_topk_strict_gt,IPIX_Dartmouth,19931107_135603_starea.cdf,122,19931107_135603_starea.cdf#122,tpsscs_trainable_gate,9,"8,9,10,11",,
0.001,234704002.73577324,0.0,0.0009765625,1024,10240,10,10,10,conservative_topk_strict_gt,IPIX_Dartmouth,19931107_135603_starea.cdf,122,19931107_135603_starea.cdf#122,tpsscs_trainable_gate,9,"8,9,10,11",,
0.003,117400251.42474726,0.0,0.0029296875,1024,10240,30,30,30,conservative_topk_strict_gt,IPIX_Dartmouth,19931107_135603_starea.cdf,122,19931107_135603_starea.cdf#122,tpsscs_trainable_gate,9,"8,9,10,11",,
0.01,33632763.709150635,0.0,0.0099609375,1024,10240,102,102,103,conservative_topk_strict_gt,IPIX_Dartmouth,19931107_135603_starea.cdf,122,19931107_135603_starea.cdf#122,tpsscs_trainable_gate,9,"8,9,10,11",,
1e-05,,0.0,0.0,1024,10240,0,0,0,residual_cfar_plus_zero_false_gate_union,IPIX_Dartmouth,19931107_135603_starea.cdf,122,19931107_135603_starea.cdf#122,tpsscs_finished_detector,9,"8,9,10,11",28880.30250478733,579102794.150917
3e-05,,0.0,0.0,1024,10240,0,0,0,residual_cfar_plus_zero_false_gate_union,IPIX_Dartmouth,19931107_135603_starea.cdf,122,19931107_135603_starea.cdf#122,tpsscs_finished_detector,9,"8,9,10,11",28880.30250478733,579102794.150917
0.0001,,0.0009765625,9.765625e-05,1024,10240,1,1,3,residual_cfar_plus_zero_false_gate_union,IPIX_Dartmouth,19931107_135603_starea.cdf,122,19931107_135603_starea.cdf#122,tpsscs_finished_detector,9,"8,9,10,11",23463.85906669658,579102794.150917
0.0003,,0.001953125,0.00029296875,1024,10240,3,3,6,residual_cfar_plus_zero_false_gate_union,IPIX_Dartmouth,19931107_135603_starea.cdf,122,19931107_135603_starea.cdf#122,tpsscs_finished_detector,9,"8,9,10,11",20747.0873305873,579102794.150917
0.001,,0.0078125,0.0009765625,1024,10240,10,10,20,residual_cfar_plus_zero_false_gate_union,IPIX_Dartmouth,19931107_135603_starea.cdf,122,19931107_135603_starea.cdf#122,tpsscs_finished_detector,9,"8,9,10,11",14857.445436634094,579102794.150917
0.003,,0.01171875,0.0029296875,1024,10240,30,30,45,residual_cfar_plus_zero_false_gate_union,IPIX_Dartmouth,19931107_135603_starea.cdf,122,19931107_135603_starea.cdf#122,tpsscs_finished_detector,9,"8,9,10,11",13032.408091806934,579102794.150917
0.01,,0.03125,0.0099609375,1024,10240,102,102,161,residual_cfar_plus_zero_false_gate_union,IPIX_Dartmouth,19931107_135603_starea.cdf,122,19931107_135603_starea.cdf#122,tpsscs_finished_detector,9,"8,9,10,11",7070.8425410428445,579102794.150917
1e-05,697634770.2049904,0.001953125,0.0,1024,10240,0,0,4,conservative_topk_strict_gt,IPIX_Dartmouth,19931107_135603_starea.cdf,123,19931107_135603_starea.cdf#123,raw,9,"8,9,10,11",,
3e-05,697634770.2049904,0.001953125,0.0,1024,10240,0,0,4,conservative_topk_strict_gt,IPIX_Dartmouth,19931107_135603_starea.cdf,123,19931107_135603_starea.cdf#123,raw,9,"8,9,10,11",,
0.0001,626924314.1094217,0.001953125,9.765625e-05,1024,10240,1,1,6,conservative_topk_strict_gt,IPIX_Dartmouth,19931107_135603_starea.cdf,123,19931107_135603_starea.cdf#123,raw,9,"8,9,10,11",,
0.0003,607892858.001535,0.001953125,0.00029296875,1024,10240,3,3,8,conservative_topk_strict_gt,IPIX_Dartmouth,19931107_135603_starea.cdf,123,19931107_135603_starea.cdf#123,raw,9,"8,9,10,11",,
0.001,443836616.30329597,0.001953125,0.0009765625,1024,10240,10,10,17,conservative_topk_strict_gt,IPIX_Dartmouth,19931107_135603_starea.cdf,123,19931107_135603_starea.cdf#123,raw,9,"8,9,10,11",,
0.003,309913769.2010566,0.0029296875,0.0029296875,1024,10240,30,30,48,conservative_topk_strict_gt,IPIX_Dartmouth,19931107_135603_starea.cdf,123,19931107_135603_starea.cdf#123,raw,9,"8,9,10,11",,
0.01,130485517.60631089,0.0146484375,0.0099609375,1024,10240,102,102,220,conservative_topk_strict_gt,IPIX_Dartmouth,19931107_135603_starea.cdf,123,19931107_135603_starea.cdf#123,raw,9,"8,9,10,11",,
1e-05,667711.9802215045,0.0,0.0,1024,10240,0,0,0,conservative_topk_strict_gt,IPIX_Dartmouth,19931107_135603_starea.cdf,123,19931107_135603_starea.cdf#123,low_rank_residual_k30,9,"8,9,10,11",,
3e-05,667711.9802215045,0.0,0.0,1024,10240,0,0,0,conservative_topk_strict_gt,IPIX_Dartmouth,19931107_135603_starea.cdf,123,19931107_135603_starea.cdf#123,low_rank_residual_k30,9,"8,9,10,11",,
0.0001,360405.3285308662,0.0,9.765625e-05,1024,10240,1,1,1,conservative_topk_strict_gt,IPIX_Dartmouth,19931107_135603_starea.cdf,123,19931107_135603_starea.cdf#123,low_rank_residual_k30,9,"8,9,10,11",,
0.0003,305833.68553280813,0.0,0.00029296875,1024,10240,3,3,3,conservative_topk_strict_gt,IPIX_Dartmouth,19931107_135603_starea.cdf,123,19931107_135603_starea.cdf#123,low_rank_residual_k30,9,"8,9,10,11",,
0.001,188988.98471146772,0.0,0.0009765625,1024,10240,10,10,10,conservative_topk_strict_gt,IPIX_Dartmouth,19931107_135603_starea.cdf,123,19931107_135603_starea.cdf#123,low_rank_residual_k30,9,"8,9,10,11",,
0.003,133522.441206696,0.0,0.0029296875,1024,10240,30,30,30,conservative_topk_strict_gt,IPIX_Dartmouth,19931107_135603_starea.cdf,123,19931107_135603_starea.cdf#123,low_rank_residual_k30,9,"8,9,10,11",,
0.01,92834.40527335444,0.0,0.0099609375,1024,10240,102,102,102,conservative_topk_strict_gt,IPIX_Dartmouth,19931107_135603_starea.cdf,123,19931107_135603_starea.cdf#123,low_rank_residual_k30,9,"8,9,10,11",,
1e-05,108140882.84491725,0.0,0.0,1024,10240,0,0,0,conservative_topk_strict_gt,IPIX_Dartmouth,19931107_135603_starea.cdf,123,19931107_135603_starea.cdf#123,tpsscs_trainable_gate,9,"8,9,10,11",,
3e-05,108140882.84491725,0.0,0.0,1024,10240,0,0,0,conservative_topk_strict_gt,IPIX_Dartmouth,19931107_135603_starea.cdf,123,19931107_135603_starea.cdf#123,tpsscs_trainable_gate,9,"8,9,10,11",,
0.0001,101891532.17294994,0.0,9.765625e-05,1024,10240,1,1,1,conservative_topk_strict_gt,IPIX_Dartmouth,19931107_135603_starea.cdf,123,19931107_135603_starea.cdf#123,tpsscs_trainable_gate,9,"8,9,10,11",,
0.0003,71820543.58677511,0.0,0.00029296875,1024,10240,3,3,3,conservative_topk_strict_gt,IPIX_Dartmouth,19931107_135603_starea.cdf,123,19931107_135603_starea.cdf#123,tpsscs_trainable_gate,9,"8,9,10,11",,
0.001,50321505.65511141,0.0,0.0009765625,1024,10240,10,10,10,conservative_topk_strict_gt,IPIX_Dartmouth,19931107_135603_starea.cdf,123,19931107_135603_starea.cdf#123,tpsscs_trainable_gate,9,"8,9,10,11",,
0.003,33107909.238074806,0.0,0.0029296875,1024,10240,30,30,30,conservative_topk_strict_gt,IPIX_Dartmouth,19931107_135603_starea.cdf,123,19931107_135603_starea.cdf#123,tpsscs_trainable_gate,9,"8,9,10,11",,
0.01,11795148.812210307,0.0,0.0099609375,1024,10240,102,102,102,conservative_topk_strict_gt,IPIX_Dartmouth,19931107_135603_starea.cdf,123,19931107_135603_starea.cdf#123,tpsscs_trainable_gate,9,"8,9,10,11",,
1e-05,,0.0,0.0,1024,10240,0,0,0,residual_cfar_plus_zero_false_gate_union,IPIX_Dartmouth,19931107_135603_starea.cdf,123,19931107_135603_starea.cdf#123,tpsscs_finished_detector,9,"8,9,10,11",667711.9802215064,108140882.84491725
3e-05,,0.0,0.0,1024,10240,0,0,0,residual_cfar_plus_zero_false_gate_union,IPIX_Dartmouth,19931107_135603_starea.cdf,123,19931107_135603_starea.cdf#123,tpsscs_finished_detector,9,"8,9,10,11",667711.9802215064,108140882.84491725
0.0001,,0.0,9.765625e-05,1024,10240,1,1,1,residual_cfar_plus_zero_false_gate_union,IPIX_Dartmouth,19931107_135603_starea.cdf,123,19931107_135603_starea.cdf#123,tpsscs_finished_detector,9,"8,9,10,11",360405.3285308657,108140882.84491725
0.0003,,0.0,0.00029296875,1024,10240,3,3,3,residual_cfar_plus_zero_false_gate_union,IPIX_Dartmouth,19931107_135603_starea.cdf,123,19931107_135603_starea.cdf#123,tpsscs_finished_detector,9,"8,9,10,11",305833.68553280656,108140882.84491725
0.001,,0.0,0.0009765625,1024,10240,10,10,10,residual_cfar_plus_zero_false_gate_union,IPIX_Dartmouth,19931107_135603_starea.cdf,123,19931107_135603_starea.cdf#123,tpsscs_finished_detector,9,"8,9,10,11",188988.98471146784,108140882.84491725
0.003,,0.0,0.0029296875,1024,10240,30,30,30,residual_cfar_plus_zero_false_gate_union,IPIX_Dartmouth,19931107_135603_starea.cdf,123,19931107_135603_starea.cdf#123,tpsscs_finished_detector,9,"8,9,10,11",133522.44120669438,108140882.84491725
0.01,,0.0,0.0099609375,1024,10240,102,102,102,residual_cfar_plus_zero_false_gate_union,IPIX_Dartmouth,19931107_135603_starea.cdf,123,19931107_135603_starea.cdf#123,tpsscs_finished_detector,9,"8,9,10,11",92834.40527335412,108140882.84491725
1e-05,886353760.5943164,0.0087890625,0.0,1024,10240,0,0,24,conservative_topk_strict_gt,IPIX_Dartmouth,19931107_135603_starea.cdf,124,19931107_135603_starea.cdf#124,raw,9,"8,9,10,11",,
3e-05,886353760.5943164,0.0087890625,0.0,1024,10240,0,0,24,conservative_topk_strict_gt,IPIX_Dartmouth,19931107_135603_starea.cdf,124,19931107_135603_starea.cdf#124,raw,9,"8,9,10,11",,
0.0001,742217876.5269607,0.009765625,9.765625e-05,1024,10240,1,1,31,conservative_topk_strict_gt,IPIX_Dartmouth,19931107_135603_starea.cdf,124,19931107_135603_starea.cdf#124,raw,9,"8,9,10,11",,
0.0003,727611743.9389838,0.009765625,0.00029296875,1024,10240,3,3,33,conservative_topk_strict_gt,IPIX_Dartmouth,19931107_135603_starea.cdf,124,19931107_135603_starea.cdf#124,raw,9,"8,9,10,11",,
0.001,559642482.9184234,0.01171875,0.0009765625,1024,10240,10,10,52,conservative_topk_strict_gt,IPIX_Dartmouth,19931107_135603_starea.cdf,124,19931107_135603_starea.cdf#124,raw,9,"8,9,10,11",,
0.003,296383665.4646537,0.017578125,0.0029296875,1024,10240,30,30,126,conservative_topk_strict_gt,IPIX_Dartmouth,19931107_135603_starea.cdf,124,19931107_135603_starea.cdf#124,raw,9,"8,9,10,11",,
0.01,109096225.94396275,0.05078125,0.0099609375,1024,10240,102,102,350,conservative_topk_strict_gt,IPIX_Dartmouth,19931107_135603_starea.cdf,124,19931107_135603_starea.cdf#124,raw,9,"8,9,10,11",,
1e-05,1906544.2534592603,0.0,0.0,1024,10240,0,0,0,conservative_topk_strict_gt,IPIX_Dartmouth,19931107_135603_starea.cdf,124,19931107_135603_starea.cdf#124,low_rank_residual_k30,9,"8,9,10,11",,
3e-05,1906544.2534592603,0.0,0.0,1024,10240,0,0,0,conservative_topk_strict_gt,IPIX_Dartmouth,19931107_135603_starea.cdf,124,19931107_135603_starea.cdf#124,low_rank_residual_k30,9,"8,9,10,11",,
0.0001,1879861.6766229586,0.0,9.765625e-05,1024,10240,1,1,1,conservative_topk_strict_gt,IPIX_Dartmouth,19931107_135603_starea.cdf,124,19931107_135603_starea.cdf#124,low_rank_residual_k30,9,"8,9,10,11",,
0.0003,1682500.5714603558,0.0,0.00029296875,1024,10240,3,3,3,conservative_topk_strict_gt,IPIX_Dartmouth,19931107_135603_starea.cdf,124,19931107_135603_starea.cdf#124,low_rank_residual_k30,9,"8,9,10,11",,
0.001,1450914.1094635588,0.0,0.0009765625,1024,10240,10,10,10,conservative_topk_strict_gt,IPIX_Dartmouth,19931107_135603_starea.cdf,124,19931107_135603_starea.cdf#124,low_rank_residual_k30,9,"8,9,10,11",,
0.003,1117980.6119158675,0.0,0.0029296875,1024,10240,30,30,30,conservative_topk_strict_gt,IPIX_Dartmouth,19931107_135603_starea.cdf,124,19931107_135603_starea.cdf#124,low_rank_residual_k30,9,"8,9,10,11",,
0.01,701552.4821647758,0.0,0.0099609375,1024,10240,102,102,102,conservative_topk_strict_gt,IPIX_Dartmouth,19931107_135603_starea.cdf,124,19931107_135603_starea.cdf#124,low_rank_residual_k30,9,"8,9,10,11",,
1e-05,296383454.6817497,0.0,0.0,1024,10240,0,0,0,conservative_topk_strict_gt,IPIX_Dartmouth,19931107_135603_starea.cdf,124,19931107_135603_starea.cdf#124,tpsscs_trainable_gate,9,"8,9,10,11",,
3e-05,296383454.6817497,0.0,0.0,1024,10240,0,0,0,conservative_topk_strict_gt,IPIX_Dartmouth,19931107_135603_starea.cdf,124,19931107_135603_starea.cdf#124,tpsscs_trainable_gate,9,"8,9,10,11",,
0.0001,235886333.2804081,0.0,9.765625e-05,1024,10240,1,1,1,conservative_topk_strict_gt,IPIX_Dartmouth,19931107_135603_starea.cdf,124,19931107_135603_starea.cdf#124,tpsscs_trainable_gate,9,"8,9,10,11",,
0.0003,216903569.9440789,0.0,0.00029296875,1024,10240,3,3,3,conservative_topk_strict_gt,IPIX_Dartmouth,19931107_135603_starea.cdf,124,19931107_135603_starea.cdf#124,tpsscs_trainable_gate,9,"8,9,10,11",,
0.001,152453126.16876978,0.0,0.0009765625,1024,10240,10,10,10,conservative_topk_strict_gt,IPIX_Dartmouth,19931107_135603_starea.cdf,124,19931107_135603_starea.cdf#124,tpsscs_trainable_gate,9,"8,9,10,11",,
0.003,80031705.47199798,0.0,0.0029296875,1024,10240,30,30,30,conservative_topk_strict_gt,IPIX_Dartmouth,19931107_135603_starea.cdf,124,19931107_135603_starea.cdf#124,tpsscs_trainable_gate,9,"8,9,10,11",,
0.01,30061806.976589378,0.0,0.0099609375,1024,10240,102,102,102,conservative_topk_strict_gt,IPIX_Dartmouth,19931107_135603_starea.cdf,124,19931107_135603_starea.cdf#124,tpsscs_trainable_gate,9,"8,9,10,11",,
1e-05,,0.0,0.0,1024,10240,0,0,0,residual_cfar_plus_zero_false_gate_union,IPIX_Dartmouth,19931107_135603_starea.cdf,124,19931107_135603_starea.cdf#124,tpsscs_finished_detector,9,"8,9,10,11",1906544.2534592848,296383454.6817497
3e-05,,0.0,0.0,1024,10240,0,0,0,residual_cfar_plus_zero_false_gate_union,IPIX_Dartmouth,19931107_135603_starea.cdf,124,19931107_135603_starea.cdf#124,tpsscs_finished_detector,9,"8,9,10,11",1906544.2534592848,296383454.6817497
0.0001,,0.0,9.765625e-05,1024,10240,1,1,1,residual_cfar_plus_zero_false_gate_union,IPIX_Dartmouth,19931107_135603_starea.cdf,124,19931107_135603_starea.cdf#124,tpsscs_finished_detector,9,"8,9,10,11",1879861.6766229533,296383454.6817497
0.0003,,0.0,0.00029296875,1024,10240,3,3,3,residual_cfar_plus_zero_false_gate_union,IPIX_Dartmouth,19931107_135603_starea.cdf,124,19931107_135603_starea.cdf#124,tpsscs_finished_detector,9,"8,9,10,11",1682500.571460362,296383454.6817497
0.001,,0.0,0.0009765625,1024,10240,10,10,10,residual_cfar_plus_zero_false_gate_union,IPIX_Dartmouth,19931107_135603_starea.cdf,124,19931107_135603_starea.cdf#124,tpsscs_finished_detector,9,"8,9,10,11",1450914.1094635616,296383454.6817497
0.003,,0.0,0.0029296875,1024,10240,30,30,30,residual_cfar_plus_zero_false_gate_union,IPIX_Dartmouth,19931107_135603_starea.cdf,124,19931107_135603_starea.cdf#124,tpsscs_finished_detector,9,"8,9,10,11",1117980.611915869,296383454.6817497
0.01,,0.0,0.0099609375,1024,10240,102,102,102,residual_cfar_plus_zero_false_gate_union,IPIX_Dartmouth,19931107_135603_starea.cdf,124,19931107_135603_starea.cdf#124,tpsscs_finished_detector,9,"8,9,10,11",701552.4821647771,296383454.6817497
1e-05,504563044.5872255,0.01171875,0.0,1024,10240,0,0,57,conservative_topk_strict_gt,IPIX_Dartmouth,19931107_135603_starea.cdf,125,19931107_135603_starea.cdf#125,raw,9,"8,9,10,11",,
3e-05,504563044.5872255,0.01171875,0.0,1024,10240,0,0,57,conservative_topk_strict_gt,IPIX_Dartmouth,19931107_135603_starea.cdf,125,19931107_135603_starea.cdf#125,raw,9,"8,9,10,11",,
0.0001,359759096.35126895,0.0166015625,9.765625e-05,1024,10240,1,1,77,conservative_topk_strict_gt,IPIX_Dartmouth,19931107_135603_starea.cdf,125,19931107_135603_starea.cdf#125,raw,9,"8,9,10,11",,
0.0003,263182565.0295892,0.0205078125,0.00029296875,1024,10240,3,3,95,conservative_topk_strict_gt,IPIX_Dartmouth,19931107_135603_starea.cdf,125,19931107_135603_starea.cdf#125,raw,9,"8,9,10,11",,
0.001,213799645.26817426,0.0244140625,0.0009765625,1024,10240,10,10,125,conservative_topk_strict_gt,IPIX_Dartmouth,19931107_135603_starea.cdf,125,19931107_135603_starea.cdf#125,raw,9,"8,9,10,11",,
0.003,121160325.53202525,0.0322265625,0.0029296875,1024,10240,30,30,198,conservative_topk_strict_gt,IPIX_Dartmouth,19931107_135603_starea.cdf,125,19931107_135603_starea.cdf#125,raw,9,"8,9,10,11",,
0.01,59134000.350208305,0.0634765625,0.0099609375,1024,10240,102,102,422,conservative_topk_strict_gt,IPIX_Dartmouth,19931107_135603_starea.cdf,125,19931107_135603_starea.cdf#125,raw,9,"8,9,10,11",,
1e-05,89540.42285295436,0.0,0.0,1024,10240,0,0,0,conservative_topk_strict_gt,IPIX_Dartmouth,19931107_135603_starea.cdf,125,19931107_135603_starea.cdf#125,low_rank_residual_k30,9,"8,9,10,11",,
3e-05,89540.42285295436,0.0,0.0,1024,10240,0,0,0,conservative_topk_strict_gt,IPIX_Dartmouth,19931107_135603_starea.cdf,125,19931107_135603_starea.cdf#125,low_rank_residual_k30,9,"8,9,10,11",,
0.0001,76581.89512841424,0.0,9.765625e-05,1024,10240,1,1,1,conservative_topk_strict_gt,IPIX_Dartmouth,19931107_135603_starea.cdf,125,19931107_135603_starea.cdf#125,low_rank_residual_k30,9,"8,9,10,11",,
0.0003,71585.42175388102,0.0,0.00029296875,1024,10240,3,3,3,conservative_topk_strict_gt,IPIX_Dartmouth,19931107_135603_starea.cdf,125,19931107_135603_starea.cdf#125,low_rank_residual_k30,9,"8,9,10,11",,
0.001,41612.538051406904,0.0,0.0009765625,1024,10240,10,10,10,conservative_topk_strict_gt,IPIX_Dartmouth,19931107_135603_starea.cdf,125,19931107_135603_starea.cdf#125,low_rank_residual_k30,9,"8,9,10,11",,
0.003,28954.253423383794,0.0,0.0029296875,1024,10240,30,30,30,conservative_topk_strict_gt,IPIX_Dartmouth,19931107_135603_starea.cdf,125,19931107_135603_starea.cdf#125,low_rank_residual_k30,9,"8,9,10,11",,
0.01,16446.246851963846,0.0,0.0099609375,1024,10240,102,102,102,conservative_topk_strict_gt,IPIX_Dartmouth,19931107_135603_starea.cdf,125,19931107_135603_starea.cdf#125,low_rank_residual_k30,9,"8,9,10,11",,
1e-05,503795232.6449274,0.0,0.0,1024,10240,0,0,11,conservative_topk_strict_gt,IPIX_Dartmouth,19931107_135603_starea.cdf,125,19931107_135603_starea.cdf#125,tpsscs_trainable_gate,9,"8,9,10,11",,
3e-05,503795232.6449274,0.0,0.0,1024,10240,0,0,11,conservative_topk_strict_gt,IPIX_Dartmouth,19931107_135603_starea.cdf,125,19931107_135603_starea.cdf#125,tpsscs_trainable_gate,9,"8,9,10,11",,
0.0001,358756970.25635076,0.0,9.765625e-05,1024,10240,1,1,18,conservative_topk_strict_gt,IPIX_Dartmouth,19931107_135603_starea.cdf,125,19931107_135603_starea.cdf#125,tpsscs_trainable_gate,9,"8,9,10,11",,
0.0003,254193764.7899005,0.0,0.00029296875,1024,10240,3,3,22,conservative_topk_strict_gt,IPIX_Dartmouth,19931107_135603_starea.cdf,125,19931107_135603_starea.cdf#125,tpsscs_trainable_gate,9,"8,9,10,11",,
0.001,212924147.2481426,0.0,0.0009765625,1024,10240,10,10,30,conservative_topk_strict_gt,IPIX_Dartmouth,19931107_135603_starea.cdf,125,19931107_135603_starea.cdf#125,tpsscs_trainable_gate,9,"8,9,10,11",,
0.003,109365682.50806253,0.0,0.0029296875,1024,10240,30,30,62,conservative_topk_strict_gt,IPIX_Dartmouth,19931107_135603_starea.cdf,125,19931107_135603_starea.cdf#125,tpsscs_trainable_gate,9,"8,9,10,11",,
0.01,28669578.684228405,0.0,0.0099609375,1024,10240,102,102,187,conservative_topk_strict_gt,IPIX_Dartmouth,19931107_135603_starea.cdf,125,19931107_135603_starea.cdf#125,tpsscs_trainable_gate,9,"8,9,10,11",,
1e-05,,0.0,0.0,1024,10240,0,0,11,residual_cfar_plus_zero_false_gate_union,IPIX_Dartmouth,19931107_135603_starea.cdf,125,19931107_135603_starea.cdf#125,tpsscs_finished_detector,9,"8,9,10,11",89540.42285294835,503795232.6449274
3e-05,,0.0,0.0,1024,10240,0,0,11,residual_cfar_plus_zero_false_gate_union,IPIX_Dartmouth,19931107_135603_starea.cdf,125,19931107_135603_starea.cdf#125,tpsscs_finished_detector,9,"8,9,10,11",89540.42285294835,503795232.6449274
0.0001,,0.0,9.765625e-05,1024,10240,1,1,12,residual_cfar_plus_zero_false_gate_union,IPIX_Dartmouth,19931107_135603_starea.cdf,125,19931107_135603_starea.cdf#125,tpsscs_finished_detector,9,"8,9,10,11",76581.89512841424,503795232.6449274
0.0003,,0.0,0.00029296875,1024,10240,3,3,14,residual_cfar_plus_zero_false_gate_union,IPIX_Dartmouth,19931107_135603_starea.cdf,125,19931107_135603_starea.cdf#125,tpsscs_finished_detector,9,"8,9,10,11",71585.42175388194,503795232.6449274
0.001,,0.0,0.0009765625,1024,10240,10,10,21,residual_cfar_plus_zero_false_gate_union,IPIX_Dartmouth,19931107_135603_starea.cdf,125,19931107_135603_starea.cdf#125,tpsscs_finished_detector,9,"8,9,10,11",41612.5380514075,503795232.6449274
0.003,,0.0,0.0029296875,1024,10240,30,30,41,residual_cfar_plus_zero_false_gate_union,IPIX_Dartmouth,19931107_135603_starea.cdf,125,19931107_135603_starea.cdf#125,tpsscs_finished_detector,9,"8,9,10,11",28954.253423383045,503795232.6449274
0.01,,0.0,0.0099609375,1024,10240,102,102,113,residual_cfar_plus_zero_false_gate_union,IPIX_Dartmouth,19931107_135603_starea.cdf,125,19931107_135603_starea.cdf#125,tpsscs_finished_detector,9,"8,9,10,11",16446.246851963184,503795232.6449274
1e-05,232182461.66477498,0.0224609375,0.0,1024,10240,0,0,99,conservative_topk_strict_gt,IPIX_Dartmouth,19931107_135603_starea.cdf,126,19931107_135603_starea.cdf#126,raw,9,"8,9,10,11",,
3e-05,232182461.66477498,0.0224609375,0.0,1024,10240,0,0,99,conservative_topk_strict_gt,IPIX_Dartmouth,19931107_135603_starea.cdf,126,19931107_135603_starea.cdf#126,raw,9,"8,9,10,11",,
0.0001,135217446.39271578,0.0361328125,9.765625e-05,1024,10240,1,1,168,conservative_topk_strict_gt,IPIX_Dartmouth,19931107_135603_starea.cdf,126,19931107_135603_starea.cdf#126,raw,9,"8,9,10,11",,
0.0003,125009938.62868136,0.0400390625,0.00029296875,1024,10240,3,3,187,conservative_topk_strict_gt,IPIX_Dartmouth,19931107_135603_starea.cdf,126,19931107_135603_starea.cdf#126,raw,9,"8,9,10,11",,
0.001,103749133.87534699,0.052734375,0.0009765625,1024,10240,10,10,226,conservative_topk_strict_gt,IPIX_Dartmouth,19931107_135603_starea.cdf,126,19931107_135603_starea.cdf#126,raw,9,"8,9,10,11",,
0.003,75997655.57959771,0.064453125,0.0029296875,1024,10240,30,30,309,conservative_topk_strict_gt,IPIX_Dartmouth,19931107_135603_starea.cdf,126,19931107_135603_starea.cdf#126,raw,9,"8,9,10,11",,
0.01,39550866.97281972,0.1044921875,0.0099609375,1024,10240,102,102,518,conservative_topk_strict_gt,IPIX_Dartmouth,19931107_135603_starea.cdf,126,19931107_135603_starea.cdf#126,raw,9,"8,9,10,11",,
1e-05,277727.0822282768,0.0,0.0,1024,10240,0,0,0,conservative_topk_strict_gt,IPIX_Dartmouth,19931107_135603_starea.cdf,126,19931107_135603_starea.cdf#126,low_rank_residual_k30,9,"8,9,10,11",,
3e-05,277727.0822282768,0.0,0.0,1024,10240,0,0,0,conservative_topk_strict_gt,IPIX_Dartmouth,19931107_135603_starea.cdf,126,19931107_135603_starea.cdf#126,low_rank_residual_k30,9,"8,9,10,11",,
0.0001,212746.85279431837,0.0,9.765625e-05,1024,10240,1,1,1,conservative_topk_strict_gt,IPIX_Dartmouth,19931107_135603_starea.cdf,126,19931107_135603_starea.cdf#126,low_rank_residual_k30,9,"8,9,10,11",,
0.0003,181650.2766640966,0.0,0.00029296875,1024,10240,3,3,3,conservative_topk_strict_gt,IPIX_Dartmouth,19931107_135603_starea.cdf,126,19931107_135603_starea.cdf#126,low_rank_residual_k30,9,"8,9,10,11",,
0.001,134850.62863555536,0.0,0.0009765625,1024,10240,10,10,10,conservative_topk_strict_gt,IPIX_Dartmouth,19931107_135603_starea.cdf,126,19931107_135603_starea.cdf#126,low_rank_residual_k30,9,"8,9,10,11",,
0.003,87602.38323833837,0.0,0.0029296875,1024,10240,30,30,30,conservative_topk_strict_gt,IPIX_Dartmouth,19931107_135603_starea.cdf,126,19931107_135603_starea.cdf#126,low_rank_residual_k30,9,"8,9,10,11",,
0.01,51350.99803687143,0.0,0.0099609375,1024,10240,102,102,102,conservative_topk_strict_gt,IPIX_Dartmouth,19931107_135603_starea.cdf,126,19931107_135603_starea.cdf#126,low_rank_residual_k30,9,"8,9,10,11",,
1e-05,150737465.8901761,0.0,0.0,1024,10240,0,0,36,conservative_topk_strict_gt,IPIX_Dartmouth,19931107_135603_starea.cdf,126,19931107_135603_starea.cdf#126,tpsscs_trainable_gate,9,"8,9,10,11",,
3e-05,150737465.8901761,0.0,0.0,1024,10240,0,0,36,conservative_topk_strict_gt,IPIX_Dartmouth,19931107_135603_starea.cdf,126,19931107_135603_starea.cdf#126,tpsscs_trainable_gate,9,"8,9,10,11",,
0.0001,117326256.97842826,0.0,9.765625e-05,1024,10240,1,1,49,conservative_topk_strict_gt,IPIX_Dartmouth,19931107_135603_starea.cdf,126,19931107_135603_starea.cdf#126,tpsscs_trainable_gate,9,"8,9,10,11",,
0.0003,101937483.45624025,0.0,0.00029296875,1024,10240,3,3,55,conservative_topk_strict_gt,IPIX_Dartmouth,19931107_135603_starea.cdf,126,19931107_135603_starea.cdf#126,tpsscs_trainable_gate,9,"8,9,10,11",,
0.001,77798842.45831408,0.0,0.0009765625,1024,10240,10,10,66,conservative_topk_strict_gt,IPIX_Dartmouth,19931107_135603_starea.cdf,126,19931107_135603_starea.cdf#126,tpsscs_trainable_gate,9,"8,9,10,11",,
0.003,40642199.92545345,0.0,0.0029296875,1024,10240,30,30,118,conservative_topk_strict_gt,IPIX_Dartmouth,19931107_135603_starea.cdf,126,19931107_135603_starea.cdf#126,tpsscs_trainable_gate,9,"8,9,10,11",,
0.01,16887857.582473576,0.0,0.0099609375,1024,10240,102,102,241,conservative_topk_strict_gt,IPIX_Dartmouth,19931107_135603_starea.cdf,126,19931107_135603_starea.cdf#126,tpsscs_trainable_gate,9,"8,9,10,11",,
1e-05,,0.0,0.0,1024,10240,0,0,36,residual_cfar_plus_zero_false_gate_union,IPIX_Dartmouth,19931107_135603_starea.cdf,126,19931107_135603_starea.cdf#126,tpsscs_finished_detector,9,"8,9,10,11",277727.08222827,150737465.8901761
3e-05,,0.0,0.0,1024,10240,0,0,36,residual_cfar_plus_zero_false_gate_union,IPIX_Dartmouth,19931107_135603_starea.cdf,126,19931107_135603_starea.cdf#126,tpsscs_finished_detector,9,"8,9,10,11",277727.08222827,150737465.8901761
0.0001,,0.0,9.765625e-05,1024,10240,1,1,37,residual_cfar_plus_zero_false_gate_union,IPIX_Dartmouth,19931107_135603_starea.cdf,126,19931107_135603_starea.cdf#126,tpsscs_finished_detector,9,"8,9,10,11",212746.85279432026,150737465.8901761
0.0003,,0.0,0.00029296875,1024,10240,3,3,39,residual_cfar_plus_zero_false_gate_union,IPIX_Dartmouth,19931107_135603_starea.cdf,126,19931107_135603_starea.cdf#126,tpsscs_finished_detector,9,"8,9,10,11",181650.27666409698,150737465.8901761
0.001,,0.0,0.0009765625,1024,10240,10,10,46,residual_cfar_plus_zero_false_gate_union,IPIX_Dartmouth,19931107_135603_starea.cdf,126,19931107_135603_starea.cdf#126,tpsscs_finished_detector,9,"8,9,10,11",134850.6286355545,150737465.8901761
0.003,,0.0,0.0029296875,1024,10240,30,30,66,residual_cfar_plus_zero_false_gate_union,IPIX_Dartmouth,19931107_135603_starea.cdf,126,19931107_135603_starea.cdf#126,tpsscs_finished_detector,9,"8,9,10,11",87602.38323833949,150737465.8901761
0.01,,0.0,0.0099609375,1024,10240,102,102,138,residual_cfar_plus_zero_false_gate_union,IPIX_Dartmouth,19931107_135603_starea.cdf,126,19931107_135603_starea.cdf#126,tpsscs_finished_detector,9,"8,9,10,11",51350.998036872385,150737465.8901761
1e-05,452347604.6908537,0.0126953125,0.0,1024,10240,0,0,43,conservative_topk_strict_gt,IPIX_Dartmouth,19931107_135603_starea.cdf,127,19931107_135603_starea.cdf#127,raw,9,"8,9,10,11",,
3e-05,452347604.6908537,0.0126953125,0.0,1024,10240,0,0,43,conservative_topk_strict_gt,IPIX_Dartmouth,19931107_135603_starea.cdf,127,19931107_135603_starea.cdf#127,raw,9,"8,9,10,11",,
0.0001,361787012.6403705,0.0126953125,9.765625e-05,1024,10240,1,1,51,conservative_topk_strict_gt,IPIX_Dartmouth,19931107_135603_starea.cdf,127,19931107_135603_starea.cdf#127,raw,9,"8,9,10,11",,
0.0003,283198588.14084786,0.0146484375,0.00029296875,1024,10240,3,3,67,conservative_topk_strict_gt,IPIX_Dartmouth,19931107_135603_starea.cdf,127,19931107_135603_starea.cdf#127,raw,9,"8,9,10,11",,
0.001,225432862.52191892,0.0263671875,0.0009765625,1024,10240,10,10,107,conservative_topk_strict_gt,IPIX_Dartmouth,19931107_135603_starea.cdf,127,19931107_135603_starea.cdf#127,raw,9,"8,9,10,11",,
0.003,163774579.4426661,0.03515625,0.0029296875,1024,10240,30,30,159,conservative_topk_strict_gt,IPIX_Dartmouth,19931107_135603_starea.cdf,127,19931107_135603_starea.cdf#127,raw,9,"8,9,10,11",,
0.01,65616986.394006185,0.0791015625,0.0099609375,1024,10240,102,102,405,conservative_topk_strict_gt,IPIX_Dartmouth,19931107_135603_starea.cdf,127,19931107_135603_starea.cdf#127,raw,9,"8,9,10,11",,
1e-05,878908.472826404,0.0,0.0,1024,10240,0,0,0,conservative_topk_strict_gt,IPIX_Dartmouth,19931107_135603_starea.cdf,127,19931107_135603_starea.cdf#127,low_rank_residual_k30,9,"8,9,10,11",,
3e-05,878908.472826404,0.0,0.0,1024,10240,0,0,0,conservative_topk_strict_gt,IPIX_Dartmouth,19931107_135603_starea.cdf,127,19931107_135603_starea.cdf#127,low_rank_residual_k30,9,"8,9,10,11",,
0.0001,547633.9758224884,0.0,9.765625e-05,1024,10240,1,1,1,conservative_topk_strict_gt,IPIX_Dartmouth,19931107_135603_starea.cdf,127,19931107_135603_starea.cdf#127,low_rank_residual_k30,9,"8,9,10,11",,
0.0003,346868.14627533394,0.0,0.00029296875,1024,10240,3,3,3,conservative_topk_strict_gt,IPIX_Dartmouth,19931107_135603_starea.cdf,127,19931107_135603_starea.cdf#127,low_rank_residual_k30,9,"8,9,10,11",,
0.001,174489.7638924892,0.0,0.0009765625,1024,10240,10,10,10,conservative_topk_strict_gt,IPIX_Dartmouth,19931107_135603_starea.cdf,127,19931107_135603_starea.cdf#127,low_rank_residual_k30,9,"8,9,10,11",,
0.003,142185.01303088793,0.0,0.0029296875,1024,10240,30,30,30,conservative_topk_strict_gt,IPIX_Dartmouth,19931107_135603_starea.cdf,127,19931107_135603_starea.cdf#127,low_rank_residual_k30,9,"8,9,10,11",,
0.01,96792.62313473607,0.0,0.0099609375,1024,10240,102,102,102,conservative_topk_strict_gt,IPIX_Dartmouth,19931107_135603_starea.cdf,127,19931107_135603_starea.cdf#127,low_rank_residual_k30,9,"8,9,10,11",,
1e-05,297312312.0217835,0.0,0.0,1024,10240,0,0,5,conservative_topk_strict_gt,IPIX_Dartmouth,19931107_135603_starea.cdf,127,19931107_135603_starea.cdf#127,tpsscs_trainable_gate,9,"8,9,10,11",,
3e-05,297312312.0217835,0.0,0.0,1024,10240,0,0,5,conservative_topk_strict_gt,IPIX_Dartmouth,19931107_135603_starea.cdf,127,19931107_135603_starea.cdf#127,tpsscs_trainable_gate,9,"8,9,10,11",,
0.0001,266953711.9730905,0.0,9.765625e-05,1024,10240,1,1,7,conservative_topk_strict_gt,IPIX_Dartmouth,19931107_135603_starea.cdf,127,19931107_135603_starea.cdf#127,tpsscs_trainable_gate,9,"8,9,10,11",,
0.0003,246957633.84395108,0.0,0.00029296875,1024,10240,3,3,9,conservative_topk_strict_gt,IPIX_Dartmouth,19931107_135603_starea.cdf,127,19931107_135603_starea.cdf#127,tpsscs_trainable_gate,9,"8,9,10,11",,
0.001,158762995.61747867,0.0,0.0009765625,1024,10240,10,10,18,conservative_topk_strict_gt,IPIX_Dartmouth,19931107_135603_starea.cdf,127,19931107_135603_starea.cdf#127,tpsscs_trainable_gate,9,"8,9,10,11",,
0.003,66520377.716562785,0.0,0.0029296875,1024,10240,30,30,56,conservative_topk_strict_gt,IPIX_Dartmouth,19931107_135603_starea.cdf,127,19931107_135603_starea.cdf#127,tpsscs_trainable_gate,9,"8,9,10,11",,
0.01,14986765.359793557,0.0,0.0099609375,1024,10240,102,102,174,conservative_topk_strict_gt,IPIX_Dartmouth,19931107_135603_starea.cdf,127,19931107_135603_starea.cdf#127,tpsscs_trainable_gate,9,"8,9,10,11",,
1e-05,,0.0,0.0,1024,10240,0,0,5,residual_cfar_plus_zero_false_gate_union,IPIX_Dartmouth,19931107_135603_starea.cdf,127,19931107_135603_starea.cdf#127,tpsscs_finished_detector,9,"8,9,10,11",878908.4728263998,297312312.0217835
3e-05,,0.0,0.0,1024,10240,0,0,5,residual_cfar_plus_zero_false_gate_union,IPIX_Dartmouth,19931107_135603_starea.cdf,127,19931107_135603_starea.cdf#127,tpsscs_finished_detector,9,"8,9,10,11",878908.4728263998,297312312.0217835
0.0001,,0.0,9.765625e-05,1024,10240,1,1,6,residual_cfar_plus_zero_false_gate_union,IPIX_Dartmouth,19931107_135603_starea.cdf,127,19931107_135603_starea.cdf#127,tpsscs_finished_detector,9,"8,9,10,11",547633.9758224834,297312312.0217835
0.0003,,0.0,0.00029296875,1024,10240,3,3,8,residual_cfar_plus_zero_false_gate_union,IPIX_Dartmouth,19931107_135603_starea.cdf,127,19931107_135603_starea.cdf#127,tpsscs_finished_detector,9,"8,9,10,11",346868.146275335,297312312.0217835
0.001,,0.0,0.0009765625,1024,10240,10,10,15,residual_cfar_plus_zero_false_gate_union,IPIX_Dartmouth,19931107_135603_starea.cdf,127,19931107_135603_starea.cdf#127,tpsscs_finished_detector,9,"8,9,10,11",174489.76389248835,297312312.0217835
0.003,,0.0,0.0029296875,1024,10240,30,30,35,residual_cfar_plus_zero_false_gate_union,IPIX_Dartmouth,19931107_135603_starea.cdf,127,19931107_135603_starea.cdf#127,tpsscs_finished_detector,9,"8,9,10,11",142185.0130308887,297312312.0217835
0.01,,0.0,0.0099609375,1024,10240,102,102,107,residual_cfar_plus_zero_false_gate_union,IPIX_Dartmouth,19931107_135603_starea.cdf,127,19931107_135603_starea.cdf#127,tpsscs_finished_detector,9,"8,9,10,11",96792.62313473632,297312312.0217835
