image_id,file_name,pfa,selected_policy,annotations,target_pixels,background_pixels,candidate_pd,raw_pd,lowrank_pd,candidate_empirical_pfa,raw_empirical_pfa,lowrank_empirical_pfa,delta_vs_raw,delta_vs_lowrank
1,000001.jpg,1e-05,raw,1,3030,105556,0.0,0.0,0.0,0.0,0.0,0.0,0.0,0.0
1,000001.jpg,3e-05,raw,1,3030,105556,0.0,0.0,0.0,0.0,0.0,0.0,0.0,0.0
1,000001.jpg,0.0001,raw,1,3030,105556,0.0,0.0,0.00033003300330033004,0.0,0.0,0.0,0.0,-0.00033003300330033004
1,000001.jpg,0.0003,gate,1,3030,105556,0.7366336633663366,0.6623762376237624,0.0009900990099009901,0.0,0.0,0.0,0.07425742574257421,0.7356435643564356
1,000001.jpg,0.001,gate,1,3030,105556,0.9224422442244224,0.8138613861386138,0.0042904290429042905,0.0,9.473644321497593e-06,0.0,0.10858085808580864,0.9181518151815181
1,000001.jpg,0.003,gate,1,3030,105556,0.9897689768976897,0.8468646864686469,0.007920792079207921,0.0,0.0002842093296449278,0.0,0.14290429042904285,0.9818481848184818
1,000001.jpg,0.01,gate,1,3030,105556,0.9996699669966996,0.8864686468646865,0.025412541254125412,0.0002936829739664254,0.004433665542460874,0.00010421008753647353,0.11320132013201312,0.9742574257425742
9,000009.jpg,1e-05,raw,1,921,112981,0.0,0.0,0.0,0.0,0.0,0.0,0.0,0.0
9,000009.jpg,3e-05,raw,1,921,112981,0.0,0.0,0.0,0.0,0.0,0.0,0.0,0.0
9,000009.jpg,0.0001,raw,1,921,112981,0.0,0.0,0.0,0.0,0.0,0.0,0.0,0.0
9,000009.jpg,0.0003,gate,1,921,112981,0.6623235613463626,0.40499457111834963,0.0,7.08083660084439e-05,3.540418300422195e-05,0.0,0.257328990228013,0.6623235613463626
9,000009.jpg,0.001,gate,1,921,112981,0.8827361563517915,0.5928338762214984,0.003257328990228013,0.00017702091502110975,8.851045751055488e-05,0.0,0.28990228013029307,0.8794788273615635
9,000009.jpg,0.003,gate,1,921,112981,0.9837133550488599,0.6525515743756786,0.0054288816503800215,0.0002655313725316646,0.00015931882351899877,0.0011152317646329914,0.33116178067318136,0.9782844733984799
9,000009.jpg,0.01,gate,1,921,112981,1.0,0.738327904451683,0.008686210640608035,0.0003982970587974969,0.0011683380391393243,0.01737460280932192,0.26167209554831705,0.991313789359392
11,000011.jpg,1e-05,raw,1,2870,147617,0.0,0.0,0.0,0.0,0.0,0.0,0.0,0.0
11,000011.jpg,3e-05,raw,1,2870,147617,0.0,0.0,0.0,0.0,0.0,1.3548575028621365e-05,0.0,0.0
11,000011.jpg,0.0001,raw,1,2870,147617,0.0,0.0,0.0,0.0,0.0,0.00043355440091588367,0.0,0.0
11,000011.jpg,0.0003,gate,1,2870,147617,0.5310104529616725,0.0,0.0003484320557491289,9.484002520034956e-05,0.0,0.0007790430641457284,0.5310104529616725,0.5306620209059234
11,000011.jpg,0.001,gate,1,2870,147617,0.7306620209059234,0.44947735191637633,0.0003484320557491289,0.001470020390605418,0.0022287405922082146,0.0011787260274900588,0.281184668989547,0.7303135888501743
11,000011.jpg,0.003,gate,1,2870,147617,0.878397212543554,0.4902439024390244,0.0006968641114982578,0.008779476618546644,0.004037475358529167,0.0016393775784631851,0.3881533101045296,0.8777003484320557
11,000011.jpg,0.01,gate,1,2870,147617,0.9564459930313589,0.5665505226480836,0.005923344947735192,0.025552612503979895,0.013690835066421889,0.005554915761734759,0.3898954703832753,0.9505226480836237
19,000019.jpg,1e-05,raw,1,2594,117946,0.0,0.0,0.0,0.0,0.0,0.0,0.0,0.0
19,000019.jpg,3e-05,raw,1,2594,117946,0.0,0.0,0.0,0.0,0.0,0.0,0.0,0.0
19,000019.jpg,0.0001,raw,1,2594,117946,0.0,0.0,0.0,0.0,0.0,0.0,0.0,0.0
19,000019.jpg,0.0003,gate,1,2594,117946,0.0,0.0,0.0,0.0,0.0,8.478456242687331e-06,0.0,0.0
19,000019.jpg,0.001,gate,1,2594,117946,0.0015420200462606013,0.20932922127987663,0.0007710100231303007,2.5435368728061996e-05,0.004213792752615604,0.00019500449358180862,-0.20778720123361602,0.0007710100231303007
19,000019.jpg,0.003,gate,1,2594,117946,0.5709329221279876,0.3508095605242868,0.003469545104086353,0.0037644345717531753,0.010852423990639784,0.001865260373391213,0.22012336160370083,0.5674633770239013
19,000019.jpg,0.01,gate,1,2594,117946,0.825751734772552,0.4919043947571318,0.01156515034695451,0.035804520712868604,0.03237922439082292,0.01778780119715802,0.3338473400154202,0.8141865844255975
21,000021.jpg,1e-05,raw,1,3644,103341,0.0,0.0,0.0,0.0,0.0,0.0,0.0,0.0
21,000021.jpg,3e-05,raw,1,3644,103341,0.0,0.0,0.0,0.0,0.0,0.0,0.0,0.0
21,000021.jpg,0.0001,raw,1,3644,103341,0.0,0.0,0.0,0.0,0.0,0.0,0.0,0.0
21,000021.jpg,0.0003,gate,1,3644,103341,0.0,0.0,0.0005488474204171241,0.0,0.0,9.676701406024714e-06,0.0,-0.0005488474204171241
21,000021.jpg,0.001,gate,1,3644,103341,0.02716794731064764,0.0,0.0030186608122941823,9.676701406024714e-06,0.0,0.0002612709379626673,0.02716794731064764,0.024149286498353458
21,000021.jpg,0.003,gate,1,3644,103341,0.5425356750823271,0.20993413830954993,0.0043907793633369925,0.002235318024791709,0.006057615080171471,0.001528918822151905,0.3326015367727772,0.5381448957189902
21,000021.jpg,0.01,gate,1,3644,103341,0.7730515916575192,0.4802414928649835,0.007409440175631174,0.021259712989036297,0.018869567741748194,0.01878247742909397,0.2928100987925357,0.7656421514818881
29,000029.jpg,1e-05,raw,1,1428,114628,0.0,0.0,0.0,0.0,0.0,0.0,0.0,0.0
29,000029.jpg,3e-05,raw,1,1428,114628,0.0,0.0,0.0,0.0,0.0,0.0,0.0,0.0
29,000029.jpg,0.0001,raw,1,1428,114628,0.0,0.0,0.0,0.0,0.0,0.0,0.0,0.0
29,000029.jpg,0.0003,gate,1,1428,114628,0.33753501400560226,0.08053221288515407,0.0028011204481792717,0.0,0.0,0.0,0.2570028011204482,0.334733893557423
29,000029.jpg,0.001,gate,1,1428,114628,0.6694677871148459,0.3074229691876751,0.0056022408963585435,0.0,0.0,8.723872003349967e-05,0.3620448179271708,0.6638655462184874
29,000029.jpg,0.003,gate,1,1428,114628,0.8956582633053222,0.41946778711484595,0.0063025210084033615,0.0,8.723872003349968e-06,0.004379383745681684,0.4761904761904762,0.8893557422969188
29,000029.jpg,0.01,gate,1,1428,114628,0.9733893557422969,0.5532212885154062,0.009103641456582634,0.0002093729280803992,0.0020152144327738424,0.01541508182991939,0.4201680672268907,0.9642857142857143
31,000031.jpg,1e-05,raw,2,7968,15581,0.0,0.0,0.0,0.0,0.0,0.0,0.0,0.0
31,000031.jpg,3e-05,raw,2,7968,15581,0.0,0.0,0.0,0.0,0.0,0.0,0.0,0.0
31,000031.jpg,0.0001,raw,2,7968,15581,0.0,0.0,0.0,0.0,0.0,0.0,0.0,0.0
31,000031.jpg,0.0003,gate,2,7968,15581,0.0,0.0,0.0,0.0,0.0,0.0,0.0,0.0
31,000031.jpg,0.001,gate,2,7968,15581,0.002008032128514056,0.0,0.0018825301204819277,6.418073294397022e-05,0.0,0.00012836146588794044,0.002008032128514056,0.00012550200803212834
31,000031.jpg,0.003,gate,2,7968,15581,0.1936495983935743,0.13315763052208834,0.0037650602409638554,0.0010268917271035235,0.006225531095565112,0.0016045183235992556,0.06049196787148595,0.18988453815261044
31,000031.jpg,0.01,gate,2,7968,15581,0.5870983935742972,0.3674698795180723,0.010291164658634538,0.01739297862781593,0.02554393171170015,0.015146652974776973,0.21962851405622486,0.5768072289156626
39,000039.jpg,1e-05,raw,1,6225,32560,0.0,0.0,0.0,0.0,0.0,0.0,0.0,0.0
39,000039.jpg,3e-05,raw,1,6225,32560,0.0,0.0,0.0,0.0,0.0,0.0,0.0,0.0
39,000039.jpg,0.0001,raw,1,6225,32560,0.0,0.0,0.0,0.0,0.0,0.0,0.0,0.0
39,000039.jpg,0.0003,gate,1,6225,32560,0.0,0.0,0.000642570281124498,0.0,0.0,0.00015356265356265356,0.0,-0.000642570281124498
39,000039.jpg,0.001,gate,1,6225,32560,0.0001606425702811245,0.0,0.0030522088353413654,0.0,0.0,0.0009213759213759214,0.0001606425702811245,-0.002891566265060241
39,000039.jpg,0.003,gate,1,6225,32560,0.18779116465863455,0.0,0.004337349397590362,0.0016277641277641277,0.0,0.0035012285012285013,0.18779116465863455,0.18345381526104418
39,000039.jpg,0.01,gate,1,6225,32560,0.6472289156626506,0.3370281124497992,0.010120481927710843,0.02361793611793612,0.02797911547911548,0.016093366093366094,0.31020080321285143,0.6371084337349397
41,000041.jpg,1e-05,raw,1,654,123100,0.0,0.0,0.0,0.0,0.0,0.0,0.0,0.0
41,000041.jpg,3e-05,raw,1,654,123100,0.0,0.0,0.0,0.0,0.0,0.0,0.0,0.0
41,000041.jpg,0.0001,raw,1,654,123100,0.0,0.0,0.0,0.0,0.0,0.0,0.0,0.0
41,000041.jpg,0.0003,gate,1,654,123100,0.0,0.0,0.0,0.0,0.0,0.0,0.0,0.0
41,000041.jpg,0.001,gate,1,654,123100,0.0061162079510703364,0.05045871559633028,0.0,0.0,0.0,0.0,-0.04434250764525994,0.0061162079510703364
41,000041.jpg,0.003,gate,1,654,123100,0.5259938837920489,0.1437308868501529,0.0,0.0,0.0,0.0002843216896831844,0.382262996941896,0.5259938837920489
41,000041.jpg,0.01,gate,1,654,123100,0.8761467889908257,0.2874617737003058,0.0015290519877675841,0.00024370430544272948,0.0005767668562144598,0.019943135662063363,0.5886850152905199,0.8746177370030581
49,000049.jpg,1e-05,raw,3,826,110649,0.3692493946731235,0.3692493946731235,0.0,0.0,0.0,0.0,0.0,0.3692493946731235
49,000049.jpg,3e-05,raw,3,826,110649,0.5411622276029056,0.5411622276029056,0.0012106537530266344,0.0,0.0,0.0,0.0,0.5399515738498789
49,000049.jpg,0.0001,raw,3,826,110649,0.5847457627118644,0.5847457627118644,0.013317191283292978,0.0,0.0,0.0,0.0,0.5714285714285714
49,000049.jpg,0.0003,gate,3,826,110649,0.5314769975786925,0.7094430992736077,0.043583535108958835,0.0,9.037587325687535e-06,0.0,-0.17796610169491522,0.48789346246973364
49,000049.jpg,0.001,gate,3,826,110649,0.6186440677966102,0.7857142857142857,0.06174334140435835,0.0,0.0018707805764173195,0.0,-0.1670702179176755,0.5569007263922519
49,000049.jpg,0.003,gate,3,826,110649,0.7239709443099274,0.8038740920096852,0.09443099273607748,0.0,0.005305063760178583,0.0,-0.07990314769975781,0.6295399515738499
49,000049.jpg,0.01,gate,3,826,110649,0.8062953995157385,0.8232445520581114,0.23486682808716708,0.0,0.018084212238700756,0.00043380419163300166,-0.016949152542372947,0.5714285714285714
51,000051.jpg,1e-05,raw,2,1303,110798,0.30084420567920184,0.30084420567920184,0.0007674597083653108,0.0,0.0,0.0,0.0,0.3000767459708365
51,000051.jpg,3e-05,raw,2,1303,110798,0.5149654643131235,0.5149654643131235,0.0030698388334612432,0.0,0.0,0.0,0.0,0.5118956254796623
51,000051.jpg,0.0001,raw,2,1303,110798,0.5487336914811972,0.5487336914811972,0.0030698388334612432,0.0,0.0,0.0,0.0,0.545663852647736
51,000051.jpg,0.0003,gate,2,1303,110798,0.5786646201074443,0.6953184957789716,0.021488871834228703,0.0,0.0,0.0,-0.1166538756715273,0.5571757482732157
51,000051.jpg,0.001,gate,2,1303,110798,0.6792018419033001,0.7659247889485802,0.04528012279355334,0.0,0.0004963988519648369,0.0,-0.08672294704528005,0.6339217191097468
51,000051.jpg,0.003,gate,2,1303,110798,0.782808902532617,0.7958557175748273,0.06676899462778205,0.0,0.002382714489431217,0.0,-0.01304681504221028,0.716039907904835
51,000051.jpg,0.01,gate,2,1303,110798,0.9186492709132771,0.8334612432847276,0.15425940138142746,0.0,0.014729507752847525,0.00042419538258813336,0.08518802762854949,0.7643898695318496
59,000059.jpg,1e-05,raw,5,1246,89708,0.0,0.0,0.0,0.0,0.0,0.0,0.0,0.0
59,000059.jpg,3e-05,raw,5,1246,89708,0.0,0.0,0.0,0.0,0.0,0.0,0.0,0.0
59,000059.jpg,0.0001,raw,5,1246,89708,0.0,0.0,0.0,0.0,0.0,0.0,0.0,0.0
59,000059.jpg,0.0003,gate,5,1246,89708,0.2504012841091493,0.0,0.0,0.0,0.0,0.0,0.2504012841091493,0.2504012841091493
59,000059.jpg,0.001,gate,5,1246,89708,0.43659711075441415,0.2913322632423756,0.0008025682182985554,0.0,0.00011147277834752754,0.0,0.14526484751203855,0.4357945425361156
59,000059.jpg,0.003,gate,5,1246,89708,0.6597110754414125,0.3507223113964687,0.0072231139646869984,0.00032327105720782987,0.0003344183350425826,0.0002117982788603023,0.3089887640449438,0.6524879614767255
59,000059.jpg,0.01,gate,5,1246,89708,0.8611556982343499,0.45585874799357945,0.024077046548956663,0.000858340393275962,0.0016052080082043965,0.019017255986088197,0.40529695024077045,0.8370786516853932
61,000061.jpg,1e-05,raw,4,2245,129790,0.0,0.0,0.0,0.0,0.0,0.0,0.0,0.0
61,000061.jpg,3e-05,raw,4,2245,129790,0.0,0.0,0.00044543429844097997,0.0,0.0,0.0,0.0,-0.00044543429844097997
61,000061.jpg,0.0001,raw,4,2245,129790,0.5082405345211581,0.5082405345211581,0.0008908685968819599,0.0003313044148239464,0.0003313044148239464,0.0,0.0,0.5073496659242762
61,000061.jpg,0.0003,gate,4,2245,129790,0.6681514476614699,0.6966592427616927,0.0026726057906458797,0.0011711225826334848,0.0022420833654364742,7.704753833115032e-05,-0.02850779510022272,0.6654788418708241
61,000061.jpg,0.001,gate,4,2245,129790,0.7982182628062361,0.8075723830734967,0.0075723830734966595,0.0027737113799214115,0.006217736343323831,0.00025425687649279605,-0.009354120267260568,0.7906458797327395
61,000061.jpg,0.003,gate,4,2245,129790,0.9576837416481069,0.844543429844098,0.018708240534521157,0.005732336851837584,0.009107019030741967,0.0006009707989829725,0.11314031180400885,0.9389755011135857
61,000061.jpg,0.01,gate,4,2245,129790,0.9986636971046771,0.889532293986637,0.07126948775055679,0.011734340087834194,0.015810154865552047,0.003451729717235534,0.10913140311804004,0.9273942093541203
69,000069.jpg,1e-05,raw,1,1171,56902,0.0,0.0,0.0,0.0,0.0,0.0,0.0,0.0
69,000069.jpg,3e-05,raw,1,1171,56902,0.0,0.0,0.0,0.0,0.0,0.0,0.0,0.0
69,000069.jpg,0.0001,raw,1,1171,56902,0.0,0.0,0.0,0.0,0.0,0.0,0.0,0.0
69,000069.jpg,0.0003,gate,1,1171,56902,0.0,0.0,0.0,0.0,0.0,0.0,0.0,0.0
69,000069.jpg,0.001,gate,1,1171,56902,0.0,0.0,0.0,0.0,0.0,0.0,0.0,0.0
69,000069.jpg,0.003,gate,1,1171,56902,0.012809564474807857,0.4210076857386849,0.0008539709649871904,0.010298407788829919,0.047924501774981546,0.00010544444834979439,-0.40819812126387706,0.011955593509820667
69,000069.jpg,0.01,gate,1,1171,56902,0.5388556789069172,0.5678906917164817,0.012809564474807857,0.10001405925977998,0.08530455871498366,0.0040771853361920496,-0.029035012809564442,0.5260461144321094
71,000071.jpg,1e-05,raw,1,1186,98862,0.0,0.0,0.0,0.0,0.0,0.0,0.0,0.0
71,000071.jpg,3e-05,raw,1,1186,98862,0.0,0.0,0.0,0.0,0.0,0.0,0.0,0.0
71,000071.jpg,0.0001,raw,1,1186,98862,0.0,0.0,0.0,0.0,0.0,0.0,0.0,0.0
71,000071.jpg,0.0003,gate,1,1186,98862,0.5320404721753794,0.40219224283305227,0.0,5.057554975622585e-05,7.080576965871619e-05,0.0,0.12984822934232715,0.5320404721753794
71,000071.jpg,0.001,gate,1,1186,98862,0.7757166947723441,0.5438448566610455,0.0042158516020236085,0.00033379862839109063,0.0011733527543444397,0.0,0.23187183811129852,0.7715008431703204
71,000071.jpg,0.003,gate,1,1186,98862,0.9578414839797639,0.6112984822934233,0.007588532883642495,0.003459367603325848,0.0033076409540571707,0.0,0.34654300168634056,0.9502529510961214
71,000071.jpg,0.01,gate,1,1186,98862,0.9949409780775716,0.6989881956155143,0.03456998313659359,0.009710505553195364,0.01621452125184601,0.00022253241892739373,0.29595278246205736,0.9603709949409781
79,000079.jpg,1e-05,raw,2,1080,152329,0.0,0.0,0.0,0.0,0.0,0.0,0.0,0.0
79,000079.jpg,3e-05,raw,2,1080,152329,0.0,0.0,0.0,0.0,0.0,0.0,0.0,0.0
79,000079.jpg,0.0001,raw,2,1080,152329,0.27685185185185185,0.27685185185185185,0.0,0.0,0.0,0.0,0.0,0.27685185185185185
79,000079.jpg,0.0003,gate,2,1080,152329,0.8212962962962963,0.4935185185185185,0.002777777777777778,0.0,0.0,0.0,0.3277777777777778,0.8185185185185185
79,000079.jpg,0.001,gate,2,1080,152329,0.9601851851851851,0.6527777777777778,0.006481481481481481,0.0,0.00019694214496254818,0.0,0.30740740740740735,0.9537037037037036
79,000079.jpg,0.003,gate,2,1080,152329,1.0,0.7074074074074074,0.012037037037037037,8.534159615043754e-05,0.0016214903268583132,0.0,0.2925925925925926,0.9879629629629629
79,000079.jpg,0.01,gate,2,1080,152329,1.0,0.7601851851851852,0.05555555555555555,0.0013654655384070006,0.012289189845663006,3.282369082709136e-05,0.23981481481481481,0.9444444444444444
81,000081.jpg,1e-05,raw,1,4156,62676,0.0,0.0,0.0,0.0,0.0,0.0,0.0,0.0
81,000081.jpg,3e-05,raw,1,4156,62676,0.0,0.0,0.0,0.0,0.0,0.0,0.0,0.0
81,000081.jpg,0.0001,raw,1,4156,62676,0.0,0.0,0.0,0.0,0.0,0.0,0.0,0.0
81,000081.jpg,0.0003,gate,1,4156,62676,0.20259865255052936,0.5789220404234842,0.0016843118383060634,0.0,0.0,0.0,-0.37632338787295483,0.2009143407122233
81,000081.jpg,0.001,gate,1,4156,62676,0.8272377285851781,0.762512030798845,0.005774783445620789,0.0,0.0007817984555491736,0.0,0.06472569778633308,0.8214629451395573
81,000081.jpg,0.003,gate,1,4156,62676,0.9660731472569779,0.8051010587102984,0.009384023099133783,0.0006382028208564682,0.0013242708532771716,0.0,0.16097208854667955,0.9566891241578441
81,000081.jpg,0.01,gate,1,4156,62676,0.9966313763233878,0.8582771896053898,0.025745909528392685,0.0022496649435190504,0.0054725891888442145,0.00043078690407811603,0.13835418671799804,0.9708854667949951
89,000089.jpg,1e-05,raw,5,1238,88686,0.0,0.0,0.0,0.0,0.0,0.0,0.0,0.0
89,000089.jpg,3e-05,raw,5,1238,88686,0.0,0.0,0.0,0.0,0.0,0.0,0.0,0.0
89,000089.jpg,0.0001,raw,5,1238,88686,0.0,0.0,0.0,0.0,0.0,0.0,0.0,0.0
89,000089.jpg,0.0003,gate,5,1238,88686,0.5395799676898223,0.39095315024232635,0.0008077544426494346,9.020589495523532e-05,0.000135308842432853,0.0,0.14862681744749595,0.5387722132471728
89,000089.jpg,0.001,gate,5,1238,88686,0.7108239095315024,0.5096930533117933,0.0024232633279483036,0.0002480662111268971,0.0009471618970299709,0.0,0.20113085621970916,0.7084006462035541
89,000089.jpg,0.003,gate,5,1238,88686,0.9030694668820679,0.5492730210016155,0.006462035541195477,0.0006201655278172428,0.0020972870577092213,2.255147373880883e-05,0.35379644588045245,0.8966074313408724
89,000089.jpg,0.01,gate,5,1238,88686,0.9798061389337641,0.6332794830371568,0.07431340872374798,0.0017815664253658977,0.008310218072751055,0.0003382721060821325,0.34652665589660736,0.9054927302100162
91,000091.jpg,1e-05,raw,1,2689,98400,0.0,0.0,0.0,0.0,0.0,0.0,0.0,0.0
91,000091.jpg,3e-05,raw,1,2689,98400,0.0,0.0,0.0,0.0,0.0,0.0,0.0,0.0
91,000091.jpg,0.0001,raw,1,2689,98400,0.0,0.0,0.0,0.0,0.0,0.0,0.0,0.0
91,000091.jpg,0.0003,gate,1,2689,98400,0.6801785050204537,0.5619189289698773,0.0026031982149497955,0.0,0.0,0.0,0.11825957605057646,0.6775753068055039
91,000091.jpg,0.001,gate,1,2689,98400,0.8735589438452956,0.7129044254369654,0.005578281889178133,0.0,0.0004369918699186992,0.0,0.16065451840833023,0.8679806619561176
91,000091.jpg,0.003,gate,1,2689,98400,0.9825213834139085,0.7735217552993678,0.010784678319077723,0.0005995934959349594,0.001839430894308943,0.0,0.20899962811454065,0.9717367050948308
91,000091.jpg,0.01,gate,1,2689,98400,0.9985124581628858,0.8363703979174414,0.029750836742283376,0.0022154471544715447,0.009491869918699186,0.00019308943089430894,0.16214206024544442,0.9687616214206024
99,000099.jpg,1e-05,raw,1,1680,67352,0.0,0.0,0.0,0.0,0.0,0.0,0.0,0.0
99,000099.jpg,3e-05,raw,1,1680,67352,0.0,0.0,0.0,0.0,0.0,0.0,0.0,0.0
99,000099.jpg,0.0001,raw,1,1680,67352,0.0,0.0,0.0,0.0,0.0,0.0,0.0,0.0
99,000099.jpg,0.0003,gate,1,1680,67352,0.4494047619047619,0.2720238095238095,0.0005952380952380953,1.4847369046205012e-05,0.0,0.0,0.17738095238095242,0.4488095238095238
99,000099.jpg,0.001,gate,1,1680,67352,0.7976190476190477,0.5029761904761905,0.002380952380952381,0.00017816842855446015,0.0006681316070792255,0.0,0.2946428571428572,0.7952380952380953
99,000099.jpg,0.003,gate,1,1680,67352,0.9583333333333334,0.5898809523809524,0.005952380952380952,0.0013065684760660411,0.002598289583085877,0.0,0.368452380952381,0.9523809523809524
99,000099.jpg,0.01,gate,1,1680,67352,0.9976190476190476,0.7065476190476191,0.02142857142857143,0.00595379498752821,0.013897137427247892,0.0003266421190165103,0.29107142857142854,0.9761904761904762
101,000101.jpg,1e-05,raw,1,1935,69088,0.0,0.0,0.0,0.0,0.0,0.0,0.0,0.0
101,000101.jpg,3e-05,raw,1,1935,69088,0.0,0.0,0.0,0.0,0.0,0.0,0.0,0.0
101,000101.jpg,0.0001,raw,1,1935,69088,0.0,0.0,0.0,0.0,0.0,0.0,0.0,0.0
101,000101.jpg,0.0003,gate,1,1935,69088,0.40258397932816536,0.24496124031007752,0.0,0.0,0.0,0.0,0.15762273901808785,0.40258397932816536
101,000101.jpg,0.001,gate,1,1935,69088,0.7400516795865633,0.4408268733850129,0.0020671834625322996,0.0,0.00017369152385363594,0.0,0.29922480620155034,0.7379844961240309
101,000101.jpg,0.003,gate,1,1935,69088,0.9266149870801034,0.5302325581395348,0.006201550387596899,0.00020264011116257526,0.0010855720240852246,0.0,0.3963824289405685,0.9204134366925065
101,000101.jpg,0.01,gate,1,1935,69088,0.993798449612403,0.648578811369509,0.025322997416020673,0.0013605836035201482,0.009741199629458082,0.0001881658175081056,0.34521963824289403,0.9684754521963824
109,000109.jpg,1e-05,raw,2,451,75392,0.0,0.0,0.0,0.0,0.0,0.0,0.0,0.0
109,000109.jpg,3e-05,raw,2,451,75392,0.2017738359201774,0.2017738359201774,0.0,0.0,0.0,0.0,0.0,0.2017738359201774
109,000109.jpg,0.0001,raw,2,451,75392,0.23725055432372505,0.23725055432372505,0.0022172949002217295,0.0,0.0,0.0,0.0,0.2350332594235033
109,000109.jpg,0.0003,gate,2,451,75392,0.5720620842572062,0.36363636363636365,0.004434589800443459,0.0,0.0,0.0,0.20842572062084253,0.5676274944567627
109,000109.jpg,0.001,gate,2,451,75392,0.7937915742793792,0.4722838137472284,0.004434589800443459,0.0,0.00018569609507640067,0.0,0.3215077605321508,0.7893569844789358
109,000109.jpg,0.003,gate,2,451,75392,0.9401330376940134,0.5033259423503326,0.008869179600886918,3.9792020373514434e-05,0.0009815365025466892,0.0,0.4368070953436808,0.9312638580931264
109,000109.jpg,0.01,gate,2,451,75392,0.9933481152993349,0.5787139689578714,0.06651884700665188,0.0011804966044142615,0.007613539898132428,5.305602716468591e-05,0.41463414634146345,0.926829268292683
111,000111.jpg,1e-05,raw,3,788,82323,0.0,0.0,0.0,0.0,0.0,0.0,0.0,0.0
111,000111.jpg,3e-05,raw,3,788,82323,0.17639593908629442,0.17639593908629442,0.0,0.0,0.0,0.0,0.0,0.17639593908629442
111,000111.jpg,0.0001,raw,3,788,82323,0.2436548223350254,0.2436548223350254,0.0,0.0,0.0,0.0,0.0,0.2436548223350254
111,000111.jpg,0.0003,gate,3,788,82323,0.5862944162436549,0.3756345177664975,0.0038071065989847717,0.0,0.0,0.0,0.21065989847715738,0.5824873096446701
111,000111.jpg,0.001,gate,3,788,82323,0.7373096446700508,0.4936548223350254,0.005076142131979695,0.0,0.00012147273544452947,0.0,0.2436548223350254,0.7322335025380711
111,000111.jpg,0.003,gate,3,788,82323,0.9022842639593909,0.5342639593908629,0.01015228426395939,0.0,0.0006681000449449121,0.0,0.36802030456852797,0.8921319796954315
111,000111.jpg,0.01,gate,3,788,82323,0.983502538071066,0.6053299492385786,0.09517766497461928,0.00015791455607788832,0.006972535014515992,2.4294547088905894e-05,0.3781725888324874,0.8883248730964467
119,000119.jpg,1e-05,raw,1,735,74838,0.0,0.0,0.0,0.0,0.0,0.0,0.0,0.0
119,000119.jpg,3e-05,raw,1,735,74838,0.0,0.0,0.0,0.0,0.0,0.0,0.0,0.0
119,000119.jpg,0.0001,raw,1,735,74838,0.18231292517006803,0.18231292517006803,0.0,0.0,0.0,0.0,0.0,0.18231292517006803
119,000119.jpg,0.0003,gate,1,735,74838,0.8095238095238095,0.5360544217687074,0.0,0.0,0.0,0.0,0.2734693877551021,0.8095238095238095
119,000119.jpg,0.001,gate,1,735,74838,0.9482993197278912,0.691156462585034,0.0027210884353741495,0.0,0.0001336219567599348,0.0,0.2571428571428571,0.9455782312925171
119,000119.jpg,0.003,gate,1,735,74838,0.9931972789115646,0.745578231292517,0.005442176870748299,0.0,0.0010288890670514979,0.0,0.24761904761904763,0.9877551020408163
119,000119.jpg,0.01,gate,1,735,74838,1.0,0.819047619047619,0.03945578231292517,0.0007081963708276544,0.012066062695422111,6.68109783799674e-05,0.18095238095238098,0.9605442176870749
121,000121.jpg,1e-05,raw,1,461,102756,0.0,0.0,0.0,0.0,0.0,0.0,0.0,0.0
121,000121.jpg,3e-05,raw,1,461,102756,0.0,0.0,0.0,0.0,0.0,0.0,0.0,0.0
121,000121.jpg,0.0001,raw,1,461,102756,0.28633405639913234,0.28633405639913234,0.0,0.0,0.0,0.0,0.0,0.28633405639913234
121,000121.jpg,0.0003,gate,1,461,102756,0.8763557483731019,0.47288503253796094,0.0021691973969631237,0.0,0.0,0.0,0.403470715835141,0.8741865509761388
121,000121.jpg,0.001,gate,1,461,102756,0.982646420824295,0.6420824295010846,0.013015184381778741,1.946358363501888e-05,0.0002919537545252832,0.0,0.34056399132321036,0.9696312364425163
121,000121.jpg,0.003,gate,1,461,102756,0.9978308026030369,0.6746203904555315,0.021691973969631236,0.0005255167581455098,0.0021507259916695863,0.0,0.32321041214750545,0.9761388286334057
121,000121.jpg,0.01,gate,1,461,102756,1.0,0.7440347071583514,0.0650759219088937,0.004875627700572229,0.013799680797228386,4.86589590875472e-05,0.2559652928416486,0.9349240780911063
129,000129.jpg,1e-05,raw,1,2418,96448,0.0,0.0,0.0,0.0,0.0,0.0,0.0,0.0
129,000129.jpg,3e-05,raw,1,2418,96448,0.0,0.0,0.0,0.0,0.0,0.0,0.0,0.0
129,000129.jpg,0.0001,raw,1,2418,96448,0.0,0.0,0.0,0.0,0.0,0.0,0.0,0.0
129,000129.jpg,0.0003,gate,1,2418,96448,0.6765922249793217,0.564929693961952,0.0,0.0,0.0,0.0,0.11166253101736967,0.6765922249793217
129,000129.jpg,0.001,gate,1,2418,96448,0.8482216708023159,0.7473118279569892,0.00041356492969396195,0.0,5.184140676841407e-05,0.0,0.10090984284532667,0.847808105872622
129,000129.jpg,0.003,gate,1,2418,96448,0.967328370554177,0.7849462365591398,0.0024813895781637717,0.0,0.0003732581287325813,0.0,0.18238213399503722,0.9648469809760132
129,000129.jpg,0.01,gate,1,2418,96448,0.9995864350703061,0.8482216708023159,0.01695616211745244,0.0003939946914399469,0.006791224286662243,0.00014515593895155938,0.15136476426799017,0.9826302729528537
131,000131.jpg,1e-05,raw,1,2028,87260,0.0,0.0,0.0,0.0,0.0,0.0,0.0,0.0
131,000131.jpg,3e-05,raw,1,2028,87260,0.0,0.0,0.0,0.0,0.0,0.0,0.0,0.0
131,000131.jpg,0.0001,raw,1,2028,87260,0.0,0.0,0.0,0.0,0.0,0.0,0.0,0.0
131,000131.jpg,0.0003,gate,1,2028,87260,0.6622287968441815,0.5167652859960552,0.0009861932938856016,0.0,0.0,0.0,0.14546351084812625,0.6612426035502958
131,000131.jpg,0.001,gate,1,2028,87260,0.8288954635108481,0.6908284023668639,0.0014792899408284023,0.0,9.168003667201467e-05,0.0,0.13806706114398415,0.8274161735700197
131,000131.jpg,0.003,gate,1,2028,87260,0.9649901380670611,0.7480276134122288,0.0019723865877712033,0.000137520055008022,0.0006761402704561082,0.0,0.21696252465483234,0.9630177514792899
131,000131.jpg,0.01,gate,1,2028,87260,0.9985207100591716,0.8195266272189349,0.013806706114398421,0.0014210405684162274,0.00825120330048132,4.5840018336007336e-05,0.17899408284023677,0.9847140039447733
139,000139.jpg,1e-05,raw,3,946,121708,0.23255813953488372,0.23255813953488372,0.0,0.0,0.0,0.0,0.0,0.23255813953488372
139,000139.jpg,3e-05,raw,3,946,121708,0.34460887949260044,0.34460887949260044,0.003171247357293869,4.92983205705459e-05,4.92983205705459e-05,0.0,0.0,0.3414376321353066
139,000139.jpg,0.0001,raw,3,946,121708,0.3699788583509514,0.3699788583509514,0.012684989429175475,9.85966411410918e-05,9.85966411410918e-05,0.0,0.0,0.35729386892177595
139,000139.jpg,0.0003,gate,3,946,121708,0.5116279069767442,0.5137420718816068,0.03488372093023256,0.00010681302790284945,0.0002464916028527295,8.21638676175765e-06,-0.0021141649048626032,0.47674418604651164
139,000139.jpg,0.001,gate,3,946,121708,0.6543340380549683,0.6247357293868921,0.056025369978858354,0.00015611134847339533,0.0011831596936931015,1.64327735235153e-05,0.029598308668076112,0.5983086680761099
139,000139.jpg,0.003,gate,3,946,121708,0.7769556025369979,0.6501057082452432,0.07610993657505286,0.00023827521609097184,0.00192263450225129,4.92983205705459e-05,0.12684989429175475,0.7008456659619451
139,000139.jpg,0.01,gate,3,946,121708,0.919661733615222,0.6913319238900634,0.19873150105708245,0.0004436848851349131,0.008224603148519407,0.0004436848851349131,0.2283298097251586,0.7209302325581395
141,000141.jpg,1e-05,raw,2,700,153032,0.23714285714285716,0.23714285714285716,0.0,0.0,0.0,0.0,0.0,0.23714285714285716
141,000141.jpg,3e-05,raw,2,700,153032,0.3585714285714286,0.3585714285714286,0.002857142857142857,1.9603743007998326e-05,1.9603743007998326e-05,0.0,0.0,0.35571428571428576
141,000141.jpg,0.0001,raw,2,700,153032,0.3657142857142857,0.3657142857142857,0.007142857142857143,2.6138324010664435e-05,2.6138324010664435e-05,0.0,0.0,0.3585714285714286
141,000141.jpg,0.0003,gate,2,700,153032,0.63,0.5028571428571429,0.02142857142857143,4.5742067018662765e-05,7.84149720319933e-05,0.0,0.1271428571428571,0.6085714285714285
141,000141.jpg,0.001,gate,2,700,153032,0.7671428571428571,0.6242857142857143,0.041428571428571426,5.881122902399498e-05,0.0007710805583146009,6.534581002666109e-06,0.1428571428571428,0.7257142857142858
141,000141.jpg,0.003,gate,2,700,153032,0.9114285714285715,0.6728571428571428,0.07285714285714286,9.148413403732553e-05,0.003580950389461028,1.9603743007998326e-05,0.23857142857142866,0.8385714285714286
141,000141.jpg,0.01,gate,2,700,153032,0.9928571428571429,0.73,0.17714285714285713,0.00019603743007998327,0.01941424015892101,0.00023524491609597993,0.2628571428571429,0.8157142857142857
149,000149.jpg,1e-05,raw,1,1023,87074,0.22971652003910067,0.22971652003910067,0.0,0.0,0.0,0.0,0.0,0.22971652003910067
149,000149.jpg,3e-05,raw,1,1023,87074,0.4359726295210166,0.4359726295210166,0.0,1.1484484461492524e-05,1.1484484461492524e-05,0.0,0.0,0.4359726295210166
149,000149.jpg,0.0001,raw,1,1023,87074,0.4760508308895406,0.4760508308895406,0.004887585532746823,1.1484484461492524e-05,1.1484484461492524e-05,0.0,0.0,0.47116324535679377
149,000149.jpg,0.0003,gate,1,1023,87074,0.5992179863147605,0.6217008797653959,0.017595307917888565,2.296896892298505e-05,0.00010336036015343271,1.1484484461492524e-05,-0.022482893450635366,0.581622678396872
149,000149.jpg,0.001,gate,1,1023,87074,0.7194525904203324,0.718475073313783,0.033235581622678395,3.445345338447757e-05,0.0003904724716907458,2.296896892298505e-05,0.0009775171065493637,0.686217008797654
149,000149.jpg,0.003,gate,1,1023,87074,0.8719452590420332,0.750733137829912,0.05180840664711633,0.00013781381353791027,0.001033603601534327,3.445345338447757e-05,0.12121212121212122,0.820136852394917
149,000149.jpg,0.01,gate,1,1023,87074,0.9833822091886608,0.7869012707722385,0.13098729227761485,0.00022968968922985048,0.0035831591519856674,0.00027562762707582055,0.19648093841642233,0.852394916911046
151,000151.jpg,1e-05,raw,1,214,93666,0.2850467289719626,0.2850467289719626,0.0,0.0,0.0,0.0,0.0,0.2850467289719626
151,000151.jpg,3e-05,raw,1,214,93666,0.42990654205607476,0.42990654205607476,0.0,0.0,0.0,0.0,0.0,0.42990654205607476
151,000151.jpg,0.0001,raw,1,214,93666,0.4672897196261682,0.4672897196261682,0.0,0.0,0.0,0.0,0.0,0.4672897196261682
151,000151.jpg,0.0003,gate,1,214,93666,0.7102803738317757,0.5934579439252337,0.028037383177570093,0.0,0.0,0.0,0.11682242990654201,0.6822429906542056
151,000151.jpg,0.001,gate,1,214,93666,0.8271028037383178,0.6962616822429907,0.04205607476635514,0.0,0.0010249183268208316,0.0,0.13084112149532712,0.7850467289719627
151,000151.jpg,0.003,gate,1,214,93666,0.9719626168224299,0.7242990654205608,0.06074766355140187,0.0,0.004665513633548993,0.0,0.24766355140186913,0.9112149532710281
151,000151.jpg,0.01,gate,1,214,93666,1.0,0.7710280373831776,0.1542056074766355,0.0003523156748446608,0.02341297802831337,0.0002989345119894092,0.2289719626168224,0.8457943925233645
159,000159.jpg,1e-05,raw,3,488,104284,0.2807377049180328,0.2807377049180328,0.0,0.0,0.0,0.0,0.0,0.2807377049180328
159,000159.jpg,3e-05,raw,3,488,104284,0.4098360655737705,0.4098360655737705,0.0,0.0,0.0,0.0,0.0,0.4098360655737705
159,000159.jpg,0.0001,raw,3,488,104284,0.4385245901639344,0.4385245901639344,0.010245901639344262,9.589198726554409e-06,9.589198726554409e-06,0.0,0.0,0.42827868852459017
159,000159.jpg,0.0003,gate,3,488,104284,0.6598360655737705,0.5860655737704918,0.03483606557377049,2.8767596179663228e-05,5.7535192359326456e-05,0.0,0.07377049180327866,0.625
159,000159.jpg,0.001,gate,3,488,104284,0.7766393442622951,0.694672131147541,0.05122950819672131,4.7945993632772045e-05,0.0008534386866633424,9.589198726554409e-06,0.08196721311475408,0.7254098360655737
159,000159.jpg,0.003,gate,3,488,104284,0.8709016393442623,0.7090163934426229,0.0778688524590164,9.589198726554409e-05,0.0016781097771470215,1.9178397453108817e-05,0.16188524590163944,0.7930327868852459
159,000159.jpg,0.01,gate,3,488,104284,0.9713114754098361,0.7377049180327869,0.24385245901639344,0.00014383798089831614,0.008553565264086533,0.00023014076943730582,0.23360655737704916,0.7274590163934427
161,000161.jpg,1e-05,raw,6,1470,162376,0.23401360544217686,0.23401360544217686,0.0,0.0,0.0,0.0,0.0,0.23401360544217686
161,000161.jpg,3e-05,raw,6,1470,162376,0.3816326530612245,0.3816326530612245,0.021768707482993196,0.0,0.0,0.0,0.0,0.3598639455782313
161,000161.jpg,0.0001,raw,6,1470,162376,0.4061224489795918,0.4061224489795918,0.04897959183673469,0.0,0.0,0.0,0.0,0.35714285714285715
161,000161.jpg,0.0003,gate,6,1470,162376,0.5102040816326531,0.5319727891156463,0.08775510204081632,0.0,0.0,0.0,-0.0217687074829932,0.42244897959183675
161,000161.jpg,0.001,gate,6,1470,162376,0.6619047619047619,0.645578231292517,0.12040816326530612,0.0,0.00039414691826378283,0.0,0.01632653061224487,0.5414965986394558
161,000161.jpg,0.003,gate,6,1470,162376,0.791156462585034,0.6891156462585034,0.15578231292517006,0.0,0.0018044538601763808,0.0,0.10204081632653061,0.6353741496598639
161,000161.jpg,0.01,gate,6,1470,162376,0.9095238095238095,0.7272108843537415,0.3054421768707483,1.2317091195743214e-05,0.009287086761590383,4.9268364782972854e-05,0.18231292517006803,0.6040816326530611
169,000169.jpg,1e-05,raw,3,906,145965,0.0,0.0,0.0,0.0,0.0,0.0,0.0,0.0
169,000169.jpg,3e-05,raw,3,906,145965,0.0,0.0,0.0,0.0,0.0,0.0,0.0,0.0
169,000169.jpg,0.0001,raw,3,906,145965,0.0,0.0,0.0011037527593818985,0.0,0.0,0.0,0.0,-0.0011037527593818985
169,000169.jpg,0.0003,gate,3,906,145965,0.34216335540838855,0.2041942604856512,0.002207505518763797,0.0,0.0,0.0,0.13796909492273735,0.33995584988962474
169,000169.jpg,0.001,gate,3,906,145965,0.5342163355408388,0.31788079470198677,0.006622516556291391,8.906244647689515e-05,5.480765937039701e-05,1.3701914842599253e-05,0.21633554083885204,0.5275938189845474
169,000169.jpg,0.003,gate,3,906,145965,0.7858719646799117,0.36644591611479027,0.01545253863134658,0.00019867776521768918,0.0001027643613194944,0.0035693488164971056,0.41942604856512145,0.7704194260485652
169,000169.jpg,0.01,gate,3,906,145965,0.9492273730684326,0.4757174392935982,0.02869757174392936,0.00042475936012057684,0.0015003596752646182,0.016401192066591307,0.4735099337748344,0.9205298013245032
171,000171.jpg,1e-05,raw,3,549,89851,0.0,0.0,0.0,0.0,0.0,0.0,0.0,0.0
171,000171.jpg,3e-05,raw,3,549,89851,0.0,0.0,0.0,0.0,0.0,0.0,0.0,0.0
171,000171.jpg,0.0001,raw,3,549,89851,0.0,0.0,0.0,0.0,0.0,0.0,0.0,0.0
171,000171.jpg,0.0003,gate,3,549,89851,0.29326047358834245,0.18397085610200364,0.0018214936247723133,0.0007011608106754516,0.0024373685323479982,0.0,0.10928961748633881,0.29143897996357016
171,000171.jpg,0.001,gate,3,549,89851,0.4335154826958106,0.3296903460837887,0.0036429872495446266,0.0018363735517690398,0.0024373685323479982,1.112953667738812e-05,0.10382513661202186,0.42987249544626593
171,000171.jpg,0.003,gate,3,549,89851,0.726775956284153,0.3843351548269581,0.012750455373406194,0.0022815550188645646,0.0024484980690253864,0.004819089381309056,0.3424408014571949,0.7140255009107468
171,000171.jpg,0.01,gate,3,549,89851,0.9380692167577414,0.4681238615664845,0.0273224043715847,0.002949327219507852,0.0033833791499259885,0.015792812545213742,0.46994535519125685,0.9107468123861566
179,000179.jpg,1e-05,raw,3,673,81161,0.0,0.0,0.0,0.0,0.0,0.0,0.0,0.0
179,000179.jpg,3e-05,raw,3,673,81161,0.0,0.0,0.0,0.0,0.0,0.0,0.0,0.0
179,000179.jpg,0.0001,raw,3,673,81161,0.0,0.0,0.0,0.0,0.0,0.0,0.0,0.0
179,000179.jpg,0.0003,gate,3,673,81161,0.2674591381872214,0.14561664190193166,0.0,0.0,0.0,0.0,0.12184249628528973,0.2674591381872214
179,000179.jpg,0.001,gate,3,673,81161,0.38930163447251115,0.27934621099554235,0.0014858841010401188,0.0,1.2321188748290436e-05,8.624832123803305e-05,0.1099554234769688,0.38781575037147104
179,000179.jpg,0.003,gate,3,673,81161,0.6196136701337296,0.337295690936107,0.007429420505200594,1.2321188748290436e-05,2.4642377496580872e-05,0.004374022005643104,0.2823179791976226,0.612184249628529
179,000179.jpg,0.01,gate,3,673,81161,0.8424962852897474,0.4279346210995542,0.02526002971768202,0.0001478542649794852,0.0012567612523256243,0.016177720826505343,0.4145616641901932,0.8172362555720654
181,000181.jpg,1e-05,raw,5,1412,107726,0.0,0.0,0.0,0.0,0.0,0.0,0.0,0.0
181,000181.jpg,3e-05,raw,5,1412,107726,0.0,0.0,0.0,0.0,0.0,0.0,0.0,0.0
181,000181.jpg,0.0001,raw,5,1412,107726,0.0,0.0,0.0,0.0,0.0,0.0,0.0,0.0
181,000181.jpg,0.0003,gate,5,1412,107726,0.31444759206798867,0.2103399433427762,0.0,0.0,0.0,0.0,0.10410764872521247,0.31444759206798867
181,000181.jpg,0.001,gate,5,1412,107726,0.48441926345609065,0.3342776203966006,0.004957507082152974,0.0,0.0,0.0,0.15014164305949007,0.4794617563739377
181,000181.jpg,0.003,gate,5,1412,107726,0.6954674220963173,0.40368271954674223,0.010623229461756374,0.0,9.282810092271132e-06,0.0036852756066316395,0.29178470254957506,0.6848441926345609
181,000181.jpg,0.01,gate,5,1412,107726,0.8307365439093485,0.5269121813031161,0.020538243626062325,2.7848430276813397e-05,0.0010211091101498245,0.016114958320182685,0.30382436260623236,0.8101983002832862
189,000189.jpg,1e-05,raw,3,1143,66666,0.0,0.0,0.0,0.0,0.0,0.0,0.0,0.0
189,000189.jpg,3e-05,raw,3,1143,66666,0.0,0.0,0.0,0.0,0.0,0.0,0.0,0.0
189,000189.jpg,0.0001,raw,3,1143,66666,0.0,0.0,0.0,0.0,0.0,0.0,0.0,0.0
189,000189.jpg,0.0003,gate,3,1143,66666,0.336832895888014,0.2327209098862642,0.0,0.0,0.0,0.0,0.10411198600174981,0.336832895888014
189,000189.jpg,0.001,gate,3,1143,66666,0.5354330708661418,0.35345581802274717,0.0017497812773403325,0.0,0.0,0.0,0.1819772528433946,0.5336832895888014
189,000189.jpg,0.003,gate,3,1143,66666,0.6999125109361329,0.4199475065616798,0.00699912510936133,0.0,0.0,0.004500045000450005,0.27996500437445315,0.6929133858267716
189,000189.jpg,0.01,gate,3,1143,66666,0.7952755905511811,0.531058617672791,0.015748031496062992,1.5000150001500015e-05,0.00046500465004650044,0.016350163501635016,0.2642169728783902,0.7795275590551182
191,000191.jpg,1e-05,raw,3,614,84933,0.0,0.0,0.0,0.0,0.0,0.0,0.0,0.0
191,000191.jpg,3e-05,raw,3,614,84933,0.0,0.0,0.0,0.0,0.0,0.0,0.0,0.0
191,000191.jpg,0.0001,raw,3,614,84933,0.0,0.0,0.0,0.0,0.0,0.0,0.0,0.0
191,000191.jpg,0.0003,gate,3,614,84933,0.41042345276872966,0.254071661237785,0.0,0.0,0.0,0.0,0.15635179153094464,0.41042345276872966
191,000191.jpg,0.001,gate,3,614,84933,0.5537459283387622,0.4250814332247557,0.009771986970684038,0.0,1.1773986554107356e-05,0.0,0.12866449511400652,0.5439739413680782
191,000191.jpg,0.003,gate,3,614,84933,0.8094462540716613,0.4804560260586319,0.011400651465798045,0.0,1.1773986554107356e-05,0.004297505092249185,0.32899022801302935,0.7980456026058632
191,000191.jpg,0.01,gate,3,614,84933,0.9478827361563518,0.5749185667752443,0.029315960912052116,2.3547973108214712e-05,0.0012009466285189503,0.015918429821153143,0.37296416938110744,0.9185667752442996
199,000199.jpg,1e-05,raw,3,959,81527,0.0,0.0,0.0,0.0,0.0,0.0,0.0,0.0
199,000199.jpg,3e-05,raw,3,959,81527,0.0,0.0,0.0,0.0,0.0,0.0,0.0,0.0
199,000199.jpg,0.0001,raw,3,959,81527,0.0,0.0,0.0,0.0,0.0,0.0,0.0,0.0
199,000199.jpg,0.0003,gate,3,959,81527,0.40250260688216893,0.27424400417101147,0.0010427528675703858,0.0,0.0,0.0,0.12825860271115747,0.40145985401459855
199,000199.jpg,0.001,gate,3,959,81527,0.6100104275286757,0.3983315954118874,0.004171011470281543,0.0,0.0,0.0,0.21167883211678834,0.6058394160583942
199,000199.jpg,0.003,gate,3,959,81527,0.867570385818561,0.470281543274244,0.0072992700729927005,0.0,0.0,0.00412133403657684,0.39728884254431707,0.8602711157455684
199,000199.jpg,0.01,gate,3,959,81527,0.9666319082377477,0.5787278415015641,0.01981230448383733,3.679762532657892e-05,0.0009690041335999117,0.016362677395218763,0.3879040667361836,0.9468196037539104
201,000201.jpg,1e-05,raw,2,715,72590,0.0,0.0,0.0,0.0,0.0,0.0,0.0,0.0
201,000201.jpg,3e-05,raw,2,715,72590,0.0,0.0,0.0,0.0,0.0,0.0,0.0,0.0
201,000201.jpg,0.0001,raw,2,715,72590,0.0,0.0,0.0,0.0,0.0,0.0,0.0,0.0
201,000201.jpg,0.0003,gate,2,715,72590,0.34265734265734266,0.1874125874125874,0.0,0.0,0.0,0.0,0.15524475524475526,0.34265734265734266
201,000201.jpg,0.001,gate,2,715,72590,0.5174825174825175,0.3328671328671329,0.002797202797202797,0.0,0.0,1.3776002204160353e-05,0.18461538461538463,0.5146853146853148
201,000201.jpg,0.003,gate,2,715,72590,0.6489510489510489,0.38741258741258744,0.004195804195804196,0.0,1.3776002204160353e-05,0.004394544703127152,0.2615384615384615,0.6447552447552447
201,000201.jpg,0.01,gate,2,715,72590,0.772027972027972,0.509090909090909,0.01818181818181818,6.888001102080176e-05,0.0011296321807411488,0.016159250585480095,0.262937062937063,0.7538461538461538
209,000209.jpg,1e-05,raw,6,1445,111121,0.0,0.0,0.0,0.0,0.0,0.0,0.0,0.0
209,000209.jpg,3e-05,raw,6,1445,111121,0.0,0.0,0.0,0.0,0.0,0.0,0.0,0.0
209,000209.jpg,0.0001,raw,6,1445,111121,0.0,0.0,0.0,0.0,0.0,0.0,0.0,0.0
209,000209.jpg,0.0003,gate,6,1445,111121,0.37162629757785465,0.0,0.0,0.0,0.0,0.0,0.37162629757785465,0.37162629757785465
209,000209.jpg,0.001,gate,6,1445,111121,0.62560553633218,0.4076124567474048,0.0020761245674740486,2.6997597213847968e-05,0.0001439871851405225,8.999199071282656e-06,0.21799307958477515,0.6235294117647059
209,000209.jpg,0.003,gate,6,1445,111121,0.8373702422145328,0.49688581314878894,0.005536332179930796,0.0002429783749246317,0.0004049639582077195,0.0003599679628513062,0.3404844290657439,0.831833910034602
209,000209.jpg,0.01,gate,6,1445,111121,0.928719723183391,0.6179930795847751,0.01660899653979239,0.0008279263145580043,0.0015748598374744648,0.017710423772284267,0.3107266435986159,0.9121107266435986
211,000211.jpg,1e-05,raw,3,493,74891,0.0,0.0,0.0,0.0,0.0,0.0,0.0,0.0
211,000211.jpg,3e-05,raw,3,493,74891,0.0,0.0,0.0,0.0,0.0,0.0,0.0,0.0
211,000211.jpg,0.0001,raw,3,493,74891,0.0,0.0,0.0,0.0,0.0,0.0,0.0,0.0
211,000211.jpg,0.0003,gate,3,493,74891,0.14198782961460446,0.0,0.0,0.0,0.0,0.0,0.14198782961460446,0.14198782961460446
211,000211.jpg,0.001,gate,3,493,74891,0.4077079107505071,0.3204868154158215,0.002028397565922921,5.3410957257881454e-05,0.00028040752560387763,0.0,0.08722109533468558,0.4056795131845842
211,000211.jpg,0.003,gate,3,493,74891,0.7484787018255578,0.39553752535496955,0.002028397565922921,0.0003338184828617591,0.0005608150512077553,0.0003605239614906998,0.3529411764705882,0.7464503042596349
211,000211.jpg,0.01,gate,3,493,74891,0.8843813387423936,0.4969574036511156,0.006085192697768763,0.0025103149911204284,0.0020162636364850248,0.01905435900174921,0.3874239350912779,0.8782961460446248
219,000219.jpg,1e-05,raw,9,29547,51078,0.0,0.0,0.000338443835245541,0.0,0.0,0.0,0.0,-0.000338443835245541
219,000219.jpg,3e-05,raw,9,29547,51078,0.0,0.0,0.0014891528750803804,0.0,0.0,9.788950232977016e-05,0.0,-0.0014891528750803804
219,000219.jpg,0.0001,raw,9,29547,51078,0.0,0.0,0.0020306630114732462,0.0,0.0,0.00023493480559144838,0.0,-0.0020306630114732462
219,000219.jpg,0.0003,gate,9,29547,51078,0.000338443835245541,0.0,0.0024029512302433413,0.0,0.0,0.00046986961118289676,0.000338443835245541,-0.0020645073949978002
219,000219.jpg,0.001,gate,9,29547,51078,0.000676887670491082,0.0,0.0027413950654888823,1.957790046595403e-05,0.0,0.0007048044167743451,0.000676887670491082,-0.0020645073949978002
219,000219.jpg,0.003,gate,9,29547,51078,0.007648830676549227,0.0,0.0032490608183571934,0.00015662320372763225,0.0,0.0010180508242296096,0.007648830676549227,0.0043997698581920335
219,000219.jpg,0.01,gate,9,29547,51078,0.25247910109317356,0.0,0.006261210952042509,0.005990837542581933,0.0,0.0047770077136927835,0.25247910109317356,0.24621789014113105
229,000229.jpg,1e-05,raw,4,11466,130596,0.0,0.0,8.721437292865864e-05,0.0,0.0,0.0,0.0,-8.721437292865864e-05
229,000229.jpg,3e-05,raw,4,11466,130596,0.0,0.0,0.0009593581022152451,0.0,0.0,0.00016080124965542588,0.0,-0.0009593581022152451
229,000229.jpg,0.0001,raw,4,11466,130596,0.0,0.0,0.001221001221001221,0.0,0.0,0.00035223130876902814,0.0,-0.001221001221001221
229,000229.jpg,0.0003,gate,4,11466,130596,0.00017442874585731728,0.0,0.0017442874585731729,0.0,0.0,0.0005360041655180863,0.00017442874585731728,-0.0015698587127158557
229,000229.jpg,0.001,gate,4,11466,130596,0.00026164311878597594,0.0,0.0022675736961451248,7.65720236454409e-06,0.0,0.0007504058317253209,0.00026164311878597594,-0.0020059305773591487
229,000229.jpg,0.003,gate,4,11466,130596,0.0011337868480725624,0.0,0.0026164311878597592,3.828601182272045e-05,0.0,0.001018407914484364,0.0011337868480725624,-0.0014826443397871968
229,000229.jpg,0.01,gate,4,11466,130596,0.08904587476016047,0.0,0.004796790511076225,0.003851572789365677,0.0,0.005046096358234556,0.08904587476016047,0.08424908424908426
231,000231.jpg,1e-05,raw,5,10956,83788,0.0,0.0,0.0003650967506389193,0.0,0.0,2.3869766553683106e-05,0.0,-0.0003650967506389193
231,000231.jpg,3e-05,raw,5,10956,83788,0.0,0.0,0.001551661190215407,0.0,0.0,0.00014321859932209862,0.0,-0.001551661190215407
231,000231.jpg,0.0001,raw,5,10956,83788,0.0,0.0,0.0023731288791529756,0.0,0.0,0.0003103069651978804,0.0,-0.0023731288791529756
231,000231.jpg,0.0003,gate,5,10956,83788,0.0002738225629791895,0.0,0.003103322380430814,0.0,0.0,0.0005490046307347114,0.0002738225629791895,-0.0028294998174516247
231,000231.jpg,0.001,gate,5,10956,83788,0.0007301935012778386,0.0,0.003924790069368383,0.0,0.0,0.000775767412994701,0.0007301935012778386,-0.003194596568090544
231,000231.jpg,0.003,gate,5,10956,83788,0.0034684191310697336,0.0,0.004107338444687842,1.1934883276841553e-05,0.0,0.001038334845085215,0.0034684191310697336,-0.0006389193136181089
231,000231.jpg,0.01,gate,5,10956,83788,0.07840452719970792,0.0,0.006936838262139467,0.00853344154294171,0.0,0.005084260275934501,0.07840452719970792,0.07146768893756845
239,000239.jpg,1e-05,raw,2,8565,100090,0.0,0.0,0.0,0.0,0.0,0.0,0.0,0.0
239,000239.jpg,3e-05,raw,2,8565,100090,0.0,0.0,0.0015178050204319906,0.0,0.0,0.00013987411329803177,0.0,-0.0015178050204319906
239,000239.jpg,0.0001,raw,2,8565,100090,0.0,0.0,0.00198482194979568,0.0,0.0,0.0002997302427814966,0.0,-0.00198482194979568
239,000239.jpg,0.0003,gate,2,8565,100090,0.00011675423234092235,0.0,0.002335084646818447,9.991008092716555e-06,0.0,0.000539514437006694,0.00011675423234092235,-0.002218330414477525
239,000239.jpg,0.001,gate,2,8565,100090,0.0002335084646818447,0.0,0.0026853473438412144,3.996403237086622e-05,0.0,0.0008392446797881906,0.0002335084646818447,-0.00245183887915937
239,000239.jpg,0.003,gate,2,8565,100090,0.021015761821366025,0.0,0.0028021015761821367,9.991008092716555e-05,0.0,0.001079028874013388,0.021015761821366025,0.018213660245183887
239,000239.jpg,0.01,gate,2,8565,100090,0.369877408056042,0.0,0.005604203152364273,0.008911979218703167,0.0,0.004426016585073434,0.369877408056042,0.36427320490367776
241,000241.jpg,1e-05,raw,2,4373,131031,0.0,0.0,0.0,0.0,0.0,2.2895345376285002e-05,0.0,0.0
241,000241.jpg,3e-05,raw,2,4373,131031,0.0,0.0,0.001143379830779785,0.0,0.0,0.000175530981218185,0.0,-0.001143379830779785
241,000241.jpg,0.0001,raw,2,4373,131031,0.0,0.0,0.001600731763091699,0.0,0.0,0.000328166617060085,0.0,-0.001600731763091699
241,000241.jpg,0.0003,gate,2,4373,131031,0.0,0.0,0.00228675966155957,7.631781792095e-06,0.0,0.000526592943654555,0.0,-0.00228675966155957
241,000241.jpg,0.001,gate,2,4373,131031,0.000457351932311914,0.0,0.00228675966155957,7.631781792095e-06,0.0,0.00079370530637788,0.000457351932311914,-0.0018294077292476559
241,000241.jpg,0.003,gate,2,4373,131031,0.002744111593871484,0.0,0.002515435627715527,0.00028237592630751503,0.0,0.0011295037052300601,0.002744111593871484,0.00022867596615595712
241,000241.jpg,0.01,gate,2,4373,131031,0.0866681911731077,0.0,0.00686027898467871,0.03074081705855866,0.0,0.004739336492890996,0.0866681911731077,0.07980791218842899
249,000249.jpg,1e-05,raw,1,451,102950,0.0,0.0,0.0,0.0,0.0,0.0,0.0,0.0
249,000249.jpg,3e-05,raw,1,451,102950,0.0,0.0,0.0,0.0,0.0,0.0,0.0,0.0
249,000249.jpg,0.0001,raw,1,451,102950,0.0,0.0,0.0,0.0,0.0,0.0,0.0,0.0
249,000249.jpg,0.0003,gate,1,451,102950,0.0022172949002217295,0.0,0.0,0.0,0.0,0.00048567265662943174,0.0022172949002217295,0.0022172949002217295
249,000249.jpg,0.001,gate,1,451,102950,0.004434589800443459,0.0,0.0022172949002217295,0.0,0.0,0.001330743079164643,0.004434589800443459,0.0022172949002217295
249,000249.jpg,0.003,gate,1,451,102950,0.03991130820399113,0.24390243902439024,0.004434589800443459,0.003322000971345313,0.017251092763477416,0.005293831957260806,-0.2039911308203991,0.03547671840354767
249,000249.jpg,0.01,gate,1,451,102950,0.2749445676274945,0.36807095343680707,0.0066518847006651885,0.08989800874210782,0.046012627489072366,0.012481787275376396,-0.0931263858093126,0.2682926829268293
251,000251.jpg,1e-05,raw,1,567,86573,0.0,0.0,0.0,0.0,0.0,0.0,0.0,0.0
251,000251.jpg,3e-05,raw,1,567,86573,0.0,0.0,0.0,0.0,0.0,0.0,0.0,0.0
251,000251.jpg,0.0001,raw,1,567,86573,0.0,0.0,0.0,0.0,0.0,0.0,0.0,0.0
251,000251.jpg,0.0003,gate,1,567,86573,0.0,0.0,0.0,0.0,0.0,0.001166645489933351,0.0,0.0
251,000251.jpg,0.001,gate,1,567,86573,0.005291005291005291,0.0,0.001763668430335097,0.0,0.0,0.001998313561965047,0.005291005291005291,0.003527336860670194
251,000251.jpg,0.003,gate,1,567,86573,0.007054673721340388,0.0,0.008818342151675485,3.465283633465399e-05,0.0,0.004146789414713594,0.007054673721340388,-0.001763668430335097
251,000251.jpg,0.01,gate,1,567,86573,0.021164021164021163,0.20105820105820105,0.012345679012345678,0.00257586083420928,0.04114446767467917,0.012428817298695898,-0.17989417989417988,0.008818342151675485
259,000259.jpg,1e-05,raw,2,1660,149998,0.0,0.0,0.0,0.0,0.0,0.0,0.0,0.0
259,000259.jpg,3e-05,raw,2,1660,149998,0.0,0.0,0.0,0.0,0.0,0.0,0.0,0.0
259,000259.jpg,0.0001,raw,2,1660,149998,0.0,0.0,0.0,0.0,0.0,0.0,0.0,0.0
259,000259.jpg,0.0003,gate,2,1660,149998,0.7078313253012049,0.3710843373493976,0.0006024096385542169,0.0,0.0,6.666755556740756e-06,0.33674698795180724,0.7072289156626507
259,000259.jpg,0.001,gate,2,1660,149998,0.9180722891566265,0.5855421686746988,0.0006024096385542169,0.0,8.000106668088908e-05,0.0008133441779223723,0.33253012048192776,0.9174698795180724
259,000259.jpg,0.003,gate,2,1660,149998,0.9879518072289156,0.6728915662650602,0.0006024096385542169,0.00016666888891851892,0.00040000533340444537,0.006800090667875572,0.31506024096385543,0.9873493975903614
259,000259.jpg,0.01,gate,2,1660,149998,1.0,0.7728915662650603,0.004819277108433735,0.002540033867118228,0.0031933759116788223,0.012540167202229363,0.22710843373493972,0.9951807228915662
261,000261.jpg,1e-05,raw,2,472,161021,0.0,0.0,0.0,0.0,0.0,0.0,0.0,0.0
261,000261.jpg,3e-05,raw,2,472,161021,0.0,0.0,0.0,0.0,0.0,0.0,0.0,0.0
261,000261.jpg,0.0001,raw,2,472,161021,0.0,0.0,0.00211864406779661,0.0,0.0,0.0,0.0,-0.00211864406779661
261,000261.jpg,0.0003,gate,2,472,161021,0.6927966101694916,0.4173728813559322,0.00211864406779661,0.0007079821886586222,0.0002173629526583489,1.863111022785848e-05,0.27542372881355937,0.690677966101695
261,000261.jpg,0.001,gate,2,472,161021,0.8961864406779662,0.5889830508474576,0.00211864406779661,0.0032728650300271394,0.0017078517708870272,0.0010868147632917447,0.30720338983050854,0.8940677966101696
261,000261.jpg,0.003,gate,2,472,161021,0.989406779661017,0.6800847457627118,0.00211864406779661,0.008141795169574155,0.0030865539277485543,0.0067320411623328635,0.30932203389830515,0.9872881355932204
261,000261.jpg,0.01,gate,2,472,161021,1.0,0.8050847457627118,0.00847457627118644,0.01617801404785711,0.008719359586637767,0.012619471994336143,0.19491525423728817,0.9915254237288136
269,000269.jpg,1e-05,raw,4,1196,156563,0.0,0.0,0.0,0.0,0.0,0.0,0.0,0.0
269,000269.jpg,3e-05,raw,4,1196,156563,0.0,0.0,0.0,0.0,0.0,0.0,0.0,0.0
269,000269.jpg,0.0001,raw,4,1196,156563,0.0,0.0,0.0008361204013377926,0.0,0.0,0.0,0.0,-0.0008361204013377926
269,000269.jpg,0.0003,gate,4,1196,156563,0.4874581939799331,0.298494983277592,0.0016722408026755853,6.387205150642234e-06,0.0,0.0,0.18896321070234112,0.48578595317725753
269,000269.jpg,0.001,gate,4,1196,156563,0.7558528428093646,0.4765886287625418,0.005016722408026756,0.00012774410301284468,0.00012774410301284468,6.387205150642234e-06,0.2792642140468228,0.7508361204013378
269,000269.jpg,0.003,gate,4,1196,156563,0.9515050167224081,0.5627090301003345,0.006688963210702341,0.0004343299502436719,0.0003257474626827539,0.00120079456832074,0.3887959866220736,0.9448160535117057
269,000269.jpg,0.01,gate,4,1196,156563,0.9899665551839465,0.6831103678929766,0.01254180602006689,0.0012391177992245933,0.001833127878234321,0.017124097008871828,0.30685618729096986,0.9774247491638796
271,000271.jpg,1e-05,raw,1,3648,97504,0.0,0.0,0.0,0.0,0.0,0.0,0.0,0.0
271,000271.jpg,3e-05,raw,1,3648,97504,0.0,0.0,0.0,0.0,0.0,0.0,0.0,0.0
271,000271.jpg,0.0001,raw,1,3648,97504,0.0,0.0,0.0005482456140350877,0.0,0.0,0.0,0.0,-0.0005482456140350877
271,000271.jpg,0.0003,gate,1,3648,97504,0.5153508771929824,0.27960526315789475,0.0021929824561403508,0.0,0.0,0.0,0.2357456140350877,0.5131578947368421
271,000271.jpg,0.001,gate,1,3648,97504,0.7691885964912281,0.5071271929824561,0.004111842105263158,0.0,0.0,0.0005127994748933377,0.26206140350877194,0.7650767543859649
271,000271.jpg,0.003,gate,1,3648,97504,0.9331140350877193,0.5923793859649122,0.0043859649122807015,0.0,3.0767968493600264e-05,0.006902280932064325,0.34073464912280704,0.9287280701754386
271,000271.jpg,0.01,gate,1,3648,97504,0.9884868421052632,0.7086074561403509,0.009046052631578948,0.0,0.0007589432228421398,0.012809730882835576,0.27987938596491224,0.9794407894736842
279,000279.jpg,1e-05,raw,1,641,188336,0.0,0.0,0.0,0.0,0.0,0.0,0.0,0.0
279,000279.jpg,3e-05,raw,1,641,188336,0.0,0.0,0.0,0.0,0.0,0.0,0.0,0.0
279,000279.jpg,0.0001,raw,1,641,188336,0.0,0.0,0.0,0.0,0.0,0.0,0.0,0.0
279,000279.jpg,0.0003,gate,1,641,188336,0.5803432137285491,0.26053042121684866,0.0046801872074883,0.0,0.0,0.0,0.31981279251170047,0.5756630265210608
279,000279.jpg,0.001,gate,1,641,188336,0.8346333853354134,0.4243369734789392,0.0124804992199688,0.0,0.0,0.0012849375584062528,0.41029641185647425,0.8221528861154446
279,000279.jpg,0.003,gate,1,641,188336,0.9500780031201248,0.48985959438377535,0.0171606864274571,3.185795599354345e-05,4.247727465805794e-05,0.006791054285957013,0.46021840873634945,0.9329173166926678
279,000279.jpg,0.01,gate,1,641,188336,0.9875195007800313,0.5897035881435257,0.0234009360374415,0.0006583977571998981,0.0030105768413898563,0.012806898309404468,0.3978159126365055,0.9641185647425897
281,000281.jpg,1e-05,raw,2,1455,139704,0.0,0.0,0.0,0.0,0.0,0.0,0.0,0.0
281,000281.jpg,3e-05,raw,2,1455,139704,0.0,0.0,0.0,0.0,0.0,0.0,0.0,0.0
281,000281.jpg,0.0001,raw,2,1455,139704,0.0,0.0,0.0,0.0,0.0,0.0,0.0,0.0
281,000281.jpg,0.0003,gate,2,1455,139704,0.3958762886597938,0.19175257731958764,0.004123711340206186,0.0,0.0,0.0,0.20412371134020615,0.3917525773195876
281,000281.jpg,0.001,gate,2,1455,139704,0.6323024054982818,0.34845360824742266,0.010996563573883162,0.0,0.0,0.0008231689858558094,0.2838487972508591,0.6213058419243986
281,000281.jpg,0.003,gate,2,1455,139704,0.8474226804123711,0.41924398625429554,0.013745704467353952,0.0,1.4315982362709729e-05,0.00687167153410067,0.4281786941580756,0.8336769759450172
281,000281.jpg,0.01,gate,2,1455,139704,0.9587628865979382,0.5381443298969072,0.02336769759450172,8.589589417625838e-05,0.0021259233808623946,0.012762698276355724,0.420618556701031,0.9353951890034364
289,000289.jpg,1e-05,raw,1,340,123927,0.0,0.0,0.0,0.0,0.0,0.0,0.0,0.0
289,000289.jpg,3e-05,raw,1,340,123927,0.0,0.0,0.0,0.0,0.0,0.0,0.0,0.0
289,000289.jpg,0.0001,raw,1,340,123927,0.0,0.0,0.0,0.0,0.0,0.0,0.0,0.0
289,000289.jpg,0.0003,gate,1,340,123927,0.4647058823529412,0.23823529411764705,0.0,0.0,0.0,0.0,0.22647058823529415,0.4647058823529412
289,000289.jpg,0.001,gate,1,340,123927,0.7147058823529412,0.4176470588235294,0.0029411764705882353,8.069266584360147e-06,2.4207799753080442e-05,8.069266584360148e-05,0.29705882352941176,0.711764705882353
289,000289.jpg,0.003,gate,1,340,123927,0.8558823529411764,0.4852941176470588,0.0029411764705882353,0.00011296973218104207,7.262339925924132e-05,0.005809871940739306,0.3705882352941176,0.8529411764705882
289,000289.jpg,0.01,gate,1,340,123927,0.9323529411764706,0.5882352941176471,0.01764705882352941,0.0009683119901232177,0.0022109790441146803,0.015509130375140203,0.34411764705882353,0.9147058823529411
291,000291.jpg,1e-05,raw,2,729,123779,0.0,0.0,0.0,0.0,0.0,0.0,0.0,0.0
291,000291.jpg,3e-05,raw,2,729,123779,0.0,0.0,0.0,0.0,0.0,0.0,0.0,0.0
291,000291.jpg,0.0001,raw,2,729,123779,0.0,0.0,0.0,0.0,0.0,0.0,0.0,0.0
291,000291.jpg,0.0003,gate,2,729,123779,0.6063100137174211,0.3731138545953361,0.0027434842249657062,0.0,0.0,0.0,0.23319615912208502,0.6035665294924554
291,000291.jpg,0.001,gate,2,729,123779,0.8024691358024691,0.5582990397805213,0.00823045267489712,0.0,0.0,4.8473489040952016e-05,0.24417009602194784,0.7942386831275721
291,000291.jpg,0.003,gate,2,729,123779,0.9711934156378601,0.6186556927297668,0.009602194787379973,1.615782968031734e-05,4.039457420079335e-05,0.00692363001801598,0.35253772290809327,0.9615912208504801
291,000291.jpg,0.01,gate,2,729,123779,0.9958847736625515,0.6968449931412894,0.01783264746227709,0.00012118372260238005,0.0015026781602695126,0.014840966561371476,0.299039780521262,0.9780521262002744
299,000299.jpg,1e-05,raw,2,754,228341,0.0,0.0,0.0,0.0,0.0,0.0,0.0,0.0
299,000299.jpg,3e-05,raw,2,754,228341,0.0,0.0,0.0,0.0,0.0,0.0,0.0,0.0
299,000299.jpg,0.0001,raw,2,754,228341,0.0,0.0,0.0,0.0,0.0,0.0,0.0,0.0
299,000299.jpg,0.0003,gate,2,754,228341,0.5875331564986738,0.29442970822281167,0.002652519893899204,0.0018043189790707757,0.0003328355398285897,3.9414734979701414e-05,0.2931034482758621,0.5848806366047745
299,000299.jpg,0.001,gate,2,754,228341,0.8275862068965517,0.47214854111405835,0.003978779840848806,0.0044713827126972375,0.0021546721788903438,0.00010072654494812583,0.35543766578249336,0.8236074270557029
299,000299.jpg,0.003,gate,2,754,228341,0.9482758620689655,0.5464190981432361,0.006631299734748011,0.007874188165944793,0.003389667208254321,0.004304964942782943,0.40185676392572944,0.9416445623342176
299,000299.jpg,0.01,gate,2,754,228341,0.980106100795756,0.6644562334217506,0.038461538461538464,0.012511988648556327,0.006963269846413916,0.016186317831664045,0.31564986737400536,0.9416445623342176
301,000301.jpg,1e-05,raw,1,5162,114586,0.0,0.0,0.0,0.0,0.0,0.0,0.0,0.0
301,000301.jpg,3e-05,raw,1,5162,114586,0.0,0.0,0.00019372336303758234,0.0,0.0,0.0,0.0,-0.00019372336303758234
301,000301.jpg,0.0001,raw,1,5162,114586,0.0,0.0,0.0013560635412630763,0.0,0.0,0.0,0.0,-0.0013560635412630763
301,000301.jpg,0.0003,gate,1,5162,114586,0.487020534676482,0.25707090275087174,0.002324680356450988,0.0,0.0,0.0,0.22994963192561024,0.484695854320031
301,000301.jpg,0.001,gate,1,5162,114586,0.7225881441301821,0.4819837272375048,0.004068190623789229,0.0,0.0,0.001614507880543871,0.2406044168926773,0.7185199535063929
301,000301.jpg,0.003,gate,1,5162,114586,0.8888027896164278,0.5594730724525377,0.0048430840759395586,0.0,6.108948737193026e-05,0.007260921927635139,0.32932971716389003,0.8839597055404882
301,000301.jpg,0.01,gate,1,5162,114586,0.9616427741185587,0.677644323905463,0.0098798915149167,3.490827849824586e-05,0.0008028904054596548,0.013029514949470267,0.28399845021309567,0.951762882603642
309,000309.jpg,1e-05,raw,1,1638,178186,0.0,0.0,0.0,0.0,0.0,0.0,0.0,0.0
309,000309.jpg,3e-05,raw,1,1638,178186,0.0,0.0,0.0006105006105006105,0.0,0.0,0.0,0.0,-0.0006105006105006105
309,000309.jpg,0.0001,raw,1,1638,178186,0.0,0.0,0.0018315018315018315,0.0,0.0,0.0,0.0,-0.0018315018315018315
309,000309.jpg,0.0003,gate,1,1638,178186,0.7197802197802198,0.37545787545787546,0.004884004884004884,0.0,0.0,0.0,0.3443223443223443,0.7148962148962149
309,000309.jpg,0.001,gate,1,1638,178186,0.9334554334554335,0.572039072039072,0.008547008547008548,3.928479229569102e-05,0.0001908118482933564,0.0008081442986542153,0.36141636141636146,0.924908424908425
309,000309.jpg,0.003,gate,1,1638,178186,0.9853479853479854,0.6532356532356532,0.009157509157509158,0.0008249806382095114,0.00044335694162279867,0.006745760048488658,0.33211233211233215,0.9761904761904763
309,000309.jpg,0.01,gate,1,1638,178186,0.9993894993894994,0.7454212454212454,0.01282051282051282,0.0021213787839673153,0.002895850403510938,0.012879799759801556,0.25396825396825395,0.9865689865689866
311,000311.jpg,1e-05,raw,1,938,154000,0.0,0.0,0.0,0.0,0.0,0.0,0.0,0.0
311,000311.jpg,3e-05,raw,1,938,154000,0.0,0.0,0.0,0.0,0.0,0.0,0.0,0.0
311,000311.jpg,0.0001,raw,1,938,154000,0.0,0.0,0.0,0.0,0.0,0.0,0.0,0.0
311,000311.jpg,0.0003,gate,1,938,154000,0.7388059701492538,0.3816631130063966,0.0021321961620469083,0.0,0.0,1.2987012987012988e-05,0.35714285714285715,0.7366737739872068
311,000311.jpg,0.001,gate,1,938,154000,0.8859275053304904,0.5778251599147122,0.0021321961620469083,0.0,0.0,0.0015974025974025974,0.3081023454157782,0.8837953091684434
311,000311.jpg,0.003,gate,1,938,154000,0.9744136460554371,0.6375266524520256,0.0031982942430703624,0.0,5.844155844155844e-05,0.006779220779220779,0.33688699360341157,0.9712153518123667
311,000311.jpg,0.01,gate,1,938,154000,1.0,0.7292110874200426,0.009594882729211088,0.00022077922077922077,0.0028831168831168832,0.012636363636363637,0.2707889125799574,0.990405117270789
319,000319.jpg,1e-05,raw,2,1385,202477,0.0,0.0,0.0,0.0,0.0,0.0,0.0,0.0
319,000319.jpg,3e-05,raw,2,1385,202477,0.0,0.0,0.0,0.0,0.0,0.0,0.0,0.0
319,000319.jpg,0.0001,raw,2,1385,202477,0.0,0.0,0.0007220216606498195,0.0,0.0,0.0,0.0,-0.0007220216606498195
319,000319.jpg,0.0003,gate,2,1385,202477,0.6505415162454874,0.355956678700361,0.005776173285198556,0.0,0.0,0.0,0.2945848375451264,0.6447653429602889
319,000319.jpg,0.001,gate,2,1385,202477,0.9032490974729241,0.5299638989169675,0.008664259927797834,0.0,0.0,0.0012347081396899401,0.37328519855595665,0.8945848375451263
319,000319.jpg,0.003,gate,2,1385,202477,0.9848375451263538,0.5870036101083033,0.009386281588447653,0.0,5.926599070511712e-05,0.0067908947682946705,0.39783393501805053,0.9754512635379061
319,000319.jpg,0.01,gate,2,1385,202477,0.9978339350180505,0.6924187725631769,0.018050541516245487,0.00013334847908651353,0.0026323977538189524,0.012732310336482663,0.30541516245487366,0.979783393501805
321,000321.jpg,1e-05,raw,2,1689,133241,0.0,0.0,0.0,0.0,0.0,0.0,0.0,0.0
321,000321.jpg,3e-05,raw,2,1689,133241,0.0,0.0,0.0,0.0,0.0,0.0,0.0,0.0
321,000321.jpg,0.0001,raw,2,1689,133241,0.0,0.0,0.0005920663114268798,0.0,0.0,0.0,0.0,-0.0005920663114268798
321,000321.jpg,0.0003,gate,2,1689,133241,0.5891059798697454,0.354647720544701,0.002368265245707519,0.0,0.0,1.5010394698328593e-05,0.23445825932504444,0.5867377146240379
321,000321.jpg,0.001,gate,2,1689,133241,0.8507992895204263,0.5328596802841918,0.003552397868561279,0.0,0.0,0.0012758835493579305,0.31793960923623443,0.847246891651865
321,000321.jpg,0.003,gate,2,1689,133241,0.9419775014801658,0.6015393724097099,0.004736530491415038,2.251559204749289e-05,1.5010394698328593e-05,0.0066571100487087306,0.3404381290704559,0.9372409709887507
321,000321.jpg,0.01,gate,2,1689,133241,0.9899348727057431,0.7027827116637063,0.015393724097098875,9.006236818997156e-05,0.001823762955846924,0.012586215954548525,0.2871521610420368,0.9745411486086443
329,000329.jpg,1e-05,raw,2,2765,107245,0.0,0.0,0.0,0.0,0.0,0.0,0.0,0.0
329,000329.jpg,3e-05,raw,2,2765,107245,0.0,0.0,0.0,0.0,0.0,0.0,0.0,0.0
329,000329.jpg,0.0001,raw,2,2765,107245,0.0,0.0,0.0007233273056057866,0.0,0.0,0.0,0.0,-0.0007233273056057866
329,000329.jpg,0.0003,gate,2,2765,107245,0.4430379746835443,0.27160940325497285,0.00108499095840868,0.0,0.0,0.0,0.17142857142857143,0.4419529837251356
329,000329.jpg,0.001,gate,2,2765,107245,0.5721518987341773,0.41699819168173596,0.003616636528028933,0.0,9.32444403002471e-06,0.0008298755186721991,0.1551537070524413,0.5685352622061484
329,000329.jpg,0.003,gate,2,2765,107245,0.688245931283906,0.4857142857142857,0.004701627486437613,0.0,4.662222015012355e-05,0.007282390787449298,0.20253164556962028,0.6835443037974683
329,000329.jpg,0.01,gate,2,2765,107245,0.8600361663652802,0.5956600361663653,0.013019891500904159,2.797333209007413e-05,0.001062986619422817,0.012718541656953705,0.2643761301989149,0.847016274864376
331,000331.jpg,1e-05,raw,2,2641,95103,0.0,0.0,0.0,0.0,0.0,0.0,0.0,0.0
331,000331.jpg,3e-05,raw,2,2641,95103,0.0,0.0,0.0,0.0,0.0,0.0,0.0,0.0
331,000331.jpg,0.0001,raw,2,2641,95103,0.0,0.0,0.0003786444528587656,0.0,0.0,0.0,0.0,-0.0003786444528587656
331,000331.jpg,0.0003,gate,2,2641,95103,0.43089738735327526,0.2805755395683453,0.0015145778114350624,0.0,0.0,0.0,0.15032184778492996,0.4293828095418402
331,000331.jpg,0.001,gate,2,2641,95103,0.5694812570995835,0.4218099204846649,0.003786444528587656,0.0,0.0,0.0016613566343858764,0.1476713366149186,0.5656948125709959
331,000331.jpg,0.003,gate,2,2641,95103,0.6773949261643317,0.4899659219992427,0.004922377887163953,0.0,2.1029830815011092e-05,0.006855724845693616,0.187429004165089,0.6724725482771677
331,000331.jpg,0.01,gate,2,2641,95103,0.8443771298750473,0.5978795910639909,0.011737978038621734,0.0,0.0011671556102331156,0.012365540519226522,0.2464975388110564,0.8326391518364256
339,000339.jpg,1e-05,raw,2,793,153873,0.0,0.0,0.0,0.0,0.0,0.0,0.0,0.0
339,000339.jpg,3e-05,raw,2,793,153873,0.0,0.0,0.0,0.0,0.0,0.0,0.0,0.0
339,000339.jpg,0.0001,raw,2,793,153873,0.0,0.0,0.0,0.0,0.0,0.0,0.0,0.0
339,000339.jpg,0.0003,gate,2,793,153873,0.489281210592686,0.2786885245901639,0.0025220680958385876,0.0,0.0,0.0,0.21059268600252207,0.4867591424968474
339,000339.jpg,0.001,gate,2,793,153873,0.6960907944514502,0.43883984867591425,0.007566204287515763,0.0,7.148752542681302e-05,0.0014232516425883683,0.2572509457755359,0.6885245901639344
339,000339.jpg,0.003,gate,2,793,153873,0.9117276166456494,0.49936948297604034,0.008827238335435058,0.0002729523698114679,0.0003054466995509284,0.006752321719859885,0.41235813366960905,0.9029003783102143
339,000339.jpg,0.01,gate,2,793,153873,0.9760403530895334,0.5838587641866331,0.017654476670870115,0.0022096144222833116,0.0035418819416011904,0.013017228493627861,0.39218158890290034,0.9583858764186632
341,000341.jpg,1e-05,raw,3,1783,202571,0.0,0.0,0.0,0.0,0.0,0.0,0.0,0.0
341,000341.jpg,3e-05,raw,3,1783,202571,0.0,0.0,0.0,0.0,0.0,0.0,0.0,0.0
341,000341.jpg,0.0001,raw,3,1783,202571,0.0,0.0,0.0011217049915872126,0.0,0.0,0.0,0.0,-0.0011217049915872126
341,000341.jpg,0.0003,gate,3,1783,202571,0.5507571508693214,0.2832305103757712,0.0033651149747616375,0.0,0.0,0.0,0.26752664049355024,0.5473920358945598
341,000341.jpg,0.001,gate,3,1783,202571,0.7812675266404936,0.4834548513740886,0.003925967470555244,3.9492326147375485e-05,8.885773383159485e-05,0.001535264178979222,0.297812675266405,0.7773415591699383
341,000341.jpg,0.003,gate,3,1783,202571,0.9125070106561974,0.5457094784071789,0.005608524957936063,0.0008688311752422607,0.00048378099530534975,0.007049380217306524,0.36679753224901857,0.9068984856982614
341,000341.jpg,0.01,gate,3,1783,202571,0.9545709478407179,0.6561974200785193,0.016264722378014584,0.004561363670021869,0.0035148170271164184,0.013076896495549708,0.2983735277621986,0.9383062254627034
349,000349.jpg,1e-05,raw,1,549,137460,0.0,0.0,0.0,0.0,0.0,0.0,0.0,0.0
349,000349.jpg,3e-05,raw,1,549,137460,0.0,0.0,0.0,0.0,0.0,0.0,0.0,0.0
349,000349.jpg,0.0001,raw,1,549,137460,0.0,0.0,0.0,0.0,0.0,8.729812309035356e-05,0.0,0.0
349,000349.jpg,0.0003,gate,1,549,137460,0.0,0.0,0.0,0.0,0.0,0.0017314127746253455,0.0,0.0
349,000349.jpg,0.001,gate,1,549,137460,0.0,0.0,0.0018214936247723133,0.0,0.0,0.0029390368107085696,0.0,-0.0018214936247723133
349,000349.jpg,0.003,gate,1,549,137460,0.0,0.0,0.0018214936247723133,3.637421795431398e-05,0.0,0.004452204277608032,0.0,-0.0018214936247723133
349,000349.jpg,0.01,gate,1,549,137460,0.0018214936247723133,0.0,0.009107468123861567,0.0009821038847664775,0.0,0.010948639604248508,0.0018214936247723133,-0.007285974499089254
351,000351.jpg,1e-05,raw,1,567,148538,0.0,0.0,0.0,0.0,0.0,0.0,0.0,0.0
351,000351.jpg,3e-05,raw,1,567,148538,0.0,0.0,0.0,0.0,0.0,0.0,0.0,0.0
351,000351.jpg,0.0001,raw,1,567,148538,0.0,0.0,0.0,0.0,0.0,2.0196851984004093e-05,0.0,0.0
351,000351.jpg,0.0003,gate,1,567,148538,0.0,0.0,0.0,0.0,0.0,0.0016426772946989995,0.0,0.0
351,000351.jpg,0.001,gate,1,567,148538,0.0,0.0,0.005291005291005291,0.0,0.0,0.0029622049576539335,0.0,-0.005291005291005291
351,000351.jpg,0.003,gate,1,567,148538,0.0,0.0,0.005291005291005291,4.7125987962676214e-05,0.0,0.004234606632646192,0.0,-0.005291005291005291
351,000351.jpg,0.01,gate,1,567,148538,0.003527336860670194,0.0,0.005291005291005291,0.0009425197592535244,0.0,0.01087263865138887,0.003527336860670194,-0.001763668430335097
359,000359.jpg,1e-05,raw,1,841,172530,0.0,0.0,0.0,0.0,0.0,0.0,0.0,0.0
359,000359.jpg,3e-05,raw,1,841,172530,0.0,0.0,0.0,0.0,0.0,0.0,0.0,0.0
359,000359.jpg,0.0001,raw,1,841,172530,0.0,0.0,0.0,0.0,0.0,4.6368747464209126e-05,0.0,0.0
359,000359.jpg,0.0003,gate,1,841,172530,0.0,0.0,0.0,0.0,0.0,0.0007187155856952414,0.0,0.0
359,000359.jpg,0.001,gate,1,841,172530,0.0,0.0,0.0,0.0001159218686605228,0.0,0.002017040514693097,0.0,0.0
359,000359.jpg,0.003,gate,1,841,172530,0.016646848989298454,0.0,0.0,0.004265924766707239,0.0,0.00546571610734365,0.016646848989298454,0.016646848989298454
359,000359.jpg,0.01,gate,1,841,172530,0.7598097502972652,0.5338882282996433,0.0,0.0648351011418304,0.05683649220425433,0.011366139222164262,0.22592152199762183,0.7598097502972652
361,000361.jpg,1e-05,raw,4,3243,141133,0.0,0.0,0.0,0.0,0.0,0.0,0.0,0.0
361,000361.jpg,3e-05,raw,4,3243,141133,0.0,0.0,0.0,0.0,0.0,0.0,0.0,0.0
361,000361.jpg,0.0001,raw,4,3243,141133,0.0,0.0,0.0012334258402713536,0.0,0.0,0.0,0.0,-0.0012334258402713536
361,000361.jpg,0.0003,gate,4,3243,141133,0.5482577860006167,0.22664199814986125,0.004316990440949738,0.0,0.0,7.085515081518851e-06,0.32161578785075545,0.543940795559667
361,000361.jpg,0.001,gate,4,3243,141133,0.7974098057354302,0.5729263028060438,0.004625346901017576,0.0,0.0,0.001239965139265799,0.22448350292938635,0.7927844588344126
361,000361.jpg,0.003,gate,4,3243,141133,0.95436324390996,0.6490903484427999,0.004933703361085414,0.0,0.00011336824130430162,0.006596614540894051,0.3052728954671601,0.9494295405488745
361,000361.jpg,0.01,gate,4,3243,141133,0.9907493061979649,0.744372494603762,0.012642614862781376,9.211169605974507e-05,0.0017076091346460431,0.012484677573636216,0.24637681159420288,0.9781066913351835
369,000369.jpg,1e-05,raw,3,1001,169557,0.0,0.0,0.0,0.0,0.0,0.0,0.0,0.0
369,000369.jpg,3e-05,raw,3,1001,169557,0.0,0.0,0.0,0.0,0.0,0.0,0.0,0.0
369,000369.jpg,0.0001,raw,3,1001,169557,0.0,0.0,0.0,0.0,0.0,0.0,0.0,0.0
369,000369.jpg,0.0003,gate,3,1001,169557,0.5374625374625375,0.3156843156843157,0.000999000999000999,0.0,0.0,0.0,0.22177822177822176,0.5364635364635365
369,000369.jpg,0.001,gate,3,1001,169557,0.7582417582417582,0.4805194805194805,0.000999000999000999,0.0,0.0,1.769316513031016e-05,0.2777222777222777,0.7572427572427572
369,000369.jpg,0.003,gate,3,1001,169557,0.9370629370629371,0.5464535464535465,0.001998001998001998,0.0,1.1795443420206774e-05,0.005697199171959872,0.3906093906093906,0.935064935064935
369,000369.jpg,0.01,gate,3,1001,169557,0.991008991008991,0.6573426573426573,0.01098901098901099,7.667038223134404e-05,0.0015982825834380179,0.015516905819282011,0.3336663336663337,0.98001998001998
371,000371.jpg,1e-05,raw,3,1335,139781,0.0,0.0,0.0,0.0,0.0,0.0,0.0,0.0
371,000371.jpg,3e-05,raw,3,1335,139781,0.0,0.0,0.0,0.0,0.0,0.0,0.0,0.0
371,000371.jpg,0.0001,raw,3,1335,139781,0.0,0.0,0.0,0.0,0.0,0.0,0.0,0.0
371,000371.jpg,0.0003,gate,3,1335,139781,0.45543071161048687,0.27265917602996254,0.00299625468164794,0.0,0.0,0.0,0.18277153558052434,0.45243445692883894
371,000371.jpg,0.001,gate,3,1335,139781,0.6179775280898876,0.4344569288389513,0.0052434456928838954,0.0,0.0,1.4308096236255285e-05,0.18352059925093628,0.6127340823970037
371,000371.jpg,0.003,gate,3,1335,139781,0.7333333333333333,0.4966292134831461,0.00599250936329588,7.154048118127643e-06,1.4308096236255285e-05,0.006073786852290369,0.2367041198501872,0.7273408239700374
371,000371.jpg,0.01,gate,3,1335,139781,0.8449438202247191,0.6089887640449438,0.014232209737827715,0.00010731072177191464,0.0013378069980898692,0.01574605990799894,0.2359550561797753,0.8307116104868915
379,000379.jpg,1e-05,raw,4,848,177059,0.0,0.0,0.0,0.0,0.0,0.0,0.0,0.0
379,000379.jpg,3e-05,raw,4,848,177059,0.0,0.0,0.0,0.0,0.0,0.0,0.0,0.0
379,000379.jpg,0.0001,raw,4,848,177059,0.0,0.0,0.0,0.0,0.0,0.0,0.0,0.0
379,000379.jpg,0.0003,gate,4,848,177059,0.21816037735849056,0.0,0.0,0.0006833880232013057,0.0,0.0,0.21816037735849056,0.21816037735849056
379,000379.jpg,0.001,gate,4,848,177059,0.4540094339622642,0.32547169811320753,0.003537735849056604,0.0014345500652324932,0.0011182713106930458,1.694350470747039e-05,0.12853773584905664,0.4504716981132076
379,000379.jpg,0.003,gate,4,848,177059,0.7405660377358491,0.4056603773584906,0.0047169811320754715,0.003134548370882022,0.0016717591311370785,0.0013780717162075917,0.33490566037735847,0.7358490566037735
379,000379.jpg,0.01,gate,4,848,177059,0.8950471698113207,0.5094339622641509,0.02240566037735849,0.007155806821454995,0.004122919478817795,0.01735579665535217,0.38561320754716977,0.8726415094339622
381,000381.jpg,1e-05,raw,1,5473,89378,0.0,0.0,0.0,0.0,0.0,0.0,0.0,0.0
381,000381.jpg,3e-05,raw,1,5473,89378,0.0,0.0,0.0,0.0,0.0,0.0,0.0,0.0
381,000381.jpg,0.0001,raw,1,5473,89378,0.0,0.0,0.0012790060295998539,0.0,0.0,0.0,0.0,-0.0012790060295998539
381,000381.jpg,0.0003,gate,1,5473,89378,0.43632377124063587,0.24429015165357207,0.0029234423533710946,0.0,0.0,0.0,0.1920336195870638,0.43340032888726476
381,000381.jpg,0.001,gate,1,5473,89378,0.6762287593641513,0.4524027041841769,0.0042024483829709485,0.0,0.0,0.0013426122759515764,0.2238260551799744,0.6720263109811804
381,000381.jpg,0.003,gate,1,5473,89378,0.834277361593276,0.5373652475790243,0.005481454412570802,0.0,0.0,0.006634742330327374,0.29691211401425177,0.8287959071807053
381,000381.jpg,0.01,gate,1,5473,89378,0.9376941348437785,0.6619769778914673,0.012790060295998539,0.0,0.0004699142965830518,0.012430351988185012,0.27571715695231125,0.92490407454778
389,000389.jpg,1e-05,raw,1,1728,143412,0.0,0.0,0.0,0.0,0.0,0.0,0.0,0.0
389,000389.jpg,3e-05,raw,1,1728,143412,0.0,0.0,0.0,0.0,0.0,0.0,0.0,0.0
389,000389.jpg,0.0001,raw,1,1728,143412,0.0,0.0,0.0,0.0,0.0,0.0,0.0,0.0
389,000389.jpg,0.0003,gate,1,1728,143412,0.7228009259259259,0.0,0.0,9.064792346526093e-05,0.0,9.762084065489638e-05,0.7228009259259259,0.7228009259259259
389,000389.jpg,0.001,gate,1,1728,143412,0.9525462962962963,0.6603009259259259,0.0,0.005906060859621231,0.007049619278721446,0.0021546314115973558,0.29224537037037035,0.9525462962962963
389,000389.jpg,0.003,gate,1,1728,143412,1.0,0.7274305555555556,0.0,0.007788748500822804,0.007544696399185563,0.003089002315008507,0.2725694444444444,1.0
389,000389.jpg,0.01,gate,1,1728,143412,1.0,0.8090277777777778,0.0028935185185185184,0.010271107020333027,0.009511059046662761,0.009671436142024377,0.1909722222222222,0.9971064814814815
391,000391.jpg,1e-05,raw,2,1485,132915,0.0,0.0,0.0,0.0,0.0,0.0,0.0,0.0
391,000391.jpg,3e-05,raw,2,1485,132915,0.0,0.0,0.0,0.0,0.0,0.0,0.0,0.0
391,000391.jpg,0.0001,raw,2,1485,132915,0.0,0.0,0.0013468013468013469,0.0,0.0,7.52360531166535e-06,0.0,-0.0013468013468013469
391,000391.jpg,0.0003,gate,2,1485,132915,0.7373737373737373,0.4612794612794613,0.00404040404040404,0.0,0.0,7.52360531166535e-06,0.27609427609427606,0.7333333333333333
391,000391.jpg,0.001,gate,2,1485,132915,0.9104377104377105,0.6902356902356902,0.0053872053872053875,2.257081593499605e-05,0.0002482789752849565,0.0013617725614114284,0.2202020202020203,0.9050505050505051
391,000391.jpg,0.003,gate,2,1485,132915,0.98989898989899,0.7602693602693603,0.0053872053872053875,0.0007899785577248617,0.0007598841364782003,0.0068314336229921375,0.22962962962962963,0.9845117845117846
391,000391.jpg,0.01,gate,2,1485,132915,1.0,0.8282828282828283,0.008754208754208754,0.003611330549599368,0.0033780987849377424,0.012188240604897867,0.1717171717171717,0.9912457912457913
399,000399.jpg,1e-05,raw,3,2839,145699,0.0,0.0,0.0,0.0,0.0,0.0,0.0,0.0
399,000399.jpg,3e-05,raw,3,2839,145699,0.0,0.0,0.0,0.0,0.0,0.0,0.0,0.0
399,000399.jpg,0.0001,raw,3,2839,145699,0.0,0.0,0.0003522367030644593,0.0,0.0,0.0,0.0,-0.0003522367030644593
399,000399.jpg,0.0003,gate,3,2839,145699,0.6079605494892568,0.3564635435012328,0.0010567101091933778,0.0007206638343434066,0.0004598521609619833,0.0,0.251497005988024,0.6069038393800634
399,000399.jpg,0.001,gate,3,2839,145699,0.8802395209580839,0.6241634378302219,0.0021134202183867557,0.001015792833169754,0.0008167523455891942,0.0019423606201827055,0.256076083127862,0.8781261007396971
399,000399.jpg,0.003,gate,3,2839,145699,0.9809792180345192,0.7083480098626277,0.0021134202183867557,0.0016609585515343277,0.001098154414237572,0.006705605391938174,0.27263120817189146,0.9788657978161324
399,000399.jpg,0.01,gate,3,2839,145699,0.9947164494540331,0.7978161324410004,0.007749207467418105,0.002498301292390476,0.003006197708975353,0.012628775763732078,0.1969003170130328,0.986967241986615
401,000401.jpg,1e-05,raw,2,700,182403,0.0,0.0,0.0,0.0,0.0,0.0,0.0,0.0
401,000401.jpg,3e-05,raw,2,700,182403,0.0,0.0,0.0,0.0,0.0,0.0,0.0,0.0
401,000401.jpg,0.0001,raw,2,700,182403,0.0,0.0,0.0,0.0,0.0,0.0,0.0,0.0
401,000401.jpg,0.0003,gate,2,700,182403,0.5414285714285715,0.33285714285714285,0.0,0.0,0.0,0.0,0.20857142857142863,0.5414285714285715
401,000401.jpg,0.001,gate,2,700,182403,0.8285714285714286,0.5014285714285714,0.002857142857142857,7.127075760815338e-05,0.0001370591492464488,0.0020613696046665898,0.3271428571428572,0.8257142857142857
401,000401.jpg,0.003,gate,2,700,182403,0.9571428571428572,0.5728571428571428,0.002857142857142857,0.0004331069116187782,0.0003508714220709089,0.006896816390081303,0.38428571428571434,0.9542857142857143
401,000401.jpg,0.01,gate,2,700,182403,0.9971428571428571,0.6771428571428572,0.008571428571428572,0.0023354879031594875,0.004056950817694884,0.012834218735437466,0.31999999999999995,0.9885714285714285
409,000409.jpg,1e-05,raw,1,500,135607,0.0,0.0,0.0,0.0,0.0,0.0,0.0,0.0
409,000409.jpg,3e-05,raw,1,500,135607,0.0,0.0,0.0,0.0,0.0,0.0,0.0,0.0
409,000409.jpg,0.0001,raw,1,500,135607,0.0,0.0,0.0,0.0,0.0,1.474850118356722e-05,0.0,0.0
409,000409.jpg,0.0003,gate,1,500,135607,0.008,0.0,0.002,0.0,0.0,0.0007521735603619283,0.008,0.006
409,000409.jpg,0.001,gate,1,500,135607,0.008,0.148,0.008,1.474850118356722e-05,0.004468795858620867,0.00151172137131564,-0.13999999999999999,0.0
409,000409.jpg,0.003,gate,1,500,135607,0.128,0.33,0.01,0.0071456488234383185,0.017358985893058617,0.00541269993436917,-0.202,0.11800000000000001
409,000409.jpg,0.01,gate,1,500,135607,0.56,0.45,0.01,0.10431614887137095,0.04617018295515718,0.012772202024969212,0.11000000000000004,0.55
411,000411.jpg,1e-05,raw,1,4113,128510,0.0,0.0,0.0,0.0,0.0,0.0,0.0,0.0
411,000411.jpg,3e-05,raw,1,4113,128510,0.0,0.0,0.0,0.0,0.0,0.0,0.0,0.0
411,000411.jpg,0.0001,raw,1,4113,128510,0.0,0.0,0.0009725261366399222,0.0,0.0,0.0,0.0,-0.0009725261366399222
411,000411.jpg,0.0003,gate,1,4113,128510,0.574033552151714,0.3309020179917335,0.0014587892049598833,0.0,0.0,8.559645163800483e-05,0.2431315341599805,0.5725747629467541
411,000411.jpg,0.001,gate,1,4113,128510,0.8509603695599319,0.6635059567225869,0.002188183807439825,0.00012450392965527974,0.0,0.002879153373278344,0.18745441283734499,0.8487721857524921
411,000411.jpg,0.003,gate,1,4113,128510,0.9518599562363238,0.7546802820325796,0.003160709944079747,0.00038129328456929423,0.0,0.006295229943195082,0.19717967420374416,0.948699246292244
411,000411.jpg,0.01,gate,1,4113,128510,0.9807926088013615,0.8529054218332117,0.008509603695599319,0.0007003346043109486,0.0002490078593105595,0.012450392965527975,0.12788718696814982,0.9722830051057623
419,000419.jpg,1e-05,raw,1,1002,129232,0.0,0.0,0.0,0.0,0.0,0.0,0.0,0.0
419,000419.jpg,3e-05,raw,1,1002,129232,0.0,0.0,0.0,0.0,0.0,0.0,0.0,0.0
419,000419.jpg,0.0001,raw,1,1002,129232,0.0,0.0,0.0,0.0,0.0,0.0,0.0,0.0
419,000419.jpg,0.0003,gate,1,1002,129232,0.6586826347305389,0.38922155688622756,0.003992015968063872,2.3214064627955926e-05,0.0,0.00038690107713259874,0.26946107784431134,0.654690618762475
419,000419.jpg,0.001,gate,1,1002,129232,0.8572854291417166,0.590818363273453,0.003992015968063872,0.00016249845239569148,0.0,0.0038303206636127276,0.2664670658682635,0.8532934131736527
419,000419.jpg,0.003,gate,1,1002,129232,0.9930139720558883,0.6427145708582834,0.003992015968063872,0.0004333292063885106,8.511823696917172e-05,0.005803516156988981,0.35029940119760483,0.9890219560878244
419,000419.jpg,0.01,gate,1,1002,129232,1.0,0.7305389221556886,0.006986027944111776,0.0019809335149189055,0.00294044818620775,0.011429057818496968,0.2694610778443114,0.9930139720558883
421,000421.jpg,1e-05,raw,1,2488,115950,0.0,0.0,0.0,0.0,0.0,0.0,0.0,0.0
421,000421.jpg,3e-05,raw,1,2488,115950,0.0,0.0,0.0,0.0,0.0,0.0,0.0,0.0
421,000421.jpg,0.0001,raw,1,2488,115950,0.0,0.0,0.00040192926045016077,0.0,0.0,0.0,0.0,-0.00040192926045016077
421,000421.jpg,0.0003,gate,1,2488,115950,0.37017684887459806,0.0,0.0040192926045016075,0.0,0.0,8.6244070720138e-05,0.37017684887459806,0.36615755627009644
421,000421.jpg,0.001,gate,1,2488,115950,0.8038585209003215,0.45860128617363344,0.0044212218649517685,8.624407072013798e-06,0.0,0.003855109961190168,0.34525723472668807,0.7994372990353698
421,000421.jpg,0.003,gate,1,2488,115950,0.985128617363344,0.5204983922829582,0.00522508038585209,0.0001552393272962484,0.0,0.006002587322121604,0.46463022508038576,0.9799035369774919
421,000421.jpg,0.01,gate,1,2488,115950,0.9995980707395499,0.6611736334405145,0.009244372990353697,0.00043122035360068997,0.0009314359637774903,0.011703320396722726,0.3384244372990354,0.9903536977491961
429,000429.jpg,1e-05,raw,1,2639,141748,0.0,0.0,0.0,0.0,0.0,0.0,0.0,0.0
429,000429.jpg,3e-05,raw,1,2639,141748,0.0,0.0,0.0,0.0,0.0,0.0,0.0,0.0
429,000429.jpg,0.0001,raw,1,2639,141748,0.0,0.0,0.0011367942402425162,0.0,0.0,0.0,0.0,-0.0011367942402425162
429,000429.jpg,0.0003,gate,1,2639,141748,0.7396741189844638,0.4835164835164835,0.002652519893899204,0.0,0.0,2.116431977876231e-05,0.25615763546798026,0.7370215990905645
429,000429.jpg,0.001,gate,1,2639,141748,0.9333080712391058,0.7237589996210686,0.0034103827207275484,5.64381860766995e-05,0.0,0.0021728701639529306,0.20954907161803715,0.9298976885183782
429,000429.jpg,0.003,gate,1,2639,141748,0.9924213717317165,0.7684729064039408,0.0037893141341417205,0.00023986229082597284,0.0,0.005961283404351384,0.22394846532777568,0.9886320575975748
429,000429.jpg,0.01,gate,1,2639,141748,1.0,0.8431223948465327,0.0071996968548692685,0.0006349295933628694,0.0011005446284956403,0.0124093461636143,0.15687760515346727,0.9928003031451307
431,000431.jpg,1e-05,raw,1,2483,151176,0.0,0.0,0.0,0.0,0.0,0.0,0.0,0.0
431,000431.jpg,3e-05,raw,1,2483,151176,0.0,0.0,0.0,0.0,0.0,0.0,0.0,0.0
431,000431.jpg,0.0001,raw,1,2483,151176,0.0,0.0,0.0016109544905356424,0.0,0.0,0.0,0.0,-0.0016109544905356424
431,000431.jpg,0.0003,gate,1,2483,151176,0.815142972211035,0.5388642770841724,0.002819170358437374,0.0,0.0,2.6459226332222046e-05,0.27627869512686265,0.8123238018525977
431,000431.jpg,0.001,gate,1,2483,151176,0.9673781715666533,0.7776882803060814,0.004430124848973017,1.3229613166111023e-05,0.0,0.0027583743451341483,0.1896898912605719,0.9629480467176803
431,000431.jpg,0.003,gate,1,2483,151176,0.9979863068868304,0.8320579943616593,0.005235602094240838,0.00019182939090860984,1.3229613166111023e-05,0.0058408742128380165,0.16592831252517115,0.9927507047925896
431,000431.jpg,0.01,gate,1,2483,151176,1.0,0.8755537656061216,0.008860249697946033,0.0005093401068952744,0.0013560353495263799,0.012045562787744086,0.12444623439387836,0.9911397503020539
439,000439.jpg,1e-05,raw,1,4524,100919,0.0,0.0,0.0,0.0,0.0,0.0,0.0,0.0
439,000439.jpg,3e-05,raw,1,4524,100919,0.0,0.0,0.0,0.0,0.0,0.0,0.0,0.0
439,000439.jpg,0.0001,raw,1,4524,100919,0.0,0.0,0.001326259946949602,0.0,0.0,2.97268106104896e-05,0.0,-0.001326259946949602
439,000439.jpg,0.0003,gate,1,4524,100919,0.14058355437665782,0.0,0.0015473032714412025,0.0,0.0,7.92714949613056e-05,0.14058355437665782,0.1390362511052166
439,000439.jpg,0.001,gate,1,4524,100919,0.851237842617153,0.6688770999115826,0.001989389920424403,0.0,0.00024772342175408,0.002982589997919123,0.18236074270557034,0.8492484526967286
439,000439.jpg,0.003,gate,1,4524,100919,0.9832007073386384,0.7597259062776304,0.001989389920424403,0.0003071770429750592,0.0006837166440412608,0.006302083849423795,0.22347480106100803,0.981211317418214
439,000439.jpg,0.01,gate,1,4524,100919,0.9986737400530504,0.8499115826702034,0.005526083112290009,0.005786819132175309,0.003953665811195117,0.011979904676027308,0.14876215738284704,0.9931476569407605
441,000441.jpg,1e-05,raw,1,2278,150552,0.0,0.0,0.0,0.0,0.0,0.0,0.0,0.0
441,000441.jpg,3e-05,raw,1,2278,150552,0.0,0.0,0.0,0.0,0.0,0.0,0.0,0.0
441,000441.jpg,0.0001,raw,1,2278,150552,0.0,0.0,0.0,0.0,0.0,0.0,0.0,0.0
441,000441.jpg,0.0003,gate,1,2278,150552,0.6294995610184372,0.32045654082528535,0.001755926251097454,3.9853339709867684e-05,0.0,0.0,0.30904302019315183,0.6277436347673397
441,000441.jpg,0.001,gate,1,2278,150552,0.8709394205443372,0.5566286215978928,0.005706760316066725,0.00033211116424889737,0.0,0.0024974759551517085,0.3143107989464443,0.8652326602282704
441,000441.jpg,0.003,gate,1,2278,150552,0.9723441615452151,0.6417910447761194,0.006145741878841089,0.000511451192943302,5.313778627982358e-05,0.005944789840055263,0.3305531167690957,0.966198419666374
441,000441.jpg,0.01,gate,1,2278,150552,0.9978050921861282,0.7322212467076383,0.010974539069359086,0.0009033423667570009,0.002172007014187789,0.01262686646474308,0.2655838454784899,0.9868305531167691
449,000449.jpg,1e-05,raw,1,2308,156550,0.0,0.0,0.0,0.0,0.0,0.0,0.0,0.0
449,000449.jpg,3e-05,raw,1,2308,156550,0.0,0.0,0.0,0.0,0.0,0.0,0.0,0.0
449,000449.jpg,0.0001,raw,1,2308,156550,0.0,0.0,0.0008665511265164644,0.0,0.0,0.0,0.0,-0.0008665511265164644
449,000449.jpg,0.0003,gate,1,2308,156550,0.841421143847487,0.57105719237435,0.0030329289428076256,0.0,0.0,1.9163206643244968e-05,0.27036395147313697,0.8383882149046794
449,000449.jpg,0.001,gate,1,2308,156550,0.970103986135182,0.7976603119584056,0.0034662045060658577,4.471414883423826e-05,0.0,0.0026189715745768127,0.17244367417677642,0.9666377816291162
449,000449.jpg,0.003,gate,1,2308,156550,0.9995667244367418,0.8557192374350087,0.004332755632582322,0.00020440753752794634,6.387735547748323e-06,0.00548706483551581,0.1438474870017331,0.9952339688041595
449,000449.jpg,0.01,gate,1,2308,156550,1.0,0.8925476603119584,0.006499133448873483,0.0004024273395081444,0.0013158735228361545,0.012277227722772278,0.10745233968804158,0.9935008665511266
451,000451.jpg,1e-05,raw,1,2269,154844,0.0,0.0,0.0,0.0,0.0,0.0,0.0,0.0
451,000451.jpg,3e-05,raw,1,2269,154844,0.0,0.0,0.00044072278536800354,0.0,0.0,0.0,0.0,-0.00044072278536800354
451,000451.jpg,0.0001,raw,1,2269,154844,0.0,0.0,0.0013221683561040105,0.0,0.0,0.0,0.0,-0.0013221683561040105
451,000451.jpg,0.0003,gate,1,2269,154844,0.7188188629352138,0.43940061701189953,0.002644336712208021,1.2916225362300122e-05,0.0,5.812301413035055e-05,0.27941824592331427,0.7161745262230058
451,000451.jpg,0.001,gate,1,2269,154844,0.9184662847069194,0.6368444248567651,0.003085059497576025,0.00010332980289840098,0.0,0.002860943917749477,0.2816218598501543,0.9153812252093434
451,000451.jpg,0.003,gate,1,2269,154844,0.9828118113706479,0.6941383869546055,0.0035257822829440283,0.0002970731833329028,0.0,0.0060900002583245075,0.2886734244160424,0.9792860290877039
451,000451.jpg,0.01,gate,1,2269,154844,0.996474217717056,0.7880123402379903,0.011018069634200088,0.0007362248456511069,0.0015886957195629149,0.012386660122445816,0.20846187747906575,0.985456148082856
459,000459.jpg,1e-05,raw,1,6505,163268,0.0,0.0,0.0,0.0,0.0,0.0,0.0,0.0
459,000459.jpg,3e-05,raw,1,6505,163268,0.0,0.0,0.00030745580322828596,0.0,0.0,0.0,0.0,-0.00030745580322828596
459,000459.jpg,0.0001,raw,1,6505,163268,0.0,0.0,0.0006149116064565719,0.0,0.0,0.0,0.0,-0.0006149116064565719
459,000459.jpg,0.0003,gate,1,6505,163268,0.07132974634896233,0.0,0.0012298232129131438,0.0,0.0,1.837469681750251e-05,0.07132974634896233,0.07009992313604918
459,000459.jpg,0.001,gate,1,6505,163268,0.7734050730207532,0.5692544196771714,0.0018447348193697155,5.5124090452507534e-05,0.0,0.0022049636181003013,0.20415065334358184,0.7715603382013835
459,000459.jpg,0.003,gate,1,6505,163268,0.9503458877786318,0.6719446579554189,0.0021521906225980014,8.574858514834505e-05,1.837469681750251e-05,0.0058799029816008035,0.2784012298232129,0.9481936971560339
459,000459.jpg,0.01,gate,1,6505,163268,0.9909300538047656,0.8039969254419678,0.005534204458109147,0.00029399514908004016,0.0007594874684567704,0.011833304750471616,0.18693312836279785,0.9853958493466565
461,000461.jpg,1e-05,raw,1,6192,111147,0.0,0.0,0.0,0.0,0.0,0.0,0.0,0.0
461,000461.jpg,3e-05,raw,1,6192,111147,0.0,0.0,0.00016149870801033592,0.0,0.0,0.0,0.0,-0.00016149870801033592
461,000461.jpg,0.0001,raw,1,6192,111147,0.0,0.0,0.00032299741602067185,0.0,0.0,0.0,0.0,-0.00032299741602067185
461,000461.jpg,0.0003,gate,1,6192,111147,0.022286821705426358,0.0,0.00032299741602067185,8.997093938657814e-06,0.0,6.297965757060469e-05,0.022286821705426358,0.021963824289405687
461,000461.jpg,0.001,gate,1,6192,111147,0.6251614987080103,0.5528100775193798,0.0008074935400516795,8.997093938657814e-05,0.0,0.0022582705786031113,0.07235142118863047,0.6243540051679586
461,000461.jpg,0.003,gate,1,6192,111147,0.9391149870801033,0.6489018087855297,0.0009689922480620155,0.00012595931514120938,0.0,0.006243983193428522,0.2902131782945736,0.9381459948320413
461,000461.jpg,0.01,gate,1,6192,111147,0.9895025839793282,0.7945736434108527,0.005006459948320413,0.00037787794542362815,0.0005218314484421531,0.011831178529335025,0.19492894056847554,0.9844961240310078
469,000469.jpg,1e-05,raw,1,2970,134149,0.0,0.0,0.0,0.0,0.0,0.0,0.0,0.0
469,000469.jpg,3e-05,raw,1,2970,134149,0.0,0.0,0.0,0.0,0.0,0.0,0.0,0.0
469,000469.jpg,0.0001,raw,1,2970,134149,0.0,0.0,0.0006734006734006734,0.0,0.0,0.0,0.0,-0.0006734006734006734
469,000469.jpg,0.0003,gate,1,2970,134149,0.5373737373737374,0.34276094276094277,0.0016835016835016834,7.454397721936056e-05,0.0,5.2180784053552394e-05,0.19461279461279463,0.5356902356902357
469,000469.jpg,0.001,gate,1,2970,134149,0.7313131313131314,0.5181818181818182,0.0026936026936026937,0.00020872313621420958,0.0,0.003093575054603463,0.21313131313131317,0.7286195286195286
469,000469.jpg,0.003,gate,1,2970,134149,0.8784511784511785,0.5801346801346802,0.0026936026936026937,0.00052926223825746,0.0,0.006306420472757903,0.2983164983164983,0.8757575757575757
469,000469.jpg,0.01,gate,1,2970,134149,0.960942760942761,0.6946127946127946,0.00909090909090909,0.0009168909197981349,0.0016026955102162522,0.012515933775130638,0.2663299663299664,0.951851851851852
471,000471.jpg,1e-05,raw,1,3467,142314,0.0,0.0,0.0,0.0,0.0,0.0,0.0,0.0
471,000471.jpg,3e-05,raw,1,3467,142314,0.0,0.0,0.00028843380444188056,0.0,0.0,0.0,0.0,-0.00028843380444188056
471,000471.jpg,0.0001,raw,1,3467,142314,0.0,0.0,0.0017306028266512836,0.0,0.0,0.0,0.0,-0.0017306028266512836
471,000471.jpg,0.0003,gate,1,3467,142314,0.6882030573983271,0.41361407556965674,0.002019036631093164,0.0,0.0,2.8106862290428207e-05,0.27458898182867036,0.686184020767234
471,000471.jpg,0.001,gate,1,3467,142314,0.9633689068358812,0.7476204211133545,0.002019036631093164,7.729387129867757e-05,0.0,0.002831766375760642,0.2157484857225267,0.961349870204788
471,000471.jpg,0.003,gate,1,3467,142314,0.9979809633689068,0.8289587539659649,0.0031727718488606866,0.00034430906305774555,0.0,0.006302963868628526,0.169022209402942,0.9948081915200462
471,000471.jpg,0.01,gate,1,3467,142314,0.9997115661955581,0.9146235938852033,0.008941447937698297,0.0006183509703894206,0.00028809533847688913,0.012556740728248802,0.08508797231035481,0.9907701182578599
479,000479.jpg,1e-05,raw,2,1846,163462,0.0,0.0,0.0,0.0,0.0,0.0,0.0,0.0
479,000479.jpg,3e-05,raw,2,1846,163462,0.0,0.0,0.0,0.0,0.0,0.0,0.0,0.0
479,000479.jpg,0.0001,raw,2,1846,163462,0.0,0.0,0.0005417118093174431,0.0,0.0,0.0,0.0,-0.0005417118093174431
479,000479.jpg,0.0003,gate,2,1846,163462,0.7979414951245937,0.5287107258938245,0.0016251354279523294,0.0,0.0,0.0,0.26923076923076916,0.7963163596966414
479,000479.jpg,0.001,gate,2,1846,163462,0.957204767063922,0.7242686890574215,0.0027085590465872156,0.0,3.67057787130954e-05,0.0017985831569416746,0.2329360780065005,0.9544962080173348
479,000479.jpg,0.003,gate,2,1846,163462,0.9978331527627302,0.7908992416034669,0.003791982665222102,0.00018964652335099288,0.0002263523020640883,0.006374570236507567,0.2069339111592633,0.9940411700975081
479,000479.jpg,0.01,gate,2,1846,163462,1.0,0.8542795232936078,0.00866738894907909,0.0009971736550390916,0.0019882296802926675,0.012394317945455213,0.1457204767063922,0.991332611050921
481,000481.jpg,1e-05,raw,1,2961,144404,0.0,0.0,0.0,0.0,0.0,0.0,0.0,0.0
481,000481.jpg,3e-05,raw,1,2961,144404,0.0,0.0,0.0,0.0,0.0,0.0,0.0,0.0
481,000481.jpg,0.0001,raw,1,2961,144404,0.0,0.0,0.0010131712259371835,0.0,0.0,0.0,0.0,-0.0010131712259371835
481,000481.jpg,0.0003,gate,1,2961,144404,0.6980749746707193,0.3458291117865586,0.002026342451874367,0.0,0.0,0.0001454253344782693,0.3522458628841607,0.6960486322188449
481,000481.jpg,0.001,gate,1,2961,144404,0.9506923336710571,0.7217156366092536,0.002701789935832489,5.5400127420293065e-05,1.3850031855073266e-05,0.0028669565940001663,0.22897669706180346,0.9479905437352246
481,000481.jpg,0.003,gate,1,2961,144404,0.9966227625802094,0.7936507936507936,0.002701789935832489,0.0003947259078695881,0.00036702584415944156,0.005581562837594527,0.20297196892941582,0.993920972644377
481,000481.jpg,0.01,gate,1,2961,144404,1.0,0.856805133400878,0.008105369807497468,0.004397385113985762,0.0031647322788842416,0.011530151519348494,0.14319486659912195,0.9918946301925026
489,000489.jpg,1e-05,raw,1,12027,84740,0.0,0.0,0.0,0.0,0.0,0.0,0.0,0.0
489,000489.jpg,3e-05,raw,1,12027,84740,0.0,0.0,0.00016629250852249106,0.0,0.0,0.0,0.0,-0.00016629250852249106
489,000489.jpg,0.0001,raw,1,12027,84740,0.0,0.0,0.0004988775255674732,0.0,0.0,0.0,0.0,-0.0004988775255674732
489,000489.jpg,0.0003,gate,1,12027,84740,0.00706743161220587,0.0,0.0004988775255674732,0.0007080481472740147,0.0,0.00041302808590984187,0.00706743161220587,0.006568554086638397
489,000489.jpg,0.001,gate,1,12027,84740,0.12039577617028353,0.4394279537706826,0.0006651700340899642,0.002088742034458343,0.0,0.002395562898277083,-0.3190321776003991,0.11973060613619357
489,000489.jpg,0.003,gate,1,12027,84740,0.6816329924336909,0.5827720961170699,0.0009977550511349464,0.003563842341279207,0.0,0.004307292895916922,0.09886089631662098,0.6806352373825559
489,000489.jpg,0.01,gate,1,12027,84740,0.9164380144674482,0.7362600814833292,0.002328095119314875,0.005392966721737078,0.0,0.011010148690110928,0.180177932984119,0.9141099193481333
491,000491.jpg,1e-05,raw,1,2073,115841,0.0,0.0,0.0,0.0,0.0,0.0,0.0,0.0
491,000491.jpg,3e-05,raw,1,2073,115841,0.0,0.0,0.0,0.0,0.0,0.0,0.0,0.0
491,000491.jpg,0.0001,raw,1,2073,115841,0.0,0.0,0.001447178002894356,0.0,0.0,0.0,0.0,-0.001447178002894356
491,000491.jpg,0.0003,gate,1,2073,115841,0.4505547515677762,0.0,0.00241196333815726,0.0,0.0,0.0001553853989520118,0.4505547515677762,0.44814278822961895
491,000491.jpg,0.001,gate,1,2073,115841,0.9083453931500242,0.548480463096961,0.00241196333815726,0.0,0.0,0.0037206170526842826,0.3598649300530632,0.9059334298118669
491,000491.jpg,0.003,gate,1,2073,115841,0.9956584659913169,0.6174626145682586,0.00241196333815726,3.453008865600263e-05,0.0,0.005878747593684446,0.37819585142305834,0.9932465026531596
491,000491.jpg,0.01,gate,1,2073,115841,1.0,0.7370959961408586,0.006753497346840328,0.00020718053193601575,0.0007164993396120544,0.0118351878868449,0.26290400385914137,0.9932465026531597
499,000499.jpg,1e-05,raw,1,1890,75932,0.0,0.0,0.0,0.0,0.0,0.0,0.0,0.0
499,000499.jpg,3e-05,raw,1,1890,75932,0.0,0.0,0.0,0.0,0.0,0.0,0.0,0.0
499,000499.jpg,0.0001,raw,1,1890,75932,0.0,0.0,0.0,0.0,0.0,0.0,0.0,0.0
499,000499.jpg,0.0003,gate,1,1890,75932,0.1835978835978836,0.0,0.0010582010582010583,0.0,0.0,0.0004214297002581257,0.1835978835978836,0.18253968253968253
499,000499.jpg,0.001,gate,1,1890,75932,0.8227513227513228,0.5396825396825397,0.0010582010582010583,0.0,0.0,0.003634831164726334,0.28306878306878314,0.8216931216931217
499,000499.jpg,0.003,gate,1,1890,75932,0.9873015873015873,0.6317460317460317,0.0015873015873015873,0.0,0.0,0.005465416425222568,0.3555555555555556,0.9857142857142858
499,000499.jpg,0.01,gate,1,1890,75932,1.0,0.7238095238095238,0.004232804232804233,0.00017120581572986355,0.00022388452826212928,0.011549807722699257,0.2761904761904762,0.9957671957671957
501,000501.jpg,1e-05,raw,1,1704,150961,0.0,0.0,0.0,0.0,0.0,0.0,0.0,0.0
501,000501.jpg,3e-05,raw,1,1704,150961,0.0,0.0,0.0,0.0,0.0,0.0,0.0,0.0
501,000501.jpg,0.0001,raw,1,1704,150961,0.0,0.0,0.0,0.0,0.0,0.0,0.0,0.0
501,000501.jpg,0.0003,gate,1,1704,150961,0.16490610328638497,0.0,0.0005868544600938967,0.00018547836858526375,0.0,0.0006028046979021072,0.16490610328638497,0.16431924882629106
501,000501.jpg,0.001,gate,1,1704,150961,0.6672535211267606,0.3720657276995305,0.0011737089201877935,0.0036499493246600115,0.001861407913302111,0.003855300375593696,0.2951877934272301,0.6660798122065729
501,000501.jpg,0.003,gate,1,1704,150961,0.8843896713615024,0.4865023474178404,0.0011737089201877935,0.010472903597617928,0.003510840548221064,0.005710084061446334,0.397887323943662,0.8832159624413146
501,000501.jpg,0.01,gate,1,1704,150961,0.9788732394366197,0.653169014084507,0.004107981220657277,0.021396254661800066,0.010400037095673716,0.011002841793575824,0.32570422535211274,0.9747652582159625
509,000509.jpg,1e-05,raw,1,702,122230,0.0,0.0,0.0,0.0,0.0,0.0,0.0,0.0
509,000509.jpg,3e-05,raw,1,702,122230,0.0,0.0,0.0,0.0,0.0,0.0,0.0,0.0
509,000509.jpg,0.0001,raw,1,702,122230,0.0,0.0,0.0,0.0,0.0,0.0,0.0,0.0
509,000509.jpg,0.0003,gate,1,702,122230,0.28774928774928776,0.0,0.0014245014245014246,0.0,0.0,0.0,0.28774928774928776,0.28632478632478636
509,000509.jpg,0.001,gate,1,702,122230,0.7521367521367521,0.37464387464387466,0.0014245014245014246,0.0,0.0,0.00014726335596825657,0.37749287749287747,0.7507122507122507
509,000509.jpg,0.003,gate,1,702,122230,0.9886039886039886,0.45726495726495725,0.002849002849002849,0.0,8.18129755379203e-06,0.006823202159862554,0.5313390313390314,0.9857549857549858
509,000509.jpg,0.01,gate,1,702,122230,1.0,0.5982905982905983,0.002849002849002849,0.00040088358013580955,0.0011208377648695084,0.015192669557391802,0.4017094017094017,0.9971509971509972
511,000511.jpg,1e-05,raw,1,1130,133690,0.0,0.0,0.0,0.0,0.0,0.0,0.0,0.0
511,000511.jpg,3e-05,raw,1,1130,133690,0.0,0.0,0.0,0.0,0.0,0.0,0.0,0.0
511,000511.jpg,0.0001,raw,1,1130,133690,0.0,0.0,0.0,0.0,0.0,0.0,0.0,0.0
511,000511.jpg,0.0003,gate,1,1130,133690,0.0,0.0,0.0008849557522123894,0.0,0.0,0.0,0.0,-0.0008849557522123894
511,000511.jpg,0.001,gate,1,1130,133690,0.4300884955752212,0.18584070796460178,0.0017699115044247787,0.0,0.0,0.0006731991921609694,0.24424778761061944,0.4283185840707964
511,000511.jpg,0.003,gate,1,1130,133690,0.815929203539823,0.29469026548672567,0.0035398230088495575,0.0,0.0,0.007816590620091256,0.5212389380530973,0.8123893805309734
511,000511.jpg,0.01,gate,1,1130,133690,0.952212389380531,0.4504424778761062,0.008849557522123894,0.00016455980252823697,0.0008078390305931633,0.014825342209589348,0.5017699115044247,0.9433628318584071
519,000519.jpg,1e-05,raw,1,1480,147472,0.0,0.0,0.0,0.0,0.0,0.0,0.0,0.0
519,000519.jpg,3e-05,raw,1,1480,147472,0.0,0.0,0.0,0.0,0.0,0.0,0.0,0.0
519,000519.jpg,0.0001,raw,1,1480,147472,0.0,0.0,0.0006756756756756757,0.0,0.0,0.0,0.0,-0.0006756756756756757
519,000519.jpg,0.0003,gate,1,1480,147472,0.0,0.0,0.002702702702702703,0.0,0.0,0.0,0.0,-0.002702702702702703
519,000519.jpg,0.001,gate,1,1480,147472,0.4047297297297297,0.20202702702702702,0.005405405405405406,0.0,0.0,0.0006170662905500705,0.2027027027027027,0.3993243243243243
519,000519.jpg,0.003,gate,1,1480,147472,0.8391891891891892,0.3304054054054054,0.006081081081081081,0.0,2.712379299121189e-05,0.005797710751871542,0.5087837837837837,0.8331081081081081
519,000519.jpg,0.01,gate,1,1480,147472,0.9506756756756757,0.5162162162162162,0.010810810810810811,0.0007526852555061299,0.0035871216230877728,0.015053705110122599,0.4344594594594595,0.9398648648648649
521,000521.jpg,1e-05,raw,1,1497,108640,0.0,0.0,0.0,0.0,0.0,0.0,0.0,0.0
521,000521.jpg,3e-05,raw,1,1497,108640,0.0,0.0,0.0,0.0,0.0,0.0,0.0,0.0
521,000521.jpg,0.0001,raw,1,1497,108640,0.0,0.0,0.0,0.0,0.0,0.0,0.0,0.0
521,000521.jpg,0.0003,gate,1,1497,108640,0.05477621910487642,0.0,0.002004008016032064,0.0,0.0,0.0,0.05477621910487642,0.052772211088844355
521,000521.jpg,0.001,gate,1,1497,108640,0.5177020708082832,0.19238476953907815,0.004676018704074816,0.0,0.0,0.00032216494845360824,0.3253173012692051,0.5130260521042084
521,000521.jpg,0.003,gate,1,1497,108640,0.8376753507014028,0.3046092184368738,0.007348029392117568,0.0,9.204712812960235e-06,0.006213181148748159,0.5330661322645289,0.8303273213092852
521,000521.jpg,0.01,gate,1,1497,108640,0.9392117568470274,0.48296593186372744,0.01068804275217101,0.0009388807069219441,0.0020894698085419734,0.014966863033873344,0.45624582498329996,0.9285237140948563
529,000529.jpg,1e-05,raw,1,822,110960,0.0,0.0,0.0,0.0,0.0,0.0,0.0,0.0
529,000529.jpg,3e-05,raw,1,822,110960,0.0,0.0,0.0,0.0,0.0,0.0,0.0,0.0
529,000529.jpg,0.0001,raw,1,822,110960,0.0,0.0,0.0,0.0,0.0,0.0,0.0,0.0
529,000529.jpg,0.0003,gate,1,822,110960,0.610705596107056,0.0,0.0,0.0,0.0,0.0,0.610705596107056,0.610705596107056
529,000529.jpg,0.001,gate,1,822,110960,0.8698296836982968,0.43552311435523117,0.0012165450121654502,0.0,0.0,0.00011715933669790916,0.43430656934306566,0.8686131386861313
529,000529.jpg,0.003,gate,1,822,110960,0.9610705596107056,0.5437956204379562,0.0024330900243309003,0.0,0.0,0.005326243691420332,0.4172749391727495,0.9586374695863747
529,000529.jpg,0.01,gate,1,822,110960,0.9878345498783455,0.6922141119221411,0.0072992700729927005,0.00010814708002883922,0.0008471521268925739,0.0151676279740447,0.2956204379562044,0.9805352798053528
531,000531.jpg,1e-05,raw,1,1061,135622,0.0,0.0,0.0,0.0,0.0,0.0,0.0,0.0
531,000531.jpg,3e-05,raw,1,1061,135622,0.0,0.0,0.0,0.0,0.0,0.0,0.0,0.0
531,000531.jpg,0.0001,raw,1,1061,135622,0.0,0.0,0.0,0.0,0.0,0.0,0.0,0.0
531,000531.jpg,0.0003,gate,1,1061,135622,0.5984919886899152,0.0,0.0,0.0,0.0,0.0,0.5984919886899152,0.5984919886899152
531,000531.jpg,0.001,gate,1,1061,135622,0.8397737983034873,0.5136663524976437,0.000942507068803016,0.0,0.0,4.424060993054224e-05,0.3261074458058436,0.8388312912346843
531,000531.jpg,0.003,gate,1,1061,135622,0.9688972667295005,0.6032045240339302,0.003770028275212064,0.0,7.373434988423707e-06,0.004822226482429104,0.3656927426955703,0.9651272384542884
531,000531.jpg,0.01,gate,1,1061,135622,0.9971724787935909,0.7360980207351555,0.00942507068803016,0.00011797495981477931,0.0012903511229741488,0.015351491645898158,0.26107445805843543,0.9877474081055608
539,000539.jpg,1e-05,raw,1,4098,143784,0.0,0.0,0.0,0.0,0.0,0.0,0.0,0.0
539,000539.jpg,3e-05,raw,1,4098,143784,0.0,0.0,0.0,0.0,0.0,0.0,0.0,0.0
539,000539.jpg,0.0001,raw,1,4098,143784,0.0,0.0,0.0004880429477794046,0.0,0.0,0.0,0.0,-0.0004880429477794046
539,000539.jpg,0.0003,gate,1,4098,143784,0.5673499267935578,0.0,0.0009760858955588092,0.0,0.0,6.95487675958382e-06,0.5673499267935578,0.566373840897999
539,000539.jpg,0.001,gate,1,4098,143784,0.8167398731088336,0.5153733528550513,0.001708150317227916,0.0,0.0,0.0021073276581538977,0.3013665202537823,0.8150317227916056
539,000539.jpg,0.003,gate,1,4098,143784,0.9494875549048316,0.6173743289409468,0.002440214738897023,0.0,1.390975351916764e-05,0.007038335280698826,0.3321132259638848,0.9470473401659346
539,000539.jpg,0.01,gate,1,4098,143784,0.9899951195705222,0.7388970229380185,0.00634455832113226,6.95487675958382e-06,0.0008345852111500584,0.01279697323763423,0.2510980966325037,0.98365056124939
541,000541.jpg,1e-05,raw,1,4158,113758,0.0,0.0,0.0,0.0,0.0,0.0,0.0,0.0
541,000541.jpg,3e-05,raw,1,4158,113758,0.0,0.0,0.0,0.0,0.0,0.0,0.0,0.0
541,000541.jpg,0.0001,raw,1,4158,113758,0.0,0.0,0.000481000481000481,0.0,0.0,0.0,0.0,-0.000481000481000481
541,000541.jpg,0.0003,gate,1,4158,113758,0.5026455026455027,0.0,0.001924001924001924,0.0,0.0,0.0,0.5026455026455027,0.5007215007215008
541,000541.jpg,0.001,gate,1,4158,113758,0.7967772967772968,0.5161135161135161,0.0031265031265031266,0.0,0.0,0.0015471439371296963,0.2806637806637807,0.7936507936507937
541,000541.jpg,0.003,gate,1,4158,113758,0.9521404521404522,0.6192881192881193,0.00456950456950457,0.0,0.0,0.006724801772183055,0.33285233285233284,0.9475709475709476
541,000541.jpg,0.01,gate,1,4158,113758,0.9920634920634921,0.7450697450697451,0.010822510822510822,0.0,0.0004922730709049034,0.012825471615183107,0.246993746993747,0.9812409812409812
549,000549.jpg,1e-05,raw,1,3065,123518,0.0,0.0,0.0,0.0,0.0,0.0,0.0,0.0
549,000549.jpg,3e-05,raw,1,3065,123518,0.0,0.0,0.0,0.0,0.0,0.0,0.0,0.0
549,000549.jpg,0.0001,raw,1,3065,123518,0.0,0.0,0.0003262642740619902,0.0,0.0,0.0,0.0,-0.0003262642740619902
549,000549.jpg,0.0003,gate,1,3065,123518,0.5141924959216966,0.0,0.0013050570962479609,0.0,0.0,1.6191972020272348e-05,0.5141924959216966,0.5128874388254486
549,000549.jpg,0.001,gate,1,3065,123518,0.8613376835236541,0.46884176182707993,0.001957585644371941,0.0,0.0,0.002825499117537525,0.3924959216965742,0.8593800978792822
549,000549.jpg,0.003,gate,1,3065,123518,0.9758564437194127,0.5800978792822186,0.0022838499184339315,0.0,0.0,0.006760148318463706,0.39575856443719415,0.9735725938009788
549,000549.jpg,0.01,gate,1,3065,123518,0.998694942903752,0.7269168026101142,0.007504078303425775,0.0,0.0007691186709629365,0.012896905714146926,0.2717781402936379,0.9911908646003262
551,000551.jpg,1e-05,raw,1,1298,123750,0.0,0.0,0.0,0.0,0.0,0.0,0.0,0.0
551,000551.jpg,3e-05,raw,1,1298,123750,0.0,0.0,0.0,0.0,0.0,0.0,0.0,0.0
551,000551.jpg,0.0001,raw,1,1298,123750,0.0,0.0,0.0,0.0,0.0,0.0,0.0,0.0
551,000551.jpg,0.0003,gate,1,1298,123750,0.3782742681047766,0.11941448382126348,0.0007704160246533128,0.0,0.0,0.0,0.25885978428351314,0.37750385208012327
551,000551.jpg,0.001,gate,1,1298,123750,0.7303543913713405,0.3459167950693374,0.00539291217257319,0.0,0.0,3.232323232323232e-05,0.3844375963020031,0.7249614791987673
551,000551.jpg,0.003,gate,1,1298,123750,0.9060092449922958,0.4576271186440678,0.0061633281972265025,0.0,3.232323232323232e-05,0.003725252525252525,0.44838212634822805,0.8998459167950693
551,000551.jpg,0.01,gate,1,1298,123750,0.9653312788906009,0.5870570107858244,0.011556240369799691,0.0003393939393939394,0.0023272727272727273,0.015612121212121213,0.3782742681047765,0.9537750385208011
559,000559.jpg,1e-05,raw,1,3495,115525,0.0,0.0,0.0,0.0,0.0,0.0,0.0,0.0
559,000559.jpg,3e-05,raw,1,3495,115525,0.0,0.0,0.0,0.0,0.0,0.0,0.0,0.0
559,000559.jpg,0.0001,raw,1,3495,115525,0.0,0.0,0.0011444921316165952,0.0,0.0,0.0,0.0,-0.0011444921316165952
559,000559.jpg,0.0003,gate,1,3495,115525,0.14706723891273246,0.012875536480686695,0.0031473533619456365,0.0,0.0,8.656135035706558e-06,0.13419170243204576,0.14391988555078683
559,000559.jpg,0.001,gate,1,3495,115525,0.6752503576537912,0.2503576537911302,0.004005722460658083,0.0,0.0,0.001462886821034408,0.424892703862661,0.671244635193133
559,000559.jpg,0.003,gate,1,3495,115525,0.9436337625178827,0.4002861230329042,0.004864091559370529,0.0,0.0,0.006111231335208829,0.5433476394849786,0.9387696709585122
559,000559.jpg,0.01,gate,1,3495,115525,0.9928469241773963,0.5899856938483548,0.008011444921316165,6.924908028565246e-05,0.0012551395801774507,0.012741830772560052,0.40286123032904153,0.9848354792560802
561,000561.jpg,1e-05,raw,1,3458,109484,0.0,0.0,0.0,0.0,0.0,0.0,0.0,0.0
561,000561.jpg,3e-05,raw,1,3458,109484,0.0,0.0,0.0,0.0,0.0,0.0,0.0,0.0
561,000561.jpg,0.0001,raw,1,3458,109484,0.0,0.0,0.0014459224985540775,0.0,0.0,0.0,0.0,-0.0014459224985540775
561,000561.jpg,0.0003,gate,1,3458,109484,0.10902255639097744,0.0,0.004048582995951417,0.0,0.0,0.0,0.10902255639097744,0.10497397339502602
561,000561.jpg,0.001,gate,1,3458,109484,0.6512434933487565,0.22816657027183343,0.005494505494505495,0.0,0.0,0.001753680903145665,0.42307692307692313,0.645748987854251
561,000561.jpg,0.003,gate,1,3458,109484,0.9381145170618855,0.3750722961249277,0.006940427993059572,0.0,0.0,0.0062292207080486646,0.5630422209369579,0.9311740890688259
561,000561.jpg,0.01,gate,1,3458,109484,0.9893001735106999,0.5746096009253904,0.010121457489878543,2.7401264111651017e-05,0.001059515545650506,0.01283292535895656,0.4146905725853095,0.9791787160208213
569,000569.jpg,1e-05,raw,1,1428,131375,0.0,0.0,0.0,0.0,0.0,0.0,0.0,0.0
569,000569.jpg,3e-05,raw,1,1428,131375,0.0,0.0,0.0,0.0,0.0,0.0,0.0,0.0
569,000569.jpg,0.0001,raw,1,1428,131375,0.0,0.0,0.0,0.0,0.0,0.0,0.0,0.0
569,000569.jpg,0.0003,gate,1,1428,131375,0.36834733893557425,0.11134453781512606,0.0007002801120448179,0.0,0.0,0.0,0.2570028011204482,0.36764705882352944
569,000569.jpg,0.001,gate,1,1428,131375,0.6897759103641457,0.31862745098039214,0.0021008403361344537,0.0,0.0,6.089438629876308e-05,0.3711484593837535,0.6876750700280112
569,000569.jpg,0.003,gate,1,1428,131375,0.8886554621848739,0.42507002801120447,0.004201680672268907,3.8058991436726926e-05,7.611798287345385e-06,0.004955280685061846,0.46358543417366943,0.884453781512605
569,000569.jpg,0.01,gate,1,1428,131375,0.9705882352941176,0.5413165266106442,0.00980392156862745,0.0007459562321598478,0.001994291151284491,0.015269267364414843,0.4292717086834734,0.9607843137254902
571,000571.jpg,1e-05,raw,1,4087,133958,0.0,0.0,0.0,0.0,0.0,0.0,0.0,0.0
571,000571.jpg,3e-05,raw,1,4087,133958,0.0,0.0,0.00024467824810374357,0.0,0.0,0.0,0.0,-0.00024467824810374357
571,000571.jpg,0.0001,raw,1,4087,133958,0.0,0.0,0.0004893564962074871,0.0,0.0,0.0,0.0,-0.0004893564962074871
571,000571.jpg,0.0003,gate,1,4087,133958,0.5287496941521899,0.0,0.0017127477367262051,0.0,0.0,0.0,0.5287496941521899,0.5270369464154636
571,000571.jpg,0.001,gate,1,4087,133958,0.8047467580132126,0.5023244433569856,0.002202104232933692,0.0,0.0,0.002067812299377417,0.30242231465622704,0.802544653780279
571,000571.jpg,0.003,gate,1,4087,133958,0.9576706630780524,0.6102275507707364,0.0026914607291411794,0.0,0.0,0.007300795771809075,0.34744311230731595,0.9549792023489112
571,000571.jpg,0.01,gate,1,4087,133958,0.9958404697822364,0.7394176657695131,0.007585025691216051,1.4930052703086042e-05,0.0009555233729975067,0.013235491721285776,0.2564228040127233,0.9882554440910204
579,000579.jpg,1e-05,raw,1,6929,73480,0.0,0.0,0.0,0.0,0.0,0.0,0.0,0.0
579,000579.jpg,3e-05,raw,1,6929,73480,0.0,0.0,0.0,0.0,0.0,0.0,0.0,0.0
579,000579.jpg,0.0001,raw,1,6929,73480,0.0,0.0,0.0002886419396738346,0.0,0.0,0.0,0.0,-0.0002886419396738346
579,000579.jpg,0.0003,gate,1,6929,73480,0.0007216048491845865,0.0,0.0024534564872275943,0.0,0.0,2.7218290691344584e-05,0.0007216048491845865,-0.0017318516380430077
579,000579.jpg,0.001,gate,1,6929,73480,0.3711935344205513,0.1651031894934334,0.002742098426901429,0.0,0.0,0.003824169842133914,0.20609034492711792,0.3684514359936499
579,000579.jpg,0.003,gate,1,6929,73480,0.7855390388223409,0.2695915716553615,0.003319382306249098,0.0,1.3609145345672292e-05,0.006750136091453457,0.5159474671669794,0.7822196565160918
579,000579.jpg,0.01,gate,1,6929,73480,0.9578582768076201,0.43974599509308704,0.005484196853802858,5.443658138268917e-05,0.00042188350571584107,0.011839956450734894,0.5181122817145332,0.9523740799538173
581,000581.jpg,1e-05,raw,1,5880,80000,0.0,0.0,0.0,0.0,0.0,0.0,0.0,0.0
581,000581.jpg,3e-05,raw,1,5880,80000,0.0,0.0,0.0,0.0,0.0,0.0,0.0,0.0
581,000581.jpg,0.0001,raw,1,5880,80000,0.0,0.0,0.0003401360544217687,0.0,0.0,0.0,0.0,-0.0003401360544217687
581,000581.jpg,0.0003,gate,1,5880,80000,0.0,0.0,0.0018707482993197278,0.0,0.0,1.25e-05,0.0,-0.0018707482993197278
581,000581.jpg,0.001,gate,1,5880,80000,0.3687074829931973,0.1758503401360544,0.0018707482993197278,0.0,0.0,0.0050625,0.19285714285714287,0.36683673469387756
581,000581.jpg,0.003,gate,1,5880,80000,0.8333333333333334,0.2811224489795918,0.002380952380952381,0.0,0.0,0.0076125,0.5522108843537415,0.830952380952381
581,000581.jpg,0.01,gate,1,5880,80000,0.9612244897959183,0.46462585034013604,0.006122448979591836,6.25e-05,0.0003625,0.012575,0.4965986394557823,0.9551020408163265
589,000589.jpg,1e-05,raw,1,1975,128025,0.0,0.0,0.0,0.0,0.0,0.0,0.0,0.0
589,000589.jpg,3e-05,raw,1,1975,128025,0.0,0.0,0.0,0.0,0.0,0.0,0.0,0.0
589,000589.jpg,0.0001,raw,1,1975,128025,0.0,0.0,0.0005063291139240507,0.0,0.0,0.0,0.0,-0.0005063291139240507
589,000589.jpg,0.0003,gate,1,1975,128025,0.7762025316455696,0.3382278481012658,0.0035443037974683543,0.0,0.0,0.0,0.4379746835443038,0.7726582278481012
589,000589.jpg,0.001,gate,1,1975,128025,0.9756962025316456,0.6359493670886076,0.0035443037974683543,0.0,0.00015621948838117556,0.0,0.33974683544303796,0.9721518987341772
589,000589.jpg,0.003,gate,1,1975,128025,0.9964556962025316,0.7205063291139241,0.0035443037974683543,0.00010935364186682288,0.00032806092560046864,0.00029681702792423356,0.2759493670886075,0.9929113924050632
589,000589.jpg,0.01,gate,1,1975,128025,1.0,0.8329113924050633,0.006582278481012658,0.0005858230814294083,0.0008826401093536419,0.01839484475688342,0.1670886075949367,0.9934177215189873
591,000591.jpg,1e-05,raw,1,2008,157980,0.0,0.0,0.0,0.0,0.0,0.0,0.0,0.0
591,000591.jpg,3e-05,raw,1,2008,157980,0.0,0.0,0.0,0.0,0.0,0.0,0.0,0.0
591,000591.jpg,0.0001,raw,1,2008,157980,0.0,0.0,0.0,0.0,0.0,0.0,0.0,0.0
591,000591.jpg,0.0003,gate,1,2008,157980,0.8002988047808764,0.3047808764940239,0.00099601593625498,0.0,0.0,0.0,0.49551792828685254,0.7993027888446215
591,000591.jpg,0.001,gate,1,2008,157980,0.975597609561753,0.6095617529880478,0.00298804780876494,0.0,0.0,0.0,0.3660358565737052,0.9726095617529881
591,000591.jpg,0.003,gate,1,2008,157980,0.9995019920318725,0.700199203187251,0.00398406374501992,0.0,1.26598303582732e-05,6.96290669705026e-05,0.29930278884462147,0.9955179282868526
591,000591.jpg,0.01,gate,1,2008,157980,1.0,0.8232071713147411,0.006474103585657371,1.89897455374098e-05,0.00044942397771869855,0.019325231041904038,0.17679282868525892,0.9935258964143426
599,000599.jpg,1e-05,raw,1,2256,175032,0.0,0.0,0.0,0.0,0.0,0.0,0.0,0.0
599,000599.jpg,3e-05,raw,1,2256,175032,0.0,0.0,0.0,0.0,0.0,0.0,0.0,0.0
599,000599.jpg,0.0001,raw,1,2256,175032,0.0,0.0,0.0008865248226950354,0.0,0.0,0.0,0.0,-0.0008865248226950354
599,000599.jpg,0.0003,gate,1,2256,175032,0.712322695035461,0.34308510638297873,0.0026595744680851063,0.0,0.0,0.0,0.36923758865248224,0.7096631205673759
599,000599.jpg,0.001,gate,1,2256,175032,0.8772163120567376,0.5713652482269503,0.0035460992907801418,0.0,0.0,5.713241007358654e-06,0.3058510638297872,0.8736702127659575
599,000599.jpg,0.003,gate,1,2256,175032,0.9530141843971631,0.6595744680851063,0.00576241134751773,0.0,0.0,0.0012340600575894694,0.2934397163120568,0.9472517730496454
599,000599.jpg,0.01,gate,1,2256,175032,0.9853723404255319,0.7535460992907801,0.011081560283687944,2.8566205036793273e-05,0.0006455962338315279,0.0168997668997669,0.2318262411347518,0.974290780141844
601,000601.jpg,1e-05,raw,1,2096,168365,0.0,0.0,0.0,0.0,0.0,0.0,0.0,0.0
601,000601.jpg,3e-05,raw,1,2096,168365,0.0,0.0,0.0,0.0,0.0,0.0,0.0,0.0
601,000601.jpg,0.0001,raw,1,2096,168365,0.0,0.0,0.0,0.0,0.0,0.0,0.0,0.0
601,000601.jpg,0.0003,gate,1,2096,168365,0.7485687022900763,0.37547709923664124,0.0014312977099236641,0.0,0.0,0.0,0.3730916030534351,0.7471374045801527
601,000601.jpg,0.001,gate,1,2096,168365,0.9222328244274809,0.6245229007633588,0.0033396946564885495,0.0,0.0,5.939476732099902e-06,0.2977099236641221,0.9188931297709924
601,000601.jpg,0.003,gate,1,2096,168365,0.9856870229007634,0.7037213740458015,0.003816793893129771,0.0,1.1878953464199804e-05,0.0023817301695720607,0.2819656488549619,0.9818702290076337
601,000601.jpg,0.01,gate,1,2096,168365,0.9995229007633588,0.8024809160305344,0.009064885496183206,7.127372078519883e-05,0.0007543135449766875,0.01629198467615003,0.19704198473282442,0.9904580152671756
609,000609.jpg,1e-05,raw,1,2297,159836,0.0,0.0,0.0,0.0,0.0,0.0,0.0,0.0
609,000609.jpg,3e-05,raw,1,2297,159836,0.0,0.0,0.0,0.0,0.0,0.0,0.0,0.0
609,000609.jpg,0.0001,raw,1,2297,159836,0.0,0.0,0.00043535045711797995,0.0,0.0,0.0,0.0,-0.00043535045711797995
609,000609.jpg,0.0003,gate,1,2297,159836,0.6247279059643013,0.3896386591205921,0.0030474531998258597,4.379488976200606e-05,0.0,6.256412823143722e-06,0.2350892468437092,0.6216804527644754
609,000609.jpg,0.001,gate,1,2297,159836,0.8419677840661732,0.5742272529386155,0.0043535045711798,0.00013138466928601817,5.005130258514978e-05,1.2512825646287445e-05,0.2677405311275577,0.8376142794949935
609,000609.jpg,0.003,gate,1,2297,159836,0.9460165433173705,0.6430126251632564,0.0060949063996517195,0.00035035911809604847,0.00013138466928601817,0.0008070772541855401,0.3030039181541141,0.9399216369177188
609,000609.jpg,0.01,gate,1,2297,159836,0.9925990422289943,0.73922507618633,0.00914235959947758,0.0005755899797292225,0.0008884106208864085,0.016272929752996823,0.25337396604266427,0.9834566826295167
611,000611.jpg,1e-05,raw,1,2301,166245,0.0,0.0,0.0,0.0,0.0,0.0,0.0,0.0
611,000611.jpg,3e-05,raw,1,2301,166245,0.0,0.0,0.0,0.0,0.0,0.0,0.0,0.0
611,000611.jpg,0.0001,raw,1,2301,166245,0.0,0.0,0.000434593654932638,0.0,0.0,0.0,0.0,-0.000434593654932638
611,000611.jpg,0.0003,gate,1,2301,166245,0.6288570186875272,0.38070404172099087,0.001303780964797914,0.00010225871454780594,3.609131101687269e-05,0.0,0.24815297696653632,0.6275532377227293
611,000611.jpg,0.001,gate,1,2301,166245,0.8365927857453281,0.56671012603216,0.002607561929595828,0.0002045174290956119,0.00013835002556467863,1.8045655508436344e-05,0.26988265971316816,0.8339852238157323
611,000611.jpg,0.003,gate,1,2301,166245,0.9365493263798349,0.6336375488917861,0.005215123859191656,0.00042708051369966016,0.00023459352160967248,0.00105266323799212,0.30291177748804876,0.9313342025206433
611,000611.jpg,0.01,gate,1,2301,166245,0.9787049109083007,0.7253368100825728,0.012168622338113864,0.0007458870943487022,0.0010827393305061807,0.0163854552016602,0.2533681008257279,0.9665362885701868
619,000619.jpg,1e-05,raw,1,3008,143837,0.0,0.0,0.0,0.0,0.0,0.0,0.0,0.0
619,000619.jpg,3e-05,raw,1,3008,143837,0.0,0.0,0.0,0.0,0.0,0.0,0.0,0.0
619,000619.jpg,0.0001,raw,1,3008,143837,0.0,0.0,0.0006648936170212766,0.0,0.0,0.0,0.0,-0.0006648936170212766
619,000619.jpg,0.0003,gate,1,3008,143837,0.39893617021276595,0.0,0.0013297872340425532,0.0004101865305867058,0.0,9.038008301063009e-05,0.39893617021276595,0.3976063829787234
619,000619.jpg,0.001,gate,1,3008,143837,0.8427526595744681,0.5741356382978723,0.0019946808510638296,0.006124988702489623,0.0069870756481294795,0.0003198064475760757,0.2686170212765958,0.8407579787234043
619,000619.jpg,0.003,gate,1,3008,143837,0.9737367021276596,0.6648936170212766,0.0019946808510638296,0.021969312485660853,0.01011561698311283,0.0028017825733295328,0.30884308510638303,0.9717420212765958
619,000619.jpg,0.01,gate,1,3008,143837,0.9970079787234043,0.7872340425531915,0.005319148936170213,0.03426795608918429,0.01631012882637986,0.016525650562789825,0.20977393617021278,0.991688829787234
621,000621.jpg,1e-05,raw,1,451,188250,0.0,0.0,0.0,0.0,0.0,0.0,0.0,0.0
621,000621.jpg,3e-05,raw,1,451,188250,0.0,0.0,0.0,0.0,0.0,0.0,0.0,0.0
621,000621.jpg,0.0001,raw,1,451,188250,0.0,0.0,0.0,0.0,0.0,0.0,0.0,0.0
621,000621.jpg,0.0003,gate,1,451,188250,0.0,0.0,0.0,0.0,0.0,0.0,0.0,0.0
621,000621.jpg,0.001,gate,1,451,188250,0.008869179600886918,0.0,0.0022172949002217295,0.0,0.0,0.0,0.008869179600886918,0.0066518847006651885
621,000621.jpg,0.003,gate,1,451,188250,0.5853658536585366,0.2017738359201774,0.004434589800443459,1.0624169986719787e-05,0.0,0.0004674634794156707,0.38359201773835916,0.5809312638580931
621,000621.jpg,0.01,gate,1,451,188250,0.8669623059866962,0.36807095343680707,0.008869179600886918,0.0009136786188579017,0.0007277556440903055,0.019861885790172642,0.49889135254988914,0.8580931263858093
629,000629.jpg,1e-05,raw,1,2115,122056,0.0,0.0,0.0,0.0,0.0,0.0,0.0,0.0
629,000629.jpg,3e-05,raw,1,2115,122056,0.0,0.0,0.0,0.0,0.0,0.0,0.0,0.0
629,000629.jpg,0.0001,raw,1,2115,122056,0.0,0.0,0.0,0.0,0.0,0.0,0.0,0.0
629,000629.jpg,0.0003,gate,1,2115,122056,0.0014184397163120568,0.0,0.0009456264775413711,0.0,0.0,0.0,0.0014184397163120568,0.0004728132387706857
629,000629.jpg,0.001,gate,1,2115,122056,0.3664302600472813,0.1706855791962175,0.00425531914893617,0.0,8.192960608245396e-06,0.0005735072425771776,0.1957446808510638,0.3621749408983451
629,000629.jpg,0.003,gate,1,2115,122056,0.7130023640661939,0.27754137115839245,0.005673758865248227,0.0,8.192960608245395e-05,0.005792423150029495,0.43546099290780144,0.7073286052009456
629,000629.jpg,0.01,gate,1,2115,122056,0.8534278959810875,0.4520094562647754,0.009929078014184398,0.0009667693517729567,0.0033591138493806122,0.015009503834305564,0.4014184397163121,0.8434988179669031
631,000631.jpg,1e-05,raw,3,2908,139701,0.0,0.0,0.0,0.0,0.0,0.0,0.0,0.0
631,000631.jpg,3e-05,raw,3,2908,139701,0.0,0.0,0.0,0.0,0.0,0.0,0.0,0.0
631,000631.jpg,0.0001,raw,3,2908,139701,0.0,0.0,0.0,0.0,0.0,7.158144895168968e-06,0.0,0.0
631,000631.jpg,0.0003,gate,3,2908,139701,0.000687757909215956,0.0,0.000343878954607978,0.0018754339625342697,0.0,0.0010092984302188246,0.000687757909215956,0.000343878954607978
631,000631.jpg,0.001,gate,3,2908,139701,0.5278541953232462,0.0,0.000343878954607978,0.017988418121559616,0.0,0.0014674197035096385,0.5278541953232462,0.5275103163686382
631,000631.jpg,0.003,gate,3,2908,139701,0.7850756533700137,0.5034387895460798,0.000343878954607978,0.02732979720975512,0.017072175574977987,0.002383662250091266,0.28163686382393394,0.7847317744154058
631,000631.jpg,0.01,gate,3,2908,139701,0.9260660247592847,0.5980055020632737,0.008253094910591471,0.03533976134744919,0.022268988768870658,0.00866851346804962,0.32806052269601094,0.9178129298486932
639,000639.jpg,1e-05,raw,1,1757,140189,0.0,0.0,0.0,0.0,0.0,1.426645457204203e-05,0.0,0.0
639,000639.jpg,3e-05,raw,1,1757,140189,0.0,0.0,0.0,0.0,0.0,3.5666136430105074e-05,0.0,0.0
639,000639.jpg,0.0001,raw,1,1757,140189,0.0,0.0,0.0,0.0,0.0,9.273195471827319e-05,0.0,0.0
639,000639.jpg,0.0003,gate,1,1757,140189,0.45190665907797384,0.8833238474672738,0.0,0.004294202826184651,0.005770780874391001,0.00018546390943654638,-0.43141718838929993,0.45190665907797384
639,000639.jpg,0.001,gate,1,1757,140189,0.9721115537848606,0.9721115537848606,0.0,0.005720848283388854,0.005977644465685611,0.00047792622816340797,0.0,0.9721115537848606
639,000639.jpg,0.003,gate,1,1757,140189,1.0,0.9806488332384746,0.0,0.005884912510967337,0.0076396864233285065,0.0008203211378924167,0.019351166761525374,1.0
639,000639.jpg,0.01,gate,1,1757,140189,1.0,0.9846328969834945,0.00796812749003984,0.007582620605040338,0.01251881388696688,0.005135923645935131,0.015367103016505457,0.9920318725099602
641,000641.jpg,1e-05,raw,2,6976,92674,0.0,0.0,0.0,0.0,0.0,0.0,0.0,0.0
641,000641.jpg,3e-05,raw,2,6976,92674,0.0,0.0,0.0,0.0,0.0,3.237153894296135e-05,0.0,0.0
641,000641.jpg,0.0001,raw,2,6976,92674,0.0,0.0,0.0005733944954128441,0.0,0.0,0.0006042687269352785,0.0,-0.0005733944954128441
641,000641.jpg,0.0003,gate,2,6976,92674,0.0,0.0,0.0007167431192660551,0.0,0.0,0.0011869564279085828,0.0,-0.0007167431192660551
641,000641.jpg,0.001,gate,2,6976,92674,0.0,0.0,0.0011467889908256881,0.0,0.0,0.0016941105380149772,0.0,-0.0011467889908256881
641,000641.jpg,0.003,gate,2,6976,92674,0.0011467889908256881,0.0,0.0015768348623853212,3.237153894296135e-05,0.0,0.0022875887519692687,0.0011467889908256881,-0.00043004587155963305
641,000641.jpg,0.01,gate,2,6976,92674,0.1809059633027523,0.0,0.0027236238532110093,0.0010790512980987117,0.0,0.00752098754774802,0.1809059633027523,0.1781823394495413
649,000649.jpg,1e-05,raw,2,352,167298,0.0,0.0,0.0,0.0,0.0,0.0002988678884385946,0.0,0.0
649,000649.jpg,3e-05,raw,2,352,167298,0.0,0.0,0.0,0.0,0.0,0.0006933735011775395,0.0,0.0
649,000649.jpg,0.0001,raw,2,352,167298,0.0,0.0,0.0,0.0,0.0,0.0008547621609343805,0.0,0.0
649,000649.jpg,0.0003,gate,2,352,167298,0.15625,0.1846590909090909,0.0,0.0,0.0,0.0011894941959856066,-0.02840909090909091,0.15625
649,000649.jpg,0.001,gate,2,352,167298,0.26988636363636365,0.36363636363636365,0.0,5.9773577687718925e-06,0.0003825508972014011,0.001667682817487358,-0.09375,0.26988636363636365
649,000649.jpg,0.003,gate,2,352,167298,0.45738636363636365,0.45454545454545453,0.008522727272727272,2.988678884385946e-05,0.0021279393656827936,0.0022953053832084065,0.002840909090909116,0.44886363636363635
649,000649.jpg,0.01,gate,2,352,167298,0.75,0.5596590909090909,0.08238636363636363,0.0012612224892108693,0.01582804337170797,0.007083168955994692,0.19034090909090906,0.6676136363636364
651,000651.jpg,1e-05,raw,1,423,137575,0.0,0.0,0.0,0.0,0.0,0.0,0.0,0.0
651,000651.jpg,3e-05,raw,1,423,137575,0.0,0.0,0.0,0.0,0.0,0.0,0.0,0.0
651,000651.jpg,0.0001,raw,1,423,137575,0.0,0.0,0.0,0.0,0.0,0.0,0.0,0.0
651,000651.jpg,0.0003,gate,1,423,137575,0.0,0.0,0.0,0.0,0.0,0.0,0.0,0.0
651,000651.jpg,0.001,gate,1,423,137575,0.20567375886524822,0.15602836879432624,0.0,0.0,0.0,0.0,0.049645390070921974,0.20567375886524822
651,000651.jpg,0.003,gate,1,423,137575,0.8463356973995272,0.2364066193853428,0.0,0.0,0.0,0.00010176267490459749,0.6099290780141844,0.8463356973995272
651,000651.jpg,0.01,gate,1,423,137575,0.9881796690307328,0.40189125295508277,0.0,0.00023260039978193712,0.0003707068871524623,0.020665091768126476,0.5862884160756501,0.9881796690307328
659,000659.jpg,1e-05,raw,1,219,172916,0.0,0.0,0.0,0.0,0.0,0.0,0.0,0.0
659,000659.jpg,3e-05,raw,1,219,172916,0.0,0.0,0.0,0.0,0.0,0.0,0.0,0.0
659,000659.jpg,0.0001,raw,1,219,172916,0.0,0.0,0.0,0.0,0.0,0.0,0.0,0.0
659,000659.jpg,0.0003,gate,1,219,172916,0.0,0.0,0.0,0.0,0.0,0.0,0.0,0.0
659,000659.jpg,0.001,gate,1,219,172916,0.3105022831050228,0.2328767123287671,0.0,0.0,0.0,0.0,0.0776255707762557,0.3105022831050228
659,000659.jpg,0.003,gate,1,219,172916,0.730593607305936,0.3378995433789954,0.0,0.0,0.0,7.518101274607324e-05,0.3926940639269406,0.730593607305936
659,000659.jpg,0.01,gate,1,219,172916,0.9680365296803652,0.4292237442922374,0.0045662100456621,0.0004106039926900923,0.0005667491730088598,0.02061694695690393,0.5388127853881278,0.9634703196347032
661,000661.jpg,1e-05,raw,1,429,172970,0.0,0.0,0.0,0.0,0.0,0.0,0.0,0.0
661,000661.jpg,3e-05,raw,1,429,172970,0.0,0.0,0.0,0.0,0.0,0.0,0.0,0.0
661,000661.jpg,0.0001,raw,1,429,172970,0.0,0.0,0.0,0.0,0.0,0.0,0.0,0.0
661,000661.jpg,0.0003,gate,1,429,172970,0.0,0.0,0.0,0.0,0.0,0.0,0.0,0.0
661,000661.jpg,0.001,gate,1,429,172970,0.22144522144522144,0.13986013986013987,0.002331002331002331,0.0,0.0,0.0,0.08158508158508157,0.2191142191142191
661,000661.jpg,0.003,gate,1,429,172970,0.8111888111888111,0.2517482517482518,0.004662004662004662,0.0,0.0,0.00013875238480661386,0.5594405594405594,0.8065268065268065
661,000661.jpg,0.01,gate,1,429,172970,0.9487179487179487,0.4125874125874126,0.009324009324009324,0.00038156905821818814,0.0005029773949239753,0.020385037867838355,0.5361305361305361,0.9393939393939393
669,000669.jpg,1e-05,raw,1,481,159251,0.0,0.0,0.0,0.0,0.0,0.0,0.0,0.0
669,000669.jpg,3e-05,raw,1,481,159251,0.0,0.0,0.0,0.0,0.0,0.0,0.0,0.0
669,000669.jpg,0.0001,raw,1,481,159251,0.0,0.0,0.0,0.0,0.0,0.0,0.0,0.0
669,000669.jpg,0.0003,gate,1,481,159251,0.0,0.0,0.0,0.0,0.0,0.0,0.0,0.0
669,000669.jpg,0.001,gate,1,481,159251,0.2203742203742204,0.16216216216216217,0.0,0.0,0.0,6.279395419808981e-06,0.058212058212058215,0.2203742203742204
669,000669.jpg,0.003,gate,1,481,159251,0.7027027027027027,0.2869022869022869,0.002079002079002079,1.2558790839617962e-05,6.279395419808981e-06,0.0003076903755706401,0.4158004158004158,0.7006237006237006
669,000669.jpg,0.01,gate,1,481,159251,0.918918918918919,0.4656964656964657,0.006237006237006237,0.0010988941984665717,0.0014630991328154926,0.020031271389190648,0.45322245322245325,0.9126819126819128
671,000671.jpg,1e-05,raw,1,542,179340,0.0,0.0,0.0,0.0,0.0,0.0,0.0,0.0
671,000671.jpg,3e-05,raw,1,542,179340,0.0,0.0,0.0,0.0,0.0,0.0,0.0,0.0
671,000671.jpg,0.0001,raw,1,542,179340,0.0,0.0,0.0,0.0,0.0,0.0,0.0,0.0
671,000671.jpg,0.0003,gate,1,542,179340,0.0018450184501845018,0.0,0.0,0.0,0.0,0.0,0.0018450184501845018,0.0018450184501845018
671,000671.jpg,0.001,gate,1,542,179340,0.18450184501845018,0.1900369003690037,0.0018450184501845018,0.0,0.0,0.0,-0.005535055350553514,0.18265682656826568
671,000671.jpg,0.003,gate,1,542,179340,0.6254612546125461,0.3062730627306273,0.01107011070110701,0.0,8.921601427456228e-05,0.002113304338128694,0.31918819188191877,0.6143911439114391
671,000671.jpg,0.01,gate,1,542,179340,0.8874538745387454,0.4797047970479705,0.016605166051660517,0.0019069923051187687,0.005157800825248132,0.018835731013716963,0.4077490774907749,0.8708487084870848
679,000679.jpg,1e-05,raw,1,1115,160407,0.0,0.0,0.0,0.0,0.0,0.0,0.0,0.0
679,000679.jpg,3e-05,raw,1,1115,160407,0.0,0.0,0.0,0.0,0.0,0.0,0.0,0.0
679,000679.jpg,0.0001,raw,1,1115,160407,0.0,0.0,0.0,0.0,0.0,0.0,0.0,0.0
679,000679.jpg,0.0003,gate,1,1115,160407,0.5883408071748879,0.0,0.0,0.0,0.0,0.0,0.5883408071748879,0.5883408071748879
679,000679.jpg,0.001,gate,1,1115,160407,0.8089686098654708,0.49506726457399103,0.0026905829596412557,0.0,0.0,1.870242570461389e-05,0.3139013452914798,0.8062780269058295
679,000679.jpg,0.003,gate,1,1115,160407,0.9614349775784753,0.5802690582959641,0.003587443946188341,0.0,1.2468283803075926e-05,0.0049810793793288325,0.3811659192825112,0.9578475336322869
679,000679.jpg,0.01,gate,1,1115,160407,0.9946188340807175,0.7130044843049327,0.008071748878923767,0.00025559981796305646,0.0015211306239752628,0.015429501206306458,0.2816143497757848,0.9865470852017937
681,000681.jpg,1e-05,raw,1,901,164568,0.0,0.0,0.0,0.0,0.0,0.0,0.0,0.0
681,000681.jpg,3e-05,raw,1,901,164568,0.0,0.0,0.0,0.0,0.0,0.0,0.0,0.0
681,000681.jpg,0.0001,raw,1,901,164568,0.0,0.0,0.0,0.0,0.0,0.0,0.0,0.0
681,000681.jpg,0.0003,gate,1,901,164568,0.6148723640399556,0.0,0.0022197558268590455,0.0,0.0,0.0,0.6148723640399556,0.6126526082130965
681,000681.jpg,0.001,gate,1,901,164568,0.8601553829078802,0.4295227524972253,0.0022197558268590455,0.0,0.0,0.00010937727869330611,0.43063263041065486,0.8579356270810211
681,000681.jpg,0.003,gate,1,901,164568,0.9544950055493896,0.537180910099889,0.003329633740288568,0.0,6.07651548296145e-06,0.005833454863642992,0.4173140954495006,0.951165371809101
681,000681.jpg,0.01,gate,1,901,164568,0.9933407325194229,0.681465038845727,0.008879023307436182,0.00015191288707403627,0.0012578387049730203,0.015185212191920665,0.31187569367369594,0.9844617092119867
689,000689.jpg,1e-05,raw,2,785,178606,0.0,0.0,0.0,0.0,0.0,0.0,0.0,0.0
689,000689.jpg,3e-05,raw,2,785,178606,0.0,0.0,0.0,0.0,0.0,0.0,0.0,0.0
689,000689.jpg,0.0001,raw,2,785,178606,0.0,0.0,0.0,0.0,0.0,0.0,0.0,0.0
689,000689.jpg,0.0003,gate,2,785,178606,0.17834394904458598,0.0,0.0,0.0,0.0,0.0,0.17834394904458598,0.17834394904458598
689,000689.jpg,0.001,gate,2,785,178606,0.42929936305732486,0.23057324840764332,0.0012738853503184713,0.0,0.0,0.0,0.19872611464968154,0.4280254777070064
689,000689.jpg,0.003,gate,2,785,178606,0.7936305732484077,0.31210191082802546,0.005095541401273885,2.799458024926374e-05,1.6796748149558245e-05,8.398374074779123e-05,0.4815286624203822,0.7885350318471338
689,000689.jpg,0.01,gate,2,785,178606,0.9414012738853503,0.4713375796178344,0.014012738853503185,0.0012653550272667211,0.0011589756223195189,0.01963539858683359,0.47006369426751593,0.9273885350318471
691,000691.jpg,1e-05,raw,2,795,161830,0.0,0.0,0.0,0.0,0.0,0.0,0.0,0.0
691,000691.jpg,3e-05,raw,2,795,161830,0.0,0.0,0.0,0.0,0.0,0.0,0.0,0.0
691,000691.jpg,0.0001,raw,2,795,161830,0.0,0.0,0.0,0.0,0.0,0.0,0.0,0.0
691,000691.jpg,0.0003,gate,2,795,161830,0.17358490566037735,0.0,0.0,0.0,0.0,0.0,0.17358490566037735,0.17358490566037735
691,000691.jpg,0.001,gate,2,795,161830,0.48427672955974843,0.2490566037735849,0.0025157232704402514,4.325526787369462e-05,4.943459185565099e-05,0.0,0.23522012578616353,0.4817610062893082
691,000691.jpg,0.003,gate,2,795,161830,0.8566037735849057,0.3383647798742138,0.005031446540880503,0.00017920039547673485,9.886918371130198e-05,0.0001421244515849966,0.5182389937106919,0.8515723270440252
691,000691.jpg,0.01,gate,2,795,161830,0.9622641509433962,0.5018867924528302,0.00880503144654088,0.0013532719520484458,0.0014583204597417043,0.019674967558549094,0.46037735849056605,0.9534591194968554
699,000699.jpg,1e-05,raw,2,1464,146425,0.0,0.0,0.0,0.0,0.0,0.0,0.0,0.0
699,000699.jpg,3e-05,raw,2,1464,146425,0.0,0.0,0.0,0.0,0.0,0.0,0.0,0.0
699,000699.jpg,0.0001,raw,2,1464,146425,0.0,0.0,0.0,0.0,0.0,0.0,0.0,0.0
699,000699.jpg,0.0003,gate,2,1464,146425,0.32581967213114754,0.12773224043715847,0.0006830601092896175,0.0,0.0,6.829434864264982e-06,0.19808743169398907,0.32513661202185795
699,000699.jpg,0.001,gate,2,1464,146425,0.6987704918032787,0.3531420765027322,0.00273224043715847,8.878265323544477e-05,0.00013658869728529964,9.561208809970974e-05,0.34562841530054644,0.6960382513661202
699,000699.jpg,0.003,gate,2,1464,146425,0.9009562841530054,0.46174863387978143,0.0047814207650273225,0.001522963974731091,0.0004848898753628137,0.0035103295202322006,0.439207650273224,0.8961748633879781
699,000699.jpg,0.01,gate,2,1464,146425,0.9644808743169399,0.5942622950819673,0.008879781420765027,0.0036332593477889706,0.0034898412156394057,0.0155437937510671,0.3702185792349726,0.9556010928961748
701,000701.jpg,1e-05,raw,1,1126,161924,0.0,0.0,0.0,0.0,0.0,0.0,0.0,0.0
701,000701.jpg,3e-05,raw,1,1126,161924,0.0,0.0,0.0,0.0,0.0,0.0,0.0,0.0
701,000701.jpg,0.0001,raw,1,1126,161924,0.0,0.0,0.0,0.0,0.0,0.0,0.0,0.0
701,000701.jpg,0.0003,gate,1,1126,161924,0.261101243339254,0.022202486678507993,0.0017761989342806395,0.0,0.0,0.0,0.238898756660746,0.25932504440497334
701,000701.jpg,0.001,gate,1,1126,161924,0.7149200710479574,0.2522202486678508,0.003552397868561279,0.0,0.0,9.881178824633779e-05,0.4626998223801066,0.7113676731793961
701,000701.jpg,0.003,gate,1,1126,161924,0.911190053285968,0.3765541740674956,0.007992895204262877,1.2351473530792224e-05,4.3230157357772786e-05,0.0036869148489414787,0.5346358792184724,0.9031971580817052
701,000701.jpg,0.01,gate,1,1126,161924,0.9635879218472468,0.5319715808170515,0.012433392539964476,0.0007843185692053061,0.0018527210296188335,0.015958103801783554,0.4316163410301953,0.9511545293072824
709,000709.jpg,1e-05,raw,2,1620,175184,0.0,0.0,0.0,0.0,0.0,0.0,0.0,0.0
709,000709.jpg,3e-05,raw,2,1620,175184,0.0,0.0,0.0,0.0,0.0,0.0,0.0,0.0
709,000709.jpg,0.0001,raw,2,1620,175184,0.0,0.0,0.0,0.0,0.0,0.0,0.0,0.0
709,000709.jpg,0.0003,gate,2,1620,175184,0.408641975308642,0.0,0.001851851851851852,0.0,0.0,0.0,0.408641975308642,0.40679012345679016
709,000709.jpg,0.001,gate,2,1620,175184,0.7043209876543209,0.3432098765432099,0.004320987654320987,0.0,0.0,5.708283861539867e-05,0.36111111111111105,0.7
709,000709.jpg,0.003,gate,2,1620,175184,0.8993827160493827,0.4351851851851852,0.006172839506172839,0.0,3.42497031692392e-05,0.004669376198739611,0.4641975308641975,0.8932098765432098
709,000709.jpg,0.01,gate,2,1620,175184,0.9623456790123457,0.575925925925926,0.008641975308641974,0.0003767467348616312,0.002106356744908211,0.015492282400219198,0.38641975308641974,0.9537037037037037
711,000711.jpg,1e-05,raw,2,1348,172176,0.0,0.0,0.0,0.0,0.0,0.0,0.0,0.0
711,000711.jpg,3e-05,raw,2,1348,172176,0.0,0.0,0.0,0.0,0.0,0.0,0.0,0.0
711,000711.jpg,0.0001,raw,2,1348,172176,0.0,0.0,0.0,0.0,0.0,0.0,0.0,0.0
711,000711.jpg,0.0003,gate,2,1348,172176,0.521513353115727,0.0,0.0,0.0,0.0,0.0,0.521513353115727,0.521513353115727
711,000711.jpg,0.001,gate,2,1348,172176,0.8405044510385756,0.39243323442136496,0.004451038575667656,0.0,0.0,4.065607285568256e-05,0.44807121661721067,0.836053412462908
711,000711.jpg,0.003,gate,2,1348,172176,0.9599406528189911,0.48887240356083084,0.0051928783382789315,0.0,1.7424031223863953e-05,0.004779992565746678,0.47106824925816027,0.9547477744807121
711,000711.jpg,0.01,gate,2,1348,172176,0.9888724035608308,0.6275964391691394,0.010385756676557863,0.000615649103243193,0.0018062912368738964,0.015501579778830963,0.3612759643916914,0.978486646884273
719,000719.jpg,1e-05,raw,1,1077,156961,0.0,0.0,0.0,0.0,0.0,0.0,0.0,0.0
719,000719.jpg,3e-05,raw,1,1077,156961,0.0,0.0,0.0,0.0,0.0,0.0,0.0,0.0
719,000719.jpg,0.0001,raw,1,1077,156961,0.0,0.0,0.0,0.0,0.0,0.0,0.0,0.0
719,000719.jpg,0.0003,gate,1,1077,156961,0.25069637883008355,0.025998142989786442,0.0018570102135561746,0.0,0.0,0.0,0.2246982358402971,0.2488393686165274
719,000719.jpg,0.001,gate,1,1077,156961,0.7316620241411328,0.2414113277623027,0.0018570102135561746,0.0,0.0,7.645211230815298e-05,0.4902506963788301,0.7298050139275766
719,000719.jpg,0.003,gate,1,1077,156961,0.9331476323119777,0.3732590529247911,0.005571030640668524,6.371009359012748e-06,2.5484037436050992e-05,0.003669701390791343,0.5598885793871866,0.9275766016713092
719,000719.jpg,0.01,gate,1,1077,156961,0.9907149489322191,0.5533890436397401,0.016713091922005572,0.0010958136097501928,0.002102433088474207,0.01566631201381235,0.43732590529247906,0.9740018570102136
721,000721.jpg,1e-05,raw,1,5746,108735,0.0,0.0,0.0,0.0,0.0,0.0,0.0,0.0
721,000721.jpg,3e-05,raw,1,5746,108735,0.0,0.0,0.0003480682213713888,0.0,0.0,0.0,0.0,-0.0003480682213713888
721,000721.jpg,0.0001,raw,1,5746,108735,0.0,0.0,0.0010442046641141664,0.0,0.0,0.0,0.0,-0.0010442046641141664
721,000721.jpg,0.0003,gate,1,5746,108735,0.23216150365471633,0.06404455273233554,0.0033066481030281933,0.0,0.0,0.0,0.16811695092238077,0.22885485555168814
721,000721.jpg,0.001,gate,1,5746,108735,0.5713539853811347,0.3085624782457362,0.005221023320570832,0.0,0.0,0.0006989469811928082,0.2627915071353985,0.5661329620605638
721,000721.jpg,0.003,gate,1,5746,108735,0.834319526627219,0.4152453880960668,0.006265227984684998,0.0,0.0,0.005959442681749207,0.41907413853115216,0.828054298642534
721,000721.jpg,0.01,gate,1,5746,108735,0.945875391576749,0.5490776192133658,0.01427079707622694,4.598335402584265e-05,0.0013427139375546053,0.013160435922196165,0.3967977723633832,0.9316045945005221
729,000729.jpg,1e-05,raw,7,6766,113859,0.0,0.0,0.0,0.0,0.0,0.0,0.0,0.0
729,000729.jpg,3e-05,raw,7,6766,113859,0.0,0.0,0.0,0.0,0.0,0.0,0.0,0.0
729,000729.jpg,0.0001,raw,7,6766,113859,0.0,0.0,0.0,0.0,0.0,0.0,0.0,0.0
729,000729.jpg,0.0003,gate,7,6766,113859,0.0,0.0,0.00014779781259237365,0.0,0.0,0.001001238373778094,0.0,-0.00014779781259237365
729,000729.jpg,0.001,gate,7,6766,113859,0.00014779781259237365,0.0,0.0005911912503694946,0.0,0.0,0.002406485214168401,0.00014779781259237365,-0.0004433934377771209
729,000729.jpg,0.003,gate,7,6766,113859,0.0023647650014779783,0.0,0.0010345846881466155,0.00020200423330610668,0.0,0.0061216065484502764,0.0023647650014779783,0.0013301803133313628
729,000729.jpg,0.01,gate,7,6766,113859,0.3963937333727461,0.38250073898906295,0.0023647650014779783,0.0059371679006490485,0.04039206386846889,0.010513002924669987,0.013892994383683133,0.3940289683712681
731,000731.jpg,1e-05,raw,1,2069,177956,0.0,0.0,0.0,0.0,0.0,0.0,0.0,0.0
731,000731.jpg,3e-05,raw,1,2069,177956,0.0,0.0,0.0,0.0,0.0,0.0,0.0,0.0
731,000731.jpg,0.0001,raw,1,2069,177956,0.0,0.0,0.0004833252779120348,0.0,0.0,0.0,0.0,-0.0004833252779120348
731,000731.jpg,0.0003,gate,1,2069,177956,0.0004833252779120348,0.0,0.0009666505558240696,1.1238733169997078e-05,0.0,6.743239901998246e-05,0.0004833252779120348,-0.0004833252779120348
731,000731.jpg,0.001,gate,1,2069,177956,0.5659739004349927,0.0,0.0014499758337361043,0.003989750275348963,0.0,0.004680932365303783,0.5659739004349927,0.5645239246012567
731,000731.jpg,0.003,gate,1,2069,177956,0.8163363943934268,0.46205896568390525,0.0014499758337361043,0.01476769538537616,0.005934051113758457,0.008355998111892828,0.3542774287095215,0.8148864185596907
731,000731.jpg,0.01,gate,1,2069,177956,0.9598840019333011,0.5466408893185114,0.0028999516674722086,0.027017914540672976,0.01176695362898694,0.01285149137989166,0.41324311261478974,0.9569840502658289
739,000739.jpg,1e-05,raw,19,3896,139930,0.0,0.0,0.0,0.0,0.0,0.0,0.0,0.0
739,000739.jpg,3e-05,raw,19,3896,139930,0.0,0.0,0.0,0.0,0.0,0.0,0.0,0.0
739,000739.jpg,0.0001,raw,19,3896,139930,0.0,0.0,0.0,0.0,0.0,0.0,0.0,0.0
739,000739.jpg,0.0003,gate,19,3896,139930,0.0,0.0,0.0,0.0,0.0,0.0,0.0,0.0
739,000739.jpg,0.001,gate,19,3896,139930,0.15426078028747434,0.30621149897330596,0.0,0.0005502751375687844,0.0,0.0,-0.15195071868583163,0.15426078028747434
739,000739.jpg,0.003,gate,19,3896,139930,0.6375770020533881,0.44250513347022585,0.0,0.0022368327020653184,0.0006288858715071822,0.0,0.19507186858316222,0.6375770020533881
739,000739.jpg,0.01,gate,19,3896,139930,0.8898870636550308,0.6103696098562629,0.011550308008213552,0.005424140641749446,0.0038376331022654184,4.2878582148216966e-05,0.2795174537987679,0.8783367556468172
741,000741.jpg,1e-05,raw,3,6123,104298,0.0,0.0,0.0,0.0,0.0,0.0,0.0,0.0
741,000741.jpg,3e-05,raw,3,6123,104298,0.0,0.0,0.0006532745386248571,0.0,0.0,6.711538092772632e-05,0.0,-0.0006532745386248571
741,000741.jpg,0.0001,raw,3,6123,104298,0.0,0.0,0.0021231422505307855,0.0,0.0,0.0002972252583942166,0.0,-0.0021231422505307855
741,000741.jpg,0.0003,gate,3,6123,104298,0.00032663726931242854,0.0,0.0026130981544994283,0.0,0.0,0.002559972386814704,0.00032663726931242854,-0.002286460885187
741,000741.jpg,0.001,gate,3,6123,104298,0.0011432304425935,0.0,0.0026130981544994283,2.876373468331128e-05,0.0,0.004429615141229937,0.0011432304425935,-0.0014698677119059284
741,000741.jpg,0.003,gate,3,6123,104298,0.07610648374979585,0.0,0.0027764167891556426,0.005580164528562389,0.0,0.005052829392701682,0.07610648374979585,0.0733300669606402
741,000741.jpg,0.01,gate,3,6123,104298,0.6511513963743263,0.5707986281234689,0.004082965866405357,0.03431513547719036,0.03789142648948206,0.009827609350131354,0.08035276825085735,0.647068430507921
749,000749.jpg,1e-05,raw,5,13621,46510,0.0,0.0,0.0,0.0,0.0,0.0,0.0,0.0
749,000749.jpg,3e-05,raw,5,13621,46510,0.0,0.0,0.001174656779972102,0.0,0.0,0.0003870135454740916,0.0,-0.001174656779972102
749,000749.jpg,0.0001,raw,5,13621,46510,0.0,0.0,0.0016885691212098965,0.0,0.0,0.0006020210707374758,0.0,-0.0016885691212098965
749,000749.jpg,0.0003,gate,5,13621,46510,7.341604874825637e-05,0.0,0.0024227296086924604,0.0,0.0,0.001419049666738336,7.341604874825637e-05,-0.002349313559944204
749,000749.jpg,0.001,gate,5,13621,46510,0.0004404962924895382,0.0,0.0030834740474267675,0.0,0.0,0.001677058697054397,0.0004404962924895382,-0.0026429777549372294
749,000749.jpg,0.003,gate,5,13621,46510,0.0027163938036854855,0.0,0.0036708024374128186,0.0,0.0,0.0021715760051601806,0.0027163938036854855,-0.0009544086337273331
749,000749.jpg,0.01,gate,5,13621,46510,0.09154981278907569,0.0,0.006313780192350048,0.007202752096323371,0.0,0.006170715975059127,0.09154981278907569,0.08523603259672564
751,000751.jpg,1e-05,raw,9,13248,86014,0.0,0.0,0.0,0.0,0.0,0.0,0.0,0.0
751,000751.jpg,3e-05,raw,9,13248,86014,0.0,0.0,0.00022644927536231884,0.0,0.0,0.0,0.0,-0.00022644927536231884
751,000751.jpg,0.0001,raw,9,13248,86014,0.0,0.0,0.0012832125603864735,0.0,0.0,0.0002092682586555677,0.0,-0.0012832125603864735
751,000751.jpg,0.0003,gate,9,13248,86014,0.0,0.0,0.001736111111111111,0.0,0.0,0.0008138210058827633,0.0,-0.001736111111111111
751,000751.jpg,0.001,gate,9,13248,86014,0.0,0.0,0.0018115942028985507,0.0,0.0,0.004650405747901504,0.0,-0.0018115942028985507
751,000751.jpg,0.003,gate,9,13248,86014,0.012681159420289856,0.0,0.0020380434782608695,0.0004999186178994117,0.0,0.005371218638826237,0.012681159420289856,0.010643115942028986
751,000751.jpg,0.01,gate,9,13248,86014,0.37296195652173914,0.0,0.004302536231884058,0.011137721766224103,0.0,0.010161136559164787,0.37296195652173914,0.3686594202898551
759,000759.jpg,1e-05,raw,2,3180,132123,0.0,0.0,0.0,0.0,0.0,0.0,0.0,0.0
759,000759.jpg,3e-05,raw,2,3180,132123,0.0,0.0,0.0,0.0,0.0,0.0,0.0,0.0
759,000759.jpg,0.0001,raw,2,3180,132123,0.0,0.0,0.00031446540880503143,0.0,0.0,5.2980934432309285e-05,0.0,-0.00031446540880503143
759,000759.jpg,0.0003,gate,2,3180,132123,0.0,0.0,0.0015723270440251573,0.0,0.0,0.0008401262459980473,0.0,-0.0015723270440251573
759,000759.jpg,0.001,gate,2,3180,132123,0.00031446540880503143,0.0,0.0018867924528301887,0.0,0.0,0.0038070585742073673,0.00031446540880503143,-0.0015723270440251573
759,000759.jpg,0.003,gate,2,3180,132123,0.06572327044025157,0.0,0.00220125786163522,0.00017408021313473053,0.0,0.006509086230255141,0.06572327044025157,0.06352201257861635
759,000759.jpg,0.01,gate,2,3180,132123,0.5814465408805032,0.5418238993710692,0.0037735849056603774,0.01363880626386019,0.03463439370889247,0.01089136637829901,0.03962264150943395,0.5776729559748428
761,000761.jpg,1e-05,raw,3,3899,129086,0.0,0.0,0.0,0.0,0.0,0.0,0.0,0.0
761,000761.jpg,3e-05,raw,3,3899,129086,0.0,0.0,0.0,0.0,0.0,0.0,0.0,0.0
761,000761.jpg,0.0001,raw,3,3899,129086,0.0,0.0,0.0,0.0,0.0,0.0,0.0,0.0
761,000761.jpg,0.0003,gate,3,3899,129086,0.0,0.0,0.0007694280584765325,0.0,0.0,0.00020916288365895605,0.0,-0.0007694280584765325
761,000761.jpg,0.001,gate,3,3899,129086,0.007950756604257501,0.0,0.0007694280584765325,0.0003563515795671103,0.0,0.0036719706242350062,0.007950756604257501,0.007181328545780969
761,000761.jpg,0.003,gate,3,3899,129086,0.7619902539112593,0.3303411131059246,0.0017953321364452424,0.008583425003486049,0.008467223401453295,0.007824241203538727,0.4316491408053347,0.7601949217748141
761,000761.jpg,0.01,gate,3,3899,129086,0.9443447037701975,0.5855347525006412,0.00307771223390613,0.03259842275692174,0.019607083649659917,0.01248005205831771,0.3588099512695563,0.9412669915362913
769,000769.jpg,1e-05,raw,1,295,156053,0.0,0.0,0.0,0.0,0.0,0.0,0.0,0.0
769,000769.jpg,3e-05,raw,1,295,156053,0.0,0.0,0.0,0.0,0.0,0.0,0.0,0.0
769,000769.jpg,0.0001,raw,1,295,156053,0.0,0.0,0.0,0.0,0.0,0.0,0.0,0.0
769,000769.jpg,0.0003,gate,1,295,156053,0.9559322033898305,0.0,0.0,0.0,0.0,0.0,0.9559322033898305,0.9559322033898305
769,000769.jpg,0.001,gate,1,295,156053,1.0,0.376271186440678,0.0,0.0004613817100600437,0.0,0.0,0.623728813559322,1.0
769,000769.jpg,0.003,gate,1,295,156053,1.0,0.7288135593220338,0.0,0.003921744535510372,1.9224237919168488e-05,0.0,0.27118644067796616,1.0
769,000769.jpg,0.01,gate,1,295,156053,1.0,0.8745762711864407,0.0,0.010739940917508795,0.0007048887237028446,7.689695167667395e-05,0.12542372881355934,1.0
771,000771.jpg,1e-05,raw,1,872,155287,0.0,0.0,0.0,0.0,0.0,0.0,0.0,0.0
771,000771.jpg,3e-05,raw,1,872,155287,0.0,0.0,0.0,0.0,0.0,0.0,0.0,0.0
771,000771.jpg,0.0001,raw,1,872,155287,0.0,0.0,0.0,0.0,0.0,0.0,0.0,0.0
771,000771.jpg,0.0003,gate,1,872,155287,0.5848623853211009,0.0,0.0,0.0007212451782827925,0.0,0.0,0.5848623853211009,0.5848623853211009
771,000771.jpg,0.001,gate,1,872,155287,0.9839449541284404,0.0,0.0,0.009781887730460374,0.0,0.0,0.9839449541284404,0.9839449541284404
771,000771.jpg,0.003,gate,1,872,155287,0.9988532110091743,0.6020642201834863,0.0,0.02041381442103975,0.00013523347092802358,0.0,0.3967889908256881,0.9988532110091743
771,000771.jpg,0.01,gate,1,872,155287,1.0,0.8061926605504587,0.0011467889908256881,0.030504807227907035,0.003561148067771288,0.0002833463200396685,0.19380733944954132,0.9988532110091743
779,000779.jpg,1e-05,raw,1,956,179100,0.0,0.0,0.0,0.0,0.0,0.0,0.0,0.0
779,000779.jpg,3e-05,raw,1,956,179100,0.0,0.0,0.0,0.0,0.0,0.0,0.0,0.0
779,000779.jpg,0.0001,raw,1,956,179100,0.0,0.0,0.0,0.0,0.0,0.0,0.0,0.0
779,000779.jpg,0.0003,gate,1,956,179100,0.0010460251046025104,0.0,0.0,0.0,0.0,0.0,0.0010460251046025104,0.0010460251046025104
779,000779.jpg,0.001,gate,1,956,179100,0.1684100418410042,0.0,0.0,0.0,0.0,0.0,0.1684100418410042,0.1684100418410042
779,000779.jpg,0.003,gate,1,956,179100,0.8734309623430963,0.448744769874477,0.0,0.0006030150753768845,0.0,1.1166945840312674e-05,0.4246861924686193,0.8734309623430963
779,000779.jpg,0.01,gate,1,956,179100,0.9602510460251046,0.6286610878661087,0.0010460251046025104,0.009793411501954216,2.7917364600781685e-05,0.014846454494695701,0.33158995815899583,0.9592050209205021
781,000781.jpg,1e-05,raw,2,898,181099,0.0,0.0,0.0,0.0,0.0,0.0,0.0,0.0
781,000781.jpg,3e-05,raw,2,898,181099,0.0,0.0,0.0,0.0,0.0,0.0,0.0,0.0
781,000781.jpg,0.0001,raw,2,898,181099,0.0,0.0,0.0,0.0,0.0,0.0,0.0,0.0
781,000781.jpg,0.0003,gate,2,898,181099,0.0,0.0,0.0,0.0,0.0,0.0,0.0,0.0
781,000781.jpg,0.001,gate,2,898,181099,0.01670378619153675,0.0,0.0,0.0,0.0,4.417473315700252e-05,0.01670378619153675,0.01670378619153675
781,000781.jpg,0.003,gate,2,898,181099,0.7984409799554566,0.47216035634743875,0.0,2.7609208223126576e-05,0.0,0.0012037614785283188,0.32628062360801785,0.7984409799554566
781,000781.jpg,0.01,gate,2,898,181099,0.9910913140311804,0.6971046770601337,0.0,0.003727243110122088,0.00020430814085113666,0.019889673603940387,0.29398663697104677,0.9910913140311804
789,000789.jpg,1e-05,raw,1,479,164805,0.0,0.0,0.0,0.0,0.0,0.0,0.0,0.0
789,000789.jpg,3e-05,raw,1,479,164805,0.0,0.0,0.0,0.0,0.0,0.0,0.0,0.0
789,000789.jpg,0.0001,raw,1,479,164805,0.0,0.0,0.0,0.0,0.0,0.0,0.0,0.0
789,000789.jpg,0.0003,gate,1,479,164805,0.0,0.0,0.0,0.0,0.0,0.0,0.0,0.0
789,000789.jpg,0.001,gate,1,479,164805,0.0,0.0,0.0,0.0,0.0,0.0,0.0,0.0
789,000789.jpg,0.003,gate,1,479,164805,0.7286012526096033,0.4405010438413361,0.0,0.0,0.0,0.0002851855222839113,0.2881002087682672,0.7286012526096033
789,000789.jpg,0.01,gate,1,479,164805,0.9937369519832986,0.5532359081419624,0.0,0.007402688025241953,0.0002730499681441704,0.01930766663632778,0.44050104384133615,0.9937369519832986
791,000791.jpg,1e-05,raw,1,471,167909,0.0,0.0,0.0,0.0,0.0,0.0,0.0,0.0
791,000791.jpg,3e-05,raw,1,471,167909,0.0,0.0,0.0,0.0,0.0,0.0,0.0,0.0
791,000791.jpg,0.0001,raw,1,471,167909,0.0,0.0,0.0,0.0,0.0,0.0,0.0,0.0
791,000791.jpg,0.0003,gate,1,471,167909,0.0021231422505307855,0.0,0.0,1.1911213812243536e-05,0.0,4.168924834285238e-05,0.0021231422505307855,0.0021231422505307855
791,000791.jpg,0.001,gate,1,471,167909,0.0021231422505307855,0.0,0.0,0.0001131565312163136,0.0,0.0017509484303997998,0.0021231422505307855,0.0021231422505307855
791,000791.jpg,0.003,gate,1,471,167909,0.3036093418259023,0.0,0.0021231422505307855,0.0015544134024977816,0.0,0.00518733361523206,0.3036093418259023,0.30148619957537154
791,000791.jpg,0.01,gate,1,471,167909,0.7367303609341825,0.5690021231422505,0.0021231422505307855,0.003954522985664854,0.0001310233519346789,0.015961026508406338,0.16772823779193202,0.7346072186836518
799,000799.jpg,1e-05,raw,1,1639,163152,0.0,0.0,0.0,0.0,0.0,0.00021452387957242327,0.0,0.0
799,000799.jpg,3e-05,raw,1,1639,163152,0.0,0.0,0.0,0.0,0.0,0.0010971364126703932,0.0,0.0
799,000799.jpg,0.0001,raw,1,1639,163152,0.0,0.0,0.0,0.0,0.0,0.0013852113366676474,0.0,0.0
799,000799.jpg,0.0003,gate,1,1639,163152,0.0,0.0,0.0,0.0012135922330097086,0.0,0.0019552319309600863,0.0,0.0
799,000799.jpg,0.001,gate,1,1639,163152,0.4344112263575351,0.0,0.0,0.0015445719329214476,0.0,0.002586545062273218,0.4344112263575351,0.4344112263575351
799,000799.jpg,0.003,gate,1,1639,163152,0.9798657718120806,0.0,0.0,0.001918456408747671,0.0,0.0034630283416691183,0.9798657718120806,0.9798657718120806
799,000799.jpg,0.01,gate,1,1639,163152,0.9981696156192801,0.776693105552166,0.0,0.007257036383249976,0.005038246543100912,0.0086667647347259,0.2214765100671141,0.9981696156192801
801,000801.jpg,1e-05,raw,1,743,176436,0.0,0.0,0.0,0.0,0.0,0.0,0.0,0.0
801,000801.jpg,3e-05,raw,1,743,176436,0.0,0.0,0.0,0.0,0.0,0.0,0.0,0.0
801,000801.jpg,0.0001,raw,1,743,176436,0.0,0.0,0.0,0.0,0.0,0.00013035888367453355,0.0,0.0
801,000801.jpg,0.0003,gate,1,743,176436,0.0,0.0,0.0,0.001326259946949602,0.0,0.0034856831939060057,0.0,0.0
801,000801.jpg,0.001,gate,1,743,176436,0.4387617765814266,0.0,0.0,0.0018136888163413363,0.0,0.005214355346981342,0.4387617765814266,0.4387617765814266
801,000801.jpg,0.003,gate,1,743,176436,0.9394347240915208,0.5814266487213997,0.0,0.0023294565734884036,0.0,0.006495273073522411,0.35800807537012114,0.9394347240915208
801,000801.jpg,0.01,gate,1,743,176436,0.9825033647375505,0.6998654104979811,0.0,0.003236300981659072,0.00038540887347253395,0.011590605091931352,0.2826379542395694,0.9825033647375505
809,000809.jpg,1e-05,raw,5,1758,164217,0.0,0.0,0.0,0.0,0.0,0.0,0.0,0.0
809,000809.jpg,3e-05,raw,5,1758,164217,0.0,0.0,0.0,0.0,0.0,0.0,0.0,0.0
809,000809.jpg,0.0001,raw,5,1758,164217,0.0,0.0,0.0,0.0,0.0,0.0,0.0,0.0
809,000809.jpg,0.0003,gate,5,1758,164217,0.0005688282138794084,0.0,0.0,6.089503522777788e-06,0.0,6.089503522777788e-06,0.0005688282138794084,0.0005688282138794084
809,000809.jpg,0.001,gate,5,1758,164217,0.04778156996587031,0.0,0.0,0.0002496696444338893,0.0,0.0007368299262561123,0.04778156996587031,0.04778156996587031
809,000809.jpg,0.003,gate,5,1758,164217,0.44084186575654155,0.323094425483504,0.0011376564277588168,0.0005297868064816676,0.0,0.006418336713007788,0.11774744027303757,0.43970420932878274
809,000809.jpg,0.01,gate,5,1758,164217,0.810580204778157,0.45563139931740615,0.0017064846416382253,0.001260527229215002,0.00017659560216055586,0.017324637522302806,0.3549488054607508,0.8088737201365187
811,000811.jpg,1e-05,raw,5,1541,157626,0.0,0.0,0.0,0.0,0.0,0.0,0.0,0.0
811,000811.jpg,3e-05,raw,5,1541,157626,0.0,0.0,0.0,0.0,0.0,0.0,0.0,0.0
811,000811.jpg,0.0001,raw,5,1541,157626,0.0,0.0,0.0,0.0,0.0,0.0,0.0,0.0
811,000811.jpg,0.0003,gate,5,1541,157626,0.0006489292667099286,0.0,0.0006489292667099286,0.0,0.0,1.9032393133112558e-05,0.0006489292667099286,0.0
811,000811.jpg,0.001,gate,5,1541,157626,0.036340038935756006,0.0,0.0012978585334198572,1.9032393133112558e-05,0.0,0.0013449557814066207,0.036340038935756006,0.03504218040233615
811,000811.jpg,0.003,gate,5,1541,157626,0.5171966255678131,0.3679428942245295,0.0012978585334198572,0.000602692449215231,0.0,0.0067691878243436995,0.14925373134328357,0.5158987670343932
811,000811.jpg,0.01,gate,5,1541,157626,0.8650227125243348,0.5146009085009734,0.0025957170668397143,0.0013512999124509915,0.0002664535038635758,0.016723129432961566,0.3504218040233614,0.8624269954574951
819,000819.jpg,1e-05,raw,1,773,160455,0.0,0.0,0.0,0.0,0.0,0.0,0.0,0.0
819,000819.jpg,3e-05,raw,1,773,160455,0.0,0.0,0.0,0.0,0.0,0.0,0.0,0.0
819,000819.jpg,0.0001,raw,1,773,160455,0.0,0.0,0.0,0.0,0.0,0.0010968807453803247,0.0,0.0
819,000819.jpg,0.0003,gate,1,773,160455,0.0,0.0,0.0,0.0,0.0,0.0037892243931320307,0.0,0.0
819,000819.jpg,0.001,gate,1,773,160455,0.7994825355756792,0.0,0.0,0.0,0.0,0.004636814060016827,0.7994825355756792,0.7994825355756792
819,000819.jpg,0.003,gate,1,773,160455,0.9728331177231565,0.610608020698577,0.0,1.8696830887164625e-05,0.0,0.005478171449939236,0.3622250970245795,0.9728331177231565
819,000819.jpg,0.01,gate,1,773,160455,1.0,0.7464424320827943,0.0,4.985821569910567e-05,0.000866286497771961,0.010563709451248014,0.25355756791720574,1.0
821,000821.jpg,1e-05,raw,1,716,161461,0.0,0.0,0.0,0.0,0.0,0.0,0.0,0.0
821,000821.jpg,3e-05,raw,1,716,161461,0.0,0.0,0.0,0.0,0.0,0.0,0.0,0.0
821,000821.jpg,0.0001,raw,1,716,161461,0.0,0.0,0.0,0.0,0.0,0.0012572695573544075,0.0,0.0
821,000821.jpg,0.0003,gate,1,716,161461,0.0,0.0,0.0,0.0,0.0,0.0037841955642539064,0.0,0.0
821,000821.jpg,0.001,gate,1,716,161461,0.7960893854748603,0.0,0.0,2.4773784381367636e-05,0.0,0.004515022203504252,0.7960893854748603,0.7960893854748603
821,000821.jpg,0.003,gate,1,716,161461,0.979050279329609,0.6494413407821229,0.0,2.4773784381367636e-05,0.0,0.005462619456091564,0.3296089385474861,0.979050279329609
821,000821.jpg,0.01,gate,1,716,161461,0.9986033519553073,0.7863128491620112,0.0013966480446927375,9.290169143012864e-05,0.0009290169143012863,0.0106403403917974,0.2122905027932961,0.9972067039106145
829,000829.jpg,1e-05,raw,1,757,170098,0.0,0.0,0.0,0.0,0.0,0.0,0.0,0.0
829,000829.jpg,3e-05,raw,1,757,170098,0.0,0.0,0.0,0.0,0.0,0.0,0.0,0.0
829,000829.jpg,0.0001,raw,1,757,170098,0.0,0.0,0.0,0.0,0.0,0.0009288762948417971,0.0,0.0
829,000829.jpg,0.0003,gate,1,757,170098,0.0,0.0,0.0,0.0,0.0,0.0038683582405436867,0.0,0.0
829,000829.jpg,0.001,gate,1,757,170098,0.7318361955085865,0.0,0.0,3.5273783348422674e-05,0.0,0.00462086561864337,0.7318361955085865,0.7318361955085865
829,000829.jpg,0.003,gate,1,757,170098,0.9603698811096433,0.6235138705416117,0.0,5.2910675022634014e-05,1.1757927782807559e-05,0.005426283671765688,0.3368560105680316,0.9603698811096433
829,000829.jpg,0.01,gate,1,757,170098,0.9973579920739762,0.7661822985468957,0.0,0.0001410951333936907,0.000852449764253548,0.010699714282354878,0.23117569352708056,0.9973579920739762
831,000831.jpg,1e-05,raw,1,570,178704,0.0,0.0,0.0,0.0,0.0,0.0,0.0,0.0
831,000831.jpg,3e-05,raw,1,570,178704,0.0,0.0,0.0,0.0,0.0,0.0,0.0,0.0
831,000831.jpg,0.0001,raw,1,570,178704,0.0,0.0,0.0,0.0,0.0,0.0,0.0,0.0
831,000831.jpg,0.0003,gate,1,570,178704,0.0,0.0,0.0,0.0006659056316590563,0.0,0.0010855940549735876,0.0,0.0
831,000831.jpg,0.001,gate,1,570,178704,0.0,0.0,0.0,0.0011639358939923002,0.0,0.00568537917450085,0.0,0.0
831,000831.jpg,0.003,gate,1,570,178704,0.7491228070175439,0.0,0.0,0.0016227952368161878,0.0,0.007095532276837676,0.7491228070175439,0.7491228070175439
831,000831.jpg,0.01,gate,1,570,178704,0.9912280701754386,0.6824561403508772,0.0017543859649122807,0.002064867042707494,0.0001231086041722625,0.012618631927656908,0.30877192982456136,0.9894736842105263
839,000839.jpg,1e-05,raw,1,620,164712,0.0,0.0,0.0,0.0,0.0,0.0,0.0,0.0
839,000839.jpg,3e-05,raw,1,620,164712,0.0,0.0,0.0,0.0,0.0,0.0,0.0,0.0
839,000839.jpg,0.0001,raw,1,620,164712,0.0,0.0,0.0,0.0,0.0,0.00040677060566321824,0.0,0.0
839,000839.jpg,0.0003,gate,1,620,164712,0.0,0.0,0.0,0.002343484384865705,0.0,0.002167419495847297,0.0,0.0
839,000839.jpg,0.001,gate,1,620,164712,0.0,0.0,0.0,0.0047294671912186115,0.0,0.004061634853562582,0.0,0.0
839,000839.jpg,0.003,gate,1,620,164712,0.0,0.0,0.0,0.005816212540677061,0.0,0.006186555927922677,0.0,0.0
839,000839.jpg,0.01,gate,1,620,164712,0.5693548387096774,0.5983870967741935,0.0,0.006635824955073097,0.0003096313565496139,0.013047015396570985,-0.029032258064516148,0.5693548387096774
841,000841.jpg,1e-05,raw,1,619,152866,0.0,0.0,0.0,0.0,0.0,0.0,0.0,0.0
841,000841.jpg,3e-05,raw,1,619,152866,0.0,0.0,0.0,0.0,0.0,0.0,0.0,0.0
841,000841.jpg,0.0001,raw,1,619,152866,0.0,0.0,0.0,0.0,0.0,0.0,0.0,0.0
841,000841.jpg,0.0003,gate,1,619,152866,0.0,0.0,0.0,0.0,0.0,0.0007915429199429566,0.0,0.0
841,000841.jpg,0.001,gate,1,619,152866,0.0,0.0,0.0,9.158347834050737e-05,0.0,0.0018185862127615036,0.0,0.0
841,000841.jpg,0.003,gate,1,619,152866,0.0,0.0,0.0,0.005403425222089935,0.0,0.0038988395064958855,0.0,0.0
841,000841.jpg,0.01,gate,1,619,152866,0.03231017770597738,0.0,0.0,0.012049769078801042,0.0,0.016851360014653358,0.03231017770597738,0.03231017770597738
849,000849.jpg,1e-05,raw,1,1114,164660,0.0,0.0,0.0,0.0,0.0,0.0,0.0,0.0
849,000849.jpg,3e-05,raw,1,1114,164660,0.0,0.0,0.0,0.0,0.0,0.0,0.0,0.0
849,000849.jpg,0.0001,raw,1,1114,164660,0.0,0.0,0.0,0.0,0.0,0.0,0.0,0.0
849,000849.jpg,0.0003,gate,1,1114,164660,0.0718132854578097,0.0,0.0,0.0,0.0,0.0,0.0718132854578097,0.0718132854578097
849,000849.jpg,0.001,gate,1,1114,164660,0.800718132854578,0.0,0.0,0.0,0.0,0.0,0.800718132854578,0.800718132854578
849,000849.jpg,0.003,gate,1,1114,164660,0.9703770197486535,0.44434470377019747,0.0,0.0021195190088667557,0.0,0.0,0.5260323159784561,0.9703770197486535
849,000849.jpg,0.01,gate,1,1114,164660,0.9955116696588869,0.6867145421903053,0.0017953321364452424,0.0075185230171262,0.00010931616664642293,0.00215595773108223,0.3087971274685817,0.9937163375224417
851,000851.jpg,1e-05,raw,1,863,172512,0.0,0.0,0.0,0.0,0.0,0.0,0.0,0.0
851,000851.jpg,3e-05,raw,1,863,172512,0.0,0.0,0.0,0.0,0.0,0.0,0.0,0.0
851,000851.jpg,0.0001,raw,1,863,172512,0.0,0.0,0.0,0.0,0.0,0.0,0.0,0.0
851,000851.jpg,0.0003,gate,1,863,172512,0.0,0.0,0.0,0.0,0.0,0.0,0.0,0.0
851,000851.jpg,0.001,gate,1,863,172512,0.17960602549246812,0.0,0.0,0.0,0.0,0.0017100259692079392,0.17960602549246812,0.17960602549246812
851,000851.jpg,0.003,gate,1,863,172512,0.7902665121668598,0.0,0.0011587485515643105,0.0,0.0,0.009390651085141904,0.7902665121668598,0.7891077636152956
851,000851.jpg,0.01,gate,1,863,172512,0.9351100811123986,0.574739281575898,0.002317497103128621,2.8983491003524392e-05,8.11537748098683e-05,0.0165147931738082,0.36037079953650053,0.9327925840092699
859,000859.jpg,1e-05,raw,1,1410,165357,0.0,0.0,0.0,0.0,0.0,0.0,0.0,0.0
859,000859.jpg,3e-05,raw,1,1410,165357,0.0,0.0,0.0,0.0,0.0,6.047521423344642e-05,0.0,0.0
859,000859.jpg,0.0001,raw,1,1410,165357,0.0,0.0,0.0,0.0,0.0,0.0026790519905416765,0.0,0.0
859,000859.jpg,0.0003,gate,1,1410,165357,0.0007092198581560284,0.0,0.0,0.00010280786419685892,0.0,0.0034047545613430335,0.0007092198581560284,0.0007092198581560284
859,000859.jpg,0.001,gate,1,1410,165357,0.5319148936170213,0.0,0.0,0.00016328307843030534,0.0,0.004021601746524187,0.5319148936170213,0.5319148936170213
859,000859.jpg,0.003,gate,1,1410,165357,0.9042553191489362,0.0,0.0,0.00021771077124040712,0.0,0.004777541924442267,0.9042553191489362,0.9042553191489362
859,000859.jpg,0.01,gate,1,1410,165357,0.9773049645390071,0.7028368794326241,0.0014184397163120568,0.0004958967567142607,0.0010099360776985552,0.009869554962898456,0.274468085106383,0.975886524822695
861,000861.jpg,1e-05,raw,1,1418,143900,0.0,0.0,0.0,0.0,0.0,0.0,0.0,0.0
861,000861.jpg,3e-05,raw,1,1418,143900,0.0,0.0,0.0007052186177715092,0.0,0.0,4.864489228630994e-05,0.0,-0.0007052186177715092
861,000861.jpg,0.0001,raw,1,1418,143900,0.0,0.0,0.0007052186177715092,0.0,0.0,0.002585128561501042,0.0,-0.0007052186177715092
861,000861.jpg,0.0003,gate,1,1418,143900,0.004936530324400564,0.0,0.0007052186177715092,7.644197359277276e-05,0.0,0.003328700486448923,0.004936530324400564,0.004231311706629055
861,000861.jpg,0.001,gate,1,1418,143900,0.580394922425952,0.0,0.0007052186177715092,8.339124391938846e-05,0.0,0.004009728978457262,0.580394922425952,0.5796897038081805
861,000861.jpg,0.003,gate,1,1418,143900,0.9005641748942173,0.0,0.0007052186177715092,0.00011813759555246699,0.0,0.004808895066018068,0.9005641748942173,0.8998589562764457
861,000861.jpg,0.01,gate,1,1418,143900,0.9703808180535967,0.7031029619181947,0.0007052186177715092,0.00018068102849200834,0.0008895066018068103,0.009652536483669216,0.267277856135402,0.9696755994358252
869,000869.jpg,1e-05,raw,1,520,158461,0.0,0.0,0.0,0.0,0.0,0.0,0.0,0.0
869,000869.jpg,3e-05,raw,1,520,158461,0.0,0.0,0.0,0.0,0.0,0.0,0.0,0.0
869,000869.jpg,0.0001,raw,1,520,158461,0.0,0.0,0.0,0.0,0.0,0.0,0.0,0.0
869,000869.jpg,0.0003,gate,1,520,158461,0.0,0.0,0.0,0.0,0.0,0.0,0.0,0.0
869,000869.jpg,0.001,gate,1,520,158461,0.057692307692307696,0.0,0.0,0.0,0.0,0.0,0.057692307692307696,0.057692307692307696
869,000869.jpg,0.003,gate,1,520,158461,0.7403846153846154,0.0,0.0,0.0,0.0,8.834981478092401e-05,0.7403846153846154,0.7403846153846154
869,000869.jpg,0.01,gate,1,520,158461,0.8326923076923077,0.5846153846153846,0.0,0.0,2.5242804223121146e-05,0.022055900189952102,0.24807692307692308,0.8326923076923077
871,000871.jpg,1e-05,raw,2,1123,160806,0.0,0.0,0.0,0.0,0.0,0.0,0.0,0.0
871,000871.jpg,3e-05,raw,2,1123,160806,0.0,0.0,0.0,0.0,0.0,0.0,0.0,0.0
871,000871.jpg,0.0001,raw,2,1123,160806,0.0,0.0,0.0,0.0,0.0,0.0,0.0,0.0
871,000871.jpg,0.0003,gate,2,1123,160806,0.0,0.0,0.0,0.0,0.0,0.0,0.0,0.0
871,000871.jpg,0.001,gate,2,1123,160806,0.04096170970614425,0.0,0.0,0.0,0.0,0.0,0.04096170970614425,0.04096170970614425
871,000871.jpg,0.003,gate,2,1123,160806,0.5547640249332146,0.0,0.0,0.0,0.0,0.00017412285611233413,0.5547640249332146,0.5547640249332146
871,000871.jpg,0.01,gate,2,1123,160806,0.8210151380231523,0.4541406945681211,0.004452359750667854,0.00015546683581458404,2.4874693730333445e-05,0.022555128539979853,0.3668744434550312,0.8165627782724845
879,000879.jpg,1e-05,raw,1,869,145080,0.6881472957422324,0.6881472957422324,0.0,0.0,0.0,0.0,0.0,0.6881472957422324
879,000879.jpg,3e-05,raw,1,869,145080,0.8319907940161104,0.8319907940161104,0.0,6.892748828232699e-05,6.892748828232699e-05,3.4463744141163496e-05,0.0,0.8319907940161104
879,000879.jpg,0.0001,raw,1,869,145080,0.8434982738780207,0.8434982738780207,0.0023014959723820483,8.271298593879239e-05,8.271298593879239e-05,6.203473945409429e-05,0.0,0.8411967779056386
879,000879.jpg,0.0003,gate,1,869,145080,0.8377445339470656,0.9148446490218642,0.010356731875719217,8.271298593879239e-05,0.00011028398125172319,8.271298593879239e-05,-0.07710011507479864,0.8273878020713464
879,000879.jpg,0.001,gate,1,869,145080,0.8699654775604143,0.9574223245109321,0.012658227848101266,0.00011028398125172319,0.00037910118555279846,9.649848359525779e-05,-0.08745684695051781,0.8573072497123131
879,000879.jpg,0.003,gate,1,869,145080,0.9079401611047181,0.9666283084004603,0.01611047180667434,0.00013785497656465398,0.0013371932726771436,0.00019299696719051558,-0.05868814729574223,0.8918296892980437
879,000879.jpg,0.01,gate,1,869,145080,0.9631760644418872,0.9815880322209436,0.03567318757192175,0.00021367521367521368,0.00952577888061759,0.0026468155500413565,-0.018411967779056404,0.9275028768699655
881,000881.jpg,1e-05,raw,3,1660,150757,0.5987951807228916,0.5987951807228916,0.0,0.0,0.0,0.0,0.0,0.5987951807228916
881,000881.jpg,3e-05,raw,3,1660,150757,0.7433734939759036,0.7433734939759036,0.0,0.0,0.0,0.0,0.0,0.7433734939759036
881,000881.jpg,0.0001,raw,3,1660,150757,0.7698795180722892,0.7698795180722892,0.0,0.0,0.0,0.0,0.0,0.7698795180722892
881,000881.jpg,0.0003,gate,3,1660,150757,0.7403614457831326,0.891566265060241,0.0030120481927710845,0.0,0.0,0.0,-0.15120481927710838,0.7373493975903614
881,000881.jpg,0.001,gate,3,1660,150757,0.7963855421686747,0.9481927710843373,0.007228915662650603,0.0,6.633191161936096e-06,1.3266382323872192e-05,-0.15180722891566256,0.7891566265060241
881,000881.jpg,0.003,gate,3,1660,150757,0.8753012048192771,0.963855421686747,0.018674698795180723,0.0,9.949786742904144e-05,5.969872045742486e-05,-0.08855421686746989,0.8566265060240964
881,000881.jpg,0.01,gate,3,1660,150757,0.9397590361445783,0.9759036144578314,0.0819277108433735,0.0,0.0015389003495691743,0.0024874466857260358,-0.03614457831325302,0.8578313253012049
889,000889.jpg,1e-05,raw,4,2456,163006,0.0,0.0,0.0,0.0,0.0,0.0,0.0,0.0
889,000889.jpg,3e-05,raw,4,2456,163006,0.7170195439739414,0.7170195439739414,0.0008143322475570033,0.0,0.0,0.0,0.0,0.7162052117263844
889,000889.jpg,0.0001,raw,4,2456,163006,0.7528501628664495,0.7528501628664495,0.01506514657980456,0.0,0.0,0.0,0.0,0.737785016286645
889,000889.jpg,0.0003,gate,4,2456,163006,0.754071661237785,0.872557003257329,0.061482084690553745,0.0,0.0,0.0,-0.11848534201954397,0.6925895765472313
889,000889.jpg,0.001,gate,4,2456,163006,0.8086319218241043,0.9372964169381107,0.09690553745928339,0.0,6.134743506373999e-06,0.0,-0.12866449511400646,0.7117263843648208
889,000889.jpg,0.003,gate,4,2456,163006,0.873371335504886,0.9552117263843648,0.14210097719869708,0.0,0.00012269487012747996,1.2269487012747998e-05,-0.08184039087947881,0.7312703583061889
889,000889.jpg,0.01,gate,4,2456,163006,0.9478827361563518,0.9702768729641694,0.2907166123778502,1.8404230519121995e-05,0.0024293584285241033,0.0007545734512840018,-0.022394136807817655,0.6571661237785016
891,000891.jpg,1e-05,raw,1,2572,145931,0.0,0.0,0.0,0.0,0.0,0.0,0.0,0.0
891,000891.jpg,3e-05,raw,1,2572,145931,0.7538880248833593,0.7538880248833593,0.0,0.0,0.0,0.0,0.0,0.7538880248833593
891,000891.jpg,0.0001,raw,1,2572,145931,0.7884914463452566,0.7884914463452566,0.0,0.0,0.0,0.0,0.0,0.7884914463452566
891,000891.jpg,0.0003,gate,1,2572,145931,0.7881026438569206,0.9047433903576982,0.0,0.0,0.0,0.0,-0.1166407465007776,0.7881026438569206
891,000891.jpg,0.001,gate,1,2572,145931,0.854587869362364,0.9704510108864697,0.0,0.0,0.0,4.7967875228703975e-05,-0.1158631415241057,0.854587869362364
891,000891.jpg,0.003,gate,1,2572,145931,0.9261275272161742,0.9867807153965785,0.0007776049766718507,0.0,0.0,9.593575045740795e-05,-0.06065318818040433,0.9253499222395023
891,000891.jpg,0.01,gate,1,2572,145931,0.9782270606531882,0.9902799377916018,0.0322706065318818,4.7967875228703975e-05,0.00019872405451891648,0.0022270799213326845,-0.012052877138413631,0.9459564541213064
899,000899.jpg,1e-05,raw,1,1457,146598,0.5243651338366506,0.5243651338366506,0.0,0.0,0.0,0.0,0.0,0.5243651338366506
899,000899.jpg,3e-05,raw,1,1457,146598,0.8723404255319149,0.8723404255319149,0.0,0.0,0.0,0.0,0.0,0.8723404255319149
899,000899.jpg,0.0001,raw,1,1457,146598,0.8908716540837337,0.8908716540837337,0.0,0.0,0.0,0.0,0.0,0.8908716540837337
899,000899.jpg,0.0003,gate,1,1457,146598,0.8785175017158545,0.9485243651338366,0.0,0.0,0.0,0.0,-0.07000686341798212,0.8785175017158545
899,000899.jpg,0.001,gate,1,1457,146598,0.9169526424159231,0.9794097460535347,0.0013726835964310226,0.0,0.0,0.0,-0.06245710363761159,0.9155799588194921
899,000899.jpg,0.003,gate,1,1457,146598,0.9608785175017158,0.9849004804392587,0.002745367192862045,0.0,5.45710036971855e-05,6.139237915933369e-05,-0.024021962937542884,0.9581331503088538
899,000899.jpg,0.01,gate,1,1457,146598,0.9855868222374743,0.9917638984214139,0.029512697323266987,0.0,0.0009754566910871908,0.002946834199648017,-0.006177076183939589,0.9560741249142073
901,000901.jpg,1e-05,raw,1,1589,145234,0.0,0.0,0.0,0.0,0.0,0.0,0.0,0.0
901,000901.jpg,3e-05,raw,1,1589,145234,0.828823159219635,0.828823159219635,0.0,0.0,0.0,0.0,0.0,0.828823159219635
901,000901.jpg,0.0001,raw,1,1589,145234,0.8558842039018251,0.8558842039018251,0.0,0.0,0.0,0.0,0.0,0.8558842039018251
901,000901.jpg,0.0003,gate,1,1589,145234,0.8489616110761485,0.9314033983637507,0.0,0.0,0.0,0.0,-0.08244178728760221,0.8489616110761485
901,000901.jpg,0.001,gate,1,1589,145234,0.8986784140969163,0.9704216488357458,0.0006293266205160479,0.0,0.0005026371235385653,2.0656320145420492e-05,-0.07174323473882949,0.8980490874764002
901,000901.jpg,0.003,gate,1,1589,145234,0.9502831969792322,0.9792322215229704,0.0031466331025802393,0.0,0.0010741286475618656,0.00011016704077557597,-0.028949024543738155,0.947136563876652
901,000901.jpg,0.01,gate,1,1589,145234,0.9773442416614223,0.9874134675896791,0.030207677784770296,0.00022721952159962544,0.0030158227412313923,0.0028918848203588693,-0.010069225928256764,0.947136563876652
909,000909.jpg,1e-05,raw,1,844,171732,0.6338862559241706,0.6338862559241706,0.0,0.0,0.0,0.0,0.0,0.6338862559241706
909,000909.jpg,3e-05,raw,1,844,171732,0.7369668246445498,0.7369668246445498,0.0,0.00016886777071250554,0.00016886777071250554,0.0,0.0,0.7369668246445498
909,000909.jpg,0.0001,raw,1,844,171732,0.7559241706161137,0.7559241706161137,0.009478672985781991,0.0002795052756620781,0.0002795052756620781,0.0,0.0,0.7464454976303317
909,000909.jpg,0.0003,gate,1,844,171732,0.7630331753554502,0.8234597156398105,0.018957345971563982,0.00017469079728879883,0.0012810658467845247,0.0,-0.06042654028436023,0.7440758293838863
909,000909.jpg,0.001,gate,1,844,171732,0.8116113744075829,0.8850710900473934,0.018957345971563982,0.0006987631891551953,0.0033540633079449374,1.1646053152586589e-05,-0.07345971563981046,0.792654028436019
909,000909.jpg,0.003,gate,1,844,171732,0.9052132701421801,0.8992890995260664,0.018957345971563982,0.0019041296904479072,0.0048971653506626606,7.569934549181282e-05,0.005924170616113722,0.8862559241706162
909,000909.jpg,0.01,gate,1,844,171732,0.9691943127962085,0.9253554502369669,0.05924170616113744,0.004186756108354879,0.016077376377145784,0.002311741550788438,0.04383886255924163,0.909952606635071
911,000911.jpg,1e-05,raw,1,883,158838,0.5889014722536806,0.5889014722536806,0.0,0.0,0.0,0.0,0.0,0.5889014722536806
911,000911.jpg,3e-05,raw,1,883,158838,0.7236693091732729,0.7236693091732729,0.0,0.003091199838829499,0.003091199838829499,6.295722686007127e-06,0.0,0.7236693091732729
911,000911.jpg,0.0001,raw,1,883,158838,0.7406568516421291,0.7406568516421291,0.0,0.003179339956433599,0.003179339956433599,2.5182890744028508e-05,0.0,0.7406568516421291
911,000911.jpg,0.0003,gate,1,883,158838,0.7587768969422424,0.8040770101925255,0.004530011325028313,0.003179339956433599,0.005873909266044649,3.777433611604276e-05,-0.04530011325028316,0.7542468856172141
911,000911.jpg,0.001,gate,1,883,158838,0.8097395243488109,0.8618346545866364,0.009060022650056626,0.003531900426849998,0.006679761769853561,9.44358402901069e-05,-0.05209513023782553,0.8006795016987542
911,000911.jpg,0.003,gate,1,883,158838,0.927519818799547,0.8844847112117781,0.01812004530011325,0.00720860247547816,0.007258968256966217,0.00017628023520819956,0.04303510758776896,0.9093997734994338
911,000911.jpg,0.01,gate,1,883,158838,0.9796149490373726,0.9139297848244621,0.04983012457531144,0.009386922524836626,0.012824387111396517,0.0027701179818431358,0.06568516421291049,0.9297848244620611
919,000919.jpg,1e-05,raw,1,1389,166045,0.4787616990640749,0.4787616990640749,0.0,0.0,0.0,0.0,0.0,0.4787616990640749
919,000919.jpg,3e-05,raw,1,1389,166045,0.6537077033837293,0.6537077033837293,0.0,0.0,0.0,0.0,0.0,0.6537077033837293
919,000919.jpg,0.0001,raw,1,1389,166045,0.6846652267818575,0.6846652267818575,0.0,0.0,0.0,0.0,0.0,0.6846652267818575
919,000919.jpg,0.0003,gate,1,1389,166045,0.7185025197984162,0.7976961843052556,0.0,0.0,0.0,0.0,-0.0791936645068394,0.7185025197984162
919,000919.jpg,0.001,gate,1,1389,166045,0.796976241900648,0.8531317494600432,0.0021598272138228943,0.0,0.0001445391309584751,2.408985515974585e-05,-0.056155507559395246,0.7948164146868251
919,000919.jpg,0.003,gate,1,1389,166045,0.9028077753779697,0.871130309575234,0.003599712023038157,0.0,0.0010238188442891988,9.033695684904695e-05,0.03167746580273578,0.8992080633549316
919,000919.jpg,0.01,gate,1,1389,166045,0.980561555075594,0.8970482361411087,0.029517638588912886,3.0112318949682314e-05,0.008859044234996538,0.0024511427625041405,0.08351331893448521,0.9510439164866811
921,000921.jpg,1e-05,raw,1,751,178405,0.6151797603195739,0.6151797603195739,0.0,0.0,0.0,0.0,0.0,0.6151797603195739
921,000921.jpg,3e-05,raw,1,751,178405,0.7376830892143809,0.7376830892143809,0.0,0.0,0.0,0.0,0.0,0.7376830892143809
921,000921.jpg,0.0001,raw,1,751,178405,0.7509986684420772,0.7509986684420772,0.0,0.0,0.0,0.0,0.0,0.7509986684420772
921,000921.jpg,0.0003,gate,1,751,178405,0.7949400798934754,0.8415446071904128,0.0,0.0,4.484179255065721e-05,0.0,-0.046604527296937426,0.7949400798934754
921,000921.jpg,0.001,gate,1,751,178405,0.9134487350199734,0.9081225033288948,0.0013315579227696406,0.0,0.0010033351083209552,1.1210448137664302e-05,0.005326231691078598,0.9121171770972037
921,000921.jpg,0.003,gate,1,751,178405,0.9680426098535286,0.9387483355525965,0.005326231691078562,0.0,0.0034528180264006055,3.923656848182506e-05,0.02929427430093212,0.96271637816245
921,000921.jpg,0.01,gate,1,751,178405,0.9853528628495339,0.9560585885486018,0.05326231691078562,0.0012443597432807377,0.01654101622712368,0.0023485888848406716,0.02929427430093212,0.9320905459387483
929,000929.jpg,1e-05,raw,1,725,176817,0.0,0.0,0.0,0.0,0.0,0.0,0.0,0.0
929,000929.jpg,3e-05,raw,1,725,176817,0.7655172413793103,0.7655172413793103,0.0,0.0,0.0,0.0,0.0,0.7655172413793103
929,000929.jpg,0.0001,raw,1,725,176817,0.7903448275862069,0.7903448275862069,0.0,1.1311129585956102e-05,1.1311129585956102e-05,0.0,0.0,0.7903448275862069
929,000929.jpg,0.0003,gate,1,725,176817,0.886896551724138,0.8827586206896552,0.004137931034482759,0.0002658115452699684,0.0006673566455714099,0.0,0.004137931034482789,0.8827586206896552
929,000929.jpg,0.001,gate,1,725,176817,0.9655172413793104,0.9379310344827586,0.013793103448275862,0.0007917790710169271,0.003579972513955106,1.6966694378934153e-05,0.02758620689655178,0.9517241379310345
929,000929.jpg,0.003,gate,1,725,176817,1.0,0.9448275862068966,0.016551724137931035,0.003325472098271094,0.006797988881159617,6.221121272275856e-05,0.05517241379310345,0.983448275862069
929,000929.jpg,0.01,gate,1,725,176817,1.0,0.9737931034482759,0.04827586206896552,0.01284944320964613,0.022622259171912202,0.0027486044893873327,0.026206896551724146,0.9517241379310345
931,000931.jpg,1e-05,raw,1,1836,161184,0.0,0.0,0.0,0.0,0.0,0.0,0.0,0.0
931,000931.jpg,3e-05,raw,1,1836,161184,0.0,0.0,0.0,0.0,0.0,0.0,0.0,0.0
931,000931.jpg,0.0001,raw,1,1836,161184,0.0,0.0,0.0,0.0,0.0,0.0,0.0,0.0
931,000931.jpg,0.0003,gate,1,1836,161184,0.8387799564270153,0.8344226579520697,0.0,0.0004715108199324995,0.000527347627556085,0.0,0.004357298474945592,0.8387799564270153
931,000931.jpg,0.001,gate,1,1836,161184,0.9384531590413944,0.9095860566448801,0.0005446623093681918,0.0006328171530673019,0.0011973893190391105,1.8612269207861824e-05,0.028867102396514244,0.9379084967320261
931,000931.jpg,0.003,gate,1,1836,161184,0.9961873638344226,0.9384531590413944,0.004357298474945534,0.001470369267421084,0.002711187214611872,6.824498709549335e-05,0.057734204793028265,0.9918300653594772
931,000931.jpg,0.01,gate,1,1836,161184,1.0,0.9569716775599129,0.011437908496732025,0.00469029184038118,0.010336013500099266,0.002829064919594997,0.04302832244008714,0.988562091503268
939,000939.jpg,1e-05,raw,1,1111,178123,0.5706570657065707,0.5706570657065707,0.0,0.0,0.0,0.0,0.0,0.5706570657065707
939,000939.jpg,3e-05,raw,1,1111,178123,0.7344734473447345,0.7344734473447345,0.0,2.8070490616034988e-05,2.8070490616034988e-05,0.0,0.0,0.7344734473447345
939,000939.jpg,0.0001,raw,1,1111,178123,0.7785778577857786,0.7785778577857786,0.0,6.736917747848397e-05,6.736917747848397e-05,0.0,0.0,0.7785778577857786
939,000939.jpg,0.0003,gate,1,1111,178123,0.8046804680468047,0.8595859585958596,0.0,0.00014596655120338193,0.0008140442278650146,0.0,-0.054905490549054914,0.8046804680468047
939,000939.jpg,0.001,gate,1,1111,178123,0.864986498649865,0.9225922592259226,0.0027002700270027003,0.00035368818176204086,0.0037221470556862393,1.1228196246413995e-05,-0.057605760576057596,0.8622862286228623
939,000939.jpg,0.003,gate,1,1111,178123,0.9684968496849685,0.9351935193519352,0.0054005400540054005,0.0011677324096270555,0.006461826939811254,0.00011228196246413995,0.03330333033303334,0.9630963096309632
939,000939.jpg,0.01,gate,1,1111,178123,0.9873987398739874,0.946894689468947,0.017101710171017102,0.004766369306602741,0.01703317370581003,0.0031045962621334697,0.04050405040504046,0.9702970297029703
941,000941.jpg,1e-05,raw,1,1110,158733,0.5684684684684684,0.5684684684684684,0.0,0.0,0.0,0.0,0.0,0.5684684684684684
941,000941.jpg,3e-05,raw,1,1110,158733,0.7162162162162162,0.7162162162162162,0.0,3.1499436160092734e-05,3.1499436160092734e-05,0.0,0.0,0.7162162162162162
941,000941.jpg,0.0001,raw,1,1110,158733,0.754054054054054,0.754054054054054,0.0,6.929875955220401e-05,6.929875955220401e-05,0.0,0.0,0.754054054054054
941,000941.jpg,0.0003,gate,1,1110,158733,0.7936936936936937,0.8315315315315316,0.0,0.00015749718080046367,0.0007307869189141515,0.0,-0.037837837837837895,0.7936936936936937
941,000941.jpg,0.001,gate,1,1110,158733,0.854954954954955,0.9126126126126126,0.0,0.00036539345945707573,0.0037043336924269055,6.2998872320185465e-06,-0.057657657657657624,0.854954954954955
941,000941.jpg,0.003,gate,1,1110,158733,0.9567567567567568,0.927027027027027,0.0,0.0011591792506914127,0.006665280691475622,6.929875955220401e-05,0.02972972972972976,0.9567567567567568
941,000941.jpg,0.01,gate,1,1110,158733,0.9972972972972973,0.9459459459459459,0.006306306306306306,0.004472919934733168,0.016713600826545206,0.002822349479944309,0.05135135135135138,0.990990990990991
949,000949.jpg,1e-05,raw,1,280,172440,0.7392857142857143,0.7392857142857143,0.0,7.538854094177685e-05,7.538854094177685e-05,4.639294827186268e-05,0.0,0.7392857142857143
949,000949.jpg,3e-05,raw,1,280,172440,0.8678571428571429,0.8678571428571429,0.0,0.00017397355601948505,0.00017397355601948505,7.538854094177685e-05,0.0,0.8678571428571429
949,000949.jpg,0.0001,raw,1,280,172440,0.8928571428571429,0.8928571428571429,0.0035714285714285713,0.0002145673857573649,0.0002145673857573649,9.858501507770818e-05,0.0,0.8892857142857143
949,000949.jpg,0.0003,gate,1,280,172440,0.85,0.9607142857142857,0.007142857142857143,0.0002551612154952447,0.0005045233124565066,0.00012758060774762235,-0.11071428571428577,0.8428571428571429
949,000949.jpg,0.001,gate,1,280,172440,0.8964285714285715,0.9785714285714285,0.017857142857142856,0.00033054975643702155,0.002661795407098121,0.0001681744374855022,-0.08214285714285707,0.8785714285714286
949,000949.jpg,0.003,gate,1,280,172440,0.9571428571428572,0.9785714285714285,0.02142857142857143,0.0005509162607283693,0.006025284156808165,0.0002667594525632104,-0.021428571428571352,0.9357142857142857
949,000949.jpg,0.01,gate,1,280,172440,0.9821428571428571,0.9821428571428571,0.07142857142857142,0.0011656228253305498,0.01876594757596845,0.0026849918812340526,0.0,0.9107142857142857
951,000951.jpg,1e-05,raw,1,301,164348,0.6976744186046512,0.6976744186046512,0.0,7.301579575048069e-05,7.301579575048069e-05,6.0846496458733905e-05,0.0,0.6976744186046512
951,000951.jpg,3e-05,raw,1,301,164348,0.8372093023255814,0.8372093023255814,0.0,0.00017645483973032834,0.00017645483973032834,9.735439433397425e-05,0.0,0.8372093023255814
951,000951.jpg,0.0001,raw,1,301,164348,0.8571428571428571,0.8571428571428571,0.0,0.0002007934383138219,0.0002007934383138219,9.735439433397425e-05,0.0,0.8571428571428571
951,000951.jpg,0.0003,gate,1,301,164348,0.8205980066445183,0.9335548172757475,0.006644518272425249,0.00024338598583493562,0.0004320101248570107,0.00014603159150096138,-0.1129568106312292,0.813953488372093
951,000951.jpg,0.001,gate,1,301,164348,0.8737541528239202,0.9634551495016611,0.013289036544850499,0.0003407403801689099,0.002324336164723635,0.00016428554043858154,-0.0897009966777409,0.8604651162790697
951,000951.jpg,0.003,gate,1,301,164348,0.9235880398671097,0.9667774086378738,0.029900332225913623,0.00048068732202399784,0.00534840703872271,0.00023121668654318885,-0.04318936877076407,0.8936877076411961
951,000951.jpg,0.01,gate,1,301,164348,0.9667774086378738,0.973421926910299,0.08970099667774087,0.001028305790152603,0.021460559300995448,0.0025798914498503175,-0.006644518272425293,0.8770764119601329
959,000959.jpg,1e-05,raw,1,857,166412,0.6231038506417736,0.6231038506417736,0.0,0.0,0.0,0.0,0.0,0.6231038506417736
959,000959.jpg,3e-05,raw,1,857,166412,0.7432905484247374,0.7432905484247374,0.0,0.00018628464293440376,0.00018628464293440376,0.0,0.0,0.7432905484247374
959,000959.jpg,0.0001,raw,1,857,166412,0.7619603267211202,0.7619603267211202,0.007001166861143524,0.00026440400932625053,0.00026440400932625053,0.0,0.0,0.7549591598599767
959,000959.jpg,0.0003,gate,1,857,166412,0.7771295215869312,0.8319719953325554,0.014002333722287048,0.00018628464293440376,0.0013340384106915366,0.0,-0.05484247374562423,0.7631271878646441
959,000959.jpg,0.001,gate,1,857,166412,0.8203033838973163,0.882147024504084,0.01866977829638273,0.0007030742975266207,0.003166838929884864,1.2018364060284114e-05,-0.061843640606767725,0.8016336056009336
959,000959.jpg,0.003,gate,1,857,166412,0.911318553092182,0.8996499416569428,0.022170361726954493,0.0019650025238564526,0.005270052640434584,8.41285484219888e-05,0.011668611435239229,0.8891481913652275
959,000959.jpg,0.01,gate,1,857,166412,0.9684947491248541,0.9218203033838973,0.046674445740956826,0.0042785376054611446,0.016657452587553783,0.0027161502776242097,0.046674445740956805,0.9218203033838973
961,000961.jpg,1e-05,raw,1,1641,164022,0.41316270566727603,0.41316270566727603,0.0,0.0,0.0,0.0,0.0,0.41316270566727603
961,000961.jpg,3e-05,raw,1,1641,164022,0.5691651432053626,0.5691651432053626,0.0,0.0,0.0,0.0,0.0,0.5691651432053626
961,000961.jpg,0.0001,raw,1,1641,164022,0.5996343692870201,0.5996343692870201,0.0,0.0,0.0,0.0,0.0,0.5996343692870201
961,000961.jpg,0.0003,gate,1,1641,164022,0.643510054844607,0.7263863497867155,0.0,0.0,0.0,0.0,-0.08287629494210846,0.643510054844607
961,000961.jpg,0.001,gate,1,1641,164022,0.732480195003047,0.7909811090798293,0.003656307129798903,0.0,0.00027435344039214253,6.096743119825389e-06,-0.05850091407678237,0.728823887873248
961,000961.jpg,0.003,gate,1,1641,164022,0.8720292504570384,0.8208409506398537,0.01157830591102986,3.0483715599126948e-05,0.0013534769726012365,0.0001158381192766824,0.051188299817184646,0.8604509445460086
961,000961.jpg,0.01,gate,1,1641,164022,0.9652650822669104,0.8525289457647776,0.051188299817184646,0.00012193486239650779,0.008364731560400435,0.0024569874772896317,0.11273613650213288,0.9140767824497258
969,000969.jpg,1e-05,raw,1,250,167280,0.0,0.0,0.0,0.0,0.0,0.00031085604973696794,0.0,0.0
969,000969.jpg,3e-05,raw,1,250,167280,0.0,0.0,0.0,0.0,0.0,0.0005021520803443328,0.0,0.0
969,000969.jpg,0.0001,raw,1,250,167280,0.0,0.0,0.0,0.0,0.0,0.0007651841224294596,0.0,0.0
969,000969.jpg,0.0003,gate,1,250,167280,0.844,0.612,0.0,0.0007771401243424199,4.7824007651841225e-05,0.0013390722142515542,0.23199999999999998,0.844
969,000969.jpg,0.001,gate,1,250,167280,0.94,0.716,0.0,0.002193926351028216,0.0006575801052128168,0.0019010043041606886,0.22399999999999998,0.94
969,000969.jpg,0.003,gate,1,250,167280,0.992,0.76,0.0,0.0036944045911047347,0.00117168818747011,0.0026781444285031084,0.23199999999999998,0.992
969,000969.jpg,0.01,gate,1,250,167280,1.0,0.816,0.0,0.00585844093735055,0.007065997130559541,0.008034433285509325,0.18400000000000005,1.0
971,000971.jpg,1e-05,raw,1,262,162897,0.0,0.0,0.0,0.0,0.0,0.0003314978176393672,0.0,0.0
971,000971.jpg,3e-05,raw,1,262,162897,0.0,0.0,0.0,0.0,0.0,0.000577051756631491,0.0,0.0
971,000971.jpg,0.0001,raw,1,262,162897,0.0,0.0,0.0,0.0,0.0,0.0008226056956236149,0.0,0.0
971,000971.jpg,0.0003,gate,1,262,162897,0.8587786259541985,0.6145038167938931,0.0,0.0008471610895228273,4.297193932362168e-05,0.0012400473919102254,0.24427480916030542,0.8587786259541985
971,000971.jpg,0.001,gate,1,262,162897,0.9465648854961832,0.7175572519083969,0.0,0.0023204847234755705,0.0007243841200267653,0.0017557106637936856,0.2290076335877863,0.9465648854961832
971,000971.jpg,0.003,gate,1,262,162897,0.9923664122137404,0.7748091603053435,0.0,0.0039043076299747695,0.0011847977556369977,0.002406428602122814,0.21755725190839692,0.9923664122137404
971,000971.jpg,0.01,gate,1,262,162897,1.0,0.8320610687022901,0.0,0.0065071793832912825,0.006550151322614904,0.007955947623344813,0.16793893129770987,1.0
979,000979.jpg,1e-05,raw,2,2538,145381,0.0,0.0,0.0,0.0,0.0,0.0002063543379121068,0.0,0.0
979,000979.jpg,3e-05,raw,2,2538,145381,0.0,0.0,0.0,0.0,0.0,0.000282017595146546,0.0,0.0
979,000979.jpg,0.0001,raw,2,2538,145381,0.0,0.0,0.0,0.0,0.0,0.0005090073668498634,0.0,0.0
979,000979.jpg,0.0003,gate,2,2538,145381,0.7596532702915682,0.702521670606777,0.0,0.0005571567123626884,0.0,0.0008047819178572165,0.0571315996847912,0.7596532702915682
979,000979.jpg,0.001,gate,2,2538,145381,0.9026792750197006,0.8171788810086682,0.0,0.0007153617047619703,0.0,0.0012243690716118338,0.08550039401103238,0.9026792750197006
979,000979.jpg,0.003,gate,2,2538,145381,0.9846335697399528,0.8534278959810875,0.0,0.0009010806088828664,4.8149345512824924e-05,0.001767768828113715,0.13120567375886527,0.9846335697399528
979,000979.jpg,0.01,gate,2,2538,145381,0.9988179669030733,0.905043341213554,0.0003940110323089047,0.0012931538509158692,0.002909596164560706,0.006871599452473157,0.09377462568951933,0.9984239558707645
981,000981.jpg,1e-05,raw,1,1790,160552,0.0,0.0,0.0,0.0,0.0,0.000305197070108127,0.0,0.0
981,000981.jpg,3e-05,raw,1,1790,160552,0.0,0.0,0.0,0.0,0.0,0.0007349643729134486,0.0,0.0
981,000981.jpg,0.0001,raw,1,1790,160552,0.0,0.0,0.0,0.0,0.0,0.0010713040011958743,0.0,0.0
981,000981.jpg,0.0003,gate,1,1790,160552,0.11452513966480447,0.6223463687150838,0.0,0.0019246100951716579,0.0,0.0015072998156360556,-0.5078212290502793,0.11452513966480447
981,000981.jpg,0.001,gate,1,1790,160552,0.764804469273743,0.7491620111731844,0.0,0.002317006328167821,0.0,0.0021426080023917485,0.015642458100558643,0.764804469273743
981,000981.jpg,0.003,gate,1,1790,160552,0.9290502793296089,0.7949720670391062,0.0,0.0029834570730978126,0.0,0.0027779161891474413,0.13407821229050276,0.9290502793296089
981,000981.jpg,0.01,gate,1,1790,160552,0.9854748603351955,0.858659217877095,0.0,0.003768249539090139,0.0024664906074044544,0.007567641636354577,0.1268156424581005,0.9854748603351955
989,000989.jpg,1e-05,raw,1,896,173182,0.0,0.0,0.0,0.0,0.0,0.0,0.0,0.0
989,000989.jpg,3e-05,raw,1,896,173182,0.0,0.0,0.0,0.0,0.0,5.774272152995115e-06,0.0,0.0
989,000989.jpg,0.0001,raw,1,896,173182,0.0,0.0,0.0,0.0,0.0,1.154854430599023e-05,0.0,0.0
989,000989.jpg,0.0003,gate,1,896,173182,0.890625,0.7131696428571429,0.0,1.7322816458985345e-05,0.0,6.351699368294626e-05,0.1774553571428571,0.890625
989,000989.jpg,0.001,gate,1,896,173182,0.9743303571428571,0.8113839285714286,0.0,5.774272152995115e-05,0.0002598422468847802,0.000150131075977873,0.1629464285714285,0.9743303571428571
989,000989.jpg,0.003,gate,1,896,173182,1.0,0.8381696428571429,0.0,0.00033490778487371665,0.0017207331015925442,0.0004619417722396092,0.1618303571428571,1.0
989,000989.jpg,0.01,gate,1,896,173182,1.0,0.8850446428571429,0.0,0.0041228303172385124,0.013540668198773545,0.005191070665542609,0.1149553571428571,1.0
991,000991.jpg,1e-05,raw,1,1077,169973,0.0,0.0,0.0,0.0,0.0,0.0,0.0,0.0
991,000991.jpg,3e-05,raw,1,1077,169973,0.0,0.0,0.0,0.0,0.0,5.8832873456372485e-06,0.0,0.0
991,000991.jpg,0.0001,raw,1,1077,169973,0.0,0.0,0.0,0.0,0.0,3.529972407382349e-05,0.0,0.0
991,000991.jpg,0.0003,gate,1,1077,169973,0.8597957288765088,0.6425255338904364,0.0,3.529972407382349e-05,0.0,0.00010589917222147047,0.21727019498607236,0.8597957288765088
991,000991.jpg,0.001,gate,1,1077,169973,0.9814298978644382,0.7520891364902507,0.0,6.471616080200974e-05,0.00011766574691274497,0.00024121478117112717,0.22934076137418757,0.9814298978644382
991,000991.jpg,0.003,gate,1,1077,169973,1.0,0.7836583101207056,0.0,0.0002941643672818624,0.0013237396527683808,0.0005530290104899013,0.21634168987929436,1.0
991,000991.jpg,0.01,gate,1,1077,169973,1.0,0.8430826369545033,0.0,0.003200508316026663,0.012596118207009349,0.00538909120860372,0.15691736304549675,1.0
999,000999.jpg,1e-05,raw,1,1203,168600,0.0,0.0,0.0,0.0,0.0,1.779359430604982e-05,0.0,0.0
999,000999.jpg,3e-05,raw,1,1203,168600,0.0,0.0,0.0,0.0,0.0,8.896797153024912e-05,0.0,0.0
999,000999.jpg,0.0001,raw,1,1203,168600,0.0,0.0,0.0,0.0,0.0,0.00012455516014234875,0.0,0.0
999,000999.jpg,0.0003,gate,1,1203,168600,0.7664172901080631,0.6541978387364921,0.0,0.0005456702253855279,0.0,0.00027283511269276395,0.11221945137157108,0.7664172901080631
999,000999.jpg,0.001,gate,1,1203,168600,0.9260182876142976,0.7738985868661679,0.0,0.0007769869513641756,0.00014234875444839857,0.0006109134045077106,0.15211970074812975,0.9260182876142976
999,000999.jpg,0.003,gate,1,1203,168600,1.0,0.7930174563591023,0.0,0.0011981020166073547,0.00066429418742586,0.0010379596678529062,0.20698254364089774,1.0
999,000999.jpg,0.01,gate,1,1203,168600,1.0,0.8778054862842892,0.0,0.0050059311981020165,0.008914590747330961,0.0059845788849347565,0.12219451371571077,1.0
1001,001001.jpg,1e-05,raw,1,813,179995,0.0,0.0,0.0,0.0,0.0,2.7778549404150115e-05,0.0,0.0
1001,001001.jpg,3e-05,raw,1,813,179995,0.0,0.0,0.0,0.0,0.0,6.666851856996028e-05,0.0,0.0
1001,001001.jpg,0.0001,raw,1,813,179995,0.0,0.0,0.0,0.0,0.0,0.00015555987666324064,0.0,0.0
1001,001001.jpg,0.0003,gate,1,813,179995,0.8819188191881919,0.7749077490774908,0.0,0.0016056001555598766,0.0007166865746270729,0.00032778688296897137,0.1070110701107011,0.8819188191881919
1001,001001.jpg,0.001,gate,1,813,179995,0.9692496924969249,0.8462484624846248,0.0,0.00496124892358121,0.0029500819467207424,0.0005777938276063224,0.12300123001230012,0.9692496924969249
1001,001001.jpg,0.003,gate,1,813,179995,1.0,0.8757687576875769,0.0,0.009166921303369538,0.004283452318119948,0.001222256173782605,0.1242312423124231,1.0
1001,001001.jpg,0.01,gate,1,813,179995,1.0,0.9298892988929889,0.00984009840098401,0.012989249701380594,0.012339231645323481,0.006066835189866385,0.07011070110701112,0.990159901599016
1009,001009.jpg,1e-05,raw,2,1821,160280,0.0,0.0,0.0,0.0,0.0,0.0,0.0,0.0
1009,001009.jpg,3e-05,raw,2,1821,160280,0.0,0.0,0.0,0.0,0.0,0.0,0.0,0.0
1009,001009.jpg,0.0001,raw,2,1821,160280,0.0,0.0,0.0,0.0,0.0,6.239081607187422e-06,0.0,0.0
1009,001009.jpg,0.0003,gate,2,1821,160280,0.8380010982976387,0.6293245469522241,0.0,0.0,0.0,4.991265285749938e-05,0.20867655134541463,0.8380010982976387
1009,001009.jpg,0.001,gate,2,1821,160280,0.9802306425041186,0.8363536518396485,0.0,7.486897928624906e-05,0.000680059895183429,0.00014349887696531071,0.14387699066447013,0.9802306425041186
1009,001009.jpg,0.003,gate,2,1821,160280,1.0,0.8907193849533224,0.0,0.0006925380583978039,0.0027140004991265286,0.0003618667332168705,0.10928061504667763,1.0
1009,001009.jpg,0.01,gate,2,1821,160280,1.0,0.9412410763316859,0.0016474464579901153,0.004398552533067132,0.013888195657599202,0.004679311205390567,0.058758923668314145,0.9983525535420099
1011,001011.jpg,1e-05,raw,1,336,159119,0.0,0.0,0.0,0.0,0.0,0.0,0.0,0.0
1011,001011.jpg,3e-05,raw,1,336,159119,0.0,0.0,0.0,0.0,0.0,0.0,0.0,0.0
1011,001011.jpg,0.0001,raw,1,336,159119,0.3958333333333333,0.3958333333333333,0.0,0.009445760719964303,0.009445760719964303,0.0,0.0,0.3958333333333333
1011,001011.jpg,0.0003,gate,1,336,159119,0.5357142857142857,0.5386904761904762,0.005952380952380952,0.009483468347588911,0.009640583462691445,0.0,-0.0029761904761904656,0.5297619047619048
1011,001011.jpg,0.001,gate,1,336,159119,0.6458333333333334,0.6428571428571429,0.011904761904761904,0.010620981780931254,0.010602127967118949,0.0,0.0029761904761904656,0.6339285714285715
1011,001011.jpg,0.003,gate,1,336,159119,0.9017857142857143,0.6964285714285714,0.01488095238095238,0.014039806685562378,0.012085294653686863,2.5138418416405333e-05,0.2053571428571429,0.886904761904762
1011,001011.jpg,0.01,gate,1,336,159119,0.9940476190476191,0.7559523809523809,0.07142857142857142,0.02207153136960388,0.021229394352654304,0.0007101603202634507,0.23809523809523814,0.9226190476190477
1019,001019.jpg,1e-05,raw,3,1291,147465,0.0,0.0,0.0,0.0,0.0,0.0,0.0,0.0
1019,001019.jpg,3e-05,raw,3,1291,147465,0.0,0.0,0.0,0.0,0.0,0.0,0.0,0.0
1019,001019.jpg,0.0001,raw,3,1291,147465,0.0,0.0,0.0,0.0,0.0,0.0,0.0,0.0
1019,001019.jpg,0.0003,gate,3,1291,147465,0.0,0.0,0.0,0.0,0.0,2.0343810395687112e-05,0.0,0.0
1019,001019.jpg,0.001,gate,3,1291,147465,0.001549186676994578,0.0,0.0,3.390635065947852e-05,0.0,6.1031431187061336e-05,0.001549186676994578,0.001549186676994578
1019,001019.jpg,0.003,gate,3,1291,147465,0.005422153369481022,0.0,0.0,0.0032685722035737295,0.0,0.0001898755636930797,0.005422153369481022,0.005422153369481022
1019,001019.jpg,0.01,gate,3,1291,147465,0.07745933384972889,0.5646785437645236,0.23392718822618125,0.05399925406028549,0.12283592716915878,0.004258637642830502,-0.4872192099147947,-0.15646785437645236
1021,001021.jpg,1e-05,raw,2,162,150012,0.1728395061728395,0.1728395061728395,0.0,0.0018665173452790443,0.0018665173452790443,0.0,0.0,0.1728395061728395
1021,001021.jpg,3e-05,raw,2,162,150012,0.48148148148148145,0.48148148148148145,0.0,0.002019838412926966,0.002019838412926966,0.0,0.0,0.48148148148148145
1021,001021.jpg,0.0001,raw,2,162,150012,0.5555555555555556,0.5555555555555556,0.0,0.0020265045463029622,0.0020265045463029622,0.0001466549342719249,0.0,0.5555555555555556
1021,001021.jpg,0.0003,gate,2,162,150012,0.7037037037037037,0.7283950617283951,0.0,0.0020598352131829456,0.002053169079806949,0.001159907207423406,-0.024691358024691357,0.7037037037037037
1021,001021.jpg,0.001,gate,2,162,150012,0.8024691358024691,0.7962962962962963,0.0,0.0021264965469429114,0.0025397968162546997,0.0013465589419513107,0.006172839506172867,0.8024691358024691
1021,001021.jpg,0.003,gate,2,162,150012,0.9444444444444444,0.8518518518518519,0.0,0.002326480548222809,0.003539716822654188,0.0021598272138228943,0.09259259259259256,0.9444444444444444
1021,001021.jpg,0.01,gate,2,162,150012,0.9814814814814815,0.9135802469135802,0.05555555555555555,0.003033090686078447,0.010045862997626857,0.007946030984187932,0.06790123456790131,0.9259259259259259
1029,001029.jpg,1e-05,raw,5,436,133475,0.0,0.0,0.0,0.0,0.0,0.0,0.0,0.0
1029,001029.jpg,3e-05,raw,5,436,133475,0.0,0.0,0.0,0.0,0.0,5.244427795467316e-05,0.0,0.0
1029,001029.jpg,0.0001,raw,5,436,133475,0.0,0.0,0.0,0.0,0.0,0.00010488855590934632,0.0,0.0
1029,001029.jpg,0.0003,gate,5,436,133475,0.0,0.0,0.03211009174311927,0.0,0.0,0.00020977711181869265,0.0,-0.03211009174311927
1029,001029.jpg,0.001,gate,5,436,133475,0.0,0.0,0.23394495412844038,0.0,0.0,0.0003296497471436599,0.0,-0.23394495412844038
1029,001029.jpg,0.003,gate,5,436,133475,0.21559633027522937,0.0,0.4013761467889908,0.006607979022288818,0.0,0.0007042517325341824,0.21559633027522937,-0.18577981651376144
1029,001029.jpg,0.01,gate,5,436,133475,0.4059633027522936,0.39908256880733944,0.5091743119266054,0.05389773365798839,0.08385840044952238,0.00531934819254542,0.006880733944954143,-0.10321100917431186
1031,001031.jpg,1e-05,raw,3,1172,160080,0.0,0.0,0.0,0.0,0.0,1.2493753123438281e-05,0.0,0.0
1031,001031.jpg,3e-05,raw,3,1172,160080,0.0,0.0,0.0,0.0,0.0,2.4987506246876562e-05,0.0,0.0
1031,001031.jpg,0.0001,raw,3,1172,160080,0.0,0.0,0.0,0.0,0.0,0.00010619690154922538,0.0,0.0
1031,001031.jpg,0.0003,gate,3,1172,160080,0.33276450511945393,0.5477815699658704,0.0,0.0018615692153923038,0.010844577711144427,0.00021864067966016992,-0.21501706484641642,0.33276450511945393
1031,001031.jpg,0.001,gate,3,1172,160080,0.6126279863481229,0.6621160409556314,0.0,0.015735882058970516,0.02842953523238381,0.00044352823588205895,-0.04948805460750849,0.6126279863481229
1031,001031.jpg,0.003,gate,3,1172,160080,0.7627986348122867,0.7218430034129693,0.0008532423208191126,0.04592703648175912,0.03543228385807096,0.0008933033483258371,0.04095563139931746,0.7619453924914676
1031,001031.jpg,0.01,gate,3,1172,160080,0.9419795221843004,0.764505119453925,0.03498293515358362,0.059426536731634186,0.04555847076461769,0.005853323338330834,0.1774744027303754,0.9069965870307167
1039,001039.jpg,1e-05,raw,9,4677,119596,0.0,0.0,0.0,0.0,0.0,0.0,0.0,0.0
1039,001039.jpg,3e-05,raw,9,4677,119596,0.0,0.0,0.0,0.0,0.0,3.34459346466437e-05,0.0,0.0
1039,001039.jpg,0.0001,raw,9,4677,119596,0.0,0.0,0.0,0.0,0.0,5.016890196996555e-05,0.0,0.0
1039,001039.jpg,0.0003,gate,9,4677,119596,0.0,0.0,0.0,0.0,0.0,0.00010869928760159202,0.0,0.0
1039,001039.jpg,0.001,gate,9,4677,119596,0.004062433183664742,0.0,0.0,0.00010869928760159202,0.0,0.0001337837385865748,0.004062433183664742,0.004062433183664742
1039,001039.jpg,0.003,gate,9,4677,119596,0.08531109685695959,0.5899080607226855,0.007911054094505024,0.011371617779858859,0.06613933576373791,0.0003010134118197933,-0.504596963865726,0.07740004276245456
1039,001039.jpg,0.01,gate,9,4677,119596,0.6149240966431473,0.6756467821252939,0.15822108189010048,0.09731930833807151,0.09197632027827017,0.0034114853339576577,-0.060722685482146654,0.4567030147530468
1041,001041.jpg,1e-05,raw,4,553,149808,0.0,0.0,0.0,0.0,0.0,1.3350421873331197e-05,0.0,0.0
1041,001041.jpg,3e-05,raw,4,553,149808,0.0,0.0,0.0,0.0,0.0,5.340168749332479e-05,0.0,0.0
1041,001041.jpg,0.0001,raw,4,553,149808,0.0,0.0,0.0,0.0,0.0,0.00014685464060664317,0.0,0.0
1041,001041.jpg,0.0003,gate,4,553,149808,0.0,0.0,0.0,0.00011347858592331518,0.0,0.00029370928121328634,0.0,0.0
1041,001041.jpg,0.001,gate,4,553,149808,0.24050632911392406,0.0,0.11754068716094032,0.0012949909217131262,0.0,0.0005607177186799103,0.24050632911392406,0.12296564195298373
1041,001041.jpg,0.003,gate,4,553,149808,0.3688969258589512,0.34900542495479203,0.2730560578661845,0.023316511801772934,0.05155265406386842,0.001014632062373171,0.019891500904159143,0.0958408679927667
1041,001041.jpg,0.01,gate,4,553,149808,0.42857142857142855,0.41229656419529837,0.41952983725135623,0.11124906547046887,0.10170351383103705,0.005466997757129125,0.016274864376130183,0.009041591320072317
1049,001049.jpg,1e-05,raw,2,444,149724,0.0,0.0,0.0,0.0,0.0,0.0,0.0,0.0
1049,001049.jpg,3e-05,raw,2,444,149724,0.0,0.0,0.0,0.0,0.0,1.3357911891213166e-05,0.0,0.0
1049,001049.jpg,0.0001,raw,2,444,149724,0.0,0.0,0.0,0.0,0.0,6.0110603510459244e-05,0.0,0.0
1049,001049.jpg,0.0003,gate,2,444,149724,0.0,0.0,0.0,1.3357911891213166e-05,0.0,0.00010686329512970533,0.0,0.0
1049,001049.jpg,0.001,gate,2,444,149724,0.0,0.0,0.0,2.0036867836819747e-05,0.0,0.0010152013037322005,0.0,0.0
1049,001049.jpg,0.003,gate,2,444,149724,0.006756756756756757,0.0,0.0,0.0004675269161924608,0.0,0.0034530202238786034,0.006756756756756757,0.006756756756756757
1049,001049.jpg,0.01,gate,2,444,149724,0.04054054054054054,0.5022522522522522,0.0022522522522522522,0.0924300713312495,0.06268868050546339,0.009403969971414069,-0.46171171171171166,0.03828828828828829
1051,001051.jpg,1e-05,raw,1,454,145392,0.0,0.0,0.0,0.0,0.0,0.0,0.0,0.0
1051,001051.jpg,3e-05,raw,1,454,145392,0.0,0.0,0.0,0.0,0.0,0.0,0.0,0.0
1051,001051.jpg,0.0001,raw,1,454,145392,0.0,0.0,0.0,0.0,0.0,0.0,0.0,0.0
1051,001051.jpg,0.0003,gate,1,454,145392,0.3392070484581498,0.0,0.0,4.814570265214042e-05,0.0,0.0010248156707384176,0.3392070484581498,0.3392070484581498
1051,001051.jpg,0.001,gate,1,454,145392,0.8039647577092511,0.4801762114537445,0.0,0.0037553648068669528,0.006795422031473534,0.002132166831737647,0.3237885462555066,0.8039647577092511
1051,001051.jpg,0.003,gate,1,454,145392,0.9779735682819384,0.5418502202643172,0.0,0.008432375921646309,0.007070540332342908,0.002923131946737097,0.4361233480176212,0.9779735682819384
1051,001051.jpg,0.01,gate,1,454,145392,1.0,0.6607929515418502,0.0022026431718061676,0.0165414878397711,0.010151865302079894,0.009010124353471993,0.33920704845814975,0.9977973568281938
1059,001059.jpg,1e-05,raw,2,880,113729,0.0,0.0,0.0,0.0,0.0,0.0,0.0,0.0
1059,001059.jpg,3e-05,raw,2,880,113729,0.0,0.0,0.0,0.0,0.0,0.0,0.0,0.0
1059,001059.jpg,0.0001,raw,2,880,113729,0.0,0.0,0.0,0.0,0.0,1.7585664166571413e-05,0.0,0.0
1059,001059.jpg,0.0003,gate,2,880,113729,0.0,0.0,0.0,8.792832083285706e-06,0.0,0.0010199685216611418,0.0,0.0
1059,001059.jpg,0.001,gate,2,880,113729,0.0022727272727272726,0.0,0.0,0.00010551398499942846,0.0,0.0016178811033245699,0.0022727272727272726,0.0022727272727272726
1059,001059.jpg,0.003,gate,2,880,113729,0.3215909090909091,0.0,0.0022727272727272726,0.02408356707611955,0.0,0.0021102796999885693,0.3215909090909091,0.31931818181818183
1059,001059.jpg,0.01,gate,2,880,113729,0.7238636363636364,0.5511363636363636,0.005681818181818182,0.09221043005741719,0.042636442771852384,0.00859938977745342,0.17272727272727273,0.7181818181818181
1061,001061.jpg,1e-05,raw,2,730,155769,0.0,0.0,0.0,0.0,0.0,0.0,0.0,0.0
1061,001061.jpg,3e-05,raw,2,730,155769,0.0,0.0,0.0,0.0,0.0,1.2839525194358313e-05,0.0,0.0
1061,001061.jpg,0.0001,raw,2,730,155769,0.0,0.0,0.0027397260273972603,0.0,0.0,7.061738856897072e-05,0.0,-0.0027397260273972603
1061,001061.jpg,0.0003,gate,2,730,155769,0.6054794520547945,0.6616438356164384,0.00821917808219178,0.008666679506191861,0.008345691376332903,0.0002182719283040913,-0.05616438356164388,0.5972602739726027
1061,001061.jpg,0.001,gate,2,730,155769,0.673972602739726,0.7575342465753425,0.010958904109589041,0.009957051788224872,0.00860890164281725,0.0005007414825799742,-0.08356164383561648,0.663013698630137
1061,001061.jpg,0.003,gate,2,730,155769,0.7726027397260274,0.7931506849315069,0.019178082191780823,0.012268166323209368,0.009321495291104135,0.0009758039147712318,-0.020547945205479423,0.7534246575342466
1061,001061.jpg,0.01,gate,2,730,155769,0.9410958904109589,0.8493150684931506,0.06986301369863014,0.014701256347540268,0.016839037292400928,0.005919021114599182,0.09178082191780823,0.8712328767123287
1069,001069.jpg,1e-05,raw,3,1481,147983,0.0,0.0,0.0,0.0,0.0,1.3515065919734024e-05,0.0,0.0
1069,001069.jpg,3e-05,raw,3,1481,147983,0.0,0.0,0.0,0.0,0.0,0.00025678625247494644,0.0,0.0
1069,001069.jpg,0.0001,raw,3,1481,147983,0.0,0.0,0.0,0.0,0.0,0.0004662697742308238,0.0,0.0
1069,001069.jpg,0.0003,gate,3,1481,147983,0.0,0.0,0.0,0.00027705885135454746,0.0,0.0008041464222241744,0.0,0.0
1069,001069.jpg,0.001,gate,3,1481,147983,0.00337609723160027,0.0,0.0,0.003372008946973639,0.0,0.001142023070217525,0.00337609723160027,0.00337609723160027
1069,001069.jpg,0.003,gate,3,1481,147983,0.02025658338960162,0.5057393652937204,0.0006752194463200541,0.04383611631065731,0.08350283478507667,0.0014934147841306096,-0.4854827819041188,0.019581363943281565
1069,001069.jpg,0.01,gate,3,1481,147983,0.4699527346387576,0.5806887238352465,0.06144496961512492,0.11712156126041505,0.10064669590425927,0.006561564504030868,-0.11073598919648892,0.4085077650236327
1071,001071.jpg,1e-05,raw,1,234,149842,0.0,0.0,0.0,0.0,0.0,0.0,0.0,0.0
1071,001071.jpg,3e-05,raw,1,234,149842,0.0,0.0,0.0,0.0,0.0,0.0,0.0,0.0
1071,001071.jpg,0.0001,raw,1,234,149842,0.0,0.0,0.0,0.0,0.0,2.0021088880287235e-05,0.0,0.0
1071,001071.jpg,0.0003,gate,1,234,149842,0.0,0.0,0.0,3.336848146714539e-05,0.0,0.0001268002295751525,0.0,0.0
1071,001071.jpg,0.001,gate,1,234,149842,0.004273504273504274,0.0,0.0,0.00024692676285687594,0.0,0.0006606959330494788,0.004273504273504274,0.004273504273504274
1071,001071.jpg,0.003,gate,1,234,149842,0.004273504273504274,0.0,0.0,0.009002816299835827,0.0,0.00202880367320244,0.004273504273504274,0.004273504273504274
1071,001071.jpg,0.01,gate,1,234,149842,0.01282051282051282,0.405982905982906,0.008547008547008548,0.05872852738217589,0.05125398753353532,0.012566570120526956,-0.39316239316239315,0.004273504273504272
1079,001079.jpg,1e-05,raw,2,856,140971,0.0,0.0,0.0,0.0,0.0,0.0,0.0,0.0
1079,001079.jpg,3e-05,raw,2,856,140971,0.0,0.0,0.0,0.0,0.0,0.0,0.0,0.0
1079,001079.jpg,0.0001,raw,2,856,140971,0.0,0.0,0.0,0.0,0.0,0.00014187315121549823,0.0,0.0
1079,001079.jpg,0.0003,gate,2,856,140971,0.0011682242990654205,0.0,0.0011682242990654205,0.0,0.0,0.0004398067687680445,0.0011682242990654205,0.0
1079,001079.jpg,0.001,gate,2,856,140971,0.0011682242990654205,0.0,0.0011682242990654205,0.0,0.0,0.0018727255960445765,0.0011682242990654205,0.0
1079,001079.jpg,0.003,gate,2,856,140971,0.0689252336448598,0.0,0.002336448598130841,0.0016386348965390044,0.0,0.0024614991735888944,0.0689252336448598,0.06658878504672897
1079,001079.jpg,0.01,gate,2,856,140971,0.7184579439252337,0.610981308411215,0.004672897196261682,0.08635818714487377,0.05352164629604671,0.007044001957849487,0.10747663551401865,0.713785046728972
1081,001081.jpg,1e-05,raw,2,655,134753,0.0,0.0,0.0,0.0,0.0,0.0,0.0,0.0
1081,001081.jpg,3e-05,raw,2,655,134753,0.0,0.0,0.0,0.0,0.0,0.0,0.0,0.0
1081,001081.jpg,0.0001,raw,2,655,134753,0.0,0.0,0.0,0.0,0.0,0.00013357773110802727,0.0,0.0
1081,001081.jpg,0.0003,gate,2,655,134753,0.0,0.0,0.0015267175572519084,0.0,0.0,0.000942465102817748,0.0,-0.0015267175572519084
1081,001081.jpg,0.001,gate,2,655,134753,0.0,0.0,0.0015267175572519084,0.0,0.0,0.001461934057126743,0.0,-0.0015267175572519084
1081,001081.jpg,0.003,gate,2,655,134753,0.0,0.0,0.0015267175572519084,0.0,0.0,0.002181769608097779,0.0,-0.0015267175572519084
1081,001081.jpg,0.01,gate,2,655,134753,0.0,0.0,0.0015267175572519084,0.0002448925070313833,0.0,0.006278153362077282,0.0,-0.0015267175572519084
1089,001089.jpg,1e-05,raw,5,1914,122762,0.0,0.0,0.0,0.0,0.0,8.145843176227172e-06,0.0,0.0
1089,001089.jpg,3e-05,raw,5,1914,122762,0.0,0.0,0.0,0.0,0.0,0.00024437529528681515,0.0,0.0
1089,001089.jpg,0.0001,raw,5,1914,122762,0.0,0.0,0.0,0.0,0.0,0.00040729215881135856,0.0,0.0
1089,001089.jpg,0.0003,gate,5,1914,122762,0.0,0.0,0.0010449320794148381,0.0,0.0,0.0007249800426842182,0.0,-0.0010449320794148381
1089,001089.jpg,0.001,gate,5,1914,122762,0.0,0.0,0.001567398119122257,8.145843176227172e-06,0.0,0.0009693553379710334,0.0,-0.001567398119122257
1089,001089.jpg,0.003,gate,5,1914,122762,0.0005224660397074191,0.0,0.002612330198537095,0.00013847933399586192,0.0,0.0013522099672537103,0.0005224660397074191,-0.0020898641588296763
1089,001089.jpg,0.01,gate,5,1914,122762,0.0041797283176593526,0.0,0.00522466039707419,0.005677652693830339,0.0,0.004781609944445349,0.0041797283176593526,-0.0010449320794148377
1091,001091.jpg,1e-05,raw,13,6938,97778,0.0,0.0,0.0,0.0,0.0,2.0454498967047802e-05,0.0,0.0
1091,001091.jpg,3e-05,raw,13,6938,97778,0.0,0.0,0.0004324012683770539,0.0,0.0,0.0001840904907034302,0.0,-0.0004324012683770539
1091,001091.jpg,0.0001,raw,13,6938,97778,0.0,0.0,0.0007206687806284232,0.0,0.0,0.0003681809814068604,0.0,-0.0007206687806284232
1091,001091.jpg,0.0003,gate,13,6938,97778,0.0,0.0,0.0008648025367541078,2.0454498967047802e-05,0.0,0.0007363619628137208,0.0,-0.0008648025367541078
1091,001091.jpg,0.001,gate,13,6938,97778,0.0,0.0,0.0011530700490054772,3.06817484505717e-05,0.0,0.0009409069524841989,0.0,-0.0011530700490054772
1091,001091.jpg,0.003,gate,13,6938,97778,0.0012972038051311616,0.0,0.0018737388296339002,0.002914766102804312,0.0,0.001237497187506392,0.0012972038051311616,-0.0005765350245027386
1091,001091.jpg,0.01,gate,13,6938,97778,0.09743441914096282,0.0,0.004468146439896224,0.03955900100227045,0.0,0.004735216510871566,0.09743441914096282,0.0929662727010666
1099,001099.jpg,1e-05,raw,9,2313,144971,0.0,0.0,0.0,0.0,0.0,0.0,0.0,0.0
1099,001099.jpg,3e-05,raw,9,2313,144971,0.0,0.0,0.0,0.0,0.0,0.0,0.0,0.0
1099,001099.jpg,0.0001,raw,9,2313,144971,0.0,0.0,0.0,0.0,0.0,0.0,0.0,0.0
1099,001099.jpg,0.0003,gate,9,2313,144971,0.0,0.0,0.0,0.0,0.0,0.0,0.0,0.0
1099,001099.jpg,0.001,gate,9,2313,144971,0.17552961521833116,0.251621271076524,0.0,4.828551917280008e-05,0.0021659504314656035,0.0,-0.07609165585819283,0.17552961521833116
1099,001099.jpg,0.003,gate,9,2313,144971,0.7505404236921747,0.44574146130566367,0.0,0.000593222092694401,0.0023039090576736036,3.448965655200006e-05,0.304798962386511,0.7505404236921747
1099,001099.jpg,0.01,gate,9,2313,144971,0.9234760051880675,0.6428880242109815,0.0030263726761781237,0.003200640128025605,0.0034144759986480056,0.0003724882907616006,0.28058798097708604,0.9204496325118894
1101,001101.jpg,1e-05,raw,5,922,133276,0.0,0.0,0.0,0.0,0.0,0.0,0.0,0.0
1101,001101.jpg,3e-05,raw,5,922,133276,0.0,0.0,0.0,0.0,0.0,0.0,0.0,0.0
1101,001101.jpg,0.0001,raw,5,922,133276,0.0,0.0,0.0,0.0,0.0,0.0,0.0,0.0
1101,001101.jpg,0.0003,gate,5,922,133276,0.0,0.0,0.0,0.00021009033884570366,0.0,0.0,0.0,0.0
1101,001101.jpg,0.001,gate,5,922,133276,0.0,0.0,0.0,0.00695549086107026,0.0,0.0,0.0,0.0
1101,001101.jpg,0.003,gate,5,922,133276,0.04338394793926247,0.22017353579175705,0.0,0.033742009063897474,0.011765058975359404,0.0,-0.17678958785249457,0.04338394793926247
1101,001101.jpg,0.01,gate,5,922,133276,0.38611713665943603,0.46963123644251625,0.028199566160520606,0.056004081755154714,0.03416218974158888,0.0004952129415648729,-0.08351409978308022,0.3579175704989154
1109,001109.jpg,1e-05,raw,11,2779,153432,0.0,0.0,0.0,0.0,0.0,0.0,0.0,0.0
1109,001109.jpg,3e-05,raw,11,2779,153432,0.0,0.0,0.0,0.0,0.0,0.0,0.0,0.0
1109,001109.jpg,0.0001,raw,11,2779,153432,0.0,0.0,0.0,0.0,0.0,0.0,0.0,0.0
1109,001109.jpg,0.0003,gate,11,2779,153432,0.0,0.0,0.0,3.9105271390583454e-05,0.0,0.0,0.0,0.0
1109,001109.jpg,0.001,gate,11,2779,153432,0.21914357682619648,0.4379273119827276,0.0,0.0011275353250951561,0.006726106679180353,0.0,-0.21878373515653113,0.21914357682619648
1109,001109.jpg,0.003,gate,11,2779,153432,0.8521050737675423,0.5807844548398705,0.0,0.00835549298712133,0.006726106679180353,0.0,0.2713206189276718,0.8521050737675423
1109,001109.jpg,0.01,gate,11,2779,153432,0.9672544080604534,0.7434328895286074,0.010075566750629723,0.013347932634652485,0.007645080556859064,7.821054278116691e-05,0.22382151853184595,0.9571788413098237
1111,001111.jpg,1e-05,raw,24,1454,148897,0.0,0.0,0.0,0.0,0.0,0.0,0.0,0.0
1111,001111.jpg,3e-05,raw,24,1454,148897,0.0,0.0,0.0,0.0,0.0,0.0,0.0,0.0
1111,001111.jpg,0.0001,raw,24,1454,148897,0.0,0.0,0.0,0.0,0.0,0.0,0.0,0.0
1111,001111.jpg,0.0003,gate,24,1454,148897,0.0,0.0,0.0,0.0025923960858848733,0.0,0.0,0.0,0.0
1111,001111.jpg,0.001,gate,24,1454,148897,0.017881705639614855,0.0,0.0,0.030725938064568123,0.0,0.0,0.017881705639614855,0.017881705639614855
1111,001111.jpg,0.003,gate,24,1454,148897,0.15818431911966988,0.32599724896836313,0.0,0.04551468464777665,0.019845933766294822,0.0,-0.16781292984869325,0.15818431911966988
1111,001111.jpg,0.01,gate,24,1454,148897,0.36519944979367264,0.45254470426409904,0.07702888583218707,0.055259676151970825,0.03624653283813643,0.00010074078053956762,-0.0873452544704264,0.28817056396148555
1119,001119.jpg,1e-05,raw,1,346,151056,0.0,0.0,0.0,0.0,0.0,0.0,0.0,0.0
1119,001119.jpg,3e-05,raw,1,346,151056,0.0,0.0,0.0,0.0,0.0,0.0,0.0,0.0
1119,001119.jpg,0.0001,raw,1,346,151056,0.0,0.0,0.0,0.0,0.0,0.0,0.0,0.0
1119,001119.jpg,0.0003,gate,1,346,151056,0.6242774566473989,0.546242774566474,0.0,0.001515994068424955,0.003217349857006673,0.0,0.0780346820809249,0.6242774566473989
1119,001119.jpg,0.001,gate,1,346,151056,0.9017341040462428,0.6763005780346821,0.0,0.0031312890583624618,0.0036344137273593897,0.0,0.22543352601156064,0.9017341040462428
1119,001119.jpg,0.003,gate,1,346,151056,0.9884393063583815,0.7254335260115607,0.0,0.005752833386293825,0.004011757229107086,1.3240122868340218e-05,0.26300578034682076,0.9884393063583815
1119,001119.jpg,0.01,gate,1,346,151056,1.0,0.7976878612716763,0.0,0.013544645694312043,0.008930462874695478,0.0001522614129859125,0.20231213872832365,1.0
1121,001121.jpg,1e-05,raw,11,2005,142926,0.0,0.0,0.0,0.0,0.0,0.0,0.0,0.0
1121,001121.jpg,3e-05,raw,11,2005,142926,0.0,0.0,0.0,0.0,0.0,0.0,0.0,0.0
1121,001121.jpg,0.0001,raw,11,2005,142926,0.0,0.0,0.0,0.0,0.0,0.0,0.0,0.0
1121,001121.jpg,0.0003,gate,11,2005,142926,0.016458852867830425,0.0,0.0,0.0,0.0,0.0,0.016458852867830425,0.016458852867830425
1121,001121.jpg,0.001,gate,11,2005,142926,0.6907730673316709,0.599501246882793,0.0,0.0001329359248842058,0.00023088871164098903,0.0,0.09127182044887783,0.6907730673316709
1121,001121.jpg,0.003,gate,11,2005,142926,0.9162094763092269,0.6623441396508728,0.0,0.0003918111470271329,0.0010494941438226775,0.0,0.2538653366583541,0.9162094763092269
1121,001121.jpg,0.01,gate,11,2005,142926,0.9830423940149626,0.7680798004987531,0.006483790523690773,0.005415389782125015,0.00861284860697144,0.0003218448707722878,0.2149625935162095,0.9765586034912719
1129,001129.jpg,1e-05,raw,9,2371,143985,0.0,0.0,0.0,0.0,0.0,0.0,0.0,0.0
1129,001129.jpg,3e-05,raw,9,2371,143985,0.0,0.0,0.0,0.0,0.0,0.0,0.0,0.0
1129,001129.jpg,0.0001,raw,9,2371,143985,0.0,0.0,0.0,0.0,0.0,0.0,0.0,0.0
1129,001129.jpg,0.0003,gate,9,2371,143985,0.0,0.0,0.0,0.0,0.0,0.0,0.0,0.0
1129,001129.jpg,0.001,gate,9,2371,143985,0.734289329396879,0.6938000843525939,0.0,0.00012501302218981145,0.00029864221967566064,0.0,0.04048924504428508,0.734289329396879
1129,001129.jpg,0.003,gate,9,2371,143985,0.943061999156474,0.7659215520877267,0.0,0.0005972844393513213,0.0007986943084349064,0.0,0.17714044706874732,0.943061999156474
1129,001129.jpg,0.01,gate,9,2371,143985,0.9924082665541966,0.849852382960776,0.00042176296921130323,0.004611591485224155,0.006993784074730006,0.0004028197381671702,0.14255588359342053,0.9919865035849853
1131,001131.jpg,1e-05,raw,7,2113,120209,0.0,0.0,0.0,0.0,0.0,0.0,0.0,0.0
1131,001131.jpg,3e-05,raw,7,2113,120209,0.0,0.0,0.0,0.0,0.0,0.0,0.0,0.0
1131,001131.jpg,0.0001,raw,7,2113,120209,0.0,0.0,0.0,0.0,0.0,1.6637689357702e-05,0.0,0.0
1131,001131.jpg,0.0003,gate,7,2113,120209,0.0,0.0,0.0,0.000124782670182765,0.0,1.6637689357702e-05,0.0,0.0
1131,001131.jpg,0.001,gate,7,2113,120209,0.6185518220539518,0.6422148603880738,0.0,0.0033109001821826985,0.010198903576271328,3.3275378715404e-05,-0.02366303833412209,0.6185518220539518
1131,001131.jpg,0.003,gate,7,2113,120209,0.9327969711310933,0.7075248461902508,0.0,0.009508439467926694,0.010198903576271328,8.318844678851001e-05,0.22527212494084248,0.9327969711310933
1131,001131.jpg,0.01,gate,7,2113,120209,0.9867486985328916,0.795551348793185,0.000946521533364884,0.01312713690322688,0.012744470047999733,0.0005906379721984211,0.1911973497397066,0.9858021769995268
1139,001139.jpg,1e-05,raw,6,1555,136764,0.0,0.0,0.0,0.0,0.0,0.0,0.0,0.0
1139,001139.jpg,3e-05,raw,6,1555,136764,0.0,0.0,0.0,0.0,0.0,0.0,0.0,0.0
1139,001139.jpg,0.0001,raw,6,1555,136764,0.0,0.0,0.0,0.0,0.0,0.0,0.0,0.0
1139,001139.jpg,0.0003,gate,6,1555,136764,0.12347266881028938,0.0,0.0,0.0,0.0,0.0,0.12347266881028938,0.12347266881028938
1139,001139.jpg,0.001,gate,6,1555,136764,0.5228295819935691,0.5897106109324759,0.0,0.0,0.0,7.3118656956509025e-06,-0.0668810289389068,0.5228295819935691
1139,001139.jpg,0.003,gate,6,1555,136764,0.8694533762057878,0.6302250803858521,0.0,6.580679126085812e-05,0.0,5.849492556520722e-05,0.23922829581993565,0.8694533762057878
1139,001139.jpg,0.01,gate,6,1555,136764,0.9569131832797427,0.6964630225080386,0.0,0.000672691643999883,1.4623731391301805e-05,0.011954900412389224,0.26045016077170413,0.9569131832797427
1141,001141.jpg,1e-05,raw,2,384,135831,0.0,0.0,0.0,0.0,0.0,0.0,0.0,0.0
1141,001141.jpg,3e-05,raw,2,384,135831,0.0,0.0,0.0,0.0,0.0,0.0,0.0,0.0
1141,001141.jpg,0.0001,raw,2,384,135831,0.0,0.0,0.0,0.0,0.0,0.0,0.0,0.0
1141,001141.jpg,0.0003,gate,2,384,135831,0.09635416666666667,0.0,0.0,0.0,0.0,0.0,0.09635416666666667,0.09635416666666667
1141,001141.jpg,0.001,gate,2,384,135831,0.5442708333333334,0.5416666666666666,0.0,3.6810448277639125e-05,3.6810448277639125e-05,0.0,0.0026041666666667407,0.5442708333333334
1141,001141.jpg,0.003,gate,2,384,135831,0.8854166666666666,0.5963541666666666,0.0,0.00010306925517738955,3.6810448277639125e-05,0.0,0.2890625,0.8854166666666666
1141,001141.jpg,0.01,gate,2,384,135831,0.9895833333333334,0.6770833333333334,0.0,0.01089589269018118,0.0009791579241852006,0.00013251761379950086,0.3125,0.9895833333333334
1149,001149.jpg,1e-05,raw,17,1325,151719,0.0,0.0,0.0,0.0,0.0,0.0,0.0,0.0
1149,001149.jpg,3e-05,raw,17,1325,151719,0.0,0.0,0.0,0.0,0.0,0.0,0.0,0.0
1149,001149.jpg,0.0001,raw,17,1325,151719,0.0,0.0,0.0,0.0,0.0,0.0,0.0,0.0
1149,001149.jpg,0.0003,gate,17,1325,151719,0.4369811320754717,0.33433962264150946,0.0,0.0010479900342079767,0.0020762066715441048,0.0,0.10264150943396222,0.4369811320754717
1149,001149.jpg,0.001,gate,17,1325,151719,0.5788679245283019,0.5456603773584906,0.0,0.0017005121309789809,0.0020762066715441048,6.591132290616205e-06,0.033207547169811336,0.5788679245283019
1149,001149.jpg,0.003,gate,17,1325,151719,0.7713207547169811,0.5932075471698113,0.020377358490566037,0.001964157422603629,0.0020762066715441048,1.9773396871848616e-05,0.17811320754716986,0.7509433962264151
1149,001149.jpg,0.01,gate,17,1325,151719,0.9222641509433962,0.6679245283018868,0.21056603773584906,0.004244689195156836,0.0028737336787086655,0.0002636452916246482,0.25433962264150944,0.7116981132075472
1151,001151.jpg,1e-05,raw,5,707,161904,0.0,0.0,0.0,0.0,0.0,6.17649965411602e-06,0.0,0.0
1151,001151.jpg,3e-05,raw,5,707,161904,0.0,0.0,0.0,0.0,0.0,4.323549757881213e-05,0.0,0.0
1151,001151.jpg,0.0001,raw,5,707,161904,0.0,0.0,0.0,0.0,0.0,0.00011117699377408835,0.0,0.0
1151,001151.jpg,0.0003,gate,5,707,161904,0.2828854314002829,0.0,0.05091937765205092,6.17649965411602e-05,0.0,0.00024088348651052477,0.2828854314002829,0.23196605374823195
1151,001151.jpg,0.001,gate,5,707,161904,0.39603960396039606,0.5021216407355021,0.173974540311174,0.0036441347959284514,0.026225417531376617,0.0005435319695622097,-0.10608203677510608,0.22206506364922207
1151,001151.jpg,0.003,gate,5,707,161904,0.5106082036775106,0.5445544554455446,0.256011315417256,0.03954195078565076,0.040511661231346974,0.0008523569522680107,-0.03394625176803401,0.25459688826025456
1151,001151.jpg,0.01,gate,5,707,161904,0.6039603960396039,0.6166902404526167,0.4002828854314003,0.07291975491649373,0.05975145765391837,0.005546496689396186,-0.012729844413012725,0.20367751060820366
1159,001159.jpg,1e-05,raw,10,1808,161625,0.0,0.0,0.0,0.0,0.0,0.0,0.0,0.0
1159,001159.jpg,3e-05,raw,10,1808,161625,0.0,0.0,0.0,0.0,0.0,0.0,0.0,0.0
1159,001159.jpg,0.0001,raw,10,1808,161625,0.0,0.0,0.0,0.0,0.0,0.0,0.0,0.0
1159,001159.jpg,0.0003,gate,10,1808,161625,0.0,0.0,0.0,0.0,0.0,1.8561484918793502e-05,0.0,0.0
1159,001159.jpg,0.001,gate,10,1808,161625,0.0005530973451327434,0.0,0.0,1.2374323279195669e-05,0.0,6.187161639597834e-05,0.0005530973451327434,0.0005530973451327434
1159,001159.jpg,0.003,gate,10,1808,161625,0.0011061946902654867,0.0,0.0005530973451327434,0.00014849187935034802,0.0,0.00018561484918793505,0.0011061946902654867,0.0005530973451327434
1159,001159.jpg,0.01,gate,10,1808,161625,0.015486725663716814,0.0,0.1415929203539823,0.005054911059551431,0.0,0.0046589327146171694,0.015486725663716814,-0.1261061946902655
