calibration_mode,residual_safety_factor,gate_margin_scale,asset,pfa_target,n_items,tpsscs_pd,raw_pd,lowrank_pd,delta_vs_raw,delta_vs_lowrank,tpsscs_empirical_pfa,raw_empirical_pfa,lowrank_empirical_pfa,tpsscs_false_alarms_total,background_count_total,pfa_ceiling,tpsscs_pfa_calibrated,raw_pfa_calibrated,lowrank_pfa_calibrated,beats_raw,beats_lowrank
cross_asset_target_free_conservative,1.0,0.0,combined,1e-05,210,0.6282695312620552,0.12220554283184845,0.513331233955522,0.5060639884302067,0.11493829730653315,0.0008985216362404732,4.544282647510391e-05,0.0008391188176972804,12357,13754674,1.0600000000000002e-05,False,False,False,True,True
cross_asset_target_free_conservative,1.0,0.0,combined,3e-05,210,0.6662504182182173,0.16700412319935337,0.5613663454079485,0.4992462950188639,0.10488407281026879,0.001204715315273057,9.953713382807898e-05,0.0011501841367297623,16568,13754674,3.16e-05,False,False,False,True,True
cross_asset_target_free_conservative,1.0,0.0,combined,0.0001,210,0.7216382937979516,0.22923245012073215,0.630310375659371,0.4924058436772195,0.09132791813858065,0.002012549480513305,0.0002884280544882893,0.001965507611697268,27678,13754674,0.00010510000000000001,False,False,False,True,True
cross_asset_target_free_conservative,1.0,0.0,combined,0.0003,210,0.7698730848211511,0.29418924741081026,0.6888662992191843,0.47568383741034087,0.08100678560196684,0.003687328204156943,0.0006449064626953748,0.0036449398383919074,50711,13754674,0.00031509999999999996,False,False,False,True,True
cross_asset_target_free_conservative,1.0,0.0,combined,0.001,210,0.8252524119128815,0.380548245630504,0.7553263807331801,0.44470416628237747,0.06992603117970131,0.008242396536499629,0.001681915118043382,0.008206406809212708,113357,13754674,0.0010501000000000002,False,False,False,True,True
cross_asset_target_free_conservative,1.0,0.0,combined,0.003,210,0.8590817280990691,0.48396699030234486,0.7983688821233255,0.3751147377967243,0.06071284597574367,0.01761029091367011,0.004224808094696713,0.01757990001793424,242196,13754674,0.0031501,False,False,False,True,True
cross_asset_target_free_conservative,1.0,0.0,combined,0.01,210,0.8998020307109299,0.6583200235528658,0.8479265679755843,0.24148200715806412,0.0518754627353456,0.04194985744763775,0.012027479069745767,0.041924483673523104,576951,13754674,0.0105001,False,False,False,True,True
cross_asset_target_free_conservative,1.0,0.0,simMed_test.mat,1e-05,105,0.6214431408645611,0.13754819506410546,0.48910183717549605,0.48389494580045567,0.13234130368906505,0.0008524921058462727,6.514651216398344e-05,0.0007757120073590253,5862,6877337,1.0600000000000002e-05,False,False,False,True,True
cross_asset_target_free_conservative,1.0,0.0,simMed_test.mat,3e-05,105,0.6466145420385699,0.18160627999140647,0.5239605361500035,0.4650082620471635,0.12265400588856645,0.0010309288110406248,0.00014250664763630603,0.0009601111249166191,7089,6877337,3.16e-05,False,False,False,True,True
cross_asset_target_free_conservative,1.0,0.0,simMed_test.mat,0.0001,105,0.7009194345002275,0.250506756769571,0.594211644415595,0.4504126777306565,0.10670779008463249,0.0014878502362916284,0.00042271621690726717,0.0014257579872761026,10231,6877337,0.00010510000000000001,False,False,False,True,True
cross_asset_target_free_conservative,1.0,0.0,simMed_test.mat,0.0003,105,0.7496290331944823,0.3203369562677633,0.6537447867743857,0.42929207692671895,0.09588424642009652,0.002232566461759633,0.0009715048995873241,0.002177018231763093,15352,6877337,0.00031509999999999996,False,False,False,True,True
cross_asset_target_free_conservative,1.0,0.0,simMed_test.mat,0.001,105,0.7961005495875318,0.4041410413752089,0.7145158195692578,0.39195950821232295,0.08158473001827404,0.0039193344548661265,0.002407599490845176,0.0038714936082983025,26951,6877337,0.0010501000000000002,False,False,False,True,True
cross_asset_target_free_conservative,1.0,0.0,simMed_test.mat,0.003,105,0.8299333792601997,0.5108081157703395,0.7584830392097079,0.31912526348986026,0.07145034005049178,0.00722041661844033,0.005741608073148579,0.007180283235227429,49651,6877337,0.0031501,False,False,False,True,True
cross_asset_target_free_conservative,1.0,0.0,simMed_test.mat,0.01,105,0.8805122675617398,0.6845606050330818,0.8194471753841114,0.19595166252865803,0.061065092177628455,0.016211022244717915,0.014851827714264533,0.016178014540570374,111476,6877337,0.0105001,False,False,False,True,True
cross_asset_target_free_conservative,1.0,0.0,simWind_test.mat,1e-05,105,0.6350959216595494,0.10686289059959145,0.537560630735548,0.528233031059958,0.09753529092400137,0.0009445511666346736,2.573914078622439e-05,0.0009025256280355355,6495,6877337,1.0600000000000002e-05,False,False,False,True,True
cross_asset_target_free_conservative,1.0,0.0,simWind_test.mat,3e-05,105,0.6858862943978645,0.15240196640730022,0.5987721546658935,0.5334843279905643,0.08711413973197102,0.0013785018195054892,5.65676200198519e-05,0.0013402571485429055,9479,6877337,3.16e-05,False,False,False,True,True
cross_asset_target_free_conservative,1.0,0.0,simWind_test.mat,0.0001,105,0.7423571530956755,0.20795814347189331,0.666409106903147,0.5343990096237822,0.07594804619252848,0.0025372487247349814,0.00015413989206931148,0.0025052572361184324,17447,6877337,0.00010510000000000001,False,False,False,True,True
cross_asset_target_free_conservative,1.0,0.0,simWind_test.mat,0.0003,105,0.79011713644782,0.2680415385538572,0.7239878116639831,0.5220755978939629,0.06612932478383693,0.005142089946554252,0.00031830802580342575,0.0051128614450207215,35359,6877337,0.00031509999999999996,False,False,False,True,True
cross_asset_target_free_conservative,1.0,0.0,simWind_test.mat,0.001,105,0.8544042742382313,0.3569554498857991,0.7961369418971025,0.4974488243524322,0.0582673323411288,0.012565458618133133,0.0009562307452415877,0.012541320010127113,86406,6877337,0.0010501000000000002,False,True,False,True,True
cross_asset_target_free_conservative,1.0,0.0,simWind_test.mat,0.003,105,0.8882300769379385,0.45712586483435036,0.8382547250369429,0.4311042121035882,0.04997535190099567,0.028000165208899887,0.002708008116244847,0.02797951680064105,192545,6877337,0.0031501,False,True,False,True,True
cross_asset_target_free_conservative,1.0,0.0,simWind_test.mat,0.01,105,0.9190917938601201,0.6320794420726498,0.8764059605670572,0.2870123517874703,0.04268583329306286,0.0676886926505576,0.009203130425227003,0.06767095280647582,465475,6877337,0.0105001,False,True,False,True,True
cross_asset_target_free_conservative,1.0,0.25,combined,1e-05,210,0.6282695312620552,0.12220554283184845,0.513331233955522,0.5060639884302067,0.11493829730653315,0.0008985216362404732,4.544282647510391e-05,0.0008391188176972804,12357,13754674,1.0600000000000002e-05,False,False,False,True,True
cross_asset_target_free_conservative,1.0,0.25,combined,3e-05,210,0.6662504182182173,0.16700412319935337,0.5613663454079485,0.4992462950188639,0.10488407281026879,0.001204715315273057,9.953713382807898e-05,0.0011501841367297623,16568,13754674,3.16e-05,False,False,False,True,True
cross_asset_target_free_conservative,1.0,0.25,combined,0.0001,210,0.7216382937979516,0.22923245012073215,0.630310375659371,0.4924058436772195,0.09132791813858065,0.002012549480513305,0.0002884280544882893,0.001965507611697268,27678,13754674,0.00010510000000000001,False,False,False,True,True
cross_asset_target_free_conservative,1.0,0.25,combined,0.0003,210,0.7698730848211511,0.29418924741081026,0.6888662992191843,0.47568383741034087,0.08100678560196684,0.003687328204156943,0.0006449064626953748,0.0036449398383919074,50711,13754674,0.00031509999999999996,False,False,False,True,True
cross_asset_target_free_conservative,1.0,0.25,combined,0.001,210,0.8252524119128815,0.380548245630504,0.7553263807331801,0.44470416628237747,0.06992603117970131,0.008242396536499629,0.001681915118043382,0.008206406809212708,113357,13754674,0.0010501000000000002,False,False,False,True,True
cross_asset_target_free_conservative,1.0,0.25,combined,0.003,210,0.8590817280990691,0.48396699030234486,0.7983688821233255,0.3751147377967243,0.06071284597574367,0.01761029091367011,0.004224808094696713,0.01757990001793424,242196,13754674,0.0031501,False,False,False,True,True
cross_asset_target_free_conservative,1.0,0.25,combined,0.01,210,0.8998020307109299,0.6583200235528658,0.8479265679755843,0.24148200715806412,0.0518754627353456,0.04194985744763775,0.012027479069745767,0.041924483673523104,576951,13754674,0.0105001,False,False,False,True,True
cross_asset_target_free_conservative,1.0,0.25,simMed_test.mat,1e-05,105,0.6214431408645611,0.13754819506410546,0.48910183717549605,0.48389494580045567,0.13234130368906505,0.0008524921058462727,6.514651216398344e-05,0.0007757120073590253,5862,6877337,1.0600000000000002e-05,False,False,False,True,True
cross_asset_target_free_conservative,1.0,0.25,simMed_test.mat,3e-05,105,0.6466145420385699,0.18160627999140647,0.5239605361500035,0.4650082620471635,0.12265400588856645,0.0010309288110406248,0.00014250664763630603,0.0009601111249166191,7089,6877337,3.16e-05,False,False,False,True,True
cross_asset_target_free_conservative,1.0,0.25,simMed_test.mat,0.0001,105,0.7009194345002275,0.250506756769571,0.594211644415595,0.4504126777306565,0.10670779008463249,0.0014878502362916284,0.00042271621690726717,0.0014257579872761026,10231,6877337,0.00010510000000000001,False,False,False,True,True
cross_asset_target_free_conservative,1.0,0.25,simMed_test.mat,0.0003,105,0.7496290331944823,0.3203369562677633,0.6537447867743857,0.42929207692671895,0.09588424642009652,0.002232566461759633,0.0009715048995873241,0.002177018231763093,15352,6877337,0.00031509999999999996,False,False,False,True,True
cross_asset_target_free_conservative,1.0,0.25,simMed_test.mat,0.001,105,0.7961005495875318,0.4041410413752089,0.7145158195692578,0.39195950821232295,0.08158473001827404,0.0039193344548661265,0.002407599490845176,0.0038714936082983025,26951,6877337,0.0010501000000000002,False,False,False,True,True
cross_asset_target_free_conservative,1.0,0.25,simMed_test.mat,0.003,105,0.8299333792601997,0.5108081157703395,0.7584830392097079,0.31912526348986026,0.07145034005049178,0.00722041661844033,0.005741608073148579,0.007180283235227429,49651,6877337,0.0031501,False,False,False,True,True
cross_asset_target_free_conservative,1.0,0.25,simMed_test.mat,0.01,105,0.8805122675617398,0.6845606050330818,0.8194471753841114,0.19595166252865803,0.061065092177628455,0.016211022244717915,0.014851827714264533,0.016178014540570374,111476,6877337,0.0105001,False,False,False,True,True
cross_asset_target_free_conservative,1.0,0.25,simWind_test.mat,1e-05,105,0.6350959216595494,0.10686289059959145,0.537560630735548,0.528233031059958,0.09753529092400137,0.0009445511666346736,2.573914078622439e-05,0.0009025256280355355,6495,6877337,1.0600000000000002e-05,False,False,False,True,True
cross_asset_target_free_conservative,1.0,0.25,simWind_test.mat,3e-05,105,0.6858862943978645,0.15240196640730022,0.5987721546658935,0.5334843279905643,0.08711413973197102,0.0013785018195054892,5.65676200198519e-05,0.0013402571485429055,9479,6877337,3.16e-05,False,False,False,True,True
cross_asset_target_free_conservative,1.0,0.25,simWind_test.mat,0.0001,105,0.7423571530956755,0.20795814347189331,0.666409106903147,0.5343990096237822,0.07594804619252848,0.0025372487247349814,0.00015413989206931148,0.0025052572361184324,17447,6877337,0.00010510000000000001,False,False,False,True,True
cross_asset_target_free_conservative,1.0,0.25,simWind_test.mat,0.0003,105,0.79011713644782,0.2680415385538572,0.7239878116639831,0.5220755978939629,0.06612932478383693,0.005142089946554252,0.00031830802580342575,0.0051128614450207215,35359,6877337,0.00031509999999999996,False,False,False,True,True
cross_asset_target_free_conservative,1.0,0.25,simWind_test.mat,0.001,105,0.8544042742382313,0.3569554498857991,0.7961369418971025,0.4974488243524322,0.0582673323411288,0.012565458618133133,0.0009562307452415877,0.012541320010127113,86406,6877337,0.0010501000000000002,False,True,False,True,True
cross_asset_target_free_conservative,1.0,0.25,simWind_test.mat,0.003,105,0.8882300769379385,0.45712586483435036,0.8382547250369429,0.4311042121035882,0.04997535190099567,0.028000165208899887,0.002708008116244847,0.02797951680064105,192545,6877337,0.0031501,False,True,False,True,True
cross_asset_target_free_conservative,1.0,0.25,simWind_test.mat,0.01,105,0.9190917938601201,0.6320794420726498,0.8764059605670572,0.2870123517874703,0.04268583329306286,0.0676886926505576,0.009203130425227003,0.06767095280647582,465475,6877337,0.0105001,False,True,False,True,True
cross_asset_target_free_conservative,1.0,1.0,combined,1e-05,210,0.6279894192172374,0.12220554283184845,0.513331233955522,0.5057838763853889,0.11465818526171534,0.0008985216362404732,4.544282647510391e-05,0.0008391188176972804,12357,13754674,1.0600000000000002e-05,False,False,False,True,True
cross_asset_target_free_conservative,1.0,1.0,combined,3e-05,210,0.6659703061733994,0.16700412319935337,0.5613663454079485,0.498966182974046,0.10460396076545087,0.001204715315273057,9.953713382807898e-05,0.0011501841367297623,16568,13754674,3.16e-05,False,False,False,True,True
cross_asset_target_free_conservative,1.0,1.0,combined,0.0001,210,0.7213581817531337,0.22923245012073215,0.630310375659371,0.4921257316324016,0.09104780609376273,0.002012549480513305,0.0002884280544882893,0.001965507611697268,27678,13754674,0.00010510000000000001,False,False,False,True,True
cross_asset_target_free_conservative,1.0,1.0,combined,0.0003,210,0.7695929727763332,0.29418924741081026,0.6888662992191843,0.47540372536552294,0.08072667355714891,0.003687328204156943,0.0006449064626953748,0.0036449398383919074,50711,13754674,0.00031509999999999996,False,False,False,True,True
cross_asset_target_free_conservative,1.0,1.0,combined,0.001,210,0.8249722998680635,0.380548245630504,0.7553263807331801,0.44442405423755954,0.06964591913488338,0.008242396536499629,0.001681915118043382,0.008206406809212708,113357,13754674,0.0010501000000000002,False,False,False,True,True
cross_asset_target_free_conservative,1.0,1.0,combined,0.003,210,0.8588016160542511,0.48396699030234486,0.7983688821233255,0.37483462575190624,0.06043273393092563,0.01761029091367011,0.004224808094696713,0.01757990001793424,242196,13754674,0.0031501,False,False,False,True,True
cross_asset_target_free_conservative,1.0,1.0,combined,0.01,210,0.899521918666112,0.6583200235528658,0.8479265679755843,0.2412018951132462,0.051595350690527675,0.04194985744763775,0.012027479069745767,0.041924483673523104,576951,13754674,0.0105001,False,False,False,True,True
cross_asset_target_free_conservative,1.0,1.0,simMed_test.mat,1e-05,105,0.6208829167749252,0.13754819506410546,0.48910183717549605,0.4833347217108198,0.1317810795994292,0.0008524921058462727,6.514651216398344e-05,0.0007757120073590253,5862,6877337,1.0600000000000002e-05,False,False,False,True,True
cross_asset_target_free_conservative,1.0,1.0,simMed_test.mat,3e-05,105,0.6460543179489341,0.18160627999140647,0.5239605361500035,0.46444803795752765,0.1220937817989306,0.0010309288110406248,0.00014250664763630603,0.0009601111249166191,7089,6877337,3.16e-05,False,False,False,True,True
cross_asset_target_free_conservative,1.0,1.0,simMed_test.mat,0.0001,105,0.7003592104105918,0.250506756769571,0.594211644415595,0.4498524536410208,0.10614756599499675,0.0014878502362916284,0.00042271621690726717,0.0014257579872761026,10231,6877337,0.00010510000000000001,False,False,False,True,True
cross_asset_target_free_conservative,1.0,1.0,simMed_test.mat,0.0003,105,0.7490688091048463,0.3203369562677633,0.6537447867743857,0.428731852837083,0.09532402233046056,0.002232566461759633,0.0009715048995873241,0.002177018231763093,15352,6877337,0.00031509999999999996,False,False,False,True,True
cross_asset_target_free_conservative,1.0,1.0,simMed_test.mat,0.001,105,0.795540325497896,0.4041410413752089,0.7145158195692578,0.3913992841226871,0.08102450592863819,0.0039193344548661265,0.002407599490845176,0.0038714936082983025,26951,6877337,0.0010501000000000002,False,False,False,True,True
cross_asset_target_free_conservative,1.0,1.0,simMed_test.mat,0.003,105,0.8293731551705639,0.5108081157703395,0.7584830392097079,0.3185650394002244,0.07089011596085593,0.00722041661844033,0.005741608073148579,0.007180283235227429,49651,6877337,0.0031501,False,False,False,True,True
cross_asset_target_free_conservative,1.0,1.0,simMed_test.mat,0.01,105,0.879952043472104,0.6845606050330818,0.8194471753841114,0.19539143843902218,0.0605048680879926,0.016211022244717915,0.014851827714264533,0.016178014540570374,111476,6877337,0.0105001,False,False,False,True,True
cross_asset_target_free_conservative,1.0,1.0,simWind_test.mat,1e-05,105,0.6350959216595494,0.10686289059959145,0.537560630735548,0.528233031059958,0.09753529092400137,0.0009445511666346736,2.573914078622439e-05,0.0009025256280355355,6495,6877337,1.0600000000000002e-05,False,False,False,True,True
cross_asset_target_free_conservative,1.0,1.0,simWind_test.mat,3e-05,105,0.6858862943978645,0.15240196640730022,0.5987721546658935,0.5334843279905643,0.08711413973197102,0.0013785018195054892,5.65676200198519e-05,0.0013402571485429055,9479,6877337,3.16e-05,False,False,False,True,True
cross_asset_target_free_conservative,1.0,1.0,simWind_test.mat,0.0001,105,0.7423571530956755,0.20795814347189331,0.666409106903147,0.5343990096237822,0.07594804619252848,0.0025372487247349814,0.00015413989206931148,0.0025052572361184324,17447,6877337,0.00010510000000000001,False,False,False,True,True
cross_asset_target_free_conservative,1.0,1.0,simWind_test.mat,0.0003,105,0.79011713644782,0.2680415385538572,0.7239878116639831,0.5220755978939629,0.06612932478383693,0.005142089946554252,0.00031830802580342575,0.0051128614450207215,35359,6877337,0.00031509999999999996,False,False,False,True,True
cross_asset_target_free_conservative,1.0,1.0,simWind_test.mat,0.001,105,0.8544042742382313,0.3569554498857991,0.7961369418971025,0.4974488243524322,0.0582673323411288,0.012565458618133133,0.0009562307452415877,0.012541320010127113,86406,6877337,0.0010501000000000002,False,True,False,True,True
cross_asset_target_free_conservative,1.0,1.0,simWind_test.mat,0.003,105,0.8882300769379385,0.45712586483435036,0.8382547250369429,0.4311042121035882,0.04997535190099567,0.028000165208899887,0.002708008116244847,0.02797951680064105,192545,6877337,0.0031501,False,True,False,True,True
cross_asset_target_free_conservative,1.0,1.0,simWind_test.mat,0.01,105,0.9190917938601201,0.6320794420726498,0.8764059605670572,0.2870123517874703,0.04268583329306286,0.0676886926505576,0.009203130425227003,0.06767095280647582,465475,6877337,0.0105001,False,True,False,True,True
cross_asset_target_free_conservative,1.0,4.0,combined,1e-05,210,0.6277373183769013,0.12220554283184845,0.513331233955522,0.5055317755450528,0.11440608442137923,0.0008979399351772772,4.544282647510391e-05,0.0008391188176972804,12349,13754674,1.0600000000000002e-05,False,False,False,True,True
cross_asset_target_free_conservative,1.0,4.0,combined,3e-05,210,0.6657182053330631,0.16700412319935337,0.5613663454079485,0.49871408213370977,0.10435185992511464,0.0012041336142098612,9.953713382807898e-05,0.0011501841367297623,16560,13754674,3.16e-05,False,False,False,True,True
cross_asset_target_free_conservative,1.0,4.0,combined,0.0001,210,0.7211994515944036,0.22923245012073215,0.630310375659371,0.49196700147367145,0.09088907593503259,0.0020120405102668107,0.0002884280544882893,0.001965507611697268,27671,13754674,0.00010510000000000001,False,False,False,True,True
cross_asset_target_free_conservative,1.0,4.0,combined,0.0003,210,0.7694342426176031,0.29418924741081026,0.6888662992191843,0.4752449952067928,0.08056794339841877,0.0036868192339104488,0.0006449064626953748,0.0036449398383919074,50704,13754674,0.00031509999999999996,False,False,False,True,True
cross_asset_target_free_conservative,1.0,4.0,combined,0.001,210,0.8248135697093334,0.380548245630504,0.7553263807331801,0.4442653240788294,0.06948718897615325,0.008241887566253134,0.001681915118043382,0.008206406809212708,113350,13754674,0.0010501000000000002,False,False,False,True,True
cross_asset_target_free_conservative,1.0,4.0,combined,0.003,210,0.858642885895521,0.48396699030234486,0.7983688821233255,0.3746758955931761,0.060274003772195495,0.017609781943423615,0.004224808094696713,0.01757990001793424,242189,13754674,0.0031501,False,False,False,True,True
cross_asset_target_free_conservative,1.0,4.0,combined,0.01,210,0.899521918666112,0.6583200235528658,0.8479265679755843,0.2412018951132462,0.051595350690527675,0.04194934847739126,0.012027479069745767,0.041924483673523104,576944,13754674,0.0105001,False,False,False,True,True
cross_asset_target_free_conservative,1.0,4.0,simMed_test.mat,1e-05,105,0.620378715094253,0.13754819506410546,0.48910183717549605,0.4828305200301476,0.13127687791875697,0.0008516196158790152,6.514651216398344e-05,0.0007757120073590253,5856,6877337,1.0600000000000002e-05,False,False,False,True,True
cross_asset_target_free_conservative,1.0,4.0,simMed_test.mat,3e-05,105,0.6455501162682619,0.18160627999140647,0.5239605361500035,0.4639438362768554,0.12158958011825838,0.0010300563210733672,0.00014250664763630603,0.0009601111249166191,7083,6877337,3.16e-05,False,False,False,True,True
cross_asset_target_free_conservative,1.0,4.0,simMed_test.mat,0.0001,105,0.7000417500931313,0.250506756769571,0.594211644415595,0.4495349933235603,0.10583010567753626,0.001486977746324371,0.00042271621690726717,0.0014257579872761026,10225,6877337,0.00010510000000000001,False,False,False,True,True
cross_asset_target_free_conservative,1.0,4.0,simMed_test.mat,0.0003,105,0.748751348787386,0.3203369562677633,0.6537447867743857,0.4284143925196227,0.09500656201300028,0.0022316939717923756,0.0009715048995873241,0.002177018231763093,15346,6877337,0.00031509999999999996,False,False,False,True,True
cross_asset_target_free_conservative,1.0,4.0,simMed_test.mat,0.001,105,0.7952228651804357,0.4041410413752089,0.7145158195692578,0.3910818238052268,0.08070704561117792,0.003918461964898869,0.002407599490845176,0.0038714936082983025,26945,6877337,0.0010501000000000002,False,False,False,True,True
cross_asset_target_free_conservative,1.0,4.0,simMed_test.mat,0.003,105,0.8290556948531036,0.5108081157703395,0.7584830392097079,0.31824757908276413,0.07057265564339565,0.007219544128473072,0.005741608073148579,0.007180283235227429,49645,6877337,0.0031501,False,False,False,True,True
cross_asset_target_free_conservative,1.0,4.0,simMed_test.mat,0.01,105,0.879952043472104,0.6845606050330818,0.8194471753841114,0.19539143843902218,0.0605048680879926,0.01621014975475066,0.014851827714264533,0.016178014540570374,111470,6877337,0.0105001,False,False,False,True,True
cross_asset_target_free_conservative,1.0,4.0,simWind_test.mat,1e-05,105,0.6350959216595494,0.10686289059959145,0.537560630735548,0.528233031059958,0.09753529092400137,0.0009442602544755395,2.573914078622439e-05,0.0009025256280355355,6493,6877337,1.0600000000000002e-05,False,False,False,True,True
cross_asset_target_free_conservative,1.0,4.0,simWind_test.mat,3e-05,105,0.6858862943978645,0.15240196640730022,0.5987721546658935,0.5334843279905643,0.08711413973197102,0.001378210907346355,5.65676200198519e-05,0.0013402571485429055,9477,6877337,3.16e-05,False,False,False,True,True
cross_asset_target_free_conservative,1.0,4.0,simWind_test.mat,0.0001,105,0.7423571530956755,0.20795814347189331,0.666409106903147,0.5343990096237822,0.07594804619252848,0.002537103274209251,0.00015413989206931148,0.0025052572361184324,17446,6877337,0.00010510000000000001,False,False,False,True,True
cross_asset_target_free_conservative,1.0,4.0,simWind_test.mat,0.0003,105,0.79011713644782,0.2680415385538572,0.7239878116639831,0.5220755978939629,0.06612932478383693,0.005141944496028522,0.00031830802580342575,0.0051128614450207215,35358,6877337,0.00031509999999999996,False,False,False,True,True
cross_asset_target_free_conservative,1.0,4.0,simWind_test.mat,0.001,105,0.8544042742382313,0.3569554498857991,0.7961369418971025,0.4974488243524322,0.0582673323411288,0.0125653131676074,0.0009562307452415877,0.012541320010127113,86405,6877337,0.0010501000000000002,False,True,False,True,True
cross_asset_target_free_conservative,1.0,4.0,simWind_test.mat,0.003,105,0.8882300769379385,0.45712586483435036,0.8382547250369429,0.4311042121035882,0.04997535190099567,0.028000019758374156,0.002708008116244847,0.02797951680064105,192544,6877337,0.0031501,False,True,False,True,True
cross_asset_target_free_conservative,1.0,4.0,simWind_test.mat,0.01,105,0.9190917938601201,0.6320794420726498,0.8764059605670572,0.2870123517874703,0.04268583329306286,0.06768854720003187,0.009203130425227003,0.06767095280647582,465474,6877337,0.0105001,False,True,False,True,True
cross_asset_target_free_conservative,1.0,16.0,combined,1e-05,210,0.6270568417692063,0.12220554283184845,0.513331233955522,0.5048512989373578,0.11372560781368424,0.0008953952859188802,4.544282647510391e-05,0.0008391188176972804,12314,13754674,1.0600000000000002e-05,False,False,False,True,True
cross_asset_target_free_conservative,1.0,16.0,combined,3e-05,210,0.6653551890428285,0.16700412319935337,0.5613663454079485,0.49835106584347516,0.10398884363488003,0.0012016616668974768,9.953713382807898e-05,0.0011501841367297623,16526,13754674,3.16e-05,False,False,False,True,True
cross_asset_target_free_conservative,1.0,16.0,combined,0.0001,210,0.7210253706625958,0.22923245012073215,0.630310375659371,0.49179292054186363,0.09071499500322477,0.0020099321315275136,0.0002884280544882893,0.001965507611697268,27642,13754674,0.00010510000000000001,False,False,False,True,True
cross_asset_target_free_conservative,1.0,16.0,combined,0.0003,210,0.7693535323674012,0.29418924741081026,0.6888662992191843,0.47516428495659097,0.08048723314821693,0.0036849289554613893,0.0006449064626953748,0.0036449398383919074,50678,13754674,0.00031509999999999996,False,False,False,True,True
cross_asset_target_free_conservative,1.0,16.0,combined,0.001,210,0.8247328594591317,0.380548245630504,0.7553263807331801,0.4441846138286277,0.06940647872595151,0.008240215403640677,0.001681915118043382,0.008206406809212708,113327,13754674,0.0010501000000000002,False,False,False,True,True
cross_asset_target_free_conservative,1.0,16.0,combined,0.003,210,0.858642885895521,0.48396699030234486,0.7983688821233255,0.3746758955931761,0.060274003772195495,0.017608400588599717,0.004224808094696713,0.01757990001793424,242170,13754674,0.0031501,False,False,False,True,True
cross_asset_target_free_conservative,1.0,16.0,combined,0.01,210,0.899521918666112,0.6583200235528658,0.8479265679755843,0.2412018951132462,0.051595350690527675,0.04194833065784463,0.012027479069745767,0.041924483673523104,576930,13754674,0.0105001,False,False,False,True,True
cross_asset_target_free_conservative,1.0,16.0,simMed_test.mat,1e-05,105,0.619017761878863,0.13754819506410546,0.48910183717549605,0.4814695668147576,0.129915924703367,0.0008479844429338252,6.514651216398344e-05,0.0007757120073590253,5831,6877337,1.0600000000000002e-05,False,False,False,True,True
cross_asset_target_free_conservative,1.0,16.0,simMed_test.mat,3e-05,105,0.6448240836877925,0.18160627999140647,0.5239605361500035,0.4632178036963861,0.12086354753778905,0.0010264211481281773,0.00014250664763630603,0.0009601111249166191,7058,6877337,3.16e-05,False,False,False,True,True
cross_asset_target_free_conservative,1.0,16.0,simMed_test.mat,0.0001,105,0.6996935882295159,0.250506756769571,0.594211644415595,0.44918683145994487,0.10548194381392084,0.0014839242933124652,0.00042271621690726717,0.0014257579872761026,10204,6877337,0.00010510000000000001,False,False,False,True,True
cross_asset_target_free_conservative,1.0,16.0,simMed_test.mat,0.0003,105,0.7485899282869825,0.3203369562677633,0.6537447867743857,0.42825297201921914,0.09484514151259671,0.0022289313199086655,0.0009715048995873241,0.002177018231763093,15327,6877337,0.00031509999999999996,False,False,False,True,True
cross_asset_target_free_conservative,1.0,16.0,simMed_test.mat,0.001,105,0.7950614446800321,0.4041410413752089,0.7145158195692578,0.39092040330482325,0.08054562511077434,0.003915990096383964,0.002407599490845176,0.0038714936082983025,26928,6877337,0.0010501000000000002,False,False,False,True,True
cross_asset_target_free_conservative,1.0,16.0,simMed_test.mat,0.003,105,0.8290556948531036,0.5108081157703395,0.7584830392097079,0.31824757908276413,0.07057265564339565,0.007217653875535287,0.005741608073148579,0.007180283235227429,49632,6877337,0.0031501,False,False,False,True,True
cross_asset_target_free_conservative,1.0,16.0,simMed_test.mat,0.01,105,0.879952043472104,0.6845606050330818,0.8194471753841114,0.19539143843902218,0.0605048680879926,0.016208986572367398,0.014851827714264533,0.016178014540570374,111462,6877337,0.0105001,False,False,False,True,True
cross_asset_target_free_conservative,1.0,16.0,simWind_test.mat,1e-05,105,0.6350959216595494,0.10686289059959145,0.537560630735548,0.528233031059958,0.09753529092400137,0.0009428061289039349,2.573914078622439e-05,0.0009025256280355355,6483,6877337,1.0600000000000002e-05,False,False,False,True,True
cross_asset_target_free_conservative,1.0,16.0,simWind_test.mat,3e-05,105,0.6858862943978645,0.15240196640730022,0.5987721546658935,0.5334843279905643,0.08711413973197102,0.0013769021856667764,5.65676200198519e-05,0.0013402571485429055,9468,6877337,3.16e-05,False,False,False,True,True
cross_asset_target_free_conservative,1.0,16.0,simWind_test.mat,0.0001,105,0.7423571530956755,0.20795814347189331,0.666409106903147,0.5343990096237822,0.07594804619252848,0.0025359399697425624,0.00015413989206931148,0.0025052572361184324,17438,6877337,0.00010510000000000001,False,False,False,True,True
cross_asset_target_free_conservative,1.0,16.0,simWind_test.mat,0.0003,105,0.79011713644782,0.2680415385538572,0.7239878116639831,0.5220755978939629,0.06612932478383693,0.005140926591014113,0.00031830802580342575,0.0051128614450207215,35351,6877337,0.00031509999999999996,False,False,False,True,True
cross_asset_target_free_conservative,1.0,16.0,simWind_test.mat,0.001,105,0.8544042742382313,0.3569554498857991,0.7961369418971025,0.4974488243524322,0.0582673323411288,0.012564440710897391,0.0009562307452415877,0.012541320010127113,86399,6877337,0.0010501000000000002,False,True,False,True,True
cross_asset_target_free_conservative,1.0,16.0,simWind_test.mat,0.003,105,0.8882300769379385,0.45712586483435036,0.8382547250369429,0.4311042121035882,0.04997535190099567,0.027999147301664147,0.002708008116244847,0.02797951680064105,192538,6877337,0.0031501,False,True,False,True,True
cross_asset_target_free_conservative,1.0,16.0,simWind_test.mat,0.01,105,0.9190917938601201,0.6320794420726498,0.8764059605670572,0.2870123517874703,0.04268583329306286,0.06768767474332187,0.009203130425227003,0.06767095280647582,465468,6877337,0.0105001,False,True,False,True,True
cross_asset_target_free_conservative,1.0,64.0,combined,1e-05,210,0.6215886018725908,0.12220554283184845,0.513331233955522,0.4993830590407423,0.10825736791706875,0.000887615787738916,4.544282647510391e-05,0.0008391188176972804,12207,13754674,1.0600000000000002e-05,False,False,False,True,True
cross_asset_target_free_conservative,1.0,64.0,combined,3e-05,210,0.6602251915057321,0.16700412319935337,0.5613663454079485,0.49322106830637874,0.09885884609778361,0.0011944639041981796,9.953713382807898e-05,0.0011501841367297623,16427,13754674,3.16e-05,False,False,False,True,True
cross_asset_target_free_conservative,1.0,64.0,combined,0.0001,210,0.7162735063607754,0.22923245012073215,0.630310375659371,0.48704105624004324,0.08596313070140438,0.00200367954743181,0.0002884280544882893,0.001965507611697268,27556,13754674,0.00010510000000000001,False,False,False,True,True
cross_asset_target_free_conservative,1.0,64.0,combined,0.0003,210,0.7652323715324425,0.29418924741081026,0.6888662992191843,0.47104312412163224,0.0763660723132582,0.0036794034807741106,0.0006449064626953748,0.0036449398383919074,50602,13754674,0.00031509999999999996,False,False,False,True,True
cross_asset_target_free_conservative,1.0,64.0,combined,0.001,210,0.8215911808128361,0.380548245630504,0.7553263807331801,0.4410429351823321,0.06626480007965596,0.00823599867836582,0.001681915118043382,0.008206406809212708,113269,13754674,0.0010501000000000002,False,False,False,True,True
cross_asset_target_free_conservative,1.0,64.0,combined,0.003,210,0.856008731586151,0.48396699030234486,0.7983688821233255,0.3720417412838061,0.05763984946282552,0.017605274541297997,0.004224808094696713,0.01757990001793424,242127,13754674,0.0031501,False,False,False,True,True
cross_asset_target_free_conservative,1.0,64.0,combined,0.01,210,0.8971996146685921,0.6583200235528658,0.8479265679755843,0.23887959111572632,0.049273046693007805,0.04194571357413286,0.012027479069745767,0.041924483673523104,576894,13754674,0.0105001,False,False,False,True,True
cross_asset_target_free_conservative,1.0,64.0,simMed_test.mat,1e-05,105,0.6131476490208254,0.13754819506410546,0.48910183717549605,0.47559945395672,0.12404581184532937,0.000836351544968185,6.514651216398344e-05,0.0007757120073590253,5751,6877337,1.0600000000000002e-05,False,False,False,True,True
cross_asset_target_free_conservative,1.0,64.0,simMed_test.mat,3e-05,105,0.6393730552913927,0.18160627999140647,0.5239605361500035,0.4577667752999862,0.11541251914138917,0.0010153700100695353,0.00014250664763630603,0.0009601111249166191,6982,6877337,3.16e-05,False,False,False,True,True
cross_asset_target_free_conservative,1.0,64.0,simMed_test.mat,0.0001,105,0.6947414260462679,0.250506756769571,0.594211644415595,0.44423466927669686,0.10052978163067283,0.0014741818924418396,0.00042271621690726717,0.0014257579872761026,10137,6877337,0.00010510000000000001,False,False,False,True,True
cross_asset_target_free_conservative,1.0,64.0,simMed_test.mat,0.0003,105,0.7447377525370541,0.3203369562677633,0.6537447867743857,0.4244007962692908,0.09099296576266835,0.002220497689550489,0.0009715048995873241,0.002177018231763093,15269,6877337,0.00031509999999999996,False,False,False,True,True
cross_asset_target_free_conservative,1.0,64.0,simMed_test.mat,0.001,105,0.7927547050250493,0.4041410413752089,0.7145158195692578,0.3886136636498404,0.0782388854557915,0.003909446918721105,0.002407599490845176,0.0038714936082983025,26883,6877337,0.0010501000000000002,False,False,False,True,True
cross_asset_target_free_conservative,1.0,64.0,simMed_test.mat,0.003,105,0.8270802431882109,0.5108081157703395,0.7584830392097079,0.3162721274178715,0.068597203978503,0.007212564903347663,0.005741608073148579,0.007180283235227429,49597,6877337,0.0031501,False,False,False,True,True
cross_asset_target_free_conservative,1.0,64.0,simMed_test.mat,0.01,105,0.8786002924309119,0.6845606050330818,0.8194471753841114,0.19403968739783006,0.059153117046800485,0.016204915527359694,0.014851827714264533,0.016178014540570374,111434,6877337,0.0105001,False,False,False,True,True
cross_asset_target_free_conservative,1.0,64.0,simWind_test.mat,1e-05,105,0.6300295547243563,0.10686289059959145,0.537560630735548,0.5231666641247649,0.09246892398880824,0.0009388800305096468,2.573914078622439e-05,0.0009025256280355355,6456,6877337,1.0600000000000002e-05,False,False,False,True,True
cross_asset_target_free_conservative,1.0,64.0,simWind_test.mat,3e-05,105,0.6810773277200716,0.15240196640730022,0.5987721546658935,0.5286753613127714,0.08230517305417806,0.0013735577983268238,5.65676200198519e-05,0.0013402571485429055,9445,6877337,3.16e-05,False,False,False,True,True
cross_asset_target_free_conservative,1.0,64.0,simWind_test.mat,0.0001,105,0.7378055866752831,0.20795814347189331,0.666409106903147,0.5298474432033897,0.07139647977213603,0.0025331772024217805,0.00015413989206931148,0.0025052572361184324,17419,6877337,0.00010510000000000001,False,False,False,True,True
cross_asset_target_free_conservative,1.0,64.0,simWind_test.mat,0.0003,105,0.785726990527831,0.2680415385538572,0.7239878116639831,0.5176854519739738,0.06173917886384794,0.005138309271997732,0.00031830802580342575,0.0051128614450207215,35333,6877337,0.00031509999999999996,False,False,False,True,True
cross_asset_target_free_conservative,1.0,64.0,simWind_test.mat,0.001,105,0.8504276566006229,0.3569554498857991,0.7961369418971025,0.49347220671482384,0.054290714703520426,0.012562550438010533,0.0009562307452415877,0.012541320010127113,86386,6877337,0.0010501000000000002,False,True,False,True,True
cross_asset_target_free_conservative,1.0,64.0,simWind_test.mat,0.003,105,0.8849372199840908,0.45712586483435036,0.8382547250369429,0.42781135514974045,0.046682494947147934,0.027997984179248328,0.002708008116244847,0.02797951680064105,192530,6877337,0.0031501,False,True,False,True,True
cross_asset_target_free_conservative,1.0,64.0,simWind_test.mat,0.01,105,0.9157989369062723,0.6320794420726498,0.8764059605670572,0.2837194948336226,0.039392976339215124,0.06768651162090604,0.009203130425227003,0.06767095280647582,465460,6877337,0.0105001,False,True,False,True,True
cross_asset_target_free_conservative,1.0,256.0,combined,1e-05,210,0.5965039094793286,0.12220554283184845,0.513331233955522,0.47429836664748015,0.08317267552380658,0.0008690750167958427,4.544282647510391e-05,0.0008391188176972804,11952,13754674,1.0600000000000002e-05,False,False,False,True,True
cross_asset_target_free_conservative,1.0,256.0,combined,3e-05,210,0.6372266260997304,0.16700412319935337,0.5613663454079485,0.470222502900377,0.07586028069178186,0.0011778863289765738,9.953713382807898e-05,0.0011501841367297623,16199,13754674,3.16e-05,False,False,False,True,True
cross_asset_target_free_conservative,1.0,256.0,combined,0.0001,210,0.6969259233752274,0.22923245012073215,0.630310375659371,0.4676934732544953,0.06661554771585643,0.00198928338811122,0.0002884280544882893,0.001965507611697268,27358,13754674,0.00010510000000000001,False,False,False,True,True
cross_asset_target_free_conservative,1.0,256.0,combined,0.0003,210,0.7482075428010084,0.29418924741081026,0.6888662992191843,0.45401829539019817,0.05934124358182413,0.003666534307707806,0.0006449064626953748,0.0036449398383919074,50425,13754674,0.00031509999999999996,False,False,False,True,True
cross_asset_target_free_conservative,1.0,256.0,combined,0.001,210,0.8068996297125226,0.380548245630504,0.7553263807331801,0.4263513840820186,0.051573248979342456,0.008224874558548041,0.001681915118043382,0.008206406809212708,113116,13754674,0.0010501000000000002,False,False,False,True,True
cross_asset_target_free_conservative,1.0,256.0,combined,0.003,210,0.842837227724396,0.48396699030234486,0.7983688821233255,0.3588702374220511,0.04446834560107049,0.017595532002743913,0.004224808094696713,0.01757990001793424,241993,13754674,0.0031501,False,False,False,True,True
cross_asset_target_free_conservative,1.0,256.0,combined,0.01,210,0.8859118650884034,0.6583200235528658,0.8479265679755843,0.22759184153553758,0.03798529711281906,0.0419377161210179,0.012027479069745767,0.041924483673523104,576784,13754674,0.0105001,False,False,False,True,True
cross_asset_target_free_conservative,1.0,256.0,simMed_test.mat,1e-05,105,0.5857742763320299,0.13754819506410546,0.48910183717549605,0.4482260812679245,0.0966724391565339,0.0008123575817033311,6.514651216398344e-05,0.0007757120073590253,5586,6877337,1.0600000000000002e-05,False,False,False,True,True
cross_asset_target_free_conservative,1.0,256.0,simMed_test.mat,3e-05,105,0.6135596474273518,0.18160627999140647,0.5239605361500035,0.43195336743594537,0.08959911127734832,0.0009937027711431792,0.00014250664763630603,0.0009601111249166191,6833,6877337,3.16e-05,False,False,False,True,True
cross_asset_target_free_conservative,1.0,256.0,simMed_test.mat,0.0001,105,0.6723502207756552,0.250506756769571,0.594211644415595,0.4218434640060842,0.07813857636006016,0.0014560049664764873,0.00042271621690726717,0.0014257579872761026,10012,6877337,0.00010510000000000001,False,False,False,True,True
cross_asset_target_free_conservative,1.0,256.0,simMed_test.mat,0.0003,105,0.7244450159680291,0.3203369562677633,0.6537447867743857,0.4041080597002658,0.07070022919364338,0.0022042113206314014,0.0009715048995873241,0.002177018231763093,15157,6877337,0.00031509999999999996,False,False,False,True,True
cross_asset_target_free_conservative,1.0,256.0,simMed_test.mat,0.001,105,0.7759113306359138,0.4041410413752089,0.7145158195692578,0.3717702892607049,0.06139551106665597,0.0038953419301823865,0.002407599490845176,0.0038714936082983025,26786,6877337,0.0010501000000000002,False,False,False,True,True
cross_asset_target_free_conservative,1.0,256.0,simMed_test.mat,0.003,105,0.8121543603888833,0.5108081157703395,0.7584830392097079,0.30134624461854387,0.05367132117917539,0.007200205008041425,0.005741608073148579,0.007180283235227429,49512,6877337,0.0031501,False,False,False,True,True
cross_asset_target_free_conservative,1.0,256.0,simMed_test.mat,0.01,105,0.8659254469686057,0.6845606050330818,0.8194471753841114,0.18136484193552393,0.04647827158449436,0.01619531864357158,0.014851827714264533,0.016178014540570374,111368,6877337,0.0105001,False,False,False,True,True
cross_asset_target_free_conservative,1.0,256.0,simWind_test.mat,1e-05,105,0.6072335426266274,0.10686289059959145,0.537560630735548,0.500370652027036,0.06967291189107938,0.0009257924518883546,2.573914078622439e-05,0.0009025256280355355,6366,6877337,1.0600000000000002e-05,False,False,False,True,True
cross_asset_target_free_conservative,1.0,256.0,simWind_test.mat,3e-05,105,0.6608936047721091,0.15240196640730022,0.5987721546658935,0.5084916383648089,0.062121450106215614,0.001362069886809968,5.65676200198519e-05,0.0013402571485429055,9366,6877337,3.16e-05,False,False,False,True,True
cross_asset_target_free_conservative,1.0,256.0,simWind_test.mat,0.0001,105,0.7215016259747996,0.20795814347189331,0.666409106903147,0.5135434825029063,0.05509251907165258,0.002522561809745952,0.00015413989206931148,0.0025052572361184324,17346,6877337,0.00010510000000000001,False,False,False,True,True
cross_asset_target_free_conservative,1.0,256.0,simWind_test.mat,0.0003,105,0.771970069633988,0.2680415385538572,0.7239878116639831,0.5039285310801307,0.04798225797000488,0.0051288572947842115,0.00031830802580342575,0.0051128614450207215,35268,6877337,0.00031509999999999996,False,False,False,True,True
cross_asset_target_free_conservative,1.0,256.0,simWind_test.mat,0.001,105,0.8378879287891317,0.3569554498857991,0.7961369418971025,0.48093247890333257,0.04175098689202916,0.012554407186913695,0.0009562307452415877,0.012541320010127113,86330,6877337,0.0010501000000000002,False,True,False,True,True
cross_asset_target_free_conservative,1.0,256.0,simWind_test.mat,0.003,105,0.8735200950599084,0.45712586483435036,0.8382547250369429,0.416394230225558,0.03526537002296548,0.027990858997446397,0.002708008116244847,0.02797951680064105,192481,6877337,0.0031501,False,True,False,True,True
cross_asset_target_free_conservative,1.0,256.0,simWind_test.mat,0.01,105,0.9058982832082011,0.6320794420726498,0.8764059605670572,0.2738188411355513,0.029492322641143875,0.0676801135984642,0.009203130425227003,0.06767095280647582,465416,6877337,0.0105001,False,True,False,True,True
cross_asset_target_free_conservative,10.0,0.0,combined,1e-05,210,0.5624827259592946,0.0656630799637862,0.42205691892953273,0.49681964599550843,0.14042580702976187,0.0006050519757331937,1.0979082111795175e-05,0.0005350332784699751,8321,13754674,1.0600000000000002e-05,False,False,False,True,True
cross_asset_target_free_conservative,10.0,0.0,combined,3e-05,210,0.5836091203261801,0.08240637261303958,0.4546006982513275,0.5012027477131404,0.12900842207485258,0.0006920175391329088,1.606880909289988e-05,0.0006263615948425524,9517,13754674,3.16e-05,False,True,False,True,True
cross_asset_target_free_conservative,10.0,0.0,combined,0.0001,210,0.6282695312620552,0.12220554283184845,0.513331233955522,0.5060639884302067,0.11493829730653315,0.0008985216362404732,4.544282647510391e-05,0.0008391188176972804,12357,13754674,0.00010510000000000001,False,True,False,True,True
cross_asset_target_free_conservative,10.0,0.0,combined,0.0003,210,0.6662504182182173,0.16700412319935337,0.5613663454079485,0.4992462950188639,0.10488407281026879,0.001204715315273057,9.953713382807898e-05,0.0011501841367297623,16568,13754674,0.00031509999999999996,False,True,False,True,True
cross_asset_target_free_conservative,10.0,0.0,combined,0.001,210,0.7216382937979516,0.22923245012073215,0.630310375659371,0.4924058436772195,0.09132791813858065,0.002012549480513305,0.0002884280544882893,0.001965507611697268,27678,13754674,0.0010501000000000002,False,True,False,True,True
cross_asset_target_free_conservative,10.0,0.0,combined,0.003,210,0.7698730848211511,0.29418924741081026,0.6888662992191843,0.47568383741034087,0.08100678560196684,0.003687328204156943,0.0006449064626953748,0.0036449398383919074,50711,13754674,0.0031501,False,True,False,True,True
cross_asset_target_free_conservative,10.0,0.0,combined,0.01,210,0.8252524119128815,0.380548245630504,0.7553263807331801,0.44470416628237747,0.06992603117970131,0.008242396536499629,0.001681915118043382,0.008206406809212708,113357,13754674,0.0105001,True,True,True,True,True
cross_asset_target_free_conservative,10.0,0.0,simMed_test.mat,1e-05,105,0.5493563642982101,0.07833043472347202,0.384244731368935,0.4710259295747381,0.1651116329292751,0.0005500063521249278,1.614153767382694e-05,0.0004592657611111655,3782,6877337,1.0600000000000002e-05,False,False,False,True,True
cross_asset_target_free_conservative,10.0,0.0,simMed_test.mat,3e-05,105,0.5747912872594758,0.08800732803513589,0.42597086160014863,0.4867839592243399,0.14882042565932718,0.0006512235434718578,2.0940416872995162e-05,0.0005673178858308256,4478,6877337,3.16e-05,False,True,False,True,True
cross_asset_target_free_conservative,10.0,0.0,simMed_test.mat,0.0001,105,0.6214431408645611,0.13754819506410546,0.48910183717549605,0.48389494580045567,0.13234130368906505,0.0008524921058462727,6.514651216398344e-05,0.0007757120073590253,5862,6877337,0.00010510000000000001,False,True,False,True,True
cross_asset_target_free_conservative,10.0,0.0,simMed_test.mat,0.0003,105,0.6466145420385699,0.18160627999140647,0.5239605361500035,0.4650082620471635,0.12265400588856645,0.0010309288110406248,0.00014250664763630603,0.0009601111249166191,7089,6877337,0.00031509999999999996,False,True,False,True,True
cross_asset_target_free_conservative,10.0,0.0,simMed_test.mat,0.001,105,0.7009194345002275,0.250506756769571,0.594211644415595,0.4504126777306565,0.10670779008463249,0.0014878502362916284,0.00042271621690726717,0.0014257579872761026,10231,6877337,0.0010501000000000002,False,True,False,True,True
cross_asset_target_free_conservative,10.0,0.0,simMed_test.mat,0.003,105,0.7496290331944823,0.3203369562677633,0.6537447867743857,0.42929207692671895,0.09588424642009652,0.002232566461759633,0.0009715048995873241,0.002177018231763093,15352,6877337,0.0031501,True,True,True,True,True
cross_asset_target_free_conservative,10.0,0.0,simMed_test.mat,0.01,105,0.7961005495875318,0.4041410413752089,0.7145158195692578,0.39195950821232295,0.08158473001827404,0.0039193344548661265,0.002407599490845176,0.0038714936082983025,26951,6877337,0.0105001,True,True,True,True,True
cross_asset_target_free_conservative,10.0,0.0,simWind_test.mat,1e-05,105,0.575609087620379,0.05299572520410039,0.45986910649013046,0.5226133624162786,0.11573998113024853,0.0006600975993414596,5.816626549763409e-06,0.0006108007958287846,4539,6877337,1.0600000000000002e-05,False,True,False,True,True
cross_asset_target_free_conservative,10.0,0.0,simWind_test.mat,3e-05,105,0.5924269533928844,0.07680541719094329,0.48323053490250634,0.5156215362019412,0.10919641849037809,0.0007328115347939601,1.1197201312804595e-05,0.0006854053038542792,5039,6877337,3.16e-05,False,True,False,True,True
cross_asset_target_free_conservative,10.0,0.0,simWind_test.mat,0.0001,105,0.6350959216595494,0.10686289059959145,0.537560630735548,0.528233031059958,0.09753529092400137,0.0009445511666346736,2.573914078622439e-05,0.0009025256280355355,6495,6877337,0.00010510000000000001,False,True,False,True,True
cross_asset_target_free_conservative,10.0,0.0,simWind_test.mat,0.0003,105,0.6858862943978645,0.15240196640730022,0.5987721546658935,0.5334843279905643,0.08711413973197102,0.0013785018195054892,5.65676200198519e-05,0.0013402571485429055,9479,6877337,0.00031509999999999996,False,True,False,True,True
cross_asset_target_free_conservative,10.0,0.0,simWind_test.mat,0.001,105,0.7423571530956755,0.20795814347189331,0.666409106903147,0.5343990096237822,0.07594804619252848,0.0025372487247349814,0.00015413989206931148,0.0025052572361184324,17447,6877337,0.0010501000000000002,False,True,False,True,True
cross_asset_target_free_conservative,10.0,0.0,simWind_test.mat,0.003,105,0.79011713644782,0.2680415385538572,0.7239878116639831,0.5220755978939629,0.06612932478383693,0.005142089946554252,0.00031830802580342575,0.0051128614450207215,35359,6877337,0.0031501,False,True,False,True,True
cross_asset_target_free_conservative,10.0,0.0,simWind_test.mat,0.01,105,0.8544042742382313,0.3569554498857991,0.7961369418971025,0.4974488243524322,0.0582673323411288,0.012565458618133133,0.0009562307452415877,0.012541320010127113,86406,6877337,0.0105001,False,True,False,True,True
cross_asset_target_free_conservative,10.0,0.25,combined,1e-05,210,0.5624827259592946,0.0656630799637862,0.42205691892953273,0.49681964599550843,0.14042580702976187,0.0006050519757331937,1.0979082111795175e-05,0.0005350332784699751,8321,13754674,1.0600000000000002e-05,False,False,False,True,True
cross_asset_target_free_conservative,10.0,0.25,combined,3e-05,210,0.5836091203261801,0.08240637261303958,0.4546006982513275,0.5012027477131404,0.12900842207485258,0.0006920175391329088,1.606880909289988e-05,0.0006263615948425524,9517,13754674,3.16e-05,False,True,False,True,True
cross_asset_target_free_conservative,10.0,0.25,combined,0.0001,210,0.6282695312620552,0.12220554283184845,0.513331233955522,0.5060639884302067,0.11493829730653315,0.0008985216362404732,4.544282647510391e-05,0.0008391188176972804,12357,13754674,0.00010510000000000001,False,True,False,True,True
cross_asset_target_free_conservative,10.0,0.25,combined,0.0003,210,0.6662504182182173,0.16700412319935337,0.5613663454079485,0.4992462950188639,0.10488407281026879,0.001204715315273057,9.953713382807898e-05,0.0011501841367297623,16568,13754674,0.00031509999999999996,False,True,False,True,True
cross_asset_target_free_conservative,10.0,0.25,combined,0.001,210,0.7216382937979516,0.22923245012073215,0.630310375659371,0.4924058436772195,0.09132791813858065,0.002012549480513305,0.0002884280544882893,0.001965507611697268,27678,13754674,0.0010501000000000002,False,True,False,True,True
cross_asset_target_free_conservative,10.0,0.25,combined,0.003,210,0.7698730848211511,0.29418924741081026,0.6888662992191843,0.47568383741034087,0.08100678560196684,0.003687328204156943,0.0006449064626953748,0.0036449398383919074,50711,13754674,0.0031501,False,True,False,True,True
cross_asset_target_free_conservative,10.0,0.25,combined,0.01,210,0.8252524119128815,0.380548245630504,0.7553263807331801,0.44470416628237747,0.06992603117970131,0.008242396536499629,0.001681915118043382,0.008206406809212708,113357,13754674,0.0105001,True,True,True,True,True
cross_asset_target_free_conservative,10.0,0.25,simMed_test.mat,1e-05,105,0.5493563642982101,0.07833043472347202,0.384244731368935,0.4710259295747381,0.1651116329292751,0.0005500063521249278,1.614153767382694e-05,0.0004592657611111655,3782,6877337,1.0600000000000002e-05,False,False,False,True,True
cross_asset_target_free_conservative,10.0,0.25,simMed_test.mat,3e-05,105,0.5747912872594758,0.08800732803513589,0.42597086160014863,0.4867839592243399,0.14882042565932718,0.0006512235434718578,2.0940416872995162e-05,0.0005673178858308256,4478,6877337,3.16e-05,False,True,False,True,True
cross_asset_target_free_conservative,10.0,0.25,simMed_test.mat,0.0001,105,0.6214431408645611,0.13754819506410546,0.48910183717549605,0.48389494580045567,0.13234130368906505,0.0008524921058462727,6.514651216398344e-05,0.0007757120073590253,5862,6877337,0.00010510000000000001,False,True,False,True,True
cross_asset_target_free_conservative,10.0,0.25,simMed_test.mat,0.0003,105,0.6466145420385699,0.18160627999140647,0.5239605361500035,0.4650082620471635,0.12265400588856645,0.0010309288110406248,0.00014250664763630603,0.0009601111249166191,7089,6877337,0.00031509999999999996,False,True,False,True,True
cross_asset_target_free_conservative,10.0,0.25,simMed_test.mat,0.001,105,0.7009194345002275,0.250506756769571,0.594211644415595,0.4504126777306565,0.10670779008463249,0.0014878502362916284,0.00042271621690726717,0.0014257579872761026,10231,6877337,0.0010501000000000002,False,True,False,True,True
cross_asset_target_free_conservative,10.0,0.25,simMed_test.mat,0.003,105,0.7496290331944823,0.3203369562677633,0.6537447867743857,0.42929207692671895,0.09588424642009652,0.002232566461759633,0.0009715048995873241,0.002177018231763093,15352,6877337,0.0031501,True,True,True,True,True
cross_asset_target_free_conservative,10.0,0.25,simMed_test.mat,0.01,105,0.7961005495875318,0.4041410413752089,0.7145158195692578,0.39195950821232295,0.08158473001827404,0.0039193344548661265,0.002407599490845176,0.0038714936082983025,26951,6877337,0.0105001,True,True,True,True,True
cross_asset_target_free_conservative,10.0,0.25,simWind_test.mat,1e-05,105,0.575609087620379,0.05299572520410039,0.45986910649013046,0.5226133624162786,0.11573998113024853,0.0006600975993414596,5.816626549763409e-06,0.0006108007958287846,4539,6877337,1.0600000000000002e-05,False,True,False,True,True
cross_asset_target_free_conservative,10.0,0.25,simWind_test.mat,3e-05,105,0.5924269533928844,0.07680541719094329,0.48323053490250634,0.5156215362019412,0.10919641849037809,0.0007328115347939601,1.1197201312804595e-05,0.0006854053038542792,5039,6877337,3.16e-05,False,True,False,True,True
cross_asset_target_free_conservative,10.0,0.25,simWind_test.mat,0.0001,105,0.6350959216595494,0.10686289059959145,0.537560630735548,0.528233031059958,0.09753529092400137,0.0009445511666346736,2.573914078622439e-05,0.0009025256280355355,6495,6877337,0.00010510000000000001,False,True,False,True,True
cross_asset_target_free_conservative,10.0,0.25,simWind_test.mat,0.0003,105,0.6858862943978645,0.15240196640730022,0.5987721546658935,0.5334843279905643,0.08711413973197102,0.0013785018195054892,5.65676200198519e-05,0.0013402571485429055,9479,6877337,0.00031509999999999996,False,True,False,True,True
cross_asset_target_free_conservative,10.0,0.25,simWind_test.mat,0.001,105,0.7423571530956755,0.20795814347189331,0.666409106903147,0.5343990096237822,0.07594804619252848,0.0025372487247349814,0.00015413989206931148,0.0025052572361184324,17447,6877337,0.0010501000000000002,False,True,False,True,True
cross_asset_target_free_conservative,10.0,0.25,simWind_test.mat,0.003,105,0.79011713644782,0.2680415385538572,0.7239878116639831,0.5220755978939629,0.06612932478383693,0.005142089946554252,0.00031830802580342575,0.0051128614450207215,35359,6877337,0.0031501,False,True,False,True,True
cross_asset_target_free_conservative,10.0,0.25,simWind_test.mat,0.01,105,0.8544042742382313,0.3569554498857991,0.7961369418971025,0.4974488243524322,0.0582673323411288,0.012565458618133133,0.0009562307452415877,0.012541320010127113,86406,6877337,0.0105001,False,True,False,True,True
cross_asset_target_free_conservative,10.0,1.0,combined,1e-05,210,0.5622026139144767,0.0656630799637862,0.42205691892953273,0.4965395339506905,0.14014569498494395,0.0006049792493596289,1.0979082111795175e-05,0.0005350332784699751,8320,13754674,1.0600000000000002e-05,False,False,False,True,True
cross_asset_target_free_conservative,10.0,1.0,combined,3e-05,210,0.5833290082813622,0.08240637261303958,0.4546006982513275,0.5009226356683226,0.12872831003003476,0.0006920175391329088,1.606880909289988e-05,0.0006263615948425524,9517,13754674,3.16e-05,False,True,False,True,True
cross_asset_target_free_conservative,10.0,1.0,combined,0.0001,210,0.6279894192172374,0.12220554283184845,0.513331233955522,0.5057838763853889,0.11465818526171534,0.0008985216362404732,4.544282647510391e-05,0.0008391188176972804,12357,13754674,0.00010510000000000001,False,True,False,True,True
cross_asset_target_free_conservative,10.0,1.0,combined,0.0003,210,0.6659703061733994,0.16700412319935337,0.5613663454079485,0.498966182974046,0.10460396076545087,0.001204715315273057,9.953713382807898e-05,0.0011501841367297623,16568,13754674,0.00031509999999999996,False,True,False,True,True
cross_asset_target_free_conservative,10.0,1.0,combined,0.001,210,0.7213581817531337,0.22923245012073215,0.630310375659371,0.4921257316324016,0.09104780609376273,0.002012549480513305,0.0002884280544882893,0.001965507611697268,27678,13754674,0.0010501000000000002,False,True,False,True,True
cross_asset_target_free_conservative,10.0,1.0,combined,0.003,210,0.7695929727763332,0.29418924741081026,0.6888662992191843,0.47540372536552294,0.08072667355714891,0.003687328204156943,0.0006449064626953748,0.0036449398383919074,50711,13754674,0.0031501,False,True,False,True,True
cross_asset_target_free_conservative,10.0,1.0,combined,0.01,210,0.8249722998680635,0.380548245630504,0.7553263807331801,0.44442405423755954,0.06964591913488338,0.008242396536499629,0.001681915118043382,0.008206406809212708,113357,13754674,0.0105001,True,True,True,True,True
cross_asset_target_free_conservative,10.0,1.0,simMed_test.mat,1e-05,105,0.5487961402085744,0.07833043472347202,0.384244731368935,0.47046570548510236,0.16455140883963937,0.0005498608993777981,1.614153767382694e-05,0.0004592657611111655,3781,6877337,1.0600000000000002e-05,False,False,False,True,True
cross_asset_target_free_conservative,10.0,1.0,simMed_test.mat,3e-05,105,0.57423106316984,0.08800732803513589,0.42597086160014863,0.48622373513470407,0.14826020156969133,0.0006512235434718578,2.0940416872995162e-05,0.0005673178858308256,4478,6877337,3.16e-05,False,True,False,True,True
cross_asset_target_free_conservative,10.0,1.0,simMed_test.mat,0.0001,105,0.6208829167749252,0.13754819506410546,0.48910183717549605,0.4833347217108198,0.1317810795994292,0.0008524921058462727,6.514651216398344e-05,0.0007757120073590253,5862,6877337,0.00010510000000000001,False,True,False,True,True
cross_asset_target_free_conservative,10.0,1.0,simMed_test.mat,0.0003,105,0.6460543179489341,0.18160627999140647,0.5239605361500035,0.46444803795752765,0.1220937817989306,0.0010309288110406248,0.00014250664763630603,0.0009601111249166191,7089,6877337,0.00031509999999999996,False,True,False,True,True
cross_asset_target_free_conservative,10.0,1.0,simMed_test.mat,0.001,105,0.7003592104105918,0.250506756769571,0.594211644415595,0.4498524536410208,0.10614756599499675,0.0014878502362916284,0.00042271621690726717,0.0014257579872761026,10231,6877337,0.0010501000000000002,False,True,False,True,True
cross_asset_target_free_conservative,10.0,1.0,simMed_test.mat,0.003,105,0.7490688091048463,0.3203369562677633,0.6537447867743857,0.428731852837083,0.09532402233046056,0.002232566461759633,0.0009715048995873241,0.002177018231763093,15352,6877337,0.0031501,True,True,True,True,True
cross_asset_target_free_conservative,10.0,1.0,simMed_test.mat,0.01,105,0.795540325497896,0.4041410413752089,0.7145158195692578,0.3913992841226871,0.08102450592863819,0.0039193344548661265,0.002407599490845176,0.0038714936082983025,26951,6877337,0.0105001,True,True,True,True,True
cross_asset_target_free_conservative,10.0,1.0,simWind_test.mat,1e-05,105,0.575609087620379,0.05299572520410039,0.45986910649013046,0.5226133624162786,0.11573998113024853,0.0006600975993414596,5.816626549763409e-06,0.0006108007958287846,4539,6877337,1.0600000000000002e-05,False,True,False,True,True
cross_asset_target_free_conservative,10.0,1.0,simWind_test.mat,3e-05,105,0.5924269533928844,0.07680541719094329,0.48323053490250634,0.5156215362019412,0.10919641849037809,0.0007328115347939601,1.1197201312804595e-05,0.0006854053038542792,5039,6877337,3.16e-05,False,True,False,True,True
cross_asset_target_free_conservative,10.0,1.0,simWind_test.mat,0.0001,105,0.6350959216595494,0.10686289059959145,0.537560630735548,0.528233031059958,0.09753529092400137,0.0009445511666346736,2.573914078622439e-05,0.0009025256280355355,6495,6877337,0.00010510000000000001,False,True,False,True,True
cross_asset_target_free_conservative,10.0,1.0,simWind_test.mat,0.0003,105,0.6858862943978645,0.15240196640730022,0.5987721546658935,0.5334843279905643,0.08711413973197102,0.0013785018195054892,5.65676200198519e-05,0.0013402571485429055,9479,6877337,0.00031509999999999996,False,True,False,True,True
cross_asset_target_free_conservative,10.0,1.0,simWind_test.mat,0.001,105,0.7423571530956755,0.20795814347189331,0.666409106903147,0.5343990096237822,0.07594804619252848,0.0025372487247349814,0.00015413989206931148,0.0025052572361184324,17447,6877337,0.0010501000000000002,False,True,False,True,True
cross_asset_target_free_conservative,10.0,1.0,simWind_test.mat,0.003,105,0.79011713644782,0.2680415385538572,0.7239878116639831,0.5220755978939629,0.06612932478383693,0.005142089946554252,0.00031830802580342575,0.0051128614450207215,35359,6877337,0.0031501,False,True,False,True,True
cross_asset_target_free_conservative,10.0,1.0,simWind_test.mat,0.01,105,0.8544042742382313,0.3569554498857991,0.7961369418971025,0.4974488243524322,0.0582673323411288,0.012565458618133133,0.0009562307452415877,0.012541320010127113,86406,6877337,0.0105001,False,True,False,True,True
cross_asset_target_free_conservative,10.0,4.0,combined,1e-05,210,0.5616876873492607,0.0656630799637862,0.42205691892953273,0.4960246073854745,0.13963076841972794,0.0006042521144271225,1.0979082111795175e-05,0.0005350332784699751,8310,13754674,1.0600000000000002e-05,False,False,False,True,True
cross_asset_target_free_conservative,10.0,4.0,combined,3e-05,210,0.5828140817161462,0.08240637261303958,0.4546006982513275,0.5004077091031066,0.12821338346481875,0.0006912904042004026,1.606880909289988e-05,0.0006263615948425524,9507,13754674,3.16e-05,False,True,False,True,True
cross_asset_target_free_conservative,10.0,4.0,combined,0.0001,210,0.6277373183769013,0.12220554283184845,0.513331233955522,0.5055317755450528,0.11440608442137923,0.0008979399351772772,4.544282647510391e-05,0.0008391188176972804,12349,13754674,0.00010510000000000001,False,True,False,True,True
cross_asset_target_free_conservative,10.0,4.0,combined,0.0003,210,0.6657182053330631,0.16700412319935337,0.5613663454079485,0.49871408213370977,0.10435185992511464,0.0012041336142098612,9.953713382807898e-05,0.0011501841367297623,16560,13754674,0.00031509999999999996,False,True,False,True,True
cross_asset_target_free_conservative,10.0,4.0,combined,0.001,210,0.7211994515944036,0.22923245012073215,0.630310375659371,0.49196700147367145,0.09088907593503259,0.0020120405102668107,0.0002884280544882893,0.001965507611697268,27671,13754674,0.0010501000000000002,False,True,False,True,True
cross_asset_target_free_conservative,10.0,4.0,combined,0.003,210,0.7694342426176031,0.29418924741081026,0.6888662992191843,0.4752449952067928,0.08056794339841877,0.0036868192339104488,0.0006449064626953748,0.0036449398383919074,50704,13754674,0.0031501,False,True,False,True,True
cross_asset_target_free_conservative,10.0,4.0,combined,0.01,210,0.8248135697093334,0.380548245630504,0.7553263807331801,0.4442653240788294,0.06948718897615325,0.008241887566253134,0.001681915118043382,0.008206406809212708,113350,13754674,0.0105001,True,True,True,True,True
cross_asset_target_free_conservative,10.0,4.0,simMed_test.mat,1e-05,105,0.5481277349154225,0.07833043472347202,0.384244731368935,0.46979730019195054,0.16388300354648755,0.0005489884094105406,1.614153767382694e-05,0.0004592657611111655,3775,6877337,1.0600000000000002e-05,False,False,False,True,True
cross_asset_target_free_conservative,10.0,4.0,simMed_test.mat,3e-05,105,0.5735626578766883,0.08800732803513589,0.42597086160014863,0.48555532984155236,0.14759179627653962,0.0006503510535046002,2.0940416872995162e-05,0.0005673178858308256,4472,6877337,3.16e-05,False,True,False,True,True
cross_asset_target_free_conservative,10.0,4.0,simMed_test.mat,0.0001,105,0.620378715094253,0.13754819506410546,0.48910183717549605,0.4828305200301476,0.13127687791875697,0.0008516196158790152,6.514651216398344e-05,0.0007757120073590253,5856,6877337,0.00010510000000000001,False,True,False,True,True
cross_asset_target_free_conservative,10.0,4.0,simMed_test.mat,0.0003,105,0.6455501162682619,0.18160627999140647,0.5239605361500035,0.4639438362768554,0.12158958011825838,0.0010300563210733672,0.00014250664763630603,0.0009601111249166191,7083,6877337,0.00031509999999999996,False,True,False,True,True
cross_asset_target_free_conservative,10.0,4.0,simMed_test.mat,0.001,105,0.7000417500931313,0.250506756769571,0.594211644415595,0.4495349933235603,0.10583010567753626,0.001486977746324371,0.00042271621690726717,0.0014257579872761026,10225,6877337,0.0010501000000000002,False,True,False,True,True
cross_asset_target_free_conservative,10.0,4.0,simMed_test.mat,0.003,105,0.748751348787386,0.3203369562677633,0.6537447867743857,0.4284143925196227,0.09500656201300028,0.0022316939717923756,0.0009715048995873241,0.002177018231763093,15346,6877337,0.0031501,True,True,True,True,True
cross_asset_target_free_conservative,10.0,4.0,simMed_test.mat,0.01,105,0.7952228651804357,0.4041410413752089,0.7145158195692578,0.3910818238052268,0.08070704561117792,0.003918461964898869,0.002407599490845176,0.0038714936082983025,26945,6877337,0.0105001,True,True,True,True,True
cross_asset_target_free_conservative,10.0,4.0,simWind_test.mat,1e-05,105,0.5752476397830987,0.05299572520410039,0.45986910649013046,0.5222519145789983,0.11537853329296821,0.0006595158194437045,5.816626549763409e-06,0.0006108007958287846,4535,6877337,1.0600000000000002e-05,False,True,False,True,True
cross_asset_target_free_conservative,10.0,4.0,simWind_test.mat,3e-05,105,0.5920655055556041,0.07680541719094329,0.48323053490250634,0.5152600883646609,0.10883497065309777,0.0007322297548962049,1.1197201312804595e-05,0.0006854053038542792,5035,6877337,3.16e-05,False,True,False,True,True
cross_asset_target_free_conservative,10.0,4.0,simWind_test.mat,0.0001,105,0.6350959216595494,0.10686289059959145,0.537560630735548,0.528233031059958,0.09753529092400137,0.0009442602544755395,2.573914078622439e-05,0.0009025256280355355,6493,6877337,0.00010510000000000001,False,True,False,True,True
cross_asset_target_free_conservative,10.0,4.0,simWind_test.mat,0.0003,105,0.6858862943978645,0.15240196640730022,0.5987721546658935,0.5334843279905643,0.08711413973197102,0.001378210907346355,5.65676200198519e-05,0.0013402571485429055,9477,6877337,0.00031509999999999996,False,True,False,True,True
cross_asset_target_free_conservative,10.0,4.0,simWind_test.mat,0.001,105,0.7423571530956755,0.20795814347189331,0.666409106903147,0.5343990096237822,0.07594804619252848,0.002537103274209251,0.00015413989206931148,0.0025052572361184324,17446,6877337,0.0010501000000000002,False,True,False,True,True
cross_asset_target_free_conservative,10.0,4.0,simWind_test.mat,0.003,105,0.79011713644782,0.2680415385538572,0.7239878116639831,0.5220755978939629,0.06612932478383693,0.005141944496028522,0.00031830802580342575,0.0051128614450207215,35358,6877337,0.0031501,False,True,False,True,True
cross_asset_target_free_conservative,10.0,4.0,simWind_test.mat,0.01,105,0.8544042742382313,0.3569554498857991,0.7961369418971025,0.4974488243524322,0.0582673323411288,0.0125653131676074,0.0009562307452415877,0.012541320010127113,86405,6877337,0.0105001,False,True,False,True,True
cross_asset_target_free_conservative,10.0,16.0,combined,1e-05,210,0.5600819858874789,0.0656630799637862,0.42205691892953273,0.49441890592369275,0.1380250669579462,0.0006014166840174206,1.0979082111795175e-05,0.0005350332784699751,8271,13754674,1.0600000000000002e-05,False,False,False,True,True
cross_asset_target_free_conservative,10.0,16.0,combined,3e-05,210,0.5815209565669408,0.08240637261303958,0.4546006982513275,0.49911458395390124,0.12692025831561332,0.0006885276624195096,1.606880909289988e-05,0.0006263615948425524,9469,13754674,3.16e-05,False,True,False,True,True
cross_asset_target_free_conservative,10.0,16.0,combined,0.0001,210,0.6270568417692063,0.12220554283184845,0.513331233955522,0.5048512989373578,0.11372560781368424,0.0008953952859188802,4.544282647510391e-05,0.0008391188176972804,12314,13754674,0.00010510000000000001,False,True,False,True,True
cross_asset_target_free_conservative,10.0,16.0,combined,0.0003,210,0.6653551890428285,0.16700412319935337,0.5613663454079485,0.49835106584347516,0.10398884363488003,0.0012016616668974768,9.953713382807898e-05,0.0011501841367297623,16526,13754674,0.00031509999999999996,False,True,False,True,True
cross_asset_target_free_conservative,10.0,16.0,combined,0.001,210,0.7210253706625958,0.22923245012073215,0.630310375659371,0.49179292054186363,0.09071499500322477,0.0020099321315275136,0.0002884280544882893,0.001965507611697268,27642,13754674,0.0010501000000000002,False,True,False,True,True
cross_asset_target_free_conservative,10.0,16.0,combined,0.003,210,0.7693535323674012,0.29418924741081026,0.6888662992191843,0.47516428495659097,0.08048723314821693,0.0036849289554613893,0.0006449064626953748,0.0036449398383919074,50678,13754674,0.0031501,False,True,False,True,True
cross_asset_target_free_conservative,10.0,16.0,combined,0.01,210,0.8247328594591317,0.380548245630504,0.7553263807331801,0.4441846138286277,0.06940647872595151,0.008240215403640677,0.001681915118043382,0.008206406809212708,113327,13754674,0.0105001,True,True,True,True,True
cross_asset_target_free_conservative,10.0,16.0,simMed_test.mat,1e-05,105,0.545667325035211,0.07833043472347202,0.384244731368935,0.467336890311739,0.16142259366627598,0.0005449170625168435,1.614153767382694e-05,0.0004592657611111655,3747,6877337,1.0600000000000002e-05,False,False,False,True,True
cross_asset_target_free_conservative,10.0,16.0,simMed_test.mat,3e-05,105,0.5717274006216293,0.08800732803513589,0.42597086160014863,0.4837200725864934,0.14575653902148067,0.000646425083868521,2.0940416872995162e-05,0.0005673178858308256,4445,6877337,3.16e-05,False,True,False,True,True
cross_asset_target_free_conservative,10.0,16.0,simMed_test.mat,0.0001,105,0.619017761878863,0.13754819506410546,0.48910183717549605,0.4814695668147576,0.129915924703367,0.0008479844429338252,6.514651216398344e-05,0.0007757120073590253,5831,6877337,0.00010510000000000001,False,True,False,True,True
cross_asset_target_free_conservative,10.0,16.0,simMed_test.mat,0.0003,105,0.6448240836877925,0.18160627999140647,0.5239605361500035,0.4632178036963861,0.12086354753778905,0.0010264211481281773,0.00014250664763630603,0.0009601111249166191,7058,6877337,0.00031509999999999996,False,True,False,True,True
cross_asset_target_free_conservative,10.0,16.0,simMed_test.mat,0.001,105,0.6996935882295159,0.250506756769571,0.594211644415595,0.44918683145994487,0.10548194381392084,0.0014839242933124652,0.00042271621690726717,0.0014257579872761026,10204,6877337,0.0010501000000000002,False,True,False,True,True
cross_asset_target_free_conservative,10.0,16.0,simMed_test.mat,0.003,105,0.7485899282869825,0.3203369562677633,0.6537447867743857,0.42825297201921914,0.09484514151259671,0.0022289313199086655,0.0009715048995873241,0.002177018231763093,15327,6877337,0.0031501,True,True,True,True,True
cross_asset_target_free_conservative,10.0,16.0,simMed_test.mat,0.01,105,0.7950614446800321,0.4041410413752089,0.7145158195692578,0.39092040330482325,0.08054562511077434,0.003915990096383964,0.002407599490845176,0.0038714936082983025,26928,6877337,0.0105001,True,True,True,True,True
cross_asset_target_free_conservative,10.0,16.0,simWind_test.mat,1e-05,105,0.5744966467397469,0.05299572520410039,0.45986910649013046,0.5215009215356465,0.11462754024961641,0.0006579163055179978,5.816626549763409e-06,0.0006108007958287846,4524,6877337,1.0600000000000002e-05,False,True,False,True,True
cross_asset_target_free_conservative,10.0,16.0,simWind_test.mat,3e-05,105,0.5913145125122523,0.07680541719094329,0.48323053490250634,0.5145090953213091,0.10808397760974597,0.0007306302409704982,1.1197201312804595e-05,0.0006854053038542792,5024,6877337,3.16e-05,False,True,False,True,True
cross_asset_target_free_conservative,10.0,16.0,simWind_test.mat,0.0001,105,0.6350959216595494,0.10686289059959145,0.537560630735548,0.528233031059958,0.09753529092400137,0.0009428061289039349,2.573914078622439e-05,0.0009025256280355355,6483,6877337,0.00010510000000000001,False,True,False,True,True
cross_asset_target_free_conservative,10.0,16.0,simWind_test.mat,0.0003,105,0.6858862943978645,0.15240196640730022,0.5987721546658935,0.5334843279905643,0.08711413973197102,0.0013769021856667764,5.65676200198519e-05,0.0013402571485429055,9468,6877337,0.00031509999999999996,False,True,False,True,True
cross_asset_target_free_conservative,10.0,16.0,simWind_test.mat,0.001,105,0.7423571530956755,0.20795814347189331,0.666409106903147,0.5343990096237822,0.07594804619252848,0.0025359399697425624,0.00015413989206931148,0.0025052572361184324,17438,6877337,0.0010501000000000002,False,True,False,True,True
cross_asset_target_free_conservative,10.0,16.0,simWind_test.mat,0.003,105,0.79011713644782,0.2680415385538572,0.7239878116639831,0.5220755978939629,0.06612932478383693,0.005140926591014113,0.00031830802580342575,0.0051128614450207215,35351,6877337,0.0031501,False,True,False,True,True
cross_asset_target_free_conservative,10.0,16.0,simWind_test.mat,0.01,105,0.8544042742382313,0.3569554498857991,0.7961369418971025,0.4974488243524322,0.0582673323411288,0.012564440710897391,0.0009562307452415877,0.012541320010127113,86399,6877337,0.0105001,False,True,False,True,True
cross_asset_target_free_conservative,10.0,64.0,combined,1e-05,210,0.552929887853925,0.0656630799637862,0.42205691892953273,0.4872668078901389,0.13087296892439232,0.0005920375831143172,1.0979082111795175e-05,0.0005350332784699751,8142,13754674,1.0600000000000002e-05,False,False,False,True,True
cross_asset_target_free_conservative,10.0,64.0,combined,3e-05,210,0.5752312138488226,0.08240637261303958,0.4546006982513275,0.492824841235783,0.1206305155974951,0.0006795121101120617,1.606880909289988e-05,0.0006263615948425524,9345,13754674,3.16e-05,False,True,False,True,True
cross_asset_target_free_conservative,10.0,64.0,combined,0.0001,210,0.6215886018725908,0.12220554283184845,0.513331233955522,0.4993830590407423,0.10825736791706875,0.000887615787738916,4.544282647510391e-05,0.0008391188176972804,12207,13754674,0.00010510000000000001,False,True,False,True,True
cross_asset_target_free_conservative,10.0,64.0,combined,0.0003,210,0.6602251915057321,0.16700412319935337,0.5613663454079485,0.49322106830637874,0.09885884609778361,0.0011944639041981796,9.953713382807898e-05,0.0011501841367297623,16427,13754674,0.00031509999999999996,False,True,False,True,True
cross_asset_target_free_conservative,10.0,64.0,combined,0.001,210,0.7162735063607754,0.22923245012073215,0.630310375659371,0.48704105624004324,0.08596313070140438,0.00200367954743181,0.0002884280544882893,0.001965507611697268,27556,13754674,0.0010501000000000002,False,True,False,True,True
cross_asset_target_free_conservative,10.0,64.0,combined,0.003,210,0.7652323715324425,0.29418924741081026,0.6888662992191843,0.47104312412163224,0.0763660723132582,0.0036794034807741106,0.0006449064626953748,0.0036449398383919074,50602,13754674,0.0031501,False,True,False,True,True
cross_asset_target_free_conservative,10.0,64.0,combined,0.01,210,0.8215911808128361,0.380548245630504,0.7553263807331801,0.4410429351823321,0.06626480007965596,0.00823599867836582,0.001681915118043382,0.008206406809212708,113269,13754674,0.0105001,True,True,True,True,True
cross_asset_target_free_conservative,10.0,64.0,simMed_test.mat,1e-05,105,0.5376401389188175,0.07833043472347202,0.384244731368935,0.45930970419534545,0.15339540754988246,0.0005312483168215184,1.614153767382694e-05,0.0004592657611111655,3653,6877337,1.0600000000000002e-05,False,False,False,True,True
cross_asset_target_free_conservative,10.0,64.0,simMed_test.mat,3e-05,105,0.5649761868824907,0.08800732803513589,0.42597086160014863,0.47696885884735485,0.1390053252823421,0.0006334834353645069,2.0940416872995162e-05,0.0005673178858308256,4356,6877337,3.16e-05,False,True,False,True,True
cross_asset_target_free_conservative,10.0,64.0,simMed_test.mat,0.0001,105,0.6131476490208254,0.13754819506410546,0.48910183717549605,0.47559945395672,0.12404581184532937,0.000836351544968185,6.514651216398344e-05,0.0007757120073590253,5751,6877337,0.00010510000000000001,False,True,False,True,True
cross_asset_target_free_conservative,10.0,64.0,simMed_test.mat,0.0003,105,0.6393730552913927,0.18160627999140647,0.5239605361500035,0.4577667752999862,0.11541251914138917,0.0010153700100695353,0.00014250664763630603,0.0009601111249166191,6982,6877337,0.00031509999999999996,False,True,False,True,True
cross_asset_target_free_conservative,10.0,64.0,simMed_test.mat,0.001,105,0.6947414260462679,0.250506756769571,0.594211644415595,0.44423466927669686,0.10052978163067283,0.0014741818924418396,0.00042271621690726717,0.0014257579872761026,10137,6877337,0.0010501000000000002,False,True,False,True,True
cross_asset_target_free_conservative,10.0,64.0,simMed_test.mat,0.003,105,0.7447377525370541,0.3203369562677633,0.6537447867743857,0.4244007962692908,0.09099296576266835,0.002220497689550489,0.0009715048995873241,0.002177018231763093,15269,6877337,0.0031501,True,True,True,True,True
cross_asset_target_free_conservative,10.0,64.0,simMed_test.mat,0.01,105,0.7927547050250493,0.4041410413752089,0.7145158195692578,0.3886136636498404,0.0782388854557915,0.003909446918721105,0.002407599490845176,0.0038714936082983025,26883,6877337,0.0105001,True,True,True,True,True
cross_asset_target_free_conservative,10.0,64.0,simWind_test.mat,1e-05,105,0.5682196367890326,0.05299572520410039,0.45986910649013046,0.5152239115849323,0.10835053029890218,0.000652826849407116,5.816626549763409e-06,0.0006108007958287846,4489,6877337,1.0600000000000002e-05,False,True,False,True,True
cross_asset_target_free_conservative,10.0,64.0,simWind_test.mat,3e-05,105,0.5854862408151543,0.07680541719094329,0.48323053490250634,0.5086808236242111,0.10225570591264799,0.0007255407848596163,1.1197201312804595e-05,0.0006854053038542792,4989,6877337,3.16e-05,False,True,False,True,True
cross_asset_target_free_conservative,10.0,64.0,simWind_test.mat,0.0001,105,0.6300295547243563,0.10686289059959145,0.537560630735548,0.5231666641247649,0.09246892398880824,0.0009388800305096468,2.573914078622439e-05,0.0009025256280355355,6456,6877337,0.00010510000000000001,False,True,False,True,True
cross_asset_target_free_conservative,10.0,64.0,simWind_test.mat,0.0003,105,0.6810773277200716,0.15240196640730022,0.5987721546658935,0.5286753613127714,0.08230517305417806,0.0013735577983268238,5.65676200198519e-05,0.0013402571485429055,9445,6877337,0.00031509999999999996,False,True,False,True,True
cross_asset_target_free_conservative,10.0,64.0,simWind_test.mat,0.001,105,0.7378055866752831,0.20795814347189331,0.666409106903147,0.5298474432033897,0.07139647977213603,0.0025331772024217805,0.00015413989206931148,0.0025052572361184324,17419,6877337,0.0010501000000000002,False,True,False,True,True
cross_asset_target_free_conservative,10.0,64.0,simWind_test.mat,0.003,105,0.785726990527831,0.2680415385538572,0.7239878116639831,0.5176854519739738,0.06173917886384794,0.005138309271997732,0.00031830802580342575,0.0051128614450207215,35333,6877337,0.0031501,False,True,False,True,True
cross_asset_target_free_conservative,10.0,64.0,simWind_test.mat,0.01,105,0.8504276566006229,0.3569554498857991,0.7961369418971025,0.49347220671482384,0.054290714703520426,0.012562550438010533,0.0009562307452415877,0.012541320010127113,86386,6877337,0.0105001,False,True,False,True,True
cross_asset_target_free_conservative,10.0,256.0,combined,1e-05,210,0.5214081708928514,0.0656630799637862,0.42205691892953273,0.45574509092906523,0.09935125196331868,0.000569570351918379,1.0979082111795175e-05,0.0005350332784699751,7833,13754674,1.0600000000000002e-05,False,False,False,True,True
cross_asset_target_free_conservative,10.0,256.0,combined,3e-05,210,0.5471509460917753,0.08240637261303958,0.4546006982513275,0.4647445734787357,0.0925502478404478,0.0006586445504439274,1.606880909289988e-05,0.0006263615948425524,9058,13754674,3.16e-05,False,True,False,True,True
cross_asset_target_free_conservative,10.0,256.0,combined,0.0001,210,0.5965039094793286,0.12220554283184845,0.513331233955522,0.47429836664748015,0.08317267552380658,0.0008690750167958427,4.544282647510391e-05,0.0008391188176972804,11952,13754674,0.00010510000000000001,False,True,False,True,True
cross_asset_target_free_conservative,10.0,256.0,combined,0.0003,210,0.6372266260997304,0.16700412319935337,0.5613663454079485,0.470222502900377,0.07586028069178186,0.0011778863289765738,9.953713382807898e-05,0.0011501841367297623,16199,13754674,0.00031509999999999996,False,True,False,True,True
cross_asset_target_free_conservative,10.0,256.0,combined,0.001,210,0.6969259233752274,0.22923245012073215,0.630310375659371,0.4676934732544953,0.06661554771585643,0.00198928338811122,0.0002884280544882893,0.001965507611697268,27358,13754674,0.0010501000000000002,False,True,False,True,True
cross_asset_target_free_conservative,10.0,256.0,combined,0.003,210,0.7482075428010084,0.29418924741081026,0.6888662992191843,0.45401829539019817,0.05934124358182413,0.003666534307707806,0.0006449064626953748,0.0036449398383919074,50425,13754674,0.0031501,False,True,False,True,True
cross_asset_target_free_conservative,10.0,256.0,combined,0.01,210,0.8068996297125226,0.380548245630504,0.7553263807331801,0.4263513840820186,0.051573248979342456,0.008224874558548041,0.001681915118043382,0.008206406809212708,113116,13754674,0.0105001,True,True,True,True,True
cross_asset_target_free_conservative,10.0,256.0,simMed_test.mat,1e-05,105,0.5021053728606372,0.07833043472347202,0.384244731368935,0.42377493813716516,0.11786064149170217,0.0005011465684198787,1.614153767382694e-05,0.0004592657611111655,3446,6877337,1.0600000000000002e-05,False,False,False,True,True
cross_asset_target_free_conservative,10.0,256.0,simMed_test.mat,3e-05,105,0.5338622719891813,0.08800732803513589,0.42597086160014863,0.44585494395404546,0.10789141038903272,0.000605999314530701,2.0940416872995162e-05,0.0005673178858308256,4167,6877337,3.16e-05,False,True,False,True,True
cross_asset_target_free_conservative,10.0,256.0,simMed_test.mat,0.0001,105,0.5857742763320299,0.13754819506410546,0.48910183717549605,0.4482260812679245,0.0966724391565339,0.0008123575817033311,6.514651216398344e-05,0.0007757120073590253,5586,6877337,0.00010510000000000001,False,True,False,True,True
cross_asset_target_free_conservative,10.0,256.0,simMed_test.mat,0.0003,105,0.6135596474273518,0.18160627999140647,0.5239605361500035,0.43195336743594537,0.08959911127734832,0.0009937027711431792,0.00014250664763630603,0.0009601111249166191,6833,6877337,0.00031509999999999996,False,True,False,True,True
cross_asset_target_free_conservative,10.0,256.0,simMed_test.mat,0.001,105,0.6723502207756552,0.250506756769571,0.594211644415595,0.4218434640060842,0.07813857636006016,0.0014560049664764873,0.00042271621690726717,0.0014257579872761026,10012,6877337,0.0010501000000000002,False,True,False,True,True
cross_asset_target_free_conservative,10.0,256.0,simMed_test.mat,0.003,105,0.7244450159680291,0.3203369562677633,0.6537447867743857,0.4041080597002658,0.07070022919364338,0.0022042113206314014,0.0009715048995873241,0.002177018231763093,15157,6877337,0.0031501,True,True,True,True,True
cross_asset_target_free_conservative,10.0,256.0,simMed_test.mat,0.01,105,0.7759113306359138,0.4041410413752089,0.7145158195692578,0.3717702892607049,0.06139551106665597,0.0038953419301823865,0.002407599490845176,0.0038714936082983025,26786,6877337,0.0105001,True,True,True,True,True
cross_asset_target_free_conservative,10.0,256.0,simWind_test.mat,1e-05,105,0.5407109689250655,0.05299572520410039,0.45986910649013046,0.48771524372096514,0.08084186243493507,0.0006379941354168793,5.816626549763409e-06,0.0006108007958287846,4387,6877337,1.0600000000000002e-05,False,True,False,True,True
cross_asset_target_free_conservative,10.0,256.0,simWind_test.mat,3e-05,105,0.5604396201943691,0.07680541719094329,0.48323053490250634,0.4836342030034258,0.07720908529186277,0.0007112897863571539,1.1197201312804595e-05,0.0006854053038542792,4891,6877337,3.16e-05,False,True,False,True,True
cross_asset_target_free_conservative,10.0,256.0,simWind_test.mat,0.0001,105,0.6072335426266274,0.10686289059959145,0.537560630735548,0.500370652027036,0.06967291189107938,0.0009257924518883546,2.573914078622439e-05,0.0009025256280355355,6366,6877337,0.00010510000000000001,False,True,False,True,True
cross_asset_target_free_conservative,10.0,256.0,simWind_test.mat,0.0003,105,0.6608936047721091,0.15240196640730022,0.5987721546658935,0.5084916383648089,0.062121450106215614,0.001362069886809968,5.65676200198519e-05,0.0013402571485429055,9366,6877337,0.00031509999999999996,False,True,False,True,True
cross_asset_target_free_conservative,10.0,256.0,simWind_test.mat,0.001,105,0.7215016259747996,0.20795814347189331,0.666409106903147,0.5135434825029063,0.05509251907165258,0.002522561809745952,0.00015413989206931148,0.0025052572361184324,17346,6877337,0.0010501000000000002,False,True,False,True,True
cross_asset_target_free_conservative,10.0,256.0,simWind_test.mat,0.003,105,0.771970069633988,0.2680415385538572,0.7239878116639831,0.5039285310801307,0.04798225797000488,0.0051288572947842115,0.00031830802580342575,0.0051128614450207215,35268,6877337,0.0031501,False,True,False,True,True
cross_asset_target_free_conservative,10.0,256.0,simWind_test.mat,0.01,105,0.8378879287891317,0.3569554498857991,0.7961369418971025,0.48093247890333257,0.04175098689202916,0.012554407186913695,0.0009562307452415877,0.012541320010127113,86330,6877337,0.0105001,False,True,False,True,True
cross_asset_target_free_conservative,100.0,0.0,combined,1e-05,210,0.5602027885156847,0.06353575246875087,0.41846706759468344,0.49666703604693385,0.14173572092100128,0.0005956720955892218,9.961161586477536e-06,0.0005251444269687086,8192,13754674,1.0600000000000002e-05,False,True,False,True,True
cross_asset_target_free_conservative,100.0,0.0,combined,3e-05,210,0.5602027885156847,0.06353575246875087,0.41846706759468344,0.49666703604693385,0.14173572092100128,0.0005956720955892218,9.961161586477536e-06,0.0005251444269687086,8192,13754674,3.16e-05,False,True,False,True,True
cross_asset_target_free_conservative,100.0,0.0,combined,0.0001,210,0.5624827259592946,0.0656630799637862,0.42205691892953273,0.49681964599550843,0.14042580702976187,0.0006050519757331937,1.0979082111795175e-05,0.0005350332784699751,8321,13754674,0.00010510000000000001,False,True,False,True,True
cross_asset_target_free_conservative,100.0,0.0,combined,0.0003,210,0.5836091203261801,0.08240637261303958,0.4546006982513275,0.5012027477131404,0.12900842207485258,0.0006920175391329088,1.606880909289988e-05,0.0006263615948425524,9517,13754674,0.00031509999999999996,False,True,False,True,True
cross_asset_target_free_conservative,100.0,0.0,combined,0.001,210,0.6282695312620552,0.12220554283184845,0.513331233955522,0.5060639884302067,0.11493829730653315,0.0008985216362404732,4.544282647510391e-05,0.0008391188176972804,12357,13754674,0.0010501000000000002,True,True,True,True,True
cross_asset_target_free_conservative,100.0,0.0,combined,0.003,210,0.6662504182182173,0.16700412319935337,0.5613663454079485,0.4992462950188639,0.10488407281026879,0.001204715315273057,9.953713382807898e-05,0.0011501841367297623,16568,13754674,0.0031501,True,True,True,True,True
cross_asset_target_free_conservative,100.0,0.0,combined,0.01,210,0.7216382937979516,0.22923245012073215,0.630310375659371,0.4924058436772195,0.09132791813858065,0.002012549480513305,0.0002884280544882893,0.001965507611697268,27678,13754674,0.0105001,True,True,True,True,True
cross_asset_target_free_conservative,100.0,0.0,simMed_test.mat,1e-05,105,0.5489405168961264,0.07447260513022674,0.382876722927808,0.4744679117658997,0.16606379396831844,0.0005468069801800133,1.410569662319166e-05,0.0004559209719533609,3760,6877337,1.0600000000000002e-05,False,False,False,True,True
cross_asset_target_free_conservative,100.0,0.0,simMed_test.mat,3e-05,105,0.5489405168961264,0.07447260513022674,0.382876722927808,0.4744679117658997,0.16606379396831844,0.0005468069801800133,1.410569662319166e-05,0.0004559209719533609,3760,6877337,3.16e-05,False,True,False,True,True
cross_asset_target_free_conservative,100.0,0.0,simMed_test.mat,0.0001,105,0.5493563642982101,0.07833043472347202,0.384244731368935,0.4710259295747381,0.1651116329292751,0.0005500063521249278,1.614153767382694e-05,0.0004592657611111655,3782,6877337,0.00010510000000000001,False,True,False,True,True
cross_asset_target_free_conservative,100.0,0.0,simMed_test.mat,0.0003,105,0.5747912872594758,0.08800732803513589,0.42597086160014863,0.4867839592243399,0.14882042565932718,0.0006512235434718578,2.0940416872995162e-05,0.0005673178858308256,4478,6877337,0.00031509999999999996,False,True,False,True,True
cross_asset_target_free_conservative,100.0,0.0,simMed_test.mat,0.001,105,0.6214431408645611,0.13754819506410546,0.48910183717549605,0.48389494580045567,0.13234130368906505,0.0008524921058462727,6.514651216398344e-05,0.0007757120073590253,5862,6877337,0.0010501000000000002,True,True,True,True,True
cross_asset_target_free_conservative,100.0,0.0,simMed_test.mat,0.003,105,0.6466145420385699,0.18160627999140647,0.5239605361500035,0.4650082620471635,0.12265400588856645,0.0010309288110406248,0.00014250664763630603,0.0009601111249166191,7089,6877337,0.0031501,True,True,True,True,True
cross_asset_target_free_conservative,100.0,0.0,simMed_test.mat,0.01,105,0.7009194345002275,0.250506756769571,0.594211644415595,0.4504126777306565,0.10670779008463249,0.0014878502362916284,0.00042271621690726717,0.0014257579872761026,10231,6877337,0.0105001,True,True,True,True,True
cross_asset_target_free_conservative,100.0,0.0,simWind_test.mat,1e-05,105,0.5714650601352431,0.052598899807274994,0.4540574122615589,0.5188661603279682,0.11740764787368424,0.0006445372109984301,5.816626549763409e-06,0.0005943678819840563,4432,6877337,1.0600000000000002e-05,False,True,False,True,True
cross_asset_target_free_conservative,100.0,0.0,simWind_test.mat,3e-05,105,0.5714650601352431,0.052598899807274994,0.4540574122615589,0.5188661603279682,0.11740764787368424,0.0006445372109984301,5.816626549763409e-06,0.0005943678819840563,4432,6877337,3.16e-05,False,True,False,True,True
cross_asset_target_free_conservative,100.0,0.0,simWind_test.mat,0.0001,105,0.575609087620379,0.05299572520410039,0.45986910649013046,0.5226133624162786,0.11573998113024853,0.0006600975993414596,5.816626549763409e-06,0.0006108007958287846,4539,6877337,0.00010510000000000001,False,True,False,True,True
cross_asset_target_free_conservative,100.0,0.0,simWind_test.mat,0.0003,105,0.5924269533928844,0.07680541719094329,0.48323053490250634,0.5156215362019412,0.10919641849037809,0.0007328115347939601,1.1197201312804595e-05,0.0006854053038542792,5039,6877337,0.00031509999999999996,False,True,False,True,True
cross_asset_target_free_conservative,100.0,0.0,simWind_test.mat,0.001,105,0.6350959216595494,0.10686289059959145,0.537560630735548,0.528233031059958,0.09753529092400137,0.0009445511666346736,2.573914078622439e-05,0.0009025256280355355,6495,6877337,0.0010501000000000002,True,True,True,True,True
cross_asset_target_free_conservative,100.0,0.0,simWind_test.mat,0.003,105,0.6858862943978645,0.15240196640730022,0.5987721546658935,0.5334843279905643,0.08711413973197102,0.0013785018195054892,5.65676200198519e-05,0.0013402571485429055,9479,6877337,0.0031501,True,True,True,True,True
cross_asset_target_free_conservative,100.0,0.0,simWind_test.mat,0.01,105,0.7423571530956755,0.20795814347189331,0.666409106903147,0.5343990096237822,0.07594804619252848,0.0025372487247349814,0.00015413989206931148,0.0025052572361184324,17447,6877337,0.0105001,True,True,True,True,True
cross_asset_target_free_conservative,100.0,0.25,combined,1e-05,210,0.5602027885156847,0.06353575246875087,0.41846706759468344,0.49666703604693385,0.14173572092100128,0.0005956720955892218,9.961161586477536e-06,0.0005251444269687086,8192,13754674,1.0600000000000002e-05,False,True,False,True,True
cross_asset_target_free_conservative,100.0,0.25,combined,3e-05,210,0.5602027885156847,0.06353575246875087,0.41846706759468344,0.49666703604693385,0.14173572092100128,0.0005956720955892218,9.961161586477536e-06,0.0005251444269687086,8192,13754674,3.16e-05,False,True,False,True,True
cross_asset_target_free_conservative,100.0,0.25,combined,0.0001,210,0.5624827259592946,0.0656630799637862,0.42205691892953273,0.49681964599550843,0.14042580702976187,0.0006050519757331937,1.0979082111795175e-05,0.0005350332784699751,8321,13754674,0.00010510000000000001,False,True,False,True,True
cross_asset_target_free_conservative,100.0,0.25,combined,0.0003,210,0.5836091203261801,0.08240637261303958,0.4546006982513275,0.5012027477131404,0.12900842207485258,0.0006920175391329088,1.606880909289988e-05,0.0006263615948425524,9517,13754674,0.00031509999999999996,False,True,False,True,True
cross_asset_target_free_conservative,100.0,0.25,combined,0.001,210,0.6282695312620552,0.12220554283184845,0.513331233955522,0.5060639884302067,0.11493829730653315,0.0008985216362404732,4.544282647510391e-05,0.0008391188176972804,12357,13754674,0.0010501000000000002,True,True,True,True,True
cross_asset_target_free_conservative,100.0,0.25,combined,0.003,210,0.6662504182182173,0.16700412319935337,0.5613663454079485,0.4992462950188639,0.10488407281026879,0.001204715315273057,9.953713382807898e-05,0.0011501841367297623,16568,13754674,0.0031501,True,True,True,True,True
cross_asset_target_free_conservative,100.0,0.25,combined,0.01,210,0.7216382937979516,0.22923245012073215,0.630310375659371,0.4924058436772195,0.09132791813858065,0.002012549480513305,0.0002884280544882893,0.001965507611697268,27678,13754674,0.0105001,True,True,True,True,True
cross_asset_target_free_conservative,100.0,0.25,simMed_test.mat,1e-05,105,0.5489405168961264,0.07447260513022674,0.382876722927808,0.4744679117658997,0.16606379396831844,0.0005468069801800133,1.410569662319166e-05,0.0004559209719533609,3760,6877337,1.0600000000000002e-05,False,False,False,True,True
cross_asset_target_free_conservative,100.0,0.25,simMed_test.mat,3e-05,105,0.5489405168961264,0.07447260513022674,0.382876722927808,0.4744679117658997,0.16606379396831844,0.0005468069801800133,1.410569662319166e-05,0.0004559209719533609,3760,6877337,3.16e-05,False,True,False,True,True
cross_asset_target_free_conservative,100.0,0.25,simMed_test.mat,0.0001,105,0.5493563642982101,0.07833043472347202,0.384244731368935,0.4710259295747381,0.1651116329292751,0.0005500063521249278,1.614153767382694e-05,0.0004592657611111655,3782,6877337,0.00010510000000000001,False,True,False,True,True
cross_asset_target_free_conservative,100.0,0.25,simMed_test.mat,0.0003,105,0.5747912872594758,0.08800732803513589,0.42597086160014863,0.4867839592243399,0.14882042565932718,0.0006512235434718578,2.0940416872995162e-05,0.0005673178858308256,4478,6877337,0.00031509999999999996,False,True,False,True,True
cross_asset_target_free_conservative,100.0,0.25,simMed_test.mat,0.001,105,0.6214431408645611,0.13754819506410546,0.48910183717549605,0.48389494580045567,0.13234130368906505,0.0008524921058462727,6.514651216398344e-05,0.0007757120073590253,5862,6877337,0.0010501000000000002,True,True,True,True,True
cross_asset_target_free_conservative,100.0,0.25,simMed_test.mat,0.003,105,0.6466145420385699,0.18160627999140647,0.5239605361500035,0.4650082620471635,0.12265400588856645,0.0010309288110406248,0.00014250664763630603,0.0009601111249166191,7089,6877337,0.0031501,True,True,True,True,True
cross_asset_target_free_conservative,100.0,0.25,simMed_test.mat,0.01,105,0.7009194345002275,0.250506756769571,0.594211644415595,0.4504126777306565,0.10670779008463249,0.0014878502362916284,0.00042271621690726717,0.0014257579872761026,10231,6877337,0.0105001,True,True,True,True,True
cross_asset_target_free_conservative,100.0,0.25,simWind_test.mat,1e-05,105,0.5714650601352431,0.052598899807274994,0.4540574122615589,0.5188661603279682,0.11740764787368424,0.0006445372109984301,5.816626549763409e-06,0.0005943678819840563,4432,6877337,1.0600000000000002e-05,False,True,False,True,True
cross_asset_target_free_conservative,100.0,0.25,simWind_test.mat,3e-05,105,0.5714650601352431,0.052598899807274994,0.4540574122615589,0.5188661603279682,0.11740764787368424,0.0006445372109984301,5.816626549763409e-06,0.0005943678819840563,4432,6877337,3.16e-05,False,True,False,True,True
cross_asset_target_free_conservative,100.0,0.25,simWind_test.mat,0.0001,105,0.575609087620379,0.05299572520410039,0.45986910649013046,0.5226133624162786,0.11573998113024853,0.0006600975993414596,5.816626549763409e-06,0.0006108007958287846,4539,6877337,0.00010510000000000001,False,True,False,True,True
cross_asset_target_free_conservative,100.0,0.25,simWind_test.mat,0.0003,105,0.5924269533928844,0.07680541719094329,0.48323053490250634,0.5156215362019412,0.10919641849037809,0.0007328115347939601,1.1197201312804595e-05,0.0006854053038542792,5039,6877337,0.00031509999999999996,False,True,False,True,True
cross_asset_target_free_conservative,100.0,0.25,simWind_test.mat,0.001,105,0.6350959216595494,0.10686289059959145,0.537560630735548,0.528233031059958,0.09753529092400137,0.0009445511666346736,2.573914078622439e-05,0.0009025256280355355,6495,6877337,0.0010501000000000002,True,True,True,True,True
cross_asset_target_free_conservative,100.0,0.25,simWind_test.mat,0.003,105,0.6858862943978645,0.15240196640730022,0.5987721546658935,0.5334843279905643,0.08711413973197102,0.0013785018195054892,5.65676200198519e-05,0.0013402571485429055,9479,6877337,0.0031501,True,True,True,True,True
cross_asset_target_free_conservative,100.0,0.25,simWind_test.mat,0.01,105,0.7423571530956755,0.20795814347189331,0.666409106903147,0.5343990096237822,0.07594804619252848,0.0025372487247349814,0.00015413989206931148,0.0025052572361184324,17447,6877337,0.0105001,True,True,True,True,True
cross_asset_target_free_conservative,100.0,1.0,combined,1e-05,210,0.5599226764708668,0.06353575246875087,0.41846706759468344,0.4963869240021159,0.14145560887618336,0.0005955993692156568,9.961161586477536e-06,0.0005251444269687086,8191,13754674,1.0600000000000002e-05,False,True,False,True,True
cross_asset_target_free_conservative,100.0,1.0,combined,3e-05,210,0.5599226764708668,0.06353575246875087,0.41846706759468344,0.4963869240021159,0.14145560887618336,0.0005955993692156568,9.961161586477536e-06,0.0005251444269687086,8191,13754674,3.16e-05,False,True,False,True,True
cross_asset_target_free_conservative,100.0,1.0,combined,0.0001,210,0.5622026139144767,0.0656630799637862,0.42205691892953273,0.4965395339506905,0.14014569498494395,0.0006049792493596289,1.0979082111795175e-05,0.0005350332784699751,8320,13754674,0.00010510000000000001,False,True,False,True,True
cross_asset_target_free_conservative,100.0,1.0,combined,0.0003,210,0.5833290082813622,0.08240637261303958,0.4546006982513275,0.5009226356683226,0.12872831003003476,0.0006920175391329088,1.606880909289988e-05,0.0006263615948425524,9517,13754674,0.00031509999999999996,False,True,False,True,True
cross_asset_target_free_conservative,100.0,1.0,combined,0.001,210,0.6279894192172374,0.12220554283184845,0.513331233955522,0.5057838763853889,0.11465818526171534,0.0008985216362404732,4.544282647510391e-05,0.0008391188176972804,12357,13754674,0.0010501000000000002,True,True,True,True,True
cross_asset_target_free_conservative,100.0,1.0,combined,0.003,210,0.6659703061733994,0.16700412319935337,0.5613663454079485,0.498966182974046,0.10460396076545087,0.001204715315273057,9.953713382807898e-05,0.0011501841367297623,16568,13754674,0.0031501,True,True,True,True,True
cross_asset_target_free_conservative,100.0,1.0,combined,0.01,210,0.7213581817531337,0.22923245012073215,0.630310375659371,0.4921257316324016,0.09104780609376273,0.002012549480513305,0.0002884280544882893,0.001965507611697268,27678,13754674,0.0105001,True,True,True,True,True
cross_asset_target_free_conservative,100.0,1.0,simMed_test.mat,1e-05,105,0.5483802928064905,0.07447260513022674,0.382876722927808,0.47390768767626373,0.16550356987868248,0.0005466615274328835,1.410569662319166e-05,0.0004559209719533609,3759,6877337,1.0600000000000002e-05,False,False,False,True,True
cross_asset_target_free_conservative,100.0,1.0,simMed_test.mat,3e-05,105,0.5483802928064905,0.07447260513022674,0.382876722927808,0.47390768767626373,0.16550356987868248,0.0005466615274328835,1.410569662319166e-05,0.0004559209719533609,3759,6877337,3.16e-05,False,True,False,True,True
cross_asset_target_free_conservative,100.0,1.0,simMed_test.mat,0.0001,105,0.5487961402085744,0.07833043472347202,0.384244731368935,0.47046570548510236,0.16455140883963937,0.0005498608993777981,1.614153767382694e-05,0.0004592657611111655,3781,6877337,0.00010510000000000001,False,True,False,True,True
cross_asset_target_free_conservative,100.0,1.0,simMed_test.mat,0.0003,105,0.57423106316984,0.08800732803513589,0.42597086160014863,0.48622373513470407,0.14826020156969133,0.0006512235434718578,2.0940416872995162e-05,0.0005673178858308256,4478,6877337,0.00031509999999999996,False,True,False,True,True
cross_asset_target_free_conservative,100.0,1.0,simMed_test.mat,0.001,105,0.6208829167749252,0.13754819506410546,0.48910183717549605,0.4833347217108198,0.1317810795994292,0.0008524921058462727,6.514651216398344e-05,0.0007757120073590253,5862,6877337,0.0010501000000000002,True,True,True,True,True
cross_asset_target_free_conservative,100.0,1.0,simMed_test.mat,0.003,105,0.6460543179489341,0.18160627999140647,0.5239605361500035,0.46444803795752765,0.1220937817989306,0.0010309288110406248,0.00014250664763630603,0.0009601111249166191,7089,6877337,0.0031501,True,True,True,True,True
cross_asset_target_free_conservative,100.0,1.0,simMed_test.mat,0.01,105,0.7003592104105918,0.250506756769571,0.594211644415595,0.4498524536410208,0.10614756599499675,0.0014878502362916284,0.00042271621690726717,0.0014257579872761026,10231,6877337,0.0105001,True,True,True,True,True
cross_asset_target_free_conservative,100.0,1.0,simWind_test.mat,1e-05,105,0.5714650601352431,0.052598899807274994,0.4540574122615589,0.5188661603279682,0.11740764787368424,0.0006445372109984301,5.816626549763409e-06,0.0005943678819840563,4432,6877337,1.0600000000000002e-05,False,True,False,True,True
cross_asset_target_free_conservative,100.0,1.0,simWind_test.mat,3e-05,105,0.5714650601352431,0.052598899807274994,0.4540574122615589,0.5188661603279682,0.11740764787368424,0.0006445372109984301,5.816626549763409e-06,0.0005943678819840563,4432,6877337,3.16e-05,False,True,False,True,True
cross_asset_target_free_conservative,100.0,1.0,simWind_test.mat,0.0001,105,0.575609087620379,0.05299572520410039,0.45986910649013046,0.5226133624162786,0.11573998113024853,0.0006600975993414596,5.816626549763409e-06,0.0006108007958287846,4539,6877337,0.00010510000000000001,False,True,False,True,True
cross_asset_target_free_conservative,100.0,1.0,simWind_test.mat,0.0003,105,0.5924269533928844,0.07680541719094329,0.48323053490250634,0.5156215362019412,0.10919641849037809,0.0007328115347939601,1.1197201312804595e-05,0.0006854053038542792,5039,6877337,0.00031509999999999996,False,True,False,True,True
cross_asset_target_free_conservative,100.0,1.0,simWind_test.mat,0.001,105,0.6350959216595494,0.10686289059959145,0.537560630735548,0.528233031059958,0.09753529092400137,0.0009445511666346736,2.573914078622439e-05,0.0009025256280355355,6495,6877337,0.0010501000000000002,True,True,True,True,True
cross_asset_target_free_conservative,100.0,1.0,simWind_test.mat,0.003,105,0.6858862943978645,0.15240196640730022,0.5987721546658935,0.5334843279905643,0.08711413973197102,0.0013785018195054892,5.65676200198519e-05,0.0013402571485429055,9479,6877337,0.0031501,True,True,True,True,True
cross_asset_target_free_conservative,100.0,1.0,simWind_test.mat,0.01,105,0.7423571530956755,0.20795814347189331,0.666409106903147,0.5343990096237822,0.07594804619252848,0.0025372487247349814,0.00015413989206931148,0.0025052572361184324,17447,6877337,0.0105001,True,True,True,True,True
cross_asset_target_free_conservative,100.0,4.0,combined,1e-05,210,0.5594077499056508,0.06353575246875087,0.41846706759468344,0.4958719974368999,0.14094068231096735,0.0005948722342831506,9.961161586477536e-06,0.0005251444269687086,8181,13754674,1.0600000000000002e-05,False,True,False,True,True
cross_asset_target_free_conservative,100.0,4.0,combined,3e-05,210,0.5594077499056508,0.06353575246875087,0.41846706759468344,0.4958719974368999,0.14094068231096735,0.0005948722342831506,9.961161586477536e-06,0.0005251444269687086,8181,13754674,3.16e-05,False,True,False,True,True
cross_asset_target_free_conservative,100.0,4.0,combined,0.0001,210,0.5616876873492607,0.0656630799637862,0.42205691892953273,0.4960246073854745,0.13963076841972794,0.0006042521144271225,1.0979082111795175e-05,0.0005350332784699751,8310,13754674,0.00010510000000000001,False,True,False,True,True
cross_asset_target_free_conservative,100.0,4.0,combined,0.0003,210,0.5828140817161462,0.08240637261303958,0.4546006982513275,0.5004077091031066,0.12821338346481875,0.0006912904042004026,1.606880909289988e-05,0.0006263615948425524,9507,13754674,0.00031509999999999996,False,True,False,True,True
cross_asset_target_free_conservative,100.0,4.0,combined,0.001,210,0.6277373183769013,0.12220554283184845,0.513331233955522,0.5055317755450528,0.11440608442137923,0.0008979399351772772,4.544282647510391e-05,0.0008391188176972804,12349,13754674,0.0010501000000000002,True,True,True,True,True
cross_asset_target_free_conservative,100.0,4.0,combined,0.003,210,0.6657182053330631,0.16700412319935337,0.5613663454079485,0.49871408213370977,0.10435185992511464,0.0012041336142098612,9.953713382807898e-05,0.0011501841367297623,16560,13754674,0.0031501,True,True,True,True,True
cross_asset_target_free_conservative,100.0,4.0,combined,0.01,210,0.7211994515944036,0.22923245012073215,0.630310375659371,0.49196700147367145,0.09088907593503259,0.0020120405102668107,0.0002884280544882893,0.001965507611697268,27671,13754674,0.0105001,True,True,True,True,True
cross_asset_target_free_conservative,100.0,4.0,simMed_test.mat,1e-05,105,0.5477118875133388,0.07447260513022674,0.382876722927808,0.473239282383112,0.16483516458553077,0.0005457890374656261,1.410569662319166e-05,0.0004559209719533609,3753,6877337,1.0600000000000002e-05,False,False,False,True,True
cross_asset_target_free_conservative,100.0,4.0,simMed_test.mat,3e-05,105,0.5477118875133388,0.07447260513022674,0.382876722927808,0.473239282383112,0.16483516458553077,0.0005457890374656261,1.410569662319166e-05,0.0004559209719533609,3753,6877337,3.16e-05,False,True,False,True,True
cross_asset_target_free_conservative,100.0,4.0,simMed_test.mat,0.0001,105,0.5481277349154225,0.07833043472347202,0.384244731368935,0.46979730019195054,0.16388300354648755,0.0005489884094105406,1.614153767382694e-05,0.0004592657611111655,3775,6877337,0.00010510000000000001,False,True,False,True,True
cross_asset_target_free_conservative,100.0,4.0,simMed_test.mat,0.0003,105,0.5735626578766883,0.08800732803513589,0.42597086160014863,0.48555532984155236,0.14759179627653962,0.0006503510535046002,2.0940416872995162e-05,0.0005673178858308256,4472,6877337,0.00031509999999999996,False,True,False,True,True
cross_asset_target_free_conservative,100.0,4.0,simMed_test.mat,0.001,105,0.620378715094253,0.13754819506410546,0.48910183717549605,0.4828305200301476,0.13127687791875697,0.0008516196158790152,6.514651216398344e-05,0.0007757120073590253,5856,6877337,0.0010501000000000002,True,True,True,True,True
cross_asset_target_free_conservative,100.0,4.0,simMed_test.mat,0.003,105,0.6455501162682619,0.18160627999140647,0.5239605361500035,0.4639438362768554,0.12158958011825838,0.0010300563210733672,0.00014250664763630603,0.0009601111249166191,7083,6877337,0.0031501,True,True,True,True,True
cross_asset_target_free_conservative,100.0,4.0,simMed_test.mat,0.01,105,0.7000417500931313,0.250506756769571,0.594211644415595,0.4495349933235603,0.10583010567753626,0.001486977746324371,0.00042271621690726717,0.0014257579872761026,10225,6877337,0.0105001,True,True,True,True,True
cross_asset_target_free_conservative,100.0,4.0,simWind_test.mat,1e-05,105,0.5711036122979628,0.052598899807274994,0.4540574122615589,0.5185047124906879,0.11704620003640392,0.000643955431100675,5.816626549763409e-06,0.0005943678819840563,4428,6877337,1.0600000000000002e-05,False,True,False,True,True
cross_asset_target_free_conservative,100.0,4.0,simWind_test.mat,3e-05,105,0.5711036122979628,0.052598899807274994,0.4540574122615589,0.5185047124906879,0.11704620003640392,0.000643955431100675,5.816626549763409e-06,0.0005943678819840563,4428,6877337,3.16e-05,False,True,False,True,True
cross_asset_target_free_conservative,100.0,4.0,simWind_test.mat,0.0001,105,0.5752476397830987,0.05299572520410039,0.45986910649013046,0.5222519145789983,0.11537853329296821,0.0006595158194437045,5.816626549763409e-06,0.0006108007958287846,4535,6877337,0.00010510000000000001,False,True,False,True,True
cross_asset_target_free_conservative,100.0,4.0,simWind_test.mat,0.0003,105,0.5920655055556041,0.07680541719094329,0.48323053490250634,0.5152600883646609,0.10883497065309777,0.0007322297548962049,1.1197201312804595e-05,0.0006854053038542792,5035,6877337,0.00031509999999999996,False,True,False,True,True
cross_asset_target_free_conservative,100.0,4.0,simWind_test.mat,0.001,105,0.6350959216595494,0.10686289059959145,0.537560630735548,0.528233031059958,0.09753529092400137,0.0009442602544755395,2.573914078622439e-05,0.0009025256280355355,6493,6877337,0.0010501000000000002,True,True,True,True,True
cross_asset_target_free_conservative,100.0,4.0,simWind_test.mat,0.003,105,0.6858862943978645,0.15240196640730022,0.5987721546658935,0.5334843279905643,0.08711413973197102,0.001378210907346355,5.65676200198519e-05,0.0013402571485429055,9477,6877337,0.0031501,True,True,True,True,True
cross_asset_target_free_conservative,100.0,4.0,simWind_test.mat,0.01,105,0.7423571530956755,0.20795814347189331,0.666409106903147,0.5343990096237822,0.07594804619252848,0.002537103274209251,0.00015413989206931148,0.0025052572361184324,17446,6877337,0.0105001,True,True,True,True,True
cross_asset_target_free_conservative,100.0,16.0,combined,1e-05,210,0.5576047263860819,0.06353575246875087,0.41846706759468344,0.49406897391733107,0.1391376587913985,0.0005920368038734486,9.961161586477536e-06,0.0005251444269687086,8142,13754674,1.0600000000000002e-05,False,True,False,True,True
cross_asset_target_free_conservative,100.0,16.0,combined,3e-05,210,0.5576047263860819,0.06353575246875087,0.41846706759468344,0.49406897391733107,0.1391376587913985,0.0005920368038734486,9.961161586477536e-06,0.0005251444269687086,8142,13754674,3.16e-05,False,True,False,True,True
cross_asset_target_free_conservative,100.0,16.0,combined,0.0001,210,0.5600819858874789,0.0656630799637862,0.42205691892953273,0.49441890592369275,0.1380250669579462,0.0006014166840174206,1.0979082111795175e-05,0.0005350332784699751,8271,13754674,0.00010510000000000001,False,True,False,True,True
cross_asset_target_free_conservative,100.0,16.0,combined,0.0003,210,0.5815209565669408,0.08240637261303958,0.4546006982513275,0.49911458395390124,0.12692025831561332,0.0006885276624195096,1.606880909289988e-05,0.0006263615948425524,9469,13754674,0.00031509999999999996,False,True,False,True,True
cross_asset_target_free_conservative,100.0,16.0,combined,0.001,210,0.6270568417692063,0.12220554283184845,0.513331233955522,0.5048512989373578,0.11372560781368424,0.0008953952859188802,4.544282647510391e-05,0.0008391188176972804,12314,13754674,0.0010501000000000002,True,True,True,True,True
cross_asset_target_free_conservative,100.0,16.0,combined,0.003,210,0.6653551890428285,0.16700412319935337,0.5613663454079485,0.49835106584347516,0.10398884363488003,0.0012016616668974768,9.953713382807898e-05,0.0011501841367297623,16526,13754674,0.0031501,True,True,True,True,True
cross_asset_target_free_conservative,100.0,16.0,combined,0.01,210,0.7210253706625958,0.22923245012073215,0.630310375659371,0.49179292054186363,0.09071499500322477,0.0020099321315275136,0.0002884280544882893,0.001965507611697268,27642,13754674,0.0105001,True,True,True,True,True
cross_asset_target_free_conservative,100.0,16.0,simMed_test.mat,1e-05,105,0.545078317459967,0.07447260513022674,0.382876722927808,0.4706057123297403,0.16220159453215904,0.000541717690571929,1.410569662319166e-05,0.0004559209719533609,3725,6877337,1.0600000000000002e-05,False,False,False,True,True
cross_asset_target_free_conservative,100.0,16.0,simMed_test.mat,3e-05,105,0.545078317459967,0.07447260513022674,0.382876722927808,0.4706057123297403,0.16220159453215904,0.000541717690571929,1.410569662319166e-05,0.0004559209719533609,3725,6877337,3.16e-05,False,True,False,True,True
cross_asset_target_free_conservative,100.0,16.0,simMed_test.mat,0.0001,105,0.545667325035211,0.07833043472347202,0.384244731368935,0.467336890311739,0.16142259366627598,0.0005449170625168435,1.614153767382694e-05,0.0004592657611111655,3747,6877337,0.00010510000000000001,False,True,False,True,True
cross_asset_target_free_conservative,100.0,16.0,simMed_test.mat,0.0003,105,0.5717274006216293,0.08800732803513589,0.42597086160014863,0.4837200725864934,0.14575653902148067,0.000646425083868521,2.0940416872995162e-05,0.0005673178858308256,4445,6877337,0.00031509999999999996,False,True,False,True,True
cross_asset_target_free_conservative,100.0,16.0,simMed_test.mat,0.001,105,0.619017761878863,0.13754819506410546,0.48910183717549605,0.4814695668147576,0.129915924703367,0.0008479844429338252,6.514651216398344e-05,0.0007757120073590253,5831,6877337,0.0010501000000000002,True,True,True,True,True
cross_asset_target_free_conservative,100.0,16.0,simMed_test.mat,0.003,105,0.6448240836877925,0.18160627999140647,0.5239605361500035,0.4632178036963861,0.12086354753778905,0.0010264211481281773,0.00014250664763630603,0.0009601111249166191,7058,6877337,0.0031501,True,True,True,True,True
cross_asset_target_free_conservative,100.0,16.0,simMed_test.mat,0.01,105,0.6996935882295159,0.250506756769571,0.594211644415595,0.44918683145994487,0.10548194381392084,0.0014839242933124652,0.00042271621690726717,0.0014257579872761026,10204,6877337,0.0105001,True,True,True,True,True
cross_asset_target_free_conservative,100.0,16.0,simWind_test.mat,1e-05,105,0.5701311353121968,0.052598899807274994,0.4540574122615589,0.5175322355049219,0.11607372305063796,0.0006423559171749683,5.816626549763409e-06,0.0005943678819840563,4417,6877337,1.0600000000000002e-05,False,True,False,True,True
cross_asset_target_free_conservative,100.0,16.0,simWind_test.mat,3e-05,105,0.5701311353121968,0.052598899807274994,0.4540574122615589,0.5175322355049219,0.11607372305063796,0.0006423559171749683,5.816626549763409e-06,0.0005943678819840563,4417,6877337,3.16e-05,False,True,False,True,True
cross_asset_target_free_conservative,100.0,16.0,simWind_test.mat,0.0001,105,0.5744966467397469,0.05299572520410039,0.45986910649013046,0.5215009215356465,0.11462754024961641,0.0006579163055179978,5.816626549763409e-06,0.0006108007958287846,4524,6877337,0.00010510000000000001,False,True,False,True,True
cross_asset_target_free_conservative,100.0,16.0,simWind_test.mat,0.0003,105,0.5913145125122523,0.07680541719094329,0.48323053490250634,0.5145090953213091,0.10808397760974597,0.0007306302409704982,1.1197201312804595e-05,0.0006854053038542792,5024,6877337,0.00031509999999999996,False,True,False,True,True
cross_asset_target_free_conservative,100.0,16.0,simWind_test.mat,0.001,105,0.6350959216595494,0.10686289059959145,0.537560630735548,0.528233031059958,0.09753529092400137,0.0009428061289039349,2.573914078622439e-05,0.0009025256280355355,6483,6877337,0.0010501000000000002,True,True,True,True,True
cross_asset_target_free_conservative,100.0,16.0,simWind_test.mat,0.003,105,0.6858862943978645,0.15240196640730022,0.5987721546658935,0.5334843279905643,0.08711413973197102,0.0013769021856667764,5.65676200198519e-05,0.0013402571485429055,9468,6877337,0.0031501,True,True,True,True,True
cross_asset_target_free_conservative,100.0,16.0,simWind_test.mat,0.01,105,0.7423571530956755,0.20795814347189331,0.666409106903147,0.5343990096237822,0.07594804619252848,0.0025359399697425624,0.00015413989206931148,0.0025052572361184324,17438,6877337,0.0105001,True,True,True,True,True
cross_asset_target_free_conservative,100.0,64.0,combined,1e-05,210,0.5504526283525281,0.06353575246875087,0.41846706759468344,0.4869168758837772,0.13198556075784462,0.0005825850110126925,9.961161586477536e-06,0.0005251444269687086,8012,13754674,1.0600000000000002e-05,False,True,False,True,True
cross_asset_target_free_conservative,100.0,64.0,combined,3e-05,210,0.5504526283525281,0.06353575246875087,0.41846706759468344,0.4869168758837772,0.13198556075784462,0.0005825850110126925,9.961161586477536e-06,0.0005251444269687086,8012,13754674,3.16e-05,False,True,False,True,True
cross_asset_target_free_conservative,100.0,64.0,combined,0.0001,210,0.552929887853925,0.0656630799637862,0.42205691892953273,0.4872668078901389,0.13087296892439232,0.0005920375831143172,1.0979082111795175e-05,0.0005350332784699751,8142,13754674,0.00010510000000000001,False,True,False,True,True
cross_asset_target_free_conservative,100.0,64.0,combined,0.0003,210,0.5752312138488226,0.08240637261303958,0.4546006982513275,0.492824841235783,0.1206305155974951,0.0006795121101120617,1.606880909289988e-05,0.0006263615948425524,9345,13754674,0.00031509999999999996,False,True,False,True,True
cross_asset_target_free_conservative,100.0,64.0,combined,0.001,210,0.6215886018725908,0.12220554283184845,0.513331233955522,0.4993830590407423,0.10825736791706875,0.000887615787738916,4.544282647510391e-05,0.0008391188176972804,12207,13754674,0.0010501000000000002,True,True,True,True,True
cross_asset_target_free_conservative,100.0,64.0,combined,0.003,210,0.6602251915057321,0.16700412319935337,0.5613663454079485,0.49322106830637874,0.09885884609778361,0.0011944639041981796,9.953713382807898e-05,0.0011501841367297623,16427,13754674,0.0031501,True,True,True,True,True
cross_asset_target_free_conservative,100.0,64.0,combined,0.01,210,0.7162735063607754,0.22923245012073215,0.630310375659371,0.48704105624004324,0.08596313070140438,0.00200367954743181,0.0002884280544882893,0.001965507611697268,27556,13754674,0.0105001,True,True,True,True,True
cross_asset_target_free_conservative,100.0,64.0,simMed_test.mat,1e-05,105,0.5370511313435735,0.07447260513022674,0.382876722927808,0.4625785262133468,0.15417440841576552,0.0005280489448766039,1.410569662319166e-05,0.0004559209719533609,3631,6877337,1.0600000000000002e-05,False,False,False,True,True
cross_asset_target_free_conservative,100.0,64.0,simMed_test.mat,3e-05,105,0.5370511313435735,0.07447260513022674,0.382876722927808,0.4625785262133468,0.15417440841576552,0.0005280489448766039,1.410569662319166e-05,0.0004559209719533609,3631,6877337,3.16e-05,False,True,False,True,True
cross_asset_target_free_conservative,100.0,64.0,simMed_test.mat,0.0001,105,0.5376401389188175,0.07833043472347202,0.384244731368935,0.45930970419534545,0.15339540754988246,0.0005312483168215184,1.614153767382694e-05,0.0004592657611111655,3653,6877337,0.00010510000000000001,False,True,False,True,True
cross_asset_target_free_conservative,100.0,64.0,simMed_test.mat,0.0003,105,0.5649761868824907,0.08800732803513589,0.42597086160014863,0.47696885884735485,0.1390053252823421,0.0006334834353645069,2.0940416872995162e-05,0.0005673178858308256,4356,6877337,0.00031509999999999996,False,True,False,True,True
cross_asset_target_free_conservative,100.0,64.0,simMed_test.mat,0.001,105,0.6131476490208254,0.13754819506410546,0.48910183717549605,0.47559945395672,0.12404581184532937,0.000836351544968185,6.514651216398344e-05,0.0007757120073590253,5751,6877337,0.0010501000000000002,True,True,True,True,True
cross_asset_target_free_conservative,100.0,64.0,simMed_test.mat,0.003,105,0.6393730552913927,0.18160627999140647,0.5239605361500035,0.4577667752999862,0.11541251914138917,0.0010153700100695353,0.00014250664763630603,0.0009601111249166191,6982,6877337,0.0031501,True,True,True,True,True
cross_asset_target_free_conservative,100.0,64.0,simMed_test.mat,0.01,105,0.6947414260462679,0.250506756769571,0.594211644415595,0.44423466927669686,0.10052978163067283,0.0014741818924418396,0.00042271621690726717,0.0014257579872761026,10137,6877337,0.0105001,True,True,True,True,True
cross_asset_target_free_conservative,100.0,64.0,simWind_test.mat,1e-05,105,0.5638541253614826,0.052598899807274994,0.4540574122615589,0.5112552255542077,0.10979671309992373,0.0006371210771487813,5.816626549763409e-06,0.0005943678819840563,4381,6877337,1.0600000000000002e-05,False,True,False,True,True
cross_asset_target_free_conservative,100.0,64.0,simWind_test.mat,3e-05,105,0.5638541253614826,0.052598899807274994,0.4540574122615589,0.5112552255542077,0.10979671309992373,0.0006371210771487813,5.816626549763409e-06,0.0005943678819840563,4381,6877337,3.16e-05,False,True,False,True,True
cross_asset_target_free_conservative,100.0,64.0,simWind_test.mat,0.0001,105,0.5682196367890326,0.05299572520410039,0.45986910649013046,0.5152239115849323,0.10835053029890218,0.000652826849407116,5.816626549763409e-06,0.0006108007958287846,4489,6877337,0.00010510000000000001,False,True,False,True,True
cross_asset_target_free_conservative,100.0,64.0,simWind_test.mat,0.0003,105,0.5854862408151543,0.07680541719094329,0.48323053490250634,0.5086808236242111,0.10225570591264799,0.0007255407848596163,1.1197201312804595e-05,0.0006854053038542792,4989,6877337,0.00031509999999999996,False,True,False,True,True
cross_asset_target_free_conservative,100.0,64.0,simWind_test.mat,0.001,105,0.6300295547243563,0.10686289059959145,0.537560630735548,0.5231666641247649,0.09246892398880824,0.0009388800305096468,2.573914078622439e-05,0.0009025256280355355,6456,6877337,0.0010501000000000002,True,True,True,True,True
cross_asset_target_free_conservative,100.0,64.0,simWind_test.mat,0.003,105,0.6810773277200716,0.15240196640730022,0.5987721546658935,0.5286753613127714,0.08230517305417806,0.0013735577983268238,5.65676200198519e-05,0.0013402571485429055,9445,6877337,0.0031501,True,True,True,True,True
cross_asset_target_free_conservative,100.0,64.0,simWind_test.mat,0.01,105,0.7378055866752831,0.20795814347189331,0.666409106903147,0.5298474432033897,0.07139647977213603,0.0025331772024217805,0.00015413989206931148,0.0025052572361184324,17419,6877337,0.0105001,True,True,True,True,True
cross_asset_target_free_conservative,100.0,256.0,combined,1e-05,210,0.5187141467194838,0.06353575246875087,0.41846706759468344,0.4551783942507329,0.10024707912480035,0.0005598269265122399,9.961161586477536e-06,0.0005251444269687086,7699,13754674,1.0600000000000002e-05,False,True,False,True,True
cross_asset_target_free_conservative,100.0,256.0,combined,3e-05,210,0.5187141467194838,0.06353575246875087,0.41846706759468344,0.4551783942507329,0.10024707912480035,0.0005598269265122399,9.961161586477536e-06,0.0005251444269687086,7699,13754674,3.16e-05,False,True,False,True,True
cross_asset_target_free_conservative,100.0,256.0,combined,0.0001,210,0.5214081708928514,0.0656630799637862,0.42205691892953273,0.45574509092906523,0.09935125196331868,0.000569570351918379,1.0979082111795175e-05,0.0005350332784699751,7833,13754674,0.00010510000000000001,False,True,False,True,True
cross_asset_target_free_conservative,100.0,256.0,combined,0.0003,210,0.5471509460917753,0.08240637261303958,0.4546006982513275,0.4647445734787357,0.0925502478404478,0.0006586445504439274,1.606880909289988e-05,0.0006263615948425524,9058,13754674,0.00031509999999999996,False,True,False,True,True
cross_asset_target_free_conservative,100.0,256.0,combined,0.001,210,0.5965039094793286,0.12220554283184845,0.513331233955522,0.47429836664748015,0.08317267552380658,0.0008690750167958427,4.544282647510391e-05,0.0008391188176972804,11952,13754674,0.0010501000000000002,True,True,True,True,True
cross_asset_target_free_conservative,100.0,256.0,combined,0.003,210,0.6372266260997304,0.16700412319935337,0.5613663454079485,0.470222502900377,0.07586028069178186,0.0011778863289765738,9.953713382807898e-05,0.0011501841367297623,16199,13754674,0.0031501,True,True,True,True,True
cross_asset_target_free_conservative,100.0,256.0,combined,0.01,210,0.6969259233752274,0.22923245012073215,0.630310375659371,0.4676934732544953,0.06661554771585643,0.00198928338811122,0.0002884280544882893,0.001965507611697268,27358,13754674,0.0105001,True,True,True,True,True
cross_asset_target_free_conservative,100.0,256.0,simMed_test.mat,1e-05,105,0.5010828359414523,0.07447260513022674,0.382876722927808,0.42661023081122557,0.11820611301364431,0.0004978017792620741,1.410569662319166e-05,0.0004559209719533609,3423,6877337,1.0600000000000002e-05,False,False,False,True,True
cross_asset_target_free_conservative,100.0,256.0,simMed_test.mat,3e-05,105,0.5010828359414523,0.07447260513022674,0.382876722927808,0.42661023081122557,0.11820611301364431,0.0004978017792620741,1.410569662319166e-05,0.0004559209719533609,3423,6877337,3.16e-05,False,True,False,True,True
cross_asset_target_free_conservative,100.0,256.0,simMed_test.mat,0.0001,105,0.5021053728606372,0.07833043472347202,0.384244731368935,0.42377493813716516,0.11786064149170217,0.0005011465684198787,1.614153767382694e-05,0.0004592657611111655,3446,6877337,0.00010510000000000001,False,True,False,True,True
cross_asset_target_free_conservative,100.0,256.0,simMed_test.mat,0.0003,105,0.5338622719891813,0.08800732803513589,0.42597086160014863,0.44585494395404546,0.10789141038903272,0.000605999314530701,2.0940416872995162e-05,0.0005673178858308256,4167,6877337,0.00031509999999999996,False,True,False,True,True
cross_asset_target_free_conservative,100.0,256.0,simMed_test.mat,0.001,105,0.5857742763320299,0.13754819506410546,0.48910183717549605,0.4482260812679245,0.0966724391565339,0.0008123575817033311,6.514651216398344e-05,0.0007757120073590253,5586,6877337,0.0010501000000000002,True,True,True,True,True
cross_asset_target_free_conservative,100.0,256.0,simMed_test.mat,0.003,105,0.6135596474273518,0.18160627999140647,0.5239605361500035,0.43195336743594537,0.08959911127734832,0.0009937027711431792,0.00014250664763630603,0.0009601111249166191,6833,6877337,0.0031501,True,True,True,True,True
cross_asset_target_free_conservative,100.0,256.0,simMed_test.mat,0.01,105,0.6723502207756552,0.250506756769571,0.594211644415595,0.4218434640060842,0.07813857636006016,0.0014560049664764873,0.00042271621690726717,0.0014257579872761026,10012,6877337,0.0105001,True,True,True,True,True
cross_asset_target_free_conservative,100.0,256.0,simWind_test.mat,1e-05,105,0.5363454574975154,0.052598899807274994,0.4540574122615589,0.4837465576902404,0.08228804523595651,0.0006218520737624058,5.816626549763409e-06,0.0005943678819840563,4276,6877337,1.0600000000000002e-05,False,True,False,True,True
cross_asset_target_free_conservative,100.0,256.0,simWind_test.mat,3e-05,105,0.5363454574975154,0.052598899807274994,0.4540574122615589,0.4837465576902404,0.08228804523595651,0.0006218520737624058,5.816626549763409e-06,0.0005943678819840563,4276,6877337,3.16e-05,False,True,False,True,True
cross_asset_target_free_conservative,100.0,256.0,simWind_test.mat,0.0001,105,0.5407109689250655,0.05299572520410039,0.45986910649013046,0.48771524372096514,0.08084186243493507,0.0006379941354168793,5.816626549763409e-06,0.0006108007958287846,4387,6877337,0.00010510000000000001,False,True,False,True,True
cross_asset_target_free_conservative,100.0,256.0,simWind_test.mat,0.0003,105,0.5604396201943691,0.07680541719094329,0.48323053490250634,0.4836342030034258,0.07720908529186277,0.0007112897863571539,1.1197201312804595e-05,0.0006854053038542792,4891,6877337,0.00031509999999999996,False,True,False,True,True
cross_asset_target_free_conservative,100.0,256.0,simWind_test.mat,0.001,105,0.6072335426266274,0.10686289059959145,0.537560630735548,0.500370652027036,0.06967291189107938,0.0009257924518883546,2.573914078622439e-05,0.0009025256280355355,6366,6877337,0.0010501000000000002,True,True,True,True,True
cross_asset_target_free_conservative,100.0,256.0,simWind_test.mat,0.003,105,0.6608936047721091,0.15240196640730022,0.5987721546658935,0.5084916383648089,0.062121450106215614,0.001362069886809968,5.65676200198519e-05,0.0013402571485429055,9366,6877337,0.0031501,True,True,True,True,True
cross_asset_target_free_conservative,100.0,256.0,simWind_test.mat,0.01,105,0.7215016259747996,0.20795814347189331,0.666409106903147,0.5135434825029063,0.05509251907165258,0.002522561809745952,0.00015413989206931148,0.0025052572361184324,17346,6877337,0.0105001,True,True,True,True,True
cross_asset_target_free_conservative,1000.0,0.0,combined,1e-05,210,0.5602027885156847,0.06353575246875087,0.41846706759468344,0.49666703604693385,0.14173572092100128,0.0005956720955892218,9.961161586477536e-06,0.0005251444269687086,8192,13754674,1.0600000000000002e-05,False,True,False,True,True
cross_asset_target_free_conservative,1000.0,0.0,combined,3e-05,210,0.5602027885156847,0.06353575246875087,0.41846706759468344,0.49666703604693385,0.14173572092100128,0.0005956720955892218,9.961161586477536e-06,0.0005251444269687086,8192,13754674,3.16e-05,False,True,False,True,True
cross_asset_target_free_conservative,1000.0,0.0,combined,0.0001,210,0.5602027885156847,0.06353575246875087,0.41846706759468344,0.49666703604693385,0.14173572092100128,0.0005956720955892218,9.961161586477536e-06,0.0005251444269687086,8192,13754674,0.00010510000000000001,False,True,False,True,True
cross_asset_target_free_conservative,1000.0,0.0,combined,0.0003,210,0.5602027885156847,0.06353575246875087,0.41846706759468344,0.49666703604693385,0.14173572092100128,0.0005956720955892218,9.961161586477536e-06,0.0005251444269687086,8192,13754674,0.00031509999999999996,False,True,False,True,True
cross_asset_target_free_conservative,1000.0,0.0,combined,0.001,210,0.5624827259592946,0.0656630799637862,0.42205691892953273,0.49681964599550843,0.14042580702976187,0.0006050519757331937,1.0979082111795175e-05,0.0005350332784699751,8321,13754674,0.0010501000000000002,True,True,True,True,True
cross_asset_target_free_conservative,1000.0,0.0,combined,0.003,210,0.5836091203261801,0.08240637261303958,0.4546006982513275,0.5012027477131404,0.12900842207485258,0.0006920175391329088,1.606880909289988e-05,0.0006263615948425524,9517,13754674,0.0031501,True,True,True,True,True
cross_asset_target_free_conservative,1000.0,0.0,combined,0.01,210,0.6282695312620552,0.12220554283184845,0.513331233955522,0.5060639884302067,0.11493829730653315,0.0008985216362404732,4.544282647510391e-05,0.0008391188176972804,12357,13754674,0.0105001,True,True,True,True,True
cross_asset_target_free_conservative,1000.0,0.0,simMed_test.mat,1e-05,105,0.5489405168961264,0.07447260513022674,0.382876722927808,0.4744679117658997,0.16606379396831844,0.0005468069801800133,1.410569662319166e-05,0.0004559209719533609,3760,6877337,1.0600000000000002e-05,False,False,False,True,True
cross_asset_target_free_conservative,1000.0,0.0,simMed_test.mat,3e-05,105,0.5489405168961264,0.07447260513022674,0.382876722927808,0.4744679117658997,0.16606379396831844,0.0005468069801800133,1.410569662319166e-05,0.0004559209719533609,3760,6877337,3.16e-05,False,True,False,True,True
cross_asset_target_free_conservative,1000.0,0.0,simMed_test.mat,0.0001,105,0.5489405168961264,0.07447260513022674,0.382876722927808,0.4744679117658997,0.16606379396831844,0.0005468069801800133,1.410569662319166e-05,0.0004559209719533609,3760,6877337,0.00010510000000000001,False,True,False,True,True
cross_asset_target_free_conservative,1000.0,0.0,simMed_test.mat,0.0003,105,0.5489405168961264,0.07447260513022674,0.382876722927808,0.4744679117658997,0.16606379396831844,0.0005468069801800133,1.410569662319166e-05,0.0004559209719533609,3760,6877337,0.00031509999999999996,False,True,False,True,True
cross_asset_target_free_conservative,1000.0,0.0,simMed_test.mat,0.001,105,0.5493563642982101,0.07833043472347202,0.384244731368935,0.4710259295747381,0.1651116329292751,0.0005500063521249278,1.614153767382694e-05,0.0004592657611111655,3782,6877337,0.0010501000000000002,True,True,True,True,True
cross_asset_target_free_conservative,1000.0,0.0,simMed_test.mat,0.003,105,0.5747912872594758,0.08800732803513589,0.42597086160014863,0.4867839592243399,0.14882042565932718,0.0006512235434718578,2.0940416872995162e-05,0.0005673178858308256,4478,6877337,0.0031501,True,True,True,True,True
cross_asset_target_free_conservative,1000.0,0.0,simMed_test.mat,0.01,105,0.6214431408645611,0.13754819506410546,0.48910183717549605,0.48389494580045567,0.13234130368906505,0.0008524921058462727,6.514651216398344e-05,0.0007757120073590253,5862,6877337,0.0105001,True,True,True,True,True
cross_asset_target_free_conservative,1000.0,0.0,simWind_test.mat,1e-05,105,0.5714650601352431,0.052598899807274994,0.4540574122615589,0.5188661603279682,0.11740764787368424,0.0006445372109984301,5.816626549763409e-06,0.0005943678819840563,4432,6877337,1.0600000000000002e-05,False,True,False,True,True
cross_asset_target_free_conservative,1000.0,0.0,simWind_test.mat,3e-05,105,0.5714650601352431,0.052598899807274994,0.4540574122615589,0.5188661603279682,0.11740764787368424,0.0006445372109984301,5.816626549763409e-06,0.0005943678819840563,4432,6877337,3.16e-05,False,True,False,True,True
cross_asset_target_free_conservative,1000.0,0.0,simWind_test.mat,0.0001,105,0.5714650601352431,0.052598899807274994,0.4540574122615589,0.5188661603279682,0.11740764787368424,0.0006445372109984301,5.816626549763409e-06,0.0005943678819840563,4432,6877337,0.00010510000000000001,False,True,False,True,True
cross_asset_target_free_conservative,1000.0,0.0,simWind_test.mat,0.0003,105,0.5714650601352431,0.052598899807274994,0.4540574122615589,0.5188661603279682,0.11740764787368424,0.0006445372109984301,5.816626549763409e-06,0.0005943678819840563,4432,6877337,0.00031509999999999996,False,True,False,True,True
cross_asset_target_free_conservative,1000.0,0.0,simWind_test.mat,0.001,105,0.575609087620379,0.05299572520410039,0.45986910649013046,0.5226133624162786,0.11573998113024853,0.0006600975993414596,5.816626549763409e-06,0.0006108007958287846,4539,6877337,0.0010501000000000002,True,True,True,True,True
cross_asset_target_free_conservative,1000.0,0.0,simWind_test.mat,0.003,105,0.5924269533928844,0.07680541719094329,0.48323053490250634,0.5156215362019412,0.10919641849037809,0.0007328115347939601,1.1197201312804595e-05,0.0006854053038542792,5039,6877337,0.0031501,True,True,True,True,True
cross_asset_target_free_conservative,1000.0,0.0,simWind_test.mat,0.01,105,0.6350959216595494,0.10686289059959145,0.537560630735548,0.528233031059958,0.09753529092400137,0.0009445511666346736,2.573914078622439e-05,0.0009025256280355355,6495,6877337,0.0105001,True,True,True,True,True
cross_asset_target_free_conservative,1000.0,0.25,combined,1e-05,210,0.5602027885156847,0.06353575246875087,0.41846706759468344,0.49666703604693385,0.14173572092100128,0.0005956720955892218,9.961161586477536e-06,0.0005251444269687086,8192,13754674,1.0600000000000002e-05,False,True,False,True,True
cross_asset_target_free_conservative,1000.0,0.25,combined,3e-05,210,0.5602027885156847,0.06353575246875087,0.41846706759468344,0.49666703604693385,0.14173572092100128,0.0005956720955892218,9.961161586477536e-06,0.0005251444269687086,8192,13754674,3.16e-05,False,True,False,True,True
cross_asset_target_free_conservative,1000.0,0.25,combined,0.0001,210,0.5602027885156847,0.06353575246875087,0.41846706759468344,0.49666703604693385,0.14173572092100128,0.0005956720955892218,9.961161586477536e-06,0.0005251444269687086,8192,13754674,0.00010510000000000001,False,True,False,True,True
cross_asset_target_free_conservative,1000.0,0.25,combined,0.0003,210,0.5602027885156847,0.06353575246875087,0.41846706759468344,0.49666703604693385,0.14173572092100128,0.0005956720955892218,9.961161586477536e-06,0.0005251444269687086,8192,13754674,0.00031509999999999996,False,True,False,True,True
cross_asset_target_free_conservative,1000.0,0.25,combined,0.001,210,0.5624827259592946,0.0656630799637862,0.42205691892953273,0.49681964599550843,0.14042580702976187,0.0006050519757331937,1.0979082111795175e-05,0.0005350332784699751,8321,13754674,0.0010501000000000002,True,True,True,True,True
cross_asset_target_free_conservative,1000.0,0.25,combined,0.003,210,0.5836091203261801,0.08240637261303958,0.4546006982513275,0.5012027477131404,0.12900842207485258,0.0006920175391329088,1.606880909289988e-05,0.0006263615948425524,9517,13754674,0.0031501,True,True,True,True,True
cross_asset_target_free_conservative,1000.0,0.25,combined,0.01,210,0.6282695312620552,0.12220554283184845,0.513331233955522,0.5060639884302067,0.11493829730653315,0.0008985216362404732,4.544282647510391e-05,0.0008391188176972804,12357,13754674,0.0105001,True,True,True,True,True
cross_asset_target_free_conservative,1000.0,0.25,simMed_test.mat,1e-05,105,0.5489405168961264,0.07447260513022674,0.382876722927808,0.4744679117658997,0.16606379396831844,0.0005468069801800133,1.410569662319166e-05,0.0004559209719533609,3760,6877337,1.0600000000000002e-05,False,False,False,True,True
cross_asset_target_free_conservative,1000.0,0.25,simMed_test.mat,3e-05,105,0.5489405168961264,0.07447260513022674,0.382876722927808,0.4744679117658997,0.16606379396831844,0.0005468069801800133,1.410569662319166e-05,0.0004559209719533609,3760,6877337,3.16e-05,False,True,False,True,True
cross_asset_target_free_conservative,1000.0,0.25,simMed_test.mat,0.0001,105,0.5489405168961264,0.07447260513022674,0.382876722927808,0.4744679117658997,0.16606379396831844,0.0005468069801800133,1.410569662319166e-05,0.0004559209719533609,3760,6877337,0.00010510000000000001,False,True,False,True,True
cross_asset_target_free_conservative,1000.0,0.25,simMed_test.mat,0.0003,105,0.5489405168961264,0.07447260513022674,0.382876722927808,0.4744679117658997,0.16606379396831844,0.0005468069801800133,1.410569662319166e-05,0.0004559209719533609,3760,6877337,0.00031509999999999996,False,True,False,True,True
cross_asset_target_free_conservative,1000.0,0.25,simMed_test.mat,0.001,105,0.5493563642982101,0.07833043472347202,0.384244731368935,0.4710259295747381,0.1651116329292751,0.0005500063521249278,1.614153767382694e-05,0.0004592657611111655,3782,6877337,0.0010501000000000002,True,True,True,True,True
cross_asset_target_free_conservative,1000.0,0.25,simMed_test.mat,0.003,105,0.5747912872594758,0.08800732803513589,0.42597086160014863,0.4867839592243399,0.14882042565932718,0.0006512235434718578,2.0940416872995162e-05,0.0005673178858308256,4478,6877337,0.0031501,True,True,True,True,True
cross_asset_target_free_conservative,1000.0,0.25,simMed_test.mat,0.01,105,0.6214431408645611,0.13754819506410546,0.48910183717549605,0.48389494580045567,0.13234130368906505,0.0008524921058462727,6.514651216398344e-05,0.0007757120073590253,5862,6877337,0.0105001,True,True,True,True,True
cross_asset_target_free_conservative,1000.0,0.25,simWind_test.mat,1e-05,105,0.5714650601352431,0.052598899807274994,0.4540574122615589,0.5188661603279682,0.11740764787368424,0.0006445372109984301,5.816626549763409e-06,0.0005943678819840563,4432,6877337,1.0600000000000002e-05,False,True,False,True,True
cross_asset_target_free_conservative,1000.0,0.25,simWind_test.mat,3e-05,105,0.5714650601352431,0.052598899807274994,0.4540574122615589,0.5188661603279682,0.11740764787368424,0.0006445372109984301,5.816626549763409e-06,0.0005943678819840563,4432,6877337,3.16e-05,False,True,False,True,True
cross_asset_target_free_conservative,1000.0,0.25,simWind_test.mat,0.0001,105,0.5714650601352431,0.052598899807274994,0.4540574122615589,0.5188661603279682,0.11740764787368424,0.0006445372109984301,5.816626549763409e-06,0.0005943678819840563,4432,6877337,0.00010510000000000001,False,True,False,True,True
cross_asset_target_free_conservative,1000.0,0.25,simWind_test.mat,0.0003,105,0.5714650601352431,0.052598899807274994,0.4540574122615589,0.5188661603279682,0.11740764787368424,0.0006445372109984301,5.816626549763409e-06,0.0005943678819840563,4432,6877337,0.00031509999999999996,False,True,False,True,True
cross_asset_target_free_conservative,1000.0,0.25,simWind_test.mat,0.001,105,0.575609087620379,0.05299572520410039,0.45986910649013046,0.5226133624162786,0.11573998113024853,0.0006600975993414596,5.816626549763409e-06,0.0006108007958287846,4539,6877337,0.0010501000000000002,True,True,True,True,True
cross_asset_target_free_conservative,1000.0,0.25,simWind_test.mat,0.003,105,0.5924269533928844,0.07680541719094329,0.48323053490250634,0.5156215362019412,0.10919641849037809,0.0007328115347939601,1.1197201312804595e-05,0.0006854053038542792,5039,6877337,0.0031501,True,True,True,True,True
cross_asset_target_free_conservative,1000.0,0.25,simWind_test.mat,0.01,105,0.6350959216595494,0.10686289059959145,0.537560630735548,0.528233031059958,0.09753529092400137,0.0009445511666346736,2.573914078622439e-05,0.0009025256280355355,6495,6877337,0.0105001,True,True,True,True,True
cross_asset_target_free_conservative,1000.0,1.0,combined,1e-05,210,0.5599226764708668,0.06353575246875087,0.41846706759468344,0.4963869240021159,0.14145560887618336,0.0005955993692156568,9.961161586477536e-06,0.0005251444269687086,8191,13754674,1.0600000000000002e-05,False,True,False,True,True
cross_asset_target_free_conservative,1000.0,1.0,combined,3e-05,210,0.5599226764708668,0.06353575246875087,0.41846706759468344,0.4963869240021159,0.14145560887618336,0.0005955993692156568,9.961161586477536e-06,0.0005251444269687086,8191,13754674,3.16e-05,False,True,False,True,True
cross_asset_target_free_conservative,1000.0,1.0,combined,0.0001,210,0.5599226764708668,0.06353575246875087,0.41846706759468344,0.4963869240021159,0.14145560887618336,0.0005955993692156568,9.961161586477536e-06,0.0005251444269687086,8191,13754674,0.00010510000000000001,False,True,False,True,True
cross_asset_target_free_conservative,1000.0,1.0,combined,0.0003,210,0.5599226764708668,0.06353575246875087,0.41846706759468344,0.4963869240021159,0.14145560887618336,0.0005955993692156568,9.961161586477536e-06,0.0005251444269687086,8191,13754674,0.00031509999999999996,False,True,False,True,True
cross_asset_target_free_conservative,1000.0,1.0,combined,0.001,210,0.5622026139144767,0.0656630799637862,0.42205691892953273,0.4965395339506905,0.14014569498494395,0.0006049792493596289,1.0979082111795175e-05,0.0005350332784699751,8320,13754674,0.0010501000000000002,True,True,True,True,True
cross_asset_target_free_conservative,1000.0,1.0,combined,0.003,210,0.5833290082813622,0.08240637261303958,0.4546006982513275,0.5009226356683226,0.12872831003003476,0.0006920175391329088,1.606880909289988e-05,0.0006263615948425524,9517,13754674,0.0031501,True,True,True,True,True
cross_asset_target_free_conservative,1000.0,1.0,combined,0.01,210,0.6279894192172374,0.12220554283184845,0.513331233955522,0.5057838763853889,0.11465818526171534,0.0008985216362404732,4.544282647510391e-05,0.0008391188176972804,12357,13754674,0.0105001,True,True,True,True,True
cross_asset_target_free_conservative,1000.0,1.0,simMed_test.mat,1e-05,105,0.5483802928064905,0.07447260513022674,0.382876722927808,0.47390768767626373,0.16550356987868248,0.0005466615274328835,1.410569662319166e-05,0.0004559209719533609,3759,6877337,1.0600000000000002e-05,False,False,False,True,True
cross_asset_target_free_conservative,1000.0,1.0,simMed_test.mat,3e-05,105,0.5483802928064905,0.07447260513022674,0.382876722927808,0.47390768767626373,0.16550356987868248,0.0005466615274328835,1.410569662319166e-05,0.0004559209719533609,3759,6877337,3.16e-05,False,True,False,True,True
cross_asset_target_free_conservative,1000.0,1.0,simMed_test.mat,0.0001,105,0.5483802928064905,0.07447260513022674,0.382876722927808,0.47390768767626373,0.16550356987868248,0.0005466615274328835,1.410569662319166e-05,0.0004559209719533609,3759,6877337,0.00010510000000000001,False,True,False,True,True
cross_asset_target_free_conservative,1000.0,1.0,simMed_test.mat,0.0003,105,0.5483802928064905,0.07447260513022674,0.382876722927808,0.47390768767626373,0.16550356987868248,0.0005466615274328835,1.410569662319166e-05,0.0004559209719533609,3759,6877337,0.00031509999999999996,False,True,False,True,True
cross_asset_target_free_conservative,1000.0,1.0,simMed_test.mat,0.001,105,0.5487961402085744,0.07833043472347202,0.384244731368935,0.47046570548510236,0.16455140883963937,0.0005498608993777981,1.614153767382694e-05,0.0004592657611111655,3781,6877337,0.0010501000000000002,True,True,True,True,True
cross_asset_target_free_conservative,1000.0,1.0,simMed_test.mat,0.003,105,0.57423106316984,0.08800732803513589,0.42597086160014863,0.48622373513470407,0.14826020156969133,0.0006512235434718578,2.0940416872995162e-05,0.0005673178858308256,4478,6877337,0.0031501,True,True,True,True,True
cross_asset_target_free_conservative,1000.0,1.0,simMed_test.mat,0.01,105,0.6208829167749252,0.13754819506410546,0.48910183717549605,0.4833347217108198,0.1317810795994292,0.0008524921058462727,6.514651216398344e-05,0.0007757120073590253,5862,6877337,0.0105001,True,True,True,True,True
cross_asset_target_free_conservative,1000.0,1.0,simWind_test.mat,1e-05,105,0.5714650601352431,0.052598899807274994,0.4540574122615589,0.5188661603279682,0.11740764787368424,0.0006445372109984301,5.816626549763409e-06,0.0005943678819840563,4432,6877337,1.0600000000000002e-05,False,True,False,True,True
cross_asset_target_free_conservative,1000.0,1.0,simWind_test.mat,3e-05,105,0.5714650601352431,0.052598899807274994,0.4540574122615589,0.5188661603279682,0.11740764787368424,0.0006445372109984301,5.816626549763409e-06,0.0005943678819840563,4432,6877337,3.16e-05,False,True,False,True,True
cross_asset_target_free_conservative,1000.0,1.0,simWind_test.mat,0.0001,105,0.5714650601352431,0.052598899807274994,0.4540574122615589,0.5188661603279682,0.11740764787368424,0.0006445372109984301,5.816626549763409e-06,0.0005943678819840563,4432,6877337,0.00010510000000000001,False,True,False,True,True
cross_asset_target_free_conservative,1000.0,1.0,simWind_test.mat,0.0003,105,0.5714650601352431,0.052598899807274994,0.4540574122615589,0.5188661603279682,0.11740764787368424,0.0006445372109984301,5.816626549763409e-06,0.0005943678819840563,4432,6877337,0.00031509999999999996,False,True,False,True,True
cross_asset_target_free_conservative,1000.0,1.0,simWind_test.mat,0.001,105,0.575609087620379,0.05299572520410039,0.45986910649013046,0.5226133624162786,0.11573998113024853,0.0006600975993414596,5.816626549763409e-06,0.0006108007958287846,4539,6877337,0.0010501000000000002,True,True,True,True,True
cross_asset_target_free_conservative,1000.0,1.0,simWind_test.mat,0.003,105,0.5924269533928844,0.07680541719094329,0.48323053490250634,0.5156215362019412,0.10919641849037809,0.0007328115347939601,1.1197201312804595e-05,0.0006854053038542792,5039,6877337,0.0031501,True,True,True,True,True
cross_asset_target_free_conservative,1000.0,1.0,simWind_test.mat,0.01,105,0.6350959216595494,0.10686289059959145,0.537560630735548,0.528233031059958,0.09753529092400137,0.0009445511666346736,2.573914078622439e-05,0.0009025256280355355,6495,6877337,0.0105001,True,True,True,True,True
cross_asset_target_free_conservative,1000.0,4.0,combined,1e-05,210,0.5594077499056508,0.06353575246875087,0.41846706759468344,0.4958719974368999,0.14094068231096735,0.0005948722342831506,9.961161586477536e-06,0.0005251444269687086,8181,13754674,1.0600000000000002e-05,False,True,False,True,True
cross_asset_target_free_conservative,1000.0,4.0,combined,3e-05,210,0.5594077499056508,0.06353575246875087,0.41846706759468344,0.4958719974368999,0.14094068231096735,0.0005948722342831506,9.961161586477536e-06,0.0005251444269687086,8181,13754674,3.16e-05,False,True,False,True,True
cross_asset_target_free_conservative,1000.0,4.0,combined,0.0001,210,0.5594077499056508,0.06353575246875087,0.41846706759468344,0.4958719974368999,0.14094068231096735,0.0005948722342831506,9.961161586477536e-06,0.0005251444269687086,8181,13754674,0.00010510000000000001,False,True,False,True,True
cross_asset_target_free_conservative,1000.0,4.0,combined,0.0003,210,0.5594077499056508,0.06353575246875087,0.41846706759468344,0.4958719974368999,0.14094068231096735,0.0005948722342831506,9.961161586477536e-06,0.0005251444269687086,8181,13754674,0.00031509999999999996,False,True,False,True,True
cross_asset_target_free_conservative,1000.0,4.0,combined,0.001,210,0.5616876873492607,0.0656630799637862,0.42205691892953273,0.4960246073854745,0.13963076841972794,0.0006042521144271225,1.0979082111795175e-05,0.0005350332784699751,8310,13754674,0.0010501000000000002,True,True,True,True,True
cross_asset_target_free_conservative,1000.0,4.0,combined,0.003,210,0.5828140817161462,0.08240637261303958,0.4546006982513275,0.5004077091031066,0.12821338346481875,0.0006912904042004026,1.606880909289988e-05,0.0006263615948425524,9507,13754674,0.0031501,True,True,True,True,True
cross_asset_target_free_conservative,1000.0,4.0,combined,0.01,210,0.6277373183769013,0.12220554283184845,0.513331233955522,0.5055317755450528,0.11440608442137923,0.0008979399351772772,4.544282647510391e-05,0.0008391188176972804,12349,13754674,0.0105001,True,True,True,True,True
cross_asset_target_free_conservative,1000.0,4.0,simMed_test.mat,1e-05,105,0.5477118875133388,0.07447260513022674,0.382876722927808,0.473239282383112,0.16483516458553077,0.0005457890374656261,1.410569662319166e-05,0.0004559209719533609,3753,6877337,1.0600000000000002e-05,False,False,False,True,True
cross_asset_target_free_conservative,1000.0,4.0,simMed_test.mat,3e-05,105,0.5477118875133388,0.07447260513022674,0.382876722927808,0.473239282383112,0.16483516458553077,0.0005457890374656261,1.410569662319166e-05,0.0004559209719533609,3753,6877337,3.16e-05,False,True,False,True,True
cross_asset_target_free_conservative,1000.0,4.0,simMed_test.mat,0.0001,105,0.5477118875133388,0.07447260513022674,0.382876722927808,0.473239282383112,0.16483516458553077,0.0005457890374656261,1.410569662319166e-05,0.0004559209719533609,3753,6877337,0.00010510000000000001,False,True,False,True,True
cross_asset_target_free_conservative,1000.0,4.0,simMed_test.mat,0.0003,105,0.5477118875133388,0.07447260513022674,0.382876722927808,0.473239282383112,0.16483516458553077,0.0005457890374656261,1.410569662319166e-05,0.0004559209719533609,3753,6877337,0.00031509999999999996,False,True,False,True,True
cross_asset_target_free_conservative,1000.0,4.0,simMed_test.mat,0.001,105,0.5481277349154225,0.07833043472347202,0.384244731368935,0.46979730019195054,0.16388300354648755,0.0005489884094105406,1.614153767382694e-05,0.0004592657611111655,3775,6877337,0.0010501000000000002,True,True,True,True,True
cross_asset_target_free_conservative,1000.0,4.0,simMed_test.mat,0.003,105,0.5735626578766883,0.08800732803513589,0.42597086160014863,0.48555532984155236,0.14759179627653962,0.0006503510535046002,2.0940416872995162e-05,0.0005673178858308256,4472,6877337,0.0031501,True,True,True,True,True
cross_asset_target_free_conservative,1000.0,4.0,simMed_test.mat,0.01,105,0.620378715094253,0.13754819506410546,0.48910183717549605,0.4828305200301476,0.13127687791875697,0.0008516196158790152,6.514651216398344e-05,0.0007757120073590253,5856,6877337,0.0105001,True,True,True,True,True
cross_asset_target_free_conservative,1000.0,4.0,simWind_test.mat,1e-05,105,0.5711036122979628,0.052598899807274994,0.4540574122615589,0.5185047124906879,0.11704620003640392,0.000643955431100675,5.816626549763409e-06,0.0005943678819840563,4428,6877337,1.0600000000000002e-05,False,True,False,True,True
cross_asset_target_free_conservative,1000.0,4.0,simWind_test.mat,3e-05,105,0.5711036122979628,0.052598899807274994,0.4540574122615589,0.5185047124906879,0.11704620003640392,0.000643955431100675,5.816626549763409e-06,0.0005943678819840563,4428,6877337,3.16e-05,False,True,False,True,True
cross_asset_target_free_conservative,1000.0,4.0,simWind_test.mat,0.0001,105,0.5711036122979628,0.052598899807274994,0.4540574122615589,0.5185047124906879,0.11704620003640392,0.000643955431100675,5.816626549763409e-06,0.0005943678819840563,4428,6877337,0.00010510000000000001,False,True,False,True,True
cross_asset_target_free_conservative,1000.0,4.0,simWind_test.mat,0.0003,105,0.5711036122979628,0.052598899807274994,0.4540574122615589,0.5185047124906879,0.11704620003640392,0.000643955431100675,5.816626549763409e-06,0.0005943678819840563,4428,6877337,0.00031509999999999996,False,True,False,True,True
cross_asset_target_free_conservative,1000.0,4.0,simWind_test.mat,0.001,105,0.5752476397830987,0.05299572520410039,0.45986910649013046,0.5222519145789983,0.11537853329296821,0.0006595158194437045,5.816626549763409e-06,0.0006108007958287846,4535,6877337,0.0010501000000000002,True,True,True,True,True
cross_asset_target_free_conservative,1000.0,4.0,simWind_test.mat,0.003,105,0.5920655055556041,0.07680541719094329,0.48323053490250634,0.5152600883646609,0.10883497065309777,0.0007322297548962049,1.1197201312804595e-05,0.0006854053038542792,5035,6877337,0.0031501,True,True,True,True,True
cross_asset_target_free_conservative,1000.0,4.0,simWind_test.mat,0.01,105,0.6350959216595494,0.10686289059959145,0.537560630735548,0.528233031059958,0.09753529092400137,0.0009442602544755395,2.573914078622439e-05,0.0009025256280355355,6493,6877337,0.0105001,True,True,True,True,True
cross_asset_target_free_conservative,1000.0,16.0,combined,1e-05,210,0.5576047263860819,0.06353575246875087,0.41846706759468344,0.49406897391733107,0.1391376587913985,0.0005920368038734486,9.961161586477536e-06,0.0005251444269687086,8142,13754674,1.0600000000000002e-05,False,True,False,True,True
cross_asset_target_free_conservative,1000.0,16.0,combined,3e-05,210,0.5576047263860819,0.06353575246875087,0.41846706759468344,0.49406897391733107,0.1391376587913985,0.0005920368038734486,9.961161586477536e-06,0.0005251444269687086,8142,13754674,3.16e-05,False,True,False,True,True
cross_asset_target_free_conservative,1000.0,16.0,combined,0.0001,210,0.5576047263860819,0.06353575246875087,0.41846706759468344,0.49406897391733107,0.1391376587913985,0.0005920368038734486,9.961161586477536e-06,0.0005251444269687086,8142,13754674,0.00010510000000000001,False,True,False,True,True
cross_asset_target_free_conservative,1000.0,16.0,combined,0.0003,210,0.5576047263860819,0.06353575246875087,0.41846706759468344,0.49406897391733107,0.1391376587913985,0.0005920368038734486,9.961161586477536e-06,0.0005251444269687086,8142,13754674,0.00031509999999999996,False,True,False,True,True
cross_asset_target_free_conservative,1000.0,16.0,combined,0.001,210,0.5600819858874789,0.0656630799637862,0.42205691892953273,0.49441890592369275,0.1380250669579462,0.0006014166840174206,1.0979082111795175e-05,0.0005350332784699751,8271,13754674,0.0010501000000000002,True,True,True,True,True
cross_asset_target_free_conservative,1000.0,16.0,combined,0.003,210,0.5815209565669408,0.08240637261303958,0.4546006982513275,0.49911458395390124,0.12692025831561332,0.0006885276624195096,1.606880909289988e-05,0.0006263615948425524,9469,13754674,0.0031501,True,True,True,True,True
cross_asset_target_free_conservative,1000.0,16.0,combined,0.01,210,0.6270568417692063,0.12220554283184845,0.513331233955522,0.5048512989373578,0.11372560781368424,0.0008953952859188802,4.544282647510391e-05,0.0008391188176972804,12314,13754674,0.0105001,True,True,True,True,True
cross_asset_target_free_conservative,1000.0,16.0,simMed_test.mat,1e-05,105,0.545078317459967,0.07447260513022674,0.382876722927808,0.4706057123297403,0.16220159453215904,0.000541717690571929,1.410569662319166e-05,0.0004559209719533609,3725,6877337,1.0600000000000002e-05,False,False,False,True,True
cross_asset_target_free_conservative,1000.0,16.0,simMed_test.mat,3e-05,105,0.545078317459967,0.07447260513022674,0.382876722927808,0.4706057123297403,0.16220159453215904,0.000541717690571929,1.410569662319166e-05,0.0004559209719533609,3725,6877337,3.16e-05,False,True,False,True,True
cross_asset_target_free_conservative,1000.0,16.0,simMed_test.mat,0.0001,105,0.545078317459967,0.07447260513022674,0.382876722927808,0.4706057123297403,0.16220159453215904,0.000541717690571929,1.410569662319166e-05,0.0004559209719533609,3725,6877337,0.00010510000000000001,False,True,False,True,True
cross_asset_target_free_conservative,1000.0,16.0,simMed_test.mat,0.0003,105,0.545078317459967,0.07447260513022674,0.382876722927808,0.4706057123297403,0.16220159453215904,0.000541717690571929,1.410569662319166e-05,0.0004559209719533609,3725,6877337,0.00031509999999999996,False,True,False,True,True
cross_asset_target_free_conservative,1000.0,16.0,simMed_test.mat,0.001,105,0.545667325035211,0.07833043472347202,0.384244731368935,0.467336890311739,0.16142259366627598,0.0005449170625168435,1.614153767382694e-05,0.0004592657611111655,3747,6877337,0.0010501000000000002,True,True,True,True,True
cross_asset_target_free_conservative,1000.0,16.0,simMed_test.mat,0.003,105,0.5717274006216293,0.08800732803513589,0.42597086160014863,0.4837200725864934,0.14575653902148067,0.000646425083868521,2.0940416872995162e-05,0.0005673178858308256,4445,6877337,0.0031501,True,True,True,True,True
cross_asset_target_free_conservative,1000.0,16.0,simMed_test.mat,0.01,105,0.619017761878863,0.13754819506410546,0.48910183717549605,0.4814695668147576,0.129915924703367,0.0008479844429338252,6.514651216398344e-05,0.0007757120073590253,5831,6877337,0.0105001,True,True,True,True,True
cross_asset_target_free_conservative,1000.0,16.0,simWind_test.mat,1e-05,105,0.5701311353121968,0.052598899807274994,0.4540574122615589,0.5175322355049219,0.11607372305063796,0.0006423559171749683,5.816626549763409e-06,0.0005943678819840563,4417,6877337,1.0600000000000002e-05,False,True,False,True,True
cross_asset_target_free_conservative,1000.0,16.0,simWind_test.mat,3e-05,105,0.5701311353121968,0.052598899807274994,0.4540574122615589,0.5175322355049219,0.11607372305063796,0.0006423559171749683,5.816626549763409e-06,0.0005943678819840563,4417,6877337,3.16e-05,False,True,False,True,True
cross_asset_target_free_conservative,1000.0,16.0,simWind_test.mat,0.0001,105,0.5701311353121968,0.052598899807274994,0.4540574122615589,0.5175322355049219,0.11607372305063796,0.0006423559171749683,5.816626549763409e-06,0.0005943678819840563,4417,6877337,0.00010510000000000001,False,True,False,True,True
cross_asset_target_free_conservative,1000.0,16.0,simWind_test.mat,0.0003,105,0.5701311353121968,0.052598899807274994,0.4540574122615589,0.5175322355049219,0.11607372305063796,0.0006423559171749683,5.816626549763409e-06,0.0005943678819840563,4417,6877337,0.00031509999999999996,False,True,False,True,True
cross_asset_target_free_conservative,1000.0,16.0,simWind_test.mat,0.001,105,0.5744966467397469,0.05299572520410039,0.45986910649013046,0.5215009215356465,0.11462754024961641,0.0006579163055179978,5.816626549763409e-06,0.0006108007958287846,4524,6877337,0.0010501000000000002,True,True,True,True,True
cross_asset_target_free_conservative,1000.0,16.0,simWind_test.mat,0.003,105,0.5913145125122523,0.07680541719094329,0.48323053490250634,0.5145090953213091,0.10808397760974597,0.0007306302409704982,1.1197201312804595e-05,0.0006854053038542792,5024,6877337,0.0031501,True,True,True,True,True
cross_asset_target_free_conservative,1000.0,16.0,simWind_test.mat,0.01,105,0.6350959216595494,0.10686289059959145,0.537560630735548,0.528233031059958,0.09753529092400137,0.0009428061289039349,2.573914078622439e-05,0.0009025256280355355,6483,6877337,0.0105001,True,True,True,True,True
cross_asset_target_free_conservative,1000.0,64.0,combined,1e-05,210,0.5504526283525281,0.06353575246875087,0.41846706759468344,0.4869168758837772,0.13198556075784462,0.0005825850110126925,9.961161586477536e-06,0.0005251444269687086,8012,13754674,1.0600000000000002e-05,False,True,False,True,True
cross_asset_target_free_conservative,1000.0,64.0,combined,3e-05,210,0.5504526283525281,0.06353575246875087,0.41846706759468344,0.4869168758837772,0.13198556075784462,0.0005825850110126925,9.961161586477536e-06,0.0005251444269687086,8012,13754674,3.16e-05,False,True,False,True,True
cross_asset_target_free_conservative,1000.0,64.0,combined,0.0001,210,0.5504526283525281,0.06353575246875087,0.41846706759468344,0.4869168758837772,0.13198556075784462,0.0005825850110126925,9.961161586477536e-06,0.0005251444269687086,8012,13754674,0.00010510000000000001,False,True,False,True,True
cross_asset_target_free_conservative,1000.0,64.0,combined,0.0003,210,0.5504526283525281,0.06353575246875087,0.41846706759468344,0.4869168758837772,0.13198556075784462,0.0005825850110126925,9.961161586477536e-06,0.0005251444269687086,8012,13754674,0.00031509999999999996,False,True,False,True,True
cross_asset_target_free_conservative,1000.0,64.0,combined,0.001,210,0.552929887853925,0.0656630799637862,0.42205691892953273,0.4872668078901389,0.13087296892439232,0.0005920375831143172,1.0979082111795175e-05,0.0005350332784699751,8142,13754674,0.0010501000000000002,True,True,True,True,True
cross_asset_target_free_conservative,1000.0,64.0,combined,0.003,210,0.5752312138488226,0.08240637261303958,0.4546006982513275,0.492824841235783,0.1206305155974951,0.0006795121101120617,1.606880909289988e-05,0.0006263615948425524,9345,13754674,0.0031501,True,True,True,True,True
cross_asset_target_free_conservative,1000.0,64.0,combined,0.01,210,0.6215886018725908,0.12220554283184845,0.513331233955522,0.4993830590407423,0.10825736791706875,0.000887615787738916,4.544282647510391e-05,0.0008391188176972804,12207,13754674,0.0105001,True,True,True,True,True
cross_asset_target_free_conservative,1000.0,64.0,simMed_test.mat,1e-05,105,0.5370511313435735,0.07447260513022674,0.382876722927808,0.4625785262133468,0.15417440841576552,0.0005280489448766039,1.410569662319166e-05,0.0004559209719533609,3631,6877337,1.0600000000000002e-05,False,False,False,True,True
cross_asset_target_free_conservative,1000.0,64.0,simMed_test.mat,3e-05,105,0.5370511313435735,0.07447260513022674,0.382876722927808,0.4625785262133468,0.15417440841576552,0.0005280489448766039,1.410569662319166e-05,0.0004559209719533609,3631,6877337,3.16e-05,False,True,False,True,True
cross_asset_target_free_conservative,1000.0,64.0,simMed_test.mat,0.0001,105,0.5370511313435735,0.07447260513022674,0.382876722927808,0.4625785262133468,0.15417440841576552,0.0005280489448766039,1.410569662319166e-05,0.0004559209719533609,3631,6877337,0.00010510000000000001,False,True,False,True,True
cross_asset_target_free_conservative,1000.0,64.0,simMed_test.mat,0.0003,105,0.5370511313435735,0.07447260513022674,0.382876722927808,0.4625785262133468,0.15417440841576552,0.0005280489448766039,1.410569662319166e-05,0.0004559209719533609,3631,6877337,0.00031509999999999996,False,True,False,True,True
cross_asset_target_free_conservative,1000.0,64.0,simMed_test.mat,0.001,105,0.5376401389188175,0.07833043472347202,0.384244731368935,0.45930970419534545,0.15339540754988246,0.0005312483168215184,1.614153767382694e-05,0.0004592657611111655,3653,6877337,0.0010501000000000002,True,True,True,True,True
cross_asset_target_free_conservative,1000.0,64.0,simMed_test.mat,0.003,105,0.5649761868824907,0.08800732803513589,0.42597086160014863,0.47696885884735485,0.1390053252823421,0.0006334834353645069,2.0940416872995162e-05,0.0005673178858308256,4356,6877337,0.0031501,True,True,True,True,True
cross_asset_target_free_conservative,1000.0,64.0,simMed_test.mat,0.01,105,0.6131476490208254,0.13754819506410546,0.48910183717549605,0.47559945395672,0.12404581184532937,0.000836351544968185,6.514651216398344e-05,0.0007757120073590253,5751,6877337,0.0105001,True,True,True,True,True
cross_asset_target_free_conservative,1000.0,64.0,simWind_test.mat,1e-05,105,0.5638541253614826,0.052598899807274994,0.4540574122615589,0.5112552255542077,0.10979671309992373,0.0006371210771487813,5.816626549763409e-06,0.0005943678819840563,4381,6877337,1.0600000000000002e-05,False,True,False,True,True
cross_asset_target_free_conservative,1000.0,64.0,simWind_test.mat,3e-05,105,0.5638541253614826,0.052598899807274994,0.4540574122615589,0.5112552255542077,0.10979671309992373,0.0006371210771487813,5.816626549763409e-06,0.0005943678819840563,4381,6877337,3.16e-05,False,True,False,True,True
cross_asset_target_free_conservative,1000.0,64.0,simWind_test.mat,0.0001,105,0.5638541253614826,0.052598899807274994,0.4540574122615589,0.5112552255542077,0.10979671309992373,0.0006371210771487813,5.816626549763409e-06,0.0005943678819840563,4381,6877337,0.00010510000000000001,False,True,False,True,True
cross_asset_target_free_conservative,1000.0,64.0,simWind_test.mat,0.0003,105,0.5638541253614826,0.052598899807274994,0.4540574122615589,0.5112552255542077,0.10979671309992373,0.0006371210771487813,5.816626549763409e-06,0.0005943678819840563,4381,6877337,0.00031509999999999996,False,True,False,True,True
cross_asset_target_free_conservative,1000.0,64.0,simWind_test.mat,0.001,105,0.5682196367890326,0.05299572520410039,0.45986910649013046,0.5152239115849323,0.10835053029890218,0.000652826849407116,5.816626549763409e-06,0.0006108007958287846,4489,6877337,0.0010501000000000002,True,True,True,True,True
cross_asset_target_free_conservative,1000.0,64.0,simWind_test.mat,0.003,105,0.5854862408151543,0.07680541719094329,0.48323053490250634,0.5086808236242111,0.10225570591264799,0.0007255407848596163,1.1197201312804595e-05,0.0006854053038542792,4989,6877337,0.0031501,True,True,True,True,True
cross_asset_target_free_conservative,1000.0,64.0,simWind_test.mat,0.01,105,0.6300295547243563,0.10686289059959145,0.537560630735548,0.5231666641247649,0.09246892398880824,0.0009388800305096468,2.573914078622439e-05,0.0009025256280355355,6456,6877337,0.0105001,True,True,True,True,True
cross_asset_target_free_conservative,1000.0,256.0,combined,1e-05,210,0.5187141467194838,0.06353575246875087,0.41846706759468344,0.4551783942507329,0.10024707912480035,0.0005598269265122399,9.961161586477536e-06,0.0005251444269687086,7699,13754674,1.0600000000000002e-05,False,True,False,True,True
cross_asset_target_free_conservative,1000.0,256.0,combined,3e-05,210,0.5187141467194838,0.06353575246875087,0.41846706759468344,0.4551783942507329,0.10024707912480035,0.0005598269265122399,9.961161586477536e-06,0.0005251444269687086,7699,13754674,3.16e-05,False,True,False,True,True
cross_asset_target_free_conservative,1000.0,256.0,combined,0.0001,210,0.5187141467194838,0.06353575246875087,0.41846706759468344,0.4551783942507329,0.10024707912480035,0.0005598269265122399,9.961161586477536e-06,0.0005251444269687086,7699,13754674,0.00010510000000000001,False,True,False,True,True
cross_asset_target_free_conservative,1000.0,256.0,combined,0.0003,210,0.5187141467194838,0.06353575246875087,0.41846706759468344,0.4551783942507329,0.10024707912480035,0.0005598269265122399,9.961161586477536e-06,0.0005251444269687086,7699,13754674,0.00031509999999999996,False,True,False,True,True
cross_asset_target_free_conservative,1000.0,256.0,combined,0.001,210,0.5214081708928514,0.0656630799637862,0.42205691892953273,0.45574509092906523,0.09935125196331868,0.000569570351918379,1.0979082111795175e-05,0.0005350332784699751,7833,13754674,0.0010501000000000002,True,True,True,True,True
cross_asset_target_free_conservative,1000.0,256.0,combined,0.003,210,0.5471509460917753,0.08240637261303958,0.4546006982513275,0.4647445734787357,0.0925502478404478,0.0006586445504439274,1.606880909289988e-05,0.0006263615948425524,9058,13754674,0.0031501,True,True,True,True,True
cross_asset_target_free_conservative,1000.0,256.0,combined,0.01,210,0.5965039094793286,0.12220554283184845,0.513331233955522,0.47429836664748015,0.08317267552380658,0.0008690750167958427,4.544282647510391e-05,0.0008391188176972804,11952,13754674,0.0105001,True,True,True,True,True
cross_asset_target_free_conservative,1000.0,256.0,simMed_test.mat,1e-05,105,0.5010828359414523,0.07447260513022674,0.382876722927808,0.42661023081122557,0.11820611301364431,0.0004978017792620741,1.410569662319166e-05,0.0004559209719533609,3423,6877337,1.0600000000000002e-05,False,False,False,True,True
cross_asset_target_free_conservative,1000.0,256.0,simMed_test.mat,3e-05,105,0.5010828359414523,0.07447260513022674,0.382876722927808,0.42661023081122557,0.11820611301364431,0.0004978017792620741,1.410569662319166e-05,0.0004559209719533609,3423,6877337,3.16e-05,False,True,False,True,True
cross_asset_target_free_conservative,1000.0,256.0,simMed_test.mat,0.0001,105,0.5010828359414523,0.07447260513022674,0.382876722927808,0.42661023081122557,0.11820611301364431,0.0004978017792620741,1.410569662319166e-05,0.0004559209719533609,3423,6877337,0.00010510000000000001,False,True,False,True,True
cross_asset_target_free_conservative,1000.0,256.0,simMed_test.mat,0.0003,105,0.5010828359414523,0.07447260513022674,0.382876722927808,0.42661023081122557,0.11820611301364431,0.0004978017792620741,1.410569662319166e-05,0.0004559209719533609,3423,6877337,0.00031509999999999996,False,True,False,True,True
cross_asset_target_free_conservative,1000.0,256.0,simMed_test.mat,0.001,105,0.5021053728606372,0.07833043472347202,0.384244731368935,0.42377493813716516,0.11786064149170217,0.0005011465684198787,1.614153767382694e-05,0.0004592657611111655,3446,6877337,0.0010501000000000002,True,True,True,True,True
cross_asset_target_free_conservative,1000.0,256.0,simMed_test.mat,0.003,105,0.5338622719891813,0.08800732803513589,0.42597086160014863,0.44585494395404546,0.10789141038903272,0.000605999314530701,2.0940416872995162e-05,0.0005673178858308256,4167,6877337,0.0031501,True,True,True,True,True
cross_asset_target_free_conservative,1000.0,256.0,simMed_test.mat,0.01,105,0.5857742763320299,0.13754819506410546,0.48910183717549605,0.4482260812679245,0.0966724391565339,0.0008123575817033311,6.514651216398344e-05,0.0007757120073590253,5586,6877337,0.0105001,True,True,True,True,True
cross_asset_target_free_conservative,1000.0,256.0,simWind_test.mat,1e-05,105,0.5363454574975154,0.052598899807274994,0.4540574122615589,0.4837465576902404,0.08228804523595651,0.0006218520737624058,5.816626549763409e-06,0.0005943678819840563,4276,6877337,1.0600000000000002e-05,False,True,False,True,True
cross_asset_target_free_conservative,1000.0,256.0,simWind_test.mat,3e-05,105,0.5363454574975154,0.052598899807274994,0.4540574122615589,0.4837465576902404,0.08228804523595651,0.0006218520737624058,5.816626549763409e-06,0.0005943678819840563,4276,6877337,3.16e-05,False,True,False,True,True
cross_asset_target_free_conservative,1000.0,256.0,simWind_test.mat,0.0001,105,0.5363454574975154,0.052598899807274994,0.4540574122615589,0.4837465576902404,0.08228804523595651,0.0006218520737624058,5.816626549763409e-06,0.0005943678819840563,4276,6877337,0.00010510000000000001,False,True,False,True,True
cross_asset_target_free_conservative,1000.0,256.0,simWind_test.mat,0.0003,105,0.5363454574975154,0.052598899807274994,0.4540574122615589,0.4837465576902404,0.08228804523595651,0.0006218520737624058,5.816626549763409e-06,0.0005943678819840563,4276,6877337,0.00031509999999999996,False,True,False,True,True
cross_asset_target_free_conservative,1000.0,256.0,simWind_test.mat,0.001,105,0.5407109689250655,0.05299572520410039,0.45986910649013046,0.48771524372096514,0.08084186243493507,0.0006379941354168793,5.816626549763409e-06,0.0006108007958287846,4387,6877337,0.0010501000000000002,True,True,True,True,True
cross_asset_target_free_conservative,1000.0,256.0,simWind_test.mat,0.003,105,0.5604396201943691,0.07680541719094329,0.48323053490250634,0.4836342030034258,0.07720908529186277,0.0007112897863571539,1.1197201312804595e-05,0.0006854053038542792,4891,6877337,0.0031501,True,True,True,True,True
cross_asset_target_free_conservative,1000.0,256.0,simWind_test.mat,0.01,105,0.6072335426266274,0.10686289059959145,0.537560630735548,0.500370652027036,0.06967291189107938,0.0009257924518883546,2.573914078622439e-05,0.0009025256280355355,6366,6877337,0.0105001,True,True,True,True,True
same_asset_target_free_conservative,1.0,0.0,combined,1e-05,210,0.6234848202391009,0.12159898094895295,0.5102623905974354,0.501885839290148,0.11322242964166551,0.0008892872434633234,4.0789765138511033e-05,0.0008301025008071062,12230,13754674,1.0600000000000002e-05,False,False,False,True,True
same_asset_target_free_conservative,1.0,0.0,combined,3e-05,210,0.664239340338256,0.1683596570954903,0.5610536679146784,0.49587968324276577,0.10318567242357768,0.0011550512859057512,8.81948571719326e-05,0.0011016108208633116,15885,13754674,3.16e-05,False,False,False,True,True
same_asset_target_free_conservative,1.0,0.0,combined,0.0001,210,0.7206721810173542,0.2294593583535087,0.6310924225408134,0.49121282266384547,0.08957975847654076,0.0018557801581123557,0.00024829334936168863,0.0018095379985008564,25522,13754674,0.00010510000000000001,False,False,False,True,True
same_asset_target_free_conservative,1.0,0.0,combined,0.0003,210,0.7673263222485921,0.2945886820418752,0.6884616151538321,0.4727376402067169,0.07886470709476001,0.003191502140556549,0.0005590392832661693,0.0031507133364180495,43892,13754674,0.00031509999999999996,False,False,False,True,True
same_asset_target_free_conservative,1.0,0.0,combined,0.001,210,0.8189516785013716,0.3797036559475925,0.7507174783795032,0.43924802255377915,0.06823420012186843,0.0066235625304228865,0.0015333025022732513,0.006588445223172415,91093,13754674,0.0010501000000000002,False,False,False,True,True
same_asset_target_free_conservative,1.0,0.0,combined,0.003,210,0.8643156053185871,0.4852970262338184,0.8047380295962294,0.3790185790847687,0.05957757572235767,0.013750728199175942,0.004035918314185886,0.013721064141986764,189114,13754674,0.0031501,False,False,False,True,True
same_asset_target_free_conservative,1.0,0.0,combined,0.01,210,0.9012180113342105,0.6581362441958765,0.8500215785612514,0.24308176713833407,0.051196432772959155,0.03327282047611399,0.01186898320840281,0.03324795554905062,457609,13754674,0.0105001,False,False,False,True,True
same_asset_target_free_conservative,1.0,0.0,simMed_test.mat,1e-05,105,0.6117584070163372,0.10756648816697639,0.5058578438401101,0.5041919188493609,0.10590056317622709,0.0009102287094515099,3.722715648196352e-05,0.0008641310647307332,6259,6877337,1.0600000000000002e-05,False,False,False,True,True
same_asset_target_free_conservative,1.0,0.0,simMed_test.mat,3e-05,105,0.6590511543907068,0.15562154018553298,0.5625909891620389,0.5034296142051738,0.09646016522866796,0.0012137288467696304,8.594089017915495e-05,0.0011719939805895229,8346,6877337,3.16e-05,False,False,False,True,True
same_asset_target_free_conservative,1.0,0.0,simMed_test.mat,0.0001,105,0.7187517899228977,0.21193421477767457,0.6348799098149865,0.5068175751452231,0.08387188010791113,0.0019204885380638677,0.00024342275173026146,0.0018844251586887034,13206,6877337,0.00010510000000000001,False,False,False,True,True
same_asset_target_free_conservative,1.0,0.0,simMed_test.mat,0.0003,105,0.7685700754250505,0.27226115710582666,0.6955290520465752,0.49630891831922386,0.07304102337847529,0.003281655902985435,0.0005301766263308646,0.003249664412204036,22566,6877337,0.00031509999999999996,False,False,False,True,True
same_asset_target_free_conservative,1.0,0.0,simMed_test.mat,0.001,105,0.8193163596384844,0.36070301889035294,0.7560615226764654,0.4586133407481314,0.06325483696201895,0.00681251358804661,0.0015271243818366577,0.006786339081300921,46846,6877337,0.0010501000000000002,False,False,False,True,True
same_asset_target_free_conservative,1.0,0.0,simMed_test.mat,0.003,105,0.8643574539276566,0.46503395446457113,0.8094213034402946,0.3993234994630855,0.054936150487362,0.014057800616659611,0.004042180580306112,0.014035552401467023,96669,6877337,0.0031501,False,False,False,True,True
same_asset_target_free_conservative,1.0,0.0,simMed_test.mat,0.01,105,0.9038321645381988,0.6385749137510481,0.8555976100278461,0.2652572507871507,0.048234554510352745,0.034100485348711435,0.011965257684078724,0.03408129105273032,234497,6877337,0.0105001,False,False,False,True,True
same_asset_target_free_conservative,1.0,0.0,simWind_test.mat,1e-05,105,0.6352112334618645,0.1356314737309295,0.5146669373547608,0.49957975973093494,0.12054429610710371,0.0008683457774751371,4.435237379505854e-05,0.000796073936883479,5971,6877337,1.0600000000000002e-05,False,False,False,True,True
same_asset_target_free_conservative,1.0,0.0,simWind_test.mat,3e-05,105,0.6694275262858052,0.1810977740054476,0.5595163466673178,0.4883297522803576,0.1099111796184874,0.0010963737250418717,9.044882416471023e-05,0.0010312276611371004,7539,6877337,3.16e-05,False,False,False,True,True
same_asset_target_free_conservative,1.0,0.0,simWind_test.mat,0.0001,105,0.7225925721118106,0.24698450192934282,0.6273049352666404,0.47560807018246776,0.09528763684517016,0.0017910717781608437,0.0002531639469931158,0.0017346508383130094,12316,6877337,0.00010510000000000001,False,False,False,True,True
same_asset_target_free_conservative,1.0,0.0,simWind_test.mat,0.0003,105,0.7660825690721336,0.3169162069779237,0.6813941782610888,0.44916636209420985,0.08468839081104473,0.003101348378127662,0.0005879019402014741,0.0030517622606320636,21326,6877337,0.00031509999999999996,False,False,False,True,True
same_asset_target_free_conservative,1.0,0.0,simWind_test.mat,0.001,105,0.8185869973642589,0.3987042930048319,0.7453734340825409,0.419882704359427,0.07321356328171802,0.006434611472799163,0.0015394806227098448,0.006390551365043908,44247,6877337,0.0010501000000000002,False,False,False,True,True
same_asset_target_free_conservative,1.0,0.0,simWind_test.mat,0.003,105,0.8642737567095174,0.5055600980030657,0.8000547557521641,0.3587136587064518,0.06421900095735333,0.01344365578169227,0.0040296560480656595,0.013406575882506504,92445,6877337,0.0031501,False,False,False,True,True
same_asset_target_free_conservative,1.0,0.0,simWind_test.mat,0.01,105,0.8986038581302221,0.677697574640705,0.8444455470946568,0.22090628348951713,0.05415831103556534,0.03244515560351655,0.0117727087327269,0.03241462004537092,223112,6877337,0.0105001,False,False,False,True,True
same_asset_target_free_conservative,1.0,0.25,combined,1e-05,210,0.6234848202391009,0.12159898094895295,0.5102623905974354,0.501885839290148,0.11322242964166551,0.0008892872434633234,4.0789765138511033e-05,0.0008301025008071062,12230,13754674,1.0600000000000002e-05,False,False,False,True,True
same_asset_target_free_conservative,1.0,0.25,combined,3e-05,210,0.664239340338256,0.1683596570954903,0.5610536679146784,0.49587968324276577,0.10318567242357768,0.0011550512859057512,8.81948571719326e-05,0.0011016108208633116,15885,13754674,3.16e-05,False,False,False,True,True
same_asset_target_free_conservative,1.0,0.25,combined,0.0001,210,0.7206721810173542,0.2294593583535087,0.6310924225408134,0.49121282266384547,0.08957975847654076,0.0018557801581123557,0.00024829334936168863,0.0018095379985008564,25522,13754674,0.00010510000000000001,False,False,False,True,True
same_asset_target_free_conservative,1.0,0.25,combined,0.0003,210,0.7673263222485921,0.2945886820418752,0.6884616151538321,0.4727376402067169,0.07886470709476001,0.003191502140556549,0.0005590392832661693,0.0031507133364180495,43892,13754674,0.00031509999999999996,False,False,False,True,True
same_asset_target_free_conservative,1.0,0.25,combined,0.001,210,0.8189516785013716,0.3797036559475925,0.7507174783795032,0.43924802255377915,0.06823420012186843,0.0066235625304228865,0.0015333025022732513,0.006588445223172415,91093,13754674,0.0010501000000000002,False,False,False,True,True
same_asset_target_free_conservative,1.0,0.25,combined,0.003,210,0.8643156053185871,0.4852970262338184,0.8047380295962294,0.3790185790847687,0.05957757572235767,0.013750728199175942,0.004035918314185886,0.013721064141986764,189114,13754674,0.0031501,False,False,False,True,True
same_asset_target_free_conservative,1.0,0.25,combined,0.01,210,0.9012180113342105,0.6581362441958765,0.8500215785612514,0.24308176713833407,0.051196432772959155,0.03327282047611399,0.01186898320840281,0.03324795554905062,457609,13754674,0.0105001,False,False,False,True,True
same_asset_target_free_conservative,1.0,0.25,simMed_test.mat,1e-05,105,0.6117584070163372,0.10756648816697639,0.5058578438401101,0.5041919188493609,0.10590056317622709,0.0009102287094515099,3.722715648196352e-05,0.0008641310647307332,6259,6877337,1.0600000000000002e-05,False,False,False,True,True
same_asset_target_free_conservative,1.0,0.25,simMed_test.mat,3e-05,105,0.6590511543907068,0.15562154018553298,0.5625909891620389,0.5034296142051738,0.09646016522866796,0.0012137288467696304,8.594089017915495e-05,0.0011719939805895229,8346,6877337,3.16e-05,False,False,False,True,True
same_asset_target_free_conservative,1.0,0.25,simMed_test.mat,0.0001,105,0.7187517899228977,0.21193421477767457,0.6348799098149865,0.5068175751452231,0.08387188010791113,0.0019204885380638677,0.00024342275173026146,0.0018844251586887034,13206,6877337,0.00010510000000000001,False,False,False,True,True
same_asset_target_free_conservative,1.0,0.25,simMed_test.mat,0.0003,105,0.7685700754250505,0.27226115710582666,0.6955290520465752,0.49630891831922386,0.07304102337847529,0.003281655902985435,0.0005301766263308646,0.003249664412204036,22566,6877337,0.00031509999999999996,False,False,False,True,True
same_asset_target_free_conservative,1.0,0.25,simMed_test.mat,0.001,105,0.8193163596384844,0.36070301889035294,0.7560615226764654,0.4586133407481314,0.06325483696201895,0.00681251358804661,0.0015271243818366577,0.006786339081300921,46846,6877337,0.0010501000000000002,False,False,False,True,True
same_asset_target_free_conservative,1.0,0.25,simMed_test.mat,0.003,105,0.8643574539276566,0.46503395446457113,0.8094213034402946,0.3993234994630855,0.054936150487362,0.014057800616659611,0.004042180580306112,0.014035552401467023,96669,6877337,0.0031501,False,False,False,True,True
same_asset_target_free_conservative,1.0,0.25,simMed_test.mat,0.01,105,0.9038321645381988,0.6385749137510481,0.8555976100278461,0.2652572507871507,0.048234554510352745,0.034100485348711435,0.011965257684078724,0.03408129105273032,234497,6877337,0.0105001,False,False,False,True,True
same_asset_target_free_conservative,1.0,0.25,simWind_test.mat,1e-05,105,0.6352112334618645,0.1356314737309295,0.5146669373547608,0.49957975973093494,0.12054429610710371,0.0008683457774751371,4.435237379505854e-05,0.000796073936883479,5971,6877337,1.0600000000000002e-05,False,False,False,True,True
same_asset_target_free_conservative,1.0,0.25,simWind_test.mat,3e-05,105,0.6694275262858052,0.1810977740054476,0.5595163466673178,0.4883297522803576,0.1099111796184874,0.0010963737250418717,9.044882416471023e-05,0.0010312276611371004,7539,6877337,3.16e-05,False,False,False,True,True
same_asset_target_free_conservative,1.0,0.25,simWind_test.mat,0.0001,105,0.7225925721118106,0.24698450192934282,0.6273049352666404,0.47560807018246776,0.09528763684517016,0.0017910717781608437,0.0002531639469931158,0.0017346508383130094,12316,6877337,0.00010510000000000001,False,False,False,True,True
same_asset_target_free_conservative,1.0,0.25,simWind_test.mat,0.0003,105,0.7660825690721336,0.3169162069779237,0.6813941782610888,0.44916636209420985,0.08468839081104473,0.003101348378127662,0.0005879019402014741,0.0030517622606320636,21326,6877337,0.00031509999999999996,False,False,False,True,True
same_asset_target_free_conservative,1.0,0.25,simWind_test.mat,0.001,105,0.8185869973642589,0.3987042930048319,0.7453734340825409,0.419882704359427,0.07321356328171802,0.006434611472799163,0.0015394806227098448,0.006390551365043908,44247,6877337,0.0010501000000000002,False,False,False,True,True
same_asset_target_free_conservative,1.0,0.25,simWind_test.mat,0.003,105,0.8642737567095174,0.5055600980030657,0.8000547557521641,0.3587136587064518,0.06421900095735333,0.01344365578169227,0.0040296560480656595,0.013406575882506504,92445,6877337,0.0031501,False,False,False,True,True
same_asset_target_free_conservative,1.0,0.25,simWind_test.mat,0.01,105,0.8986038581302221,0.677697574640705,0.8444455470946568,0.22090628348951713,0.05415831103556534,0.03244515560351655,0.0117727087327269,0.03241462004537092,223112,6877337,0.0105001,False,False,False,True,True
same_asset_target_free_conservative,1.0,1.0,combined,1e-05,210,0.6233813005703638,0.12159898094895295,0.5102623905974354,0.5017823196214108,0.1131189099729284,0.0008892872434633234,4.0789765138511033e-05,0.0008301025008071062,12230,13754674,1.0600000000000002e-05,False,False,False,True,True
same_asset_target_free_conservative,1.0,1.0,combined,3e-05,210,0.6641358206695189,0.1683596570954903,0.5610536679146784,0.49577616357402865,0.10308215275484056,0.0011550512859057512,8.81948571719326e-05,0.0011016108208633116,15885,13754674,3.16e-05,False,False,False,True,True
same_asset_target_free_conservative,1.0,1.0,combined,0.0001,210,0.7206721810173542,0.2294593583535087,0.6310924225408134,0.49121282266384547,0.08957975847654076,0.0018557801581123557,0.00024829334936168863,0.0018095379985008564,25522,13754674,0.00010510000000000001,False,False,False,True,True
same_asset_target_free_conservative,1.0,1.0,combined,0.0003,210,0.7673263222485921,0.2945886820418752,0.6884616151538321,0.4727376402067169,0.07886470709476001,0.003191502140556549,0.0005590392832661693,0.0031507133364180495,43892,13754674,0.00031509999999999996,False,False,False,True,True
same_asset_target_free_conservative,1.0,1.0,combined,0.001,210,0.8189516785013716,0.3797036559475925,0.7507174783795032,0.43924802255377915,0.06823420012186843,0.0066235625304228865,0.0015333025022732513,0.006588445223172415,91093,13754674,0.0010501000000000002,False,False,False,True,True
same_asset_target_free_conservative,1.0,1.0,combined,0.003,210,0.8643156053185871,0.4852970262338184,0.8047380295962294,0.3790185790847687,0.05957757572235767,0.013750728199175942,0.004035918314185886,0.013721064141986764,189114,13754674,0.0031501,False,False,False,True,True
same_asset_target_free_conservative,1.0,1.0,combined,0.01,210,0.9012180113342105,0.6581362441958765,0.8500215785612514,0.24308176713833407,0.051196432772959155,0.03327282047611399,0.01186898320840281,0.03324795554905062,457609,13754674,0.0105001,False,False,False,True,True
same_asset_target_free_conservative,1.0,1.0,simMed_test.mat,1e-05,105,0.6117584070163372,0.10756648816697639,0.5058578438401101,0.5041919188493609,0.10590056317622709,0.0009102287094515099,3.722715648196352e-05,0.0008641310647307332,6259,6877337,1.0600000000000002e-05,False,False,False,True,True
same_asset_target_free_conservative,1.0,1.0,simMed_test.mat,3e-05,105,0.6590511543907068,0.15562154018553298,0.5625909891620389,0.5034296142051738,0.09646016522866796,0.0012137288467696304,8.594089017915495e-05,0.0011719939805895229,8346,6877337,3.16e-05,False,False,False,True,True
same_asset_target_free_conservative,1.0,1.0,simMed_test.mat,0.0001,105,0.7187517899228977,0.21193421477767457,0.6348799098149865,0.5068175751452231,0.08387188010791113,0.0019204885380638677,0.00024342275173026146,0.0018844251586887034,13206,6877337,0.00010510000000000001,False,False,False,True,True
same_asset_target_free_conservative,1.0,1.0,simMed_test.mat,0.0003,105,0.7685700754250505,0.27226115710582666,0.6955290520465752,0.49630891831922386,0.07304102337847529,0.003281655902985435,0.0005301766263308646,0.003249664412204036,22566,6877337,0.00031509999999999996,False,False,False,True,True
same_asset_target_free_conservative,1.0,1.0,simMed_test.mat,0.001,105,0.8193163596384844,0.36070301889035294,0.7560615226764654,0.4586133407481314,0.06325483696201895,0.00681251358804661,0.0015271243818366577,0.006786339081300921,46846,6877337,0.0010501000000000002,False,False,False,True,True
same_asset_target_free_conservative,1.0,1.0,simMed_test.mat,0.003,105,0.8643574539276566,0.46503395446457113,0.8094213034402946,0.3993234994630855,0.054936150487362,0.014057800616659611,0.004042180580306112,0.014035552401467023,96669,6877337,0.0031501,False,False,False,True,True
same_asset_target_free_conservative,1.0,1.0,simMed_test.mat,0.01,105,0.9038321645381988,0.6385749137510481,0.8555976100278461,0.2652572507871507,0.048234554510352745,0.034100485348711435,0.011965257684078724,0.03408129105273032,234497,6877337,0.0105001,False,False,False,True,True
same_asset_target_free_conservative,1.0,1.0,simWind_test.mat,1e-05,105,0.6350041941243904,0.1356314737309295,0.5146669373547608,0.4993727203934608,0.12033725676962959,0.0008683457774751371,4.435237379505854e-05,0.000796073936883479,5971,6877337,1.0600000000000002e-05,False,False,False,True,True
same_asset_target_free_conservative,1.0,1.0,simWind_test.mat,3e-05,105,0.6692204869483309,0.1810977740054476,0.5595163466673178,0.48812271294288334,0.10970414028101316,0.0010963737250418717,9.044882416471023e-05,0.0010312276611371004,7539,6877337,3.16e-05,False,False,False,True,True
same_asset_target_free_conservative,1.0,1.0,simWind_test.mat,0.0001,105,0.7225925721118106,0.24698450192934282,0.6273049352666404,0.47560807018246776,0.09528763684517016,0.0017910717781608437,0.0002531639469931158,0.0017346508383130094,12316,6877337,0.00010510000000000001,False,False,False,True,True
same_asset_target_free_conservative,1.0,1.0,simWind_test.mat,0.0003,105,0.7660825690721336,0.3169162069779237,0.6813941782610888,0.44916636209420985,0.08468839081104473,0.003101348378127662,0.0005879019402014741,0.0030517622606320636,21326,6877337,0.00031509999999999996,False,False,False,True,True
same_asset_target_free_conservative,1.0,1.0,simWind_test.mat,0.001,105,0.8185869973642589,0.3987042930048319,0.7453734340825409,0.419882704359427,0.07321356328171802,0.006434611472799163,0.0015394806227098448,0.006390551365043908,44247,6877337,0.0010501000000000002,False,False,False,True,True
same_asset_target_free_conservative,1.0,1.0,simWind_test.mat,0.003,105,0.8642737567095174,0.5055600980030657,0.8000547557521641,0.3587136587064518,0.06421900095735333,0.01344365578169227,0.0040296560480656595,0.013406575882506504,92445,6877337,0.0031501,False,False,False,True,True
same_asset_target_free_conservative,1.0,1.0,simWind_test.mat,0.01,105,0.8986038581302221,0.677697574640705,0.8444455470946568,0.22090628348951713,0.05415831103556534,0.03244515560351655,0.0117727087327269,0.03241462004537092,223112,6877337,0.0105001,False,False,False,True,True
same_asset_target_free_conservative,1.0,4.0,combined,1e-05,210,0.6230715692507802,0.12159898094895295,0.5102623905974354,0.5014725883018273,0.11280917865334483,0.0008890691076385087,4.0789765138511033e-05,0.0008301025008071062,12227,13754674,1.0600000000000002e-05,False,False,False,True,True
same_asset_target_free_conservative,1.0,4.0,combined,3e-05,210,0.6638260893499355,0.1683596570954903,0.5610536679146784,0.4954664322544452,0.10277242143525711,0.0011548331500809363,8.81948571719326e-05,0.0011016108208633116,15882,13754674,3.16e-05,False,False,False,True,True
same_asset_target_free_conservative,1.0,4.0,combined,0.0001,210,0.7206721810173542,0.2294593583535087,0.6310924225408134,0.49121282266384547,0.08957975847654076,0.0018556347464397408,0.00024829334936168863,0.0018095379985008564,25520,13754674,0.00010510000000000001,False,False,False,True,True
same_asset_target_free_conservative,1.0,4.0,combined,0.0003,210,0.7673263222485921,0.2945886820418752,0.6884616151538321,0.4727376402067169,0.07886470709476001,0.0031913567288839343,0.0005590392832661693,0.0031507133364180495,43890,13754674,0.00031509999999999996,False,False,False,True,True
same_asset_target_free_conservative,1.0,4.0,combined,0.001,210,0.8189516785013716,0.3797036559475925,0.7507174783795032,0.43924802255377915,0.06823420012186843,0.006623417118750271,0.0015333025022732513,0.006588445223172415,91091,13754674,0.0010501000000000002,False,False,False,True,True
same_asset_target_free_conservative,1.0,4.0,combined,0.003,210,0.8643156053185871,0.4852970262338184,0.8047380295962294,0.3790185790847687,0.05957757572235767,0.013750582787503325,0.004035918314185886,0.013721064141986764,189112,13754674,0.0031501,False,False,False,True,True
same_asset_target_free_conservative,1.0,4.0,combined,0.01,210,0.9012180113342105,0.6581362441958765,0.8500215785612514,0.24308176713833407,0.051196432772959155,0.03327267506444138,0.01186898320840281,0.03324795554905062,457607,13754674,0.0105001,False,False,False,True,True
same_asset_target_free_conservative,1.0,4.0,simMed_test.mat,1e-05,105,0.6114862981727998,0.10756648816697639,0.5058578438401101,0.5039198100058233,0.10562845433268964,0.0009099378861062805,3.722715648196352e-05,0.0008641310647307332,6257,6877337,1.0600000000000002e-05,False,False,False,True,True
same_asset_target_free_conservative,1.0,4.0,simMed_test.mat,3e-05,105,0.6587790455471695,0.15562154018553298,0.5625909891620389,0.5031575053616365,0.09618805638513062,0.0012134380234244012,8.594089017915495e-05,0.0011719939805895229,8344,6877337,3.16e-05,False,False,False,True,True
same_asset_target_free_conservative,1.0,4.0,simMed_test.mat,0.0001,105,0.7187517899228977,0.21193421477767457,0.6348799098149865,0.5068175751452231,0.08387188010791113,0.0019201977147186382,0.00024342275173026146,0.0018844251586887034,13204,6877337,0.00010510000000000001,False,False,False,True,True
same_asset_target_free_conservative,1.0,4.0,simMed_test.mat,0.0003,105,0.7685700754250505,0.27226115710582666,0.6955290520465752,0.49630891831922386,0.07304102337847529,0.0032813650796402064,0.0005301766263308646,0.003249664412204036,22564,6877337,0.00031509999999999996,False,False,False,True,True
same_asset_target_free_conservative,1.0,4.0,simMed_test.mat,0.001,105,0.8193163596384844,0.36070301889035294,0.7560615226764654,0.4586133407481314,0.06325483696201895,0.006812222764701379,0.0015271243818366577,0.006786339081300921,46844,6877337,0.0010501000000000002,False,False,False,True,True
same_asset_target_free_conservative,1.0,4.0,simMed_test.mat,0.003,105,0.8643574539276566,0.46503395446457113,0.8094213034402946,0.3993234994630855,0.054936150487362,0.01405750979331438,0.004042180580306112,0.014035552401467023,96667,6877337,0.0031501,False,False,False,True,True
same_asset_target_free_conservative,1.0,4.0,simMed_test.mat,0.01,105,0.9038321645381988,0.6385749137510481,0.8555976100278461,0.2652572507871507,0.048234554510352745,0.0341001945253662,0.011965257684078724,0.03408129105273032,234495,6877337,0.0105001,False,False,False,True,True
same_asset_target_free_conservative,1.0,4.0,simWind_test.mat,1e-05,105,0.6346568403287606,0.1356314737309295,0.5146669373547608,0.49902536659783103,0.1199899029739998,0.0008682003291707369,4.435237379505854e-05,0.000796073936883479,5970,6877337,1.0600000000000002e-05,False,False,False,True,True
same_asset_target_free_conservative,1.0,4.0,simWind_test.mat,3e-05,105,0.6688731331527014,0.1810977740054476,0.5595163466673178,0.4877753591472538,0.1093567864853836,0.0010962282767374716,9.044882416471023e-05,0.0010312276611371004,7538,6877337,3.16e-05,False,False,False,True,True
same_asset_target_free_conservative,1.0,4.0,simWind_test.mat,0.0001,105,0.7225925721118106,0.24698450192934282,0.6273049352666404,0.47560807018246776,0.09528763684517016,0.0017910717781608437,0.0002531639469931158,0.0017346508383130094,12316,6877337,0.00010510000000000001,False,False,False,True,True
same_asset_target_free_conservative,1.0,4.0,simWind_test.mat,0.0003,105,0.7660825690721336,0.3169162069779237,0.6813941782610888,0.44916636209420985,0.08468839081104473,0.003101348378127662,0.0005879019402014741,0.0030517622606320636,21326,6877337,0.00031509999999999996,False,False,False,True,True
same_asset_target_free_conservative,1.0,4.0,simWind_test.mat,0.001,105,0.8185869973642589,0.3987042930048319,0.7453734340825409,0.419882704359427,0.07321356328171802,0.006434611472799163,0.0015394806227098448,0.006390551365043908,44247,6877337,0.0010501000000000002,False,False,False,True,True
same_asset_target_free_conservative,1.0,4.0,simWind_test.mat,0.003,105,0.8642737567095174,0.5055600980030657,0.8000547557521641,0.3587136587064518,0.06421900095735333,0.01344365578169227,0.0040296560480656595,0.013406575882506504,92445,6877337,0.0031501,False,False,False,True,True
same_asset_target_free_conservative,1.0,4.0,simWind_test.mat,0.01,105,0.8986038581302221,0.677697574640705,0.8444455470946568,0.22090628348951713,0.05415831103556534,0.03244515560351655,0.0117727087327269,0.03241462004537092,223112,6877337,0.0105001,False,False,False,True,True
same_asset_target_free_conservative,1.0,16.0,combined,1e-05,210,0.6204369521120568,0.12159898094895295,0.5102623905974354,0.4988379711631039,0.11017456151462146,0.0008869606012605958,4.0789765138511033e-05,0.0008301025008071062,12198,13754674,1.0600000000000002e-05,False,False,False,True,True
same_asset_target_free_conservative,1.0,16.0,combined,3e-05,210,0.6616574220320006,0.1683596570954903,0.5610536679146784,0.49329776493651034,0.10060375411732225,0.0011529427606463923,8.81948571719326e-05,0.0011016108208633116,15856,13754674,3.16e-05,False,False,False,True,True
same_asset_target_free_conservative,1.0,16.0,combined,0.0001,210,0.7188943479992409,0.2294593583535087,0.6310924225408134,0.4894349896457322,0.08780192545842747,0.0018538170611712183,0.00024829334936168863,0.0018095379985008564,25495,13754674,0.00010510000000000001,False,False,False,True,True
same_asset_target_free_conservative,1.0,16.0,combined,0.0003,210,0.765707219389209,0.2945886820418752,0.6884616151538321,0.47111853734733383,0.07724560423537696,0.0031898298969228415,0.0005590392832661693,0.0031507133364180495,43869,13754674,0.00031509999999999996,False,False,False,True,True
same_asset_target_free_conservative,1.0,16.0,combined,0.001,210,0.8176041805802601,0.3797036559475925,0.7507174783795032,0.4379005246326676,0.06688670220075688,0.006622035668487355,0.0015333025022732513,0.006588445223172415,91072,13754674,0.0010501000000000002,False,False,False,True,True
same_asset_target_free_conservative,1.0,16.0,combined,0.003,210,0.8631735142355355,0.4852970262338184,0.8047380295962294,0.3778764880017171,0.058435484639306035,0.013749419418663067,0.004035918314185886,0.013721064141986764,189096,13754674,0.0031501,False,False,False,True,True
same_asset_target_free_conservative,1.0,16.0,combined,0.01,210,0.9003453923810962,0.6581362441958765,0.8500215785612514,0.24220914818521977,0.050323813819844854,0.03327187531636405,0.01186898320840281,0.03324795554905062,457596,13754674,0.0105001,False,False,False,True,True
same_asset_target_free_conservative,1.0,16.0,simMed_test.mat,1e-05,105,0.6097004342259451,0.10756648816697639,0.5058578438401101,0.5021339460589687,0.10384259038583499,0.0009086292576904514,3.722715648196352e-05,0.0008641310647307332,6248,6877337,1.0600000000000002e-05,False,False,False,True,True
same_asset_target_free_conservative,1.0,16.0,simMed_test.mat,3e-05,105,0.6569931816003147,0.15562154018553298,0.5625909891620389,0.5013716414147817,0.09440219243827586,0.0012122748122214623,8.594089017915495e-05,0.0011719939805895229,8336,6877337,3.16e-05,False,False,False,True,True
same_asset_target_free_conservative,1.0,16.0,simMed_test.mat,0.0001,105,0.7169659259760431,0.21193421477767457,0.6348799098149865,0.5050317111983685,0.0820860161610566,0.0019191799118477423,0.00024342275173026146,0.0018844251586887034,13197,6877337,0.00010510000000000001,False,False,False,True,True
same_asset_target_free_conservative,1.0,16.0,simMed_test.mat,0.0003,105,0.7671016717956561,0.27226115710582666,0.6955290520465752,0.4948405146898295,0.07157261974908091,0.00328034727676931,0.0005301766263308646,0.003249664412204036,22557,6877337,0.00031509999999999996,False,False,False,True,True
same_asset_target_free_conservative,1.0,16.0,simMed_test.mat,0.001,105,0.8180384321995662,0.36070301889035294,0.7560615226764654,0.45733541330921323,0.061976909523100754,0.006811495725226837,0.0015271243818366577,0.006786339081300921,46839,6877337,0.0010501000000000002,False,False,False,True,True
same_asset_target_free_conservative,1.0,16.0,simMed_test.mat,0.003,105,0.8632959767051887,0.46503395446457113,0.8094213034402946,0.3982620222406175,0.053874673264894035,0.014056928128878363,0.004042180580306112,0.014035552401467023,96663,6877337,0.0031501,False,False,False,True,True
same_asset_target_free_conservative,1.0,16.0,simMed_test.mat,0.01,105,0.9027706873157308,0.6385749137510481,0.8555976100278461,0.2641957735646827,0.04717307728788478,0.03409975831145591,0.011965257684078724,0.03408129105273032,234492,6877337,0.0105001,False,False,False,True,True
same_asset_target_free_conservative,1.0,16.0,simWind_test.mat,1e-05,105,0.6311734699981686,0.1356314737309295,0.5146669373547608,0.49554199626723905,0.11650653264340782,0.0008652919448307401,4.435237379505854e-05,0.000796073936883479,5950,6877337,1.0600000000000002e-05,False,False,False,True,True
same_asset_target_free_conservative,1.0,16.0,simWind_test.mat,3e-05,105,0.6663216624636863,0.1810977740054476,0.5595163466673178,0.4852238884582387,0.10680531579636854,0.0010936107090713223,9.044882416471023e-05,0.0010312276611371004,7520,6877337,3.16e-05,False,False,False,True,True
same_asset_target_free_conservative,1.0,16.0,simWind_test.mat,0.0001,105,0.7208227700224389,0.24698450192934282,0.6273049352666404,0.47383826809309604,0.09351783475579845,0.0017884542104946947,0.0002531639469931158,0.0017346508383130094,12298,6877337,0.00010510000000000001,False,False,False,True,True
same_asset_target_free_conservative,1.0,16.0,simWind_test.mat,0.0003,105,0.7643127669827618,0.3169162069779237,0.6813941782610888,0.44739656000483813,0.08291858872167301,0.003099312517076373,0.0005879019402014741,0.0030517622606320636,21312,6877337,0.00031509999999999996,False,False,False,True,True
same_asset_target_free_conservative,1.0,16.0,simWind_test.mat,0.001,105,0.817169928960954,0.3987042930048319,0.7453734340825409,0.4184656359561221,0.07179649487841311,0.006432575611747873,0.0015394806227098448,0.006390551365043908,44233,6877337,0.0010501000000000002,False,False,False,True,True
same_asset_target_free_conservative,1.0,16.0,simWind_test.mat,0.003,105,0.8630510517658823,0.5055600980030657,0.8000547557521641,0.3574909537628166,0.06299629601371814,0.013441910708447772,0.0040296560480656595,0.013406575882506504,92433,6877337,0.0031501,False,False,False,True,True
same_asset_target_free_conservative,1.0,16.0,simWind_test.mat,0.01,105,0.8979200974464615,0.677697574640705,0.8444455470946568,0.2202225228057565,0.053474550351804706,0.03244399232127219,0.0117727087327269,0.03241462004537092,223104,6877337,0.0105001,False,False,False,True,True
same_asset_target_free_conservative,1.0,64.0,combined,1e-05,210,0.6148142530083403,0.12159898094895295,0.5102623905974354,0.4932152720593873,0.10455186241090486,0.0008784540158911712,4.0789765138511033e-05,0.0008301025008071062,12081,13754674,1.0600000000000002e-05,False,False,False,True,True
same_asset_target_free_conservative,1.0,64.0,combined,3e-05,210,0.6565506858929474,0.1683596570954903,0.5610536679146784,0.4881910287974571,0.09549701797826904,0.0011454542112647327,8.81948571719326e-05,0.0011016108208633116,15753,13754674,3.16e-05,False,False,False,True,True
same_asset_target_free_conservative,1.0,64.0,combined,0.0001,210,0.7142893835548324,0.2294593583535087,0.6310924225408134,0.4848300252013237,0.08319696101401897,0.0018472737558930807,0.00024829334936168863,0.0018095379985008564,25405,13754674,0.00010510000000000001,False,False,False,True,True
same_asset_target_free_conservative,1.0,64.0,combined,0.0003,210,0.7617185292416593,0.2945886820418752,0.6884616151538321,0.46712984719978407,0.0732569140878272,0.003184304534363024,0.0005590392832661693,0.0031507133364180495,43793,13754674,0.00031509999999999996,False,False,False,True,True
same_asset_target_free_conservative,1.0,64.0,combined,0.001,210,0.8139309157481357,0.3797036559475925,0.7507174783795032,0.4342272598005432,0.0632134373686325,0.006616873868960487,0.0015333025022732513,0.006588445223172415,91001,13754674,0.0010501000000000002,False,False,False,True,True
same_asset_target_free_conservative,1.0,64.0,combined,0.003,210,0.8602114616856721,0.4852970262338184,0.8047380295962294,0.3749144354518537,0.055473432089442665,0.013745857076425233,0.004035918314185886,0.013721064141986764,189047,13754674,0.0031501,False,False,False,True,True
same_asset_target_free_conservative,1.0,64.0,combined,0.01,210,0.8974640500814346,0.6581362441958765,0.8500215785612514,0.23932780588555813,0.047442471520183216,0.033268894656308674,0.01186898320840281,0.03324795554905062,457555,13754674,0.0105001,False,False,False,True,True
same_asset_target_free_conservative,1.0,64.0,simMed_test.mat,1e-05,105,0.6036415438853454,0.10756648816697639,0.5058578438401101,0.496075055718369,0.09778370004523529,0.0009033941090422286,3.722715648196352e-05,0.0008641310647307332,6212,6877337,1.0600000000000002e-05,False,False,False,True,True
same_asset_target_free_conservative,1.0,64.0,simMed_test.mat,3e-05,105,0.6511557752021293,0.15562154018553298,0.5625909891620389,0.4955342350165963,0.08856478604009044,0.0012079123045479947,8.594089017915495e-05,0.0011719939805895229,8306,6877337,3.16e-05,False,False,False,True,True
same_asset_target_free_conservative,1.0,64.0,simMed_test.mat,0.0001,105,0.711663422804685,0.21193421477767457,0.6348799098149865,0.4997292080270104,0.07678351298969843,0.0019151082408242332,0.00024342275173026146,0.0018844251586887034,13169,6877337,0.00010510000000000001,False,False,False,True,True
same_asset_target_free_conservative,1.0,64.0,simMed_test.mat,0.0003,105,0.7626789835319486,0.27226115710582666,0.6955290520465752,0.49041782642612197,0.0671499314853734,0.0032770027406765446,0.0005301766263308646,0.003249664412204036,22534,6877337,0.00031509999999999996,False,False,False,True,True
same_asset_target_free_conservative,1.0,64.0,simMed_test.mat,0.001,105,0.8136157439358587,0.36070301889035294,0.7560615226764654,0.4529127250455057,0.057554221259393246,0.006808587494090172,0.0015271243818366577,0.006786339081300921,46819,6877337,0.0010501000000000002,False,False,False,True,True
same_asset_target_free_conservative,1.0,64.0,simMed_test.mat,0.003,105,0.8598189173133773,0.46503395446457113,0.8094213034402946,0.3947849628488062,0.050397613873082725,0.014055183142223988,0.004042180580306112,0.014035552401467023,96651,6877337,0.0031501,False,False,False,True,True
same_asset_target_free_conservative,1.0,64.0,simMed_test.mat,0.01,105,0.899455048424323,0.6385749137510481,0.8555976100278461,0.26088013467327487,0.04385743839647693,0.03409830415700836,0.011965257684078724,0.03408129105273032,234482,6877337,0.0105001,False,False,False,True,True
same_asset_target_free_conservative,1.0,64.0,simWind_test.mat,1e-05,105,0.6259869621313351,0.1356314737309295,0.5146669373547608,0.49035548840040555,0.11132002477657432,0.0008535139227401138,4.435237379505854e-05,0.000796073936883479,5869,6877337,1.0600000000000002e-05,False,False,False,True,True
same_asset_target_free_conservative,1.0,64.0,simWind_test.mat,3e-05,105,0.6619455965837654,0.1810977740054476,0.5595163466673178,0.4808478225783178,0.10242924991644764,0.0010829961179814709,9.044882416471023e-05,0.0010312276611371004,7447,6877337,3.16e-05,False,False,False,True,True
same_asset_target_free_conservative,1.0,64.0,simWind_test.mat,0.0001,105,0.7169153443049799,0.24698450192934282,0.6273049352666404,0.4699308423756371,0.0896104090383395,0.0017794392709619287,0.0002531639469931158,0.0017346508383130094,12236,6877337,0.00010510000000000001,False,False,False,True,True
same_asset_target_free_conservative,1.0,64.0,simWind_test.mat,0.0003,105,0.7607580749513699,0.3169162069779237,0.6813941782610888,0.4438418679734462,0.0793638966902811,0.003091606328049503,0.0005879019402014741,0.0030517622606320636,21259,6877337,0.00031509999999999996,False,False,False,True,True
same_asset_target_free_conservative,1.0,64.0,simWind_test.mat,0.001,105,0.8142460875604127,0.3987042930048319,0.7453734340825409,0.4155417945555808,0.06887265347787186,0.0064251602438308,0.0015394806227098448,0.006390551365043908,44182,6877337,0.0010501000000000002,False,False,False,True,True
same_asset_target_free_conservative,1.0,64.0,simWind_test.mat,0.003,105,0.8606040060579669,0.5055600980030657,0.8000547557521641,0.35504390805490127,0.060549250305802826,0.013436531010626475,0.0040296560480656595,0.013406575882506504,92396,6877337,0.0031501,False,False,False,True,True
same_asset_target_free_conservative,1.0,64.0,simWind_test.mat,0.01,105,0.8954730517385462,0.677697574640705,0.8444455470946568,0.21777547709784117,0.05102750464388939,0.03243948515560899,0.0117727087327269,0.03241462004537092,223073,6877337,0.0105001,False,False,False,True,True
same_asset_target_free_conservative,1.0,256.0,combined,1e-05,210,0.591645746078917,0.12159898094895295,0.5102623905974354,0.470046765129964,0.08138335548148157,0.0008598407583447742,4.0789765138511033e-05,0.0008301025008071062,11825,13754674,1.0600000000000002e-05,False,False,False,True,True
same_asset_target_free_conservative,1.0,256.0,combined,3e-05,210,0.6360997053787161,0.1683596570954903,0.5610536679146784,0.4677400482832258,0.07504603746403771,0.0011288041671882148,8.81948571719326e-05,0.0011016108208633116,15524,13754674,3.16e-05,False,False,False,True,True
same_asset_target_free_conservative,1.0,256.0,combined,0.0001,210,0.6960321096310321,0.2294593583535087,0.6310924225408134,0.4665727512775234,0.06493968709021869,0.0018332412616736936,0.00024829334936168863,0.0018095379985008564,25212,13754674,0.00010510000000000001,False,False,False,True,True
same_asset_target_free_conservative,1.0,256.0,combined,0.0003,210,0.7460693440911982,0.2945886820418752,0.6884616151538321,0.45148066204932297,0.0576077289373661,0.003171726172367749,0.0005590392832661693,0.0031507133364180495,43620,13754674,0.00031509999999999996,False,False,False,True,True
same_asset_target_free_conservative,1.0,256.0,combined,0.001,210,0.800454956415206,0.3797036559475925,0.7507174783795032,0.42075130046761355,0.04973747803570283,0.006606476831859979,0.0015333025022732513,0.006588445223172415,90858,13754674,0.0010501000000000002,False,False,False,True,True
same_asset_target_free_conservative,1.0,256.0,combined,0.003,210,0.8484308002822366,0.4852970262338184,0.8047380295962294,0.36313377404841823,0.04369277068600719,0.013736623495874869,0.004035918314185886,0.013721064141986764,188920,13754674,0.0031501,False,False,False,True,True
same_asset_target_free_conservative,1.0,256.0,combined,0.01,210,0.8878879798678451,0.6581362441958765,0.8500215785612514,0.2297517356719686,0.03786640130659369,0.033261333533643,0.01186898320840281,0.03324795554905062,457451,13754674,0.0105001,False,False,False,True,True
same_asset_target_free_conservative,1.0,256.0,simMed_test.mat,1e-05,105,0.5825420597725897,0.10756648816697639,0.5058578438401101,0.47497557160561327,0.07668421593247954,0.0008895795065366577,3.722715648196352e-05,0.0008641310647307332,6117,6877337,1.0600000000000002e-05,False,False,False,True,True
same_asset_target_free_conservative,1.0,256.0,simMed_test.mat,3e-05,105,0.6324448103889412,0.15562154018553298,0.5625909891620389,0.4768232702034082,0.06985382122690231,0.0011949702364299213,8.594089017915495e-05,0.0011719939805895229,8217,6877337,3.16e-05,False,False,False,True,True
same_asset_target_free_conservative,1.0,256.0,simMed_test.mat,0.0001,105,0.6952369371247631,0.21193421477767457,0.6348799098149865,0.4833027223470885,0.060357027309776545,0.001904347553055814,0.00024342275173026146,0.0018844251586887034,13095,6877337,0.00010510000000000001,False,False,False,True,True
same_asset_target_free_conservative,1.0,256.0,simMed_test.mat,0.0003,105,0.7487455083467183,0.27226115710582666,0.6955290520465752,0.4764843512408916,0.053216456300143045,0.0032675507834590664,0.0005301766263308646,0.003249664412204036,22469,6877337,0.00031509999999999996,False,False,False,True,True
same_asset_target_free_conservative,1.0,256.0,simMed_test.mat,0.001,105,0.8016907528628012,0.36070301889035294,0.7560615226764654,0.4409877339724483,0.0456292301863358,0.006800735299456987,0.0015271243818366577,0.006786339081300921,46765,6877337,0.0010501000000000002,False,False,False,True,True
same_asset_target_free_conservative,1.0,256.0,simMed_test.mat,0.003,105,0.8489509886316722,0.46503395446457113,0.8094213034402946,0.38391703416710105,0.03952968519137756,0.014047912707502818,0.004042180580306112,0.014035552401467023,96601,6877337,0.0031501,False,False,False,True,True
same_asset_target_free_conservative,1.0,256.0,simMed_test.mat,0.01,105,0.8907137937740538,0.6385749137510481,0.8555976100278461,0.25213888002300566,0.03511618374620773,0.034092197126639315,0.011965257684078724,0.03408129105273032,234440,6877337,0.0105001,False,False,False,True,True
same_asset_target_free_conservative,1.0,256.0,simWind_test.mat,1e-05,105,0.600749432385244,0.1356314737309295,0.5146669373547608,0.4651179586543145,0.08608249503048326,0.0008301020101528906,4.435237379505854e-05,0.000796073936883479,5708,6877337,1.0600000000000002e-05,False,False,False,True,True
same_asset_target_free_conservative,1.0,256.0,simWind_test.mat,3e-05,105,0.6397546003684909,0.1810977740054476,0.5595163466673178,0.4586568263630433,0.0802382537011731,0.0010626380979465082,9.044882416471023e-05,0.0010312276611371004,7307,6877337,3.16e-05,False,False,False,True,True
same_asset_target_free_conservative,1.0,256.0,simWind_test.mat,0.0001,105,0.6968272821373013,0.24698450192934282,0.6273049352666404,0.4498427802079584,0.06952234687066083,0.0017621349702915728,0.0002531639469931158,0.0017346508383130094,12117,6877337,0.00010510000000000001,False,False,False,True,True
same_asset_target_free_conservative,1.0,256.0,simWind_test.mat,0.0003,105,0.7433931798356782,0.3169162069779237,0.6813941782610888,0.4264769728577545,0.061999001574589374,0.003075901561276432,0.0005879019402014741,0.0030517622606320636,21151,6877337,0.00031509999999999996,False,False,False,True,True
same_asset_target_free_conservative,1.0,256.0,simWind_test.mat,0.001,105,0.7992191599676107,0.3987042930048319,0.7453734340825409,0.4005148669627788,0.05384572588506986,0.006412218364262973,0.0015394806227098448,0.006390551365043908,44093,6877337,0.0010501000000000002,False,False,False,True,True
same_asset_target_free_conservative,1.0,256.0,simWind_test.mat,0.003,105,0.8479106119328012,0.5055600980030657,0.8000547557521641,0.3423505139297355,0.047855856180637035,0.01342533428424692,0.0040296560480656595,0.013406575882506504,92319,6877337,0.0031501,False,False,False,True,True
same_asset_target_free_conservative,1.0,256.0,simWind_test.mat,0.01,105,0.8850621659616364,0.677697574640705,0.8444455470946568,0.20736459132093144,0.04061661886697965,0.03243046994064669,0.0117727087327269,0.03241462004537092,223011,6877337,0.0105001,False,False,False,True,True
same_asset_target_free_conservative,10.0,0.0,combined,1e-05,210,0.5618297237968743,0.0657531516085371,0.4204893445126785,0.49607657218833723,0.14134037928419585,0.0005993080899874257,1.0033906841795108e-05,0.0005296526737485884,8242,13754674,1.0600000000000002e-05,False,True,False,True,True
same_asset_target_free_conservative,10.0,0.0,combined,3e-05,210,0.5840330595852641,0.08171806214533062,0.45303542482175946,0.5023149974399335,0.13099763476350462,0.0006843825035493351,1.5341757422292066e-05,0.0006186535164987059,9412,13754674,3.16e-05,False,True,False,True,True
same_asset_target_free_conservative,10.0,0.0,combined,0.0001,210,0.6234848202391009,0.12159898094895295,0.5102623905974354,0.501885839290148,0.11322242964166551,0.0008892872434633234,4.0789765138511033e-05,0.0008301025008071062,12230,13754674,0.00010510000000000001,False,True,False,True,True
same_asset_target_free_conservative,10.0,0.0,combined,0.0003,210,0.664239340338256,0.1683596570954903,0.5610536679146784,0.49587968324276577,0.10318567242357768,0.0011550512859057512,8.81948571719326e-05,0.0011016108208633116,15885,13754674,0.00031509999999999996,False,True,False,True,True
same_asset_target_free_conservative,10.0,0.0,combined,0.001,210,0.7206721810173542,0.2294593583535087,0.6310924225408134,0.49121282266384547,0.08957975847654076,0.0018557801581123557,0.00024829334936168863,0.0018095379985008564,25522,13754674,0.0010501000000000002,False,True,False,True,True
same_asset_target_free_conservative,10.0,0.0,combined,0.003,210,0.7673263222485921,0.2945886820418752,0.6884616151538321,0.4727376402067169,0.07886470709476001,0.003191502140556549,0.0005590392832661693,0.0031507133364180495,43892,13754674,0.0031501,False,True,False,True,True
same_asset_target_free_conservative,10.0,0.0,combined,0.01,210,0.8189516785013716,0.3797036559475925,0.7507174783795032,0.43924802255377915,0.06823420012186843,0.0066235625304228865,0.0015333025022732513,0.006588445223172415,91093,13754674,0.0105001,True,True,True,True,True
same_asset_target_free_conservative,10.0,0.0,simMed_test.mat,1e-05,105,0.5658219650894367,0.05470088602613092,0.4459745610781645,0.5111210790633058,0.1198474040112722,0.0006695494120468901,8.434294105823042e-06,0.000619961585356831,4604,6877337,1.0600000000000002e-05,False,True,False,True,True
same_asset_target_free_conservative,10.0,0.0,simMed_test.mat,3e-05,105,0.582372602734481,0.0781139845070218,0.4657849457505103,0.5042586182274592,0.11658765698397067,0.0007323737201552028,1.5850725438369646e-05,0.0006833675312517056,5036,6877337,3.16e-05,False,True,False,True,True
same_asset_target_free_conservative,10.0,0.0,simMed_test.mat,0.0001,105,0.6117584070163372,0.10756648816697639,0.5058578438401101,0.5041919188493609,0.10590056317622709,0.0009102287094515099,3.722715648196352e-05,0.0008641310647307332,6259,6877337,0.00010510000000000001,False,True,False,True,True
same_asset_target_free_conservative,10.0,0.0,simMed_test.mat,0.0003,105,0.6590511543907068,0.15562154018553298,0.5625909891620389,0.5034296142051738,0.09646016522866796,0.0012137288467696304,8.594089017915495e-05,0.0011719939805895229,8346,6877337,0.00031509999999999996,False,True,False,True,True
same_asset_target_free_conservative,10.0,0.0,simMed_test.mat,0.001,105,0.7187517899228977,0.21193421477767457,0.6348799098149865,0.5068175751452231,0.08387188010791113,0.0019204885380638677,0.00024342275173026146,0.0018844251586887034,13206,6877337,0.0010501000000000002,False,True,False,True,True
same_asset_target_free_conservative,10.0,0.0,simMed_test.mat,0.003,105,0.7685700754250505,0.27226115710582666,0.6955290520465752,0.49630891831922386,0.07304102337847529,0.003281655902985435,0.0005301766263308646,0.003249664412204036,22566,6877337,0.0031501,False,True,False,True,True
same_asset_target_free_conservative,10.0,0.0,simMed_test.mat,0.01,105,0.8193163596384844,0.36070301889035294,0.7560615226764654,0.4586133407481314,0.06325483696201895,0.00681251358804661,0.0015271243818366577,0.006786339081300921,46846,6877337,0.0105001,True,True,True,True,True
same_asset_target_free_conservative,10.0,0.0,simWind_test.mat,1e-05,105,0.5578374825043119,0.07680541719094329,0.39500412794719236,0.48103206531336856,0.1628333545571195,0.0005290667679279614,1.1633519577767175e-05,0.0004393437621403459,3638,6877337,1.0600000000000002e-05,False,False,False,True,True
same_asset_target_free_conservative,10.0,0.0,simWind_test.mat,3e-05,105,0.5856935164360473,0.08532213978363944,0.44028590389300853,0.5003713766524078,0.14540761254303874,0.0006363912869434674,1.4832789406214485e-05,0.0005539395017457062,4376,6877337,3.16e-05,False,True,False,True,True
same_asset_target_free_conservative,10.0,0.0,simWind_test.mat,0.0001,105,0.6352112334618645,0.1356314737309295,0.5146669373547608,0.49957975973093494,0.12054429610710371,0.0008683457774751371,4.435237379505854e-05,0.000796073936883479,5971,6877337,0.00010510000000000001,False,True,False,True,True
same_asset_target_free_conservative,10.0,0.0,simWind_test.mat,0.0003,105,0.6694275262858052,0.1810977740054476,0.5595163466673178,0.4883297522803576,0.1099111796184874,0.0010963737250418717,9.044882416471023e-05,0.0010312276611371004,7539,6877337,0.00031509999999999996,False,True,False,True,True
same_asset_target_free_conservative,10.0,0.0,simWind_test.mat,0.001,105,0.7225925721118106,0.24698450192934282,0.6273049352666404,0.47560807018246776,0.09528763684517016,0.0017910717781608437,0.0002531639469931158,0.0017346508383130094,12316,6877337,0.0010501000000000002,False,True,False,True,True
same_asset_target_free_conservative,10.0,0.0,simWind_test.mat,0.003,105,0.7660825690721336,0.3169162069779237,0.6813941782610888,0.44916636209420985,0.08468839081104473,0.003101348378127662,0.0005879019402014741,0.0030517622606320636,21326,6877337,0.0031501,True,True,True,True,True
same_asset_target_free_conservative,10.0,0.0,simWind_test.mat,0.01,105,0.8185869973642589,0.3987042930048319,0.7453734340825409,0.419882704359427,0.07321356328171802,0.006434611472799163,0.0015394806227098448,0.006390551365043908,44247,6877337,0.0105001,True,True,True,True,True
same_asset_target_free_conservative,10.0,0.25,combined,1e-05,210,0.5618297237968743,0.0657531516085371,0.4204893445126785,0.49607657218833723,0.14134037928419585,0.0005993080899874257,1.0033906841795108e-05,0.0005296526737485884,8242,13754674,1.0600000000000002e-05,False,True,False,True,True
same_asset_target_free_conservative,10.0,0.25,combined,3e-05,210,0.5840330595852641,0.08171806214533062,0.45303542482175946,0.5023149974399335,0.13099763476350462,0.0006843825035493351,1.5341757422292066e-05,0.0006186535164987059,9412,13754674,3.16e-05,False,True,False,True,True
same_asset_target_free_conservative,10.0,0.25,combined,0.0001,210,0.6234848202391009,0.12159898094895295,0.5102623905974354,0.501885839290148,0.11322242964166551,0.0008892872434633234,4.0789765138511033e-05,0.0008301025008071062,12230,13754674,0.00010510000000000001,False,True,False,True,True
same_asset_target_free_conservative,10.0,0.25,combined,0.0003,210,0.664239340338256,0.1683596570954903,0.5610536679146784,0.49587968324276577,0.10318567242357768,0.0011550512859057512,8.81948571719326e-05,0.0011016108208633116,15885,13754674,0.00031509999999999996,False,True,False,True,True
same_asset_target_free_conservative,10.0,0.25,combined,0.001,210,0.7206721810173542,0.2294593583535087,0.6310924225408134,0.49121282266384547,0.08957975847654076,0.0018557801581123557,0.00024829334936168863,0.0018095379985008564,25522,13754674,0.0010501000000000002,False,True,False,True,True
same_asset_target_free_conservative,10.0,0.25,combined,0.003,210,0.7673263222485921,0.2945886820418752,0.6884616151538321,0.4727376402067169,0.07886470709476001,0.003191502140556549,0.0005590392832661693,0.0031507133364180495,43892,13754674,0.0031501,False,True,False,True,True
same_asset_target_free_conservative,10.0,0.25,combined,0.01,210,0.8189516785013716,0.3797036559475925,0.7507174783795032,0.43924802255377915,0.06823420012186843,0.0066235625304228865,0.0015333025022732513,0.006588445223172415,91093,13754674,0.0105001,True,True,True,True,True
same_asset_target_free_conservative,10.0,0.25,simMed_test.mat,1e-05,105,0.5658219650894367,0.05470088602613092,0.4459745610781645,0.5111210790633058,0.1198474040112722,0.0006695494120468901,8.434294105823042e-06,0.000619961585356831,4604,6877337,1.0600000000000002e-05,False,True,False,True,True
same_asset_target_free_conservative,10.0,0.25,simMed_test.mat,3e-05,105,0.582372602734481,0.0781139845070218,0.4657849457505103,0.5042586182274592,0.11658765698397067,0.0007323737201552028,1.5850725438369646e-05,0.0006833675312517056,5036,6877337,3.16e-05,False,True,False,True,True
same_asset_target_free_conservative,10.0,0.25,simMed_test.mat,0.0001,105,0.6117584070163372,0.10756648816697639,0.5058578438401101,0.5041919188493609,0.10590056317622709,0.0009102287094515099,3.722715648196352e-05,0.0008641310647307332,6259,6877337,0.00010510000000000001,False,True,False,True,True
same_asset_target_free_conservative,10.0,0.25,simMed_test.mat,0.0003,105,0.6590511543907068,0.15562154018553298,0.5625909891620389,0.5034296142051738,0.09646016522866796,0.0012137288467696304,8.594089017915495e-05,0.0011719939805895229,8346,6877337,0.00031509999999999996,False,True,False,True,True
same_asset_target_free_conservative,10.0,0.25,simMed_test.mat,0.001,105,0.7187517899228977,0.21193421477767457,0.6348799098149865,0.5068175751452231,0.08387188010791113,0.0019204885380638677,0.00024342275173026146,0.0018844251586887034,13206,6877337,0.0010501000000000002,False,True,False,True,True
same_asset_target_free_conservative,10.0,0.25,simMed_test.mat,0.003,105,0.7685700754250505,0.27226115710582666,0.6955290520465752,0.49630891831922386,0.07304102337847529,0.003281655902985435,0.0005301766263308646,0.003249664412204036,22566,6877337,0.0031501,False,True,False,True,True
same_asset_target_free_conservative,10.0,0.25,simMed_test.mat,0.01,105,0.8193163596384844,0.36070301889035294,0.7560615226764654,0.4586133407481314,0.06325483696201895,0.00681251358804661,0.0015271243818366577,0.006786339081300921,46846,6877337,0.0105001,True,True,True,True,True
same_asset_target_free_conservative,10.0,0.25,simWind_test.mat,1e-05,105,0.5578374825043119,0.07680541719094329,0.39500412794719236,0.48103206531336856,0.1628333545571195,0.0005290667679279614,1.1633519577767175e-05,0.0004393437621403459,3638,6877337,1.0600000000000002e-05,False,False,False,True,True
same_asset_target_free_conservative,10.0,0.25,simWind_test.mat,3e-05,105,0.5856935164360473,0.08532213978363944,0.44028590389300853,0.5003713766524078,0.14540761254303874,0.0006363912869434674,1.4832789406214485e-05,0.0005539395017457062,4376,6877337,3.16e-05,False,True,False,True,True
same_asset_target_free_conservative,10.0,0.25,simWind_test.mat,0.0001,105,0.6352112334618645,0.1356314737309295,0.5146669373547608,0.49957975973093494,0.12054429610710371,0.0008683457774751371,4.435237379505854e-05,0.000796073936883479,5971,6877337,0.00010510000000000001,False,True,False,True,True
same_asset_target_free_conservative,10.0,0.25,simWind_test.mat,0.0003,105,0.6694275262858052,0.1810977740054476,0.5595163466673178,0.4883297522803576,0.1099111796184874,0.0010963737250418717,9.044882416471023e-05,0.0010312276611371004,7539,6877337,0.00031509999999999996,False,True,False,True,True
same_asset_target_free_conservative,10.0,0.25,simWind_test.mat,0.001,105,0.7225925721118106,0.24698450192934282,0.6273049352666404,0.47560807018246776,0.09528763684517016,0.0017910717781608437,0.0002531639469931158,0.0017346508383130094,12316,6877337,0.0010501000000000002,False,True,False,True,True
same_asset_target_free_conservative,10.0,0.25,simWind_test.mat,0.003,105,0.7660825690721336,0.3169162069779237,0.6813941782610888,0.44916636209420985,0.08468839081104473,0.003101348378127662,0.0005879019402014741,0.0030517622606320636,21326,6877337,0.0031501,True,True,True,True,True
same_asset_target_free_conservative,10.0,0.25,simWind_test.mat,0.01,105,0.8185869973642589,0.3987042930048319,0.7453734340825409,0.419882704359427,0.07321356328171802,0.006434611472799163,0.0015394806227098448,0.006390551365043908,44247,6877337,0.0105001,True,True,True,True,True
same_asset_target_free_conservative,10.0,1.0,combined,1e-05,210,0.5617262041281372,0.0657531516085371,0.4204893445126785,0.4959730525196001,0.14123685961545873,0.0005993080899874257,1.0033906841795108e-05,0.0005296526737485884,8242,13754674,1.0600000000000002e-05,False,True,False,True,True
same_asset_target_free_conservative,10.0,1.0,combined,3e-05,210,0.5839295399165271,0.08171806214533062,0.45303542482175946,0.5022114777711965,0.13089411509476762,0.0006843825035493351,1.5341757422292066e-05,0.0006186535164987059,9412,13754674,3.16e-05,False,True,False,True,True
same_asset_target_free_conservative,10.0,1.0,combined,0.0001,210,0.6233813005703638,0.12159898094895295,0.5102623905974354,0.5017823196214108,0.1131189099729284,0.0008892872434633234,4.0789765138511033e-05,0.0008301025008071062,12230,13754674,0.00010510000000000001,False,True,False,True,True
same_asset_target_free_conservative,10.0,1.0,combined,0.0003,210,0.6641358206695189,0.1683596570954903,0.5610536679146784,0.49577616357402865,0.10308215275484056,0.0011550512859057512,8.81948571719326e-05,0.0011016108208633116,15885,13754674,0.00031509999999999996,False,True,False,True,True
same_asset_target_free_conservative,10.0,1.0,combined,0.001,210,0.7206721810173542,0.2294593583535087,0.6310924225408134,0.49121282266384547,0.08957975847654076,0.0018557801581123557,0.00024829334936168863,0.0018095379985008564,25522,13754674,0.0010501000000000002,False,True,False,True,True
same_asset_target_free_conservative,10.0,1.0,combined,0.003,210,0.7673263222485921,0.2945886820418752,0.6884616151538321,0.4727376402067169,0.07886470709476001,0.003191502140556549,0.0005590392832661693,0.0031507133364180495,43892,13754674,0.0031501,False,True,False,True,True
same_asset_target_free_conservative,10.0,1.0,combined,0.01,210,0.8189516785013716,0.3797036559475925,0.7507174783795032,0.43924802255377915,0.06823420012186843,0.0066235625304228865,0.0015333025022732513,0.006588445223172415,91093,13754674,0.0105001,True,True,True,True,True
same_asset_target_free_conservative,10.0,1.0,simMed_test.mat,1e-05,105,0.5658219650894367,0.05470088602613092,0.4459745610781645,0.5111210790633058,0.1198474040112722,0.0006695494120468901,8.434294105823042e-06,0.000619961585356831,4604,6877337,1.0600000000000002e-05,False,True,False,True,True
same_asset_target_free_conservative,10.0,1.0,simMed_test.mat,3e-05,105,0.582372602734481,0.0781139845070218,0.4657849457505103,0.5042586182274592,0.11658765698397067,0.0007323737201552028,1.5850725438369646e-05,0.0006833675312517056,5036,6877337,3.16e-05,False,True,False,True,True
same_asset_target_free_conservative,10.0,1.0,simMed_test.mat,0.0001,105,0.6117584070163372,0.10756648816697639,0.5058578438401101,0.5041919188493609,0.10590056317622709,0.0009102287094515099,3.722715648196352e-05,0.0008641310647307332,6259,6877337,0.00010510000000000001,False,True,False,True,True
same_asset_target_free_conservative,10.0,1.0,simMed_test.mat,0.0003,105,0.6590511543907068,0.15562154018553298,0.5625909891620389,0.5034296142051738,0.09646016522866796,0.0012137288467696304,8.594089017915495e-05,0.0011719939805895229,8346,6877337,0.00031509999999999996,False,True,False,True,True
same_asset_target_free_conservative,10.0,1.0,simMed_test.mat,0.001,105,0.7187517899228977,0.21193421477767457,0.6348799098149865,0.5068175751452231,0.08387188010791113,0.0019204885380638677,0.00024342275173026146,0.0018844251586887034,13206,6877337,0.0010501000000000002,False,True,False,True,True
same_asset_target_free_conservative,10.0,1.0,simMed_test.mat,0.003,105,0.7685700754250505,0.27226115710582666,0.6955290520465752,0.49630891831922386,0.07304102337847529,0.003281655902985435,0.0005301766263308646,0.003249664412204036,22566,6877337,0.0031501,False,True,False,True,True
same_asset_target_free_conservative,10.0,1.0,simMed_test.mat,0.01,105,0.8193163596384844,0.36070301889035294,0.7560615226764654,0.4586133407481314,0.06325483696201895,0.00681251358804661,0.0015271243818366577,0.006786339081300921,46846,6877337,0.0105001,True,True,True,True,True
same_asset_target_free_conservative,10.0,1.0,simWind_test.mat,1e-05,105,0.5576304431668379,0.07680541719094329,0.39500412794719236,0.48082502597589455,0.1626263152196455,0.0005290667679279614,1.1633519577767175e-05,0.0004393437621403459,3638,6877337,1.0600000000000002e-05,False,False,False,True,True
same_asset_target_free_conservative,10.0,1.0,simWind_test.mat,3e-05,105,0.5854864770985732,0.08532213978363944,0.44028590389300853,0.5001643373149337,0.14520057320556462,0.0006363912869434674,1.4832789406214485e-05,0.0005539395017457062,4376,6877337,3.16e-05,False,True,False,True,True
same_asset_target_free_conservative,10.0,1.0,simWind_test.mat,0.0001,105,0.6350041941243904,0.1356314737309295,0.5146669373547608,0.4993727203934608,0.12033725676962959,0.0008683457774751371,4.435237379505854e-05,0.000796073936883479,5971,6877337,0.00010510000000000001,False,True,False,True,True
same_asset_target_free_conservative,10.0,1.0,simWind_test.mat,0.0003,105,0.6692204869483309,0.1810977740054476,0.5595163466673178,0.48812271294288334,0.10970414028101316,0.0010963737250418717,9.044882416471023e-05,0.0010312276611371004,7539,6877337,0.00031509999999999996,False,True,False,True,True
same_asset_target_free_conservative,10.0,1.0,simWind_test.mat,0.001,105,0.7225925721118106,0.24698450192934282,0.6273049352666404,0.47560807018246776,0.09528763684517016,0.0017910717781608437,0.0002531639469931158,0.0017346508383130094,12316,6877337,0.0010501000000000002,False,True,False,True,True
same_asset_target_free_conservative,10.0,1.0,simWind_test.mat,0.003,105,0.7660825690721336,0.3169162069779237,0.6813941782610888,0.44916636209420985,0.08468839081104473,0.003101348378127662,0.0005879019402014741,0.0030517622606320636,21326,6877337,0.0031501,True,True,True,True,True
same_asset_target_free_conservative,10.0,1.0,simWind_test.mat,0.01,105,0.8185869973642589,0.3987042930048319,0.7453734340825409,0.419882704359427,0.07321356328171802,0.006434611472799163,0.0015394806227098448,0.006390551365043908,44247,6877337,0.0105001,True,True,True,True,True
same_asset_target_free_conservative,10.0,4.0,combined,1e-05,210,0.5613192910787189,0.0657531516085371,0.4204893445126785,0.4955661394701818,0.14082994656604042,0.0005989445635877891,1.0033906841795108e-05,0.0005296526737485884,8237,13754674,1.0600000000000002e-05,False,True,False,True,True
same_asset_target_free_conservative,10.0,4.0,combined,3e-05,210,0.5835226268671088,0.08171806214533062,0.45303542482175946,0.5018045647217781,0.1304872020453493,0.0006840189771496983,1.5341757422292066e-05,0.0006186535164987059,9407,13754674,3.16e-05,False,True,False,True,True
same_asset_target_free_conservative,10.0,4.0,combined,0.0001,210,0.6230715692507802,0.12159898094895295,0.5102623905974354,0.5014725883018273,0.11280917865334483,0.0008890691076385087,4.0789765138511033e-05,0.0008301025008071062,12227,13754674,0.00010510000000000001,False,True,False,True,True
same_asset_target_free_conservative,10.0,4.0,combined,0.0003,210,0.6638260893499355,0.1683596570954903,0.5610536679146784,0.4954664322544452,0.10277242143525711,0.0011548331500809363,8.81948571719326e-05,0.0011016108208633116,15882,13754674,0.00031509999999999996,False,True,False,True,True
same_asset_target_free_conservative,10.0,4.0,combined,0.001,210,0.7206721810173542,0.2294593583535087,0.6310924225408134,0.49121282266384547,0.08957975847654076,0.0018556347464397408,0.00024829334936168863,0.0018095379985008564,25520,13754674,0.0010501000000000002,False,True,False,True,True
same_asset_target_free_conservative,10.0,4.0,combined,0.003,210,0.7673263222485921,0.2945886820418752,0.6884616151538321,0.4727376402067169,0.07886470709476001,0.0031913567288839343,0.0005590392832661693,0.0031507133364180495,43890,13754674,0.0031501,False,True,False,True,True
same_asset_target_free_conservative,10.0,4.0,combined,0.01,210,0.8189516785013716,0.3797036559475925,0.7507174783795032,0.43924802255377915,0.06823420012186843,0.006623417118750271,0.0015333025022732513,0.006588445223172415,91091,13754674,0.0105001,True,True,True,True,True
same_asset_target_free_conservative,10.0,4.0,simMed_test.mat,1e-05,105,0.5655498562458993,0.05470088602613092,0.4459745610781645,0.5108489702197684,0.11957529516773474,0.0006691131848096347,8.434294105823042e-06,0.000619961585356831,4601,6877337,1.0600000000000002e-05,False,True,False,True,True
same_asset_target_free_conservative,10.0,4.0,simMed_test.mat,3e-05,105,0.5821004938909436,0.0781139845070218,0.4657849457505103,0.5039865093839219,0.11631554814043332,0.0007319374929179473,1.5850725438369646e-05,0.0006833675312517056,5033,6877337,3.16e-05,False,True,False,True,True
same_asset_target_free_conservative,10.0,4.0,simMed_test.mat,0.0001,105,0.6114862981727998,0.10756648816697639,0.5058578438401101,0.5039198100058233,0.10562845433268964,0.0009099378861062805,3.722715648196352e-05,0.0008641310647307332,6257,6877337,0.00010510000000000001,False,True,False,True,True
same_asset_target_free_conservative,10.0,4.0,simMed_test.mat,0.0003,105,0.6587790455471695,0.15562154018553298,0.5625909891620389,0.5031575053616365,0.09618805638513062,0.0012134380234244012,8.594089017915495e-05,0.0011719939805895229,8344,6877337,0.00031509999999999996,False,True,False,True,True
same_asset_target_free_conservative,10.0,4.0,simMed_test.mat,0.001,105,0.7187517899228977,0.21193421477767457,0.6348799098149865,0.5068175751452231,0.08387188010791113,0.0019201977147186382,0.00024342275173026146,0.0018844251586887034,13204,6877337,0.0010501000000000002,False,True,False,True,True
same_asset_target_free_conservative,10.0,4.0,simMed_test.mat,0.003,105,0.7685700754250505,0.27226115710582666,0.6955290520465752,0.49630891831922386,0.07304102337847529,0.0032813650796402064,0.0005301766263308646,0.003249664412204036,22564,6877337,0.0031501,False,True,False,True,True
same_asset_target_free_conservative,10.0,4.0,simMed_test.mat,0.01,105,0.8193163596384844,0.36070301889035294,0.7560615226764654,0.4586133407481314,0.06325483696201895,0.006812222764701379,0.0015271243818366577,0.006786339081300921,46844,6877337,0.0105001,True,True,True,True,True
same_asset_target_free_conservative,10.0,4.0,simWind_test.mat,1e-05,105,0.5570887259115386,0.07680541719094329,0.39500412794719236,0.48028330872059527,0.1620845979643462,0.0005287759423659434,1.1633519577767175e-05,0.0004393437621403459,3636,6877337,1.0600000000000002e-05,False,False,False,True,True
same_asset_target_free_conservative,10.0,4.0,simWind_test.mat,3e-05,105,0.5849447598432739,0.08532213978363944,0.44028590389300853,0.4996226200596344,0.14465885595026534,0.0006361004613814494,1.4832789406214485e-05,0.0005539395017457062,4374,6877337,3.16e-05,False,True,False,True,True
same_asset_target_free_conservative,10.0,4.0,simWind_test.mat,0.0001,105,0.6346568403287606,0.1356314737309295,0.5146669373547608,0.49902536659783103,0.1199899029739998,0.0008682003291707369,4.435237379505854e-05,0.000796073936883479,5970,6877337,0.00010510000000000001,False,True,False,True,True
same_asset_target_free_conservative,10.0,4.0,simWind_test.mat,0.0003,105,0.6688731331527014,0.1810977740054476,0.5595163466673178,0.4877753591472538,0.1093567864853836,0.0010962282767374716,9.044882416471023e-05,0.0010312276611371004,7538,6877337,0.00031509999999999996,False,True,False,True,True
same_asset_target_free_conservative,10.0,4.0,simWind_test.mat,0.001,105,0.7225925721118106,0.24698450192934282,0.6273049352666404,0.47560807018246776,0.09528763684517016,0.0017910717781608437,0.0002531639469931158,0.0017346508383130094,12316,6877337,0.0010501000000000002,False,True,False,True,True
same_asset_target_free_conservative,10.0,4.0,simWind_test.mat,0.003,105,0.7660825690721336,0.3169162069779237,0.6813941782610888,0.44916636209420985,0.08468839081104473,0.003101348378127662,0.0005879019402014741,0.0030517622606320636,21326,6877337,0.0031501,True,True,True,True,True
same_asset_target_free_conservative,10.0,4.0,simWind_test.mat,0.01,105,0.8185869973642589,0.3987042930048319,0.7453734340825409,0.419882704359427,0.07321356328171802,0.006434611472799163,0.0015394806227098448,0.006390551365043908,44247,6877337,0.0105001,True,True,True,True,True
same_asset_target_free_conservative,10.0,16.0,combined,1e-05,210,0.5576374103973175,0.0657531516085371,0.4204893445126785,0.4918842587887804,0.13714806588463901,0.0005963998022128337,1.0033906841795108e-05,0.0005296526737485884,8202,13754674,1.0600000000000002e-05,False,True,False,True,True
same_asset_target_free_conservative,10.0,16.0,combined,3e-05,210,0.5802574886237263,0.08171806214533062,0.45303542482175946,0.49853942647839566,0.12722206380196682,0.0006816196352166938,1.5341757422292066e-05,0.0006186535164987059,9374,13754674,3.16e-05,False,True,False,True,True
same_asset_target_free_conservative,10.0,16.0,combined,0.0001,210,0.6204369521120568,0.12159898094895295,0.5102623905974354,0.4988379711631039,0.11017456151462146,0.0008869606012605958,4.0789765138511033e-05,0.0008301025008071062,12198,13754674,0.00010510000000000001,False,True,False,True,True
same_asset_target_free_conservative,10.0,16.0,combined,0.0003,210,0.6616574220320006,0.1683596570954903,0.5610536679146784,0.49329776493651034,0.10060375411732225,0.0011529427606463923,8.81948571719326e-05,0.0011016108208633116,15856,13754674,0.00031509999999999996,False,True,False,True,True
same_asset_target_free_conservative,10.0,16.0,combined,0.001,210,0.7188943479992409,0.2294593583535087,0.6310924225408134,0.4894349896457322,0.08780192545842747,0.0018538170611712183,0.00024829334936168863,0.0018095379985008564,25495,13754674,0.0010501000000000002,False,True,False,True,True
same_asset_target_free_conservative,10.0,16.0,combined,0.003,210,0.765707219389209,0.2945886820418752,0.6884616151538321,0.47111853734733383,0.07724560423537696,0.0031898298969228415,0.0005590392832661693,0.0031507133364180495,43869,13754674,0.0031501,False,True,False,True,True
same_asset_target_free_conservative,10.0,16.0,combined,0.01,210,0.8176041805802601,0.3797036559475925,0.7507174783795032,0.4379005246326676,0.06688670220075688,0.006622035668487355,0.0015333025022732513,0.006588445223172415,91072,13754674,0.0105001,True,True,True,True,True
same_asset_target_free_conservative,10.0,16.0,simMed_test.mat,1e-05,105,0.5633976919327442,0.05470088602613092,0.4459745610781645,0.5086968059066134,0.11742313085457973,0.0006676591724785006,8.434294105823042e-06,0.000619961585356831,4591,6877337,1.0600000000000002e-05,False,True,False,True,True
same_asset_target_free_conservative,10.0,16.0,simMed_test.mat,3e-05,105,0.5803146299440889,0.0781139845070218,0.4657849457505103,0.5022006454370671,0.11452968419357856,0.0007304834805868133,1.5850725438369646e-05,0.0006833675312517056,5023,6877337,3.16e-05,False,True,False,True,True
same_asset_target_free_conservative,10.0,16.0,simMed_test.mat,0.0001,105,0.6097004342259451,0.10756648816697639,0.5058578438401101,0.5021339460589687,0.10384259038583499,0.0009086292576904514,3.722715648196352e-05,0.0008641310647307332,6248,6877337,0.00010510000000000001,False,True,False,True,True
same_asset_target_free_conservative,10.0,16.0,simMed_test.mat,0.0003,105,0.6569931816003147,0.15562154018553298,0.5625909891620389,0.5013716414147817,0.09440219243827586,0.0012122748122214623,8.594089017915495e-05,0.0011719939805895229,8336,6877337,0.00031509999999999996,False,True,False,True,True
same_asset_target_free_conservative,10.0,16.0,simMed_test.mat,0.001,105,0.7169659259760431,0.21193421477767457,0.6348799098149865,0.5050317111983685,0.0820860161610566,0.0019191799118477423,0.00024342275173026146,0.0018844251586887034,13197,6877337,0.0010501000000000002,False,True,False,True,True
same_asset_target_free_conservative,10.0,16.0,simMed_test.mat,0.003,105,0.7671016717956561,0.27226115710582666,0.6955290520465752,0.4948405146898295,0.07157261974908091,0.00328034727676931,0.0005301766263308646,0.003249664412204036,22557,6877337,0.0031501,False,True,False,True,True
same_asset_target_free_conservative,10.0,16.0,simMed_test.mat,0.01,105,0.8180384321995662,0.36070301889035294,0.7560615226764654,0.45733541330921323,0.061976909523100754,0.006811495725226837,0.0015271243818366577,0.006786339081300921,46839,6877337,0.0105001,True,True,True,True,True
same_asset_target_free_conservative,10.0,16.0,simWind_test.mat,1e-05,105,0.5518771288618908,0.07680541719094329,0.39500412794719236,0.47507171167094747,0.1568730009146984,0.0005251404319471668,1.1633519577767175e-05,0.0004393437621403459,3611,6877337,1.0600000000000002e-05,False,False,False,True,True
same_asset_target_free_conservative,10.0,16.0,simWind_test.mat,3e-05,105,0.5802003473033637,0.08532213978363944,0.44028590389300853,0.4948782075197242,0.13991444341035514,0.0006327557898465744,1.4832789406214485e-05,0.0005539395017457062,4351,6877337,3.16e-05,False,True,False,True,True
same_asset_target_free_conservative,10.0,16.0,simWind_test.mat,0.0001,105,0.6311734699981686,0.1356314737309295,0.5146669373547608,0.49554199626723905,0.11650653264340782,0.0008652919448307401,4.435237379505854e-05,0.000796073936883479,5950,6877337,0.00010510000000000001,False,True,False,True,True
same_asset_target_free_conservative,10.0,16.0,simWind_test.mat,0.0003,105,0.6663216624636863,0.1810977740054476,0.5595163466673178,0.4852238884582387,0.10680531579636854,0.0010936107090713223,9.044882416471023e-05,0.0010312276611371004,7520,6877337,0.00031509999999999996,False,True,False,True,True
same_asset_target_free_conservative,10.0,16.0,simWind_test.mat,0.001,105,0.7208227700224389,0.24698450192934282,0.6273049352666404,0.47383826809309604,0.09351783475579845,0.0017884542104946947,0.0002531639469931158,0.0017346508383130094,12298,6877337,0.0010501000000000002,False,True,False,True,True
same_asset_target_free_conservative,10.0,16.0,simWind_test.mat,0.003,105,0.7643127669827618,0.3169162069779237,0.6813941782610888,0.44739656000483813,0.08291858872167301,0.003099312517076373,0.0005879019402014741,0.0030517622606320636,21312,6877337,0.0031501,True,True,True,True,True
same_asset_target_free_conservative,10.0,16.0,simWind_test.mat,0.01,105,0.817169928960954,0.3987042930048319,0.7453734340825409,0.4184656359561221,0.07179649487841311,0.006432575611747873,0.0015394806227098448,0.006390551365043908,44233,6877337,0.0105001,True,True,True,True,True
same_asset_target_free_conservative,10.0,64.0,combined,1e-05,210,0.5496773028531325,0.0657531516085371,0.4204893445126785,0.4839241512445954,0.12918795834045405,0.000586366203945596,1.0033906841795108e-05,0.0005296526737485884,8064,13754674,1.0600000000000002e-05,False,True,False,True,True
same_asset_target_free_conservative,10.0,64.0,combined,3e-05,210,0.573598428710357,0.08171806214533062,0.45303542482175946,0.49188036656502643,0.12056300388859759,0.0006722404621734985,1.5341757422292066e-05,0.0006186535164987059,9245,13754674,3.16e-05,False,True,False,True,True
same_asset_target_free_conservative,10.0,64.0,combined,0.0001,210,0.6148142530083403,0.12159898094895295,0.5102623905974354,0.4932152720593873,0.10455186241090486,0.0008784540158911712,4.0789765138511033e-05,0.0008301025008071062,12081,13754674,0.00010510000000000001,False,True,False,True,True
same_asset_target_free_conservative,10.0,64.0,combined,0.0003,210,0.6565506858929474,0.1683596570954903,0.5610536679146784,0.4881910287974571,0.09549701797826904,0.0011454542112647327,8.81948571719326e-05,0.0011016108208633116,15753,13754674,0.00031509999999999996,False,True,False,True,True
same_asset_target_free_conservative,10.0,64.0,combined,0.001,210,0.7142893835548324,0.2294593583535087,0.6310924225408134,0.4848300252013237,0.08319696101401897,0.0018472737558930807,0.00024829334936168863,0.0018095379985008564,25405,13754674,0.0010501000000000002,False,True,False,True,True
same_asset_target_free_conservative,10.0,64.0,combined,0.003,210,0.7617185292416593,0.2945886820418752,0.6884616151538321,0.46712984719978407,0.0732569140878272,0.003184304534363024,0.0005590392832661693,0.0031507133364180495,43793,13754674,0.0031501,False,True,False,True,True
same_asset_target_free_conservative,10.0,64.0,combined,0.01,210,0.8139309157481357,0.3797036559475925,0.7507174783795032,0.4342272598005432,0.0632134373686325,0.006616873868960487,0.0015333025022732513,0.006588445223172415,91001,13754674,0.0105001,True,True,True,True,True
same_asset_target_free_conservative,10.0,64.0,simMed_test.mat,1e-05,105,0.5560730802855769,0.05470088602613092,0.4459745610781645,0.501372194259446,0.11009851920741237,0.0006621331072282781,8.434294105823042e-06,0.000619961585356831,4553,6877337,1.0600000000000002e-05,False,True,False,True,True
same_asset_target_free_conservative,10.0,64.0,simMed_test.mat,3e-05,105,0.5731514387973251,0.0781139845070218,0.4657849457505103,0.4950374542903033,0.10736649304681478,0.0007249574153365907,1.5850725438369646e-05,0.0006833675312517056,4985,6877337,3.16e-05,False,True,False,True,True
same_asset_target_free_conservative,10.0,64.0,simMed_test.mat,0.0001,105,0.6036415438853454,0.10756648816697639,0.5058578438401101,0.496075055718369,0.09778370004523529,0.0009033941090422286,3.722715648196352e-05,0.0008641310647307332,6212,6877337,0.00010510000000000001,False,True,False,True,True
same_asset_target_free_conservative,10.0,64.0,simMed_test.mat,0.0003,105,0.6511557752021293,0.15562154018553298,0.5625909891620389,0.4955342350165963,0.08856478604009044,0.0012079123045479947,8.594089017915495e-05,0.0011719939805895229,8306,6877337,0.00031509999999999996,False,True,False,True,True
same_asset_target_free_conservative,10.0,64.0,simMed_test.mat,0.001,105,0.711663422804685,0.21193421477767457,0.6348799098149865,0.4997292080270104,0.07678351298969843,0.0019151082408242332,0.00024342275173026146,0.0018844251586887034,13169,6877337,0.0010501000000000002,False,True,False,True,True
same_asset_target_free_conservative,10.0,64.0,simMed_test.mat,0.003,105,0.7626789835319486,0.27226115710582666,0.6955290520465752,0.49041782642612197,0.0671499314853734,0.0032770027406765446,0.0005301766263308646,0.003249664412204036,22534,6877337,0.0031501,False,True,False,True,True
same_asset_target_free_conservative,10.0,64.0,simMed_test.mat,0.01,105,0.8136157439358587,0.36070301889035294,0.7560615226764654,0.4529127250455057,0.057554221259393246,0.006808587494090172,0.0015271243818366577,0.006786339081300921,46819,6877337,0.0105001,True,True,True,True,True
same_asset_target_free_conservative,10.0,64.0,simWind_test.mat,1e-05,105,0.5432815254206882,0.07680541719094329,0.39500412794719236,0.4664761082297449,0.14827739747349583,0.0005105993006629139,1.1633519577767175e-05,0.0004393437621403459,3511,6877337,1.0600000000000002e-05,False,False,False,True,True
same_asset_target_free_conservative,10.0,64.0,simWind_test.mat,3e-05,105,0.574045418623389,0.08532213978363944,0.44028590389300853,0.48872327883974953,0.13375951473038045,0.0006195235090104066,1.4832789406214485e-05,0.0005539395017457062,4260,6877337,3.16e-05,False,True,False,True,True
same_asset_target_free_conservative,10.0,64.0,simWind_test.mat,0.0001,105,0.6259869621313351,0.1356314737309295,0.5146669373547608,0.49035548840040555,0.11132002477657432,0.0008535139227401138,4.435237379505854e-05,0.000796073936883479,5869,6877337,0.00010510000000000001,False,True,False,True,True
same_asset_target_free_conservative,10.0,64.0,simWind_test.mat,0.0003,105,0.6619455965837654,0.1810977740054476,0.5595163466673178,0.4808478225783178,0.10242924991644764,0.0010829961179814709,9.044882416471023e-05,0.0010312276611371004,7447,6877337,0.00031509999999999996,False,True,False,True,True
same_asset_target_free_conservative,10.0,64.0,simWind_test.mat,0.001,105,0.7169153443049799,0.24698450192934282,0.6273049352666404,0.4699308423756371,0.0896104090383395,0.0017794392709619287,0.0002531639469931158,0.0017346508383130094,12236,6877337,0.0010501000000000002,False,True,False,True,True
same_asset_target_free_conservative,10.0,64.0,simWind_test.mat,0.003,105,0.7607580749513699,0.3169162069779237,0.6813941782610888,0.4438418679734462,0.0793638966902811,0.003091606328049503,0.0005879019402014741,0.0030517622606320636,21259,6877337,0.0031501,True,True,True,True,True
same_asset_target_free_conservative,10.0,64.0,simWind_test.mat,0.01,105,0.8142460875604127,0.3987042930048319,0.7453734340825409,0.4155417945555808,0.06887265347787186,0.0064251602438308,0.0015394806227098448,0.006390551365043908,44182,6877337,0.0105001,True,True,True,True,True
same_asset_target_free_conservative,10.0,256.0,combined,1e-05,210,0.5206814669996523,0.0657531516085371,0.4204893445126785,0.4549283153911152,0.10019212248697384,0.0005640445431335038,1.0033906841795108e-05,0.0005296526737485884,7757,13754674,1.0600000000000002e-05,False,True,False,True,True
same_asset_target_free_conservative,10.0,256.0,combined,3e-05,210,0.5466016263175663,0.08171806214533062,0.45303542482175946,0.46488356417223564,0.0935662014958068,0.0006510094093903582,1.5341757422292066e-05,0.0006186535164987059,8953,13754674,3.16e-05,False,True,False,True,True
same_asset_target_free_conservative,10.0,256.0,combined,0.0001,210,0.591645746078917,0.12159898094895295,0.5102623905974354,0.470046765129964,0.08138335548148157,0.0008598407583447742,4.0789765138511033e-05,0.0008301025008071062,11825,13754674,0.00010510000000000001,False,True,False,True,True
same_asset_target_free_conservative,10.0,256.0,combined,0.0003,210,0.6360997053787161,0.1683596570954903,0.5610536679146784,0.4677400482832258,0.07504603746403771,0.0011288041671882148,8.81948571719326e-05,0.0011016108208633116,15524,13754674,0.00031509999999999996,False,True,False,True,True
same_asset_target_free_conservative,10.0,256.0,combined,0.001,210,0.6960321096310321,0.2294593583535087,0.6310924225408134,0.4665727512775234,0.06493968709021869,0.0018332412616736936,0.00024829334936168863,0.0018095379985008564,25212,13754674,0.0010501000000000002,False,True,False,True,True
same_asset_target_free_conservative,10.0,256.0,combined,0.003,210,0.7460693440911982,0.2945886820418752,0.6884616151538321,0.45148066204932297,0.0576077289373661,0.003171726172367749,0.0005590392832661693,0.0031507133364180495,43620,13754674,0.0031501,False,True,False,True,True
same_asset_target_free_conservative,10.0,256.0,combined,0.01,210,0.800454956415206,0.3797036559475925,0.7507174783795032,0.42075130046761355,0.04973747803570283,0.006606476831859979,0.0015333025022732513,0.006588445223172415,90858,13754674,0.0105001,True,True,True,True,True
same_asset_target_free_conservative,10.0,256.0,simMed_test.mat,1e-05,105,0.5328250974462493,0.05470088602613092,0.4459745610781645,0.47812421142011835,0.08685053636808476,0.0006474459192688093,8.434294105823042e-06,0.000619961585356831,4452,6877337,1.0600000000000002e-05,False,True,False,True,True
same_asset_target_free_conservative,10.0,256.0,simMed_test.mat,3e-05,105,0.5507087881919012,0.0781139845070218,0.4657849457505103,0.4725948036848794,0.08492384244139084,0.0007104156312691479,1.5850725438369646e-05,0.0006833675312517056,4885,6877337,3.16e-05,False,True,False,True,True
same_asset_target_free_conservative,10.0,256.0,simMed_test.mat,0.0001,105,0.5825420597725897,0.10756648816697639,0.5058578438401101,0.47497557160561327,0.07668421593247954,0.0008895795065366577,3.722715648196352e-05,0.0008641310647307332,6117,6877337,0.00010510000000000001,False,True,False,True,True
same_asset_target_free_conservative,10.0,256.0,simMed_test.mat,0.0003,105,0.6324448103889412,0.15562154018553298,0.5625909891620389,0.4768232702034082,0.06985382122690231,0.0011949702364299213,8.594089017915495e-05,0.0011719939805895229,8217,6877337,0.00031509999999999996,False,True,False,True,True
same_asset_target_free_conservative,10.0,256.0,simMed_test.mat,0.001,105,0.6952369371247631,0.21193421477767457,0.6348799098149865,0.4833027223470885,0.060357027309776545,0.001904347553055814,0.00024342275173026146,0.0018844251586887034,13095,6877337,0.0010501000000000002,False,True,False,True,True
same_asset_target_free_conservative,10.0,256.0,simMed_test.mat,0.003,105,0.7487455083467183,0.27226115710582666,0.6955290520465752,0.4764843512408916,0.053216456300143045,0.0032675507834590664,0.0005301766263308646,0.003249664412204036,22469,6877337,0.0031501,False,True,False,True,True
same_asset_target_free_conservative,10.0,256.0,simMed_test.mat,0.01,105,0.8016907528628012,0.36070301889035294,0.7560615226764654,0.4409877339724483,0.0456292301863358,0.006800735299456987,0.0015271243818366577,0.006786339081300921,46765,6877337,0.0105001,True,True,True,True,True
same_asset_target_free_conservative,10.0,256.0,simWind_test.mat,1e-05,105,0.5085378365530553,0.07680541719094329,0.39500412794719236,0.431732419362112,0.11353370860586293,0.0004806431669981982,1.1633519577767175e-05,0.0004393437621403459,3305,6877337,1.0600000000000002e-05,False,False,False,True,True
same_asset_target_free_conservative,10.0,256.0,simWind_test.mat,3e-05,105,0.5424944644432312,0.08532213978363944,0.44028590389300853,0.4571723246595918,0.1022085605502227,0.0005916031875115687,1.4832789406214485e-05,0.0005539395017457062,4068,6877337,3.16e-05,False,True,False,True,True
same_asset_target_free_conservative,10.0,256.0,simWind_test.mat,0.0001,105,0.600749432385244,0.1356314737309295,0.5146669373547608,0.4651179586543145,0.08608249503048326,0.0008301020101528906,4.435237379505854e-05,0.000796073936883479,5708,6877337,0.00010510000000000001,False,True,False,True,True
same_asset_target_free_conservative,10.0,256.0,simWind_test.mat,0.0003,105,0.6397546003684909,0.1810977740054476,0.5595163466673178,0.4586568263630433,0.0802382537011731,0.0010626380979465082,9.044882416471023e-05,0.0010312276611371004,7307,6877337,0.00031509999999999996,False,True,False,True,True
same_asset_target_free_conservative,10.0,256.0,simWind_test.mat,0.001,105,0.6968272821373013,0.24698450192934282,0.6273049352666404,0.4498427802079584,0.06952234687066083,0.0017621349702915728,0.0002531639469931158,0.0017346508383130094,12117,6877337,0.0010501000000000002,False,True,False,True,True
same_asset_target_free_conservative,10.0,256.0,simWind_test.mat,0.003,105,0.7433931798356782,0.3169162069779237,0.6813941782610888,0.4264769728577545,0.061999001574589374,0.003075901561276432,0.0005879019402014741,0.0030517622606320636,21151,6877337,0.0031501,True,True,True,True,True
same_asset_target_free_conservative,10.0,256.0,simWind_test.mat,0.01,105,0.7992191599676107,0.3987042930048319,0.7453734340825409,0.4005148669627788,0.05384572588506986,0.006412218364262973,0.0015394806227098448,0.006390551365043908,44093,6877337,0.0105001,True,True,True,True,True
same_asset_target_free_conservative,100.0,0.0,combined,1e-05,210,0.5589046595993902,0.06329340133139344,0.41671392376906374,0.49561125826799673,0.14219073583032643,0.0005893463810321673,9.452212440864415e-06,0.000519254736461002,8105,13754674,1.0600000000000002e-05,False,True,False,True,True
same_asset_target_free_conservative,100.0,0.0,combined,3e-05,210,0.5589046595993902,0.06329340133139344,0.41671392376906374,0.49561125826799673,0.14219073583032643,0.0005893463810321673,9.452212440864415e-06,0.000519254736461002,8105,13754674,3.16e-05,False,True,False,True,True
same_asset_target_free_conservative,100.0,0.0,combined,0.0001,210,0.5618297237968743,0.0657531516085371,0.4204893445126785,0.49607657218833723,0.14134037928419585,0.0005993080899874257,1.0033906841795108e-05,0.0005296526737485884,8242,13754674,0.00010510000000000001,False,True,False,True,True
same_asset_target_free_conservative,100.0,0.0,combined,0.0003,210,0.5840330595852641,0.08171806214533062,0.45303542482175946,0.5023149974399335,0.13099763476350462,0.0006843825035493351,1.5341757422292066e-05,0.0006186535164987059,9412,13754674,0.00031509999999999996,False,True,False,True,True
same_asset_target_free_conservative,100.0,0.0,combined,0.001,210,0.6234848202391009,0.12159898094895295,0.5102623905974354,0.501885839290148,0.11322242964166551,0.0008892872434633234,4.0789765138511033e-05,0.0008301025008071062,12230,13754674,0.0010501000000000002,True,True,True,True,True
same_asset_target_free_conservative,100.0,0.0,combined,0.003,210,0.664239340338256,0.1683596570954903,0.5610536679146784,0.49587968324276577,0.10318567242357768,0.0011550512859057512,8.81948571719326e-05,0.0011016108208633116,15885,13754674,0.0031501,True,True,True,True,True
same_asset_target_free_conservative,100.0,0.0,combined,0.01,210,0.7206721810173542,0.2294593583535087,0.6310924225408134,0.49121282266384547,0.08957975847654076,0.0018557801581123557,0.00024829334936168863,0.0018095379985008564,25522,13754674,0.0105001,True,True,True,True,True
same_asset_target_free_conservative,100.0,0.0,simMed_test.mat,1e-05,105,0.5614758805091413,0.05445668578193068,0.4399277634056081,0.5070191947272107,0.12154811710353325,0.0006526801043145581,8.434294105823042e-06,0.000602656074826218,4488,6877337,1.0600000000000002e-05,False,True,False,True,True
same_asset_target_free_conservative,100.0,0.0,simMed_test.mat,3e-05,105,0.5614758805091413,0.05445668578193068,0.4399277634056081,0.5070191947272107,0.12154811710353325,0.0006526801043145581,8.434294105823042e-06,0.000602656074826218,4488,6877337,3.16e-05,False,True,False,True,True
same_asset_target_free_conservative,100.0,0.0,simMed_test.mat,0.0001,105,0.5658219650894367,0.05470088602613092,0.4459745610781645,0.5111210790633058,0.1198474040112722,0.0006695494120468901,8.434294105823042e-06,0.000619961585356831,4604,6877337,0.00010510000000000001,False,True,False,True,True
same_asset_target_free_conservative,100.0,0.0,simMed_test.mat,0.0003,105,0.582372602734481,0.0781139845070218,0.4657849457505103,0.5042586182274592,0.11658765698397067,0.0007323737201552028,1.5850725438369646e-05,0.0006833675312517056,5036,6877337,0.00031509999999999996,False,True,False,True,True
same_asset_target_free_conservative,100.0,0.0,simMed_test.mat,0.001,105,0.6117584070163372,0.10756648816697639,0.5058578438401101,0.5041919188493609,0.10590056317622709,0.0009102287094515099,3.722715648196352e-05,0.0008641310647307332,6259,6877337,0.0010501000000000002,True,True,True,True,True
same_asset_target_free_conservative,100.0,0.0,simMed_test.mat,0.003,105,0.6590511543907068,0.15562154018553298,0.5625909891620389,0.5034296142051738,0.09646016522866796,0.0012137288467696304,8.594089017915495e-05,0.0011719939805895229,8346,6877337,0.0031501,True,True,True,True,True
same_asset_target_free_conservative,100.0,0.0,simMed_test.mat,0.01,105,0.7187517899228977,0.21193421477767457,0.6348799098149865,0.5068175751452231,0.08387188010791113,0.0019204885380638677,0.00024342275173026146,0.0018844251586887034,13206,6877337,0.0105001,True,True,True,True,True
same_asset_target_free_conservative,100.0,0.0,simWind_test.mat,1e-05,105,0.5563334386896389,0.0721301168808562,0.3935000841325194,0.4842033218087827,0.1628333545571195,0.0005260126577497765,1.0470130775905792e-05,0.00043585339809578603,3617,6877337,1.0600000000000002e-05,False,True,False,True,True
same_asset_target_free_conservative,100.0,0.0,simWind_test.mat,3e-05,105,0.5563334386896389,0.0721301168808562,0.3935000841325194,0.4842033218087827,0.1628333545571195,0.0005260126577497765,1.0470130775905792e-05,0.00043585339809578603,3617,6877337,3.16e-05,False,True,False,True,True
same_asset_target_free_conservative,100.0,0.0,simWind_test.mat,0.0001,105,0.5578374825043119,0.07680541719094329,0.39500412794719236,0.48103206531336856,0.1628333545571195,0.0005290667679279614,1.1633519577767175e-05,0.0004393437621403459,3638,6877337,0.00010510000000000001,False,True,False,True,True
same_asset_target_free_conservative,100.0,0.0,simWind_test.mat,0.0003,105,0.5856935164360473,0.08532213978363944,0.44028590389300853,0.5003713766524078,0.14540761254303874,0.0006363912869434674,1.4832789406214485e-05,0.0005539395017457062,4376,6877337,0.00031509999999999996,False,True,False,True,True
same_asset_target_free_conservative,100.0,0.0,simWind_test.mat,0.001,105,0.6352112334618645,0.1356314737309295,0.5146669373547608,0.49957975973093494,0.12054429610710371,0.0008683457774751371,4.435237379505854e-05,0.000796073936883479,5971,6877337,0.0010501000000000002,True,True,True,True,True
same_asset_target_free_conservative,100.0,0.0,simWind_test.mat,0.003,105,0.6694275262858052,0.1810977740054476,0.5595163466673178,0.4883297522803576,0.1099111796184874,0.0010963737250418717,9.044882416471023e-05,0.0010312276611371004,7539,6877337,0.0031501,True,True,True,True,True
same_asset_target_free_conservative,100.0,0.0,simWind_test.mat,0.01,105,0.7225925721118106,0.24698450192934282,0.6273049352666404,0.47560807018246776,0.09528763684517016,0.0017910717781608437,0.0002531639469931158,0.0017346508383130094,12316,6877337,0.0105001,True,True,True,True,True
same_asset_target_free_conservative,100.0,0.25,combined,1e-05,210,0.5589046595993902,0.06329340133139344,0.41671392376906374,0.49561125826799673,0.14219073583032643,0.0005893463810321673,9.452212440864415e-06,0.000519254736461002,8105,13754674,1.0600000000000002e-05,False,True,False,True,True
same_asset_target_free_conservative,100.0,0.25,combined,3e-05,210,0.5589046595993902,0.06329340133139344,0.41671392376906374,0.49561125826799673,0.14219073583032643,0.0005893463810321673,9.452212440864415e-06,0.000519254736461002,8105,13754674,3.16e-05,False,True,False,True,True
same_asset_target_free_conservative,100.0,0.25,combined,0.0001,210,0.5618297237968743,0.0657531516085371,0.4204893445126785,0.49607657218833723,0.14134037928419585,0.0005993080899874257,1.0033906841795108e-05,0.0005296526737485884,8242,13754674,0.00010510000000000001,False,True,False,True,True
same_asset_target_free_conservative,100.0,0.25,combined,0.0003,210,0.5840330595852641,0.08171806214533062,0.45303542482175946,0.5023149974399335,0.13099763476350462,0.0006843825035493351,1.5341757422292066e-05,0.0006186535164987059,9412,13754674,0.00031509999999999996,False,True,False,True,True
same_asset_target_free_conservative,100.0,0.25,combined,0.001,210,0.6234848202391009,0.12159898094895295,0.5102623905974354,0.501885839290148,0.11322242964166551,0.0008892872434633234,4.0789765138511033e-05,0.0008301025008071062,12230,13754674,0.0010501000000000002,True,True,True,True,True
same_asset_target_free_conservative,100.0,0.25,combined,0.003,210,0.664239340338256,0.1683596570954903,0.5610536679146784,0.49587968324276577,0.10318567242357768,0.0011550512859057512,8.81948571719326e-05,0.0011016108208633116,15885,13754674,0.0031501,True,True,True,True,True
same_asset_target_free_conservative,100.0,0.25,combined,0.01,210,0.7206721810173542,0.2294593583535087,0.6310924225408134,0.49121282266384547,0.08957975847654076,0.0018557801581123557,0.00024829334936168863,0.0018095379985008564,25522,13754674,0.0105001,True,True,True,True,True
same_asset_target_free_conservative,100.0,0.25,simMed_test.mat,1e-05,105,0.5614758805091413,0.05445668578193068,0.4399277634056081,0.5070191947272107,0.12154811710353325,0.0006526801043145581,8.434294105823042e-06,0.000602656074826218,4488,6877337,1.0600000000000002e-05,False,True,False,True,True
same_asset_target_free_conservative,100.0,0.25,simMed_test.mat,3e-05,105,0.5614758805091413,0.05445668578193068,0.4399277634056081,0.5070191947272107,0.12154811710353325,0.0006526801043145581,8.434294105823042e-06,0.000602656074826218,4488,6877337,3.16e-05,False,True,False,True,True
same_asset_target_free_conservative,100.0,0.25,simMed_test.mat,0.0001,105,0.5658219650894367,0.05470088602613092,0.4459745610781645,0.5111210790633058,0.1198474040112722,0.0006695494120468901,8.434294105823042e-06,0.000619961585356831,4604,6877337,0.00010510000000000001,False,True,False,True,True
same_asset_target_free_conservative,100.0,0.25,simMed_test.mat,0.0003,105,0.582372602734481,0.0781139845070218,0.4657849457505103,0.5042586182274592,0.11658765698397067,0.0007323737201552028,1.5850725438369646e-05,0.0006833675312517056,5036,6877337,0.00031509999999999996,False,True,False,True,True
same_asset_target_free_conservative,100.0,0.25,simMed_test.mat,0.001,105,0.6117584070163372,0.10756648816697639,0.5058578438401101,0.5041919188493609,0.10590056317622709,0.0009102287094515099,3.722715648196352e-05,0.0008641310647307332,6259,6877337,0.0010501000000000002,True,True,True,True,True
same_asset_target_free_conservative,100.0,0.25,simMed_test.mat,0.003,105,0.6590511543907068,0.15562154018553298,0.5625909891620389,0.5034296142051738,0.09646016522866796,0.0012137288467696304,8.594089017915495e-05,0.0011719939805895229,8346,6877337,0.0031501,True,True,True,True,True
same_asset_target_free_conservative,100.0,0.25,simMed_test.mat,0.01,105,0.7187517899228977,0.21193421477767457,0.6348799098149865,0.5068175751452231,0.08387188010791113,0.0019204885380638677,0.00024342275173026146,0.0018844251586887034,13206,6877337,0.0105001,True,True,True,True,True
same_asset_target_free_conservative,100.0,0.25,simWind_test.mat,1e-05,105,0.5563334386896389,0.0721301168808562,0.3935000841325194,0.4842033218087827,0.1628333545571195,0.0005260126577497765,1.0470130775905792e-05,0.00043585339809578603,3617,6877337,1.0600000000000002e-05,False,True,False,True,True
same_asset_target_free_conservative,100.0,0.25,simWind_test.mat,3e-05,105,0.5563334386896389,0.0721301168808562,0.3935000841325194,0.4842033218087827,0.1628333545571195,0.0005260126577497765,1.0470130775905792e-05,0.00043585339809578603,3617,6877337,3.16e-05,False,True,False,True,True
same_asset_target_free_conservative,100.0,0.25,simWind_test.mat,0.0001,105,0.5578374825043119,0.07680541719094329,0.39500412794719236,0.48103206531336856,0.1628333545571195,0.0005290667679279614,1.1633519577767175e-05,0.0004393437621403459,3638,6877337,0.00010510000000000001,False,True,False,True,True
same_asset_target_free_conservative,100.0,0.25,simWind_test.mat,0.0003,105,0.5856935164360473,0.08532213978363944,0.44028590389300853,0.5003713766524078,0.14540761254303874,0.0006363912869434674,1.4832789406214485e-05,0.0005539395017457062,4376,6877337,0.00031509999999999996,False,True,False,True,True
same_asset_target_free_conservative,100.0,0.25,simWind_test.mat,0.001,105,0.6352112334618645,0.1356314737309295,0.5146669373547608,0.49957975973093494,0.12054429610710371,0.0008683457774751371,4.435237379505854e-05,0.000796073936883479,5971,6877337,0.0010501000000000002,True,True,True,True,True
same_asset_target_free_conservative,100.0,0.25,simWind_test.mat,0.003,105,0.6694275262858052,0.1810977740054476,0.5595163466673178,0.4883297522803576,0.1099111796184874,0.0010963737250418717,9.044882416471023e-05,0.0010312276611371004,7539,6877337,0.0031501,True,True,True,True,True
same_asset_target_free_conservative,100.0,0.25,simWind_test.mat,0.01,105,0.7225925721118106,0.24698450192934282,0.6273049352666404,0.47560807018246776,0.09528763684517016,0.0017910717781608437,0.0002531639469931158,0.0017346508383130094,12316,6877337,0.0105001,True,True,True,True,True
same_asset_target_free_conservative,100.0,1.0,combined,1e-05,210,0.5588011399306532,0.06329340133139344,0.41671392376906374,0.49550773859925973,0.14208721616158942,0.0005893463810321673,9.452212440864415e-06,0.000519254736461002,8105,13754674,1.0600000000000002e-05,False,True,False,True,True
same_asset_target_free_conservative,100.0,1.0,combined,3e-05,210,0.5588011399306532,0.06329340133139344,0.41671392376906374,0.49550773859925973,0.14208721616158942,0.0005893463810321673,9.452212440864415e-06,0.000519254736461002,8105,13754674,3.16e-05,False,True,False,True,True
same_asset_target_free_conservative,100.0,1.0,combined,0.0001,210,0.5617262041281372,0.0657531516085371,0.4204893445126785,0.4959730525196001,0.14123685961545873,0.0005993080899874257,1.0033906841795108e-05,0.0005296526737485884,8242,13754674,0.00010510000000000001,False,True,False,True,True
same_asset_target_free_conservative,100.0,1.0,combined,0.0003,210,0.5839295399165271,0.08171806214533062,0.45303542482175946,0.5022114777711965,0.13089411509476762,0.0006843825035493351,1.5341757422292066e-05,0.0006186535164987059,9412,13754674,0.00031509999999999996,False,True,False,True,True
same_asset_target_free_conservative,100.0,1.0,combined,0.001,210,0.6233813005703638,0.12159898094895295,0.5102623905974354,0.5017823196214108,0.1131189099729284,0.0008892872434633234,4.0789765138511033e-05,0.0008301025008071062,12230,13754674,0.0010501000000000002,True,True,True,True,True
same_asset_target_free_conservative,100.0,1.0,combined,0.003,210,0.6641358206695189,0.1683596570954903,0.5610536679146784,0.49577616357402865,0.10308215275484056,0.0011550512859057512,8.81948571719326e-05,0.0011016108208633116,15885,13754674,0.0031501,True,True,True,True,True
same_asset_target_free_conservative,100.0,1.0,combined,0.01,210,0.7206721810173542,0.2294593583535087,0.6310924225408134,0.49121282266384547,0.08957975847654076,0.0018557801581123557,0.00024829334936168863,0.0018095379985008564,25522,13754674,0.0105001,True,True,True,True,True
same_asset_target_free_conservative,100.0,1.0,simMed_test.mat,1e-05,105,0.5614758805091413,0.05445668578193068,0.4399277634056081,0.5070191947272107,0.12154811710353325,0.0006526801043145581,8.434294105823042e-06,0.000602656074826218,4488,6877337,1.0600000000000002e-05,False,True,False,True,True
same_asset_target_free_conservative,100.0,1.0,simMed_test.mat,3e-05,105,0.5614758805091413,0.05445668578193068,0.4399277634056081,0.5070191947272107,0.12154811710353325,0.0006526801043145581,8.434294105823042e-06,0.000602656074826218,4488,6877337,3.16e-05,False,True,False,True,True
same_asset_target_free_conservative,100.0,1.0,simMed_test.mat,0.0001,105,0.5658219650894367,0.05470088602613092,0.4459745610781645,0.5111210790633058,0.1198474040112722,0.0006695494120468901,8.434294105823042e-06,0.000619961585356831,4604,6877337,0.00010510000000000001,False,True,False,True,True
same_asset_target_free_conservative,100.0,1.0,simMed_test.mat,0.0003,105,0.582372602734481,0.0781139845070218,0.4657849457505103,0.5042586182274592,0.11658765698397067,0.0007323737201552028,1.5850725438369646e-05,0.0006833675312517056,5036,6877337,0.00031509999999999996,False,True,False,True,True
same_asset_target_free_conservative,100.0,1.0,simMed_test.mat,0.001,105,0.6117584070163372,0.10756648816697639,0.5058578438401101,0.5041919188493609,0.10590056317622709,0.0009102287094515099,3.722715648196352e-05,0.0008641310647307332,6259,6877337,0.0010501000000000002,True,True,True,True,True
same_asset_target_free_conservative,100.0,1.0,simMed_test.mat,0.003,105,0.6590511543907068,0.15562154018553298,0.5625909891620389,0.5034296142051738,0.09646016522866796,0.0012137288467696304,8.594089017915495e-05,0.0011719939805895229,8346,6877337,0.0031501,True,True,True,True,True
same_asset_target_free_conservative,100.0,1.0,simMed_test.mat,0.01,105,0.7187517899228977,0.21193421477767457,0.6348799098149865,0.5068175751452231,0.08387188010791113,0.0019204885380638677,0.00024342275173026146,0.0018844251586887034,13206,6877337,0.0105001,True,True,True,True,True
same_asset_target_free_conservative,100.0,1.0,simWind_test.mat,1e-05,105,0.5561263993521649,0.0721301168808562,0.3935000841325194,0.4839962824713087,0.1626263152196455,0.0005260126577497765,1.0470130775905792e-05,0.00043585339809578603,3617,6877337,1.0600000000000002e-05,False,True,False,True,True
same_asset_target_free_conservative,100.0,1.0,simWind_test.mat,3e-05,105,0.5561263993521649,0.0721301168808562,0.3935000841325194,0.4839962824713087,0.1626263152196455,0.0005260126577497765,1.0470130775905792e-05,0.00043585339809578603,3617,6877337,3.16e-05,False,True,False,True,True
same_asset_target_free_conservative,100.0,1.0,simWind_test.mat,0.0001,105,0.5576304431668379,0.07680541719094329,0.39500412794719236,0.48082502597589455,0.1626263152196455,0.0005290667679279614,1.1633519577767175e-05,0.0004393437621403459,3638,6877337,0.00010510000000000001,False,True,False,True,True
same_asset_target_free_conservative,100.0,1.0,simWind_test.mat,0.0003,105,0.5854864770985732,0.08532213978363944,0.44028590389300853,0.5001643373149337,0.14520057320556462,0.0006363912869434674,1.4832789406214485e-05,0.0005539395017457062,4376,6877337,0.00031509999999999996,False,True,False,True,True
same_asset_target_free_conservative,100.0,1.0,simWind_test.mat,0.001,105,0.6350041941243904,0.1356314737309295,0.5146669373547608,0.4993727203934608,0.12033725676962959,0.0008683457774751371,4.435237379505854e-05,0.000796073936883479,5971,6877337,0.0010501000000000002,True,True,True,True,True
same_asset_target_free_conservative,100.0,1.0,simWind_test.mat,0.003,105,0.6692204869483309,0.1810977740054476,0.5595163466673178,0.48812271294288334,0.10970414028101316,0.0010963737250418717,9.044882416471023e-05,0.0010312276611371004,7539,6877337,0.0031501,True,True,True,True,True
same_asset_target_free_conservative,100.0,1.0,simWind_test.mat,0.01,105,0.7225925721118106,0.24698450192934282,0.6273049352666404,0.47560807018246776,0.09528763684517016,0.0017910717781608437,0.0002531639469931158,0.0017346508383130094,12316,6877337,0.0105001,True,True,True,True,True
same_asset_target_free_conservative,100.0,4.0,combined,1e-05,210,0.5583942268812347,0.06329340133139344,0.41671392376906374,0.4951008255498413,0.141680303112171,0.0005889828546325306,9.452212440864415e-06,0.000519254736461002,8100,13754674,1.0600000000000002e-05,False,True,False,True,True
same_asset_target_free_conservative,100.0,4.0,combined,3e-05,210,0.5583942268812347,0.06329340133139344,0.41671392376906374,0.4951008255498413,0.141680303112171,0.0005889828546325306,9.452212440864415e-06,0.000519254736461002,8100,13754674,3.16e-05,False,True,False,True,True
same_asset_target_free_conservative,100.0,4.0,combined,0.0001,210,0.5613192910787189,0.0657531516085371,0.4204893445126785,0.4955661394701818,0.14082994656604042,0.0005989445635877891,1.0033906841795108e-05,0.0005296526737485884,8237,13754674,0.00010510000000000001,False,True,False,True,True
same_asset_target_free_conservative,100.0,4.0,combined,0.0003,210,0.5835226268671088,0.08171806214533062,0.45303542482175946,0.5018045647217781,0.1304872020453493,0.0006840189771496983,1.5341757422292066e-05,0.0006186535164987059,9407,13754674,0.00031509999999999996,False,True,False,True,True
same_asset_target_free_conservative,100.0,4.0,combined,0.001,210,0.6230715692507802,0.12159898094895295,0.5102623905974354,0.5014725883018273,0.11280917865334483,0.0008890691076385087,4.0789765138511033e-05,0.0008301025008071062,12227,13754674,0.0010501000000000002,True,True,True,True,True
same_asset_target_free_conservative,100.0,4.0,combined,0.003,210,0.6638260893499355,0.1683596570954903,0.5610536679146784,0.4954664322544452,0.10277242143525711,0.0011548331500809363,8.81948571719326e-05,0.0011016108208633116,15882,13754674,0.0031501,True,True,True,True,True
same_asset_target_free_conservative,100.0,4.0,combined,0.01,210,0.7206721810173542,0.2294593583535087,0.6310924225408134,0.49121282266384547,0.08957975847654076,0.0018556347464397408,0.00024829334936168863,0.0018095379985008564,25520,13754674,0.0105001,True,True,True,True,True
same_asset_target_free_conservative,100.0,4.0,simMed_test.mat,1e-05,105,0.561203771665604,0.05445668578193068,0.4399277634056081,0.5067470858836733,0.1212760082599959,0.0006522438770773025,8.434294105823042e-06,0.000602656074826218,4485,6877337,1.0600000000000002e-05,False,True,False,True,True
same_asset_target_free_conservative,100.0,4.0,simMed_test.mat,3e-05,105,0.561203771665604,0.05445668578193068,0.4399277634056081,0.5067470858836733,0.1212760082599959,0.0006522438770773025,8.434294105823042e-06,0.000602656074826218,4485,6877337,3.16e-05,False,True,False,True,True
same_asset_target_free_conservative,100.0,4.0,simMed_test.mat,0.0001,105,0.5655498562458993,0.05470088602613092,0.4459745610781645,0.5108489702197684,0.11957529516773474,0.0006691131848096347,8.434294105823042e-06,0.000619961585356831,4601,6877337,0.00010510000000000001,False,True,False,True,True
same_asset_target_free_conservative,100.0,4.0,simMed_test.mat,0.0003,105,0.5821004938909436,0.0781139845070218,0.4657849457505103,0.5039865093839219,0.11631554814043332,0.0007319374929179473,1.5850725438369646e-05,0.0006833675312517056,5033,6877337,0.00031509999999999996,False,True,False,True,True
same_asset_target_free_conservative,100.0,4.0,simMed_test.mat,0.001,105,0.6114862981727998,0.10756648816697639,0.5058578438401101,0.5039198100058233,0.10562845433268964,0.0009099378861062805,3.722715648196352e-05,0.0008641310647307332,6257,6877337,0.0010501000000000002,True,True,True,True,True
same_asset_target_free_conservative,100.0,4.0,simMed_test.mat,0.003,105,0.6587790455471695,0.15562154018553298,0.5625909891620389,0.5031575053616365,0.09618805638513062,0.0012134380234244012,8.594089017915495e-05,0.0011719939805895229,8344,6877337,0.0031501,True,True,True,True,True
same_asset_target_free_conservative,100.0,4.0,simMed_test.mat,0.01,105,0.7187517899228977,0.21193421477767457,0.6348799098149865,0.5068175751452231,0.08387188010791113,0.0019201977147186382,0.00024342275173026146,0.0018844251586887034,13204,6877337,0.0105001,True,True,True,True,True
same_asset_target_free_conservative,100.0,4.0,simWind_test.mat,1e-05,105,0.5555846820968656,0.0721301168808562,0.3935000841325194,0.48345456521600944,0.1620845979643462,0.0005257218321877585,1.0470130775905792e-05,0.00043585339809578603,3615,6877337,1.0600000000000002e-05,False,True,False,True,True
same_asset_target_free_conservative,100.0,4.0,simWind_test.mat,3e-05,105,0.5555846820968656,0.0721301168808562,0.3935000841325194,0.48345456521600944,0.1620845979643462,0.0005257218321877585,1.0470130775905792e-05,0.00043585339809578603,3615,6877337,3.16e-05,False,True,False,True,True
same_asset_target_free_conservative,100.0,4.0,simWind_test.mat,0.0001,105,0.5570887259115386,0.07680541719094329,0.39500412794719236,0.48028330872059527,0.1620845979643462,0.0005287759423659434,1.1633519577767175e-05,0.0004393437621403459,3636,6877337,0.00010510000000000001,False,True,False,True,True
same_asset_target_free_conservative,100.0,4.0,simWind_test.mat,0.0003,105,0.5849447598432739,0.08532213978363944,0.44028590389300853,0.4996226200596344,0.14465885595026534,0.0006361004613814494,1.4832789406214485e-05,0.0005539395017457062,4374,6877337,0.00031509999999999996,False,True,False,True,True
same_asset_target_free_conservative,100.0,4.0,simWind_test.mat,0.001,105,0.6346568403287606,0.1356314737309295,0.5146669373547608,0.49902536659783103,0.1199899029739998,0.0008682003291707369,4.435237379505854e-05,0.000796073936883479,5970,6877337,0.0010501000000000002,True,True,True,True,True
same_asset_target_free_conservative,100.0,4.0,simWind_test.mat,0.003,105,0.6688731331527014,0.1810977740054476,0.5595163466673178,0.4877753591472538,0.1093567864853836,0.0010962282767374716,9.044882416471023e-05,0.0010312276611371004,7538,6877337,0.0031501,True,True,True,True,True
same_asset_target_free_conservative,100.0,4.0,simWind_test.mat,0.01,105,0.7225925721118106,0.24698450192934282,0.6273049352666404,0.47560807018246776,0.09528763684517016,0.0017910717781608437,0.0002531639469931158,0.0017346508383130094,12316,6877337,0.0105001,True,True,True,True,True
same_asset_target_free_conservative,100.0,16.0,combined,1e-05,210,0.5547123461998333,0.06329340133139344,0.41671392376906374,0.4914189448684399,0.1379984224307696,0.0005864380932575753,9.452212440864415e-06,0.000519254736461002,8065,13754674,1.0600000000000002e-05,False,True,False,True,True
same_asset_target_free_conservative,100.0,16.0,combined,3e-05,210,0.5547123461998333,0.06329340133139344,0.41671392376906374,0.4914189448684399,0.1379984224307696,0.0005864380932575753,9.452212440864415e-06,0.000519254736461002,8065,13754674,3.16e-05,False,True,False,True,True
same_asset_target_free_conservative,100.0,16.0,combined,0.0001,210,0.5576374103973175,0.0657531516085371,0.4204893445126785,0.4918842587887804,0.13714806588463901,0.0005963998022128337,1.0033906841795108e-05,0.0005296526737485884,8202,13754674,0.00010510000000000001,False,True,False,True,True
same_asset_target_free_conservative,100.0,16.0,combined,0.0003,210,0.5802574886237263,0.08171806214533062,0.45303542482175946,0.49853942647839566,0.12722206380196682,0.0006816196352166938,1.5341757422292066e-05,0.0006186535164987059,9374,13754674,0.00031509999999999996,False,True,False,True,True
same_asset_target_free_conservative,100.0,16.0,combined,0.001,210,0.6204369521120568,0.12159898094895295,0.5102623905974354,0.4988379711631039,0.11017456151462146,0.0008869606012605958,4.0789765138511033e-05,0.0008301025008071062,12198,13754674,0.0010501000000000002,True,True,True,True,True
same_asset_target_free_conservative,100.0,16.0,combined,0.003,210,0.6616574220320006,0.1683596570954903,0.5610536679146784,0.49329776493651034,0.10060375411732225,0.0011529427606463923,8.81948571719326e-05,0.0011016108208633116,15856,13754674,0.0031501,True,True,True,True,True
same_asset_target_free_conservative,100.0,16.0,combined,0.01,210,0.7188943479992409,0.2294593583535087,0.6310924225408134,0.4894349896457322,0.08780192545842747,0.0018538170611712183,0.00024829334936168863,0.0018095379985008564,25495,13754674,0.0105001,True,True,True,True,True
same_asset_target_free_conservative,100.0,16.0,simMed_test.mat,1e-05,105,0.559051607352449,0.05445668578193068,0.4399277634056081,0.5045949215705183,0.11912384394684089,0.0006507898647461685,8.434294105823042e-06,0.000602656074826218,4475,6877337,1.0600000000000002e-05,False,True,False,True,True
same_asset_target_free_conservative,100.0,16.0,simMed_test.mat,3e-05,105,0.559051607352449,0.05445668578193068,0.4399277634056081,0.5045949215705183,0.11912384394684089,0.0006507898647461685,8.434294105823042e-06,0.000602656074826218,4475,6877337,3.16e-05,False,True,False,True,True
same_asset_target_free_conservative,100.0,16.0,simMed_test.mat,0.0001,105,0.5633976919327442,0.05470088602613092,0.4459745610781645,0.5086968059066134,0.11742313085457973,0.0006676591724785006,8.434294105823042e-06,0.000619961585356831,4591,6877337,0.00010510000000000001,False,True,False,True,True
same_asset_target_free_conservative,100.0,16.0,simMed_test.mat,0.0003,105,0.5803146299440889,0.0781139845070218,0.4657849457505103,0.5022006454370671,0.11452968419357856,0.0007304834805868133,1.5850725438369646e-05,0.0006833675312517056,5023,6877337,0.00031509999999999996,False,True,False,True,True
same_asset_target_free_conservative,100.0,16.0,simMed_test.mat,0.001,105,0.6097004342259451,0.10756648816697639,0.5058578438401101,0.5021339460589687,0.10384259038583499,0.0009086292576904514,3.722715648196352e-05,0.0008641310647307332,6248,6877337,0.0010501000000000002,True,True,True,True,True
same_asset_target_free_conservative,100.0,16.0,simMed_test.mat,0.003,105,0.6569931816003147,0.15562154018553298,0.5625909891620389,0.5013716414147817,0.09440219243827586,0.0012122748122214623,8.594089017915495e-05,0.0011719939805895229,8336,6877337,0.0031501,True,True,True,True,True
same_asset_target_free_conservative,100.0,16.0,simMed_test.mat,0.01,105,0.7169659259760431,0.21193421477767457,0.6348799098149865,0.5050317111983685,0.0820860161610566,0.0019191799118477423,0.00024342275173026146,0.0018844251586887034,13197,6877337,0.0105001,True,True,True,True,True
same_asset_target_free_conservative,100.0,16.0,simWind_test.mat,1e-05,105,0.5503730850472177,0.0721301168808562,0.3935000841325194,0.4782429681663615,0.1568730009146983,0.000522086321768982,1.0470130775905792e-05,0.00043585339809578603,3590,6877337,1.0600000000000002e-05,False,True,False,True,True
same_asset_target_free_conservative,100.0,16.0,simWind_test.mat,3e-05,105,0.5503730850472177,0.0721301168808562,0.3935000841325194,0.4782429681663615,0.1568730009146983,0.000522086321768982,1.0470130775905792e-05,0.00043585339809578603,3590,6877337,3.16e-05,False,True,False,True,True
same_asset_target_free_conservative,100.0,16.0,simWind_test.mat,0.0001,105,0.5518771288618908,0.07680541719094329,0.39500412794719236,0.47507171167094747,0.1568730009146984,0.0005251404319471668,1.1633519577767175e-05,0.0004393437621403459,3611,6877337,0.00010510000000000001,False,True,False,True,True
same_asset_target_free_conservative,100.0,16.0,simWind_test.mat,0.0003,105,0.5802003473033637,0.08532213978363944,0.44028590389300853,0.4948782075197242,0.13991444341035514,0.0006327557898465744,1.4832789406214485e-05,0.0005539395017457062,4351,6877337,0.00031509999999999996,False,True,False,True,True
same_asset_target_free_conservative,100.0,16.0,simWind_test.mat,0.001,105,0.6311734699981686,0.1356314737309295,0.5146669373547608,0.49554199626723905,0.11650653264340782,0.0008652919448307401,4.435237379505854e-05,0.000796073936883479,5950,6877337,0.0010501000000000002,True,True,True,True,True
same_asset_target_free_conservative,100.0,16.0,simWind_test.mat,0.003,105,0.6663216624636863,0.1810977740054476,0.5595163466673178,0.4852238884582387,0.10680531579636854,0.0010936107090713223,9.044882416471023e-05,0.0010312276611371004,7520,6877337,0.0031501,True,True,True,True,True
same_asset_target_free_conservative,100.0,16.0,simWind_test.mat,0.01,105,0.7208227700224389,0.24698450192934282,0.6273049352666404,0.47383826809309604,0.09351783475579845,0.0017884542104946947,0.0002531639469931158,0.0017346508383130094,12298,6877337,0.0105001,True,True,True,True,True
same_asset_target_free_conservative,100.0,64.0,combined,1e-05,210,0.5465617624651722,0.06329340133139344,0.41671392376906374,0.48326836113377875,0.12984783869610844,0.0005763317730593667,9.452212440864415e-06,0.000519254736461002,7926,13754674,1.0600000000000002e-05,False,True,False,True,True
same_asset_target_free_conservative,100.0,64.0,combined,3e-05,210,0.5465617624651722,0.06329340133139344,0.41671392376906374,0.48326836113377875,0.12984783869610844,0.0005763317730593667,9.452212440864415e-06,0.000519254736461002,7926,13754674,3.16e-05,False,True,False,True,True
same_asset_target_free_conservative,100.0,64.0,combined,0.0001,210,0.5496773028531325,0.0657531516085371,0.4204893445126785,0.4839241512445954,0.12918795834045405,0.000586366203945596,1.0033906841795108e-05,0.0005296526737485884,8064,13754674,0.00010510000000000001,False,True,False,True,True
same_asset_target_free_conservative,100.0,64.0,combined,0.0003,210,0.573598428710357,0.08171806214533062,0.45303542482175946,0.49188036656502643,0.12056300388859759,0.0006722404621734985,1.5341757422292066e-05,0.0006186535164987059,9245,13754674,0.00031509999999999996,False,True,False,True,True
same_asset_target_free_conservative,100.0,64.0,combined,0.001,210,0.6148142530083403,0.12159898094895295,0.5102623905974354,0.4932152720593873,0.10455186241090486,0.0008784540158911712,4.0789765138511033e-05,0.0008301025008071062,12081,13754674,0.0010501000000000002,True,True,True,True,True
same_asset_target_free_conservative,100.0,64.0,combined,0.003,210,0.6565506858929474,0.1683596570954903,0.5610536679146784,0.4881910287974571,0.09549701797826904,0.0011454542112647327,8.81948571719326e-05,0.0011016108208633116,15753,13754674,0.0031501,True,True,True,True,True
same_asset_target_free_conservative,100.0,64.0,combined,0.01,210,0.7142893835548324,0.2294593583535087,0.6310924225408134,0.4848300252013237,0.08319696101401897,0.0018472737558930807,0.00024829334936168863,0.0018095379985008564,25405,13754674,0.0105001,True,True,True,True,True
same_asset_target_free_conservative,100.0,64.0,simMed_test.mat,1e-05,105,0.5513460433243291,0.05445668578193068,0.4399277634056081,0.49688935754239844,0.11141827991872105,0.0006452637994959459,8.434294105823042e-06,0.000602656074826218,4437,6877337,1.0600000000000002e-05,False,True,False,True,True
same_asset_target_free_conservative,100.0,64.0,simMed_test.mat,3e-05,105,0.5513460433243291,0.05445668578193068,0.4399277634056081,0.49688935754239844,0.11141827991872105,0.0006452637994959459,8.434294105823042e-06,0.000602656074826218,4437,6877337,3.16e-05,False,True,False,True,True
same_asset_target_free_conservative,100.0,64.0,simMed_test.mat,0.0001,105,0.5560730802855769,0.05470088602613092,0.4459745610781645,0.501372194259446,0.11009851920741237,0.0006621331072282781,8.434294105823042e-06,0.000619961585356831,4553,6877337,0.00010510000000000001,False,True,False,True,True
same_asset_target_free_conservative,100.0,64.0,simMed_test.mat,0.0003,105,0.5731514387973251,0.0781139845070218,0.4657849457505103,0.4950374542903033,0.10736649304681478,0.0007249574153365907,1.5850725438369646e-05,0.0006833675312517056,4985,6877337,0.00031509999999999996,False,True,False,True,True
same_asset_target_free_conservative,100.0,64.0,simMed_test.mat,0.001,105,0.6036415438853454,0.10756648816697639,0.5058578438401101,0.496075055718369,0.09778370004523529,0.0009033941090422286,3.722715648196352e-05,0.0008641310647307332,6212,6877337,0.0010501000000000002,True,True,True,True,True
same_asset_target_free_conservative,100.0,64.0,simMed_test.mat,0.003,105,0.6511557752021293,0.15562154018553298,0.5625909891620389,0.4955342350165963,0.08856478604009044,0.0012079123045479947,8.594089017915495e-05,0.0011719939805895229,8306,6877337,0.0031501,True,True,True,True,True
same_asset_target_free_conservative,100.0,64.0,simMed_test.mat,0.01,105,0.711663422804685,0.21193421477767457,0.6348799098149865,0.4997292080270104,0.07678351298969843,0.0019151082408242332,0.00024342275173026146,0.0018844251586887034,13169,6877337,0.0105001,True,True,True,True,True
same_asset_target_free_conservative,100.0,64.0,simWind_test.mat,1e-05,105,0.5417774816060152,0.0721301168808562,0.3935000841325194,0.46964736472515906,0.14827739747349583,0.0005073997466227872,1.0470130775905792e-05,0.00043585339809578603,3489,6877337,1.0600000000000002e-05,False,True,False,True,True
same_asset_target_free_conservative,100.0,64.0,simWind_test.mat,3e-05,105,0.5417774816060152,0.0721301168808562,0.3935000841325194,0.46964736472515906,0.14827739747349583,0.0005073997466227872,1.0470130775905792e-05,0.00043585339809578603,3489,6877337,3.16e-05,False,True,False,True,True
same_asset_target_free_conservative,100.0,64.0,simWind_test.mat,0.0001,105,0.5432815254206882,0.07680541719094329,0.39500412794719236,0.4664761082297449,0.14827739747349583,0.0005105993006629139,1.1633519577767175e-05,0.0004393437621403459,3511,6877337,0.00010510000000000001,False,True,False,True,True
same_asset_target_free_conservative,100.0,64.0,simWind_test.mat,0.0003,105,0.574045418623389,0.08532213978363944,0.44028590389300853,0.48872327883974953,0.13375951473038045,0.0006195235090104066,1.4832789406214485e-05,0.0005539395017457062,4260,6877337,0.00031509999999999996,False,True,False,True,True
same_asset_target_free_conservative,100.0,64.0,simWind_test.mat,0.001,105,0.6259869621313351,0.1356314737309295,0.5146669373547608,0.49035548840040555,0.11132002477657432,0.0008535139227401138,4.435237379505854e-05,0.000796073936883479,5869,6877337,0.0010501000000000002,True,True,True,True,True
same_asset_target_free_conservative,100.0,64.0,simWind_test.mat,0.003,105,0.6619455965837654,0.1810977740054476,0.5595163466673178,0.4808478225783178,0.10242924991644764,0.0010829961179814709,9.044882416471023e-05,0.0010312276611371004,7447,6877337,0.0031501,True,True,True,True,True
same_asset_target_free_conservative,100.0,64.0,simWind_test.mat,0.01,105,0.7169153443049799,0.24698450192934282,0.6273049352666404,0.4699308423756371,0.0896104090383395,0.0017794392709619287,0.0002531639469931158,0.0017346508383130094,12236,6877337,0.0105001,True,True,True,True,True
same_asset_target_free_conservative,100.0,256.0,combined,1e-05,210,0.5172467502925157,0.06329340133139344,0.41671392376906374,0.4539533489611222,0.10053282652345191,0.0005537920163980703,9.452212440864415e-06,0.000519254736461002,7616,13754674,1.0600000000000002e-05,False,True,False,True,True
same_asset_target_free_conservative,100.0,256.0,combined,3e-05,210,0.5172467502925157,0.06329340133139344,0.41671392376906374,0.4539533489611222,0.10053282652345191,0.0005537920163980703,9.452212440864415e-06,0.000519254736461002,7616,13754674,3.16e-05,False,True,False,True,True
same_asset_target_free_conservative,100.0,256.0,combined,0.0001,210,0.5206814669996523,0.0657531516085371,0.4204893445126785,0.4549283153911152,0.10019212248697384,0.0005640445431335038,1.0033906841795108e-05,0.0005296526737485884,7757,13754674,0.00010510000000000001,False,True,False,True,True
same_asset_target_free_conservative,100.0,256.0,combined,0.0003,210,0.5466016263175663,0.08171806214533062,0.45303542482175946,0.46488356417223564,0.0935662014958068,0.0006510094093903582,1.5341757422292066e-05,0.0006186535164987059,8953,13754674,0.00031509999999999996,False,True,False,True,True
same_asset_target_free_conservative,100.0,256.0,combined,0.001,210,0.591645746078917,0.12159898094895295,0.5102623905974354,0.470046765129964,0.08138335548148157,0.0008598407583447742,4.0789765138511033e-05,0.0008301025008071062,11825,13754674,0.0010501000000000002,True,True,True,True,True
same_asset_target_free_conservative,100.0,256.0,combined,0.003,210,0.6360997053787161,0.1683596570954903,0.5610536679146784,0.4677400482832258,0.07504603746403771,0.0011288041671882148,8.81948571719326e-05,0.0011016108208633116,15524,13754674,0.0031501,True,True,True,True,True
same_asset_target_free_conservative,100.0,256.0,combined,0.01,210,0.6960321096310321,0.2294593583535087,0.6310924225408134,0.4665727512775234,0.06493968709021869,0.0018332412616736936,0.00024829334936168863,0.0018095379985008564,25212,13754674,0.0105001,True,True,True,True,True
same_asset_target_free_conservative,100.0,256.0,simMed_test.mat,1e-05,105,0.527459707846649,0.05445668578193068,0.4399277634056081,0.4730030220647183,0.0875319444410409,0.0006302858192903492,8.434294105823042e-06,0.000602656074826218,4334,6877337,1.0600000000000002e-05,False,True,False,True,True
same_asset_target_free_conservative,100.0,256.0,simMed_test.mat,3e-05,105,0.527459707846649,0.05445668578193068,0.4399277634056081,0.4730030220647183,0.0875319444410409,0.0006302858192903492,8.434294105823042e-06,0.000602656074826218,4334,6877337,3.16e-05,False,True,False,True,True
same_asset_target_free_conservative,100.0,256.0,simMed_test.mat,0.0001,105,0.5328250974462493,0.05470088602613092,0.4459745610781645,0.47812421142011835,0.08685053636808476,0.0006474459192688093,8.434294105823042e-06,0.000619961585356831,4452,6877337,0.00010510000000000001,False,True,False,True,True
same_asset_target_free_conservative,100.0,256.0,simMed_test.mat,0.0003,105,0.5507087881919012,0.0781139845070218,0.4657849457505103,0.4725948036848794,0.08492384244139084,0.0007104156312691479,1.5850725438369646e-05,0.0006833675312517056,4885,6877337,0.00031509999999999996,False,True,False,True,True
same_asset_target_free_conservative,100.0,256.0,simMed_test.mat,0.001,105,0.5825420597725897,0.10756648816697639,0.5058578438401101,0.47497557160561327,0.07668421593247954,0.0008895795065366577,3.722715648196352e-05,0.0008641310647307332,6117,6877337,0.0010501000000000002,True,True,True,True,True
same_asset_target_free_conservative,100.0,256.0,simMed_test.mat,0.003,105,0.6324448103889412,0.15562154018553298,0.5625909891620389,0.4768232702034082,0.06985382122690231,0.0011949702364299213,8.594089017915495e-05,0.0011719939805895229,8217,6877337,0.0031501,True,True,True,True,True
same_asset_target_free_conservative,100.0,256.0,simMed_test.mat,0.01,105,0.6952369371247631,0.21193421477767457,0.6348799098149865,0.4833027223470885,0.060357027309776545,0.001904347553055814,0.00024342275173026146,0.0018844251586887034,13095,6877337,0.0105001,True,True,True,True,True
same_asset_target_free_conservative,100.0,256.0,simWind_test.mat,1e-05,105,0.5070337927383822,0.0721301168808562,0.3935000841325194,0.43490367585752604,0.11353370860586282,0.0004772982135057913,1.0470130775905792e-05,0.00043585339809578603,3282,6877337,1.0600000000000002e-05,False,True,False,True,True
same_asset_target_free_conservative,100.0,256.0,simWind_test.mat,3e-05,105,0.5070337927383822,0.0721301168808562,0.3935000841325194,0.43490367585752604,0.11353370860586282,0.0004772982135057913,1.0470130775905792e-05,0.00043585339809578603,3282,6877337,3.16e-05,False,True,False,True,True
same_asset_target_free_conservative,100.0,256.0,simWind_test.mat,0.0001,105,0.5085378365530553,0.07680541719094329,0.39500412794719236,0.431732419362112,0.11353370860586293,0.0004806431669981982,1.1633519577767175e-05,0.0004393437621403459,3305,6877337,0.00010510000000000001,False,True,False,True,True
same_asset_target_free_conservative,100.0,256.0,simWind_test.mat,0.0003,105,0.5424944644432312,0.08532213978363944,0.44028590389300853,0.4571723246595918,0.1022085605502227,0.0005916031875115687,1.4832789406214485e-05,0.0005539395017457062,4068,6877337,0.00031509999999999996,False,True,False,True,True
same_asset_target_free_conservative,100.0,256.0,simWind_test.mat,0.001,105,0.600749432385244,0.1356314737309295,0.5146669373547608,0.4651179586543145,0.08608249503048326,0.0008301020101528906,4.435237379505854e-05,0.000796073936883479,5708,6877337,0.0010501000000000002,True,True,True,True,True
same_asset_target_free_conservative,100.0,256.0,simWind_test.mat,0.003,105,0.6397546003684909,0.1810977740054476,0.5595163466673178,0.4586568263630433,0.0802382537011731,0.0010626380979465082,9.044882416471023e-05,0.0010312276611371004,7307,6877337,0.0031501,True,True,True,True,True
same_asset_target_free_conservative,100.0,256.0,simWind_test.mat,0.01,105,0.6968272821373013,0.24698450192934282,0.6273049352666404,0.4498427802079584,0.06952234687066083,0.0017621349702915728,0.0002531639469931158,0.0017346508383130094,12117,6877337,0.0105001,True,True,True,True,True
same_asset_target_free_conservative,1000.0,0.0,combined,1e-05,210,0.5589046595993902,0.06329340133139344,0.41671392376906374,0.49561125826799673,0.14219073583032643,0.0005893463810321673,9.452212440864415e-06,0.000519254736461002,8105,13754674,1.0600000000000002e-05,False,True,False,True,True
same_asset_target_free_conservative,1000.0,0.0,combined,3e-05,210,0.5589046595993902,0.06329340133139344,0.41671392376906374,0.49561125826799673,0.14219073583032643,0.0005893463810321673,9.452212440864415e-06,0.000519254736461002,8105,13754674,3.16e-05,False,True,False,True,True
same_asset_target_free_conservative,1000.0,0.0,combined,0.0001,210,0.5589046595993902,0.06329340133139344,0.41671392376906374,0.49561125826799673,0.14219073583032643,0.0005893463810321673,9.452212440864415e-06,0.000519254736461002,8105,13754674,0.00010510000000000001,False,True,False,True,True
same_asset_target_free_conservative,1000.0,0.0,combined,0.0003,210,0.5589046595993902,0.06329340133139344,0.41671392376906374,0.49561125826799673,0.14219073583032643,0.0005893463810321673,9.452212440864415e-06,0.000519254736461002,8105,13754674,0.00031509999999999996,False,True,False,True,True
same_asset_target_free_conservative,1000.0,0.0,combined,0.001,210,0.5618297237968743,0.0657531516085371,0.4204893445126785,0.49607657218833723,0.14134037928419585,0.0005993080899874257,1.0033906841795108e-05,0.0005296526737485884,8242,13754674,0.0010501000000000002,True,True,True,True,True
same_asset_target_free_conservative,1000.0,0.0,combined,0.003,210,0.5840330595852641,0.08171806214533062,0.45303542482175946,0.5023149974399335,0.13099763476350462,0.0006843825035493351,1.5341757422292066e-05,0.0006186535164987059,9412,13754674,0.0031501,True,True,True,True,True
same_asset_target_free_conservative,1000.0,0.0,combined,0.01,210,0.6234848202391009,0.12159898094895295,0.5102623905974354,0.501885839290148,0.11322242964166551,0.0008892872434633234,4.0789765138511033e-05,0.0008301025008071062,12230,13754674,0.0105001,True,True,True,True,True
same_asset_target_free_conservative,1000.0,0.0,simMed_test.mat,1e-05,105,0.5614758805091413,0.05445668578193068,0.4399277634056081,0.5070191947272107,0.12154811710353325,0.0006526801043145581,8.434294105823042e-06,0.000602656074826218,4488,6877337,1.0600000000000002e-05,False,True,False,True,True
same_asset_target_free_conservative,1000.0,0.0,simMed_test.mat,3e-05,105,0.5614758805091413,0.05445668578193068,0.4399277634056081,0.5070191947272107,0.12154811710353325,0.0006526801043145581,8.434294105823042e-06,0.000602656074826218,4488,6877337,3.16e-05,False,True,False,True,True
same_asset_target_free_conservative,1000.0,0.0,simMed_test.mat,0.0001,105,0.5614758805091413,0.05445668578193068,0.4399277634056081,0.5070191947272107,0.12154811710353325,0.0006526801043145581,8.434294105823042e-06,0.000602656074826218,4488,6877337,0.00010510000000000001,False,True,False,True,True
same_asset_target_free_conservative,1000.0,0.0,simMed_test.mat,0.0003,105,0.5614758805091413,0.05445668578193068,0.4399277634056081,0.5070191947272107,0.12154811710353325,0.0006526801043145581,8.434294105823042e-06,0.000602656074826218,4488,6877337,0.00031509999999999996,False,True,False,True,True
same_asset_target_free_conservative,1000.0,0.0,simMed_test.mat,0.001,105,0.5658219650894367,0.05470088602613092,0.4459745610781645,0.5111210790633058,0.1198474040112722,0.0006695494120468901,8.434294105823042e-06,0.000619961585356831,4604,6877337,0.0010501000000000002,True,True,True,True,True
same_asset_target_free_conservative,1000.0,0.0,simMed_test.mat,0.003,105,0.582372602734481,0.0781139845070218,0.4657849457505103,0.5042586182274592,0.11658765698397067,0.0007323737201552028,1.5850725438369646e-05,0.0006833675312517056,5036,6877337,0.0031501,True,True,True,True,True
same_asset_target_free_conservative,1000.0,0.0,simMed_test.mat,0.01,105,0.6117584070163372,0.10756648816697639,0.5058578438401101,0.5041919188493609,0.10590056317622709,0.0009102287094515099,3.722715648196352e-05,0.0008641310647307332,6259,6877337,0.0105001,True,True,True,True,True
same_asset_target_free_conservative,1000.0,0.0,simWind_test.mat,1e-05,105,0.5563334386896389,0.0721301168808562,0.3935000841325194,0.4842033218087827,0.1628333545571195,0.0005260126577497765,1.0470130775905792e-05,0.00043585339809578603,3617,6877337,1.0600000000000002e-05,False,True,False,True,True
same_asset_target_free_conservative,1000.0,0.0,simWind_test.mat,3e-05,105,0.5563334386896389,0.0721301168808562,0.3935000841325194,0.4842033218087827,0.1628333545571195,0.0005260126577497765,1.0470130775905792e-05,0.00043585339809578603,3617,6877337,3.16e-05,False,True,False,True,True
same_asset_target_free_conservative,1000.0,0.0,simWind_test.mat,0.0001,105,0.5563334386896389,0.0721301168808562,0.3935000841325194,0.4842033218087827,0.1628333545571195,0.0005260126577497765,1.0470130775905792e-05,0.00043585339809578603,3617,6877337,0.00010510000000000001,False,True,False,True,True
same_asset_target_free_conservative,1000.0,0.0,simWind_test.mat,0.0003,105,0.5563334386896389,0.0721301168808562,0.3935000841325194,0.4842033218087827,0.1628333545571195,0.0005260126577497765,1.0470130775905792e-05,0.00043585339809578603,3617,6877337,0.00031509999999999996,False,True,False,True,True
same_asset_target_free_conservative,1000.0,0.0,simWind_test.mat,0.001,105,0.5578374825043119,0.07680541719094329,0.39500412794719236,0.48103206531336856,0.1628333545571195,0.0005290667679279614,1.1633519577767175e-05,0.0004393437621403459,3638,6877337,0.0010501000000000002,True,True,True,True,True
same_asset_target_free_conservative,1000.0,0.0,simWind_test.mat,0.003,105,0.5856935164360473,0.08532213978363944,0.44028590389300853,0.5003713766524078,0.14540761254303874,0.0006363912869434674,1.4832789406214485e-05,0.0005539395017457062,4376,6877337,0.0031501,True,True,True,True,True
same_asset_target_free_conservative,1000.0,0.0,simWind_test.mat,0.01,105,0.6352112334618645,0.1356314737309295,0.5146669373547608,0.49957975973093494,0.12054429610710371,0.0008683457774751371,4.435237379505854e-05,0.000796073936883479,5971,6877337,0.0105001,True,True,True,True,True
same_asset_target_free_conservative,1000.0,0.25,combined,1e-05,210,0.5589046595993902,0.06329340133139344,0.41671392376906374,0.49561125826799673,0.14219073583032643,0.0005893463810321673,9.452212440864415e-06,0.000519254736461002,8105,13754674,1.0600000000000002e-05,False,True,False,True,True
same_asset_target_free_conservative,1000.0,0.25,combined,3e-05,210,0.5589046595993902,0.06329340133139344,0.41671392376906374,0.49561125826799673,0.14219073583032643,0.0005893463810321673,9.452212440864415e-06,0.000519254736461002,8105,13754674,3.16e-05,False,True,False,True,True
same_asset_target_free_conservative,1000.0,0.25,combined,0.0001,210,0.5589046595993902,0.06329340133139344,0.41671392376906374,0.49561125826799673,0.14219073583032643,0.0005893463810321673,9.452212440864415e-06,0.000519254736461002,8105,13754674,0.00010510000000000001,False,True,False,True,True
same_asset_target_free_conservative,1000.0,0.25,combined,0.0003,210,0.5589046595993902,0.06329340133139344,0.41671392376906374,0.49561125826799673,0.14219073583032643,0.0005893463810321673,9.452212440864415e-06,0.000519254736461002,8105,13754674,0.00031509999999999996,False,True,False,True,True
same_asset_target_free_conservative,1000.0,0.25,combined,0.001,210,0.5618297237968743,0.0657531516085371,0.4204893445126785,0.49607657218833723,0.14134037928419585,0.0005993080899874257,1.0033906841795108e-05,0.0005296526737485884,8242,13754674,0.0010501000000000002,True,True,True,True,True
same_asset_target_free_conservative,1000.0,0.25,combined,0.003,210,0.5840330595852641,0.08171806214533062,0.45303542482175946,0.5023149974399335,0.13099763476350462,0.0006843825035493351,1.5341757422292066e-05,0.0006186535164987059,9412,13754674,0.0031501,True,True,True,True,True
same_asset_target_free_conservative,1000.0,0.25,combined,0.01,210,0.6234848202391009,0.12159898094895295,0.5102623905974354,0.501885839290148,0.11322242964166551,0.0008892872434633234,4.0789765138511033e-05,0.0008301025008071062,12230,13754674,0.0105001,True,True,True,True,True
same_asset_target_free_conservative,1000.0,0.25,simMed_test.mat,1e-05,105,0.5614758805091413,0.05445668578193068,0.4399277634056081,0.5070191947272107,0.12154811710353325,0.0006526801043145581,8.434294105823042e-06,0.000602656074826218,4488,6877337,1.0600000000000002e-05,False,True,False,True,True
same_asset_target_free_conservative,1000.0,0.25,simMed_test.mat,3e-05,105,0.5614758805091413,0.05445668578193068,0.4399277634056081,0.5070191947272107,0.12154811710353325,0.0006526801043145581,8.434294105823042e-06,0.000602656074826218,4488,6877337,3.16e-05,False,True,False,True,True
same_asset_target_free_conservative,1000.0,0.25,simMed_test.mat,0.0001,105,0.5614758805091413,0.05445668578193068,0.4399277634056081,0.5070191947272107,0.12154811710353325,0.0006526801043145581,8.434294105823042e-06,0.000602656074826218,4488,6877337,0.00010510000000000001,False,True,False,True,True
same_asset_target_free_conservative,1000.0,0.25,simMed_test.mat,0.0003,105,0.5614758805091413,0.05445668578193068,0.4399277634056081,0.5070191947272107,0.12154811710353325,0.0006526801043145581,8.434294105823042e-06,0.000602656074826218,4488,6877337,0.00031509999999999996,False,True,False,True,True
same_asset_target_free_conservative,1000.0,0.25,simMed_test.mat,0.001,105,0.5658219650894367,0.05470088602613092,0.4459745610781645,0.5111210790633058,0.1198474040112722,0.0006695494120468901,8.434294105823042e-06,0.000619961585356831,4604,6877337,0.0010501000000000002,True,True,True,True,True
same_asset_target_free_conservative,1000.0,0.25,simMed_test.mat,0.003,105,0.582372602734481,0.0781139845070218,0.4657849457505103,0.5042586182274592,0.11658765698397067,0.0007323737201552028,1.5850725438369646e-05,0.0006833675312517056,5036,6877337,0.0031501,True,True,True,True,True
same_asset_target_free_conservative,1000.0,0.25,simMed_test.mat,0.01,105,0.6117584070163372,0.10756648816697639,0.5058578438401101,0.5041919188493609,0.10590056317622709,0.0009102287094515099,3.722715648196352e-05,0.0008641310647307332,6259,6877337,0.0105001,True,True,True,True,True
same_asset_target_free_conservative,1000.0,0.25,simWind_test.mat,1e-05,105,0.5563334386896389,0.0721301168808562,0.3935000841325194,0.4842033218087827,0.1628333545571195,0.0005260126577497765,1.0470130775905792e-05,0.00043585339809578603,3617,6877337,1.0600000000000002e-05,False,True,False,True,True
same_asset_target_free_conservative,1000.0,0.25,simWind_test.mat,3e-05,105,0.5563334386896389,0.0721301168808562,0.3935000841325194,0.4842033218087827,0.1628333545571195,0.0005260126577497765,1.0470130775905792e-05,0.00043585339809578603,3617,6877337,3.16e-05,False,True,False,True,True
same_asset_target_free_conservative,1000.0,0.25,simWind_test.mat,0.0001,105,0.5563334386896389,0.0721301168808562,0.3935000841325194,0.4842033218087827,0.1628333545571195,0.0005260126577497765,1.0470130775905792e-05,0.00043585339809578603,3617,6877337,0.00010510000000000001,False,True,False,True,True
same_asset_target_free_conservative,1000.0,0.25,simWind_test.mat,0.0003,105,0.5563334386896389,0.0721301168808562,0.3935000841325194,0.4842033218087827,0.1628333545571195,0.0005260126577497765,1.0470130775905792e-05,0.00043585339809578603,3617,6877337,0.00031509999999999996,False,True,False,True,True
same_asset_target_free_conservative,1000.0,0.25,simWind_test.mat,0.001,105,0.5578374825043119,0.07680541719094329,0.39500412794719236,0.48103206531336856,0.1628333545571195,0.0005290667679279614,1.1633519577767175e-05,0.0004393437621403459,3638,6877337,0.0010501000000000002,True,True,True,True,True
same_asset_target_free_conservative,1000.0,0.25,simWind_test.mat,0.003,105,0.5856935164360473,0.08532213978363944,0.44028590389300853,0.5003713766524078,0.14540761254303874,0.0006363912869434674,1.4832789406214485e-05,0.0005539395017457062,4376,6877337,0.0031501,True,True,True,True,True
same_asset_target_free_conservative,1000.0,0.25,simWind_test.mat,0.01,105,0.6352112334618645,0.1356314737309295,0.5146669373547608,0.49957975973093494,0.12054429610710371,0.0008683457774751371,4.435237379505854e-05,0.000796073936883479,5971,6877337,0.0105001,True,True,True,True,True
same_asset_target_free_conservative,1000.0,1.0,combined,1e-05,210,0.5588011399306532,0.06329340133139344,0.41671392376906374,0.49550773859925973,0.14208721616158942,0.0005893463810321673,9.452212440864415e-06,0.000519254736461002,8105,13754674,1.0600000000000002e-05,False,True,False,True,True
same_asset_target_free_conservative,1000.0,1.0,combined,3e-05,210,0.5588011399306532,0.06329340133139344,0.41671392376906374,0.49550773859925973,0.14208721616158942,0.0005893463810321673,9.452212440864415e-06,0.000519254736461002,8105,13754674,3.16e-05,False,True,False,True,True
same_asset_target_free_conservative,1000.0,1.0,combined,0.0001,210,0.5588011399306532,0.06329340133139344,0.41671392376906374,0.49550773859925973,0.14208721616158942,0.0005893463810321673,9.452212440864415e-06,0.000519254736461002,8105,13754674,0.00010510000000000001,False,True,False,True,True
same_asset_target_free_conservative,1000.0,1.0,combined,0.0003,210,0.5588011399306532,0.06329340133139344,0.41671392376906374,0.49550773859925973,0.14208721616158942,0.0005893463810321673,9.452212440864415e-06,0.000519254736461002,8105,13754674,0.00031509999999999996,False,True,False,True,True
same_asset_target_free_conservative,1000.0,1.0,combined,0.001,210,0.5617262041281372,0.0657531516085371,0.4204893445126785,0.4959730525196001,0.14123685961545873,0.0005993080899874257,1.0033906841795108e-05,0.0005296526737485884,8242,13754674,0.0010501000000000002,True,True,True,True,True
same_asset_target_free_conservative,1000.0,1.0,combined,0.003,210,0.5839295399165271,0.08171806214533062,0.45303542482175946,0.5022114777711965,0.13089411509476762,0.0006843825035493351,1.5341757422292066e-05,0.0006186535164987059,9412,13754674,0.0031501,True,True,True,True,True
same_asset_target_free_conservative,1000.0,1.0,combined,0.01,210,0.6233813005703638,0.12159898094895295,0.5102623905974354,0.5017823196214108,0.1131189099729284,0.0008892872434633234,4.0789765138511033e-05,0.0008301025008071062,12230,13754674,0.0105001,True,True,True,True,True
same_asset_target_free_conservative,1000.0,1.0,simMed_test.mat,1e-05,105,0.5614758805091413,0.05445668578193068,0.4399277634056081,0.5070191947272107,0.12154811710353325,0.0006526801043145581,8.434294105823042e-06,0.000602656074826218,4488,6877337,1.0600000000000002e-05,False,True,False,True,True
same_asset_target_free_conservative,1000.0,1.0,simMed_test.mat,3e-05,105,0.5614758805091413,0.05445668578193068,0.4399277634056081,0.5070191947272107,0.12154811710353325,0.0006526801043145581,8.434294105823042e-06,0.000602656074826218,4488,6877337,3.16e-05,False,True,False,True,True
same_asset_target_free_conservative,1000.0,1.0,simMed_test.mat,0.0001,105,0.5614758805091413,0.05445668578193068,0.4399277634056081,0.5070191947272107,0.12154811710353325,0.0006526801043145581,8.434294105823042e-06,0.000602656074826218,4488,6877337,0.00010510000000000001,False,True,False,True,True
same_asset_target_free_conservative,1000.0,1.0,simMed_test.mat,0.0003,105,0.5614758805091413,0.05445668578193068,0.4399277634056081,0.5070191947272107,0.12154811710353325,0.0006526801043145581,8.434294105823042e-06,0.000602656074826218,4488,6877337,0.00031509999999999996,False,True,False,True,True
same_asset_target_free_conservative,1000.0,1.0,simMed_test.mat,0.001,105,0.5658219650894367,0.05470088602613092,0.4459745610781645,0.5111210790633058,0.1198474040112722,0.0006695494120468901,8.434294105823042e-06,0.000619961585356831,4604,6877337,0.0010501000000000002,True,True,True,True,True
same_asset_target_free_conservative,1000.0,1.0,simMed_test.mat,0.003,105,0.582372602734481,0.0781139845070218,0.4657849457505103,0.5042586182274592,0.11658765698397067,0.0007323737201552028,1.5850725438369646e-05,0.0006833675312517056,5036,6877337,0.0031501,True,True,True,True,True
same_asset_target_free_conservative,1000.0,1.0,simMed_test.mat,0.01,105,0.6117584070163372,0.10756648816697639,0.5058578438401101,0.5041919188493609,0.10590056317622709,0.0009102287094515099,3.722715648196352e-05,0.0008641310647307332,6259,6877337,0.0105001,True,True,True,True,True
same_asset_target_free_conservative,1000.0,1.0,simWind_test.mat,1e-05,105,0.5561263993521649,0.0721301168808562,0.3935000841325194,0.4839962824713087,0.1626263152196455,0.0005260126577497765,1.0470130775905792e-05,0.00043585339809578603,3617,6877337,1.0600000000000002e-05,False,True,False,True,True
same_asset_target_free_conservative,1000.0,1.0,simWind_test.mat,3e-05,105,0.5561263993521649,0.0721301168808562,0.3935000841325194,0.4839962824713087,0.1626263152196455,0.0005260126577497765,1.0470130775905792e-05,0.00043585339809578603,3617,6877337,3.16e-05,False,True,False,True,True
same_asset_target_free_conservative,1000.0,1.0,simWind_test.mat,0.0001,105,0.5561263993521649,0.0721301168808562,0.3935000841325194,0.4839962824713087,0.1626263152196455,0.0005260126577497765,1.0470130775905792e-05,0.00043585339809578603,3617,6877337,0.00010510000000000001,False,True,False,True,True
same_asset_target_free_conservative,1000.0,1.0,simWind_test.mat,0.0003,105,0.5561263993521649,0.0721301168808562,0.3935000841325194,0.4839962824713087,0.1626263152196455,0.0005260126577497765,1.0470130775905792e-05,0.00043585339809578603,3617,6877337,0.00031509999999999996,False,True,False,True,True
same_asset_target_free_conservative,1000.0,1.0,simWind_test.mat,0.001,105,0.5576304431668379,0.07680541719094329,0.39500412794719236,0.48082502597589455,0.1626263152196455,0.0005290667679279614,1.1633519577767175e-05,0.0004393437621403459,3638,6877337,0.0010501000000000002,True,True,True,True,True
same_asset_target_free_conservative,1000.0,1.0,simWind_test.mat,0.003,105,0.5854864770985732,0.08532213978363944,0.44028590389300853,0.5001643373149337,0.14520057320556462,0.0006363912869434674,1.4832789406214485e-05,0.0005539395017457062,4376,6877337,0.0031501,True,True,True,True,True
same_asset_target_free_conservative,1000.0,1.0,simWind_test.mat,0.01,105,0.6350041941243904,0.1356314737309295,0.5146669373547608,0.4993727203934608,0.12033725676962959,0.0008683457774751371,4.435237379505854e-05,0.000796073936883479,5971,6877337,0.0105001,True,True,True,True,True
same_asset_target_free_conservative,1000.0,4.0,combined,1e-05,210,0.5583942268812347,0.06329340133139344,0.41671392376906374,0.4951008255498413,0.141680303112171,0.0005889828546325306,9.452212440864415e-06,0.000519254736461002,8100,13754674,1.0600000000000002e-05,False,True,False,True,True
same_asset_target_free_conservative,1000.0,4.0,combined,3e-05,210,0.5583942268812347,0.06329340133139344,0.41671392376906374,0.4951008255498413,0.141680303112171,0.0005889828546325306,9.452212440864415e-06,0.000519254736461002,8100,13754674,3.16e-05,False,True,False,True,True
same_asset_target_free_conservative,1000.0,4.0,combined,0.0001,210,0.5583942268812347,0.06329340133139344,0.41671392376906374,0.4951008255498413,0.141680303112171,0.0005889828546325306,9.452212440864415e-06,0.000519254736461002,8100,13754674,0.00010510000000000001,False,True,False,True,True
same_asset_target_free_conservative,1000.0,4.0,combined,0.0003,210,0.5583942268812347,0.06329340133139344,0.41671392376906374,0.4951008255498413,0.141680303112171,0.0005889828546325306,9.452212440864415e-06,0.000519254736461002,8100,13754674,0.00031509999999999996,False,True,False,True,True
same_asset_target_free_conservative,1000.0,4.0,combined,0.001,210,0.5613192910787189,0.0657531516085371,0.4204893445126785,0.4955661394701818,0.14082994656604042,0.0005989445635877891,1.0033906841795108e-05,0.0005296526737485884,8237,13754674,0.0010501000000000002,True,True,True,True,True
same_asset_target_free_conservative,1000.0,4.0,combined,0.003,210,0.5835226268671088,0.08171806214533062,0.45303542482175946,0.5018045647217781,0.1304872020453493,0.0006840189771496983,1.5341757422292066e-05,0.0006186535164987059,9407,13754674,0.0031501,True,True,True,True,True
same_asset_target_free_conservative,1000.0,4.0,combined,0.01,210,0.6230715692507802,0.12159898094895295,0.5102623905974354,0.5014725883018273,0.11280917865334483,0.0008890691076385087,4.0789765138511033e-05,0.0008301025008071062,12227,13754674,0.0105001,True,True,True,True,True
same_asset_target_free_conservative,1000.0,4.0,simMed_test.mat,1e-05,105,0.561203771665604,0.05445668578193068,0.4399277634056081,0.5067470858836733,0.1212760082599959,0.0006522438770773025,8.434294105823042e-06,0.000602656074826218,4485,6877337,1.0600000000000002e-05,False,True,False,True,True
same_asset_target_free_conservative,1000.0,4.0,simMed_test.mat,3e-05,105,0.561203771665604,0.05445668578193068,0.4399277634056081,0.5067470858836733,0.1212760082599959,0.0006522438770773025,8.434294105823042e-06,0.000602656074826218,4485,6877337,3.16e-05,False,True,False,True,True
same_asset_target_free_conservative,1000.0,4.0,simMed_test.mat,0.0001,105,0.561203771665604,0.05445668578193068,0.4399277634056081,0.5067470858836733,0.1212760082599959,0.0006522438770773025,8.434294105823042e-06,0.000602656074826218,4485,6877337,0.00010510000000000001,False,True,False,True,True
same_asset_target_free_conservative,1000.0,4.0,simMed_test.mat,0.0003,105,0.561203771665604,0.05445668578193068,0.4399277634056081,0.5067470858836733,0.1212760082599959,0.0006522438770773025,8.434294105823042e-06,0.000602656074826218,4485,6877337,0.00031509999999999996,False,True,False,True,True
same_asset_target_free_conservative,1000.0,4.0,simMed_test.mat,0.001,105,0.5655498562458993,0.05470088602613092,0.4459745610781645,0.5108489702197684,0.11957529516773474,0.0006691131848096347,8.434294105823042e-06,0.000619961585356831,4601,6877337,0.0010501000000000002,True,True,True,True,True
same_asset_target_free_conservative,1000.0,4.0,simMed_test.mat,0.003,105,0.5821004938909436,0.0781139845070218,0.4657849457505103,0.5039865093839219,0.11631554814043332,0.0007319374929179473,1.5850725438369646e-05,0.0006833675312517056,5033,6877337,0.0031501,True,True,True,True,True
same_asset_target_free_conservative,1000.0,4.0,simMed_test.mat,0.01,105,0.6114862981727998,0.10756648816697639,0.5058578438401101,0.5039198100058233,0.10562845433268964,0.0009099378861062805,3.722715648196352e-05,0.0008641310647307332,6257,6877337,0.0105001,True,True,True,True,True
same_asset_target_free_conservative,1000.0,4.0,simWind_test.mat,1e-05,105,0.5555846820968656,0.0721301168808562,0.3935000841325194,0.48345456521600944,0.1620845979643462,0.0005257218321877585,1.0470130775905792e-05,0.00043585339809578603,3615,6877337,1.0600000000000002e-05,False,True,False,True,True
same_asset_target_free_conservative,1000.0,4.0,simWind_test.mat,3e-05,105,0.5555846820968656,0.0721301168808562,0.3935000841325194,0.48345456521600944,0.1620845979643462,0.0005257218321877585,1.0470130775905792e-05,0.00043585339809578603,3615,6877337,3.16e-05,False,True,False,True,True
same_asset_target_free_conservative,1000.0,4.0,simWind_test.mat,0.0001,105,0.5555846820968656,0.0721301168808562,0.3935000841325194,0.48345456521600944,0.1620845979643462,0.0005257218321877585,1.0470130775905792e-05,0.00043585339809578603,3615,6877337,0.00010510000000000001,False,True,False,True,True
same_asset_target_free_conservative,1000.0,4.0,simWind_test.mat,0.0003,105,0.5555846820968656,0.0721301168808562,0.3935000841325194,0.48345456521600944,0.1620845979643462,0.0005257218321877585,1.0470130775905792e-05,0.00043585339809578603,3615,6877337,0.00031509999999999996,False,True,False,True,True
same_asset_target_free_conservative,1000.0,4.0,simWind_test.mat,0.001,105,0.5570887259115386,0.07680541719094329,0.39500412794719236,0.48028330872059527,0.1620845979643462,0.0005287759423659434,1.1633519577767175e-05,0.0004393437621403459,3636,6877337,0.0010501000000000002,True,True,True,True,True
same_asset_target_free_conservative,1000.0,4.0,simWind_test.mat,0.003,105,0.5849447598432739,0.08532213978363944,0.44028590389300853,0.4996226200596344,0.14465885595026534,0.0006361004613814494,1.4832789406214485e-05,0.0005539395017457062,4374,6877337,0.0031501,True,True,True,True,True
same_asset_target_free_conservative,1000.0,4.0,simWind_test.mat,0.01,105,0.6346568403287606,0.1356314737309295,0.5146669373547608,0.49902536659783103,0.1199899029739998,0.0008682003291707369,4.435237379505854e-05,0.000796073936883479,5970,6877337,0.0105001,True,True,True,True,True
same_asset_target_free_conservative,1000.0,16.0,combined,1e-05,210,0.5547123461998333,0.06329340133139344,0.41671392376906374,0.4914189448684399,0.1379984224307696,0.0005864380932575753,9.452212440864415e-06,0.000519254736461002,8065,13754674,1.0600000000000002e-05,False,True,False,True,True
same_asset_target_free_conservative,1000.0,16.0,combined,3e-05,210,0.5547123461998333,0.06329340133139344,0.41671392376906374,0.4914189448684399,0.1379984224307696,0.0005864380932575753,9.452212440864415e-06,0.000519254736461002,8065,13754674,3.16e-05,False,True,False,True,True
same_asset_target_free_conservative,1000.0,16.0,combined,0.0001,210,0.5547123461998333,0.06329340133139344,0.41671392376906374,0.4914189448684399,0.1379984224307696,0.0005864380932575753,9.452212440864415e-06,0.000519254736461002,8065,13754674,0.00010510000000000001,False,True,False,True,True
same_asset_target_free_conservative,1000.0,16.0,combined,0.0003,210,0.5547123461998333,0.06329340133139344,0.41671392376906374,0.4914189448684399,0.1379984224307696,0.0005864380932575753,9.452212440864415e-06,0.000519254736461002,8065,13754674,0.00031509999999999996,False,True,False,True,True
same_asset_target_free_conservative,1000.0,16.0,combined,0.001,210,0.5576374103973175,0.0657531516085371,0.4204893445126785,0.4918842587887804,0.13714806588463901,0.0005963998022128337,1.0033906841795108e-05,0.0005296526737485884,8202,13754674,0.0010501000000000002,True,True,True,True,True
same_asset_target_free_conservative,1000.0,16.0,combined,0.003,210,0.5802574886237263,0.08171806214533062,0.45303542482175946,0.49853942647839566,0.12722206380196682,0.0006816196352166938,1.5341757422292066e-05,0.0006186535164987059,9374,13754674,0.0031501,True,True,True,True,True
same_asset_target_free_conservative,1000.0,16.0,combined,0.01,210,0.6204369521120568,0.12159898094895295,0.5102623905974354,0.4988379711631039,0.11017456151462146,0.0008869606012605958,4.0789765138511033e-05,0.0008301025008071062,12198,13754674,0.0105001,True,True,True,True,True
same_asset_target_free_conservative,1000.0,16.0,simMed_test.mat,1e-05,105,0.559051607352449,0.05445668578193068,0.4399277634056081,0.5045949215705183,0.11912384394684089,0.0006507898647461685,8.434294105823042e-06,0.000602656074826218,4475,6877337,1.0600000000000002e-05,False,True,False,True,True
same_asset_target_free_conservative,1000.0,16.0,simMed_test.mat,3e-05,105,0.559051607352449,0.05445668578193068,0.4399277634056081,0.5045949215705183,0.11912384394684089,0.0006507898647461685,8.434294105823042e-06,0.000602656074826218,4475,6877337,3.16e-05,False,True,False,True,True
same_asset_target_free_conservative,1000.0,16.0,simMed_test.mat,0.0001,105,0.559051607352449,0.05445668578193068,0.4399277634056081,0.5045949215705183,0.11912384394684089,0.0006507898647461685,8.434294105823042e-06,0.000602656074826218,4475,6877337,0.00010510000000000001,False,True,False,True,True
same_asset_target_free_conservative,1000.0,16.0,simMed_test.mat,0.0003,105,0.559051607352449,0.05445668578193068,0.4399277634056081,0.5045949215705183,0.11912384394684089,0.0006507898647461685,8.434294105823042e-06,0.000602656074826218,4475,6877337,0.00031509999999999996,False,True,False,True,True
same_asset_target_free_conservative,1000.0,16.0,simMed_test.mat,0.001,105,0.5633976919327442,0.05470088602613092,0.4459745610781645,0.5086968059066134,0.11742313085457973,0.0006676591724785006,8.434294105823042e-06,0.000619961585356831,4591,6877337,0.0010501000000000002,True,True,True,True,True
same_asset_target_free_conservative,1000.0,16.0,simMed_test.mat,0.003,105,0.5803146299440889,0.0781139845070218,0.4657849457505103,0.5022006454370671,0.11452968419357856,0.0007304834805868133,1.5850725438369646e-05,0.0006833675312517056,5023,6877337,0.0031501,True,True,True,True,True
same_asset_target_free_conservative,1000.0,16.0,simMed_test.mat,0.01,105,0.6097004342259451,0.10756648816697639,0.5058578438401101,0.5021339460589687,0.10384259038583499,0.0009086292576904514,3.722715648196352e-05,0.0008641310647307332,6248,6877337,0.0105001,True,True,True,True,True
same_asset_target_free_conservative,1000.0,16.0,simWind_test.mat,1e-05,105,0.5503730850472177,0.0721301168808562,0.3935000841325194,0.4782429681663615,0.1568730009146983,0.000522086321768982,1.0470130775905792e-05,0.00043585339809578603,3590,6877337,1.0600000000000002e-05,False,True,False,True,True
same_asset_target_free_conservative,1000.0,16.0,simWind_test.mat,3e-05,105,0.5503730850472177,0.0721301168808562,0.3935000841325194,0.4782429681663615,0.1568730009146983,0.000522086321768982,1.0470130775905792e-05,0.00043585339809578603,3590,6877337,3.16e-05,False,True,False,True,True
same_asset_target_free_conservative,1000.0,16.0,simWind_test.mat,0.0001,105,0.5503730850472177,0.0721301168808562,0.3935000841325194,0.4782429681663615,0.1568730009146983,0.000522086321768982,1.0470130775905792e-05,0.00043585339809578603,3590,6877337,0.00010510000000000001,False,True,False,True,True
same_asset_target_free_conservative,1000.0,16.0,simWind_test.mat,0.0003,105,0.5503730850472177,0.0721301168808562,0.3935000841325194,0.4782429681663615,0.1568730009146983,0.000522086321768982,1.0470130775905792e-05,0.00043585339809578603,3590,6877337,0.00031509999999999996,False,True,False,True,True
same_asset_target_free_conservative,1000.0,16.0,simWind_test.mat,0.001,105,0.5518771288618908,0.07680541719094329,0.39500412794719236,0.47507171167094747,0.1568730009146984,0.0005251404319471668,1.1633519577767175e-05,0.0004393437621403459,3611,6877337,0.0010501000000000002,True,True,True,True,True
same_asset_target_free_conservative,1000.0,16.0,simWind_test.mat,0.003,105,0.5802003473033637,0.08532213978363944,0.44028590389300853,0.4948782075197242,0.13991444341035514,0.0006327557898465744,1.4832789406214485e-05,0.0005539395017457062,4351,6877337,0.0031501,True,True,True,True,True
same_asset_target_free_conservative,1000.0,16.0,simWind_test.mat,0.01,105,0.6311734699981686,0.1356314737309295,0.5146669373547608,0.49554199626723905,0.11650653264340782,0.0008652919448307401,4.435237379505854e-05,0.000796073936883479,5950,6877337,0.0105001,True,True,True,True,True
same_asset_target_free_conservative,1000.0,64.0,combined,1e-05,210,0.5465617624651722,0.06329340133139344,0.41671392376906374,0.48326836113377875,0.12984783869610844,0.0005763317730593667,9.452212440864415e-06,0.000519254736461002,7926,13754674,1.0600000000000002e-05,False,True,False,True,True
same_asset_target_free_conservative,1000.0,64.0,combined,3e-05,210,0.5465617624651722,0.06329340133139344,0.41671392376906374,0.48326836113377875,0.12984783869610844,0.0005763317730593667,9.452212440864415e-06,0.000519254736461002,7926,13754674,3.16e-05,False,True,False,True,True
same_asset_target_free_conservative,1000.0,64.0,combined,0.0001,210,0.5465617624651722,0.06329340133139344,0.41671392376906374,0.48326836113377875,0.12984783869610844,0.0005763317730593667,9.452212440864415e-06,0.000519254736461002,7926,13754674,0.00010510000000000001,False,True,False,True,True
same_asset_target_free_conservative,1000.0,64.0,combined,0.0003,210,0.5465617624651722,0.06329340133139344,0.41671392376906374,0.48326836113377875,0.12984783869610844,0.0005763317730593667,9.452212440864415e-06,0.000519254736461002,7926,13754674,0.00031509999999999996,False,True,False,True,True
same_asset_target_free_conservative,1000.0,64.0,combined,0.001,210,0.5496773028531325,0.0657531516085371,0.4204893445126785,0.4839241512445954,0.12918795834045405,0.000586366203945596,1.0033906841795108e-05,0.0005296526737485884,8064,13754674,0.0010501000000000002,True,True,True,True,True
same_asset_target_free_conservative,1000.0,64.0,combined,0.003,210,0.573598428710357,0.08171806214533062,0.45303542482175946,0.49188036656502643,0.12056300388859759,0.0006722404621734985,1.5341757422292066e-05,0.0006186535164987059,9245,13754674,0.0031501,True,True,True,True,True
same_asset_target_free_conservative,1000.0,64.0,combined,0.01,210,0.6148142530083403,0.12159898094895295,0.5102623905974354,0.4932152720593873,0.10455186241090486,0.0008784540158911712,4.0789765138511033e-05,0.0008301025008071062,12081,13754674,0.0105001,True,True,True,True,True
same_asset_target_free_conservative,1000.0,64.0,simMed_test.mat,1e-05,105,0.5513460433243291,0.05445668578193068,0.4399277634056081,0.49688935754239844,0.11141827991872105,0.0006452637994959459,8.434294105823042e-06,0.000602656074826218,4437,6877337,1.0600000000000002e-05,False,True,False,True,True
same_asset_target_free_conservative,1000.0,64.0,simMed_test.mat,3e-05,105,0.5513460433243291,0.05445668578193068,0.4399277634056081,0.49688935754239844,0.11141827991872105,0.0006452637994959459,8.434294105823042e-06,0.000602656074826218,4437,6877337,3.16e-05,False,True,False,True,True
same_asset_target_free_conservative,1000.0,64.0,simMed_test.mat,0.0001,105,0.5513460433243291,0.05445668578193068,0.4399277634056081,0.49688935754239844,0.11141827991872105,0.0006452637994959459,8.434294105823042e-06,0.000602656074826218,4437,6877337,0.00010510000000000001,False,True,False,True,True
same_asset_target_free_conservative,1000.0,64.0,simMed_test.mat,0.0003,105,0.5513460433243291,0.05445668578193068,0.4399277634056081,0.49688935754239844,0.11141827991872105,0.0006452637994959459,8.434294105823042e-06,0.000602656074826218,4437,6877337,0.00031509999999999996,False,True,False,True,True
same_asset_target_free_conservative,1000.0,64.0,simMed_test.mat,0.001,105,0.5560730802855769,0.05470088602613092,0.4459745610781645,0.501372194259446,0.11009851920741237,0.0006621331072282781,8.434294105823042e-06,0.000619961585356831,4553,6877337,0.0010501000000000002,True,True,True,True,True
same_asset_target_free_conservative,1000.0,64.0,simMed_test.mat,0.003,105,0.5731514387973251,0.0781139845070218,0.4657849457505103,0.4950374542903033,0.10736649304681478,0.0007249574153365907,1.5850725438369646e-05,0.0006833675312517056,4985,6877337,0.0031501,True,True,True,True,True
same_asset_target_free_conservative,1000.0,64.0,simMed_test.mat,0.01,105,0.6036415438853454,0.10756648816697639,0.5058578438401101,0.496075055718369,0.09778370004523529,0.0009033941090422286,3.722715648196352e-05,0.0008641310647307332,6212,6877337,0.0105001,True,True,True,True,True
same_asset_target_free_conservative,1000.0,64.0,simWind_test.mat,1e-05,105,0.5417774816060152,0.0721301168808562,0.3935000841325194,0.46964736472515906,0.14827739747349583,0.0005073997466227872,1.0470130775905792e-05,0.00043585339809578603,3489,6877337,1.0600000000000002e-05,False,True,False,True,True
same_asset_target_free_conservative,1000.0,64.0,simWind_test.mat,3e-05,105,0.5417774816060152,0.0721301168808562,0.3935000841325194,0.46964736472515906,0.14827739747349583,0.0005073997466227872,1.0470130775905792e-05,0.00043585339809578603,3489,6877337,3.16e-05,False,True,False,True,True
same_asset_target_free_conservative,1000.0,64.0,simWind_test.mat,0.0001,105,0.5417774816060152,0.0721301168808562,0.3935000841325194,0.46964736472515906,0.14827739747349583,0.0005073997466227872,1.0470130775905792e-05,0.00043585339809578603,3489,6877337,0.00010510000000000001,False,True,False,True,True
same_asset_target_free_conservative,1000.0,64.0,simWind_test.mat,0.0003,105,0.5417774816060152,0.0721301168808562,0.3935000841325194,0.46964736472515906,0.14827739747349583,0.0005073997466227872,1.0470130775905792e-05,0.00043585339809578603,3489,6877337,0.00031509999999999996,False,True,False,True,True
same_asset_target_free_conservative,1000.0,64.0,simWind_test.mat,0.001,105,0.5432815254206882,0.07680541719094329,0.39500412794719236,0.4664761082297449,0.14827739747349583,0.0005105993006629139,1.1633519577767175e-05,0.0004393437621403459,3511,6877337,0.0010501000000000002,True,True,True,True,True
same_asset_target_free_conservative,1000.0,64.0,simWind_test.mat,0.003,105,0.574045418623389,0.08532213978363944,0.44028590389300853,0.48872327883974953,0.13375951473038045,0.0006195235090104066,1.4832789406214485e-05,0.0005539395017457062,4260,6877337,0.0031501,True,True,True,True,True
same_asset_target_free_conservative,1000.0,64.0,simWind_test.mat,0.01,105,0.6259869621313351,0.1356314737309295,0.5146669373547608,0.49035548840040555,0.11132002477657432,0.0008535139227401138,4.435237379505854e-05,0.000796073936883479,5869,6877337,0.0105001,True,True,True,True,True
same_asset_target_free_conservative,1000.0,256.0,combined,1e-05,210,0.5172467502925157,0.06329340133139344,0.41671392376906374,0.4539533489611222,0.10053282652345191,0.0005537920163980703,9.452212440864415e-06,0.000519254736461002,7616,13754674,1.0600000000000002e-05,False,True,False,True,True
same_asset_target_free_conservative,1000.0,256.0,combined,3e-05,210,0.5172467502925157,0.06329340133139344,0.41671392376906374,0.4539533489611222,0.10053282652345191,0.0005537920163980703,9.452212440864415e-06,0.000519254736461002,7616,13754674,3.16e-05,False,True,False,True,True
same_asset_target_free_conservative,1000.0,256.0,combined,0.0001,210,0.5172467502925157,0.06329340133139344,0.41671392376906374,0.4539533489611222,0.10053282652345191,0.0005537920163980703,9.452212440864415e-06,0.000519254736461002,7616,13754674,0.00010510000000000001,False,True,False,True,True
same_asset_target_free_conservative,1000.0,256.0,combined,0.0003,210,0.5172467502925157,0.06329340133139344,0.41671392376906374,0.4539533489611222,0.10053282652345191,0.0005537920163980703,9.452212440864415e-06,0.000519254736461002,7616,13754674,0.00031509999999999996,False,True,False,True,True
same_asset_target_free_conservative,1000.0,256.0,combined,0.001,210,0.5206814669996523,0.0657531516085371,0.4204893445126785,0.4549283153911152,0.10019212248697384,0.0005640445431335038,1.0033906841795108e-05,0.0005296526737485884,7757,13754674,0.0010501000000000002,True,True,True,True,True
same_asset_target_free_conservative,1000.0,256.0,combined,0.003,210,0.5466016263175663,0.08171806214533062,0.45303542482175946,0.46488356417223564,0.0935662014958068,0.0006510094093903582,1.5341757422292066e-05,0.0006186535164987059,8953,13754674,0.0031501,True,True,True,True,True
same_asset_target_free_conservative,1000.0,256.0,combined,0.01,210,0.591645746078917,0.12159898094895295,0.5102623905974354,0.470046765129964,0.08138335548148157,0.0008598407583447742,4.0789765138511033e-05,0.0008301025008071062,11825,13754674,0.0105001,True,True,True,True,True
same_asset_target_free_conservative,1000.0,256.0,simMed_test.mat,1e-05,105,0.527459707846649,0.05445668578193068,0.4399277634056081,0.4730030220647183,0.0875319444410409,0.0006302858192903492,8.434294105823042e-06,0.000602656074826218,4334,6877337,1.0600000000000002e-05,False,True,False,True,True
same_asset_target_free_conservative,1000.0,256.0,simMed_test.mat,3e-05,105,0.527459707846649,0.05445668578193068,0.4399277634056081,0.4730030220647183,0.0875319444410409,0.0006302858192903492,8.434294105823042e-06,0.000602656074826218,4334,6877337,3.16e-05,False,True,False,True,True
same_asset_target_free_conservative,1000.0,256.0,simMed_test.mat,0.0001,105,0.527459707846649,0.05445668578193068,0.4399277634056081,0.4730030220647183,0.0875319444410409,0.0006302858192903492,8.434294105823042e-06,0.000602656074826218,4334,6877337,0.00010510000000000001,False,True,False,True,True
same_asset_target_free_conservative,1000.0,256.0,simMed_test.mat,0.0003,105,0.527459707846649,0.05445668578193068,0.4399277634056081,0.4730030220647183,0.0875319444410409,0.0006302858192903492,8.434294105823042e-06,0.000602656074826218,4334,6877337,0.00031509999999999996,False,True,False,True,True
same_asset_target_free_conservative,1000.0,256.0,simMed_test.mat,0.001,105,0.5328250974462493,0.05470088602613092,0.4459745610781645,0.47812421142011835,0.08685053636808476,0.0006474459192688093,8.434294105823042e-06,0.000619961585356831,4452,6877337,0.0010501000000000002,True,True,True,True,True
same_asset_target_free_conservative,1000.0,256.0,simMed_test.mat,0.003,105,0.5507087881919012,0.0781139845070218,0.4657849457505103,0.4725948036848794,0.08492384244139084,0.0007104156312691479,1.5850725438369646e-05,0.0006833675312517056,4885,6877337,0.0031501,True,True,True,True,True
same_asset_target_free_conservative,1000.0,256.0,simMed_test.mat,0.01,105,0.5825420597725897,0.10756648816697639,0.5058578438401101,0.47497557160561327,0.07668421593247954,0.0008895795065366577,3.722715648196352e-05,0.0008641310647307332,6117,6877337,0.0105001,True,True,True,True,True
same_asset_target_free_conservative,1000.0,256.0,simWind_test.mat,1e-05,105,0.5070337927383822,0.0721301168808562,0.3935000841325194,0.43490367585752604,0.11353370860586282,0.0004772982135057913,1.0470130775905792e-05,0.00043585339809578603,3282,6877337,1.0600000000000002e-05,False,True,False,True,True
same_asset_target_free_conservative,1000.0,256.0,simWind_test.mat,3e-05,105,0.5070337927383822,0.0721301168808562,0.3935000841325194,0.43490367585752604,0.11353370860586282,0.0004772982135057913,1.0470130775905792e-05,0.00043585339809578603,3282,6877337,3.16e-05,False,True,False,True,True
same_asset_target_free_conservative,1000.0,256.0,simWind_test.mat,0.0001,105,0.5070337927383822,0.0721301168808562,0.3935000841325194,0.43490367585752604,0.11353370860586282,0.0004772982135057913,1.0470130775905792e-05,0.00043585339809578603,3282,6877337,0.00010510000000000001,False,True,False,True,True
same_asset_target_free_conservative,1000.0,256.0,simWind_test.mat,0.0003,105,0.5070337927383822,0.0721301168808562,0.3935000841325194,0.43490367585752604,0.11353370860586282,0.0004772982135057913,1.0470130775905792e-05,0.00043585339809578603,3282,6877337,0.00031509999999999996,False,True,False,True,True
same_asset_target_free_conservative,1000.0,256.0,simWind_test.mat,0.001,105,0.5085378365530553,0.07680541719094329,0.39500412794719236,0.431732419362112,0.11353370860586293,0.0004806431669981982,1.1633519577767175e-05,0.0004393437621403459,3305,6877337,0.0010501000000000002,True,True,True,True,True
same_asset_target_free_conservative,1000.0,256.0,simWind_test.mat,0.003,105,0.5424944644432312,0.08532213978363944,0.44028590389300853,0.4571723246595918,0.1022085605502227,0.0005916031875115687,1.4832789406214485e-05,0.0005539395017457062,4068,6877337,0.0031501,True,True,True,True,True
same_asset_target_free_conservative,1000.0,256.0,simWind_test.mat,0.01,105,0.600749432385244,0.1356314737309295,0.5146669373547608,0.4651179586543145,0.08608249503048326,0.0008301020101528906,4.435237379505854e-05,0.000796073936883479,5708,6877337,0.0105001,True,True,True,True,True
