asset,item_id,image_index,pfa_target,target_method,comparator,target_pd,comparator_pd,delta_pd,target_empirical_pfa,target_count,outcome
simMed_test.mat,simMed_test.mat#0,0,1e-05,tpsscs_finished_detector,raw,0.1627906976744186,0.0232558139534883,0.1395348837209303,0.0,43,win
simMed_test.mat,simMed_test.mat#0,0,3e-05,tpsscs_finished_detector,raw,0.1627906976744186,0.0232558139534883,0.1395348837209303,1.526880735345762e-05,43,win
simMed_test.mat,simMed_test.mat#0,0,0.0001,tpsscs_finished_detector,raw,0.2558139534883721,0.0930232558139534,0.1627906976744187,9.161284412074572e-05,43,win
simMed_test.mat,simMed_test.mat#0,0,0.0003,tpsscs_finished_detector,raw,0.4883720930232558,0.1162790697674418,0.372093023255814,0.0002901073397156,43,win
simMed_test.mat,simMed_test.mat#0,0,0.001,tpsscs_finished_detector,raw,0.7906976744186046,0.2325581395348837,0.5581395348837209,0.0009924724779747,43,win
simMed_test.mat,simMed_test.mat#0,0,0.003,tpsscs_finished_detector,raw,0.9767441860465116,0.3255813953488372,0.6511627906976745,0.0029926862412776,43,win
simMed_test.mat,simMed_test.mat#0,0,0.01,tpsscs_finished_detector,raw,0.9767441860465116,0.4651162790697674,0.5116279069767442,0.0099858000091612,43,win
simMed_test.mat,simMed_test.mat#100,100,1e-05,tpsscs_finished_detector,raw,0.1698113207547169,0.1132075471698113,0.05660377358490559,0.0,53,win
simMed_test.mat,simMed_test.mat#100,100,3e-05,tpsscs_finished_detector,raw,0.2075471698113207,0.1320754716981132,0.0754716981132075,1.527113907426355e-05,53,win
simMed_test.mat,simMed_test.mat#100,100,0.0001,tpsscs_finished_detector,raw,0.320754716981132,0.2264150943396226,0.09433962264150941,9.16268344455813e-05,53,win
simMed_test.mat,simMed_test.mat#100,100,0.0003,tpsscs_finished_detector,raw,0.4716981132075472,0.2641509433962264,0.20754716981132076,0.000290151642411,53,win
simMed_test.mat,simMed_test.mat#100,100,0.001,tpsscs_finished_detector,raw,0.8113207547169812,0.3018867924528302,0.509433962264151,0.0009926240398271,53,win
simMed_test.mat,simMed_test.mat#100,100,0.003,tpsscs_finished_detector,raw,0.8867924528301887,0.4150943396226415,0.47169811320754723,0.0029931432585556,53,win
simMed_test.mat,simMed_test.mat#100,100,0.01,tpsscs_finished_detector,raw,0.9433962264150944,0.5094339622641509,0.4339622641509434,0.0099873249545683,53,win
simMed_test.mat,simMed_test.mat#101,101,1e-05,tpsscs_finished_detector,raw,0.0980392156862745,0.0980392156862745,0.0,0.0,51,tie
simMed_test.mat,simMed_test.mat#101,101,3e-05,tpsscs_finished_detector,raw,0.1176470588235294,0.0980392156862745,0.0196078431372549,1.527067267313125e-05,51,win
simMed_test.mat,simMed_test.mat#101,101,0.0001,tpsscs_finished_detector,raw,0.2941176470588235,0.2549019607843137,0.039215686274509776,9.16240360387875e-05,51,win
simMed_test.mat,simMed_test.mat#101,101,0.0003,tpsscs_finished_detector,raw,0.4509803921568627,0.4705882352941176,-0.019607843137254888,0.0002901427807894,51,loss
simMed_test.mat,simMed_test.mat#101,101,0.001,tpsscs_finished_detector,raw,0.6862745098039216,0.5490196078431373,0.13725490196078427,0.0009925937237535,51,win
simMed_test.mat,simMed_test.mat#101,101,0.003,tpsscs_finished_detector,raw,0.8823529411764706,0.6470588235294118,0.23529411764705876,0.0029930518439337,51,win
simMed_test.mat,simMed_test.mat#101,101,0.01,tpsscs_finished_detector,raw,0.8823529411764706,0.8431372549019608,0.039215686274509776,0.0099870199282278,51,win
simMed_test.mat,simMed_test.mat#102,102,1e-05,tpsscs_finished_detector,raw,0.2051282051282051,0.0256410256410256,0.1794871794871795,0.0,39,win
simMed_test.mat,simMed_test.mat#102,102,3e-05,tpsscs_finished_detector,raw,0.2051282051282051,0.0512820512820512,0.1538461538461539,1.526787486449761e-05,39,win
simMed_test.mat,simMed_test.mat#102,102,0.0001,tpsscs_finished_detector,raw,0.358974358974359,0.2307692307692307,0.12820512820512828,9.160724918698568e-05,39,win
simMed_test.mat,simMed_test.mat#102,102,0.0003,tpsscs_finished_detector,raw,0.4358974358974359,0.2564102564102564,0.17948717948717952,0.0002900896224254,39,win
simMed_test.mat,simMed_test.mat#102,102,0.001,tpsscs_finished_detector,raw,0.717948717948718,0.358974358974359,0.358974358974359,0.0009924118661923,39,win
simMed_test.mat,simMed_test.mat#102,102,0.003,tpsscs_finished_detector,raw,0.7948717948717948,0.5128205128205128,0.28205128205128205,0.0029925034734415,39,win
simMed_test.mat,simMed_test.mat#102,102,0.01,tpsscs_finished_detector,raw,0.8717948717948718,0.5897435897435898,0.28205128205128205,0.0099851901613814,39,win
simMed_test.mat,simMed_test.mat#104,104,1e-05,tpsscs_finished_detector,raw,0.32,0.24,0.08000000000000002,0.0,25,win
simMed_test.mat,simMed_test.mat#104,104,3e-05,tpsscs_finished_detector,raw,0.36,0.24,0.12,1.526461204988475e-05,25,win
simMed_test.mat,simMed_test.mat#104,104,0.0001,tpsscs_finished_detector,raw,0.52,0.28,0.24,9.158767229930853e-05,25,win
simMed_test.mat,simMed_test.mat#104,104,0.0003,tpsscs_finished_detector,raw,0.72,0.36,0.36,0.0002900276289478,25,win
simMed_test.mat,simMed_test.mat#104,104,0.001,tpsscs_finished_detector,raw,0.8,0.4,0.4,0.0009921997832425,25,win
simMed_test.mat,simMed_test.mat#104,104,0.003,tpsscs_finished_detector,raw,0.8,0.48,0.32000000000000006,0.0029918639617774,25,win
simMed_test.mat,simMed_test.mat#104,104,0.01,tpsscs_finished_detector,raw,0.88,0.56,0.31999999999999995,0.0099983208926745,25,win
simMed_test.mat,simMed_test.mat#105,105,1e-05,tpsscs_finished_detector,raw,0.1923076923076923,0.1153846153846153,0.076923076923077,0.0,26,win
simMed_test.mat,simMed_test.mat#105,105,3e-05,tpsscs_finished_detector,raw,0.2692307692307692,0.1153846153846153,0.1538461538461539,1.5264845061822624e-05,26,win
simMed_test.mat,simMed_test.mat#105,105,0.0001,tpsscs_finished_detector,raw,0.5,0.1923076923076923,0.3076923076923077,9.158907037093572e-05,26,win
simMed_test.mat,simMed_test.mat#105,105,0.0003,tpsscs_finished_detector,raw,0.6153846153846154,0.2692307692307692,0.3461538461538462,0.0002900320561746,26,win
simMed_test.mat,simMed_test.mat#105,105,0.001,tpsscs_finished_detector,raw,0.8076923076923077,0.3461538461538461,0.4615384615384616,0.0009922149290184,26,win
simMed_test.mat,simMed_test.mat#105,105,0.003,tpsscs_finished_detector,raw,0.8846153846153846,0.4230769230769231,0.4615384615384615,0.0029919096321172,26,win
simMed_test.mat,simMed_test.mat#105,105,0.01,tpsscs_finished_detector,raw,0.8846153846153846,0.5384615384615384,0.34615384615384615,0.0099984735154938,26,win
simMed_test.mat,simMed_test.mat#107,107,1e-05,tpsscs_finished_detector,raw,0.1224489795918367,0.0408163265306122,0.0816326530612245,0.0,49,win
simMed_test.mat,simMed_test.mat#107,107,3e-05,tpsscs_finished_detector,raw,0.1428571428571428,0.1224489795918367,0.02040816326530609,1.5270206300487118e-05,49,win
simMed_test.mat,simMed_test.mat#107,107,0.0001,tpsscs_finished_detector,raw,0.3061224489795918,0.2244897959183673,0.0816326530612245,9.162123780292272e-05,49,win
simMed_test.mat,simMed_test.mat#107,107,0.0003,tpsscs_finished_detector,raw,0.4693877551020408,0.3877551020408163,0.08163265306122447,0.0002901339197092,49,win
simMed_test.mat,simMed_test.mat#107,107,0.001,tpsscs_finished_detector,raw,0.6530612244897959,0.4897959183673469,0.16326530612244894,0.0009925634095316,49,win
simMed_test.mat,simMed_test.mat#107,107,0.003,tpsscs_finished_detector,raw,0.7142857142857143,0.6326530612244898,0.08163265306122447,0.0029929604348954,49,win
simMed_test.mat,simMed_test.mat#107,107,0.01,tpsscs_finished_detector,raw,0.8571428571428571,0.7755102040816326,0.08163265306122447,0.0099867149205185,49,win
simMed_test.mat,simMed_test.mat#108,108,1e-05,tpsscs_finished_detector,raw,0.24,0.04,0.19999999999999998,0.0,25,win
simMed_test.mat,simMed_test.mat#108,108,3e-05,tpsscs_finished_detector,raw,0.28,0.08,0.2,1.526461204988475e-05,25,win
simMed_test.mat,simMed_test.mat#108,108,0.0001,tpsscs_finished_detector,raw,0.32,0.16,0.16,9.158767229930853e-05,25,win
simMed_test.mat,simMed_test.mat#108,108,0.0003,tpsscs_finished_detector,raw,0.64,0.2,0.44,0.0002900276289478,25,win
simMed_test.mat,simMed_test.mat#108,108,0.001,tpsscs_finished_detector,raw,0.68,0.2,0.48000000000000004,0.0009921997832425,25,win
simMed_test.mat,simMed_test.mat#108,108,0.003,tpsscs_finished_detector,raw,0.92,0.32,0.6000000000000001,0.0029918639617774,25,win
simMed_test.mat,simMed_test.mat#108,108,0.01,tpsscs_finished_detector,raw,0.92,0.44,0.48000000000000004,0.0099983208926745,25,win
simMed_test.mat,simMed_test.mat#11,11,1e-05,tpsscs_finished_detector,raw,0.1379310344827586,0.0344827586206896,0.10344827586206899,0.0,58,win
simMed_test.mat,simMed_test.mat#11,11,3e-05,tpsscs_finished_detector,raw,0.1896551724137931,0.0862068965517241,0.10344827586206899,1.527230520174715e-05,58,win
simMed_test.mat,simMed_test.mat#11,11,0.0001,tpsscs_finished_detector,raw,0.3620689655172414,0.1896551724137931,0.1724137931034483,9.163383121048293e-05,58,win
simMed_test.mat,simMed_test.mat#11,11,0.0003,tpsscs_finished_detector,raw,0.4655172413793103,0.2413793103448276,0.22413793103448268,0.0002901737988331,58,win
simMed_test.mat,simMed_test.mat#11,11,0.001,tpsscs_finished_detector,raw,0.7068965517241379,0.293103448275862,0.4137931034482759,0.0009926998381135,58,win
simMed_test.mat,simMed_test.mat#11,11,0.003,tpsscs_finished_detector,raw,0.8448275862068966,0.3448275862068966,0.5,0.0029933718195424,58,win
simMed_test.mat,simMed_test.mat#11,11,0.01,tpsscs_finished_detector,raw,0.913793103448276,0.5689655172413793,0.3448275862068967,0.0099880876019426,58,win
simMed_test.mat,simMed_test.mat#110,110,1e-05,tpsscs_finished_detector,raw,0.1111111111111111,0.0634920634920634,0.0476190476190477,0.0,63,win
simMed_test.mat,simMed_test.mat#110,110,3e-05,tpsscs_finished_detector,raw,0.1428571428571428,0.0952380952380952,0.04761904761904759,1.5273471507338904e-05,63,win
simMed_test.mat,simMed_test.mat#110,110,0.0001,tpsscs_finished_detector,raw,0.2539682539682539,0.1746031746031746,0.0793650793650793,9.16408290440334e-05,63,win
simMed_test.mat,simMed_test.mat#110,110,0.0003,tpsscs_finished_detector,raw,0.4285714285714285,0.3174603174603174,0.1111111111111111,0.0002901959586394,63,win
simMed_test.mat,simMed_test.mat#110,110,0.001,tpsscs_finished_detector,raw,0.6984126984126984,0.4126984126984127,0.2857142857142857,0.000992775647977,63,win
simMed_test.mat,simMed_test.mat#110,110,0.003,tpsscs_finished_detector,raw,0.9206349206349206,0.4761904761904761,0.4444444444444445,0.0029936004154384,63,win
simMed_test.mat,simMed_test.mat#110,110,0.01,tpsscs_finished_detector,raw,0.9682539682539684,0.6031746031746031,0.3650793650793652,0.0099888503657996,63,win
simMed_test.mat,simMed_test.mat#111,111,1e-05,tpsscs_finished_detector,raw,0.1162790697674418,0.0697674418604651,0.0465116279069767,0.0,43,win
simMed_test.mat,simMed_test.mat#111,111,3e-05,tpsscs_finished_detector,raw,0.1395348837209302,0.0930232558139534,0.0465116279069768,1.526880735345762e-05,43,win
simMed_test.mat,simMed_test.mat#111,111,0.0001,tpsscs_finished_detector,raw,0.2325581395348837,0.1162790697674418,0.11627906976744189,9.161284412074572e-05,43,win
simMed_test.mat,simMed_test.mat#111,111,0.0003,tpsscs_finished_detector,raw,0.4651162790697674,0.1627906976744186,0.3023255813953488,0.0002901073397156,43,win
simMed_test.mat,simMed_test.mat#111,111,0.001,tpsscs_finished_detector,raw,0.5813953488372093,0.1860465116279069,0.3953488372093025,0.0009924724779747,43,win
simMed_test.mat,simMed_test.mat#111,111,0.003,tpsscs_finished_detector,raw,0.6976744186046512,0.2790697674418604,0.4186046511627908,0.0029926862412776,43,win
simMed_test.mat,simMed_test.mat#111,111,0.01,tpsscs_finished_detector,raw,0.7674418604651163,0.6744186046511628,0.09302325581395354,0.0099858000091612,43,win
simMed_test.mat,simMed_test.mat#112,112,1e-05,tpsscs_finished_detector,raw,0.1276595744680851,0.0,0.1276595744680851,0.0,47,win
simMed_test.mat,simMed_test.mat#112,112,3e-05,tpsscs_finished_detector,raw,0.1489361702127659,0.0425531914893617,0.10638297872340419,1.5269739956328543e-05,47,win
simMed_test.mat,simMed_test.mat#112,112,0.0001,tpsscs_finished_detector,raw,0.3829787234042553,0.0851063829787234,0.2978723404255319,9.161843973797126e-05,47,win
simMed_test.mat,simMed_test.mat#112,112,0.0003,tpsscs_finished_detector,raw,0.4680851063829787,0.2127659574468085,0.25531914893617014,0.0002901250591702,47,win
simMed_test.mat,simMed_test.mat#112,112,0.001,tpsscs_finished_detector,raw,0.7021276595744681,0.2765957446808511,0.425531914893617,0.0009925330971613,47,win
simMed_test.mat,simMed_test.mat#112,112,0.003,tpsscs_finished_detector,raw,0.8936170212765957,0.3829787234042553,0.5106382978723404,0.0029928690314403,47,win
simMed_test.mat,simMed_test.mat#112,112,0.01,tpsscs_finished_detector,raw,0.9361702127659576,0.5531914893617021,0.38297872340425543,0.0099864099314388,47,win
simMed_test.mat,simMed_test.mat#113,113,1e-05,tpsscs_finished_detector,raw,0.1428571428571428,0.1428571428571428,0.0,0.0,14,tie
simMed_test.mat,simMed_test.mat#113,113,3e-05,tpsscs_finished_detector,raw,0.2857142857142857,0.1428571428571428,0.1428571428571429,1.5262049387991818e-05,14,win
simMed_test.mat,simMed_test.mat#113,113,0.0001,tpsscs_finished_detector,raw,0.3571428571428571,0.2142857142857142,0.1428571428571429,9.157229632795092e-05,14,win
simMed_test.mat,simMed_test.mat#113,113,0.0003,tpsscs_finished_detector,raw,0.5,0.3571428571428571,0.1428571428571429,0.0002899789383718,14,win
simMed_test.mat,simMed_test.mat#113,113,0.001,tpsscs_finished_detector,raw,0.5,0.4285714285714285,0.07142857142857151,0.0009920332102194,14,win
simMed_test.mat,simMed_test.mat#113,113,0.003,tpsscs_finished_detector,raw,0.5,0.5,0.0,0.0029913616800463,14,tie
simMed_test.mat,simMed_test.mat#113,113,0.01,tpsscs_finished_detector,raw,0.5,0.7142857142857143,-0.2142857142857143,0.0099966423491346,14,loss
simMed_test.mat,simMed_test.mat#114,114,1e-05,tpsscs_finished_detector,raw,0.25,0.0833333333333333,0.16666666666666669,0.0,36,win
simMed_test.mat,simMed_test.mat#114,114,3e-05,tpsscs_finished_detector,raw,0.3333333333333333,0.1111111111111111,0.2222222222222222,1.5267175572519083e-05,36,win
simMed_test.mat,simMed_test.mat#114,114,0.0001,tpsscs_finished_detector,raw,0.4166666666666667,0.2222222222222222,0.19444444444444448,9.16030534351145e-05,36,win
simMed_test.mat,simMed_test.mat#114,114,0.0003,tpsscs_finished_detector,raw,0.6111111111111112,0.2222222222222222,0.38888888888888895,0.0002900763358778,36,win
simMed_test.mat,simMed_test.mat#114,114,0.001,tpsscs_finished_detector,raw,0.75,0.3055555555555556,0.4444444444444444,0.0009923664122137,36,win
simMed_test.mat,simMed_test.mat#114,114,0.003,tpsscs_finished_detector,raw,0.9166666666666666,0.4444444444444444,0.4722222222222222,0.0029923664122137,36,win
simMed_test.mat,simMed_test.mat#114,114,0.01,tpsscs_finished_detector,raw,0.9444444444444444,0.6388888888888888,0.3055555555555556,0.01,36,win
simMed_test.mat,simMed_test.mat#115,115,1e-05,tpsscs_finished_detector,raw,0.0909090909090909,0.0454545454545454,0.0454545454545455,0.0,22,win
simMed_test.mat,simMed_test.mat#115,115,3e-05,tpsscs_finished_detector,raw,0.0909090909090909,0.0454545454545454,0.0454545454545455,1.5263913056751228e-05,22,win
simMed_test.mat,simMed_test.mat#115,115,0.0001,tpsscs_finished_detector,raw,0.1363636363636363,0.1363636363636363,0.0,9.158347834050736e-05,22,tie
simMed_test.mat,simMed_test.mat#115,115,0.0003,tpsscs_finished_detector,raw,0.2727272727272727,0.1818181818181818,0.09090909090909091,0.0002900143480782,22,win
simMed_test.mat,simMed_test.mat#115,115,0.001,tpsscs_finished_detector,raw,0.4545454545454545,0.3181818181818182,0.1363636363636363,0.0009921543486888,22,win
simMed_test.mat,simMed_test.mat#115,115,0.003,tpsscs_finished_detector,raw,0.5454545454545454,0.3181818181818182,0.22727272727272724,0.0029917269591232,22,win
simMed_test.mat,simMed_test.mat#115,115,0.01,tpsscs_finished_detector,raw,0.7272727272727273,0.5909090909090909,0.13636363636363635,0.009997863052172,22,win
simMed_test.mat,simMed_test.mat#116,116,1e-05,tpsscs_finished_detector,raw,0.037037037037037,0.037037037037037,0.0,0.0,27,tie
simMed_test.mat,simMed_test.mat#116,116,3e-05,tpsscs_finished_detector,raw,0.074074074074074,0.037037037037037,0.037037037037037,1.5265078080874384e-05,27,win
simMed_test.mat,simMed_test.mat#116,116,0.0001,tpsscs_finished_detector,raw,0.2222222222222222,0.037037037037037,0.1851851851851852,9.15904684852463e-05,27,win
simMed_test.mat,simMed_test.mat#116,116,0.0003,tpsscs_finished_detector,raw,0.5185185185185185,0.037037037037037,0.4814814814814815,0.0002900364835366,27,win
simMed_test.mat,simMed_test.mat#116,116,0.001,tpsscs_finished_detector,raw,0.8148148148148148,0.1481481481481481,0.6666666666666666,0.0009922300752568,27,win
simMed_test.mat,simMed_test.mat#116,116,0.003,tpsscs_finished_detector,raw,0.8888888888888888,0.2592592592592592,0.6296296296296297,0.0029919553038513,27,win
simMed_test.mat,simMed_test.mat#116,116,0.01,tpsscs_finished_detector,raw,0.9629629629629628,0.3703703703703703,0.5925925925925926,0.0099986261429727,27,win
simMed_test.mat,simMed_test.mat#117,117,1e-05,tpsscs_finished_detector,raw,0.125,0.0357142857142857,0.0892857142857143,0.0,56,win
simMed_test.mat,simMed_test.mat#117,117,3e-05,tpsscs_finished_detector,raw,0.125,0.1785714285714285,-0.05357142857142849,1.5271838729383018e-05,56,loss
simMed_test.mat,simMed_test.mat#117,117,0.0001,tpsscs_finished_detector,raw,0.2142857142857142,0.2321428571428571,-0.017857142857142905,9.163103237629813e-05,56,loss
simMed_test.mat,simMed_test.mat#117,117,0.0003,tpsscs_finished_detector,raw,0.3392857142857143,0.2857142857142857,0.0535714285714286,0.0002901649358582,56,win
simMed_test.mat,simMed_test.mat#117,117,0.001,tpsscs_finished_detector,raw,0.6071428571428571,0.3392857142857143,0.2678571428571428,0.0009926695174098,56,win
simMed_test.mat,simMed_test.mat#117,117,0.003,tpsscs_finished_detector,raw,0.8928571428571429,0.5,0.3928571428571429,0.002993280390959,56,win
simMed_test.mat,simMed_test.mat#117,117,0.01,tpsscs_finished_detector,raw,0.9464285714285714,0.5714285714285714,0.375,0.0099877825290164,56,win
simMed_test.mat,simMed_test.mat#118,118,1e-05,tpsscs_finished_detector,raw,0.1052631578947368,0.0350877192982456,0.0701754385964912,0.0,57,win
simMed_test.mat,simMed_test.mat#118,118,3e-05,tpsscs_finished_detector,raw,0.1052631578947368,0.0350877192982456,0.0701754385964912,1.5272071962003084e-05,57,win
simMed_test.mat,simMed_test.mat#118,118,0.0001,tpsscs_finished_detector,raw,0.2280701754385964,0.1052631578947368,0.1228070175438596,9.163243177201852e-05,57,win
simMed_test.mat,simMed_test.mat#118,118,0.0003,tpsscs_finished_detector,raw,0.4035087719298245,0.1578947368421052,0.24561403508771928,0.000290169367278,57,win
simMed_test.mat,simMed_test.mat#118,118,0.001,tpsscs_finished_detector,raw,0.6491228070175439,0.3508771929824561,0.29824561403508776,0.0009926846775302,57,win
simMed_test.mat,simMed_test.mat#118,118,0.003,tpsscs_finished_detector,raw,0.7894736842105263,0.4385964912280701,0.35087719298245623,0.0029933261045526,57,win
simMed_test.mat,simMed_test.mat#118,118,0.01,tpsscs_finished_detector,raw,0.912280701754386,0.631578947368421,0.280701754385965,0.00998793506315,57,win
simMed_test.mat,simMed_test.mat#12,12,1e-05,tpsscs_finished_detector,raw,0.1578947368421052,0.0701754385964912,0.087719298245614,0.0,57,win
simMed_test.mat,simMed_test.mat#12,12,3e-05,tpsscs_finished_detector,raw,0.1578947368421052,0.1403508771929824,0.017543859649122806,1.5272071962003084e-05,57,win
simMed_test.mat,simMed_test.mat#12,12,0.0001,tpsscs_finished_detector,raw,0.3157894736842105,0.1929824561403508,0.1228070175438597,9.163243177201852e-05,57,win
simMed_test.mat,simMed_test.mat#12,12,0.0003,tpsscs_finished_detector,raw,0.4561403508771929,0.2982456140350877,0.1578947368421052,0.000290169367278,57,win
simMed_test.mat,simMed_test.mat#12,12,0.001,tpsscs_finished_detector,raw,0.6140350877192983,0.4210526315789473,0.19298245614035098,0.0009926846775302,57,win
simMed_test.mat,simMed_test.mat#12,12,0.003,tpsscs_finished_detector,raw,0.7719298245614035,0.5964912280701754,0.17543859649122806,0.0029933261045526,57,win
simMed_test.mat,simMed_test.mat#12,12,0.01,tpsscs_finished_detector,raw,0.8596491228070176,0.7543859649122807,0.10526315789473684,0.00998793506315,57,win
simMed_test.mat,simMed_test.mat#121,121,1e-05,tpsscs_finished_detector,raw,0.1081081081081081,0.027027027027027,0.0810810810810811,0.0,37,win
simMed_test.mat,simMed_test.mat#121,121,3e-05,tpsscs_finished_detector,raw,0.1621621621621621,0.1081081081081081,0.05405405405405399,1.5267408662727676e-05,37,win
simMed_test.mat,simMed_test.mat#121,121,0.0001,tpsscs_finished_detector,raw,0.2972972972972973,0.1891891891891892,0.10810810810810811,9.160445197636606e-05,37,win
simMed_test.mat,simMed_test.mat#121,121,0.0003,tpsscs_finished_detector,raw,0.5675675675675675,0.2432432432432432,0.32432432432432434,0.0002900807645918,37,win
simMed_test.mat,simMed_test.mat#121,121,0.001,tpsscs_finished_detector,raw,0.7567567567567568,0.2972972972972973,0.4594594594594595,0.0009923815630772,37,win
simMed_test.mat,simMed_test.mat#121,121,0.003,tpsscs_finished_detector,raw,0.8918918918918919,0.3243243243243243,0.5675675675675675,0.0029924120978946,37,win
simMed_test.mat,simMed_test.mat#121,121,0.01,tpsscs_finished_detector,raw,0.918918918918919,0.5675675675675675,0.3513513513513514,0.0099848852654238,37,win
simMed_test.mat,simMed_test.mat#122,122,1e-05,tpsscs_finished_detector,raw,0.1333333333333333,0.1333333333333333,0.0,0.0,15,tie
simMed_test.mat,simMed_test.mat#122,122,3e-05,tpsscs_finished_detector,raw,0.2,0.1333333333333333,0.06666666666666671,1.5262282321698386e-05,15,win
simMed_test.mat,simMed_test.mat#122,122,0.0001,tpsscs_finished_detector,raw,0.3333333333333333,0.2666666666666666,0.06666666666666671,9.157369393019031e-05,15,win
simMed_test.mat,simMed_test.mat#122,122,0.0003,tpsscs_finished_detector,raw,0.4,0.3333333333333333,0.06666666666666671,0.0002899833641122,15,win
simMed_test.mat,simMed_test.mat#122,122,0.001,tpsscs_finished_detector,raw,0.5333333333333333,0.4,0.1333333333333333,0.0009920483509103,15,win
simMed_test.mat,simMed_test.mat#122,122,0.003,tpsscs_finished_detector,raw,0.6666666666666666,0.5333333333333333,0.1333333333333333,0.0029914073350528,15,win
simMed_test.mat,simMed_test.mat#122,122,0.01,tpsscs_finished_detector,raw,0.6666666666666666,0.8,-0.13333333333333341,0.0099967949207124,15,loss
simMed_test.mat,simMed_test.mat#123,123,1e-05,tpsscs_finished_detector,raw,0.1428571428571428,0.0,0.1428571428571428,0.0,42,win
simMed_test.mat,simMed_test.mat#123,123,3e-05,tpsscs_finished_detector,raw,0.1428571428571428,0.0476190476190476,0.09523809523809519,1.5268574220539285e-05,42,win
simMed_test.mat,simMed_test.mat#123,123,0.0001,tpsscs_finished_detector,raw,0.3809523809523809,0.0952380952380952,0.2857142857142857,9.161144532323573e-05,42,win
simMed_test.mat,simMed_test.mat#123,123,0.0003,tpsscs_finished_detector,raw,0.5476190476190477,0.0952380952380952,0.45238095238095244,0.0002901029101902,42,win
simMed_test.mat,simMed_test.mat#123,123,0.001,tpsscs_finished_detector,raw,0.7380952380952381,0.1904761904761904,0.5476190476190477,0.000992457324335,42,win
simMed_test.mat,simMed_test.mat#123,123,0.003,tpsscs_finished_detector,raw,0.9047619047619048,0.3333333333333333,0.5714285714285714,0.0029926405472257,42,win
simMed_test.mat,simMed_test.mat#123,123,0.01,tpsscs_finished_detector,raw,0.9761904761904762,0.4523809523809524,0.5238095238095237,0.0099856475402326,42,win
simMed_test.mat,simMed_test.mat#124,124,1e-05,tpsscs_finished_detector,raw,0.0,0.12,-0.12,0.0,25,loss
simMed_test.mat,simMed_test.mat#124,124,3e-05,tpsscs_finished_detector,raw,0.2,0.12,0.08000000000000002,1.526461204988475e-05,25,win
simMed_test.mat,simMed_test.mat#124,124,0.0001,tpsscs_finished_detector,raw,0.32,0.32,0.0,9.158767229930853e-05,25,tie
simMed_test.mat,simMed_test.mat#124,124,0.0003,tpsscs_finished_detector,raw,0.44,0.44,0.0,0.0002900276289478,25,tie
simMed_test.mat,simMed_test.mat#124,124,0.001,tpsscs_finished_detector,raw,0.52,0.48,0.040000000000000036,0.0009921997832425,25,win
simMed_test.mat,simMed_test.mat#124,124,0.003,tpsscs_finished_detector,raw,0.56,0.56,0.0,0.0029918639617774,25,tie
simMed_test.mat,simMed_test.mat#124,124,0.01,tpsscs_finished_detector,raw,0.6,0.64,-0.040000000000000036,0.0099983208926745,25,loss
simMed_test.mat,simMed_test.mat#125,125,1e-05,tpsscs_finished_detector,raw,0.288135593220339,0.0508474576271186,0.2372881355932204,0.0,59,win
simMed_test.mat,simMed_test.mat#125,125,3e-05,tpsscs_finished_detector,raw,0.288135593220339,0.0508474576271186,0.2372881355932204,1.5272538448615544e-05,59,win
simMed_test.mat,simMed_test.mat#125,125,0.0001,tpsscs_finished_detector,raw,0.3559322033898305,0.1864406779661017,0.1694915254237288,9.163523069169329e-05,59,win
simMed_test.mat,simMed_test.mat#125,125,0.0003,tpsscs_finished_detector,raw,0.423728813559322,0.3220338983050847,0.1016949152542373,0.0002901782305236,59,win
simMed_test.mat,simMed_test.mat#125,125,0.001,tpsscs_finished_detector,raw,0.6101694915254238,0.5084745762711864,0.10169491525423735,0.00099271499916,59,win
simMed_test.mat,simMed_test.mat#125,125,0.003,tpsscs_finished_detector,raw,0.7796610169491526,0.711864406779661,0.06779661016949157,0.0029934175359286,59,win
simMed_test.mat,simMed_test.mat#125,125,0.01,tpsscs_finished_detector,raw,0.9661016949152542,0.7966101694915254,0.1694915254237288,0.0099882401453945,59,win
simMed_test.mat,simMed_test.mat#126,126,1e-05,tpsscs_finished_detector,raw,0.1923076923076923,0.0769230769230769,0.11538461538461539,0.0,26,win
simMed_test.mat,simMed_test.mat#126,126,3e-05,tpsscs_finished_detector,raw,0.2692307692307692,0.1538461538461538,0.11538461538461542,1.5264845061822624e-05,26,win
simMed_test.mat,simMed_test.mat#126,126,0.0001,tpsscs_finished_detector,raw,0.5,0.2307692307692307,0.2692307692307693,9.158907037093572e-05,26,win
simMed_test.mat,simMed_test.mat#126,126,0.0003,tpsscs_finished_detector,raw,0.5384615384615384,0.3461538461538461,0.19230769230769235,0.0002900320561746,26,win
simMed_test.mat,simMed_test.mat#126,126,0.001,tpsscs_finished_detector,raw,0.6153846153846154,0.4230769230769231,0.19230769230769235,0.0009922149290184,26,win
simMed_test.mat,simMed_test.mat#126,126,0.003,tpsscs_finished_detector,raw,0.6923076923076923,0.4230769230769231,0.2692307692307692,0.0029919096321172,26,win
simMed_test.mat,simMed_test.mat#126,126,0.01,tpsscs_finished_detector,raw,0.7692307692307693,0.5769230769230769,0.1923076923076924,0.0099984735154938,26,win
simMed_test.mat,simMed_test.mat#127,127,1e-05,tpsscs_finished_detector,raw,0.2121212121212121,0.0606060606060606,0.1515151515151515,0.0,33,win
simMed_test.mat,simMed_test.mat#127,127,3e-05,tpsscs_finished_detector,raw,0.2424242424242424,0.2121212121212121,0.030303030303030304,1.5266476344594905e-05,33,win
simMed_test.mat,simMed_test.mat#127,127,0.0001,tpsscs_finished_detector,raw,0.4545454545454545,0.3636363636363636,0.09090909090909088,9.159885806756944e-05,33,win
simMed_test.mat,simMed_test.mat#127,127,0.0003,tpsscs_finished_detector,raw,0.6363636363636364,0.3939393939393939,0.24242424242424243,0.0002900630505473,33,win
simMed_test.mat,simMed_test.mat#127,127,0.001,tpsscs_finished_detector,raw,0.8181818181818182,0.4545454545454545,0.36363636363636376,0.0009923209623986,33,win
simMed_test.mat,simMed_test.mat#127,127,0.003,tpsscs_finished_detector,raw,0.9090909090909092,0.5454545454545454,0.36363636363636376,0.0029922293635406,33,win
simMed_test.mat,simMed_test.mat#127,127,0.01,tpsscs_finished_detector,raw,0.9090909090909092,0.696969696969697,0.21212121212121215,0.0099995420057096,33,win
simMed_test.mat,simMed_test.mat#13,13,1e-05,tpsscs_finished_detector,raw,0.2941176470588235,0.1176470588235294,0.1764705882352941,0.0,17,win
simMed_test.mat,simMed_test.mat#13,13,3e-05,tpsscs_finished_detector,raw,0.4117647058823529,0.1764705882352941,0.23529411764705882,1.526274821044277e-05,17,win
simMed_test.mat,simMed_test.mat#13,13,0.0001,tpsscs_finished_detector,raw,0.5882352941176471,0.1764705882352941,0.411764705882353,9.157648926265664e-05,17,win
simMed_test.mat,simMed_test.mat#13,13,0.0003,tpsscs_finished_detector,raw,0.5882352941176471,0.1764705882352941,0.411764705882353,0.0002899922159984,17,win
simMed_test.mat,simMed_test.mat#13,13,0.001,tpsscs_finished_detector,raw,0.7647058823529411,0.1764705882352941,0.588235294117647,0.0009920786336787,17,win
simMed_test.mat,simMed_test.mat#13,13,0.003,tpsscs_finished_detector,raw,0.7647058823529411,0.2352941176470588,0.5294117647058824,0.0029914986492467,17,win
simMed_test.mat,simMed_test.mat#13,13,0.01,tpsscs_finished_detector,raw,0.7647058823529411,0.5882352941176471,0.17647058823529405,0.00999710007784,17,win
simMed_test.mat,simMed_test.mat#14,14,1e-05,tpsscs_finished_detector,raw,0.2,0.1333333333333333,0.06666666666666671,0.0,30,win
simMed_test.mat,simMed_test.mat#14,14,3e-05,tpsscs_finished_detector,raw,0.4,0.1333333333333333,0.2666666666666667,1.526577718071627e-05,30,win
simMed_test.mat,simMed_test.mat#14,14,0.0001,tpsscs_finished_detector,raw,0.4666666666666667,0.2666666666666666,0.20000000000000007,9.159466308429762e-05,30,win
simMed_test.mat,simMed_test.mat#14,14,0.0003,tpsscs_finished_detector,raw,0.6,0.2666666666666666,0.33333333333333337,0.0002900497664336,30,win
simMed_test.mat,simMed_test.mat#14,14,0.001,tpsscs_finished_detector,raw,0.7,0.4,0.29999999999999993,0.0009922755167465,30,win
simMed_test.mat,simMed_test.mat#14,14,0.003,tpsscs_finished_detector,raw,0.8333333333333334,0.5666666666666667,0.2666666666666667,0.0029920923274203,30,win
simMed_test.mat,simMed_test.mat#14,14,0.01,tpsscs_finished_detector,raw,0.8666666666666667,0.7,0.16666666666666674,0.0099990840533691,30,win
simMed_test.mat,simMed_test.mat#15,15,1e-05,tpsscs_finished_detector,raw,0.1860465116279069,0.0697674418604651,0.11627906976744179,0.0,43,win
simMed_test.mat,simMed_test.mat#15,15,3e-05,tpsscs_finished_detector,raw,0.1860465116279069,0.0930232558139534,0.09302325581395349,1.526880735345762e-05,43,win
simMed_test.mat,simMed_test.mat#15,15,0.0001,tpsscs_finished_detector,raw,0.2325581395348837,0.1860465116279069,0.0465116279069768,9.161284412074572e-05,43,win
simMed_test.mat,simMed_test.mat#15,15,0.0003,tpsscs_finished_detector,raw,0.4418604651162791,0.2325581395348837,0.2093023255813954,0.0002901073397156,43,win
simMed_test.mat,simMed_test.mat#15,15,0.001,tpsscs_finished_detector,raw,0.7441860465116279,0.3255813953488372,0.4186046511627907,0.0009924724779747,43,win
simMed_test.mat,simMed_test.mat#15,15,0.003,tpsscs_finished_detector,raw,0.8604651162790697,0.4418604651162791,0.41860465116279066,0.0029926862412776,43,win
simMed_test.mat,simMed_test.mat#15,15,0.01,tpsscs_finished_detector,raw,0.9302325581395348,0.5813953488372093,0.3488372093023254,0.0099858000091612,43,win
simMed_test.mat,simMed_test.mat#16,16,1e-05,tpsscs_finished_detector,raw,0.3043478260869565,0.1304347826086956,0.1739130434782609,0.0,23,win
simMed_test.mat,simMed_test.mat#16,16,3e-05,tpsscs_finished_detector,raw,0.3043478260869565,0.3043478260869565,0.0,1.526414604734938e-05,23,tie
simMed_test.mat,simMed_test.mat#16,16,0.0001,tpsscs_finished_detector,raw,0.4347826086956521,0.3478260869565217,0.08695652173913043,9.158487628409628e-05,23,win
simMed_test.mat,simMed_test.mat#16,16,0.0003,tpsscs_finished_detector,raw,0.5652173913043478,0.391304347826087,0.1739130434782608,0.0002900187748996,23,win
simMed_test.mat,simMed_test.mat#16,16,0.001,tpsscs_finished_detector,raw,0.6086956521739131,0.5217391304347826,0.08695652173913049,0.0009921694930777,23,win
simMed_test.mat,simMed_test.mat#16,16,0.003,tpsscs_finished_detector,raw,0.6086956521739131,0.6086956521739131,0.0,0.0029917726252804,23,tie
simMed_test.mat,simMed_test.mat#16,16,0.01,tpsscs_finished_detector,raw,0.6521739130434783,0.7391304347826086,-0.08695652173913038,0.0099980156610138,23,loss
simMed_test.mat,simMed_test.mat#17,17,1e-05,tpsscs_finished_detector,raw,0.2413793103448276,0.1034482758620689,0.1379310344827587,0.0,29,win
simMed_test.mat,simMed_test.mat#17,17,3e-05,tpsscs_finished_detector,raw,0.3103448275862069,0.1724137931034483,0.13793103448275862,1.5265544140320883e-05,29,win
simMed_test.mat,simMed_test.mat#17,17,0.0001,tpsscs_finished_detector,raw,0.3448275862068966,0.2758620689655172,0.06896551724137939,9.159326484192528e-05,29,win
simMed_test.mat,simMed_test.mat#17,17,0.0003,tpsscs_finished_detector,raw,0.4827586206896552,0.3448275862068966,0.13793103448275862,0.000290045338666,29,win
simMed_test.mat,simMed_test.mat#17,17,0.001,tpsscs_finished_detector,raw,0.5862068965517241,0.3793103448275862,0.2068965517241379,0.0009922603691208,29,win
simMed_test.mat,simMed_test.mat#17,17,0.003,tpsscs_finished_detector,raw,0.6551724137931034,0.5862068965517241,0.06896551724137934,0.0029920466515028,29,win
simMed_test.mat,simMed_test.mat#17,17,0.01,tpsscs_finished_detector,raw,0.6896551724137931,0.7586206896551724,-0.06896551724137923,0.0099989314119101,29,loss
simMed_test.mat,simMed_test.mat#18,18,1e-05,tpsscs_finished_detector,raw,0.2307692307692307,0.2115384615384615,0.01923076923076919,0.0,52,win
simMed_test.mat,simMed_test.mat#18,18,3e-05,tpsscs_finished_detector,raw,0.2884615384615384,0.2115384615384615,0.07692307692307687,1.5270905870136215e-05,52,win
simMed_test.mat,simMed_test.mat#18,18,0.0001,tpsscs_finished_detector,raw,0.4230769230769231,0.25,0.17307692307692307,9.16254352208173e-05,52,win
simMed_test.mat,simMed_test.mat#18,18,0.0003,tpsscs_finished_detector,raw,0.5961538461538461,0.3269230769230769,0.2692307692307692,0.0002901472115325,52,win
simMed_test.mat,simMed_test.mat#18,18,0.001,tpsscs_finished_detector,raw,0.7692307692307693,0.4423076923076923,0.326923076923077,0.0009926088815588,52,win
simMed_test.mat,simMed_test.mat#18,18,0.003,tpsscs_finished_detector,raw,0.9230769230769232,0.5192307692307693,0.40384615384615397,0.0029930975505466,52,win
simMed_test.mat,simMed_test.mat#18,18,0.01,tpsscs_finished_detector,raw,0.9423076923076924,0.7692307692307693,0.17307692307692313,0.009987172439069,52,win
simMed_test.mat,simMed_test.mat#19,19,1e-05,tpsscs_finished_detector,raw,0.125,0.0833333333333333,0.0416666666666667,0.0,24,win
simMed_test.mat,simMed_test.mat#19,19,3e-05,tpsscs_finished_detector,raw,0.25,0.125,0.125,1.5264379045060447e-05,24,win
simMed_test.mat,simMed_test.mat#19,19,0.0001,tpsscs_finished_detector,raw,0.3333333333333333,0.1666666666666666,0.1666666666666667,9.158627427036267e-05,24,win
simMed_test.mat,simMed_test.mat#19,19,0.0003,tpsscs_finished_detector,raw,0.5833333333333334,0.25,0.33333333333333337,0.0002900232018561,24,win
simMed_test.mat,simMed_test.mat#19,19,0.001,tpsscs_finished_detector,raw,0.6666666666666666,0.3333333333333333,0.3333333333333333,0.0009921846379289,24,win
simMed_test.mat,simMed_test.mat#19,19,0.003,tpsscs_finished_detector,raw,0.75,0.4583333333333333,0.2916666666666667,0.0029918182928318,24,win
simMed_test.mat,simMed_test.mat#19,19,0.01,tpsscs_finished_detector,raw,0.875,0.5833333333333334,0.29166666666666663,0.0099981682745145,24,win
simMed_test.mat,simMed_test.mat#20,20,1e-05,tpsscs_finished_detector,raw,0.0833333333333333,0.0416666666666666,0.0416666666666667,0.0,24,win
simMed_test.mat,simMed_test.mat#20,20,3e-05,tpsscs_finished_detector,raw,0.125,0.1666666666666666,-0.0416666666666666,1.5264379045060447e-05,24,loss
simMed_test.mat,simMed_test.mat#20,20,0.0001,tpsscs_finished_detector,raw,0.2916666666666667,0.1666666666666666,0.12500000000000008,9.158627427036267e-05,24,win
simMed_test.mat,simMed_test.mat#20,20,0.0003,tpsscs_finished_detector,raw,0.3333333333333333,0.2083333333333333,0.12500000000000003,0.0002900232018561,24,win
simMed_test.mat,simMed_test.mat#20,20,0.001,tpsscs_finished_detector,raw,0.5,0.3333333333333333,0.16666666666666669,0.0009921846379289,24,win
simMed_test.mat,simMed_test.mat#20,20,0.003,tpsscs_finished_detector,raw,0.625,0.5,0.125,0.0029918182928318,24,win
simMed_test.mat,simMed_test.mat#20,20,0.01,tpsscs_finished_detector,raw,0.7083333333333334,0.5416666666666666,0.16666666666666674,0.0099981682745145,24,win
simMed_test.mat,simMed_test.mat#21,21,1e-05,tpsscs_finished_detector,raw,0.4117647058823529,0.1176470588235294,0.29411764705882354,0.0,17,win
simMed_test.mat,simMed_test.mat#21,21,3e-05,tpsscs_finished_detector,raw,0.4705882352941176,0.1176470588235294,0.3529411764705882,1.526274821044277e-05,17,win
simMed_test.mat,simMed_test.mat#21,21,0.0001,tpsscs_finished_detector,raw,0.7058823529411765,0.2941176470588235,0.41176470588235303,9.157648926265664e-05,17,win
simMed_test.mat,simMed_test.mat#21,21,0.0003,tpsscs_finished_detector,raw,0.7058823529411765,0.2941176470588235,0.41176470588235303,0.0002899922159984,17,win
simMed_test.mat,simMed_test.mat#21,21,0.001,tpsscs_finished_detector,raw,0.8235294117647058,0.3529411764705882,0.47058823529411764,0.0009920786336787,17,win
simMed_test.mat,simMed_test.mat#21,21,0.003,tpsscs_finished_detector,raw,0.8235294117647058,0.4117647058823529,0.4117647058823529,0.0029914986492467,17,win
simMed_test.mat,simMed_test.mat#21,21,0.01,tpsscs_finished_detector,raw,0.8823529411764706,0.7058823529411765,0.17647058823529405,0.00999710007784,17,win
simMed_test.mat,simMed_test.mat#22,22,1e-05,tpsscs_finished_detector,raw,0.2307692307692307,0.0769230769230769,0.1538461538461538,0.0,52,win
simMed_test.mat,simMed_test.mat#22,22,3e-05,tpsscs_finished_detector,raw,0.3076923076923077,0.0769230769230769,0.2307692307692308,1.5270905870136215e-05,52,win
simMed_test.mat,simMed_test.mat#22,22,0.0001,tpsscs_finished_detector,raw,0.3461538461538461,0.1923076923076923,0.1538461538461538,9.16254352208173e-05,52,win
simMed_test.mat,simMed_test.mat#22,22,0.0003,tpsscs_finished_detector,raw,0.5192307692307693,0.3076923076923077,0.21153846153846156,0.0002901472115325,52,win
simMed_test.mat,simMed_test.mat#22,22,0.001,tpsscs_finished_detector,raw,0.6923076923076923,0.4230769230769231,0.2692307692307692,0.0009926088815588,52,win
simMed_test.mat,simMed_test.mat#22,22,0.003,tpsscs_finished_detector,raw,0.903846153846154,0.6730769230769231,0.23076923076923084,0.0029930975505466,52,win
simMed_test.mat,simMed_test.mat#22,22,0.01,tpsscs_finished_detector,raw,0.9615384615384616,0.75,0.21153846153846156,0.009987172439069,52,win
simMed_test.mat,simMed_test.mat#23,23,1e-05,tpsscs_finished_detector,raw,0.0909090909090909,0.0545454545454545,0.0363636363636364,0.0,55,win
simMed_test.mat,simMed_test.mat#23,23,3e-05,tpsscs_finished_detector,raw,0.1272727272727272,0.0545454545454545,0.0727272727272727,1.5271605503886624e-05,55,win
simMed_test.mat,simMed_test.mat#23,23,0.0001,tpsscs_finished_detector,raw,0.2363636363636363,0.2363636363636363,0.0,9.162963302331974e-05,55,tie
simMed_test.mat,simMed_test.mat#23,23,0.0003,tpsscs_finished_detector,raw,0.3818181818181818,0.2545454545454545,0.12727272727272726,0.0002901605045738,55,win
simMed_test.mat,simMed_test.mat#23,23,0.001,tpsscs_finished_detector,raw,0.6727272727272727,0.4545454545454545,0.21818181818181825,0.0009926543577526,55,win
simMed_test.mat,simMed_test.mat#23,23,0.003,tpsscs_finished_detector,raw,0.8545454545454545,0.5818181818181818,0.2727272727272727,0.0029932346787617,55,win
simMed_test.mat,simMed_test.mat#23,23,0.01,tpsscs_finished_detector,raw,0.9090909090909092,0.7272727272727273,0.18181818181818188,0.0099876299995418,55,win
simMed_test.mat,simMed_test.mat#24,24,1e-05,tpsscs_finished_detector,raw,0.1081081081081081,0.027027027027027,0.0810810810810811,0.0,37,win
simMed_test.mat,simMed_test.mat#24,24,3e-05,tpsscs_finished_detector,raw,0.1621621621621621,0.081081081081081,0.08108108108108109,1.5267408662727676e-05,37,win
simMed_test.mat,simMed_test.mat#24,24,0.0001,tpsscs_finished_detector,raw,0.3243243243243243,0.1081081081081081,0.21621621621621617,9.160445197636606e-05,37,win
simMed_test.mat,simMed_test.mat#24,24,0.0003,tpsscs_finished_detector,raw,0.5405405405405406,0.1891891891891892,0.35135135135135137,0.0002900807645918,37,win
simMed_test.mat,simMed_test.mat#24,24,0.001,tpsscs_finished_detector,raw,0.7837837837837838,0.2972972972972973,0.48648648648648646,0.0009923815630772,37,win
simMed_test.mat,simMed_test.mat#24,24,0.003,tpsscs_finished_detector,raw,0.8648648648648649,0.4054054054054054,0.45945945945945954,0.0029924120978946,37,win
simMed_test.mat,simMed_test.mat#24,24,0.01,tpsscs_finished_detector,raw,0.918918918918919,0.5405405405405406,0.3783783783783784,0.0099848852654238,37,win
simMed_test.mat,simMed_test.mat#25,25,1e-05,tpsscs_finished_detector,raw,0.1,0.0666666666666666,0.03333333333333341,0.0,30,win
simMed_test.mat,simMed_test.mat#25,25,3e-05,tpsscs_finished_detector,raw,0.2,0.1333333333333333,0.06666666666666671,1.526577718071627e-05,30,win
simMed_test.mat,simMed_test.mat#25,25,0.0001,tpsscs_finished_detector,raw,0.2666666666666666,0.1666666666666666,0.1,9.159466308429762e-05,30,win
simMed_test.mat,simMed_test.mat#25,25,0.0003,tpsscs_finished_detector,raw,0.5,0.3666666666666666,0.13333333333333341,0.0002900497664336,30,win
simMed_test.mat,simMed_test.mat#25,25,0.001,tpsscs_finished_detector,raw,0.7,0.5333333333333333,0.16666666666666663,0.0009922755167465,30,win
simMed_test.mat,simMed_test.mat#25,25,0.003,tpsscs_finished_detector,raw,0.9,0.6333333333333333,0.2666666666666667,0.0029920923274203,30,win
simMed_test.mat,simMed_test.mat#25,25,0.01,tpsscs_finished_detector,raw,0.9666666666666668,0.7666666666666667,0.20000000000000007,0.0099990840533691,30,win
simMed_test.mat,simMed_test.mat#26,26,1e-05,tpsscs_finished_detector,raw,0.0634920634920634,0.0476190476190476,0.015873015873015803,0.0,63,win
simMed_test.mat,simMed_test.mat#26,26,3e-05,tpsscs_finished_detector,raw,0.1269841269841269,0.0634920634920634,0.06349206349206349,1.5273471507338904e-05,63,win
simMed_test.mat,simMed_test.mat#26,26,0.0001,tpsscs_finished_detector,raw,0.3492063492063492,0.1269841269841269,0.2222222222222223,9.16408290440334e-05,63,win
simMed_test.mat,simMed_test.mat#26,26,0.0003,tpsscs_finished_detector,raw,0.365079365079365,0.2222222222222222,0.1428571428571428,0.0002901959586394,63,win
simMed_test.mat,simMed_test.mat#26,26,0.001,tpsscs_finished_detector,raw,0.746031746031746,0.2539682539682539,0.49206349206349215,0.000992775647977,63,win
simMed_test.mat,simMed_test.mat#26,26,0.003,tpsscs_finished_detector,raw,0.9047619047619048,0.4126984126984127,0.4920634920634921,0.0029936004154384,63,win
simMed_test.mat,simMed_test.mat#26,26,0.01,tpsscs_finished_detector,raw,0.9047619047619048,0.5555555555555556,0.3492063492063492,0.0099888503657996,63,win
simMed_test.mat,simMed_test.mat#27,27,1e-05,tpsscs_finished_detector,raw,0.1525423728813559,0.0677966101694915,0.08474576271186439,0.0,59,win
simMed_test.mat,simMed_test.mat#27,27,3e-05,tpsscs_finished_detector,raw,0.1864406779661017,0.1694915254237288,0.01694915254237289,1.5272538448615544e-05,59,win
simMed_test.mat,simMed_test.mat#27,27,0.0001,tpsscs_finished_detector,raw,0.288135593220339,0.2033898305084746,0.0847457627118644,9.163523069169329e-05,59,win
simMed_test.mat,simMed_test.mat#27,27,0.0003,tpsscs_finished_detector,raw,0.5084745762711864,0.3050847457627119,0.20338983050847453,0.0002901782305236,59,win
simMed_test.mat,simMed_test.mat#27,27,0.001,tpsscs_finished_detector,raw,0.6949152542372882,0.559322033898305,0.13559322033898313,0.00099271499916,59,win
simMed_test.mat,simMed_test.mat#27,27,0.003,tpsscs_finished_detector,raw,0.8305084745762712,0.7288135593220338,0.10169491525423735,0.0029934175359286,59,win
simMed_test.mat,simMed_test.mat#27,27,0.01,tpsscs_finished_detector,raw,0.847457627118644,0.864406779661017,-0.016949152542372947,0.0099882401453945,59,loss
simMed_test.mat,simMed_test.mat#28,28,1e-05,tpsscs_finished_detector,raw,0.1923076923076923,0.1153846153846153,0.076923076923077,0.0,26,win
simMed_test.mat,simMed_test.mat#28,28,3e-05,tpsscs_finished_detector,raw,0.2307692307692307,0.1153846153846153,0.1153846153846154,1.5264845061822624e-05,26,win
simMed_test.mat,simMed_test.mat#28,28,0.0001,tpsscs_finished_detector,raw,0.4615384615384615,0.2692307692307692,0.1923076923076923,9.158907037093572e-05,26,win
simMed_test.mat,simMed_test.mat#28,28,0.0003,tpsscs_finished_detector,raw,0.5384615384615384,0.3076923076923077,0.23076923076923073,0.0002900320561746,26,win
simMed_test.mat,simMed_test.mat#28,28,0.001,tpsscs_finished_detector,raw,0.7307692307692307,0.3461538461538461,0.38461538461538464,0.0009922149290184,26,win
simMed_test.mat,simMed_test.mat#28,28,0.003,tpsscs_finished_detector,raw,0.8076923076923077,0.4230769230769231,0.38461538461538464,0.0029919096321172,26,win
simMed_test.mat,simMed_test.mat#28,28,0.01,tpsscs_finished_detector,raw,1.0,0.7307692307692307,0.2692307692307693,0.0099984735154938,26,win
simMed_test.mat,simMed_test.mat#29,29,1e-05,tpsscs_finished_detector,raw,0.1538461538461538,0.0769230769230769,0.0769230769230769,0.0,26,win
simMed_test.mat,simMed_test.mat#29,29,3e-05,tpsscs_finished_detector,raw,0.1923076923076923,0.0769230769230769,0.11538461538461539,1.5264845061822624e-05,26,win
simMed_test.mat,simMed_test.mat#29,29,0.0001,tpsscs_finished_detector,raw,0.3076923076923077,0.1153846153846153,0.1923076923076924,9.158907037093572e-05,26,win
simMed_test.mat,simMed_test.mat#29,29,0.0003,tpsscs_finished_detector,raw,0.3461538461538461,0.1538461538461538,0.1923076923076923,0.0002900320561746,26,win
simMed_test.mat,simMed_test.mat#29,29,0.001,tpsscs_finished_detector,raw,0.3846153846153846,0.2692307692307692,0.11538461538461536,0.0009922149290184,26,win
simMed_test.mat,simMed_test.mat#29,29,0.003,tpsscs_finished_detector,raw,0.5384615384615384,0.3461538461538461,0.19230769230769235,0.0029919096321172,26,win
simMed_test.mat,simMed_test.mat#29,29,0.01,tpsscs_finished_detector,raw,0.5384615384615384,0.5384615384615384,0.0,0.0099984735154938,26,tie
simMed_test.mat,simMed_test.mat#3,3,1e-05,tpsscs_finished_detector,raw,0.25,0.1428571428571428,0.1071428571428572,0.0,28,win
simMed_test.mat,simMed_test.mat#3,3,3e-05,tpsscs_finished_detector,raw,0.25,0.1428571428571428,0.1071428571428572,1.526531110704036e-05,28,win
simMed_test.mat,simMed_test.mat#3,3,0.0001,tpsscs_finished_detector,raw,0.3928571428571428,0.2857142857142857,0.1071428571428571,9.159186664224217e-05,28,win
simMed_test.mat,simMed_test.mat#3,3,0.0003,tpsscs_finished_detector,raw,0.5714285714285714,0.3571428571428571,0.2142857142857143,0.0002900409110337,28,win
simMed_test.mat,simMed_test.mat#3,3,0.001,tpsscs_finished_detector,raw,0.75,0.3928571428571428,0.3571428571428572,0.0009922452219576,28,win
simMed_test.mat,simMed_test.mat#3,3,0.003,tpsscs_finished_detector,raw,0.8571428571428571,0.5357142857142857,0.3214285714285714,0.0029920009769799,28,win
simMed_test.mat,simMed_test.mat#3,3,0.01,tpsscs_finished_detector,raw,0.8928571428571429,0.6071428571428571,0.2857142857142858,0.0099987787751114,28,win
simMed_test.mat,simMed_test.mat#31,31,1e-05,tpsscs_finished_detector,raw,0.08,0.04,0.04,0.0,25,win
simMed_test.mat,simMed_test.mat#31,31,3e-05,tpsscs_finished_detector,raw,0.2,0.08,0.12000000000000001,1.526461204988475e-05,25,win
simMed_test.mat,simMed_test.mat#31,31,0.0001,tpsscs_finished_detector,raw,0.36,0.24,0.12,9.158767229930853e-05,25,win
simMed_test.mat,simMed_test.mat#31,31,0.0003,tpsscs_finished_detector,raw,0.64,0.4,0.24,0.0002900276289478,25,win
simMed_test.mat,simMed_test.mat#31,31,0.001,tpsscs_finished_detector,raw,0.68,0.4,0.28,0.0009921997832425,25,win
simMed_test.mat,simMed_test.mat#31,31,0.003,tpsscs_finished_detector,raw,0.72,0.64,0.07999999999999996,0.0029918639617774,25,win
simMed_test.mat,simMed_test.mat#31,31,0.01,tpsscs_finished_detector,raw,0.72,0.76,-0.040000000000000036,0.0099983208926745,25,loss
simMed_test.mat,simMed_test.mat#32,32,1e-05,tpsscs_finished_detector,raw,0.1481481481481481,0.074074074074074,0.07407407407407411,0.0,27,win
simMed_test.mat,simMed_test.mat#32,32,3e-05,tpsscs_finished_detector,raw,0.2962962962962963,0.074074074074074,0.22222222222222227,1.5265078080874384e-05,27,win
simMed_test.mat,simMed_test.mat#32,32,0.0001,tpsscs_finished_detector,raw,0.4444444444444444,0.1851851851851851,0.2592592592592593,9.15904684852463e-05,27,win
simMed_test.mat,simMed_test.mat#32,32,0.0003,tpsscs_finished_detector,raw,0.6666666666666666,0.2592592592592592,0.40740740740740744,0.0002900364835366,27,win
simMed_test.mat,simMed_test.mat#32,32,0.001,tpsscs_finished_detector,raw,0.7777777777777778,0.2962962962962963,0.4814814814814815,0.0009922300752568,27,win
simMed_test.mat,simMed_test.mat#32,32,0.003,tpsscs_finished_detector,raw,0.8888888888888888,0.4814814814814814,0.40740740740740744,0.0029919553038513,27,win
simMed_test.mat,simMed_test.mat#32,32,0.01,tpsscs_finished_detector,raw,0.925925925925926,0.5555555555555556,0.37037037037037046,0.0099986261429727,27,win
simMed_test.mat,simMed_test.mat#33,33,1e-05,tpsscs_finished_detector,raw,0.1666666666666666,0.1388888888888889,0.027777777777777707,0.0,36,win
simMed_test.mat,simMed_test.mat#33,33,3e-05,tpsscs_finished_detector,raw,0.3055555555555556,0.2222222222222222,0.08333333333333337,1.5267175572519083e-05,36,win
simMed_test.mat,simMed_test.mat#33,33,0.0001,tpsscs_finished_detector,raw,0.3333333333333333,0.3055555555555556,0.027777777777777735,9.16030534351145e-05,36,win
simMed_test.mat,simMed_test.mat#33,33,0.0003,tpsscs_finished_detector,raw,0.5555555555555556,0.3888888888888889,0.16666666666666669,0.0002900763358778,36,win
simMed_test.mat,simMed_test.mat#33,33,0.001,tpsscs_finished_detector,raw,0.7777777777777778,0.5555555555555556,0.2222222222222222,0.0009923664122137,36,win
simMed_test.mat,simMed_test.mat#33,33,0.003,tpsscs_finished_detector,raw,0.8888888888888888,0.6666666666666666,0.2222222222222222,0.0029923664122137,36,win
simMed_test.mat,simMed_test.mat#33,33,0.01,tpsscs_finished_detector,raw,0.9166666666666666,0.8333333333333334,0.08333333333333326,0.01,36,win
simMed_test.mat,simMed_test.mat#34,34,1e-05,tpsscs_finished_detector,raw,0.1864406779661017,0.0508474576271186,0.1355932203389831,0.0,59,win
simMed_test.mat,simMed_test.mat#34,34,3e-05,tpsscs_finished_detector,raw,0.1864406779661017,0.0508474576271186,0.1355932203389831,1.5272538448615544e-05,59,win
simMed_test.mat,simMed_test.mat#34,34,0.0001,tpsscs_finished_detector,raw,0.3050847457627119,0.0847457627118644,0.22033898305084748,9.163523069169329e-05,59,win
simMed_test.mat,simMed_test.mat#34,34,0.0003,tpsscs_finished_detector,raw,0.4915254237288136,0.1525423728813559,0.3389830508474577,0.0002901782305236,59,win
simMed_test.mat,simMed_test.mat#34,34,0.001,tpsscs_finished_detector,raw,0.7288135593220338,0.2542372881355932,0.47457627118644063,0.00099271499916,59,win
simMed_test.mat,simMed_test.mat#34,34,0.003,tpsscs_finished_detector,raw,0.864406779661017,0.3389830508474576,0.5254237288135594,0.0029934175359286,59,win
simMed_test.mat,simMed_test.mat#34,34,0.01,tpsscs_finished_detector,raw,0.9152542372881356,0.5254237288135594,0.38983050847457623,0.0099882401453945,59,win
simMed_test.mat,simMed_test.mat#35,35,1e-05,tpsscs_finished_detector,raw,0.1272727272727272,0.0909090909090909,0.036363636363636306,0.0,55,win
simMed_test.mat,simMed_test.mat#35,35,3e-05,tpsscs_finished_detector,raw,0.1454545454545454,0.0909090909090909,0.054545454545454494,1.5271605503886624e-05,55,win
simMed_test.mat,simMed_test.mat#35,35,0.0001,tpsscs_finished_detector,raw,0.3272727272727272,0.2545454545454545,0.0727272727272727,9.162963302331974e-05,55,win
simMed_test.mat,simMed_test.mat#35,35,0.0003,tpsscs_finished_detector,raw,0.4545454545454545,0.3272727272727272,0.12727272727272726,0.0002901605045738,55,win
simMed_test.mat,simMed_test.mat#35,35,0.001,tpsscs_finished_detector,raw,0.7454545454545455,0.3818181818181818,0.3636363636363637,0.0009926543577526,55,win
simMed_test.mat,simMed_test.mat#35,35,0.003,tpsscs_finished_detector,raw,0.9272727272727272,0.4545454545454545,0.4727272727272728,0.0029932346787617,55,win
simMed_test.mat,simMed_test.mat#35,35,0.01,tpsscs_finished_detector,raw,0.9272727272727272,0.6,0.32727272727272727,0.0099876299995418,55,win
simMed_test.mat,simMed_test.mat#36,36,1e-05,tpsscs_finished_detector,raw,0.1538461538461538,0.1538461538461538,0.0,0.0,13,tie
simMed_test.mat,simMed_test.mat#36,36,3e-05,tpsscs_finished_detector,raw,0.3846153846153846,0.1538461538461538,0.23076923076923078,1.5261816461395235e-05,13,win
simMed_test.mat,simMed_test.mat#36,36,0.0001,tpsscs_finished_detector,raw,0.6923076923076923,0.1538461538461538,0.5384615384615385,9.15708987683714e-05,13,win
simMed_test.mat,simMed_test.mat#36,36,0.0003,tpsscs_finished_detector,raw,0.6923076923076923,0.1538461538461538,0.5384615384615385,0.0002899745127665,13,win
simMed_test.mat,simMed_test.mat#36,36,0.001,tpsscs_finished_detector,raw,0.8461538461538461,0.2307692307692307,0.6153846153846154,0.0009920180699906,13,win
simMed_test.mat,simMed_test.mat#36,36,0.003,tpsscs_finished_detector,raw,0.8461538461538461,0.3846153846153846,0.46153846153846156,0.0029913160264334,13,win
simMed_test.mat,simMed_test.mat#36,36,0.01,tpsscs_finished_detector,raw,0.8461538461538461,0.4615384615384615,0.38461538461538464,0.0099964897822138,13,win
simMed_test.mat,simMed_test.mat#38,38,1e-05,tpsscs_finished_detector,raw,0.2790697674418604,0.0697674418604651,0.2093023255813953,0.0,43,win
simMed_test.mat,simMed_test.mat#38,38,3e-05,tpsscs_finished_detector,raw,0.3255813953488372,0.0697674418604651,0.2558139534883721,1.526880735345762e-05,43,win
simMed_test.mat,simMed_test.mat#38,38,0.0001,tpsscs_finished_detector,raw,0.3953488372093023,0.0930232558139534,0.30232558139534893,9.161284412074572e-05,43,win
simMed_test.mat,simMed_test.mat#38,38,0.0003,tpsscs_finished_detector,raw,0.5348837209302325,0.2093023255813953,0.32558139534883723,0.0002901073397156,43,win
simMed_test.mat,simMed_test.mat#38,38,0.001,tpsscs_finished_detector,raw,0.7441860465116279,0.3720930232558139,0.372093023255814,0.0009924724779747,43,win
simMed_test.mat,simMed_test.mat#38,38,0.003,tpsscs_finished_detector,raw,0.8372093023255814,0.5348837209302325,0.30232558139534893,0.0029926862412776,43,win
simMed_test.mat,simMed_test.mat#38,38,0.01,tpsscs_finished_detector,raw,0.8837209302325582,0.7209302325581395,0.16279069767441867,0.0099858000091612,43,win
simMed_test.mat,simMed_test.mat#39,39,1e-05,tpsscs_finished_detector,raw,0.25,0.0277777777777777,0.2222222222222223,0.0,36,win
simMed_test.mat,simMed_test.mat#39,39,3e-05,tpsscs_finished_detector,raw,0.25,0.1111111111111111,0.1388888888888889,1.5267175572519083e-05,36,win
simMed_test.mat,simMed_test.mat#39,39,0.0001,tpsscs_finished_detector,raw,0.3333333333333333,0.1666666666666666,0.1666666666666667,9.16030534351145e-05,36,win
simMed_test.mat,simMed_test.mat#39,39,0.0003,tpsscs_finished_detector,raw,0.6111111111111112,0.2777777777777778,0.33333333333333337,0.0002900763358778,36,win
simMed_test.mat,simMed_test.mat#39,39,0.001,tpsscs_finished_detector,raw,0.6111111111111112,0.2777777777777778,0.33333333333333337,0.0009923664122137,36,win
simMed_test.mat,simMed_test.mat#39,39,0.003,tpsscs_finished_detector,raw,0.7777777777777778,0.3333333333333333,0.4444444444444445,0.0029923664122137,36,win
simMed_test.mat,simMed_test.mat#39,39,0.01,tpsscs_finished_detector,raw,0.8888888888888888,0.5833333333333334,0.30555555555555547,0.01,36,win
simMed_test.mat,simMed_test.mat#40,40,1e-05,tpsscs_finished_detector,raw,0.25,0.1428571428571428,0.1071428571428572,0.0,28,win
simMed_test.mat,simMed_test.mat#40,40,3e-05,tpsscs_finished_detector,raw,0.25,0.1785714285714285,0.07142857142857151,1.526531110704036e-05,28,win
simMed_test.mat,simMed_test.mat#40,40,0.0001,tpsscs_finished_detector,raw,0.3214285714285714,0.25,0.0714285714285714,9.159186664224217e-05,28,win
simMed_test.mat,simMed_test.mat#40,40,0.0003,tpsscs_finished_detector,raw,0.6071428571428571,0.2857142857142857,0.3214285714285714,0.0002900409110337,28,win
simMed_test.mat,simMed_test.mat#40,40,0.001,tpsscs_finished_detector,raw,0.75,0.3571428571428571,0.3928571428571429,0.0009922452219576,28,win
simMed_test.mat,simMed_test.mat#40,40,0.003,tpsscs_finished_detector,raw,0.8928571428571429,0.3928571428571428,0.5000000000000001,0.0029920009769799,28,win
simMed_test.mat,simMed_test.mat#40,40,0.01,tpsscs_finished_detector,raw,1.0,0.6071428571428571,0.3928571428571429,0.0099987787751114,28,win
simMed_test.mat,simMed_test.mat#41,41,1e-05,tpsscs_finished_detector,raw,0.1454545454545454,0.0363636363636363,0.1090909090909091,0.0,55,win
simMed_test.mat,simMed_test.mat#41,41,3e-05,tpsscs_finished_detector,raw,0.1454545454545454,0.0363636363636363,0.1090909090909091,1.5271605503886624e-05,55,win
simMed_test.mat,simMed_test.mat#41,41,0.0001,tpsscs_finished_detector,raw,0.3272727272727272,0.1818181818181818,0.14545454545454542,9.162963302331974e-05,55,win
simMed_test.mat,simMed_test.mat#41,41,0.0003,tpsscs_finished_detector,raw,0.509090909090909,0.1818181818181818,0.32727272727272727,0.0002901605045738,55,win
simMed_test.mat,simMed_test.mat#41,41,0.001,tpsscs_finished_detector,raw,0.8181818181818182,0.2545454545454545,0.5636363636363637,0.0009926543577526,55,win
simMed_test.mat,simMed_test.mat#41,41,0.003,tpsscs_finished_detector,raw,0.9090909090909092,0.3090909090909091,0.6000000000000001,0.0029932346787617,55,win
simMed_test.mat,simMed_test.mat#41,41,0.01,tpsscs_finished_detector,raw,0.9636363636363636,0.5454545454545454,0.4181818181818182,0.0099876299995418,55,win
simMed_test.mat,simMed_test.mat#42,42,1e-05,tpsscs_finished_detector,raw,0.1612903225806451,0.1290322580645161,0.032258064516129004,0.0,31,win
simMed_test.mat,simMed_test.mat#42,42,3e-05,tpsscs_finished_detector,raw,0.2580645161290322,0.1290322580645161,0.1290322580645161,1.5266010228226854e-05,31,win
simMed_test.mat,simMed_test.mat#42,42,0.0001,tpsscs_finished_detector,raw,0.4516129032258064,0.2580645161290322,0.1935483870967742,9.159606136936113e-05,31,win
simMed_test.mat,simMed_test.mat#42,42,0.0003,tpsscs_finished_detector,raw,0.5806451612903226,0.3225806451612903,0.2580645161290323,0.0002900541943363,31,win
simMed_test.mat,simMed_test.mat#42,42,0.001,tpsscs_finished_detector,raw,0.7096774193548387,0.3870967741935484,0.32258064516129037,0.0009922906648347,31,win
simMed_test.mat,simMed_test.mat#42,42,0.003,tpsscs_finished_detector,raw,0.7741935483870968,0.4838709677419355,0.29032258064516125,0.0029921380047324,31,win
simMed_test.mat,simMed_test.mat#42,42,0.01,tpsscs_finished_detector,raw,0.8709677419354839,0.6129032258064516,0.25806451612903225,0.0099992366994885,31,win
simMed_test.mat,simMed_test.mat#43,43,1e-05,tpsscs_finished_detector,raw,0.2857142857142857,0.0612244897959183,0.2244897959183674,0.0,49,win
simMed_test.mat,simMed_test.mat#43,43,3e-05,tpsscs_finished_detector,raw,0.3469387755102041,0.1428571428571428,0.20408163265306128,1.5270206300487118e-05,49,win
simMed_test.mat,simMed_test.mat#43,43,0.0001,tpsscs_finished_detector,raw,0.4693877551020408,0.3061224489795918,0.163265306122449,9.162123780292272e-05,49,win
simMed_test.mat,simMed_test.mat#43,43,0.0003,tpsscs_finished_detector,raw,0.5306122448979592,0.3877551020408163,0.1428571428571429,0.0002901339197092,49,win
simMed_test.mat,simMed_test.mat#43,43,0.001,tpsscs_finished_detector,raw,0.7551020408163265,0.5918367346938775,0.16326530612244894,0.0009925634095316,49,win
simMed_test.mat,simMed_test.mat#43,43,0.003,tpsscs_finished_detector,raw,0.8571428571428571,0.673469387755102,0.18367346938775508,0.0029929604348954,49,win
simMed_test.mat,simMed_test.mat#43,43,0.01,tpsscs_finished_detector,raw,0.9183673469387756,0.8163265306122449,0.10204081632653073,0.0099867149205185,49,win
simMed_test.mat,simMed_test.mat#44,44,1e-05,tpsscs_finished_detector,raw,0.1842105263157894,0.1052631578947368,0.07894736842105261,0.0,38,win
simMed_test.mat,simMed_test.mat#44,44,3e-05,tpsscs_finished_detector,raw,0.2631578947368421,0.131578947368421,0.1315789473684211,1.526764176005374e-05,38,win
simMed_test.mat,simMed_test.mat#44,44,0.0001,tpsscs_finished_detector,raw,0.5,0.1578947368421052,0.3421052631578948,9.160585056032244e-05,38,win
simMed_test.mat,simMed_test.mat#44,44,0.0003,tpsscs_finished_detector,raw,0.6052631578947368,0.1842105263157894,0.42105263157894746,0.000290085193441,38,win
simMed_test.mat,simMed_test.mat#44,44,0.001,tpsscs_finished_detector,raw,0.868421052631579,0.2368421052631578,0.6315789473684212,0.0009923967144034,38,win
simMed_test.mat,simMed_test.mat#44,44,0.003,tpsscs_finished_detector,raw,0.8947368421052632,0.2894736842105263,0.6052631578947368,0.0029924577849705,38,win
simMed_test.mat,simMed_test.mat#44,44,0.01,tpsscs_finished_detector,raw,0.9473684210526316,0.5263157894736842,0.42105263157894746,0.0099850377110751,38,win
simMed_test.mat,simMed_test.mat#45,45,1e-05,tpsscs_finished_detector,raw,0.2,0.1428571428571428,0.05714285714285722,0.0,35,win
simMed_test.mat,simMed_test.mat#45,45,3e-05,tpsscs_finished_detector,raw,0.3142857142857143,0.1714285714285714,0.14285714285714288,1.5266942489427644e-05,35,win
simMed_test.mat,simMed_test.mat#45,45,0.0001,tpsscs_finished_detector,raw,0.4857142857142857,0.3142857142857143,0.17142857142857143,9.160165493656586e-05,35,win
simMed_test.mat,simMed_test.mat#45,45,0.0003,tpsscs_finished_detector,raw,0.5714285714285714,0.4,0.17142857142857137,0.0002900719072991,35,win
simMed_test.mat,simMed_test.mat#45,45,0.001,tpsscs_finished_detector,raw,0.7714285714285715,0.4285714285714285,0.34285714285714297,0.0009923512618127,35,win
simMed_test.mat,simMed_test.mat#45,45,0.003,tpsscs_finished_detector,raw,0.8,0.6285714285714286,0.17142857142857149,0.0029923207279278,35,win
simMed_test.mat,simMed_test.mat#45,45,0.01,tpsscs_finished_detector,raw,0.8857142857142857,0.7142857142857143,0.17142857142857137,0.0099998473305751,35,win
simMed_test.mat,simMed_test.mat#46,46,1e-05,tpsscs_finished_detector,raw,0.0392156862745098,0.0,0.0392156862745098,0.0,51,win
simMed_test.mat,simMed_test.mat#46,46,3e-05,tpsscs_finished_detector,raw,0.1372549019607843,0.0392156862745098,0.0980392156862745,1.527067267313125e-05,51,win
simMed_test.mat,simMed_test.mat#46,46,0.0001,tpsscs_finished_detector,raw,0.1764705882352941,0.2352941176470588,-0.05882352941176469,9.16240360387875e-05,51,loss
simMed_test.mat,simMed_test.mat#46,46,0.0003,tpsscs_finished_detector,raw,0.2941176470588235,0.2941176470588235,0.0,0.0002901427807894,51,tie
simMed_test.mat,simMed_test.mat#46,46,0.001,tpsscs_finished_detector,raw,0.5686274509803921,0.3333333333333333,0.23529411764705882,0.0009925937237535,51,win
simMed_test.mat,simMed_test.mat#46,46,0.003,tpsscs_finished_detector,raw,0.7647058823529411,0.4509803921568627,0.3137254901960784,0.0029930518439337,51,win
simMed_test.mat,simMed_test.mat#46,46,0.01,tpsscs_finished_detector,raw,0.8235294117647058,0.5882352941176471,0.23529411764705876,0.0099870199282278,51,win
simMed_test.mat,simMed_test.mat#47,47,1e-05,tpsscs_finished_detector,raw,0.2857142857142857,0.0714285714285714,0.2142857142857143,0.0,28,win
simMed_test.mat,simMed_test.mat#47,47,3e-05,tpsscs_finished_detector,raw,0.2857142857142857,0.1071428571428571,0.1785714285714286,1.526531110704036e-05,28,win
simMed_test.mat,simMed_test.mat#47,47,0.0001,tpsscs_finished_detector,raw,0.2857142857142857,0.1785714285714285,0.1071428571428572,9.159186664224217e-05,28,win
simMed_test.mat,simMed_test.mat#47,47,0.0003,tpsscs_finished_detector,raw,0.4642857142857143,0.2857142857142857,0.1785714285714286,0.0002900409110337,28,win
simMed_test.mat,simMed_test.mat#47,47,0.001,tpsscs_finished_detector,raw,0.7142857142857143,0.3571428571428571,0.3571428571428572,0.0009922452219576,28,win
simMed_test.mat,simMed_test.mat#47,47,0.003,tpsscs_finished_detector,raw,0.8214285714285714,0.5,0.3214285714285714,0.0029920009769799,28,win
simMed_test.mat,simMed_test.mat#47,47,0.01,tpsscs_finished_detector,raw,0.8928571428571429,0.7142857142857143,0.1785714285714286,0.0099987787751114,28,win
simMed_test.mat,simMed_test.mat#48,48,1e-05,tpsscs_finished_detector,raw,0.2,0.0,0.2,0.0,25,win
simMed_test.mat,simMed_test.mat#48,48,3e-05,tpsscs_finished_detector,raw,0.2,0.0,0.2,1.526461204988475e-05,25,win
simMed_test.mat,simMed_test.mat#48,48,0.0001,tpsscs_finished_detector,raw,0.36,0.04,0.32,9.158767229930853e-05,25,win
simMed_test.mat,simMed_test.mat#48,48,0.0003,tpsscs_finished_detector,raw,0.68,0.12,0.56,0.0002900276289478,25,win
simMed_test.mat,simMed_test.mat#48,48,0.001,tpsscs_finished_detector,raw,0.8,0.2,0.6000000000000001,0.0009921997832425,25,win
simMed_test.mat,simMed_test.mat#48,48,0.003,tpsscs_finished_detector,raw,0.92,0.44,0.48000000000000004,0.0029918639617774,25,win
simMed_test.mat,simMed_test.mat#48,48,0.01,tpsscs_finished_detector,raw,0.92,0.6,0.32000000000000006,0.0099983208926745,25,win
simMed_test.mat,simMed_test.mat#49,49,1e-05,tpsscs_finished_detector,raw,0.1515151515151515,0.0606060606060606,0.09090909090909088,0.0,33,win
simMed_test.mat,simMed_test.mat#49,49,3e-05,tpsscs_finished_detector,raw,0.2424242424242424,0.1515151515151515,0.09090909090909091,1.5266476344594905e-05,33,win
simMed_test.mat,simMed_test.mat#49,49,0.0001,tpsscs_finished_detector,raw,0.3939393939393939,0.1515151515151515,0.24242424242424243,9.159885806756944e-05,33,win
simMed_test.mat,simMed_test.mat#49,49,0.0003,tpsscs_finished_detector,raw,0.4545454545454545,0.2424242424242424,0.21212121212121207,0.0002900630505473,33,win
simMed_test.mat,simMed_test.mat#49,49,0.001,tpsscs_finished_detector,raw,0.5757575757575758,0.2727272727272727,0.3030303030303031,0.0009923209623986,33,win
simMed_test.mat,simMed_test.mat#49,49,0.003,tpsscs_finished_detector,raw,0.696969696969697,0.3636363636363636,0.3333333333333334,0.0029922293635406,33,win
simMed_test.mat,simMed_test.mat#49,49,0.01,tpsscs_finished_detector,raw,0.8787878787878788,0.5454545454545454,0.33333333333333337,0.0099995420057096,33,win
simMed_test.mat,simMed_test.mat#50,50,1e-05,tpsscs_finished_detector,raw,0.2,0.0,0.2,0.0,25,win
simMed_test.mat,simMed_test.mat#50,50,3e-05,tpsscs_finished_detector,raw,0.24,0.0,0.24,1.526461204988475e-05,25,win
simMed_test.mat,simMed_test.mat#50,50,0.0001,tpsscs_finished_detector,raw,0.4,0.0,0.4,9.158767229930853e-05,25,win
simMed_test.mat,simMed_test.mat#50,50,0.0003,tpsscs_finished_detector,raw,0.64,0.0,0.64,0.0002900276289478,25,win
simMed_test.mat,simMed_test.mat#50,50,0.001,tpsscs_finished_detector,raw,0.84,0.12,0.72,0.0009921997832425,25,win
simMed_test.mat,simMed_test.mat#50,50,0.003,tpsscs_finished_detector,raw,0.96,0.28,0.6799999999999999,0.0029918639617774,25,win
simMed_test.mat,simMed_test.mat#50,50,0.01,tpsscs_finished_detector,raw,1.0,0.44,0.56,0.0099983208926745,25,win
simMed_test.mat,simMed_test.mat#51,51,1e-05,tpsscs_finished_detector,raw,0.1875,0.0625,0.125,0.0,16,win
simMed_test.mat,simMed_test.mat#51,51,3e-05,tpsscs_finished_detector,raw,0.1875,0.0625,0.125,1.5262515262515263e-05,16,win
simMed_test.mat,simMed_test.mat#51,51,0.0001,tpsscs_finished_detector,raw,0.4375,0.125,0.3125,9.157509157509158e-05,16,win
simMed_test.mat,simMed_test.mat#51,51,0.0003,tpsscs_finished_detector,raw,0.625,0.1875,0.4375,0.0002899877899877,16,win
simMed_test.mat,simMed_test.mat#51,51,0.001,tpsscs_finished_detector,raw,0.625,0.25,0.375,0.0009920634920634,16,win
simMed_test.mat,simMed_test.mat#51,51,0.003,tpsscs_finished_detector,raw,0.6875,0.3125,0.375,0.0029914529914529,16,win
simMed_test.mat,simMed_test.mat#51,51,0.01,tpsscs_finished_detector,raw,0.75,0.5625,0.1875,0.0099969474969474,16,win
simMed_test.mat,simMed_test.mat#52,52,1e-05,tpsscs_finished_detector,raw,0.2033898305084746,0.0169491525423728,0.18644067796610178,0.0,59,win
simMed_test.mat,simMed_test.mat#52,52,3e-05,tpsscs_finished_detector,raw,0.2033898305084746,0.0847457627118644,0.11864406779661019,1.5272538448615544e-05,59,win
simMed_test.mat,simMed_test.mat#52,52,0.0001,tpsscs_finished_detector,raw,0.2372881355932203,0.2203389830508474,0.01694915254237289,9.163523069169329e-05,59,win
simMed_test.mat,simMed_test.mat#52,52,0.0003,tpsscs_finished_detector,raw,0.4067796610169492,0.3559322033898305,0.050847457627118675,0.0002901782305236,59,win
simMed_test.mat,simMed_test.mat#52,52,0.001,tpsscs_finished_detector,raw,0.6779661016949152,0.5254237288135594,0.15254237288135586,0.00099271499916,59,win
simMed_test.mat,simMed_test.mat#52,52,0.003,tpsscs_finished_detector,raw,0.864406779661017,0.5932203389830508,0.27118644067796616,0.0029934175359286,59,win
simMed_test.mat,simMed_test.mat#52,52,0.01,tpsscs_finished_detector,raw,0.8983050847457628,0.7627118644067796,0.13559322033898313,0.0099882401453945,59,win
simMed_test.mat,simMed_test.mat#53,53,1e-05,tpsscs_finished_detector,raw,0.1020408163265306,0.0408163265306122,0.0612244897959184,0.0,49,win
simMed_test.mat,simMed_test.mat#53,53,3e-05,tpsscs_finished_detector,raw,0.2244897959183673,0.0408163265306122,0.18367346938775508,1.5270206300487118e-05,49,win
simMed_test.mat,simMed_test.mat#53,53,0.0001,tpsscs_finished_detector,raw,0.2653061224489796,0.0612244897959183,0.2040816326530613,9.162123780292272e-05,49,win
simMed_test.mat,simMed_test.mat#53,53,0.0003,tpsscs_finished_detector,raw,0.5918367346938775,0.0816326530612244,0.5102040816326532,0.0002901339197092,49,win
simMed_test.mat,simMed_test.mat#53,53,0.001,tpsscs_finished_detector,raw,0.7551020408163265,0.1428571428571428,0.6122448979591837,0.0009925634095316,49,win
simMed_test.mat,simMed_test.mat#53,53,0.003,tpsscs_finished_detector,raw,0.9183673469387756,0.3061224489795918,0.6122448979591839,0.0029929604348954,49,win
simMed_test.mat,simMed_test.mat#53,53,0.01,tpsscs_finished_detector,raw,0.9387755102040816,0.3673469387755102,0.5714285714285714,0.0099867149205185,49,win
simMed_test.mat,simMed_test.mat#54,54,1e-05,tpsscs_finished_detector,raw,0.1388888888888889,0.0833333333333333,0.055555555555555594,0.0,36,win
simMed_test.mat,simMed_test.mat#54,54,3e-05,tpsscs_finished_detector,raw,0.1388888888888889,0.0833333333333333,0.055555555555555594,1.5267175572519083e-05,36,win
simMed_test.mat,simMed_test.mat#54,54,0.0001,tpsscs_finished_detector,raw,0.1944444444444444,0.2777777777777778,-0.0833333333333334,9.16030534351145e-05,36,loss
simMed_test.mat,simMed_test.mat#54,54,0.0003,tpsscs_finished_detector,raw,0.3888888888888889,0.3888888888888889,0.0,0.0002900763358778,36,tie
simMed_test.mat,simMed_test.mat#54,54,0.001,tpsscs_finished_detector,raw,0.7777777777777778,0.5,0.2777777777777778,0.0009923664122137,36,win
simMed_test.mat,simMed_test.mat#54,54,0.003,tpsscs_finished_detector,raw,0.8888888888888888,0.6666666666666666,0.2222222222222222,0.0029923664122137,36,win
simMed_test.mat,simMed_test.mat#54,54,0.01,tpsscs_finished_detector,raw,0.9166666666666666,0.75,0.16666666666666663,0.01,36,win
simMed_test.mat,simMed_test.mat#55,55,1e-05,tpsscs_finished_detector,raw,0.0833333333333333,0.0416666666666666,0.0416666666666667,0.0,24,win
simMed_test.mat,simMed_test.mat#55,55,3e-05,tpsscs_finished_detector,raw,0.0833333333333333,0.125,-0.0416666666666667,1.5264379045060447e-05,24,loss
simMed_test.mat,simMed_test.mat#55,55,0.0001,tpsscs_finished_detector,raw,0.1666666666666666,0.25,-0.0833333333333334,9.158627427036267e-05,24,loss
simMed_test.mat,simMed_test.mat#55,55,0.0003,tpsscs_finished_detector,raw,0.3333333333333333,0.25,0.08333333333333331,0.0002900232018561,24,win
simMed_test.mat,simMed_test.mat#55,55,0.001,tpsscs_finished_detector,raw,0.4583333333333333,0.375,0.08333333333333331,0.0009921846379289,24,win
simMed_test.mat,simMed_test.mat#55,55,0.003,tpsscs_finished_detector,raw,0.5416666666666666,0.5416666666666666,0.0,0.0029918182928318,24,tie
simMed_test.mat,simMed_test.mat#55,55,0.01,tpsscs_finished_detector,raw,0.5833333333333334,0.625,-0.04166666666666663,0.0099981682745145,24,loss
simMed_test.mat,simMed_test.mat#56,56,1e-05,tpsscs_finished_detector,raw,0.2631578947368421,0.0526315789473684,0.2105263157894737,0.0,19,win
simMed_test.mat,simMed_test.mat#56,56,3e-05,tpsscs_finished_detector,raw,0.3157894736842105,0.0526315789473684,0.2631578947368421,1.5263214127630997e-05,19,win
simMed_test.mat,simMed_test.mat#56,56,0.0001,tpsscs_finished_detector,raw,0.5263157894736842,0.0526315789473684,0.47368421052631576,9.157928476578598e-05,19,win
simMed_test.mat,simMed_test.mat#56,56,0.0003,tpsscs_finished_detector,raw,0.5263157894736842,0.1578947368421052,0.368421052631579,0.0002900010684249,19,win
simMed_test.mat,simMed_test.mat#56,56,0.001,tpsscs_finished_detector,raw,0.631578947368421,0.3157894736842105,0.3157894736842105,0.000992108918296,19,win
simMed_test.mat,simMed_test.mat#56,56,0.003,tpsscs_finished_detector,raw,0.7368421052631579,0.3157894736842105,0.42105263157894735,0.0029915899690156,19,win
simMed_test.mat,simMed_test.mat#56,56,0.01,tpsscs_finished_detector,raw,0.7368421052631579,0.4736842105263157,0.26315789473684215,0.0099974052535983,19,win
simMed_test.mat,simMed_test.mat#59,59,1e-05,tpsscs_finished_detector,raw,0.3333333333333333,0.1794871794871795,0.15384615384615383,0.0,39,win
simMed_test.mat,simMed_test.mat#59,59,3e-05,tpsscs_finished_detector,raw,0.3333333333333333,0.2564102564102564,0.07692307692307693,1.526787486449761e-05,39,win
simMed_test.mat,simMed_test.mat#59,59,0.0001,tpsscs_finished_detector,raw,0.5897435897435898,0.4102564102564102,0.17948717948717957,9.160724918698568e-05,39,win
simMed_test.mat,simMed_test.mat#59,59,0.0003,tpsscs_finished_detector,raw,0.6666666666666666,0.4871794871794871,0.17948717948717952,0.0002900896224254,39,win
simMed_test.mat,simMed_test.mat#59,59,0.001,tpsscs_finished_detector,raw,0.8974358974358975,0.6666666666666666,0.23076923076923084,0.0009924118661923,39,win
simMed_test.mat,simMed_test.mat#59,59,0.003,tpsscs_finished_detector,raw,0.9230769230769232,0.7435897435897436,0.17948717948717963,0.0029925034734415,39,win
simMed_test.mat,simMed_test.mat#59,59,0.01,tpsscs_finished_detector,raw,0.9487179487179488,0.8717948717948718,0.07692307692307698,0.0099851901613814,39,win
simMed_test.mat,simMed_test.mat#61,61,1e-05,tpsscs_finished_detector,raw,0.0784313725490196,0.0784313725490196,0.0,0.0,51,tie
simMed_test.mat,simMed_test.mat#61,61,3e-05,tpsscs_finished_detector,raw,0.2156862745098039,0.0980392156862745,0.11764705882352941,1.527067267313125e-05,51,win
simMed_test.mat,simMed_test.mat#61,61,0.0001,tpsscs_finished_detector,raw,0.2745098039215686,0.1176470588235294,0.1568627450980392,9.16240360387875e-05,51,win
simMed_test.mat,simMed_test.mat#61,61,0.0003,tpsscs_finished_detector,raw,0.4313725490196078,0.1764705882352941,0.2549019607843137,0.0002901427807894,51,win
simMed_test.mat,simMed_test.mat#61,61,0.001,tpsscs_finished_detector,raw,0.7450980392156863,0.2941176470588235,0.4509803921568628,0.0009925937237535,51,win
simMed_test.mat,simMed_test.mat#61,61,0.003,tpsscs_finished_detector,raw,0.9019607843137256,0.3529411764705882,0.5490196078431374,0.0029930518439337,51,win
simMed_test.mat,simMed_test.mat#61,61,0.01,tpsscs_finished_detector,raw,0.9803921568627452,0.5490196078431373,0.43137254901960786,0.0099870199282278,51,win
simMed_test.mat,simMed_test.mat#62,62,1e-05,tpsscs_finished_detector,raw,0.1923076923076923,0.0769230769230769,0.11538461538461539,0.0,26,win
simMed_test.mat,simMed_test.mat#62,62,3e-05,tpsscs_finished_detector,raw,0.2692307692307692,0.0769230769230769,0.19230769230769232,1.5264845061822624e-05,26,win
simMed_test.mat,simMed_test.mat#62,62,0.0001,tpsscs_finished_detector,raw,0.3461538461538461,0.1538461538461538,0.1923076923076923,9.158907037093572e-05,26,win
simMed_test.mat,simMed_test.mat#62,62,0.0003,tpsscs_finished_detector,raw,0.5769230769230769,0.1538461538461538,0.4230769230769231,0.0002900320561746,26,win
simMed_test.mat,simMed_test.mat#62,62,0.001,tpsscs_finished_detector,raw,0.6153846153846154,0.2692307692307692,0.3461538461538462,0.0009922149290184,26,win
simMed_test.mat,simMed_test.mat#62,62,0.003,tpsscs_finished_detector,raw,0.6153846153846154,0.3846153846153846,0.23076923076923084,0.0029919096321172,26,win
simMed_test.mat,simMed_test.mat#62,62,0.01,tpsscs_finished_detector,raw,0.7307692307692307,0.6923076923076923,0.038461538461538436,0.0099984735154938,26,win
simMed_test.mat,simMed_test.mat#63,63,1e-05,tpsscs_finished_detector,raw,0.2068965517241379,0.1034482758620689,0.103448275862069,0.0,58,win
simMed_test.mat,simMed_test.mat#63,63,3e-05,tpsscs_finished_detector,raw,0.2241379310344827,0.1551724137931034,0.06896551724137931,1.527230520174715e-05,58,win
simMed_test.mat,simMed_test.mat#63,63,0.0001,tpsscs_finished_detector,raw,0.4310344827586206,0.1896551724137931,0.2413793103448275,9.163383121048293e-05,58,win
simMed_test.mat,simMed_test.mat#63,63,0.0003,tpsscs_finished_detector,raw,0.5344827586206896,0.3275862068965517,0.2068965517241379,0.0002901737988331,58,win
simMed_test.mat,simMed_test.mat#63,63,0.001,tpsscs_finished_detector,raw,0.7758620689655172,0.4655172413793103,0.31034482758620696,0.0009926998381135,58,win
simMed_test.mat,simMed_test.mat#63,63,0.003,tpsscs_finished_detector,raw,0.9482758620689656,0.603448275862069,0.3448275862068967,0.0029933718195424,58,win
simMed_test.mat,simMed_test.mat#63,63,0.01,tpsscs_finished_detector,raw,0.9827586206896552,0.7758620689655172,0.206896551724138,0.0099880876019426,58,win
simMed_test.mat,simMed_test.mat#64,64,1e-05,tpsscs_finished_detector,raw,0.3125,0.0625,0.25,0.0,16,win
simMed_test.mat,simMed_test.mat#64,64,3e-05,tpsscs_finished_detector,raw,0.375,0.0625,0.3125,1.5262515262515263e-05,16,win
simMed_test.mat,simMed_test.mat#64,64,0.0001,tpsscs_finished_detector,raw,0.5,0.125,0.375,9.157509157509158e-05,16,win
simMed_test.mat,simMed_test.mat#64,64,0.0003,tpsscs_finished_detector,raw,0.5,0.1875,0.3125,0.0002899877899877,16,win
simMed_test.mat,simMed_test.mat#64,64,0.001,tpsscs_finished_detector,raw,0.6875,0.1875,0.5,0.0009920634920634,16,win
simMed_test.mat,simMed_test.mat#64,64,0.003,tpsscs_finished_detector,raw,0.75,0.4375,0.3125,0.0029914529914529,16,win
simMed_test.mat,simMed_test.mat#64,64,0.01,tpsscs_finished_detector,raw,0.8125,0.625,0.1875,0.0099969474969474,16,win
simMed_test.mat,simMed_test.mat#65,65,1e-05,tpsscs_finished_detector,raw,0.2,0.1333333333333333,0.06666666666666671,0.0,30,win
simMed_test.mat,simMed_test.mat#65,65,3e-05,tpsscs_finished_detector,raw,0.2333333333333333,0.2333333333333333,0.0,1.526577718071627e-05,30,tie
simMed_test.mat,simMed_test.mat#65,65,0.0001,tpsscs_finished_detector,raw,0.3,0.3666666666666666,-0.0666666666666666,9.159466308429762e-05,30,loss
simMed_test.mat,simMed_test.mat#65,65,0.0003,tpsscs_finished_detector,raw,0.4,0.4333333333333333,-0.03333333333333327,0.0002900497664336,30,loss
simMed_test.mat,simMed_test.mat#65,65,0.001,tpsscs_finished_detector,raw,0.5,0.5,0.0,0.0009922755167465,30,tie
simMed_test.mat,simMed_test.mat#65,65,0.003,tpsscs_finished_detector,raw,0.6,0.5666666666666667,0.033333333333333326,0.0029920923274203,30,win
simMed_test.mat,simMed_test.mat#65,65,0.01,tpsscs_finished_detector,raw,0.6333333333333333,0.8333333333333334,-0.20000000000000007,0.0099990840533691,30,loss
simMed_test.mat,simMed_test.mat#67,67,1e-05,tpsscs_finished_detector,raw,0.1363636363636363,0.1136363636363636,0.022727272727272693,0.0,44,win
simMed_test.mat,simMed_test.mat#67,67,3e-05,tpsscs_finished_detector,raw,0.25,0.1818181818181818,0.0681818181818182,1.526904049349539e-05,44,win
simMed_test.mat,simMed_test.mat#67,67,0.0001,tpsscs_finished_detector,raw,0.2954545454545454,0.25,0.045454545454545414,9.161424296097234e-05,44,win
simMed_test.mat,simMed_test.mat#67,67,0.0003,tpsscs_finished_detector,raw,0.4545454545454545,0.4090909090909091,0.04545454545454536,0.0002901117693764,44,win
simMed_test.mat,simMed_test.mat#67,67,0.001,tpsscs_finished_detector,raw,0.6818181818181818,0.4090909090909091,0.27272727272727265,0.0009924876320772,44,win
simMed_test.mat,simMed_test.mat#67,67,0.003,tpsscs_finished_detector,raw,0.8409090909090909,0.4545454545454545,0.38636363636363646,0.002992731936725,44,win
simMed_test.mat,simMed_test.mat#67,67,0.01,tpsscs_finished_detector,raw,0.9772727272727272,0.6136363636363636,0.36363636363636354,0.0099859524827459,44,win
simMed_test.mat,simMed_test.mat#69,69,1e-05,tpsscs_finished_detector,raw,0.1951219512195122,0.048780487804878,0.1463414634146342,0.0,41,win
simMed_test.mat,simMed_test.mat#69,69,3e-05,tpsscs_finished_detector,raw,0.2439024390243902,0.048780487804878,0.1951219512195122,1.5268341094740055e-05,41,win
simMed_test.mat,simMed_test.mat#69,69,0.0001,tpsscs_finished_detector,raw,0.3414634146341463,0.1707317073170731,0.1707317073170732,9.161004656844032e-05,41,win
simMed_test.mat,simMed_test.mat#69,69,0.0003,tpsscs_finished_detector,raw,0.5365853658536586,0.2926829268292683,0.2439024390243903,0.0002900984808,41,win
simMed_test.mat,simMed_test.mat#69,69,0.001,tpsscs_finished_detector,raw,0.7560975609756098,0.3170731707317073,0.43902439024390244,0.0009924421711581,41,win
simMed_test.mat,simMed_test.mat#69,69,0.003,tpsscs_finished_detector,raw,0.8292682926829268,0.4390243902439024,0.3902439024390244,0.002992594854569,41,win
simMed_test.mat,simMed_test.mat#69,69,0.01,tpsscs_finished_detector,raw,0.926829268292683,0.5609756097560976,0.36585365853658536,0.0099854950759599,41,win
simMed_test.mat,simMed_test.mat#7,7,1e-05,tpsscs_finished_detector,raw,0.22,0.08,0.14,0.0,50,win
simMed_test.mat,simMed_test.mat#7,7,3e-05,tpsscs_finished_detector,raw,0.22,0.16,0.06,1.5270439483248328e-05,50,win
simMed_test.mat,simMed_test.mat#7,7,0.0001,tpsscs_finished_detector,raw,0.42,0.24,0.18,9.162263689948996e-05,50,win
simMed_test.mat,simMed_test.mat#7,7,0.0003,tpsscs_finished_detector,raw,0.54,0.34,0.2,0.0002901383501817,50,win
simMed_test.mat,simMed_test.mat#7,7,0.001,tpsscs_finished_detector,raw,0.72,0.42,0.3,0.0009925785664111,50,win
simMed_test.mat,simMed_test.mat#7,7,0.003,tpsscs_finished_detector,raw,0.86,0.48,0.38,0.0029930061387166,50,win
simMed_test.mat,simMed_test.mat#7,7,0.01,tpsscs_finished_detector,raw,0.94,0.66,0.2799999999999999,0.0099868674220444,50,win
simMed_test.mat,simMed_test.mat#70,70,1e-05,tpsscs_finished_detector,raw,0.2093023255813953,0.0232558139534883,0.186046511627907,0.0,43,win
simMed_test.mat,simMed_test.mat#70,70,3e-05,tpsscs_finished_detector,raw,0.2325581395348837,0.1162790697674418,0.11627906976744189,1.526880735345762e-05,43,win
simMed_test.mat,simMed_test.mat#70,70,0.0001,tpsscs_finished_detector,raw,0.3953488372093023,0.2093023255813953,0.186046511627907,9.161284412074572e-05,43,win
simMed_test.mat,simMed_test.mat#70,70,0.0003,tpsscs_finished_detector,raw,0.5116279069767442,0.3488372093023256,0.16279069767441862,0.0002901073397156,43,win
simMed_test.mat,simMed_test.mat#70,70,0.001,tpsscs_finished_detector,raw,0.7906976744186046,0.4418604651162791,0.34883720930232553,0.0009924724779747,43,win
simMed_test.mat,simMed_test.mat#70,70,0.003,tpsscs_finished_detector,raw,0.9069767441860463,0.5581395348837209,0.3488372093023254,0.0029926862412776,43,win
simMed_test.mat,simMed_test.mat#70,70,0.01,tpsscs_finished_detector,raw,0.9534883720930232,0.7441860465116279,0.20930232558139528,0.0099858000091612,43,win
simMed_test.mat,simMed_test.mat#71,71,1e-05,tpsscs_finished_detector,raw,0.037037037037037,0.037037037037037,0.0,0.0,27,tie
simMed_test.mat,simMed_test.mat#71,71,3e-05,tpsscs_finished_detector,raw,0.037037037037037,0.1111111111111111,-0.0740740740740741,1.5265078080874384e-05,27,loss
simMed_test.mat,simMed_test.mat#71,71,0.0001,tpsscs_finished_detector,raw,0.2222222222222222,0.1851851851851851,0.03703703703703712,9.15904684852463e-05,27,win
simMed_test.mat,simMed_test.mat#71,71,0.0003,tpsscs_finished_detector,raw,0.4074074074074074,0.2592592592592592,0.1481481481481482,0.0002900364835366,27,win
simMed_test.mat,simMed_test.mat#71,71,0.001,tpsscs_finished_detector,raw,0.5185185185185185,0.2962962962962963,0.2222222222222222,0.0009922300752568,27,win
simMed_test.mat,simMed_test.mat#71,71,0.003,tpsscs_finished_detector,raw,0.5555555555555556,0.4814814814814814,0.07407407407407418,0.0029919553038513,27,win
simMed_test.mat,simMed_test.mat#71,71,0.01,tpsscs_finished_detector,raw,0.6666666666666666,0.5925925925925926,0.07407407407407407,0.0099986261429727,27,win
simMed_test.mat,simMed_test.mat#72,72,1e-05,tpsscs_finished_detector,raw,0.3513513513513513,0.1621621621621621,0.18918918918918923,0.0,37,win
simMed_test.mat,simMed_test.mat#72,72,3e-05,tpsscs_finished_detector,raw,0.3783783783783784,0.2162162162162162,0.1621621621621622,1.5267408662727676e-05,37,win
simMed_test.mat,simMed_test.mat#72,72,0.0001,tpsscs_finished_detector,raw,0.4594594594594595,0.4054054054054054,0.05405405405405411,9.160445197636606e-05,37,win
simMed_test.mat,simMed_test.mat#72,72,0.0003,tpsscs_finished_detector,raw,0.6756756756756757,0.5135135135135135,0.16216216216216217,0.0002900807645918,37,win
simMed_test.mat,simMed_test.mat#72,72,0.001,tpsscs_finished_detector,raw,0.8108108108108109,0.6216216216216216,0.18918918918918926,0.0009923815630772,37,win
simMed_test.mat,simMed_test.mat#72,72,0.003,tpsscs_finished_detector,raw,0.8648648648648649,0.7567567567567568,0.10810810810810811,0.0029924120978946,37,win
simMed_test.mat,simMed_test.mat#72,72,0.01,tpsscs_finished_detector,raw,0.945945945945946,0.918918918918919,0.027027027027027084,0.0099848852654238,37,win
simMed_test.mat,simMed_test.mat#74,74,1e-05,tpsscs_finished_detector,raw,0.0571428571428571,0.0571428571428571,0.0,0.0,35,tie
simMed_test.mat,simMed_test.mat#74,74,3e-05,tpsscs_finished_detector,raw,0.0857142857142857,0.0571428571428571,0.028571428571428602,1.5266942489427644e-05,35,win
simMed_test.mat,simMed_test.mat#74,74,0.0001,tpsscs_finished_detector,raw,0.2285714285714285,0.2285714285714285,0.0,9.160165493656586e-05,35,tie
simMed_test.mat,simMed_test.mat#74,74,0.0003,tpsscs_finished_detector,raw,0.5714285714285714,0.3714285714285714,0.2,0.0002900719072991,35,win
simMed_test.mat,simMed_test.mat#74,74,0.001,tpsscs_finished_detector,raw,0.7714285714285715,0.4857142857142857,0.28571428571428575,0.0009923512618127,35,win
simMed_test.mat,simMed_test.mat#74,74,0.003,tpsscs_finished_detector,raw,0.9428571428571428,0.5714285714285714,0.37142857142857144,0.0029923207279278,35,win
simMed_test.mat,simMed_test.mat#74,74,0.01,tpsscs_finished_detector,raw,0.9428571428571428,0.7714285714285715,0.17142857142857137,0.0099998473305751,35,win
simMed_test.mat,simMed_test.mat#75,75,1e-05,tpsscs_finished_detector,raw,0.1333333333333333,0.05,0.0833333333333333,0.0,60,win
simMed_test.mat,simMed_test.mat#75,75,3e-05,tpsscs_finished_detector,raw,0.1833333333333333,0.15,0.0333333333333333,1.527277170260859e-05,60,win
simMed_test.mat,simMed_test.mat#75,75,0.0001,tpsscs_finished_detector,raw,0.2833333333333333,0.25,0.033333333333333326,9.163663021565152e-05,60,win
simMed_test.mat,simMed_test.mat#75,75,0.0003,tpsscs_finished_detector,raw,0.3666666666666666,0.2666666666666666,0.09999999999999998,0.0002901826623495,60,win
simMed_test.mat,simMed_test.mat#75,75,0.001,tpsscs_finished_detector,raw,0.7333333333333333,0.3166666666666666,0.4166666666666667,0.0009927301606695,60,win
simMed_test.mat,simMed_test.mat#75,75,0.003,tpsscs_finished_detector,raw,0.9166666666666666,0.5,0.41666666666666663,0.0029934632537112,60,win
simMed_test.mat,simMed_test.mat#75,75,0.01,tpsscs_finished_detector,raw,0.9666666666666668,0.7333333333333333,0.2333333333333335,0.009988392693506,60,win
simMed_test.mat,simMed_test.mat#76,76,1e-05,tpsscs_finished_detector,raw,0.2962962962962963,0.074074074074074,0.22222222222222227,0.0,27,win
simMed_test.mat,simMed_test.mat#76,76,3e-05,tpsscs_finished_detector,raw,0.3333333333333333,0.1481481481481481,0.1851851851851852,1.5265078080874384e-05,27,win
simMed_test.mat,simMed_test.mat#76,76,0.0001,tpsscs_finished_detector,raw,0.4814814814814814,0.1851851851851851,0.2962962962962963,9.15904684852463e-05,27,win
simMed_test.mat,simMed_test.mat#76,76,0.0003,tpsscs_finished_detector,raw,0.5555555555555556,0.2592592592592592,0.2962962962962964,0.0002900364835366,27,win
simMed_test.mat,simMed_test.mat#76,76,0.001,tpsscs_finished_detector,raw,0.8148148148148148,0.4074074074074074,0.4074074074074074,0.0009922300752568,27,win
simMed_test.mat,simMed_test.mat#76,76,0.003,tpsscs_finished_detector,raw,0.925925925925926,0.5185185185185185,0.40740740740740755,0.0029919553038513,27,win
simMed_test.mat,simMed_test.mat#76,76,0.01,tpsscs_finished_detector,raw,0.925925925925926,0.5925925925925926,0.3333333333333335,0.0099986261429727,27,win
simMed_test.mat,simMed_test.mat#77,77,1e-05,tpsscs_finished_detector,raw,0.1587301587301587,0.0476190476190476,0.11111111111111109,0.0,63,win
simMed_test.mat,simMed_test.mat#77,77,3e-05,tpsscs_finished_detector,raw,0.2063492063492063,0.0634920634920634,0.1428571428571429,1.5273471507338904e-05,63,win
simMed_test.mat,simMed_test.mat#77,77,0.0001,tpsscs_finished_detector,raw,0.2539682539682539,0.0634920634920634,0.1904761904761905,9.16408290440334e-05,63,win
simMed_test.mat,simMed_test.mat#77,77,0.0003,tpsscs_finished_detector,raw,0.4126984126984127,0.2222222222222222,0.19047619047619047,0.0002901959586394,63,win
simMed_test.mat,simMed_test.mat#77,77,0.001,tpsscs_finished_detector,raw,0.6507936507936508,0.2857142857142857,0.3650793650793651,0.000992775647977,63,win
simMed_test.mat,simMed_test.mat#77,77,0.003,tpsscs_finished_detector,raw,0.7777777777777778,0.4126984126984127,0.3650793650793651,0.0029936004154384,63,win
simMed_test.mat,simMed_test.mat#77,77,0.01,tpsscs_finished_detector,raw,0.8412698412698413,0.5714285714285714,0.2698412698412699,0.0099888503657996,63,win
simMed_test.mat,simMed_test.mat#78,78,1e-05,tpsscs_finished_detector,raw,0.08,0.08,0.0,0.0,25,tie
simMed_test.mat,simMed_test.mat#78,78,3e-05,tpsscs_finished_detector,raw,0.24,0.08,0.15999999999999998,1.526461204988475e-05,25,win
simMed_test.mat,simMed_test.mat#78,78,0.0001,tpsscs_finished_detector,raw,0.4,0.16,0.24000000000000002,9.158767229930853e-05,25,win
simMed_test.mat,simMed_test.mat#78,78,0.0003,tpsscs_finished_detector,raw,0.56,0.2,0.36000000000000004,0.0002900276289478,25,win
simMed_test.mat,simMed_test.mat#78,78,0.001,tpsscs_finished_detector,raw,0.72,0.28,0.43999999999999995,0.0009921997832425,25,win
simMed_test.mat,simMed_test.mat#78,78,0.003,tpsscs_finished_detector,raw,0.92,0.32,0.6000000000000001,0.0029918639617774,25,win
simMed_test.mat,simMed_test.mat#78,78,0.01,tpsscs_finished_detector,raw,0.92,0.48,0.44000000000000006,0.0099983208926745,25,win
simMed_test.mat,simMed_test.mat#79,79,1e-05,tpsscs_finished_detector,raw,0.2307692307692307,0.0769230769230769,0.1538461538461538,0.0,26,win
simMed_test.mat,simMed_test.mat#79,79,3e-05,tpsscs_finished_detector,raw,0.3461538461538461,0.1153846153846153,0.23076923076923078,1.5264845061822624e-05,26,win
simMed_test.mat,simMed_test.mat#79,79,0.0001,tpsscs_finished_detector,raw,0.4230769230769231,0.1153846153846153,0.30769230769230776,9.158907037093572e-05,26,win
simMed_test.mat,simMed_test.mat#79,79,0.0003,tpsscs_finished_detector,raw,0.5384615384615384,0.1153846153846153,0.42307692307692313,0.0002900320561746,26,win
simMed_test.mat,simMed_test.mat#79,79,0.001,tpsscs_finished_detector,raw,0.6153846153846154,0.3076923076923077,0.3076923076923077,0.0009922149290184,26,win
simMed_test.mat,simMed_test.mat#79,79,0.003,tpsscs_finished_detector,raw,0.6538461538461539,0.3461538461538461,0.30769230769230776,0.0029919096321172,26,win
simMed_test.mat,simMed_test.mat#79,79,0.01,tpsscs_finished_detector,raw,0.7307692307692307,0.5769230769230769,0.15384615384615385,0.0099984735154938,26,win
simMed_test.mat,simMed_test.mat#8,8,1e-05,tpsscs_finished_detector,raw,0.2916666666666667,0.0833333333333333,0.20833333333333337,0.0,24,win
simMed_test.mat,simMed_test.mat#8,8,3e-05,tpsscs_finished_detector,raw,0.2916666666666667,0.0833333333333333,0.20833333333333337,1.5264379045060447e-05,24,win
simMed_test.mat,simMed_test.mat#8,8,0.0001,tpsscs_finished_detector,raw,0.4583333333333333,0.25,0.20833333333333331,9.158627427036267e-05,24,win
simMed_test.mat,simMed_test.mat#8,8,0.0003,tpsscs_finished_detector,raw,0.625,0.3333333333333333,0.2916666666666667,0.0002900232018561,24,win
simMed_test.mat,simMed_test.mat#8,8,0.001,tpsscs_finished_detector,raw,0.8333333333333334,0.3333333333333333,0.5,0.0009921846379289,24,win
simMed_test.mat,simMed_test.mat#8,8,0.003,tpsscs_finished_detector,raw,0.9166666666666666,0.4583333333333333,0.4583333333333333,0.0029918182928318,24,win
simMed_test.mat,simMed_test.mat#8,8,0.01,tpsscs_finished_detector,raw,1.0,0.7916666666666666,0.20833333333333337,0.0099981682745145,24,win
simMed_test.mat,simMed_test.mat#80,80,1e-05,tpsscs_finished_detector,raw,0.2,0.2666666666666666,-0.0666666666666666,0.0,15,loss
simMed_test.mat,simMed_test.mat#80,80,3e-05,tpsscs_finished_detector,raw,0.2,0.2666666666666666,-0.0666666666666666,1.5262282321698386e-05,15,loss
simMed_test.mat,simMed_test.mat#80,80,0.0001,tpsscs_finished_detector,raw,0.4666666666666667,0.2666666666666666,0.20000000000000007,9.157369393019031e-05,15,win
simMed_test.mat,simMed_test.mat#80,80,0.0003,tpsscs_finished_detector,raw,0.8,0.3333333333333333,0.46666666666666673,0.0002899833641122,15,win
simMed_test.mat,simMed_test.mat#80,80,0.001,tpsscs_finished_detector,raw,0.8666666666666667,0.4666666666666667,0.4,0.0009920483509103,15,win
simMed_test.mat,simMed_test.mat#80,80,0.003,tpsscs_finished_detector,raw,0.8666666666666667,0.4666666666666667,0.4,0.0029914073350528,15,win
simMed_test.mat,simMed_test.mat#80,80,0.01,tpsscs_finished_detector,raw,0.8666666666666667,0.8666666666666667,0.0,0.0099967949207124,15,tie
simMed_test.mat,simMed_test.mat#82,82,1e-05,tpsscs_finished_detector,raw,0.2903225806451613,0.032258064516129,0.2580645161290323,0.0,31,win
simMed_test.mat,simMed_test.mat#82,82,3e-05,tpsscs_finished_detector,raw,0.3548387096774194,0.2580645161290322,0.09677419354838718,1.5266010228226854e-05,31,win
simMed_test.mat,simMed_test.mat#82,82,0.0001,tpsscs_finished_detector,raw,0.5161290322580645,0.3548387096774194,0.16129032258064513,9.159606136936113e-05,31,win
simMed_test.mat,simMed_test.mat#82,82,0.0003,tpsscs_finished_detector,raw,0.7419354838709677,0.3548387096774194,0.3870967741935484,0.0002900541943363,31,win
simMed_test.mat,simMed_test.mat#82,82,0.001,tpsscs_finished_detector,raw,0.8709677419354839,0.4193548387096774,0.4516129032258065,0.0009922906648347,31,win
simMed_test.mat,simMed_test.mat#82,82,0.003,tpsscs_finished_detector,raw,0.935483870967742,0.4838709677419355,0.4516129032258065,0.0029921380047324,31,win
simMed_test.mat,simMed_test.mat#82,82,0.01,tpsscs_finished_detector,raw,0.935483870967742,0.5806451612903226,0.3548387096774194,0.0099992366994885,31,win
simMed_test.mat,simMed_test.mat#84,84,1e-05,tpsscs_finished_detector,raw,0.275,0.125,0.15000000000000002,0.0,40,win
simMed_test.mat,simMed_test.mat#84,84,3e-05,tpsscs_finished_detector,raw,0.275,0.175,0.10000000000000003,1.5268107976059605e-05,40,win
simMed_test.mat,simMed_test.mat#84,84,0.0001,tpsscs_finished_detector,raw,0.3,0.2,0.09999999999999998,9.160864785635764e-05,40,win
simMed_test.mat,simMed_test.mat#84,84,0.0003,tpsscs_finished_detector,raw,0.55,0.25,0.30000000000000004,0.0002900940515451,40,win
simMed_test.mat,simMed_test.mat#84,84,0.001,tpsscs_finished_detector,raw,0.8,0.3,0.5,0.0009924270184438,40,win
simMed_test.mat,simMed_test.mat#84,84,0.003,tpsscs_finished_detector,raw,0.9,0.475,0.42500000000000004,0.0029925491633076,40,win
simMed_test.mat,simMed_test.mat#84,84,0.01,tpsscs_finished_detector,raw,0.975,0.625,0.35,0.0099853426163429,40,win
simMed_test.mat,simMed_test.mat#85,85,1e-05,tpsscs_finished_detector,raw,0.2903225806451613,0.0967741935483871,0.19354838709677422,0.0,31,win
simMed_test.mat,simMed_test.mat#85,85,3e-05,tpsscs_finished_detector,raw,0.3225806451612903,0.2258064516129032,0.09677419354838712,1.5266010228226854e-05,31,win
simMed_test.mat,simMed_test.mat#85,85,0.0001,tpsscs_finished_detector,raw,0.4838709677419355,0.2580645161290322,0.2258064516129033,9.159606136936113e-05,31,win
simMed_test.mat,simMed_test.mat#85,85,0.0003,tpsscs_finished_detector,raw,0.5483870967741935,0.3548387096774194,0.19354838709677413,0.0002900541943363,31,win
simMed_test.mat,simMed_test.mat#85,85,0.001,tpsscs_finished_detector,raw,0.7741935483870968,0.4516129032258064,0.32258064516129037,0.0009922906648347,31,win
simMed_test.mat,simMed_test.mat#85,85,0.003,tpsscs_finished_detector,raw,0.8709677419354839,0.5483870967741935,0.32258064516129037,0.0029921380047324,31,win
simMed_test.mat,simMed_test.mat#85,85,0.01,tpsscs_finished_detector,raw,0.9032258064516128,0.6774193548387096,0.22580645161290314,0.0099992366994885,31,win
simMed_test.mat,simMed_test.mat#86,86,1e-05,tpsscs_finished_detector,raw,0.2727272727272727,0.1363636363636363,0.1363636363636364,0.0,44,win
simMed_test.mat,simMed_test.mat#86,86,3e-05,tpsscs_finished_detector,raw,0.3636363636363636,0.1363636363636363,0.2272727272727273,1.526904049349539e-05,44,win
simMed_test.mat,simMed_test.mat#86,86,0.0001,tpsscs_finished_detector,raw,0.4772727272727273,0.1818181818181818,0.2954545454545455,9.161424296097234e-05,44,win
simMed_test.mat,simMed_test.mat#86,86,0.0003,tpsscs_finished_detector,raw,0.6818181818181818,0.2272727272727272,0.4545454545454546,0.0002901117693764,44,win
simMed_test.mat,simMed_test.mat#86,86,0.001,tpsscs_finished_detector,raw,0.7727272727272727,0.3636363636363636,0.4090909090909091,0.0009924876320772,44,win
simMed_test.mat,simMed_test.mat#86,86,0.003,tpsscs_finished_detector,raw,0.9318181818181818,0.5454545454545454,0.38636363636363635,0.002992731936725,44,win
simMed_test.mat,simMed_test.mat#86,86,0.01,tpsscs_finished_detector,raw,0.9545454545454546,0.6818181818181818,0.2727272727272728,0.0099859524827459,44,win
simMed_test.mat,simMed_test.mat#87,87,1e-05,tpsscs_finished_detector,raw,0.1063829787234042,0.0,0.1063829787234042,0.0,47,win
simMed_test.mat,simMed_test.mat#87,87,3e-05,tpsscs_finished_detector,raw,0.1063829787234042,0.0638297872340425,0.042553191489361694,1.5269739956328543e-05,47,win
simMed_test.mat,simMed_test.mat#87,87,0.0001,tpsscs_finished_detector,raw,0.3829787234042553,0.2127659574468085,0.1702127659574468,9.161843973797126e-05,47,win
simMed_test.mat,simMed_test.mat#87,87,0.0003,tpsscs_finished_detector,raw,0.425531914893617,0.3191489361702128,0.10638297872340424,0.0002901250591702,47,win
simMed_test.mat,simMed_test.mat#87,87,0.001,tpsscs_finished_detector,raw,0.4680851063829787,0.425531914893617,0.04255319148936165,0.0009925330971613,47,win
simMed_test.mat,simMed_test.mat#87,87,0.003,tpsscs_finished_detector,raw,0.7446808510638298,0.574468085106383,0.17021276595744672,0.0029928690314403,47,win
simMed_test.mat,simMed_test.mat#87,87,0.01,tpsscs_finished_detector,raw,0.851063829787234,0.723404255319149,0.12765957446808507,0.0099864099314388,47,win
simMed_test.mat,simMed_test.mat#88,88,1e-05,tpsscs_finished_detector,raw,0.0697674418604651,0.0232558139534883,0.0465116279069768,0.0,43,win
simMed_test.mat,simMed_test.mat#88,88,3e-05,tpsscs_finished_detector,raw,0.0930232558139534,0.0232558139534883,0.0697674418604651,1.526880735345762e-05,43,win
simMed_test.mat,simMed_test.mat#88,88,0.0001,tpsscs_finished_detector,raw,0.2790697674418604,0.1395348837209302,0.1395348837209302,9.161284412074572e-05,43,win
simMed_test.mat,simMed_test.mat#88,88,0.0003,tpsscs_finished_detector,raw,0.4418604651162791,0.2558139534883721,0.18604651162790697,0.0002901073397156,43,win
simMed_test.mat,simMed_test.mat#88,88,0.001,tpsscs_finished_detector,raw,0.5581395348837209,0.3255813953488372,0.23255813953488375,0.0009924724779747,43,win
simMed_test.mat,simMed_test.mat#88,88,0.003,tpsscs_finished_detector,raw,0.7441860465116279,0.4186046511627907,0.3255813953488372,0.0029926862412776,43,win
simMed_test.mat,simMed_test.mat#88,88,0.01,tpsscs_finished_detector,raw,0.8604651162790697,0.5581395348837209,0.3023255813953488,0.0099858000091612,43,win
simMed_test.mat,simMed_test.mat#89,89,1e-05,tpsscs_finished_detector,raw,0.28,0.12,0.16000000000000003,0.0,50,win
simMed_test.mat,simMed_test.mat#89,89,3e-05,tpsscs_finished_detector,raw,0.3,0.12,0.18,1.5270439483248328e-05,50,win
simMed_test.mat,simMed_test.mat#89,89,0.0001,tpsscs_finished_detector,raw,0.38,0.16,0.22,9.162263689948996e-05,50,win
simMed_test.mat,simMed_test.mat#89,89,0.0003,tpsscs_finished_detector,raw,0.46,0.18,0.28,0.0002901383501817,50,win
simMed_test.mat,simMed_test.mat#89,89,0.001,tpsscs_finished_detector,raw,0.74,0.24,0.5,0.0009925785664111,50,win
simMed_test.mat,simMed_test.mat#89,89,0.003,tpsscs_finished_detector,raw,0.92,0.36,0.56,0.0029930061387166,50,win
simMed_test.mat,simMed_test.mat#89,89,0.01,tpsscs_finished_detector,raw,0.96,0.46,0.49999999999999994,0.0099868674220444,50,win
simMed_test.mat,simMed_test.mat#9,9,1e-05,tpsscs_finished_detector,raw,0.3478260869565217,0.0434782608695652,0.3043478260869565,0.0,23,win
simMed_test.mat,simMed_test.mat#9,9,3e-05,tpsscs_finished_detector,raw,0.3478260869565217,0.0434782608695652,0.3043478260869565,1.526414604734938e-05,23,win
simMed_test.mat,simMed_test.mat#9,9,0.0001,tpsscs_finished_detector,raw,0.5217391304347826,0.0434782608695652,0.4782608695652174,9.158487628409628e-05,23,win
simMed_test.mat,simMed_test.mat#9,9,0.0003,tpsscs_finished_detector,raw,0.6956521739130435,0.0869565217391304,0.6086956521739131,0.0002900187748996,23,win
simMed_test.mat,simMed_test.mat#9,9,0.001,tpsscs_finished_detector,raw,0.782608695652174,0.1304347826086956,0.6521739130434784,0.0009921694930777,23,win
simMed_test.mat,simMed_test.mat#9,9,0.003,tpsscs_finished_detector,raw,0.8695652173913043,0.217391304347826,0.6521739130434783,0.0029917726252804,23,win
simMed_test.mat,simMed_test.mat#9,9,0.01,tpsscs_finished_detector,raw,0.8695652173913043,0.5652173913043478,0.30434782608695654,0.0099980156610138,23,win
simMed_test.mat,simMed_test.mat#90,90,1e-05,tpsscs_finished_detector,raw,0.4,0.0666666666666666,0.3333333333333334,0.0,15,win
simMed_test.mat,simMed_test.mat#90,90,3e-05,tpsscs_finished_detector,raw,0.4666666666666667,0.0666666666666666,0.4000000000000001,1.5262282321698386e-05,15,win
simMed_test.mat,simMed_test.mat#90,90,0.0001,tpsscs_finished_detector,raw,0.4666666666666667,0.1333333333333333,0.33333333333333337,9.157369393019031e-05,15,win
simMed_test.mat,simMed_test.mat#90,90,0.0003,tpsscs_finished_detector,raw,0.4666666666666667,0.1333333333333333,0.33333333333333337,0.0002899833641122,15,win
simMed_test.mat,simMed_test.mat#90,90,0.001,tpsscs_finished_detector,raw,0.4666666666666667,0.3333333333333333,0.13333333333333336,0.0009920483509103,15,win
simMed_test.mat,simMed_test.mat#90,90,0.003,tpsscs_finished_detector,raw,0.7333333333333333,0.3333333333333333,0.39999999999999997,0.0029914073350528,15,win
simMed_test.mat,simMed_test.mat#90,90,0.01,tpsscs_finished_detector,raw,0.7333333333333333,0.5333333333333333,0.19999999999999996,0.0099967949207124,15,win
simMed_test.mat,simMed_test.mat#91,91,1e-05,tpsscs_finished_detector,raw,0.0434782608695652,0.0434782608695652,0.0,0.0,46,tie
simMed_test.mat,simMed_test.mat#91,91,3e-05,tpsscs_finished_detector,raw,0.108695652173913,0.0434782608695652,0.0652173913043478,1.5269506794930524e-05,46,win
simMed_test.mat,simMed_test.mat#91,91,0.0001,tpsscs_finished_detector,raw,0.3478260869565217,0.1956521739130435,0.1521739130434782,9.161704076958314e-05,46,win
simMed_test.mat,simMed_test.mat#91,91,0.0003,tpsscs_finished_detector,raw,0.5217391304347826,0.3260869565217391,0.19565217391304351,0.0002901206291036,46,win
simMed_test.mat,simMed_test.mat#91,91,0.001,tpsscs_finished_detector,raw,0.7608695652173914,0.5,0.26086956521739135,0.0009925179416704,46,win
simMed_test.mat,simMed_test.mat#91,91,0.003,tpsscs_finished_detector,raw,0.8260869565217391,0.5434782608695652,0.28260869565217395,0.0029928233318063,46,win
simMed_test.mat,simMed_test.mat#91,91,0.01,tpsscs_finished_detector,raw,0.8913043478260869,0.6739130434782609,0.21739130434782605,0.0099862574438845,46,win
simMed_test.mat,simMed_test.mat#92,92,1e-05,tpsscs_finished_detector,raw,0.1311475409836065,0.0983606557377049,0.032786885245901606,0.0,61,win
simMed_test.mat,simMed_test.mat#92,92,3e-05,tpsscs_finished_detector,raw,0.180327868852459,0.1475409836065573,0.032786885245901704,1.527300496372661e-05,61,win
simMed_test.mat,simMed_test.mat#92,92,0.0001,tpsscs_finished_detector,raw,0.2950819672131147,0.1639344262295081,0.1311475409836066,9.163802978235968e-05,61,win
simMed_test.mat,simMed_test.mat#92,92,0.0003,tpsscs_finished_detector,raw,0.4918032786885246,0.180327868852459,0.3114754098360656,0.0002901870943108,61,win
simMed_test.mat,simMed_test.mat#92,92,0.001,tpsscs_finished_detector,raw,0.7213114754098361,0.2295081967213114,0.4918032786885247,0.0009927453226422,61,win
simMed_test.mat,simMed_test.mat#92,92,0.003,tpsscs_finished_detector,raw,0.918032786885246,0.360655737704918,0.557377049180328,0.0029935089728904,61,win
simMed_test.mat,simMed_test.mat#92,92,0.01,tpsscs_finished_detector,raw,0.9344262295081968,0.5409836065573771,0.39344262295081966,0.0099885452462772,61,win
simMed_test.mat,simMed_test.mat#93,93,1e-05,tpsscs_finished_detector,raw,0.1746031746031746,0.0476190476190476,0.12698412698412698,0.0,63,win
simMed_test.mat,simMed_test.mat#93,93,3e-05,tpsscs_finished_detector,raw,0.1746031746031746,0.0793650793650793,0.09523809523809529,1.5273471507338904e-05,63,win
simMed_test.mat,simMed_test.mat#93,93,0.0001,tpsscs_finished_detector,raw,0.2539682539682539,0.1111111111111111,0.1428571428571428,9.16408290440334e-05,63,win
simMed_test.mat,simMed_test.mat#93,93,0.0003,tpsscs_finished_detector,raw,0.3015873015873015,0.238095238095238,0.06349206349206352,0.0002901959586394,63,win
simMed_test.mat,simMed_test.mat#93,93,0.001,tpsscs_finished_detector,raw,0.5873015873015873,0.3333333333333333,0.253968253968254,0.000992775647977,63,win
simMed_test.mat,simMed_test.mat#93,93,0.003,tpsscs_finished_detector,raw,0.7142857142857143,0.4126984126984127,0.3015873015873016,0.0029936004154384,63,win
simMed_test.mat,simMed_test.mat#93,93,0.01,tpsscs_finished_detector,raw,0.7936507936507936,0.5714285714285714,0.2222222222222222,0.0099888503657996,63,win
simMed_test.mat,simMed_test.mat#94,94,1e-05,tpsscs_finished_detector,raw,0.25,0.2,0.04999999999999999,0.0,20,win
simMed_test.mat,simMed_test.mat#94,94,3e-05,tpsscs_finished_detector,raw,0.3,0.25,0.04999999999999999,1.5263447096892362e-05,20,win
simMed_test.mat,simMed_test.mat#94,94,0.0001,tpsscs_finished_detector,raw,0.3,0.3,0.0,9.158068258135418e-05,20,tie
simMed_test.mat,simMed_test.mat#94,94,0.0003,tpsscs_finished_detector,raw,0.3,0.45,-0.15000000000000002,0.0002900054948409,20,loss
simMed_test.mat,simMed_test.mat#94,94,0.001,tpsscs_finished_detector,raw,0.3,0.5,-0.2,0.000992124061298,20,loss
simMed_test.mat,simMed_test.mat#94,94,0.003,tpsscs_finished_detector,raw,0.45,0.55,-0.10000000000000003,0.0029916356309909,20,loss
simMed_test.mat,simMed_test.mat#94,94,0.01,tpsscs_finished_detector,raw,0.55,0.65,-0.09999999999999998,0.0099975578484644,20,loss
simMed_test.mat,simMed_test.mat#95,95,1e-05,tpsscs_finished_detector,raw,0.2941176470588235,0.0294117647058823,0.2647058823529412,0.0,34,win
simMed_test.mat,simMed_test.mat#95,95,3e-05,tpsscs_finished_detector,raw,0.2941176470588235,0.0588235294117647,0.2352941176470588,1.5266709413453023e-05,34,win
simMed_test.mat,simMed_test.mat#95,95,0.0001,tpsscs_finished_detector,raw,0.4705882352941176,0.088235294117647,0.38235294117647056,9.160025648071816e-05,34,win
simMed_test.mat,simMed_test.mat#95,95,0.0003,tpsscs_finished_detector,raw,0.5588235294117647,0.1470588235294117,0.41176470588235303,0.0002900674788556,34,win
simMed_test.mat,simMed_test.mat#95,95,0.001,tpsscs_finished_detector,raw,0.7352941176470589,0.1470588235294117,0.5882352941176472,0.0009923361118744,34,win
simMed_test.mat,simMed_test.mat#95,95,0.003,tpsscs_finished_detector,raw,0.8529411764705882,0.3235294117647059,0.5294117647058822,0.0029922750450367,34,win
simMed_test.mat,simMed_test.mat#95,95,0.01,tpsscs_finished_detector,raw,0.9117647058823528,0.4705882352941176,0.4411764705882352,0.0099996946658117,34,win
simMed_test.mat,simMed_test.mat#97,97,1e-05,tpsscs_finished_detector,raw,0.15,0.0666666666666666,0.0833333333333334,0.0,60,win
simMed_test.mat,simMed_test.mat#97,97,3e-05,tpsscs_finished_detector,raw,0.1666666666666666,0.0666666666666666,0.1,1.527277170260859e-05,60,win
simMed_test.mat,simMed_test.mat#97,97,0.0001,tpsscs_finished_detector,raw,0.1833333333333333,0.1,0.08333333333333329,9.163663021565152e-05,60,win
simMed_test.mat,simMed_test.mat#97,97,0.0003,tpsscs_finished_detector,raw,0.4,0.2666666666666666,0.13333333333333341,0.0002901826623495,60,win
simMed_test.mat,simMed_test.mat#97,97,0.001,tpsscs_finished_detector,raw,0.6166666666666667,0.4833333333333333,0.13333333333333341,0.0009927301606695,60,win
simMed_test.mat,simMed_test.mat#97,97,0.003,tpsscs_finished_detector,raw,0.8166666666666667,0.6166666666666667,0.19999999999999996,0.0029934632537112,60,win
simMed_test.mat,simMed_test.mat#97,97,0.01,tpsscs_finished_detector,raw,0.9666666666666668,0.75,0.21666666666666679,0.009988392693506,60,win
simMed_test.mat,simMed_test.mat#99,99,1e-05,tpsscs_finished_detector,raw,0.2,0.1,0.1,0.0,40,win
simMed_test.mat,simMed_test.mat#99,99,3e-05,tpsscs_finished_detector,raw,0.2,0.125,0.07500000000000001,1.5268107976059605e-05,40,win
simMed_test.mat,simMed_test.mat#99,99,0.0001,tpsscs_finished_detector,raw,0.275,0.15,0.12500000000000003,9.160864785635764e-05,40,win
simMed_test.mat,simMed_test.mat#99,99,0.0003,tpsscs_finished_detector,raw,0.475,0.175,0.3,0.0002900940515451,40,win
simMed_test.mat,simMed_test.mat#99,99,0.001,tpsscs_finished_detector,raw,0.65,0.2,0.45,0.0009924270184438,40,win
simMed_test.mat,simMed_test.mat#99,99,0.003,tpsscs_finished_detector,raw,0.8,0.275,0.525,0.0029925491633076,40,win
simMed_test.mat,simMed_test.mat#99,99,0.01,tpsscs_finished_detector,raw,0.825,0.425,0.39999999999999997,0.0099853426163429,40,win
simWind_test.mat,simWind_test.mat#0,0,1e-05,tpsscs_finished_detector,raw,0.1627906976744186,0.0232558139534883,0.1395348837209303,0.0,43,win
simWind_test.mat,simWind_test.mat#0,0,3e-05,tpsscs_finished_detector,raw,0.1627906976744186,0.0930232558139534,0.06976744186046518,1.526880735345762e-05,43,win
simWind_test.mat,simWind_test.mat#0,0,0.0001,tpsscs_finished_detector,raw,0.1860465116279069,0.0930232558139534,0.09302325581395349,9.161284412074572e-05,43,win
simWind_test.mat,simWind_test.mat#0,0,0.0003,tpsscs_finished_detector,raw,0.4883720930232558,0.1860465116279069,0.30232558139534893,0.0002901073397156,43,win
simWind_test.mat,simWind_test.mat#0,0,0.001,tpsscs_finished_detector,raw,0.8372093023255814,0.3023255813953488,0.5348837209302326,0.0009924724779747,43,win
simWind_test.mat,simWind_test.mat#0,0,0.003,tpsscs_finished_detector,raw,0.9069767441860463,0.3255813953488372,0.5813953488372092,0.0029926862412776,43,win
simWind_test.mat,simWind_test.mat#0,0,0.01,tpsscs_finished_detector,raw,0.9302325581395348,0.5348837209302325,0.39534883720930225,0.0099858000091612,43,win
simWind_test.mat,simWind_test.mat#100,100,1e-05,tpsscs_finished_detector,raw,0.1509433962264151,0.1132075471698113,0.03773584905660379,0.0,53,win
simWind_test.mat,simWind_test.mat#100,100,3e-05,tpsscs_finished_detector,raw,0.1886792452830188,0.1698113207547169,0.01886792452830191,1.527113907426355e-05,53,win
simWind_test.mat,simWind_test.mat#100,100,0.0001,tpsscs_finished_detector,raw,0.3584905660377358,0.2264150943396226,0.13207547169811323,9.16268344455813e-05,53,win
simWind_test.mat,simWind_test.mat#100,100,0.0003,tpsscs_finished_detector,raw,0.490566037735849,0.2830188679245283,0.2075471698113207,0.000290151642411,53,win
simWind_test.mat,simWind_test.mat#100,100,0.001,tpsscs_finished_detector,raw,0.7735849056603774,0.3396226415094339,0.4339622641509435,0.0009926240398271,53,win
simWind_test.mat,simWind_test.mat#100,100,0.003,tpsscs_finished_detector,raw,0.8679245283018868,0.4150943396226415,0.45283018867924535,0.0029931432585556,53,win
simWind_test.mat,simWind_test.mat#100,100,0.01,tpsscs_finished_detector,raw,0.9433962264150944,0.5471698113207547,0.39622641509433965,0.0099873249545683,53,win
simWind_test.mat,simWind_test.mat#101,101,1e-05,tpsscs_finished_detector,raw,0.1764705882352941,0.0980392156862745,0.0784313725490196,0.0,51,win
simWind_test.mat,simWind_test.mat#101,101,3e-05,tpsscs_finished_detector,raw,0.1764705882352941,0.1568627450980392,0.019607843137254888,1.527067267313125e-05,51,win
simWind_test.mat,simWind_test.mat#101,101,0.0001,tpsscs_finished_detector,raw,0.3725490196078431,0.3137254901960784,0.05882352941176466,9.16240360387875e-05,51,win
simWind_test.mat,simWind_test.mat#101,101,0.0003,tpsscs_finished_detector,raw,0.5294117647058824,0.4705882352941176,0.058823529411764774,0.0002901427807894,51,win
simWind_test.mat,simWind_test.mat#101,101,0.001,tpsscs_finished_detector,raw,0.7843137254901961,0.6470588235294118,0.13725490196078427,0.0009925937237535,51,win
simWind_test.mat,simWind_test.mat#101,101,0.003,tpsscs_finished_detector,raw,0.9019607843137256,0.7450980392156863,0.15686274509803932,0.0029930518439337,51,win
simWind_test.mat,simWind_test.mat#101,101,0.01,tpsscs_finished_detector,raw,0.9019607843137256,0.8627450980392157,0.03921568627450989,0.0099870199282278,51,win
simWind_test.mat,simWind_test.mat#102,102,1e-05,tpsscs_finished_detector,raw,0.1538461538461538,0.0256410256410256,0.1282051282051282,0.0,39,win
simWind_test.mat,simWind_test.mat#102,102,3e-05,tpsscs_finished_detector,raw,0.2564102564102564,0.0512820512820512,0.20512820512820518,1.526787486449761e-05,39,win
simWind_test.mat,simWind_test.mat#102,102,0.0001,tpsscs_finished_detector,raw,0.358974358974359,0.2307692307692307,0.12820512820512828,9.160724918698568e-05,39,win
simWind_test.mat,simWind_test.mat#102,102,0.0003,tpsscs_finished_detector,raw,0.5128205128205128,0.3333333333333333,0.17948717948717946,0.0002900896224254,39,win
simWind_test.mat,simWind_test.mat#102,102,0.001,tpsscs_finished_detector,raw,0.7692307692307693,0.4102564102564102,0.3589743589743591,0.0009924118661923,39,win
simWind_test.mat,simWind_test.mat#102,102,0.003,tpsscs_finished_detector,raw,0.8461538461538461,0.5128205128205128,0.33333333333333337,0.0029925034734415,39,win
simWind_test.mat,simWind_test.mat#102,102,0.01,tpsscs_finished_detector,raw,0.8717948717948718,0.6666666666666666,0.20512820512820518,0.0099851901613814,39,win
simWind_test.mat,simWind_test.mat#104,104,1e-05,tpsscs_finished_detector,raw,0.32,0.24,0.08000000000000002,0.0,25,win
simWind_test.mat,simWind_test.mat#104,104,3e-05,tpsscs_finished_detector,raw,0.4,0.24,0.16000000000000003,1.526461204988475e-05,25,win
simWind_test.mat,simWind_test.mat#104,104,0.0001,tpsscs_finished_detector,raw,0.56,0.32,0.24000000000000005,9.158767229930853e-05,25,win
simWind_test.mat,simWind_test.mat#104,104,0.0003,tpsscs_finished_detector,raw,0.8,0.4,0.4,0.0002900276289478,25,win
simWind_test.mat,simWind_test.mat#104,104,0.001,tpsscs_finished_detector,raw,0.88,0.4,0.48,0.0009921997832425,25,win
simWind_test.mat,simWind_test.mat#104,104,0.003,tpsscs_finished_detector,raw,0.88,0.52,0.36,0.0029918639617774,25,win
simWind_test.mat,simWind_test.mat#104,104,0.01,tpsscs_finished_detector,raw,0.88,0.68,0.19999999999999996,0.0099983208926745,25,win
simWind_test.mat,simWind_test.mat#105,105,1e-05,tpsscs_finished_detector,raw,0.1923076923076923,0.1153846153846153,0.076923076923077,0.0,26,win
simWind_test.mat,simWind_test.mat#105,105,3e-05,tpsscs_finished_detector,raw,0.2692307692307692,0.1153846153846153,0.1538461538461539,1.5264845061822624e-05,26,win
simWind_test.mat,simWind_test.mat#105,105,0.0001,tpsscs_finished_detector,raw,0.5384615384615384,0.2692307692307692,0.2692307692307692,9.158907037093572e-05,26,win
simWind_test.mat,simWind_test.mat#105,105,0.0003,tpsscs_finished_detector,raw,0.6538461538461539,0.3076923076923077,0.34615384615384615,0.0002900320561746,26,win
simWind_test.mat,simWind_test.mat#105,105,0.001,tpsscs_finished_detector,raw,0.8461538461538461,0.3461538461538461,0.5,0.0009922149290184,26,win
simWind_test.mat,simWind_test.mat#105,105,0.003,tpsscs_finished_detector,raw,0.9230769230769232,0.4615384615384615,0.46153846153846173,0.0029919096321172,26,win
simWind_test.mat,simWind_test.mat#105,105,0.01,tpsscs_finished_detector,raw,0.9230769230769232,0.5769230769230769,0.34615384615384637,0.0099984735154938,26,win
simWind_test.mat,simWind_test.mat#107,107,1e-05,tpsscs_finished_detector,raw,0.1020408163265306,0.0408163265306122,0.0612244897959184,0.0,49,win
simWind_test.mat,simWind_test.mat#107,107,3e-05,tpsscs_finished_detector,raw,0.1428571428571428,0.1224489795918367,0.02040816326530609,1.5270206300487118e-05,49,win
simWind_test.mat,simWind_test.mat#107,107,0.0001,tpsscs_finished_detector,raw,0.2653061224489796,0.2040816326530612,0.06122448979591841,9.162123780292272e-05,49,win
simWind_test.mat,simWind_test.mat#107,107,0.0003,tpsscs_finished_detector,raw,0.4897959183673469,0.4081632653061224,0.08163265306122452,0.0002901339197092,49,win
simWind_test.mat,simWind_test.mat#107,107,0.001,tpsscs_finished_detector,raw,0.6326530612244898,0.4897959183673469,0.1428571428571429,0.0009925634095316,49,win
simWind_test.mat,simWind_test.mat#107,107,0.003,tpsscs_finished_detector,raw,0.6938775510204082,0.6530612244897959,0.04081632653061229,0.0029929604348954,49,win
simWind_test.mat,simWind_test.mat#107,107,0.01,tpsscs_finished_detector,raw,0.8163265306122449,0.7755102040816326,0.04081632653061229,0.0099867149205185,49,win
simWind_test.mat,simWind_test.mat#108,108,1e-05,tpsscs_finished_detector,raw,0.16,0.04,0.12,0.0,25,win
simWind_test.mat,simWind_test.mat#108,108,3e-05,tpsscs_finished_detector,raw,0.16,0.16,0.0,1.526461204988475e-05,25,tie
simWind_test.mat,simWind_test.mat#108,108,0.0001,tpsscs_finished_detector,raw,0.4,0.2,0.2,9.158767229930853e-05,25,win
simWind_test.mat,simWind_test.mat#108,108,0.0003,tpsscs_finished_detector,raw,0.64,0.2,0.44,0.0002900276289478,25,win
simWind_test.mat,simWind_test.mat#108,108,0.001,tpsscs_finished_detector,raw,0.8,0.2,0.6000000000000001,0.0009921997832425,25,win
simWind_test.mat,simWind_test.mat#108,108,0.003,tpsscs_finished_detector,raw,0.84,0.32,0.52,0.0029918639617774,25,win
simWind_test.mat,simWind_test.mat#108,108,0.01,tpsscs_finished_detector,raw,0.92,0.52,0.4,0.0099983208926745,25,win
simWind_test.mat,simWind_test.mat#11,11,1e-05,tpsscs_finished_detector,raw,0.1379310344827586,0.0344827586206896,0.10344827586206899,0.0,58,win
simWind_test.mat,simWind_test.mat#11,11,3e-05,tpsscs_finished_detector,raw,0.1379310344827586,0.0689655172413793,0.0689655172413793,1.527230520174715e-05,58,win
simWind_test.mat,simWind_test.mat#11,11,0.0001,tpsscs_finished_detector,raw,0.3103448275862069,0.1724137931034483,0.13793103448275862,9.163383121048293e-05,58,win
simWind_test.mat,simWind_test.mat#11,11,0.0003,tpsscs_finished_detector,raw,0.4827586206896552,0.293103448275862,0.1896551724137932,0.0002901737988331,58,win
simWind_test.mat,simWind_test.mat#11,11,0.001,tpsscs_finished_detector,raw,0.6724137931034483,0.3275862068965517,0.3448275862068966,0.0009926998381135,58,win
simWind_test.mat,simWind_test.mat#11,11,0.003,tpsscs_finished_detector,raw,0.913793103448276,0.5,0.413793103448276,0.0029933718195424,58,win
simWind_test.mat,simWind_test.mat#11,11,0.01,tpsscs_finished_detector,raw,0.9827586206896552,0.6379310344827587,0.3448275862068966,0.0099880876019426,58,win
simWind_test.mat,simWind_test.mat#110,110,1e-05,tpsscs_finished_detector,raw,0.1111111111111111,0.0634920634920634,0.0476190476190477,0.0,63,win
simWind_test.mat,simWind_test.mat#110,110,3e-05,tpsscs_finished_detector,raw,0.1269841269841269,0.0952380952380952,0.03174603174603169,1.5273471507338904e-05,63,win
simWind_test.mat,simWind_test.mat#110,110,0.0001,tpsscs_finished_detector,raw,0.2539682539682539,0.1904761904761904,0.06349206349206349,9.16408290440334e-05,63,win
simWind_test.mat,simWind_test.mat#110,110,0.0003,tpsscs_finished_detector,raw,0.3809523809523809,0.3809523809523809,0.0,0.0002901959586394,63,tie
simWind_test.mat,simWind_test.mat#110,110,0.001,tpsscs_finished_detector,raw,0.6984126984126984,0.4603174603174603,0.23809523809523808,0.000992775647977,63,win
simWind_test.mat,simWind_test.mat#110,110,0.003,tpsscs_finished_detector,raw,0.9047619047619048,0.5396825396825397,0.3650793650793651,0.0029936004154384,63,win
simWind_test.mat,simWind_test.mat#110,110,0.01,tpsscs_finished_detector,raw,0.9523809523809524,0.6190476190476191,0.33333333333333337,0.0099888503657996,63,win
simWind_test.mat,simWind_test.mat#111,111,1e-05,tpsscs_finished_detector,raw,0.1627906976744186,0.0232558139534883,0.1395348837209303,0.0,43,win
simWind_test.mat,simWind_test.mat#111,111,3e-05,tpsscs_finished_detector,raw,0.1860465116279069,0.1162790697674418,0.06976744186046509,1.526880735345762e-05,43,win
simWind_test.mat,simWind_test.mat#111,111,0.0001,tpsscs_finished_detector,raw,0.2558139534883721,0.1395348837209302,0.1162790697674419,9.161284412074572e-05,43,win
simWind_test.mat,simWind_test.mat#111,111,0.0003,tpsscs_finished_detector,raw,0.4651162790697674,0.1627906976744186,0.3023255813953488,0.0002901073397156,43,win
simWind_test.mat,simWind_test.mat#111,111,0.001,tpsscs_finished_detector,raw,0.5581395348837209,0.2093023255813953,0.34883720930232565,0.0009924724779747,43,win
simWind_test.mat,simWind_test.mat#111,111,0.003,tpsscs_finished_detector,raw,0.6046511627906976,0.3023255813953488,0.3023255813953488,0.0029926862412776,43,win
simWind_test.mat,simWind_test.mat#111,111,0.01,tpsscs_finished_detector,raw,0.7209302325581395,0.6744186046511628,0.046511627906976716,0.0099858000091612,43,win
simWind_test.mat,simWind_test.mat#112,112,1e-05,tpsscs_finished_detector,raw,0.1276595744680851,0.0,0.1276595744680851,0.0,47,win
simWind_test.mat,simWind_test.mat#112,112,3e-05,tpsscs_finished_detector,raw,0.1276595744680851,0.0425531914893617,0.08510638297872339,1.5269739956328543e-05,47,win
simWind_test.mat,simWind_test.mat#112,112,0.0001,tpsscs_finished_detector,raw,0.3404255319148936,0.1063829787234042,0.23404255319148942,9.161843973797126e-05,47,win
simWind_test.mat,simWind_test.mat#112,112,0.0003,tpsscs_finished_detector,raw,0.4042553191489361,0.2340425531914893,0.17021276595744678,0.0002901250591702,47,win
simWind_test.mat,simWind_test.mat#112,112,0.001,tpsscs_finished_detector,raw,0.723404255319149,0.2978723404255319,0.4255319148936171,0.0009925330971613,47,win
simWind_test.mat,simWind_test.mat#112,112,0.003,tpsscs_finished_detector,raw,0.9148936170212766,0.3829787234042553,0.5319148936170213,0.0029928690314403,47,win
simWind_test.mat,simWind_test.mat#112,112,0.01,tpsscs_finished_detector,raw,0.9574468085106383,0.574468085106383,0.3829787234042553,0.0099864099314388,47,win
simWind_test.mat,simWind_test.mat#113,113,1e-05,tpsscs_finished_detector,raw,0.1428571428571428,0.1428571428571428,0.0,0.0,14,tie
simWind_test.mat,simWind_test.mat#113,113,3e-05,tpsscs_finished_detector,raw,0.2857142857142857,0.1428571428571428,0.1428571428571429,1.5262049387991818e-05,14,win
simWind_test.mat,simWind_test.mat#113,113,0.0001,tpsscs_finished_detector,raw,0.4285714285714285,0.2857142857142857,0.1428571428571428,9.157229632795092e-05,14,win
simWind_test.mat,simWind_test.mat#113,113,0.0003,tpsscs_finished_detector,raw,0.5,0.3571428571428571,0.1428571428571429,0.0002899789383718,14,win
simWind_test.mat,simWind_test.mat#113,113,0.001,tpsscs_finished_detector,raw,0.5,0.5,0.0,0.0009920332102194,14,tie
simWind_test.mat,simWind_test.mat#113,113,0.003,tpsscs_finished_detector,raw,0.5,0.5,0.0,0.0029913616800463,14,tie
simWind_test.mat,simWind_test.mat#113,113,0.01,tpsscs_finished_detector,raw,0.5,0.7142857142857143,-0.2142857142857143,0.0099966423491346,14,loss
simWind_test.mat,simWind_test.mat#114,114,1e-05,tpsscs_finished_detector,raw,0.2777777777777778,0.1388888888888889,0.1388888888888889,0.0,36,win
simWind_test.mat,simWind_test.mat#114,114,3e-05,tpsscs_finished_detector,raw,0.3611111111111111,0.1388888888888889,0.2222222222222222,1.5267175572519083e-05,36,win
simWind_test.mat,simWind_test.mat#114,114,0.0001,tpsscs_finished_detector,raw,0.4444444444444444,0.1944444444444444,0.25,9.16030534351145e-05,36,win
simWind_test.mat,simWind_test.mat#114,114,0.0003,tpsscs_finished_detector,raw,0.5833333333333334,0.25,0.33333333333333337,0.0002900763358778,36,win
simWind_test.mat,simWind_test.mat#114,114,0.001,tpsscs_finished_detector,raw,0.75,0.2777777777777778,0.4722222222222222,0.0009923664122137,36,win
simWind_test.mat,simWind_test.mat#114,114,0.003,tpsscs_finished_detector,raw,0.7777777777777778,0.5555555555555556,0.2222222222222222,0.0029923664122137,36,win
simWind_test.mat,simWind_test.mat#114,114,0.01,tpsscs_finished_detector,raw,0.9166666666666666,0.6666666666666666,0.25,0.01,36,win
simWind_test.mat,simWind_test.mat#115,115,1e-05,tpsscs_finished_detector,raw,0.3181818181818182,0.0454545454545454,0.27272727272727276,0.0,22,win
simWind_test.mat,simWind_test.mat#115,115,3e-05,tpsscs_finished_detector,raw,0.3181818181818182,0.0909090909090909,0.2272727272727273,1.5263913056751228e-05,22,win
simWind_test.mat,simWind_test.mat#115,115,0.0001,tpsscs_finished_detector,raw,0.4545454545454545,0.1363636363636363,0.3181818181818182,9.158347834050736e-05,22,win
simWind_test.mat,simWind_test.mat#115,115,0.0003,tpsscs_finished_detector,raw,0.4545454545454545,0.2272727272727272,0.22727272727272727,0.0002900143480782,22,win
simWind_test.mat,simWind_test.mat#115,115,0.001,tpsscs_finished_detector,raw,0.5,0.3181818181818182,0.18181818181818182,0.0009921543486888,22,win
simWind_test.mat,simWind_test.mat#115,115,0.003,tpsscs_finished_detector,raw,0.5,0.3636363636363636,0.1363636363636364,0.0029917269591232,22,win
simWind_test.mat,simWind_test.mat#115,115,0.01,tpsscs_finished_detector,raw,0.6818181818181818,0.5909090909090909,0.09090909090909083,0.009997863052172,22,win
simWind_test.mat,simWind_test.mat#116,116,1e-05,tpsscs_finished_detector,raw,0.074074074074074,0.037037037037037,0.037037037037037,0.0,27,win
simWind_test.mat,simWind_test.mat#116,116,3e-05,tpsscs_finished_detector,raw,0.2592592592592592,0.037037037037037,0.22222222222222218,1.5265078080874384e-05,27,win
simWind_test.mat,simWind_test.mat#116,116,0.0001,tpsscs_finished_detector,raw,0.2962962962962963,0.037037037037037,0.2592592592592593,9.15904684852463e-05,27,win
simWind_test.mat,simWind_test.mat#116,116,0.0003,tpsscs_finished_detector,raw,0.5555555555555556,0.037037037037037,0.5185185185185186,0.0002900364835366,27,win
simWind_test.mat,simWind_test.mat#116,116,0.001,tpsscs_finished_detector,raw,0.7407407407407407,0.1481481481481481,0.5925925925925926,0.0009922300752568,27,win
simWind_test.mat,simWind_test.mat#116,116,0.003,tpsscs_finished_detector,raw,0.8518518518518519,0.2592592592592592,0.5925925925925927,0.0029919553038513,27,win
simWind_test.mat,simWind_test.mat#116,116,0.01,tpsscs_finished_detector,raw,0.925925925925926,0.5185185185185185,0.40740740740740755,0.0099986261429727,27,win
simWind_test.mat,simWind_test.mat#117,117,1e-05,tpsscs_finished_detector,raw,0.0178571428571428,0.0357142857142857,-0.017857142857142898,0.0,56,loss
simWind_test.mat,simWind_test.mat#117,117,3e-05,tpsscs_finished_detector,raw,0.125,0.1785714285714285,-0.05357142857142849,1.5271838729383018e-05,56,loss
simWind_test.mat,simWind_test.mat#117,117,0.0001,tpsscs_finished_detector,raw,0.2321428571428571,0.2678571428571428,-0.0357142857142857,9.163103237629813e-05,56,loss
simWind_test.mat,simWind_test.mat#117,117,0.0003,tpsscs_finished_detector,raw,0.3392857142857143,0.2857142857142857,0.0535714285714286,0.0002901649358582,56,win
simWind_test.mat,simWind_test.mat#117,117,0.001,tpsscs_finished_detector,raw,0.625,0.4642857142857143,0.1607142857142857,0.0009926695174098,56,win
simWind_test.mat,simWind_test.mat#117,117,0.003,tpsscs_finished_detector,raw,0.9464285714285714,0.5714285714285714,0.375,0.002993280390959,56,win
simWind_test.mat,simWind_test.mat#117,117,0.01,tpsscs_finished_detector,raw,0.9642857142857144,0.6607142857142857,0.3035714285714287,0.0099877825290164,56,win
simWind_test.mat,simWind_test.mat#118,118,1e-05,tpsscs_finished_detector,raw,0.0701754385964912,0.0350877192982456,0.0350877192982456,0.0,57,win
simWind_test.mat,simWind_test.mat#118,118,3e-05,tpsscs_finished_detector,raw,0.087719298245614,0.0701754385964912,0.017543859649122806,1.5272071962003084e-05,57,win
simWind_test.mat,simWind_test.mat#118,118,0.0001,tpsscs_finished_detector,raw,0.3157894736842105,0.1052631578947368,0.21052631578947373,9.163243177201852e-05,57,win
simWind_test.mat,simWind_test.mat#118,118,0.0003,tpsscs_finished_detector,raw,0.4210526315789473,0.2105263157894736,0.2105263157894737,0.000290169367278,57,win
simWind_test.mat,simWind_test.mat#118,118,0.001,tpsscs_finished_detector,raw,0.631578947368421,0.3859649122807017,0.24561403508771934,0.0009926846775302,57,win
simWind_test.mat,simWind_test.mat#118,118,0.003,tpsscs_finished_detector,raw,0.7719298245614035,0.4736842105263157,0.29824561403508776,0.0029933261045526,57,win
simWind_test.mat,simWind_test.mat#118,118,0.01,tpsscs_finished_detector,raw,0.8596491228070176,0.631578947368421,0.22807017543859653,0.00998793506315,57,win
simWind_test.mat,simWind_test.mat#12,12,1e-05,tpsscs_finished_detector,raw,0.1403508771929824,0.0701754385964912,0.0701754385964912,0.0,57,win
simWind_test.mat,simWind_test.mat#12,12,3e-05,tpsscs_finished_detector,raw,0.1403508771929824,0.1403508771929824,0.0,1.5272071962003084e-05,57,tie
simWind_test.mat,simWind_test.mat#12,12,0.0001,tpsscs_finished_detector,raw,0.2982456140350877,0.1929824561403508,0.10526315789473689,9.163243177201852e-05,57,win
simWind_test.mat,simWind_test.mat#12,12,0.0003,tpsscs_finished_detector,raw,0.4561403508771929,0.3333333333333333,0.12280701754385959,0.000290169367278,57,win
simWind_test.mat,simWind_test.mat#12,12,0.001,tpsscs_finished_detector,raw,0.631578947368421,0.4210526315789473,0.21052631578947373,0.0009926846775302,57,win
simWind_test.mat,simWind_test.mat#12,12,0.003,tpsscs_finished_detector,raw,0.7894736842105263,0.5789473684210527,0.21052631578947367,0.0029933261045526,57,win
simWind_test.mat,simWind_test.mat#12,12,0.01,tpsscs_finished_detector,raw,0.8245614035087719,0.7719298245614035,0.052631578947368474,0.00998793506315,57,win
simWind_test.mat,simWind_test.mat#121,121,1e-05,tpsscs_finished_detector,raw,0.081081081081081,0.027027027027027,0.054054054054054,0.0,37,win
simWind_test.mat,simWind_test.mat#121,121,3e-05,tpsscs_finished_detector,raw,0.1621621621621621,0.1081081081081081,0.05405405405405399,1.5267408662727676e-05,37,win
simWind_test.mat,simWind_test.mat#121,121,0.0001,tpsscs_finished_detector,raw,0.3243243243243243,0.2162162162162162,0.10810810810810809,9.160445197636606e-05,37,win
simWind_test.mat,simWind_test.mat#121,121,0.0003,tpsscs_finished_detector,raw,0.5675675675675675,0.2702702702702703,0.29729729729729726,0.0002900807645918,37,win
simWind_test.mat,simWind_test.mat#121,121,0.001,tpsscs_finished_detector,raw,0.8108108108108109,0.3243243243243243,0.48648648648648657,0.0009923815630772,37,win
simWind_test.mat,simWind_test.mat#121,121,0.003,tpsscs_finished_detector,raw,0.8918918918918919,0.3513513513513513,0.5405405405405406,0.0029924120978946,37,win
simWind_test.mat,simWind_test.mat#121,121,0.01,tpsscs_finished_detector,raw,0.945945945945946,0.5945945945945946,0.3513513513513514,0.0099848852654238,37,win
simWind_test.mat,simWind_test.mat#122,122,1e-05,tpsscs_finished_detector,raw,0.2,0.1333333333333333,0.06666666666666671,0.0,15,win
simWind_test.mat,simWind_test.mat#122,122,3e-05,tpsscs_finished_detector,raw,0.2,0.2666666666666666,-0.0666666666666666,1.5262282321698386e-05,15,loss
simWind_test.mat,simWind_test.mat#122,122,0.0001,tpsscs_finished_detector,raw,0.4,0.3333333333333333,0.06666666666666671,9.157369393019031e-05,15,win
simWind_test.mat,simWind_test.mat#122,122,0.0003,tpsscs_finished_detector,raw,0.4666666666666667,0.3333333333333333,0.13333333333333336,0.0002899833641122,15,win
simWind_test.mat,simWind_test.mat#122,122,0.001,tpsscs_finished_detector,raw,0.5333333333333333,0.4,0.1333333333333333,0.0009920483509103,15,win
simWind_test.mat,simWind_test.mat#122,122,0.003,tpsscs_finished_detector,raw,0.6666666666666666,0.5333333333333333,0.1333333333333333,0.0029914073350528,15,win
simWind_test.mat,simWind_test.mat#122,122,0.01,tpsscs_finished_detector,raw,0.6666666666666666,0.8666666666666667,-0.20000000000000007,0.0099967949207124,15,loss
simWind_test.mat,simWind_test.mat#123,123,1e-05,tpsscs_finished_detector,raw,0.0952380952380952,0.0,0.0952380952380952,0.0,42,win
simWind_test.mat,simWind_test.mat#123,123,3e-05,tpsscs_finished_detector,raw,0.119047619047619,0.0476190476190476,0.0714285714285714,1.5268574220539285e-05,42,win
simWind_test.mat,simWind_test.mat#123,123,0.0001,tpsscs_finished_detector,raw,0.4047619047619047,0.0952380952380952,0.30952380952380953,9.161144532323573e-05,42,win
simWind_test.mat,simWind_test.mat#123,123,0.0003,tpsscs_finished_detector,raw,0.5238095238095238,0.1904761904761904,0.3333333333333334,0.0002901029101902,42,win
simWind_test.mat,simWind_test.mat#123,123,0.001,tpsscs_finished_detector,raw,0.8095238095238095,0.2857142857142857,0.5238095238095238,0.000992457324335,42,win
simWind_test.mat,simWind_test.mat#123,123,0.003,tpsscs_finished_detector,raw,0.9523809523809524,0.3571428571428571,0.5952380952380953,0.0029926405472257,42,win
simWind_test.mat,simWind_test.mat#123,123,0.01,tpsscs_finished_detector,raw,0.9761904761904762,0.5238095238095238,0.45238095238095233,0.0099856475402326,42,win
simWind_test.mat,simWind_test.mat#124,124,1e-05,tpsscs_finished_detector,raw,0.16,0.04,0.12,0.0,25,win
simWind_test.mat,simWind_test.mat#124,124,3e-05,tpsscs_finished_detector,raw,0.24,0.12,0.12,1.526461204988475e-05,25,win
simWind_test.mat,simWind_test.mat#124,124,0.0001,tpsscs_finished_detector,raw,0.28,0.36,-0.07999999999999996,9.158767229930853e-05,25,loss
simWind_test.mat,simWind_test.mat#124,124,0.0003,tpsscs_finished_detector,raw,0.44,0.44,0.0,0.0002900276289478,25,tie
simWind_test.mat,simWind_test.mat#124,124,0.001,tpsscs_finished_detector,raw,0.52,0.48,0.040000000000000036,0.0009921997832425,25,win
simWind_test.mat,simWind_test.mat#124,124,0.003,tpsscs_finished_detector,raw,0.56,0.56,0.0,0.0029918639617774,25,tie
simWind_test.mat,simWind_test.mat#124,124,0.01,tpsscs_finished_detector,raw,0.68,0.72,-0.039999999999999925,0.0099983208926745,25,loss
simWind_test.mat,simWind_test.mat#125,125,1e-05,tpsscs_finished_detector,raw,0.2372881355932203,0.0508474576271186,0.1864406779661017,0.0,59,win
simWind_test.mat,simWind_test.mat#125,125,3e-05,tpsscs_finished_detector,raw,0.2542372881355932,0.0847457627118644,0.1694915254237288,1.5272538448615544e-05,59,win
simWind_test.mat,simWind_test.mat#125,125,0.0001,tpsscs_finished_detector,raw,0.3389830508474576,0.2033898305084746,0.13559322033898302,9.163523069169329e-05,59,win
simWind_test.mat,simWind_test.mat#125,125,0.0003,tpsscs_finished_detector,raw,0.3898305084745763,0.3220338983050847,0.06779661016949157,0.0002901782305236,59,win
simWind_test.mat,simWind_test.mat#125,125,0.001,tpsscs_finished_detector,raw,0.6101694915254238,0.576271186440678,0.03389830508474578,0.00099271499916,59,win
simWind_test.mat,simWind_test.mat#125,125,0.003,tpsscs_finished_detector,raw,0.7627118644067796,0.7627118644067796,0.0,0.0029934175359286,59,tie
simWind_test.mat,simWind_test.mat#125,125,0.01,tpsscs_finished_detector,raw,0.8813559322033898,0.847457627118644,0.03389830508474578,0.0099882401453945,59,win
simWind_test.mat,simWind_test.mat#126,126,1e-05,tpsscs_finished_detector,raw,0.2307692307692307,0.1538461538461538,0.0769230769230769,0.0,26,win
simWind_test.mat,simWind_test.mat#126,126,3e-05,tpsscs_finished_detector,raw,0.3076923076923077,0.1538461538461538,0.1538461538461539,1.5264845061822624e-05,26,win
simWind_test.mat,simWind_test.mat#126,126,0.0001,tpsscs_finished_detector,raw,0.4615384615384615,0.2692307692307692,0.1923076923076923,9.158907037093572e-05,26,win
simWind_test.mat,simWind_test.mat#126,126,0.0003,tpsscs_finished_detector,raw,0.6153846153846154,0.3846153846153846,0.23076923076923084,0.0002900320561746,26,win
simWind_test.mat,simWind_test.mat#126,126,0.001,tpsscs_finished_detector,raw,0.6153846153846154,0.4230769230769231,0.19230769230769235,0.0009922149290184,26,win
simWind_test.mat,simWind_test.mat#126,126,0.003,tpsscs_finished_detector,raw,0.6923076923076923,0.4230769230769231,0.2692307692307692,0.0029919096321172,26,win
simWind_test.mat,simWind_test.mat#126,126,0.01,tpsscs_finished_detector,raw,0.7307692307692307,0.6538461538461539,0.07692307692307687,0.0099984735154938,26,win
simWind_test.mat,simWind_test.mat#127,127,1e-05,tpsscs_finished_detector,raw,0.1818181818181818,0.0606060606060606,0.12121212121212119,0.0,33,win
simWind_test.mat,simWind_test.mat#127,127,3e-05,tpsscs_finished_detector,raw,0.2121212121212121,0.2121212121212121,0.0,1.5266476344594905e-05,33,tie
simWind_test.mat,simWind_test.mat#127,127,0.0001,tpsscs_finished_detector,raw,0.4242424242424242,0.3939393939393939,0.030303030303030276,9.159885806756944e-05,33,win
simWind_test.mat,simWind_test.mat#127,127,0.0003,tpsscs_finished_detector,raw,0.6060606060606061,0.3939393939393939,0.21212121212121215,0.0002900630505473,33,win
simWind_test.mat,simWind_test.mat#127,127,0.001,tpsscs_finished_detector,raw,0.7272727272727273,0.5151515151515151,0.21212121212121215,0.0009923209623986,33,win
simWind_test.mat,simWind_test.mat#127,127,0.003,tpsscs_finished_detector,raw,0.7878787878787878,0.6060606060606061,0.18181818181818177,0.0029922293635406,33,win
simWind_test.mat,simWind_test.mat#127,127,0.01,tpsscs_finished_detector,raw,0.9090909090909092,0.7272727272727273,0.18181818181818188,0.0099995420057096,33,win
simWind_test.mat,simWind_test.mat#13,13,1e-05,tpsscs_finished_detector,raw,0.2941176470588235,0.1764705882352941,0.11764705882352938,0.0,17,win
simWind_test.mat,simWind_test.mat#13,13,3e-05,tpsscs_finished_detector,raw,0.4117647058823529,0.1764705882352941,0.23529411764705882,1.526274821044277e-05,17,win
simWind_test.mat,simWind_test.mat#13,13,0.0001,tpsscs_finished_detector,raw,0.4705882352941176,0.1764705882352941,0.2941176470588235,9.157648926265664e-05,17,win
simWind_test.mat,simWind_test.mat#13,13,0.0003,tpsscs_finished_detector,raw,0.5882352941176471,0.1764705882352941,0.411764705882353,0.0002899922159984,17,win
simWind_test.mat,simWind_test.mat#13,13,0.001,tpsscs_finished_detector,raw,0.7058823529411765,0.1764705882352941,0.5294117647058825,0.0009920786336787,17,win
simWind_test.mat,simWind_test.mat#13,13,0.003,tpsscs_finished_detector,raw,0.7058823529411765,0.2941176470588235,0.41176470588235303,0.0029914986492467,17,win
simWind_test.mat,simWind_test.mat#13,13,0.01,tpsscs_finished_detector,raw,0.7647058823529411,0.5882352941176471,0.17647058823529405,0.00999710007784,17,win
simWind_test.mat,simWind_test.mat#14,14,1e-05,tpsscs_finished_detector,raw,0.3333333333333333,0.1333333333333333,0.2,0.0,30,win
simWind_test.mat,simWind_test.mat#14,14,3e-05,tpsscs_finished_detector,raw,0.3333333333333333,0.1333333333333333,0.2,1.526577718071627e-05,30,win
simWind_test.mat,simWind_test.mat#14,14,0.0001,tpsscs_finished_detector,raw,0.4,0.2666666666666666,0.13333333333333341,9.159466308429762e-05,30,win
simWind_test.mat,simWind_test.mat#14,14,0.0003,tpsscs_finished_detector,raw,0.5666666666666667,0.3,0.26666666666666666,0.0002900497664336,30,win
simWind_test.mat,simWind_test.mat#14,14,0.001,tpsscs_finished_detector,raw,0.7333333333333333,0.4666666666666667,0.2666666666666666,0.0009922755167465,30,win
simWind_test.mat,simWind_test.mat#14,14,0.003,tpsscs_finished_detector,raw,0.8,0.5666666666666667,0.2333333333333334,0.0029920923274203,30,win
simWind_test.mat,simWind_test.mat#14,14,0.01,tpsscs_finished_detector,raw,0.8666666666666667,0.7333333333333333,0.13333333333333341,0.0099990840533691,30,win
simWind_test.mat,simWind_test.mat#15,15,1e-05,tpsscs_finished_detector,raw,0.0930232558139534,0.0930232558139534,0.0,0.0,43,tie
simWind_test.mat,simWind_test.mat#15,15,3e-05,tpsscs_finished_detector,raw,0.1162790697674418,0.1162790697674418,0.0,1.526880735345762e-05,43,tie
simWind_test.mat,simWind_test.mat#15,15,0.0001,tpsscs_finished_detector,raw,0.2558139534883721,0.1860465116279069,0.06976744186046521,9.161284412074572e-05,43,win
simWind_test.mat,simWind_test.mat#15,15,0.0003,tpsscs_finished_detector,raw,0.5348837209302325,0.2790697674418604,0.2558139534883721,0.0002901073397156,43,win
simWind_test.mat,simWind_test.mat#15,15,0.001,tpsscs_finished_detector,raw,0.6744186046511628,0.3953488372093023,0.27906976744186046,0.0009924724779747,43,win
simWind_test.mat,simWind_test.mat#15,15,0.003,tpsscs_finished_detector,raw,0.7674418604651163,0.5116279069767442,0.2558139534883721,0.0029926862412776,43,win
simWind_test.mat,simWind_test.mat#15,15,0.01,tpsscs_finished_detector,raw,0.8372093023255814,0.5813953488372093,0.2558139534883721,0.0099858000091612,43,win
simWind_test.mat,simWind_test.mat#16,16,1e-05,tpsscs_finished_detector,raw,0.1739130434782608,0.1304347826086956,0.043478260869565216,0.0,23,win
simWind_test.mat,simWind_test.mat#16,16,3e-05,tpsscs_finished_detector,raw,0.217391304347826,0.2608695652173913,-0.0434782608695653,1.526414604734938e-05,23,loss
simWind_test.mat,simWind_test.mat#16,16,0.0001,tpsscs_finished_detector,raw,0.4347826086956521,0.3478260869565217,0.08695652173913043,9.158487628409628e-05,23,win
simWind_test.mat,simWind_test.mat#16,16,0.0003,tpsscs_finished_detector,raw,0.4782608695652174,0.391304347826087,0.08695652173913043,0.0002900187748996,23,win
simWind_test.mat,simWind_test.mat#16,16,0.001,tpsscs_finished_detector,raw,0.6521739130434783,0.5217391304347826,0.13043478260869568,0.0009921694930777,23,win
simWind_test.mat,simWind_test.mat#16,16,0.003,tpsscs_finished_detector,raw,0.6956521739130435,0.6086956521739131,0.08695652173913038,0.0029917726252804,23,win
simWind_test.mat,simWind_test.mat#16,16,0.01,tpsscs_finished_detector,raw,0.7391304347826086,0.782608695652174,-0.0434782608695653,0.0099980156610138,23,loss
simWind_test.mat,simWind_test.mat#17,17,1e-05,tpsscs_finished_detector,raw,0.2413793103448276,0.1034482758620689,0.1379310344827587,0.0,29,win
simWind_test.mat,simWind_test.mat#17,17,3e-05,tpsscs_finished_detector,raw,0.3103448275862069,0.1724137931034483,0.13793103448275862,1.5265544140320883e-05,29,win
simWind_test.mat,simWind_test.mat#17,17,0.0001,tpsscs_finished_detector,raw,0.3793103448275862,0.2758620689655172,0.103448275862069,9.159326484192528e-05,29,win
simWind_test.mat,simWind_test.mat#17,17,0.0003,tpsscs_finished_detector,raw,0.4482758620689655,0.3448275862068966,0.10344827586206895,0.000290045338666,29,win
simWind_test.mat,simWind_test.mat#17,17,0.001,tpsscs_finished_detector,raw,0.5517241379310345,0.5172413793103449,0.03448275862068961,0.0009922603691208,29,win
simWind_test.mat,simWind_test.mat#17,17,0.003,tpsscs_finished_detector,raw,0.6206896551724138,0.7241379310344828,-0.10344827586206895,0.0029920466515028,29,loss
simWind_test.mat,simWind_test.mat#17,17,0.01,tpsscs_finished_detector,raw,0.6551724137931034,0.7586206896551724,-0.10344827586206895,0.0099989314119101,29,loss
simWind_test.mat,simWind_test.mat#18,18,1e-05,tpsscs_finished_detector,raw,0.2692307692307692,0.1923076923076923,0.07692307692307693,0.0,52,win
simWind_test.mat,simWind_test.mat#18,18,3e-05,tpsscs_finished_detector,raw,0.3076923076923077,0.2307692307692307,0.07692307692307701,1.5270905870136215e-05,52,win
simWind_test.mat,simWind_test.mat#18,18,0.0001,tpsscs_finished_detector,raw,0.4230769230769231,0.25,0.17307692307692307,9.16254352208173e-05,52,win
simWind_test.mat,simWind_test.mat#18,18,0.0003,tpsscs_finished_detector,raw,0.5961538461538461,0.3461538461538461,0.25000000000000006,0.0002901472115325,52,win
simWind_test.mat,simWind_test.mat#18,18,0.001,tpsscs_finished_detector,raw,0.8461538461538461,0.4807692307692308,0.36538461538461536,0.0009926088815588,52,win
simWind_test.mat,simWind_test.mat#18,18,0.003,tpsscs_finished_detector,raw,0.9423076923076924,0.5961538461538461,0.34615384615384626,0.0029930975505466,52,win
simWind_test.mat,simWind_test.mat#18,18,0.01,tpsscs_finished_detector,raw,0.9615384615384616,0.8076923076923077,0.15384615384615385,0.009987172439069,52,win
simWind_test.mat,simWind_test.mat#19,19,1e-05,tpsscs_finished_detector,raw,0.1666666666666666,0.0833333333333333,0.0833333333333333,0.0,24,win
simWind_test.mat,simWind_test.mat#19,19,3e-05,tpsscs_finished_detector,raw,0.2916666666666667,0.125,0.16666666666666669,1.5264379045060447e-05,24,win
simWind_test.mat,simWind_test.mat#19,19,0.0001,tpsscs_finished_detector,raw,0.3333333333333333,0.2083333333333333,0.12500000000000003,9.158627427036267e-05,24,win
simWind_test.mat,simWind_test.mat#19,19,0.0003,tpsscs_finished_detector,raw,0.625,0.3333333333333333,0.2916666666666667,0.0002900232018561,24,win
simWind_test.mat,simWind_test.mat#19,19,0.001,tpsscs_finished_detector,raw,0.7916666666666666,0.375,0.41666666666666663,0.0009921846379289,24,win
simWind_test.mat,simWind_test.mat#19,19,0.003,tpsscs_finished_detector,raw,0.9166666666666666,0.4583333333333333,0.4583333333333333,0.0029918182928318,24,win
simWind_test.mat,simWind_test.mat#19,19,0.01,tpsscs_finished_detector,raw,0.9583333333333334,0.6666666666666666,0.29166666666666674,0.0099981682745145,24,win
simWind_test.mat,simWind_test.mat#20,20,1e-05,tpsscs_finished_detector,raw,0.0416666666666666,0.0416666666666666,0.0,0.0,24,tie
simWind_test.mat,simWind_test.mat#20,20,3e-05,tpsscs_finished_detector,raw,0.0416666666666666,0.1666666666666666,-0.125,1.5264379045060447e-05,24,loss
simWind_test.mat,simWind_test.mat#20,20,0.0001,tpsscs_finished_detector,raw,0.1666666666666666,0.2083333333333333,-0.041666666666666685,9.158627427036267e-05,24,loss
simWind_test.mat,simWind_test.mat#20,20,0.0003,tpsscs_finished_detector,raw,0.4166666666666667,0.2083333333333333,0.2083333333333334,0.0002900232018561,24,win
simWind_test.mat,simWind_test.mat#20,20,0.001,tpsscs_finished_detector,raw,0.4583333333333333,0.375,0.08333333333333331,0.0009921846379289,24,win
simWind_test.mat,simWind_test.mat#20,20,0.003,tpsscs_finished_detector,raw,0.5416666666666666,0.5,0.04166666666666663,0.0029918182928318,24,win
simWind_test.mat,simWind_test.mat#20,20,0.01,tpsscs_finished_detector,raw,0.7083333333333334,0.5416666666666666,0.16666666666666674,0.0099981682745145,24,win
simWind_test.mat,simWind_test.mat#21,21,1e-05,tpsscs_finished_detector,raw,0.4705882352941176,0.1176470588235294,0.3529411764705882,0.0,17,win
simWind_test.mat,simWind_test.mat#21,21,3e-05,tpsscs_finished_detector,raw,0.4705882352941176,0.1176470588235294,0.3529411764705882,1.526274821044277e-05,17,win
simWind_test.mat,simWind_test.mat#21,21,0.0001,tpsscs_finished_detector,raw,0.5882352941176471,0.2941176470588235,0.2941176470588236,9.157648926265664e-05,17,win
simWind_test.mat,simWind_test.mat#21,21,0.0003,tpsscs_finished_detector,raw,0.8823529411764706,0.2941176470588235,0.5882352941176471,0.0002899922159984,17,win
simWind_test.mat,simWind_test.mat#21,21,0.001,tpsscs_finished_detector,raw,0.8823529411764706,0.3529411764705882,0.5294117647058824,0.0009920786336787,17,win
simWind_test.mat,simWind_test.mat#21,21,0.003,tpsscs_finished_detector,raw,0.8823529411764706,0.4705882352941176,0.411764705882353,0.0029914986492467,17,win
simWind_test.mat,simWind_test.mat#21,21,0.01,tpsscs_finished_detector,raw,0.8823529411764706,0.7058823529411765,0.17647058823529405,0.00999710007784,17,win
simWind_test.mat,simWind_test.mat#22,22,1e-05,tpsscs_finished_detector,raw,0.173076923076923,0.0769230769230769,0.09615384615384609,0.0,52,win
simWind_test.mat,simWind_test.mat#22,22,3e-05,tpsscs_finished_detector,raw,0.3461538461538461,0.0769230769230769,0.26923076923076916,1.5270905870136215e-05,52,win
simWind_test.mat,simWind_test.mat#22,22,0.0001,tpsscs_finished_detector,raw,0.4423076923076923,0.1923076923076923,0.25,9.16254352208173e-05,52,win
simWind_test.mat,simWind_test.mat#22,22,0.0003,tpsscs_finished_detector,raw,0.5576923076923077,0.3076923076923077,0.25,0.0002901472115325,52,win
simWind_test.mat,simWind_test.mat#22,22,0.001,tpsscs_finished_detector,raw,0.6923076923076923,0.5,0.1923076923076923,0.0009926088815588,52,win
simWind_test.mat,simWind_test.mat#22,22,0.003,tpsscs_finished_detector,raw,0.8269230769230769,0.75,0.07692307692307687,0.0029930975505466,52,win
simWind_test.mat,simWind_test.mat#22,22,0.01,tpsscs_finished_detector,raw,0.9230769230769232,0.7884615384615384,0.1346153846153848,0.009987172439069,52,win
simWind_test.mat,simWind_test.mat#23,23,1e-05,tpsscs_finished_detector,raw,0.0909090909090909,0.0545454545454545,0.0363636363636364,0.0,55,win
simWind_test.mat,simWind_test.mat#23,23,3e-05,tpsscs_finished_detector,raw,0.1454545454545454,0.0545454545454545,0.09090909090909088,1.5271605503886624e-05,55,win
simWind_test.mat,simWind_test.mat#23,23,0.0001,tpsscs_finished_detector,raw,0.2545454545454545,0.2363636363636363,0.018181818181818216,9.162963302331974e-05,55,win
simWind_test.mat,simWind_test.mat#23,23,0.0003,tpsscs_finished_detector,raw,0.4363636363636363,0.2909090909090909,0.1454545454545454,0.0002901605045738,55,win
simWind_test.mat,simWind_test.mat#23,23,0.001,tpsscs_finished_detector,raw,0.6909090909090909,0.4545454545454545,0.23636363636363644,0.0009926543577526,55,win
simWind_test.mat,simWind_test.mat#23,23,0.003,tpsscs_finished_detector,raw,0.8363636363636363,0.5818181818181818,0.2545454545454545,0.0029932346787617,55,win
simWind_test.mat,simWind_test.mat#23,23,0.01,tpsscs_finished_detector,raw,0.9090909090909092,0.7454545454545455,0.1636363636363637,0.0099876299995418,55,win
simWind_test.mat,simWind_test.mat#24,24,1e-05,tpsscs_finished_detector,raw,0.1081081081081081,0.027027027027027,0.0810810810810811,0.0,37,win
simWind_test.mat,simWind_test.mat#24,24,3e-05,tpsscs_finished_detector,raw,0.2972972972972973,0.081081081081081,0.2162162162162163,1.5267408662727676e-05,37,win
simWind_test.mat,simWind_test.mat#24,24,0.0001,tpsscs_finished_detector,raw,0.4054054054054054,0.1891891891891892,0.21621621621621617,9.160445197636606e-05,37,win
simWind_test.mat,simWind_test.mat#24,24,0.0003,tpsscs_finished_detector,raw,0.5405405405405406,0.2972972972972973,0.24324324324324326,0.0002900807645918,37,win
simWind_test.mat,simWind_test.mat#24,24,0.001,tpsscs_finished_detector,raw,0.8378378378378378,0.3513513513513513,0.4864864864864865,0.0009923815630772,37,win
simWind_test.mat,simWind_test.mat#24,24,0.003,tpsscs_finished_detector,raw,0.8918918918918919,0.4054054054054054,0.4864864864864865,0.0029924120978946,37,win
simWind_test.mat,simWind_test.mat#24,24,0.01,tpsscs_finished_detector,raw,0.8918918918918919,0.7027027027027027,0.18918918918918914,0.0099848852654238,37,win
simWind_test.mat,simWind_test.mat#25,25,1e-05,tpsscs_finished_detector,raw,0.0666666666666666,0.0666666666666666,0.0,0.0,30,tie
simWind_test.mat,simWind_test.mat#25,25,3e-05,tpsscs_finished_detector,raw,0.1666666666666666,0.1333333333333333,0.0333333333333333,1.526577718071627e-05,30,win
simWind_test.mat,simWind_test.mat#25,25,0.0001,tpsscs_finished_detector,raw,0.2666666666666666,0.1666666666666666,0.1,9.159466308429762e-05,30,win
simWind_test.mat,simWind_test.mat#25,25,0.0003,tpsscs_finished_detector,raw,0.6,0.4,0.19999999999999996,0.0002900497664336,30,win
simWind_test.mat,simWind_test.mat#25,25,0.001,tpsscs_finished_detector,raw,0.7666666666666667,0.6,0.16666666666666674,0.0009922755167465,30,win
simWind_test.mat,simWind_test.mat#25,25,0.003,tpsscs_finished_detector,raw,0.8666666666666667,0.6666666666666666,0.20000000000000007,0.0029920923274203,30,win
simWind_test.mat,simWind_test.mat#25,25,0.01,tpsscs_finished_detector,raw,0.9333333333333332,0.8,0.1333333333333332,0.0099990840533691,30,win
simWind_test.mat,simWind_test.mat#26,26,1e-05,tpsscs_finished_detector,raw,0.0952380952380952,0.0476190476190476,0.0476190476190476,0.0,63,win
simWind_test.mat,simWind_test.mat#26,26,3e-05,tpsscs_finished_detector,raw,0.1269841269841269,0.0634920634920634,0.06349206349206349,1.5273471507338904e-05,63,win
simWind_test.mat,simWind_test.mat#26,26,0.0001,tpsscs_finished_detector,raw,0.3015873015873015,0.1587301587301587,0.14285714285714282,9.16408290440334e-05,63,win
simWind_test.mat,simWind_test.mat#26,26,0.0003,tpsscs_finished_detector,raw,0.3968253968253968,0.238095238095238,0.1587301587301588,0.0002901959586394,63,win
simWind_test.mat,simWind_test.mat#26,26,0.001,tpsscs_finished_detector,raw,0.746031746031746,0.365079365079365,0.38095238095238104,0.000992775647977,63,win
simWind_test.mat,simWind_test.mat#26,26,0.003,tpsscs_finished_detector,raw,0.9047619047619048,0.4444444444444444,0.46031746031746035,0.0029936004154384,63,win
simWind_test.mat,simWind_test.mat#26,26,0.01,tpsscs_finished_detector,raw,0.9047619047619048,0.5714285714285714,0.33333333333333337,0.0099888503657996,63,win
simWind_test.mat,simWind_test.mat#27,27,1e-05,tpsscs_finished_detector,raw,0.1694915254237288,0.1016949152542373,0.06779661016949151,0.0,59,win
simWind_test.mat,simWind_test.mat#27,27,3e-05,tpsscs_finished_detector,raw,0.2033898305084746,0.1694915254237288,0.03389830508474578,1.5272538448615544e-05,59,win
simWind_test.mat,simWind_test.mat#27,27,0.0001,tpsscs_finished_detector,raw,0.288135593220339,0.2033898305084746,0.0847457627118644,9.163523069169329e-05,59,win
simWind_test.mat,simWind_test.mat#27,27,0.0003,tpsscs_finished_detector,raw,0.5423728813559322,0.3050847457627119,0.23728813559322032,0.0002901782305236,59,win
simWind_test.mat,simWind_test.mat#27,27,0.001,tpsscs_finished_detector,raw,0.6949152542372882,0.576271186440678,0.11864406779661019,0.00099271499916,59,win
simWind_test.mat,simWind_test.mat#27,27,0.003,tpsscs_finished_detector,raw,0.7966101694915254,0.7288135593220338,0.06779661016949157,0.0029934175359286,59,win
simWind_test.mat,simWind_test.mat#27,27,0.01,tpsscs_finished_detector,raw,0.8305084745762712,0.8813559322033898,-0.05084745762711862,0.0099882401453945,59,loss
simWind_test.mat,simWind_test.mat#28,28,1e-05,tpsscs_finished_detector,raw,0.1923076923076923,0.1538461538461538,0.03846153846153849,0.0,26,win
simWind_test.mat,simWind_test.mat#28,28,3e-05,tpsscs_finished_detector,raw,0.1923076923076923,0.2692307692307692,-0.07692307692307693,1.5264845061822624e-05,26,loss
simWind_test.mat,simWind_test.mat#28,28,0.0001,tpsscs_finished_detector,raw,0.5,0.3076923076923077,0.1923076923076923,9.158907037093572e-05,26,win
simWind_test.mat,simWind_test.mat#28,28,0.0003,tpsscs_finished_detector,raw,0.5769230769230769,0.3461538461538461,0.23076923076923078,0.0002900320561746,26,win
simWind_test.mat,simWind_test.mat#28,28,0.001,tpsscs_finished_detector,raw,0.7692307692307693,0.4230769230769231,0.3461538461538462,0.0009922149290184,26,win
simWind_test.mat,simWind_test.mat#28,28,0.003,tpsscs_finished_detector,raw,0.9230769230769232,0.5,0.42307692307692324,0.0029919096321172,26,win
simWind_test.mat,simWind_test.mat#28,28,0.01,tpsscs_finished_detector,raw,1.0,0.7307692307692307,0.2692307692307693,0.0099984735154938,26,win
simWind_test.mat,simWind_test.mat#29,29,1e-05,tpsscs_finished_detector,raw,0.1923076923076923,0.0769230769230769,0.11538461538461539,0.0,26,win
simWind_test.mat,simWind_test.mat#29,29,3e-05,tpsscs_finished_detector,raw,0.2307692307692307,0.0769230769230769,0.1538461538461538,1.5264845061822624e-05,26,win
simWind_test.mat,simWind_test.mat#29,29,0.0001,tpsscs_finished_detector,raw,0.3076923076923077,0.1153846153846153,0.1923076923076924,9.158907037093572e-05,26,win
simWind_test.mat,simWind_test.mat#29,29,0.0003,tpsscs_finished_detector,raw,0.3076923076923077,0.1538461538461538,0.1538461538461539,0.0002900320561746,26,win
simWind_test.mat,simWind_test.mat#29,29,0.001,tpsscs_finished_detector,raw,0.3846153846153846,0.2692307692307692,0.11538461538461536,0.0009922149290184,26,win
simWind_test.mat,simWind_test.mat#29,29,0.003,tpsscs_finished_detector,raw,0.5,0.3846153846153846,0.11538461538461542,0.0029919096321172,26,win
simWind_test.mat,simWind_test.mat#29,29,0.01,tpsscs_finished_detector,raw,0.6153846153846154,0.5384615384615384,0.07692307692307698,0.0099984735154938,26,win
simWind_test.mat,simWind_test.mat#3,3,1e-05,tpsscs_finished_detector,raw,0.25,0.1428571428571428,0.1071428571428572,0.0,28,win
simWind_test.mat,simWind_test.mat#3,3,3e-05,tpsscs_finished_detector,raw,0.2857142857142857,0.1785714285714285,0.1071428571428572,1.526531110704036e-05,28,win
simWind_test.mat,simWind_test.mat#3,3,0.0001,tpsscs_finished_detector,raw,0.5,0.2857142857142857,0.2142857142857143,9.159186664224217e-05,28,win
simWind_test.mat,simWind_test.mat#3,3,0.0003,tpsscs_finished_detector,raw,0.6071428571428571,0.3928571428571428,0.2142857142857143,0.0002900409110337,28,win
simWind_test.mat,simWind_test.mat#3,3,0.001,tpsscs_finished_detector,raw,0.7857142857142857,0.5357142857142857,0.25,0.0009922452219576,28,win
simWind_test.mat,simWind_test.mat#3,3,0.003,tpsscs_finished_detector,raw,0.8214285714285714,0.5357142857142857,0.2857142857142857,0.0029920009769799,28,win
simWind_test.mat,simWind_test.mat#3,3,0.01,tpsscs_finished_detector,raw,0.8928571428571429,0.7142857142857143,0.1785714285714286,0.0099987787751114,28,win
simWind_test.mat,simWind_test.mat#31,31,1e-05,tpsscs_finished_detector,raw,0.24,0.04,0.19999999999999998,0.0,25,win
simWind_test.mat,simWind_test.mat#31,31,3e-05,tpsscs_finished_detector,raw,0.24,0.08,0.15999999999999998,1.526461204988475e-05,25,win
simWind_test.mat,simWind_test.mat#31,31,0.0001,tpsscs_finished_detector,raw,0.36,0.24,0.12,9.158767229930853e-05,25,win
simWind_test.mat,simWind_test.mat#31,31,0.0003,tpsscs_finished_detector,raw,0.56,0.4,0.16000000000000003,0.0002900276289478,25,win
simWind_test.mat,simWind_test.mat#31,31,0.001,tpsscs_finished_detector,raw,0.64,0.4,0.24,0.0009921997832425,25,win
simWind_test.mat,simWind_test.mat#31,31,0.003,tpsscs_finished_detector,raw,0.68,0.64,0.040000000000000036,0.0029918639617774,25,win
simWind_test.mat,simWind_test.mat#31,31,0.01,tpsscs_finished_detector,raw,0.72,0.76,-0.040000000000000036,0.0099983208926745,25,loss
simWind_test.mat,simWind_test.mat#32,32,1e-05,tpsscs_finished_detector,raw,0.1111111111111111,0.074074074074074,0.037037037037037104,0.0,27,win
simWind_test.mat,simWind_test.mat#32,32,3e-05,tpsscs_finished_detector,raw,0.2222222222222222,0.074074074074074,0.1481481481481482,1.5265078080874384e-05,27,win
simWind_test.mat,simWind_test.mat#32,32,0.0001,tpsscs_finished_detector,raw,0.3703703703703703,0.1851851851851851,0.1851851851851852,9.15904684852463e-05,27,win
simWind_test.mat,simWind_test.mat#32,32,0.0003,tpsscs_finished_detector,raw,0.5925925925925926,0.2962962962962963,0.2962962962962963,0.0002900364835366,27,win
simWind_test.mat,simWind_test.mat#32,32,0.001,tpsscs_finished_detector,raw,0.8148148148148148,0.2962962962962963,0.5185185185185185,0.0009922300752568,27,win
simWind_test.mat,simWind_test.mat#32,32,0.003,tpsscs_finished_detector,raw,0.8518518518518519,0.4814814814814814,0.37037037037037046,0.0029919553038513,27,win
simWind_test.mat,simWind_test.mat#32,32,0.01,tpsscs_finished_detector,raw,0.8888888888888888,0.6296296296296297,0.2592592592592592,0.0099986261429727,27,win
simWind_test.mat,simWind_test.mat#33,33,1e-05,tpsscs_finished_detector,raw,0.2222222222222222,0.1944444444444444,0.027777777777777818,0.0,36,win
simWind_test.mat,simWind_test.mat#33,33,3e-05,tpsscs_finished_detector,raw,0.25,0.25,0.0,1.5267175572519083e-05,36,tie
simWind_test.mat,simWind_test.mat#33,33,0.0001,tpsscs_finished_detector,raw,0.3333333333333333,0.3333333333333333,0.0,9.16030534351145e-05,36,tie
simWind_test.mat,simWind_test.mat#33,33,0.0003,tpsscs_finished_detector,raw,0.6388888888888888,0.4444444444444444,0.19444444444444442,0.0002900763358778,36,win
simWind_test.mat,simWind_test.mat#33,33,0.001,tpsscs_finished_detector,raw,0.8055555555555556,0.6111111111111112,0.19444444444444442,0.0009923664122137,36,win
simWind_test.mat,simWind_test.mat#33,33,0.003,tpsscs_finished_detector,raw,0.9166666666666666,0.7222222222222222,0.19444444444444442,0.0029923664122137,36,win
simWind_test.mat,simWind_test.mat#33,33,0.01,tpsscs_finished_detector,raw,0.9166666666666666,0.8888888888888888,0.02777777777777779,0.01,36,win
simWind_test.mat,simWind_test.mat#34,34,1e-05,tpsscs_finished_detector,raw,0.1016949152542373,0.0508474576271186,0.050847457627118696,0.0,59,win
simWind_test.mat,simWind_test.mat#34,34,3e-05,tpsscs_finished_detector,raw,0.1694915254237288,0.0847457627118644,0.0847457627118644,1.5272538448615544e-05,59,win
simWind_test.mat,simWind_test.mat#34,34,0.0001,tpsscs_finished_detector,raw,0.3220338983050847,0.1016949152542373,0.22033898305084743,9.163523069169329e-05,59,win
simWind_test.mat,simWind_test.mat#34,34,0.0003,tpsscs_finished_detector,raw,0.5084745762711864,0.1864406779661017,0.3220338983050847,0.0002901782305236,59,win
simWind_test.mat,simWind_test.mat#34,34,0.001,tpsscs_finished_detector,raw,0.6271186440677966,0.2711864406779661,0.3559322033898305,0.00099271499916,59,win
simWind_test.mat,simWind_test.mat#34,34,0.003,tpsscs_finished_detector,raw,0.7627118644067796,0.423728813559322,0.3389830508474576,0.0029934175359286,59,win
simWind_test.mat,simWind_test.mat#34,34,0.01,tpsscs_finished_detector,raw,0.8813559322033898,0.6271186440677966,0.2542372881355932,0.0099882401453945,59,win
simWind_test.mat,simWind_test.mat#35,35,1e-05,tpsscs_finished_detector,raw,0.1454545454545454,0.0909090909090909,0.054545454545454494,0.0,55,win
simWind_test.mat,simWind_test.mat#35,35,3e-05,tpsscs_finished_detector,raw,0.1818181818181818,0.0909090909090909,0.0909090909090909,1.5271605503886624e-05,55,win
simWind_test.mat,simWind_test.mat#35,35,0.0001,tpsscs_finished_detector,raw,0.3454545454545454,0.2545454545454545,0.09090909090909088,9.162963302331974e-05,55,win
simWind_test.mat,simWind_test.mat#35,35,0.0003,tpsscs_finished_detector,raw,0.5818181818181818,0.3636363636363636,0.2181818181818182,0.0002901605045738,55,win
simWind_test.mat,simWind_test.mat#35,35,0.001,tpsscs_finished_detector,raw,0.7454545454545455,0.3818181818181818,0.3636363636363637,0.0009926543577526,55,win
simWind_test.mat,simWind_test.mat#35,35,0.003,tpsscs_finished_detector,raw,0.9272727272727272,0.509090909090909,0.4181818181818182,0.0029932346787617,55,win
simWind_test.mat,simWind_test.mat#35,35,0.01,tpsscs_finished_detector,raw,0.9454545454545454,0.6909090909090909,0.2545454545454545,0.0099876299995418,55,win
simWind_test.mat,simWind_test.mat#36,36,1e-05,tpsscs_finished_detector,raw,0.2307692307692307,0.1538461538461538,0.0769230769230769,0.0,13,win
simWind_test.mat,simWind_test.mat#36,36,3e-05,tpsscs_finished_detector,raw,0.4615384615384615,0.1538461538461538,0.3076923076923077,1.5261816461395235e-05,13,win
simWind_test.mat,simWind_test.mat#36,36,0.0001,tpsscs_finished_detector,raw,0.6923076923076923,0.1538461538461538,0.5384615384615385,9.15708987683714e-05,13,win
simWind_test.mat,simWind_test.mat#36,36,0.0003,tpsscs_finished_detector,raw,0.9230769230769232,0.1538461538461538,0.7692307692307694,0.0002899745127665,13,win
simWind_test.mat,simWind_test.mat#36,36,0.001,tpsscs_finished_detector,raw,1.0,0.2307692307692307,0.7692307692307693,0.0009920180699906,13,win
simWind_test.mat,simWind_test.mat#36,36,0.003,tpsscs_finished_detector,raw,1.0,0.3846153846153846,0.6153846153846154,0.0029913160264334,13,win
simWind_test.mat,simWind_test.mat#36,36,0.01,tpsscs_finished_detector,raw,1.0,0.5384615384615384,0.46153846153846156,0.0099964897822138,13,win
simWind_test.mat,simWind_test.mat#38,38,1e-05,tpsscs_finished_detector,raw,0.1627906976744186,0.0697674418604651,0.09302325581395349,0.0,43,win
simWind_test.mat,simWind_test.mat#38,38,3e-05,tpsscs_finished_detector,raw,0.3255813953488372,0.0930232558139534,0.23255813953488377,1.526880735345762e-05,43,win
simWind_test.mat,simWind_test.mat#38,38,0.0001,tpsscs_finished_detector,raw,0.4418604651162791,0.2093023255813953,0.23255813953488377,9.161284412074572e-05,43,win
simWind_test.mat,simWind_test.mat#38,38,0.0003,tpsscs_finished_detector,raw,0.5813953488372093,0.3023255813953488,0.2790697674418605,0.0002901073397156,43,win
simWind_test.mat,simWind_test.mat#38,38,0.001,tpsscs_finished_detector,raw,0.7441860465116279,0.4418604651162791,0.3023255813953488,0.0009924724779747,43,win
simWind_test.mat,simWind_test.mat#38,38,0.003,tpsscs_finished_detector,raw,0.813953488372093,0.6046511627906976,0.2093023255813954,0.0029926862412776,43,win
simWind_test.mat,simWind_test.mat#38,38,0.01,tpsscs_finished_detector,raw,0.8604651162790697,0.7674418604651163,0.09302325581395343,0.0099858000091612,43,win
simWind_test.mat,simWind_test.mat#39,39,1e-05,tpsscs_finished_detector,raw,0.1388888888888889,0.0277777777777777,0.11111111111111119,0.0,36,win
simWind_test.mat,simWind_test.mat#39,39,3e-05,tpsscs_finished_detector,raw,0.1944444444444444,0.1111111111111111,0.08333333333333329,1.5267175572519083e-05,36,win
simWind_test.mat,simWind_test.mat#39,39,0.0001,tpsscs_finished_detector,raw,0.2777777777777778,0.1944444444444444,0.0833333333333334,9.16030534351145e-05,36,win
simWind_test.mat,simWind_test.mat#39,39,0.0003,tpsscs_finished_detector,raw,0.5555555555555556,0.2777777777777778,0.2777777777777778,0.0002900763358778,36,win
simWind_test.mat,simWind_test.mat#39,39,0.001,tpsscs_finished_detector,raw,0.6944444444444444,0.3055555555555556,0.38888888888888884,0.0009923664122137,36,win
simWind_test.mat,simWind_test.mat#39,39,0.003,tpsscs_finished_detector,raw,0.8055555555555556,0.3611111111111111,0.4444444444444445,0.0029923664122137,36,win
simWind_test.mat,simWind_test.mat#39,39,0.01,tpsscs_finished_detector,raw,0.8055555555555556,0.6666666666666666,0.13888888888888895,0.01,36,win
simWind_test.mat,simWind_test.mat#40,40,1e-05,tpsscs_finished_detector,raw,0.25,0.1785714285714285,0.07142857142857151,0.0,28,win
simWind_test.mat,simWind_test.mat#40,40,3e-05,tpsscs_finished_detector,raw,0.25,0.1785714285714285,0.07142857142857151,1.526531110704036e-05,28,win
simWind_test.mat,simWind_test.mat#40,40,0.0001,tpsscs_finished_detector,raw,0.2857142857142857,0.2857142857142857,0.0,9.159186664224217e-05,28,tie
simWind_test.mat,simWind_test.mat#40,40,0.0003,tpsscs_finished_detector,raw,0.5357142857142857,0.3214285714285714,0.2142857142857143,0.0002900409110337,28,win
simWind_test.mat,simWind_test.mat#40,40,0.001,tpsscs_finished_detector,raw,0.7857142857142857,0.3571428571428571,0.4285714285714286,0.0009922452219576,28,win
simWind_test.mat,simWind_test.mat#40,40,0.003,tpsscs_finished_detector,raw,0.8928571428571429,0.5,0.3928571428571429,0.0029920009769799,28,win
simWind_test.mat,simWind_test.mat#40,40,0.01,tpsscs_finished_detector,raw,1.0,0.6785714285714286,0.3214285714285714,0.0099987787751114,28,win
simWind_test.mat,simWind_test.mat#41,41,1e-05,tpsscs_finished_detector,raw,0.1272727272727272,0.0545454545454545,0.0727272727272727,0.0,55,win
simWind_test.mat,simWind_test.mat#41,41,3e-05,tpsscs_finished_detector,raw,0.1818181818181818,0.0545454545454545,0.1272727272727273,1.5271605503886624e-05,55,win
simWind_test.mat,simWind_test.mat#41,41,0.0001,tpsscs_finished_detector,raw,0.2909090909090909,0.1818181818181818,0.1090909090909091,9.162963302331974e-05,55,win
simWind_test.mat,simWind_test.mat#41,41,0.0003,tpsscs_finished_detector,raw,0.4545454545454545,0.2181818181818181,0.2363636363636364,0.0002901605045738,55,win
simWind_test.mat,simWind_test.mat#41,41,0.001,tpsscs_finished_detector,raw,0.7454545454545455,0.2727272727272727,0.4727272727272728,0.0009926543577526,55,win
simWind_test.mat,simWind_test.mat#41,41,0.003,tpsscs_finished_detector,raw,0.9454545454545454,0.4,0.5454545454545454,0.0029932346787617,55,win
simWind_test.mat,simWind_test.mat#41,41,0.01,tpsscs_finished_detector,raw,0.9454545454545454,0.5636363636363636,0.38181818181818183,0.0099876299995418,55,win
simWind_test.mat,simWind_test.mat#42,42,1e-05,tpsscs_finished_detector,raw,0.2580645161290322,0.1290322580645161,0.1290322580645161,0.0,31,win
simWind_test.mat,simWind_test.mat#42,42,3e-05,tpsscs_finished_detector,raw,0.2580645161290322,0.1290322580645161,0.1290322580645161,1.5266010228226854e-05,31,win
simWind_test.mat,simWind_test.mat#42,42,0.0001,tpsscs_finished_detector,raw,0.4193548387096774,0.2580645161290322,0.16129032258064518,9.159606136936113e-05,31,win
simWind_test.mat,simWind_test.mat#42,42,0.0003,tpsscs_finished_detector,raw,0.6129032258064516,0.3225806451612903,0.2903225806451613,0.0002900541943363,31,win
simWind_test.mat,simWind_test.mat#42,42,0.001,tpsscs_finished_detector,raw,0.7741935483870968,0.4838709677419355,0.29032258064516125,0.0009922906648347,31,win
simWind_test.mat,simWind_test.mat#42,42,0.003,tpsscs_finished_detector,raw,0.9032258064516128,0.5161290322580645,0.38709677419354827,0.0029921380047324,31,win
simWind_test.mat,simWind_test.mat#42,42,0.01,tpsscs_finished_detector,raw,0.9032258064516128,0.7419354838709677,0.16129032258064502,0.0099992366994885,31,win
simWind_test.mat,simWind_test.mat#43,43,1e-05,tpsscs_finished_detector,raw,0.3061224489795918,0.0612244897959183,0.2448979591836735,0.0,49,win
simWind_test.mat,simWind_test.mat#43,43,3e-05,tpsscs_finished_detector,raw,0.3469387755102041,0.1428571428571428,0.20408163265306128,1.5270206300487118e-05,49,win
simWind_test.mat,simWind_test.mat#43,43,0.0001,tpsscs_finished_detector,raw,0.4693877551020408,0.3265306122448979,0.1428571428571429,9.162123780292272e-05,49,win
simWind_test.mat,simWind_test.mat#43,43,0.0003,tpsscs_finished_detector,raw,0.5918367346938775,0.4693877551020408,0.12244897959183676,0.0002901339197092,49,win
simWind_test.mat,simWind_test.mat#43,43,0.001,tpsscs_finished_detector,raw,0.7755102040816326,0.6122448979591837,0.16326530612244894,0.0009925634095316,49,win
simWind_test.mat,simWind_test.mat#43,43,0.003,tpsscs_finished_detector,raw,0.8571428571428571,0.673469387755102,0.18367346938775508,0.0029929604348954,49,win
simWind_test.mat,simWind_test.mat#43,43,0.01,tpsscs_finished_detector,raw,0.8775510204081632,0.8367346938775511,0.04081632653061218,0.0099867149205185,49,win
simWind_test.mat,simWind_test.mat#44,44,1e-05,tpsscs_finished_detector,raw,0.2105263157894736,0.1052631578947368,0.1052631578947368,0.0,38,win
simWind_test.mat,simWind_test.mat#44,44,3e-05,tpsscs_finished_detector,raw,0.2894736842105263,0.1578947368421052,0.13157894736842113,1.526764176005374e-05,38,win
simWind_test.mat,simWind_test.mat#44,44,0.0001,tpsscs_finished_detector,raw,0.4473684210526316,0.1842105263157894,0.26315789473684215,9.160585056032244e-05,38,win
simWind_test.mat,simWind_test.mat#44,44,0.0003,tpsscs_finished_detector,raw,0.7105263157894737,0.2105263157894736,0.5000000000000001,0.000290085193441,38,win
simWind_test.mat,simWind_test.mat#44,44,0.001,tpsscs_finished_detector,raw,0.8421052631578947,0.2894736842105263,0.5526315789473684,0.0009923967144034,38,win
simWind_test.mat,simWind_test.mat#44,44,0.003,tpsscs_finished_detector,raw,0.9473684210526316,0.3947368421052631,0.5526315789473686,0.0029924577849705,38,win
simWind_test.mat,simWind_test.mat#44,44,0.01,tpsscs_finished_detector,raw,0.9473684210526316,0.5789473684210527,0.368421052631579,0.0099850377110751,38,win
simWind_test.mat,simWind_test.mat#45,45,1e-05,tpsscs_finished_detector,raw,0.2,0.1428571428571428,0.05714285714285722,0.0,35,win
simWind_test.mat,simWind_test.mat#45,45,3e-05,tpsscs_finished_detector,raw,0.2285714285714285,0.1714285714285714,0.057142857142857106,1.5266942489427644e-05,35,win
simWind_test.mat,simWind_test.mat#45,45,0.0001,tpsscs_finished_detector,raw,0.4571428571428571,0.3428571428571428,0.11428571428571427,9.160165493656586e-05,35,win
simWind_test.mat,simWind_test.mat#45,45,0.0003,tpsscs_finished_detector,raw,0.5428571428571428,0.4,0.1428571428571428,0.0002900719072991,35,win
simWind_test.mat,simWind_test.mat#45,45,0.001,tpsscs_finished_detector,raw,0.7714285714285715,0.5142857142857142,0.25714285714285723,0.0009923512618127,35,win
simWind_test.mat,simWind_test.mat#45,45,0.003,tpsscs_finished_detector,raw,0.8571428571428571,0.6571428571428571,0.19999999999999996,0.0029923207279278,35,win
simWind_test.mat,simWind_test.mat#45,45,0.01,tpsscs_finished_detector,raw,0.8571428571428571,0.8,0.05714285714285705,0.0099998473305751,35,win
simWind_test.mat,simWind_test.mat#46,46,1e-05,tpsscs_finished_detector,raw,0.0588235294117647,0.0196078431372549,0.039215686274509796,0.0,51,win
simWind_test.mat,simWind_test.mat#46,46,3e-05,tpsscs_finished_detector,raw,0.0784313725490196,0.0392156862745098,0.0392156862745098,1.527067267313125e-05,51,win
simWind_test.mat,simWind_test.mat#46,46,0.0001,tpsscs_finished_detector,raw,0.1764705882352941,0.2352941176470588,-0.05882352941176469,9.16240360387875e-05,51,loss
simWind_test.mat,simWind_test.mat#46,46,0.0003,tpsscs_finished_detector,raw,0.392156862745098,0.2941176470588235,0.0980392156862745,0.0002901427807894,51,win
simWind_test.mat,simWind_test.mat#46,46,0.001,tpsscs_finished_detector,raw,0.5294117647058824,0.3725490196078431,0.15686274509803927,0.0009925937237535,51,win
simWind_test.mat,simWind_test.mat#46,46,0.003,tpsscs_finished_detector,raw,0.7843137254901961,0.4509803921568627,0.33333333333333337,0.0029930518439337,51,win
simWind_test.mat,simWind_test.mat#46,46,0.01,tpsscs_finished_detector,raw,0.8431372549019608,0.6666666666666666,0.17647058823529416,0.0099870199282278,51,win
simWind_test.mat,simWind_test.mat#47,47,1e-05,tpsscs_finished_detector,raw,0.25,0.0714285714285714,0.1785714285714286,0.0,28,win
simWind_test.mat,simWind_test.mat#47,47,3e-05,tpsscs_finished_detector,raw,0.25,0.1071428571428571,0.1428571428571429,1.526531110704036e-05,28,win
simWind_test.mat,simWind_test.mat#47,47,0.0001,tpsscs_finished_detector,raw,0.3571428571428571,0.2142857142857142,0.1428571428571429,9.159186664224217e-05,28,win
simWind_test.mat,simWind_test.mat#47,47,0.0003,tpsscs_finished_detector,raw,0.5714285714285714,0.2857142857142857,0.2857142857142857,0.0002900409110337,28,win
simWind_test.mat,simWind_test.mat#47,47,0.001,tpsscs_finished_detector,raw,0.7142857142857143,0.3928571428571428,0.3214285714285715,0.0009922452219576,28,win
simWind_test.mat,simWind_test.mat#47,47,0.003,tpsscs_finished_detector,raw,0.8571428571428571,0.5714285714285714,0.2857142857142857,0.0029920009769799,28,win
simWind_test.mat,simWind_test.mat#47,47,0.01,tpsscs_finished_detector,raw,0.8928571428571429,0.7857142857142857,0.1071428571428572,0.0099987787751114,28,win
simWind_test.mat,simWind_test.mat#48,48,1e-05,tpsscs_finished_detector,raw,0.24,0.04,0.19999999999999998,0.0,25,win
simWind_test.mat,simWind_test.mat#48,48,3e-05,tpsscs_finished_detector,raw,0.28,0.04,0.24000000000000002,1.526461204988475e-05,25,win
simWind_test.mat,simWind_test.mat#48,48,0.0001,tpsscs_finished_detector,raw,0.4,0.12,0.28,9.158767229930853e-05,25,win
simWind_test.mat,simWind_test.mat#48,48,0.0003,tpsscs_finished_detector,raw,0.68,0.12,0.56,0.0002900276289478,25,win
simWind_test.mat,simWind_test.mat#48,48,0.001,tpsscs_finished_detector,raw,0.8,0.24,0.56,0.0009921997832425,25,win
simWind_test.mat,simWind_test.mat#48,48,0.003,tpsscs_finished_detector,raw,0.84,0.48,0.36,0.0029918639617774,25,win
simWind_test.mat,simWind_test.mat#48,48,0.01,tpsscs_finished_detector,raw,0.88,0.64,0.24,0.0099983208926745,25,win
simWind_test.mat,simWind_test.mat#49,49,1e-05,tpsscs_finished_detector,raw,0.2424242424242424,0.0606060606060606,0.1818181818181818,0.0,33,win
simWind_test.mat,simWind_test.mat#49,49,3e-05,tpsscs_finished_detector,raw,0.2424242424242424,0.1515151515151515,0.09090909090909091,1.5266476344594905e-05,33,win
simWind_test.mat,simWind_test.mat#49,49,0.0001,tpsscs_finished_detector,raw,0.303030303030303,0.1818181818181818,0.12121212121212119,9.159885806756944e-05,33,win
simWind_test.mat,simWind_test.mat#49,49,0.0003,tpsscs_finished_detector,raw,0.4242424242424242,0.2727272727272727,0.1515151515151515,0.0002900630505473,33,win
simWind_test.mat,simWind_test.mat#49,49,0.001,tpsscs_finished_detector,raw,0.6060606060606061,0.303030303030303,0.3030303030303031,0.0009923209623986,33,win
simWind_test.mat,simWind_test.mat#49,49,0.003,tpsscs_finished_detector,raw,0.696969696969697,0.3939393939393939,0.3030303030303031,0.0029922293635406,33,win
simWind_test.mat,simWind_test.mat#49,49,0.01,tpsscs_finished_detector,raw,0.8181818181818182,0.5757575757575758,0.24242424242424243,0.0099995420057096,33,win
simWind_test.mat,simWind_test.mat#50,50,1e-05,tpsscs_finished_detector,raw,0.24,0.0,0.24,0.0,25,win
simWind_test.mat,simWind_test.mat#50,50,3e-05,tpsscs_finished_detector,raw,0.28,0.0,0.28,1.526461204988475e-05,25,win
simWind_test.mat,simWind_test.mat#50,50,0.0001,tpsscs_finished_detector,raw,0.32,0.0,0.32,9.158767229930853e-05,25,win
simWind_test.mat,simWind_test.mat#50,50,0.0003,tpsscs_finished_detector,raw,0.64,0.04,0.6,0.0002900276289478,25,win
simWind_test.mat,simWind_test.mat#50,50,0.001,tpsscs_finished_detector,raw,1.0,0.16,0.84,0.0009921997832425,25,win
simWind_test.mat,simWind_test.mat#50,50,0.003,tpsscs_finished_detector,raw,1.0,0.36,0.64,0.0029918639617774,25,win
simWind_test.mat,simWind_test.mat#50,50,0.01,tpsscs_finished_detector,raw,1.0,0.44,0.56,0.0099983208926745,25,win
simWind_test.mat,simWind_test.mat#51,51,1e-05,tpsscs_finished_detector,raw,0.125,0.0625,0.0625,0.0,16,win
simWind_test.mat,simWind_test.mat#51,51,3e-05,tpsscs_finished_detector,raw,0.3125,0.0625,0.25,1.5262515262515263e-05,16,win
simWind_test.mat,simWind_test.mat#51,51,0.0001,tpsscs_finished_detector,raw,0.5,0.1875,0.3125,9.157509157509158e-05,16,win
simWind_test.mat,simWind_test.mat#51,51,0.0003,tpsscs_finished_detector,raw,0.625,0.25,0.375,0.0002899877899877,16,win
simWind_test.mat,simWind_test.mat#51,51,0.001,tpsscs_finished_detector,raw,0.625,0.3125,0.3125,0.0009920634920634,16,win
simWind_test.mat,simWind_test.mat#51,51,0.003,tpsscs_finished_detector,raw,0.625,0.375,0.25,0.0029914529914529,16,win
simWind_test.mat,simWind_test.mat#51,51,0.01,tpsscs_finished_detector,raw,0.75,0.5625,0.1875,0.0099969474969474,16,win
simWind_test.mat,simWind_test.mat#52,52,1e-05,tpsscs_finished_detector,raw,0.1694915254237288,0.0169491525423728,0.152542372881356,0.0,59,win
simWind_test.mat,simWind_test.mat#52,52,3e-05,tpsscs_finished_detector,raw,0.2033898305084746,0.1186440677966101,0.08474576271186449,1.5272538448615544e-05,59,win
simWind_test.mat,simWind_test.mat#52,52,0.0001,tpsscs_finished_detector,raw,0.2372881355932203,0.2203389830508474,0.01694915254237289,9.163523069169329e-05,59,win
simWind_test.mat,simWind_test.mat#52,52,0.0003,tpsscs_finished_detector,raw,0.423728813559322,0.3559322033898305,0.06779661016949151,0.0002901782305236,59,win
simWind_test.mat,simWind_test.mat#52,52,0.001,tpsscs_finished_detector,raw,0.6610169491525424,0.5254237288135594,0.13559322033898302,0.00099271499916,59,win
simWind_test.mat,simWind_test.mat#52,52,0.003,tpsscs_finished_detector,raw,0.847457627118644,0.6101694915254238,0.23728813559322026,0.0029934175359286,59,win
simWind_test.mat,simWind_test.mat#52,52,0.01,tpsscs_finished_detector,raw,0.9152542372881356,0.847457627118644,0.06779661016949157,0.0099882401453945,59,win
simWind_test.mat,simWind_test.mat#53,53,1e-05,tpsscs_finished_detector,raw,0.1428571428571428,0.0408163265306122,0.10204081632653059,0.0,49,win
simWind_test.mat,simWind_test.mat#53,53,3e-05,tpsscs_finished_detector,raw,0.2244897959183673,0.0612244897959183,0.163265306122449,1.5270206300487118e-05,49,win
simWind_test.mat,simWind_test.mat#53,53,0.0001,tpsscs_finished_detector,raw,0.2857142857142857,0.0816326530612244,0.20408163265306128,9.162123780292272e-05,49,win
simWind_test.mat,simWind_test.mat#53,53,0.0003,tpsscs_finished_detector,raw,0.5102040816326531,0.1020408163265306,0.40816326530612246,0.0002901339197092,49,win
simWind_test.mat,simWind_test.mat#53,53,0.001,tpsscs_finished_detector,raw,0.7142857142857143,0.2448979591836734,0.4693877551020409,0.0009925634095316,49,win
simWind_test.mat,simWind_test.mat#53,53,0.003,tpsscs_finished_detector,raw,0.9183673469387756,0.3469387755102041,0.5714285714285716,0.0029929604348954,49,win
simWind_test.mat,simWind_test.mat#53,53,0.01,tpsscs_finished_detector,raw,0.9183673469387756,0.4285714285714285,0.48979591836734715,0.0099867149205185,49,win
simWind_test.mat,simWind_test.mat#54,54,1e-05,tpsscs_finished_detector,raw,0.0833333333333333,0.0833333333333333,0.0,0.0,36,tie
simWind_test.mat,simWind_test.mat#54,54,3e-05,tpsscs_finished_detector,raw,0.1666666666666666,0.0833333333333333,0.0833333333333333,1.5267175572519083e-05,36,win
simWind_test.mat,simWind_test.mat#54,54,0.0001,tpsscs_finished_detector,raw,0.25,0.3333333333333333,-0.08333333333333331,9.16030534351145e-05,36,loss
simWind_test.mat,simWind_test.mat#54,54,0.0003,tpsscs_finished_detector,raw,0.5277777777777778,0.3888888888888889,0.1388888888888889,0.0002900763358778,36,win
simWind_test.mat,simWind_test.mat#54,54,0.001,tpsscs_finished_detector,raw,0.8055555555555556,0.5555555555555556,0.25,0.0009923664122137,36,win
simWind_test.mat,simWind_test.mat#54,54,0.003,tpsscs_finished_detector,raw,0.9166666666666666,0.6944444444444444,0.2222222222222222,0.0029923664122137,36,win
simWind_test.mat,simWind_test.mat#54,54,0.01,tpsscs_finished_detector,raw,0.9166666666666666,0.7777777777777778,0.13888888888888884,0.01,36,win
simWind_test.mat,simWind_test.mat#55,55,1e-05,tpsscs_finished_detector,raw,0.0833333333333333,0.0416666666666666,0.0416666666666667,0.0,24,win
simWind_test.mat,simWind_test.mat#55,55,3e-05,tpsscs_finished_detector,raw,0.0833333333333333,0.2083333333333333,-0.12499999999999999,1.5264379045060447e-05,24,loss
simWind_test.mat,simWind_test.mat#55,55,0.0001,tpsscs_finished_detector,raw,0.25,0.25,0.0,9.158627427036267e-05,24,tie
simWind_test.mat,simWind_test.mat#55,55,0.0003,tpsscs_finished_detector,raw,0.3333333333333333,0.25,0.08333333333333331,0.0002900232018561,24,win
simWind_test.mat,simWind_test.mat#55,55,0.001,tpsscs_finished_detector,raw,0.5,0.4166666666666667,0.08333333333333331,0.0009921846379289,24,win
simWind_test.mat,simWind_test.mat#55,55,0.003,tpsscs_finished_detector,raw,0.5833333333333334,0.5416666666666666,0.04166666666666674,0.0029918182928318,24,win
simWind_test.mat,simWind_test.mat#55,55,0.01,tpsscs_finished_detector,raw,0.625,0.625,0.0,0.0099981682745145,24,tie
simWind_test.mat,simWind_test.mat#56,56,1e-05,tpsscs_finished_detector,raw,0.3157894736842105,0.0526315789473684,0.2631578947368421,0.0,19,win
simWind_test.mat,simWind_test.mat#56,56,3e-05,tpsscs_finished_detector,raw,0.3157894736842105,0.0526315789473684,0.2631578947368421,1.5263214127630997e-05,19,win
simWind_test.mat,simWind_test.mat#56,56,0.0001,tpsscs_finished_detector,raw,0.5263157894736842,0.1052631578947368,0.4210526315789474,9.157928476578598e-05,19,win
simWind_test.mat,simWind_test.mat#56,56,0.0003,tpsscs_finished_detector,raw,0.5789473684210527,0.2631578947368421,0.31578947368421056,0.0002900010684249,19,win
simWind_test.mat,simWind_test.mat#56,56,0.001,tpsscs_finished_detector,raw,0.6842105263157895,0.3157894736842105,0.368421052631579,0.000992108918296,19,win
simWind_test.mat,simWind_test.mat#56,56,0.003,tpsscs_finished_detector,raw,0.7368421052631579,0.3157894736842105,0.42105263157894735,0.0029915899690156,19,win
simWind_test.mat,simWind_test.mat#56,56,0.01,tpsscs_finished_detector,raw,0.8421052631578947,0.4736842105263157,0.368421052631579,0.0099974052535983,19,win
simWind_test.mat,simWind_test.mat#59,59,1e-05,tpsscs_finished_detector,raw,0.4102564102564102,0.1794871794871795,0.2307692307692307,0.0,39,win
simWind_test.mat,simWind_test.mat#59,59,3e-05,tpsscs_finished_detector,raw,0.4358974358974359,0.2564102564102564,0.17948717948717952,1.526787486449761e-05,39,win
simWind_test.mat,simWind_test.mat#59,59,0.0001,tpsscs_finished_detector,raw,0.6410256410256411,0.4102564102564102,0.2307692307692309,9.160724918698568e-05,39,win
simWind_test.mat,simWind_test.mat#59,59,0.0003,tpsscs_finished_detector,raw,0.6666666666666666,0.4871794871794871,0.17948717948717952,0.0002900896224254,39,win
simWind_test.mat,simWind_test.mat#59,59,0.001,tpsscs_finished_detector,raw,0.8974358974358975,0.717948717948718,0.17948717948717952,0.0009924118661923,39,win
simWind_test.mat,simWind_test.mat#59,59,0.003,tpsscs_finished_detector,raw,0.9230769230769232,0.7692307692307693,0.15384615384615397,0.0029925034734415,39,win
simWind_test.mat,simWind_test.mat#59,59,0.01,tpsscs_finished_detector,raw,0.9487179487179488,0.8717948717948718,0.07692307692307698,0.0099851901613814,39,win
simWind_test.mat,simWind_test.mat#61,61,1e-05,tpsscs_finished_detector,raw,0.0980392156862745,0.0980392156862745,0.0,0.0,51,tie
simWind_test.mat,simWind_test.mat#61,61,3e-05,tpsscs_finished_detector,raw,0.196078431372549,0.1176470588235294,0.07843137254901959,1.527067267313125e-05,51,win
simWind_test.mat,simWind_test.mat#61,61,0.0001,tpsscs_finished_detector,raw,0.392156862745098,0.1568627450980392,0.23529411764705876,9.16240360387875e-05,51,win
simWind_test.mat,simWind_test.mat#61,61,0.0003,tpsscs_finished_detector,raw,0.4509803921568627,0.2549019607843137,0.196078431372549,0.0002901427807894,51,win
simWind_test.mat,simWind_test.mat#61,61,0.001,tpsscs_finished_detector,raw,0.7647058823529411,0.3529411764705882,0.4117647058823529,0.0009925937237535,51,win
simWind_test.mat,simWind_test.mat#61,61,0.003,tpsscs_finished_detector,raw,0.9411764705882352,0.4117647058823529,0.5294117647058822,0.0029930518439337,51,win
simWind_test.mat,simWind_test.mat#61,61,0.01,tpsscs_finished_detector,raw,0.9607843137254902,0.6274509803921569,0.33333333333333337,0.0099870199282278,51,win
simWind_test.mat,simWind_test.mat#62,62,1e-05,tpsscs_finished_detector,raw,0.1538461538461538,0.0769230769230769,0.0769230769230769,0.0,26,win
simWind_test.mat,simWind_test.mat#62,62,3e-05,tpsscs_finished_detector,raw,0.1923076923076923,0.0769230769230769,0.11538461538461539,1.5264845061822624e-05,26,win
simWind_test.mat,simWind_test.mat#62,62,0.0001,tpsscs_finished_detector,raw,0.3846153846153846,0.1538461538461538,0.23076923076923078,9.158907037093572e-05,26,win
simWind_test.mat,simWind_test.mat#62,62,0.0003,tpsscs_finished_detector,raw,0.5384615384615384,0.1923076923076923,0.34615384615384615,0.0002900320561746,26,win
simWind_test.mat,simWind_test.mat#62,62,0.001,tpsscs_finished_detector,raw,0.5769230769230769,0.2692307692307692,0.30769230769230765,0.0009922149290184,26,win
simWind_test.mat,simWind_test.mat#62,62,0.003,tpsscs_finished_detector,raw,0.6538461538461539,0.4230769230769231,0.23076923076923078,0.0029919096321172,26,win
simWind_test.mat,simWind_test.mat#62,62,0.01,tpsscs_finished_detector,raw,0.7307692307692307,0.6923076923076923,0.038461538461538436,0.0099984735154938,26,win
simWind_test.mat,simWind_test.mat#63,63,1e-05,tpsscs_finished_detector,raw,0.1896551724137931,0.1034482758620689,0.0862068965517242,0.0,58,win
simWind_test.mat,simWind_test.mat#63,63,3e-05,tpsscs_finished_detector,raw,0.2241379310344827,0.1551724137931034,0.06896551724137931,1.527230520174715e-05,58,win
simWind_test.mat,simWind_test.mat#63,63,0.0001,tpsscs_finished_detector,raw,0.4310344827586206,0.1896551724137931,0.2413793103448275,9.163383121048293e-05,58,win
simWind_test.mat,simWind_test.mat#63,63,0.0003,tpsscs_finished_detector,raw,0.5172413793103449,0.3275862068965517,0.18965517241379315,0.0002901737988331,58,win
simWind_test.mat,simWind_test.mat#63,63,0.001,tpsscs_finished_detector,raw,0.8275862068965517,0.5344827586206896,0.2931034482758621,0.0009926998381135,58,win
simWind_test.mat,simWind_test.mat#63,63,0.003,tpsscs_finished_detector,raw,0.9482758620689656,0.6206896551724138,0.3275862068965518,0.0029933718195424,58,win
simWind_test.mat,simWind_test.mat#63,63,0.01,tpsscs_finished_detector,raw,0.9827586206896552,0.7758620689655172,0.206896551724138,0.0099880876019426,58,win
simWind_test.mat,simWind_test.mat#64,64,1e-05,tpsscs_finished_detector,raw,0.25,0.0625,0.1875,0.0,16,win
simWind_test.mat,simWind_test.mat#64,64,3e-05,tpsscs_finished_detector,raw,0.3125,0.125,0.1875,1.5262515262515263e-05,16,win
simWind_test.mat,simWind_test.mat#64,64,0.0001,tpsscs_finished_detector,raw,0.375,0.125,0.25,9.157509157509158e-05,16,win
simWind_test.mat,simWind_test.mat#64,64,0.0003,tpsscs_finished_detector,raw,0.6875,0.1875,0.5,0.0002899877899877,16,win
simWind_test.mat,simWind_test.mat#64,64,0.001,tpsscs_finished_detector,raw,0.75,0.25,0.5,0.0009920634920634,16,win
simWind_test.mat,simWind_test.mat#64,64,0.003,tpsscs_finished_detector,raw,0.75,0.4375,0.3125,0.0029914529914529,16,win
simWind_test.mat,simWind_test.mat#64,64,0.01,tpsscs_finished_detector,raw,0.75,0.625,0.125,0.0099969474969474,16,win
simWind_test.mat,simWind_test.mat#65,65,1e-05,tpsscs_finished_detector,raw,0.2,0.1333333333333333,0.06666666666666671,0.0,30,win
simWind_test.mat,simWind_test.mat#65,65,3e-05,tpsscs_finished_detector,raw,0.2333333333333333,0.2,0.0333333333333333,1.526577718071627e-05,30,win
simWind_test.mat,simWind_test.mat#65,65,0.0001,tpsscs_finished_detector,raw,0.3,0.3666666666666666,-0.0666666666666666,9.159466308429762e-05,30,loss
simWind_test.mat,simWind_test.mat#65,65,0.0003,tpsscs_finished_detector,raw,0.3666666666666666,0.4333333333333333,-0.06666666666666671,0.0002900497664336,30,loss
simWind_test.mat,simWind_test.mat#65,65,0.001,tpsscs_finished_detector,raw,0.4666666666666667,0.5333333333333333,-0.06666666666666665,0.0009922755167465,30,loss
simWind_test.mat,simWind_test.mat#65,65,0.003,tpsscs_finished_detector,raw,0.6,0.6,0.0,0.0029920923274203,30,tie
simWind_test.mat,simWind_test.mat#65,65,0.01,tpsscs_finished_detector,raw,0.6333333333333333,0.8333333333333334,-0.20000000000000007,0.0099990840533691,30,loss
simWind_test.mat,simWind_test.mat#67,67,1e-05,tpsscs_finished_detector,raw,0.1363636363636363,0.1136363636363636,0.022727272727272693,0.0,44,win
simWind_test.mat,simWind_test.mat#67,67,3e-05,tpsscs_finished_detector,raw,0.1363636363636363,0.1818181818181818,-0.0454545454545455,1.526904049349539e-05,44,loss
simWind_test.mat,simWind_test.mat#67,67,0.0001,tpsscs_finished_detector,raw,0.2954545454545454,0.25,0.045454545454545414,9.161424296097234e-05,44,win
simWind_test.mat,simWind_test.mat#67,67,0.0003,tpsscs_finished_detector,raw,0.4545454545454545,0.4090909090909091,0.04545454545454536,0.0002901117693764,44,win
simWind_test.mat,simWind_test.mat#67,67,0.001,tpsscs_finished_detector,raw,0.7272727272727273,0.4318181818181818,0.29545454545454547,0.0009924876320772,44,win
simWind_test.mat,simWind_test.mat#67,67,0.003,tpsscs_finished_detector,raw,0.8181818181818182,0.5681818181818182,0.25,0.002992731936725,44,win
simWind_test.mat,simWind_test.mat#67,67,0.01,tpsscs_finished_detector,raw,0.8636363636363636,0.6590909090909091,0.20454545454545459,0.0099859524827459,44,win
simWind_test.mat,simWind_test.mat#69,69,1e-05,tpsscs_finished_detector,raw,0.2439024390243902,0.048780487804878,0.1951219512195122,0.0,41,win
simWind_test.mat,simWind_test.mat#69,69,3e-05,tpsscs_finished_detector,raw,0.2439024390243902,0.048780487804878,0.1951219512195122,1.5268341094740055e-05,41,win
simWind_test.mat,simWind_test.mat#69,69,0.0001,tpsscs_finished_detector,raw,0.3658536585365853,0.1707317073170731,0.1951219512195122,9.161004656844032e-05,41,win
simWind_test.mat,simWind_test.mat#69,69,0.0003,tpsscs_finished_detector,raw,0.4390243902439024,0.2926829268292683,0.1463414634146341,0.0002900984808,41,win
simWind_test.mat,simWind_test.mat#69,69,0.001,tpsscs_finished_detector,raw,0.5853658536585366,0.3902439024390244,0.19512195121951215,0.0009924421711581,41,win
simWind_test.mat,simWind_test.mat#69,69,0.003,tpsscs_finished_detector,raw,0.8292682926829268,0.4878048780487805,0.3414634146341463,0.002992594854569,41,win
simWind_test.mat,simWind_test.mat#69,69,0.01,tpsscs_finished_detector,raw,0.8780487804878049,0.6097560975609756,0.2682926829268293,0.0099854950759599,41,win
simWind_test.mat,simWind_test.mat#7,7,1e-05,tpsscs_finished_detector,raw,0.16,0.08,0.08,0.0,50,win
simWind_test.mat,simWind_test.mat#7,7,3e-05,tpsscs_finished_detector,raw,0.24,0.16,0.07999999999999999,1.5270439483248328e-05,50,win
simWind_test.mat,simWind_test.mat#7,7,0.0001,tpsscs_finished_detector,raw,0.38,0.24,0.14,9.162263689948996e-05,50,win
simWind_test.mat,simWind_test.mat#7,7,0.0003,tpsscs_finished_detector,raw,0.56,0.36,0.20000000000000007,0.0002901383501817,50,win
simWind_test.mat,simWind_test.mat#7,7,0.001,tpsscs_finished_detector,raw,0.8,0.48,0.32000000000000006,0.0009925785664111,50,win
simWind_test.mat,simWind_test.mat#7,7,0.003,tpsscs_finished_detector,raw,0.9,0.5,0.4,0.0029930061387166,50,win
simWind_test.mat,simWind_test.mat#7,7,0.01,tpsscs_finished_detector,raw,0.94,0.76,0.17999999999999994,0.0099868674220444,50,win
simWind_test.mat,simWind_test.mat#70,70,1e-05,tpsscs_finished_detector,raw,0.2325581395348837,0.0232558139534883,0.2093023255813954,0.0,43,win
simWind_test.mat,simWind_test.mat#70,70,3e-05,tpsscs_finished_detector,raw,0.2325581395348837,0.1162790697674418,0.11627906976744189,1.526880735345762e-05,43,win
simWind_test.mat,simWind_test.mat#70,70,0.0001,tpsscs_finished_detector,raw,0.3953488372093023,0.2558139534883721,0.1395348837209302,9.161284412074572e-05,43,win
simWind_test.mat,simWind_test.mat#70,70,0.0003,tpsscs_finished_detector,raw,0.6046511627906976,0.3720930232558139,0.23255813953488375,0.0002901073397156,43,win
simWind_test.mat,simWind_test.mat#70,70,0.001,tpsscs_finished_detector,raw,0.813953488372093,0.4651162790697674,0.34883720930232565,0.0009924724779747,43,win
simWind_test.mat,simWind_test.mat#70,70,0.003,tpsscs_finished_detector,raw,0.9302325581395348,0.627906976744186,0.3023255813953487,0.0029926862412776,43,win
simWind_test.mat,simWind_test.mat#70,70,0.01,tpsscs_finished_detector,raw,0.9767441860465116,0.813953488372093,0.16279069767441856,0.0099858000091612,43,win
simWind_test.mat,simWind_test.mat#71,71,1e-05,tpsscs_finished_detector,raw,0.074074074074074,0.037037037037037,0.037037037037037,0.0,27,win
simWind_test.mat,simWind_test.mat#71,71,3e-05,tpsscs_finished_detector,raw,0.2222222222222222,0.1111111111111111,0.1111111111111111,1.5265078080874384e-05,27,win
simWind_test.mat,simWind_test.mat#71,71,0.0001,tpsscs_finished_detector,raw,0.3703703703703703,0.1851851851851851,0.1851851851851852,9.15904684852463e-05,27,win
simWind_test.mat,simWind_test.mat#71,71,0.0003,tpsscs_finished_detector,raw,0.4444444444444444,0.2962962962962963,0.14814814814814814,0.0002900364835366,27,win
simWind_test.mat,simWind_test.mat#71,71,0.001,tpsscs_finished_detector,raw,0.4814814814814814,0.4074074074074074,0.07407407407407401,0.0009922300752568,27,win
simWind_test.mat,simWind_test.mat#71,71,0.003,tpsscs_finished_detector,raw,0.5555555555555556,0.5555555555555556,0.0,0.0029919553038513,27,tie
simWind_test.mat,simWind_test.mat#71,71,0.01,tpsscs_finished_detector,raw,0.7777777777777778,0.6666666666666666,0.11111111111111116,0.0099986261429727,27,win
simWind_test.mat,simWind_test.mat#72,72,1e-05,tpsscs_finished_detector,raw,0.3513513513513513,0.1621621621621621,0.18918918918918923,0.0,37,win
simWind_test.mat,simWind_test.mat#72,72,3e-05,tpsscs_finished_detector,raw,0.3513513513513513,0.2162162162162162,0.13513513513513511,1.5267408662727676e-05,37,win
simWind_test.mat,simWind_test.mat#72,72,0.0001,tpsscs_finished_detector,raw,0.4864864864864865,0.3783783783783784,0.10810810810810811,9.160445197636606e-05,37,win
simWind_test.mat,simWind_test.mat#72,72,0.0003,tpsscs_finished_detector,raw,0.7027027027027027,0.5135135135135135,0.18918918918918926,0.0002900807645918,37,win
simWind_test.mat,simWind_test.mat#72,72,0.001,tpsscs_finished_detector,raw,0.8378378378378378,0.6216216216216216,0.21621621621621623,0.0009923815630772,37,win
simWind_test.mat,simWind_test.mat#72,72,0.003,tpsscs_finished_detector,raw,0.8918918918918919,0.8108108108108109,0.08108108108108103,0.0029924120978946,37,win
simWind_test.mat,simWind_test.mat#72,72,0.01,tpsscs_finished_detector,raw,0.945945945945946,0.918918918918919,0.027027027027027084,0.0099848852654238,37,win
simWind_test.mat,simWind_test.mat#74,74,1e-05,tpsscs_finished_detector,raw,0.1428571428571428,0.0571428571428571,0.08571428571428569,0.0,35,win
simWind_test.mat,simWind_test.mat#74,74,3e-05,tpsscs_finished_detector,raw,0.2571428571428571,0.0571428571428571,0.2,1.5266942489427644e-05,35,win
simWind_test.mat,simWind_test.mat#74,74,0.0001,tpsscs_finished_detector,raw,0.3714285714285714,0.2285714285714285,0.14285714285714288,9.160165493656586e-05,35,win
simWind_test.mat,simWind_test.mat#74,74,0.0003,tpsscs_finished_detector,raw,0.6285714285714286,0.3714285714285714,0.2571428571428572,0.0002900719072991,35,win
simWind_test.mat,simWind_test.mat#74,74,0.001,tpsscs_finished_detector,raw,0.8285714285714286,0.4857142857142857,0.3428571428571429,0.0009923512618127,35,win
simWind_test.mat,simWind_test.mat#74,74,0.003,tpsscs_finished_detector,raw,0.9142857142857144,0.6285714285714286,0.2857142857142858,0.0029923207279278,35,win
simWind_test.mat,simWind_test.mat#74,74,0.01,tpsscs_finished_detector,raw,0.9714285714285714,0.7714285714285715,0.19999999999999996,0.0099998473305751,35,win
simWind_test.mat,simWind_test.mat#75,75,1e-05,tpsscs_finished_detector,raw,0.1833333333333333,0.05,0.1333333333333333,0.0,60,win
simWind_test.mat,simWind_test.mat#75,75,3e-05,tpsscs_finished_detector,raw,0.2166666666666666,0.15,0.0666666666666666,1.527277170260859e-05,60,win
simWind_test.mat,simWind_test.mat#75,75,0.0001,tpsscs_finished_detector,raw,0.2666666666666666,0.2666666666666666,0.0,9.163663021565152e-05,60,tie
simWind_test.mat,simWind_test.mat#75,75,0.0003,tpsscs_finished_detector,raw,0.4,0.3,0.10000000000000003,0.0002901826623495,60,win
simWind_test.mat,simWind_test.mat#75,75,0.001,tpsscs_finished_detector,raw,0.75,0.4666666666666667,0.2833333333333333,0.0009927301606695,60,win
simWind_test.mat,simWind_test.mat#75,75,0.003,tpsscs_finished_detector,raw,0.8833333333333333,0.6,0.2833333333333333,0.0029934632537112,60,win
simWind_test.mat,simWind_test.mat#75,75,0.01,tpsscs_finished_detector,raw,0.95,0.8,0.1499999999999999,0.009988392693506,60,win
simWind_test.mat,simWind_test.mat#76,76,1e-05,tpsscs_finished_detector,raw,0.2962962962962963,0.074074074074074,0.22222222222222227,0.0,27,win
simWind_test.mat,simWind_test.mat#76,76,3e-05,tpsscs_finished_detector,raw,0.3703703703703703,0.1481481481481481,0.22222222222222218,1.5265078080874384e-05,27,win
simWind_test.mat,simWind_test.mat#76,76,0.0001,tpsscs_finished_detector,raw,0.5185185185185185,0.2222222222222222,0.2962962962962963,9.15904684852463e-05,27,win
simWind_test.mat,simWind_test.mat#76,76,0.0003,tpsscs_finished_detector,raw,0.5555555555555556,0.2592592592592592,0.2962962962962964,0.0002900364835366,27,win
simWind_test.mat,simWind_test.mat#76,76,0.001,tpsscs_finished_detector,raw,0.8518518518518519,0.4074074074074074,0.4444444444444445,0.0009922300752568,27,win
simWind_test.mat,simWind_test.mat#76,76,0.003,tpsscs_finished_detector,raw,0.8518518518518519,0.5555555555555556,0.2962962962962963,0.0029919553038513,27,win
simWind_test.mat,simWind_test.mat#76,76,0.01,tpsscs_finished_detector,raw,0.925925925925926,0.6666666666666666,0.2592592592592594,0.0099986261429727,27,win
simWind_test.mat,simWind_test.mat#77,77,1e-05,tpsscs_finished_detector,raw,0.1746031746031746,0.0476190476190476,0.12698412698412698,0.0,63,win
simWind_test.mat,simWind_test.mat#77,77,3e-05,tpsscs_finished_detector,raw,0.2063492063492063,0.0476190476190476,0.15873015873015872,1.5273471507338904e-05,63,win
simWind_test.mat,simWind_test.mat#77,77,0.0001,tpsscs_finished_detector,raw,0.3174603174603174,0.0952380952380952,0.22222222222222218,9.16408290440334e-05,63,win
simWind_test.mat,simWind_test.mat#77,77,0.0003,tpsscs_finished_detector,raw,0.4603174603174603,0.2222222222222222,0.23809523809523808,0.0002901959586394,63,win
simWind_test.mat,simWind_test.mat#77,77,0.001,tpsscs_finished_detector,raw,0.6349206349206349,0.3015873015873015,0.33333333333333337,0.000992775647977,63,win
simWind_test.mat,simWind_test.mat#77,77,0.003,tpsscs_finished_detector,raw,0.7301587301587301,0.4126984126984127,0.31746031746031744,0.0029936004154384,63,win
simWind_test.mat,simWind_test.mat#77,77,0.01,tpsscs_finished_detector,raw,0.7936507936507936,0.6190476190476191,0.17460317460317454,0.0099888503657996,63,win
simWind_test.mat,simWind_test.mat#78,78,1e-05,tpsscs_finished_detector,raw,0.12,0.08,0.039999999999999994,0.0,25,win
simWind_test.mat,simWind_test.mat#78,78,3e-05,tpsscs_finished_detector,raw,0.28,0.16,0.12000000000000002,1.526461204988475e-05,25,win
simWind_test.mat,simWind_test.mat#78,78,0.0001,tpsscs_finished_detector,raw,0.4,0.2,0.2,9.158767229930853e-05,25,win
simWind_test.mat,simWind_test.mat#78,78,0.0003,tpsscs_finished_detector,raw,0.56,0.24,0.32000000000000006,0.0002900276289478,25,win
simWind_test.mat,simWind_test.mat#78,78,0.001,tpsscs_finished_detector,raw,0.72,0.32,0.39999999999999997,0.0009921997832425,25,win
simWind_test.mat,simWind_test.mat#78,78,0.003,tpsscs_finished_detector,raw,0.88,0.32,0.56,0.0029918639617774,25,win
simWind_test.mat,simWind_test.mat#78,78,0.01,tpsscs_finished_detector,raw,0.92,0.48,0.44000000000000006,0.0099983208926745,25,win
simWind_test.mat,simWind_test.mat#79,79,1e-05,tpsscs_finished_detector,raw,0.2307692307692307,0.0769230769230769,0.1538461538461538,0.0,26,win
simWind_test.mat,simWind_test.mat#79,79,3e-05,tpsscs_finished_detector,raw,0.3846153846153846,0.1153846153846153,0.2692307692307693,1.5264845061822624e-05,26,win
simWind_test.mat,simWind_test.mat#79,79,0.0001,tpsscs_finished_detector,raw,0.4615384615384615,0.1153846153846153,0.3461538461538462,9.158907037093572e-05,26,win
simWind_test.mat,simWind_test.mat#79,79,0.0003,tpsscs_finished_detector,raw,0.5384615384615384,0.1538461538461538,0.38461538461538464,0.0002900320561746,26,win
simWind_test.mat,simWind_test.mat#79,79,0.001,tpsscs_finished_detector,raw,0.6153846153846154,0.3076923076923077,0.3076923076923077,0.0009922149290184,26,win
simWind_test.mat,simWind_test.mat#79,79,0.003,tpsscs_finished_detector,raw,0.7307692307692307,0.3846153846153846,0.34615384615384615,0.0029919096321172,26,win
simWind_test.mat,simWind_test.mat#79,79,0.01,tpsscs_finished_detector,raw,0.7692307692307693,0.6153846153846154,0.15384615384615385,0.0099984735154938,26,win
simWind_test.mat,simWind_test.mat#8,8,1e-05,tpsscs_finished_detector,raw,0.25,0.0833333333333333,0.16666666666666669,0.0,24,win
simWind_test.mat,simWind_test.mat#8,8,3e-05,tpsscs_finished_detector,raw,0.25,0.0833333333333333,0.16666666666666669,1.5264379045060447e-05,24,win
simWind_test.mat,simWind_test.mat#8,8,0.0001,tpsscs_finished_detector,raw,0.5833333333333334,0.2916666666666667,0.2916666666666667,9.158627427036267e-05,24,win
simWind_test.mat,simWind_test.mat#8,8,0.0003,tpsscs_finished_detector,raw,0.7083333333333334,0.3333333333333333,0.37500000000000006,0.0002900232018561,24,win
simWind_test.mat,simWind_test.mat#8,8,0.001,tpsscs_finished_detector,raw,0.7083333333333334,0.4166666666666667,0.2916666666666667,0.0009921846379289,24,win
simWind_test.mat,simWind_test.mat#8,8,0.003,tpsscs_finished_detector,raw,0.9166666666666666,0.4583333333333333,0.4583333333333333,0.0029918182928318,24,win
simWind_test.mat,simWind_test.mat#8,8,0.01,tpsscs_finished_detector,raw,1.0,0.8333333333333334,0.16666666666666663,0.0099981682745145,24,win
simWind_test.mat,simWind_test.mat#80,80,1e-05,tpsscs_finished_detector,raw,0.1333333333333333,0.2,-0.06666666666666671,0.0,15,loss
simWind_test.mat,simWind_test.mat#80,80,3e-05,tpsscs_finished_detector,raw,0.2,0.2,0.0,1.5262282321698386e-05,15,tie
simWind_test.mat,simWind_test.mat#80,80,0.0001,tpsscs_finished_detector,raw,0.5333333333333333,0.3333333333333333,0.2,9.157369393019031e-05,15,win
simWind_test.mat,simWind_test.mat#80,80,0.0003,tpsscs_finished_detector,raw,0.6,0.3333333333333333,0.26666666666666666,0.0002899833641122,15,win
simWind_test.mat,simWind_test.mat#80,80,0.001,tpsscs_finished_detector,raw,0.8666666666666667,0.4666666666666667,0.4,0.0009920483509103,15,win
simWind_test.mat,simWind_test.mat#80,80,0.003,tpsscs_finished_detector,raw,0.9333333333333332,0.5333333333333333,0.3999999999999999,0.0029914073350528,15,win
simWind_test.mat,simWind_test.mat#80,80,0.01,tpsscs_finished_detector,raw,0.9333333333333332,0.8666666666666667,0.06666666666666654,0.0099967949207124,15,win
simWind_test.mat,simWind_test.mat#82,82,1e-05,tpsscs_finished_detector,raw,0.064516129032258,0.032258064516129,0.032258064516129,0.0,31,win
simWind_test.mat,simWind_test.mat#82,82,3e-05,tpsscs_finished_detector,raw,0.0967741935483871,0.2580645161290322,-0.1612903225806451,1.5266010228226854e-05,31,loss
simWind_test.mat,simWind_test.mat#82,82,0.0001,tpsscs_finished_detector,raw,0.3225806451612903,0.3548387096774194,-0.03225806451612906,9.159606136936113e-05,31,loss
simWind_test.mat,simWind_test.mat#82,82,0.0003,tpsscs_finished_detector,raw,0.5161290322580645,0.3548387096774194,0.16129032258064513,0.0002900541943363,31,win
simWind_test.mat,simWind_test.mat#82,82,0.001,tpsscs_finished_detector,raw,0.7096774193548387,0.4516129032258064,0.25806451612903236,0.0009922906648347,31,win
simWind_test.mat,simWind_test.mat#82,82,0.003,tpsscs_finished_detector,raw,0.8064516129032258,0.5161290322580645,0.29032258064516125,0.0029921380047324,31,win
simWind_test.mat,simWind_test.mat#82,82,0.01,tpsscs_finished_detector,raw,0.8387096774193549,0.6774193548387096,0.16129032258064524,0.0099992366994885,31,win
simWind_test.mat,simWind_test.mat#84,84,1e-05,tpsscs_finished_detector,raw,0.275,0.125,0.15000000000000002,0.0,40,win
simWind_test.mat,simWind_test.mat#84,84,3e-05,tpsscs_finished_detector,raw,0.275,0.175,0.10000000000000003,1.5268107976059605e-05,40,win
simWind_test.mat,simWind_test.mat#84,84,0.0001,tpsscs_finished_detector,raw,0.35,0.2,0.14999999999999997,9.160864785635764e-05,40,win
simWind_test.mat,simWind_test.mat#84,84,0.0003,tpsscs_finished_detector,raw,0.6,0.25,0.35,0.0002900940515451,40,win
simWind_test.mat,simWind_test.mat#84,84,0.001,tpsscs_finished_detector,raw,0.8,0.375,0.42500000000000004,0.0009924270184438,40,win
simWind_test.mat,simWind_test.mat#84,84,0.003,tpsscs_finished_detector,raw,0.975,0.475,0.5,0.0029925491633076,40,win
simWind_test.mat,simWind_test.mat#84,84,0.01,tpsscs_finished_detector,raw,1.0,0.65,0.35,0.0099853426163429,40,win
simWind_test.mat,simWind_test.mat#85,85,1e-05,tpsscs_finished_detector,raw,0.2903225806451613,0.0967741935483871,0.19354838709677422,0.0,31,win
simWind_test.mat,simWind_test.mat#85,85,3e-05,tpsscs_finished_detector,raw,0.4193548387096774,0.2258064516129032,0.1935483870967742,1.5266010228226854e-05,31,win
simWind_test.mat,simWind_test.mat#85,85,0.0001,tpsscs_finished_detector,raw,0.4516129032258064,0.2580645161290322,0.1935483870967742,9.159606136936113e-05,31,win
simWind_test.mat,simWind_test.mat#85,85,0.0003,tpsscs_finished_detector,raw,0.6129032258064516,0.3870967741935484,0.22580645161290325,0.0002900541943363,31,win
simWind_test.mat,simWind_test.mat#85,85,0.001,tpsscs_finished_detector,raw,0.8387096774193549,0.4516129032258064,0.3870967741935485,0.0009922906648347,31,win
simWind_test.mat,simWind_test.mat#85,85,0.003,tpsscs_finished_detector,raw,0.9032258064516128,0.6129032258064516,0.29032258064516114,0.0029921380047324,31,win
simWind_test.mat,simWind_test.mat#85,85,0.01,tpsscs_finished_detector,raw,0.935483870967742,0.7419354838709677,0.19354838709677424,0.0099992366994885,31,win
simWind_test.mat,simWind_test.mat#86,86,1e-05,tpsscs_finished_detector,raw,0.2727272727272727,0.1590909090909091,0.11363636363636362,0.0,44,win
simWind_test.mat,simWind_test.mat#86,86,3e-05,tpsscs_finished_detector,raw,0.3181818181818182,0.1590909090909091,0.1590909090909091,1.526904049349539e-05,44,win
simWind_test.mat,simWind_test.mat#86,86,0.0001,tpsscs_finished_detector,raw,0.4772727272727273,0.2272727272727272,0.2500000000000001,9.161424296097234e-05,44,win
simWind_test.mat,simWind_test.mat#86,86,0.0003,tpsscs_finished_detector,raw,0.7045454545454546,0.2954545454545454,0.40909090909090917,0.0002901117693764,44,win
simWind_test.mat,simWind_test.mat#86,86,0.001,tpsscs_finished_detector,raw,0.7954545454545454,0.4318181818181818,0.3636363636363636,0.0009924876320772,44,win
simWind_test.mat,simWind_test.mat#86,86,0.003,tpsscs_finished_detector,raw,0.9318181818181818,0.6363636363636364,0.2954545454545454,0.002992731936725,44,win
simWind_test.mat,simWind_test.mat#86,86,0.01,tpsscs_finished_detector,raw,0.9772727272727272,0.7727272727272727,0.20454545454545447,0.0099859524827459,44,win
simWind_test.mat,simWind_test.mat#87,87,1e-05,tpsscs_finished_detector,raw,0.1063829787234042,0.0,0.1063829787234042,0.0,47,win
simWind_test.mat,simWind_test.mat#87,87,3e-05,tpsscs_finished_detector,raw,0.1489361702127659,0.0851063829787234,0.06382978723404249,1.5269739956328543e-05,47,win
simWind_test.mat,simWind_test.mat#87,87,0.0001,tpsscs_finished_detector,raw,0.2978723404255319,0.2127659574468085,0.08510638297872339,9.161843973797126e-05,47,win
simWind_test.mat,simWind_test.mat#87,87,0.0003,tpsscs_finished_detector,raw,0.4893617021276595,0.3617021276595745,0.127659574468085,0.0002901250591702,47,win
simWind_test.mat,simWind_test.mat#87,87,0.001,tpsscs_finished_detector,raw,0.574468085106383,0.5319148936170213,0.042553191489361764,0.0009925330971613,47,win
simWind_test.mat,simWind_test.mat#87,87,0.003,tpsscs_finished_detector,raw,0.6808510638297872,0.574468085106383,0.10638297872340419,0.0029928690314403,47,win
simWind_test.mat,simWind_test.mat#87,87,0.01,tpsscs_finished_detector,raw,0.851063829787234,0.8085106382978723,0.042553191489361764,0.0099864099314388,47,win
simWind_test.mat,simWind_test.mat#88,88,1e-05,tpsscs_finished_detector,raw,0.1162790697674418,0.0232558139534883,0.0930232558139535,0.0,43,win
simWind_test.mat,simWind_test.mat#88,88,3e-05,tpsscs_finished_detector,raw,0.1860465116279069,0.0232558139534883,0.1627906976744186,1.526880735345762e-05,43,win
simWind_test.mat,simWind_test.mat#88,88,0.0001,tpsscs_finished_detector,raw,0.3255813953488372,0.1162790697674418,0.2093023255813954,9.161284412074572e-05,43,win
simWind_test.mat,simWind_test.mat#88,88,0.0003,tpsscs_finished_detector,raw,0.4186046511627907,0.2790697674418604,0.13953488372093031,0.0002901073397156,43,win
simWind_test.mat,simWind_test.mat#88,88,0.001,tpsscs_finished_detector,raw,0.5581395348837209,0.3953488372093023,0.16279069767441862,0.0009924724779747,43,win
simWind_test.mat,simWind_test.mat#88,88,0.003,tpsscs_finished_detector,raw,0.7209302325581395,0.4186046511627907,0.30232558139534876,0.0029926862412776,43,win
simWind_test.mat,simWind_test.mat#88,88,0.01,tpsscs_finished_detector,raw,0.8604651162790697,0.5581395348837209,0.3023255813953488,0.0099858000091612,43,win
simWind_test.mat,simWind_test.mat#89,89,1e-05,tpsscs_finished_detector,raw,0.22,0.16,0.06,0.0,50,win
simWind_test.mat,simWind_test.mat#89,89,3e-05,tpsscs_finished_detector,raw,0.3,0.16,0.13999999999999999,1.5270439483248328e-05,50,win
simWind_test.mat,simWind_test.mat#89,89,0.0001,tpsscs_finished_detector,raw,0.38,0.18,0.2,9.162263689948996e-05,50,win
simWind_test.mat,simWind_test.mat#89,89,0.0003,tpsscs_finished_detector,raw,0.52,0.2,0.32,0.0002901383501817,50,win
simWind_test.mat,simWind_test.mat#89,89,0.001,tpsscs_finished_detector,raw,0.76,0.32,0.44,0.0009925785664111,50,win
simWind_test.mat,simWind_test.mat#89,89,0.003,tpsscs_finished_detector,raw,0.94,0.44,0.49999999999999994,0.0029930061387166,50,win
simWind_test.mat,simWind_test.mat#89,89,0.01,tpsscs_finished_detector,raw,0.98,0.48,0.5,0.0099868674220444,50,win
simWind_test.mat,simWind_test.mat#9,9,1e-05,tpsscs_finished_detector,raw,0.2608695652173913,0.0434782608695652,0.2173913043478261,0.0,23,win
simWind_test.mat,simWind_test.mat#9,9,3e-05,tpsscs_finished_detector,raw,0.3043478260869565,0.0434782608695652,0.2608695652173913,1.526414604734938e-05,23,win
simWind_test.mat,simWind_test.mat#9,9,0.0001,tpsscs_finished_detector,raw,0.4782608695652174,0.0869565217391304,0.39130434782608703,9.158487628409628e-05,23,win
simWind_test.mat,simWind_test.mat#9,9,0.0003,tpsscs_finished_detector,raw,0.782608695652174,0.0869565217391304,0.6956521739130436,0.0002900187748996,23,win
simWind_test.mat,simWind_test.mat#9,9,0.001,tpsscs_finished_detector,raw,0.8695652173913043,0.1304347826086956,0.7391304347826088,0.0009921694930777,23,win
simWind_test.mat,simWind_test.mat#9,9,0.003,tpsscs_finished_detector,raw,0.9130434782608696,0.3478260869565217,0.5652173913043479,0.0029917726252804,23,win
simWind_test.mat,simWind_test.mat#9,9,0.01,tpsscs_finished_detector,raw,0.9130434782608696,0.6086956521739131,0.30434782608695654,0.0099980156610138,23,win
simWind_test.mat,simWind_test.mat#90,90,1e-05,tpsscs_finished_detector,raw,0.3333333333333333,0.0666666666666666,0.2666666666666667,0.0,15,win
simWind_test.mat,simWind_test.mat#90,90,3e-05,tpsscs_finished_detector,raw,0.5333333333333333,0.1333333333333333,0.4,1.5262282321698386e-05,15,win
simWind_test.mat,simWind_test.mat#90,90,0.0001,tpsscs_finished_detector,raw,0.5333333333333333,0.1333333333333333,0.4,9.157369393019031e-05,15,win
simWind_test.mat,simWind_test.mat#90,90,0.0003,tpsscs_finished_detector,raw,0.5333333333333333,0.2666666666666666,0.2666666666666667,0.0002899833641122,15,win
simWind_test.mat,simWind_test.mat#90,90,0.001,tpsscs_finished_detector,raw,0.5333333333333333,0.3333333333333333,0.2,0.0009920483509103,15,win
simWind_test.mat,simWind_test.mat#90,90,0.003,tpsscs_finished_detector,raw,0.6,0.3333333333333333,0.26666666666666666,0.0029914073350528,15,win
simWind_test.mat,simWind_test.mat#90,90,0.01,tpsscs_finished_detector,raw,0.6666666666666666,0.4666666666666667,0.19999999999999996,0.0099967949207124,15,win
simWind_test.mat,simWind_test.mat#91,91,1e-05,tpsscs_finished_detector,raw,0.0434782608695652,0.0434782608695652,0.0,0.0,46,tie
simWind_test.mat,simWind_test.mat#91,91,3e-05,tpsscs_finished_detector,raw,0.0434782608695652,0.0434782608695652,0.0,1.5269506794930524e-05,46,tie
simWind_test.mat,simWind_test.mat#91,91,0.0001,tpsscs_finished_detector,raw,0.3260869565217391,0.1956521739130435,0.1304347826086956,9.161704076958314e-05,46,win
simWind_test.mat,simWind_test.mat#91,91,0.0003,tpsscs_finished_detector,raw,0.4782608695652174,0.3695652173913043,0.10869565217391308,0.0002901206291036,46,win
simWind_test.mat,simWind_test.mat#91,91,0.001,tpsscs_finished_detector,raw,0.7391304347826086,0.5,0.23913043478260865,0.0009925179416704,46,win
simWind_test.mat,simWind_test.mat#91,91,0.003,tpsscs_finished_detector,raw,0.8043478260869565,0.5652173913043478,0.23913043478260876,0.0029928233318063,46,win
simWind_test.mat,simWind_test.mat#91,91,0.01,tpsscs_finished_detector,raw,0.8260869565217391,0.6956521739130435,0.13043478260869568,0.0099862574438845,46,win
simWind_test.mat,simWind_test.mat#92,92,1e-05,tpsscs_finished_detector,raw,0.1147540983606557,0.0983606557377049,0.016393442622950796,0.0,61,win
simWind_test.mat,simWind_test.mat#92,92,3e-05,tpsscs_finished_detector,raw,0.1147540983606557,0.1475409836065573,-0.03278688524590159,1.527300496372661e-05,61,loss
simWind_test.mat,simWind_test.mat#92,92,0.0001,tpsscs_finished_detector,raw,0.3114754098360656,0.1639344262295081,0.14754098360655749,9.163802978235968e-05,61,win
simWind_test.mat,simWind_test.mat#92,92,0.0003,tpsscs_finished_detector,raw,0.4754098360655737,0.2295081967213114,0.2459016393442623,0.0002901870943108,61,win
simWind_test.mat,simWind_test.mat#92,92,0.001,tpsscs_finished_detector,raw,0.7377049180327869,0.3114754098360656,0.42622950819672134,0.0009927453226422,61,win
simWind_test.mat,simWind_test.mat#92,92,0.003,tpsscs_finished_detector,raw,0.918032786885246,0.4262295081967213,0.49180327868852475,0.0029935089728904,61,win
simWind_test.mat,simWind_test.mat#92,92,0.01,tpsscs_finished_detector,raw,0.9508196721311476,0.5737704918032787,0.37704918032786894,0.0099885452462772,61,win
simWind_test.mat,simWind_test.mat#93,93,1e-05,tpsscs_finished_detector,raw,0.1587301587301587,0.0952380952380952,0.06349206349206349,0.0,63,win
simWind_test.mat,simWind_test.mat#93,93,3e-05,tpsscs_finished_detector,raw,0.1587301587301587,0.1269841269841269,0.0317460317460318,1.5273471507338904e-05,63,win
simWind_test.mat,simWind_test.mat#93,93,0.0001,tpsscs_finished_detector,raw,0.2222222222222222,0.1587301587301587,0.06349206349206352,9.16408290440334e-05,63,win
simWind_test.mat,simWind_test.mat#93,93,0.0003,tpsscs_finished_detector,raw,0.4603174603174603,0.2222222222222222,0.23809523809523808,0.0002901959586394,63,win
simWind_test.mat,simWind_test.mat#93,93,0.001,tpsscs_finished_detector,raw,0.6031746031746031,0.3809523809523809,0.22222222222222227,0.000992775647977,63,win
simWind_test.mat,simWind_test.mat#93,93,0.003,tpsscs_finished_detector,raw,0.7301587301587301,0.4761904761904761,0.253968253968254,0.0029936004154384,63,win
simWind_test.mat,simWind_test.mat#93,93,0.01,tpsscs_finished_detector,raw,0.7936507936507936,0.6349206349206349,0.15873015873015872,0.0099888503657996,63,win
simWind_test.mat,simWind_test.mat#94,94,1e-05,tpsscs_finished_detector,raw,0.2,0.2,0.0,0.0,20,tie
simWind_test.mat,simWind_test.mat#94,94,3e-05,tpsscs_finished_detector,raw,0.3,0.25,0.04999999999999999,1.5263447096892362e-05,20,win
simWind_test.mat,simWind_test.mat#94,94,0.0001,tpsscs_finished_detector,raw,0.3,0.4,-0.10000000000000003,9.158068258135418e-05,20,loss
simWind_test.mat,simWind_test.mat#94,94,0.0003,tpsscs_finished_detector,raw,0.3,0.45,-0.15000000000000002,0.0002900054948409,20,loss
simWind_test.mat,simWind_test.mat#94,94,0.001,tpsscs_finished_detector,raw,0.45,0.55,-0.10000000000000003,0.000992124061298,20,loss
simWind_test.mat,simWind_test.mat#94,94,0.003,tpsscs_finished_detector,raw,0.5,0.55,-0.050000000000000044,0.0029916356309909,20,loss
simWind_test.mat,simWind_test.mat#94,94,0.01,tpsscs_finished_detector,raw,0.55,0.65,-0.09999999999999998,0.0099975578484644,20,loss
simWind_test.mat,simWind_test.mat#95,95,1e-05,tpsscs_finished_detector,raw,0.3235294117647059,0.0294117647058823,0.2941176470588236,0.0,34,win
simWind_test.mat,simWind_test.mat#95,95,3e-05,tpsscs_finished_detector,raw,0.3235294117647059,0.0588235294117647,0.2647058823529412,1.5266709413453023e-05,34,win
simWind_test.mat,simWind_test.mat#95,95,0.0001,tpsscs_finished_detector,raw,0.4117647058823529,0.088235294117647,0.32352941176470595,9.160025648071816e-05,34,win
simWind_test.mat,simWind_test.mat#95,95,0.0003,tpsscs_finished_detector,raw,0.5588235294117647,0.1470588235294117,0.41176470588235303,0.0002900674788556,34,win
simWind_test.mat,simWind_test.mat#95,95,0.001,tpsscs_finished_detector,raw,0.7058823529411765,0.2058823529411764,0.5000000000000001,0.0009923361118744,34,win
simWind_test.mat,simWind_test.mat#95,95,0.003,tpsscs_finished_detector,raw,0.8529411764705882,0.3823529411764705,0.4705882352941177,0.0029922750450367,34,win
simWind_test.mat,simWind_test.mat#95,95,0.01,tpsscs_finished_detector,raw,0.9411764705882352,0.4705882352941176,0.4705882352941176,0.0099996946658117,34,win
simWind_test.mat,simWind_test.mat#97,97,1e-05,tpsscs_finished_detector,raw,0.1,0.0333333333333333,0.06666666666666671,0.0,60,win
simWind_test.mat,simWind_test.mat#97,97,3e-05,tpsscs_finished_detector,raw,0.1666666666666666,0.0833333333333333,0.0833333333333333,1.527277170260859e-05,60,win
simWind_test.mat,simWind_test.mat#97,97,0.0001,tpsscs_finished_detector,raw,0.2166666666666666,0.1333333333333333,0.08333333333333329,9.163663021565152e-05,60,win
simWind_test.mat,simWind_test.mat#97,97,0.0003,tpsscs_finished_detector,raw,0.4,0.2833333333333333,0.1166666666666667,0.0002901826623495,60,win
simWind_test.mat,simWind_test.mat#97,97,0.001,tpsscs_finished_detector,raw,0.6666666666666666,0.4666666666666667,0.19999999999999996,0.0009927301606695,60,win
simWind_test.mat,simWind_test.mat#97,97,0.003,tpsscs_finished_detector,raw,0.7666666666666667,0.6166666666666667,0.15000000000000002,0.0029934632537112,60,win
simWind_test.mat,simWind_test.mat#97,97,0.01,tpsscs_finished_detector,raw,0.9166666666666666,0.7833333333333333,0.1333333333333333,0.009988392693506,60,win
simWind_test.mat,simWind_test.mat#99,99,1e-05,tpsscs_finished_detector,raw,0.2,0.1,0.1,0.0,40,win
simWind_test.mat,simWind_test.mat#99,99,3e-05,tpsscs_finished_detector,raw,0.25,0.125,0.125,1.5268107976059605e-05,40,win
simWind_test.mat,simWind_test.mat#99,99,0.0001,tpsscs_finished_detector,raw,0.375,0.15,0.225,9.160864785635764e-05,40,win
simWind_test.mat,simWind_test.mat#99,99,0.0003,tpsscs_finished_detector,raw,0.575,0.175,0.39999999999999997,0.0002900940515451,40,win
simWind_test.mat,simWind_test.mat#99,99,0.001,tpsscs_finished_detector,raw,0.65,0.25,0.4,0.0009924270184438,40,win
simWind_test.mat,simWind_test.mat#99,99,0.003,tpsscs_finished_detector,raw,0.8,0.3,0.5,0.0029925491633076,40,win
simWind_test.mat,simWind_test.mat#99,99,0.01,tpsscs_finished_detector,raw,0.825,0.525,0.29999999999999993,0.0099853426163429,40,win
simMed_test.mat,simMed_test.mat#0,0,1e-05,tpsscs_finished_detector,low_rank_residual_k30,0.1627906976744186,0.1395348837209302,0.023255813953488386,0.0,43,win
simMed_test.mat,simMed_test.mat#0,0,3e-05,tpsscs_finished_detector,low_rank_residual_k30,0.1627906976744186,0.1395348837209302,0.023255813953488386,1.526880735345762e-05,43,win
simMed_test.mat,simMed_test.mat#0,0,0.0001,tpsscs_finished_detector,low_rank_residual_k30,0.2558139534883721,0.2325581395348837,0.023255813953488413,9.161284412074572e-05,43,win
simMed_test.mat,simMed_test.mat#0,0,0.0003,tpsscs_finished_detector,low_rank_residual_k30,0.4883720930232558,0.4651162790697674,0.023255813953488413,0.0002901073397156,43,win
simMed_test.mat,simMed_test.mat#0,0,0.001,tpsscs_finished_detector,low_rank_residual_k30,0.7906976744186046,0.7674418604651163,0.023255813953488302,0.0009924724779747,43,win
simMed_test.mat,simMed_test.mat#0,0,0.003,tpsscs_finished_detector,low_rank_residual_k30,0.9767441860465116,0.9534883720930232,0.023255813953488413,0.0029926862412776,43,win
simMed_test.mat,simMed_test.mat#0,0,0.01,tpsscs_finished_detector,low_rank_residual_k30,0.9767441860465116,0.9534883720930232,0.023255813953488413,0.0099858000091612,43,win
simMed_test.mat,simMed_test.mat#100,100,1e-05,tpsscs_finished_detector,low_rank_residual_k30,0.1698113207547169,0.0943396226415094,0.07547169811320749,0.0,53,win
simMed_test.mat,simMed_test.mat#100,100,3e-05,tpsscs_finished_detector,low_rank_residual_k30,0.2075471698113207,0.1320754716981132,0.0754716981132075,1.527113907426355e-05,53,win
simMed_test.mat,simMed_test.mat#100,100,0.0001,tpsscs_finished_detector,low_rank_residual_k30,0.320754716981132,0.2641509433962264,0.05660377358490559,9.16268344455813e-05,53,win
simMed_test.mat,simMed_test.mat#100,100,0.0003,tpsscs_finished_detector,low_rank_residual_k30,0.4716981132075472,0.4150943396226415,0.0566037735849057,0.000290151642411,53,win
simMed_test.mat,simMed_test.mat#100,100,0.001,tpsscs_finished_detector,low_rank_residual_k30,0.8113207547169812,0.7735849056603774,0.037735849056603765,0.0009926240398271,53,win
simMed_test.mat,simMed_test.mat#100,100,0.003,tpsscs_finished_detector,low_rank_residual_k30,0.8867924528301887,0.8490566037735849,0.037735849056603765,0.0029931432585556,53,win
simMed_test.mat,simMed_test.mat#100,100,0.01,tpsscs_finished_detector,low_rank_residual_k30,0.9433962264150944,0.9433962264150944,0.0,0.0099873249545683,53,tie
simMed_test.mat,simMed_test.mat#101,101,1e-05,tpsscs_finished_detector,low_rank_residual_k30,0.0980392156862745,0.0196078431372549,0.07843137254901959,0.0,51,win
simMed_test.mat,simMed_test.mat#101,101,3e-05,tpsscs_finished_detector,low_rank_residual_k30,0.1176470588235294,0.0392156862745098,0.07843137254901959,1.527067267313125e-05,51,win
simMed_test.mat,simMed_test.mat#101,101,0.0001,tpsscs_finished_detector,low_rank_residual_k30,0.2941176470588235,0.2549019607843137,0.039215686274509776,9.16240360387875e-05,51,win
simMed_test.mat,simMed_test.mat#101,101,0.0003,tpsscs_finished_detector,low_rank_residual_k30,0.4509803921568627,0.4509803921568627,0.0,0.0002901427807894,51,tie
simMed_test.mat,simMed_test.mat#101,101,0.001,tpsscs_finished_detector,low_rank_residual_k30,0.6862745098039216,0.6862745098039216,0.0,0.0009925937237535,51,tie
simMed_test.mat,simMed_test.mat#101,101,0.003,tpsscs_finished_detector,low_rank_residual_k30,0.8823529411764706,0.8823529411764706,0.0,0.0029930518439337,51,tie
simMed_test.mat,simMed_test.mat#101,101,0.01,tpsscs_finished_detector,low_rank_residual_k30,0.8823529411764706,0.8823529411764706,0.0,0.0099870199282278,51,tie
simMed_test.mat,simMed_test.mat#102,102,1e-05,tpsscs_finished_detector,low_rank_residual_k30,0.2051282051282051,0.0769230769230769,0.1282051282051282,0.0,39,win
simMed_test.mat,simMed_test.mat#102,102,3e-05,tpsscs_finished_detector,low_rank_residual_k30,0.2051282051282051,0.0769230769230769,0.1282051282051282,1.526787486449761e-05,39,win
simMed_test.mat,simMed_test.mat#102,102,0.0001,tpsscs_finished_detector,low_rank_residual_k30,0.358974358974359,0.282051282051282,0.07692307692307698,9.160724918698568e-05,39,win
simMed_test.mat,simMed_test.mat#102,102,0.0003,tpsscs_finished_detector,low_rank_residual_k30,0.4358974358974359,0.4358974358974359,0.0,0.0002900896224254,39,tie
simMed_test.mat,simMed_test.mat#102,102,0.001,tpsscs_finished_detector,low_rank_residual_k30,0.717948717948718,0.717948717948718,0.0,0.0009924118661923,39,tie
simMed_test.mat,simMed_test.mat#102,102,0.003,tpsscs_finished_detector,low_rank_residual_k30,0.7948717948717948,0.7948717948717948,0.0,0.0029925034734415,39,tie
simMed_test.mat,simMed_test.mat#102,102,0.01,tpsscs_finished_detector,low_rank_residual_k30,0.8717948717948718,0.8717948717948718,0.0,0.0099851901613814,39,tie
simMed_test.mat,simMed_test.mat#104,104,1e-05,tpsscs_finished_detector,low_rank_residual_k30,0.32,0.12,0.2,0.0,25,win
simMed_test.mat,simMed_test.mat#104,104,3e-05,tpsscs_finished_detector,low_rank_residual_k30,0.36,0.16,0.19999999999999998,1.526461204988475e-05,25,win
simMed_test.mat,simMed_test.mat#104,104,0.0001,tpsscs_finished_detector,low_rank_residual_k30,0.52,0.32,0.2,9.158767229930853e-05,25,win
simMed_test.mat,simMed_test.mat#104,104,0.0003,tpsscs_finished_detector,low_rank_residual_k30,0.72,0.52,0.19999999999999996,0.0002900276289478,25,win
simMed_test.mat,simMed_test.mat#104,104,0.001,tpsscs_finished_detector,low_rank_residual_k30,0.8,0.6,0.20000000000000007,0.0009921997832425,25,win
simMed_test.mat,simMed_test.mat#104,104,0.003,tpsscs_finished_detector,low_rank_residual_k30,0.8,0.64,0.16000000000000003,0.0029918639617774,25,win
simMed_test.mat,simMed_test.mat#104,104,0.01,tpsscs_finished_detector,low_rank_residual_k30,0.88,0.72,0.16000000000000003,0.0099983208926745,25,win
simMed_test.mat,simMed_test.mat#105,105,1e-05,tpsscs_finished_detector,low_rank_residual_k30,0.1923076923076923,0.1153846153846153,0.076923076923077,0.0,26,win
simMed_test.mat,simMed_test.mat#105,105,3e-05,tpsscs_finished_detector,low_rank_residual_k30,0.2692307692307692,0.1923076923076923,0.07692307692307693,1.5264845061822624e-05,26,win
simMed_test.mat,simMed_test.mat#105,105,0.0001,tpsscs_finished_detector,low_rank_residual_k30,0.5,0.4230769230769231,0.07692307692307693,9.158907037093572e-05,26,win
simMed_test.mat,simMed_test.mat#105,105,0.0003,tpsscs_finished_detector,low_rank_residual_k30,0.6153846153846154,0.5384615384615384,0.07692307692307698,0.0002900320561746,26,win
simMed_test.mat,simMed_test.mat#105,105,0.001,tpsscs_finished_detector,low_rank_residual_k30,0.8076923076923077,0.7307692307692307,0.07692307692307698,0.0009922149290184,26,win
simMed_test.mat,simMed_test.mat#105,105,0.003,tpsscs_finished_detector,low_rank_residual_k30,0.8846153846153846,0.8076923076923077,0.07692307692307687,0.0029919096321172,26,win
simMed_test.mat,simMed_test.mat#105,105,0.01,tpsscs_finished_detector,low_rank_residual_k30,0.8846153846153846,0.8461538461538461,0.038461538461538436,0.0099984735154938,26,win
simMed_test.mat,simMed_test.mat#107,107,1e-05,tpsscs_finished_detector,low_rank_residual_k30,0.1224489795918367,0.0408163265306122,0.0816326530612245,0.0,49,win
simMed_test.mat,simMed_test.mat#107,107,3e-05,tpsscs_finished_detector,low_rank_residual_k30,0.1428571428571428,0.0612244897959183,0.0816326530612245,1.5270206300487118e-05,49,win
simMed_test.mat,simMed_test.mat#107,107,0.0001,tpsscs_finished_detector,low_rank_residual_k30,0.3061224489795918,0.2857142857142857,0.02040816326530609,9.162123780292272e-05,49,win
simMed_test.mat,simMed_test.mat#107,107,0.0003,tpsscs_finished_detector,low_rank_residual_k30,0.4693877551020408,0.4489795918367347,0.02040816326530609,0.0002901339197092,49,win
simMed_test.mat,simMed_test.mat#107,107,0.001,tpsscs_finished_detector,low_rank_residual_k30,0.6530612244897959,0.6326530612244898,0.020408163265306034,0.0009925634095316,49,win
simMed_test.mat,simMed_test.mat#107,107,0.003,tpsscs_finished_detector,low_rank_residual_k30,0.7142857142857143,0.7142857142857143,0.0,0.0029929604348954,49,tie
simMed_test.mat,simMed_test.mat#107,107,0.01,tpsscs_finished_detector,low_rank_residual_k30,0.8571428571428571,0.8571428571428571,0.0,0.0099867149205185,49,tie
simMed_test.mat,simMed_test.mat#108,108,1e-05,tpsscs_finished_detector,low_rank_residual_k30,0.24,0.16,0.07999999999999999,0.0,25,win
simMed_test.mat,simMed_test.mat#108,108,3e-05,tpsscs_finished_detector,low_rank_residual_k30,0.28,0.2,0.08000000000000002,1.526461204988475e-05,25,win
simMed_test.mat,simMed_test.mat#108,108,0.0001,tpsscs_finished_detector,low_rank_residual_k30,0.32,0.28,0.03999999999999998,9.158767229930853e-05,25,win
simMed_test.mat,simMed_test.mat#108,108,0.0003,tpsscs_finished_detector,low_rank_residual_k30,0.64,0.6,0.040000000000000036,0.0002900276289478,25,win
simMed_test.mat,simMed_test.mat#108,108,0.001,tpsscs_finished_detector,low_rank_residual_k30,0.68,0.68,0.0,0.0009921997832425,25,tie
simMed_test.mat,simMed_test.mat#108,108,0.003,tpsscs_finished_detector,low_rank_residual_k30,0.92,0.92,0.0,0.0029918639617774,25,tie
simMed_test.mat,simMed_test.mat#108,108,0.01,tpsscs_finished_detector,low_rank_residual_k30,0.92,0.92,0.0,0.0099983208926745,25,tie
simMed_test.mat,simMed_test.mat#11,11,1e-05,tpsscs_finished_detector,low_rank_residual_k30,0.1379310344827586,0.1034482758620689,0.034482758620689696,0.0,58,win
simMed_test.mat,simMed_test.mat#11,11,3e-05,tpsscs_finished_detector,low_rank_residual_k30,0.1896551724137931,0.1551724137931034,0.034482758620689696,1.527230520174715e-05,58,win
simMed_test.mat,simMed_test.mat#11,11,0.0001,tpsscs_finished_detector,low_rank_residual_k30,0.3620689655172414,0.3275862068965517,0.03448275862068967,9.163383121048293e-05,58,win
simMed_test.mat,simMed_test.mat#11,11,0.0003,tpsscs_finished_detector,low_rank_residual_k30,0.4655172413793103,0.4310344827586206,0.03448275862068967,0.0002901737988331,58,win
simMed_test.mat,simMed_test.mat#11,11,0.001,tpsscs_finished_detector,low_rank_residual_k30,0.7068965517241379,0.6724137931034483,0.03448275862068961,0.0009926998381135,58,win
simMed_test.mat,simMed_test.mat#11,11,0.003,tpsscs_finished_detector,low_rank_residual_k30,0.8448275862068966,0.8103448275862069,0.034482758620689724,0.0029933718195424,58,win
simMed_test.mat,simMed_test.mat#11,11,0.01,tpsscs_finished_detector,low_rank_residual_k30,0.913793103448276,0.896551724137931,0.017241379310344973,0.0099880876019426,58,win
simMed_test.mat,simMed_test.mat#110,110,1e-05,tpsscs_finished_detector,low_rank_residual_k30,0.1111111111111111,0.0476190476190476,0.0634920634920635,0.0,63,win
simMed_test.mat,simMed_test.mat#110,110,3e-05,tpsscs_finished_detector,low_rank_residual_k30,0.1428571428571428,0.0793650793650793,0.06349206349206349,1.5273471507338904e-05,63,win
simMed_test.mat,simMed_test.mat#110,110,0.0001,tpsscs_finished_detector,low_rank_residual_k30,0.2539682539682539,0.1904761904761904,0.06349206349206349,9.16408290440334e-05,63,win
simMed_test.mat,simMed_test.mat#110,110,0.0003,tpsscs_finished_detector,low_rank_residual_k30,0.4285714285714285,0.365079365079365,0.06349206349206349,0.0002901959586394,63,win
simMed_test.mat,simMed_test.mat#110,110,0.001,tpsscs_finished_detector,low_rank_residual_k30,0.6984126984126984,0.6349206349206349,0.06349206349206349,0.000992775647977,63,win
simMed_test.mat,simMed_test.mat#110,110,0.003,tpsscs_finished_detector,low_rank_residual_k30,0.9206349206349206,0.873015873015873,0.04761904761904756,0.0029936004154384,63,win
simMed_test.mat,simMed_test.mat#110,110,0.01,tpsscs_finished_detector,low_rank_residual_k30,0.9682539682539684,0.9365079365079364,0.031746031746031966,0.0099888503657996,63,win
simMed_test.mat,simMed_test.mat#111,111,1e-05,tpsscs_finished_detector,low_rank_residual_k30,0.1162790697674418,0.1162790697674418,0.0,0.0,43,tie
simMed_test.mat,simMed_test.mat#111,111,3e-05,tpsscs_finished_detector,low_rank_residual_k30,0.1395348837209302,0.1395348837209302,0.0,1.526880735345762e-05,43,tie
simMed_test.mat,simMed_test.mat#111,111,0.0001,tpsscs_finished_detector,low_rank_residual_k30,0.2325581395348837,0.2325581395348837,0.0,9.161284412074572e-05,43,tie
simMed_test.mat,simMed_test.mat#111,111,0.0003,tpsscs_finished_detector,low_rank_residual_k30,0.4651162790697674,0.4651162790697674,0.0,0.0002901073397156,43,tie
simMed_test.mat,simMed_test.mat#111,111,0.001,tpsscs_finished_detector,low_rank_residual_k30,0.5813953488372093,0.5813953488372093,0.0,0.0009924724779747,43,tie
simMed_test.mat,simMed_test.mat#111,111,0.003,tpsscs_finished_detector,low_rank_residual_k30,0.6976744186046512,0.6976744186046512,0.0,0.0029926862412776,43,tie
simMed_test.mat,simMed_test.mat#111,111,0.01,tpsscs_finished_detector,low_rank_residual_k30,0.7674418604651163,0.7674418604651163,0.0,0.0099858000091612,43,tie
simMed_test.mat,simMed_test.mat#112,112,1e-05,tpsscs_finished_detector,low_rank_residual_k30,0.1276595744680851,0.1063829787234042,0.021276595744680896,0.0,47,win
simMed_test.mat,simMed_test.mat#112,112,3e-05,tpsscs_finished_detector,low_rank_residual_k30,0.1489361702127659,0.1276595744680851,0.0212765957446808,1.5269739956328543e-05,47,win
simMed_test.mat,simMed_test.mat#112,112,0.0001,tpsscs_finished_detector,low_rank_residual_k30,0.3829787234042553,0.3617021276595745,0.021276595744680826,9.161843973797126e-05,47,win
simMed_test.mat,simMed_test.mat#112,112,0.0003,tpsscs_finished_detector,low_rank_residual_k30,0.4680851063829787,0.4468085106382978,0.021276595744680882,0.0002901250591702,47,win
simMed_test.mat,simMed_test.mat#112,112,0.001,tpsscs_finished_detector,low_rank_residual_k30,0.7021276595744681,0.6808510638297872,0.021276595744680882,0.0009925330971613,47,win
simMed_test.mat,simMed_test.mat#112,112,0.003,tpsscs_finished_detector,low_rank_residual_k30,0.8936170212765957,0.8723404255319149,0.02127659574468077,0.0029928690314403,47,win
simMed_test.mat,simMed_test.mat#112,112,0.01,tpsscs_finished_detector,low_rank_residual_k30,0.9361702127659576,0.9148936170212766,0.021276595744680993,0.0099864099314388,47,win
simMed_test.mat,simMed_test.mat#113,113,1e-05,tpsscs_finished_detector,low_rank_residual_k30,0.1428571428571428,0.0,0.1428571428571428,0.0,14,win
simMed_test.mat,simMed_test.mat#113,113,3e-05,tpsscs_finished_detector,low_rank_residual_k30,0.2857142857142857,0.1428571428571428,0.1428571428571429,1.5262049387991818e-05,14,win
simMed_test.mat,simMed_test.mat#113,113,0.0001,tpsscs_finished_detector,low_rank_residual_k30,0.3571428571428571,0.2142857142857142,0.1428571428571429,9.157229632795092e-05,14,win
simMed_test.mat,simMed_test.mat#113,113,0.0003,tpsscs_finished_detector,low_rank_residual_k30,0.5,0.3571428571428571,0.1428571428571429,0.0002899789383718,14,win
simMed_test.mat,simMed_test.mat#113,113,0.001,tpsscs_finished_detector,low_rank_residual_k30,0.5,0.3571428571428571,0.1428571428571429,0.0009920332102194,14,win
simMed_test.mat,simMed_test.mat#113,113,0.003,tpsscs_finished_detector,low_rank_residual_k30,0.5,0.3571428571428571,0.1428571428571429,0.0029913616800463,14,win
simMed_test.mat,simMed_test.mat#113,113,0.01,tpsscs_finished_detector,low_rank_residual_k30,0.5,0.3571428571428571,0.1428571428571429,0.0099966423491346,14,win
simMed_test.mat,simMed_test.mat#114,114,1e-05,tpsscs_finished_detector,low_rank_residual_k30,0.25,0.1388888888888889,0.1111111111111111,0.0,36,win
simMed_test.mat,simMed_test.mat#114,114,3e-05,tpsscs_finished_detector,low_rank_residual_k30,0.3333333333333333,0.2777777777777778,0.055555555555555525,1.5267175572519083e-05,36,win
simMed_test.mat,simMed_test.mat#114,114,0.0001,tpsscs_finished_detector,low_rank_residual_k30,0.4166666666666667,0.4166666666666667,0.0,9.16030534351145e-05,36,tie
simMed_test.mat,simMed_test.mat#114,114,0.0003,tpsscs_finished_detector,low_rank_residual_k30,0.6111111111111112,0.6111111111111112,0.0,0.0002900763358778,36,tie
simMed_test.mat,simMed_test.mat#114,114,0.001,tpsscs_finished_detector,low_rank_residual_k30,0.75,0.75,0.0,0.0009923664122137,36,tie
simMed_test.mat,simMed_test.mat#114,114,0.003,tpsscs_finished_detector,low_rank_residual_k30,0.9166666666666666,0.9166666666666666,0.0,0.0029923664122137,36,tie
simMed_test.mat,simMed_test.mat#114,114,0.01,tpsscs_finished_detector,low_rank_residual_k30,0.9444444444444444,0.9444444444444444,0.0,0.01,36,tie
simMed_test.mat,simMed_test.mat#115,115,1e-05,tpsscs_finished_detector,low_rank_residual_k30,0.0909090909090909,0.0909090909090909,0.0,0.0,22,tie
simMed_test.mat,simMed_test.mat#115,115,3e-05,tpsscs_finished_detector,low_rank_residual_k30,0.0909090909090909,0.0909090909090909,0.0,1.5263913056751228e-05,22,tie
simMed_test.mat,simMed_test.mat#115,115,0.0001,tpsscs_finished_detector,low_rank_residual_k30,0.1363636363636363,0.1363636363636363,0.0,9.158347834050736e-05,22,tie
simMed_test.mat,simMed_test.mat#115,115,0.0003,tpsscs_finished_detector,low_rank_residual_k30,0.2727272727272727,0.2727272727272727,0.0,0.0002900143480782,22,tie
simMed_test.mat,simMed_test.mat#115,115,0.001,tpsscs_finished_detector,low_rank_residual_k30,0.4545454545454545,0.4545454545454545,0.0,0.0009921543486888,22,tie
simMed_test.mat,simMed_test.mat#115,115,0.003,tpsscs_finished_detector,low_rank_residual_k30,0.5454545454545454,0.5454545454545454,0.0,0.0029917269591232,22,tie
simMed_test.mat,simMed_test.mat#115,115,0.01,tpsscs_finished_detector,low_rank_residual_k30,0.7272727272727273,0.7272727272727273,0.0,0.009997863052172,22,tie
simMed_test.mat,simMed_test.mat#116,116,1e-05,tpsscs_finished_detector,low_rank_residual_k30,0.037037037037037,0.0,0.037037037037037,0.0,27,win
simMed_test.mat,simMed_test.mat#116,116,3e-05,tpsscs_finished_detector,low_rank_residual_k30,0.074074074074074,0.037037037037037,0.037037037037037,1.5265078080874384e-05,27,win
simMed_test.mat,simMed_test.mat#116,116,0.0001,tpsscs_finished_detector,low_rank_residual_k30,0.2222222222222222,0.1851851851851851,0.03703703703703712,9.15904684852463e-05,27,win
simMed_test.mat,simMed_test.mat#116,116,0.0003,tpsscs_finished_detector,low_rank_residual_k30,0.5185185185185185,0.5185185185185185,0.0,0.0002900364835366,27,tie
simMed_test.mat,simMed_test.mat#116,116,0.001,tpsscs_finished_detector,low_rank_residual_k30,0.8148148148148148,0.8148148148148148,0.0,0.0009922300752568,27,tie
simMed_test.mat,simMed_test.mat#116,116,0.003,tpsscs_finished_detector,low_rank_residual_k30,0.8888888888888888,0.8888888888888888,0.0,0.0029919553038513,27,tie
simMed_test.mat,simMed_test.mat#116,116,0.01,tpsscs_finished_detector,low_rank_residual_k30,0.9629629629629628,0.9629629629629628,0.0,0.0099986261429727,27,tie
simMed_test.mat,simMed_test.mat#117,117,1e-05,tpsscs_finished_detector,low_rank_residual_k30,0.125,0.1071428571428571,0.017857142857142905,0.0,56,win
simMed_test.mat,simMed_test.mat#117,117,3e-05,tpsscs_finished_detector,low_rank_residual_k30,0.125,0.1071428571428571,0.017857142857142905,1.5271838729383018e-05,56,win
simMed_test.mat,simMed_test.mat#117,117,0.0001,tpsscs_finished_detector,low_rank_residual_k30,0.2142857142857142,0.1964285714285714,0.017857142857142794,9.163103237629813e-05,56,win
simMed_test.mat,simMed_test.mat#117,117,0.0003,tpsscs_finished_detector,low_rank_residual_k30,0.3392857142857143,0.3214285714285714,0.017857142857142905,0.0002901649358582,56,win
simMed_test.mat,simMed_test.mat#117,117,0.001,tpsscs_finished_detector,low_rank_residual_k30,0.6071428571428571,0.5892857142857143,0.017857142857142794,0.0009926695174098,56,win
simMed_test.mat,simMed_test.mat#117,117,0.003,tpsscs_finished_detector,low_rank_residual_k30,0.8928571428571429,0.8928571428571429,0.0,0.002993280390959,56,tie
simMed_test.mat,simMed_test.mat#117,117,0.01,tpsscs_finished_detector,low_rank_residual_k30,0.9464285714285714,0.9464285714285714,0.0,0.0099877825290164,56,tie
simMed_test.mat,simMed_test.mat#118,118,1e-05,tpsscs_finished_detector,low_rank_residual_k30,0.1052631578947368,0.087719298245614,0.017543859649122792,0.0,57,win
simMed_test.mat,simMed_test.mat#118,118,3e-05,tpsscs_finished_detector,low_rank_residual_k30,0.1052631578947368,0.087719298245614,0.017543859649122792,1.5272071962003084e-05,57,win
simMed_test.mat,simMed_test.mat#118,118,0.0001,tpsscs_finished_detector,low_rank_residual_k30,0.2280701754385964,0.2105263157894736,0.017543859649122806,9.163243177201852e-05,57,win
simMed_test.mat,simMed_test.mat#118,118,0.0003,tpsscs_finished_detector,low_rank_residual_k30,0.4035087719298245,0.3859649122807017,0.017543859649122806,0.000290169367278,57,win
simMed_test.mat,simMed_test.mat#118,118,0.001,tpsscs_finished_detector,low_rank_residual_k30,0.6491228070175439,0.6491228070175439,0.0,0.0009926846775302,57,tie
simMed_test.mat,simMed_test.mat#118,118,0.003,tpsscs_finished_detector,low_rank_residual_k30,0.7894736842105263,0.7894736842105263,0.0,0.0029933261045526,57,tie
simMed_test.mat,simMed_test.mat#118,118,0.01,tpsscs_finished_detector,low_rank_residual_k30,0.912280701754386,0.912280701754386,0.0,0.00998793506315,57,tie
simMed_test.mat,simMed_test.mat#12,12,1e-05,tpsscs_finished_detector,low_rank_residual_k30,0.1578947368421052,0.0350877192982456,0.1228070175438596,0.0,57,win
simMed_test.mat,simMed_test.mat#12,12,3e-05,tpsscs_finished_detector,low_rank_residual_k30,0.1578947368421052,0.0350877192982456,0.1228070175438596,1.5272071962003084e-05,57,win
simMed_test.mat,simMed_test.mat#12,12,0.0001,tpsscs_finished_detector,low_rank_residual_k30,0.3157894736842105,0.2280701754385964,0.08771929824561411,9.163243177201852e-05,57,win
simMed_test.mat,simMed_test.mat#12,12,0.0003,tpsscs_finished_detector,low_rank_residual_k30,0.4561403508771929,0.3859649122807017,0.07017543859649122,0.000290169367278,57,win
simMed_test.mat,simMed_test.mat#12,12,0.001,tpsscs_finished_detector,low_rank_residual_k30,0.6140350877192983,0.6140350877192983,0.0,0.0009926846775302,57,tie
simMed_test.mat,simMed_test.mat#12,12,0.003,tpsscs_finished_detector,low_rank_residual_k30,0.7719298245614035,0.7719298245614035,0.0,0.0029933261045526,57,tie
simMed_test.mat,simMed_test.mat#12,12,0.01,tpsscs_finished_detector,low_rank_residual_k30,0.8596491228070176,0.8596491228070176,0.0,0.00998793506315,57,tie
simMed_test.mat,simMed_test.mat#121,121,1e-05,tpsscs_finished_detector,low_rank_residual_k30,0.1081081081081081,0.081081081081081,0.027027027027027098,0.0,37,win
simMed_test.mat,simMed_test.mat#121,121,3e-05,tpsscs_finished_detector,low_rank_residual_k30,0.1621621621621621,0.1351351351351351,0.027027027027027,1.5267408662727676e-05,37,win
simMed_test.mat,simMed_test.mat#121,121,0.0001,tpsscs_finished_detector,low_rank_residual_k30,0.2972972972972973,0.2702702702702703,0.02702702702702703,9.160445197636606e-05,37,win
simMed_test.mat,simMed_test.mat#121,121,0.0003,tpsscs_finished_detector,low_rank_residual_k30,0.5675675675675675,0.5405405405405406,0.027027027027026973,0.0002900807645918,37,win
simMed_test.mat,simMed_test.mat#121,121,0.001,tpsscs_finished_detector,low_rank_residual_k30,0.7567567567567568,0.7297297297297297,0.027027027027027084,0.0009923815630772,37,win
simMed_test.mat,simMed_test.mat#121,121,0.003,tpsscs_finished_detector,low_rank_residual_k30,0.8918918918918919,0.8648648648648649,0.027027027027026973,0.0029924120978946,37,win
simMed_test.mat,simMed_test.mat#121,121,0.01,tpsscs_finished_detector,low_rank_residual_k30,0.918918918918919,0.8918918918918919,0.027027027027027084,0.0099848852654238,37,win
simMed_test.mat,simMed_test.mat#122,122,1e-05,tpsscs_finished_detector,low_rank_residual_k30,0.1333333333333333,0.0666666666666666,0.06666666666666671,0.0,15,win
simMed_test.mat,simMed_test.mat#122,122,3e-05,tpsscs_finished_detector,low_rank_residual_k30,0.2,0.1333333333333333,0.06666666666666671,1.5262282321698386e-05,15,win
simMed_test.mat,simMed_test.mat#122,122,0.0001,tpsscs_finished_detector,low_rank_residual_k30,0.3333333333333333,0.2666666666666666,0.06666666666666671,9.157369393019031e-05,15,win
simMed_test.mat,simMed_test.mat#122,122,0.0003,tpsscs_finished_detector,low_rank_residual_k30,0.4,0.3333333333333333,0.06666666666666671,0.0002899833641122,15,win
simMed_test.mat,simMed_test.mat#122,122,0.001,tpsscs_finished_detector,low_rank_residual_k30,0.5333333333333333,0.4666666666666667,0.06666666666666665,0.0009920483509103,15,win
simMed_test.mat,simMed_test.mat#122,122,0.003,tpsscs_finished_detector,low_rank_residual_k30,0.6666666666666666,0.6,0.06666666666666665,0.0029914073350528,15,win
simMed_test.mat,simMed_test.mat#122,122,0.01,tpsscs_finished_detector,low_rank_residual_k30,0.6666666666666666,0.6,0.06666666666666665,0.0099967949207124,15,win
simMed_test.mat,simMed_test.mat#123,123,1e-05,tpsscs_finished_detector,low_rank_residual_k30,0.1428571428571428,0.0952380952380952,0.04761904761904759,0.0,42,win
simMed_test.mat,simMed_test.mat#123,123,3e-05,tpsscs_finished_detector,low_rank_residual_k30,0.1428571428571428,0.0952380952380952,0.04761904761904759,1.5268574220539285e-05,42,win
simMed_test.mat,simMed_test.mat#123,123,0.0001,tpsscs_finished_detector,low_rank_residual_k30,0.3809523809523809,0.3333333333333333,0.04761904761904756,9.161144532323573e-05,42,win
simMed_test.mat,simMed_test.mat#123,123,0.0003,tpsscs_finished_detector,low_rank_residual_k30,0.5476190476190477,0.5,0.04761904761904767,0.0002901029101902,42,win
simMed_test.mat,simMed_test.mat#123,123,0.001,tpsscs_finished_detector,low_rank_residual_k30,0.7380952380952381,0.6904761904761905,0.04761904761904767,0.000992457324335,42,win
simMed_test.mat,simMed_test.mat#123,123,0.003,tpsscs_finished_detector,low_rank_residual_k30,0.9047619047619048,0.8809523809523809,0.023809523809523836,0.0029926405472257,42,win
simMed_test.mat,simMed_test.mat#123,123,0.01,tpsscs_finished_detector,low_rank_residual_k30,0.9761904761904762,0.9523809523809524,0.023809523809523725,0.0099856475402326,42,win
simMed_test.mat,simMed_test.mat#124,124,1e-05,tpsscs_finished_detector,low_rank_residual_k30,0.0,0.0,0.0,0.0,25,tie
simMed_test.mat,simMed_test.mat#124,124,3e-05,tpsscs_finished_detector,low_rank_residual_k30,0.2,0.2,0.0,1.526461204988475e-05,25,tie
simMed_test.mat,simMed_test.mat#124,124,0.0001,tpsscs_finished_detector,low_rank_residual_k30,0.32,0.32,0.0,9.158767229930853e-05,25,tie
simMed_test.mat,simMed_test.mat#124,124,0.0003,tpsscs_finished_detector,low_rank_residual_k30,0.44,0.44,0.0,0.0002900276289478,25,tie
simMed_test.mat,simMed_test.mat#124,124,0.001,tpsscs_finished_detector,low_rank_residual_k30,0.52,0.52,0.0,0.0009921997832425,25,tie
simMed_test.mat,simMed_test.mat#124,124,0.003,tpsscs_finished_detector,low_rank_residual_k30,0.56,0.56,0.0,0.0029918639617774,25,tie
simMed_test.mat,simMed_test.mat#124,124,0.01,tpsscs_finished_detector,low_rank_residual_k30,0.6,0.6,0.0,0.0099983208926745,25,tie
simMed_test.mat,simMed_test.mat#125,125,1e-05,tpsscs_finished_detector,low_rank_residual_k30,0.288135593220339,0.1864406779661017,0.1016949152542373,0.0,59,win
simMed_test.mat,simMed_test.mat#125,125,3e-05,tpsscs_finished_detector,low_rank_residual_k30,0.288135593220339,0.1864406779661017,0.1016949152542373,1.5272538448615544e-05,59,win
simMed_test.mat,simMed_test.mat#125,125,0.0001,tpsscs_finished_detector,low_rank_residual_k30,0.3559322033898305,0.2542372881355932,0.1016949152542373,9.163523069169329e-05,59,win
simMed_test.mat,simMed_test.mat#125,125,0.0003,tpsscs_finished_detector,low_rank_residual_k30,0.423728813559322,0.3728813559322034,0.05084745762711862,0.0002901782305236,59,win
simMed_test.mat,simMed_test.mat#125,125,0.001,tpsscs_finished_detector,low_rank_residual_k30,0.6101694915254238,0.6101694915254238,0.0,0.00099271499916,59,tie
simMed_test.mat,simMed_test.mat#125,125,0.003,tpsscs_finished_detector,low_rank_residual_k30,0.7796610169491526,0.7796610169491526,0.0,0.0029934175359286,59,tie
simMed_test.mat,simMed_test.mat#125,125,0.01,tpsscs_finished_detector,low_rank_residual_k30,0.9661016949152542,0.9661016949152542,0.0,0.0099882401453945,59,tie
simMed_test.mat,simMed_test.mat#126,126,1e-05,tpsscs_finished_detector,low_rank_residual_k30,0.1923076923076923,0.1153846153846153,0.076923076923077,0.0,26,win
simMed_test.mat,simMed_test.mat#126,126,3e-05,tpsscs_finished_detector,low_rank_residual_k30,0.2692307692307692,0.1923076923076923,0.07692307692307693,1.5264845061822624e-05,26,win
simMed_test.mat,simMed_test.mat#126,126,0.0001,tpsscs_finished_detector,low_rank_residual_k30,0.5,0.4230769230769231,0.07692307692307693,9.158907037093572e-05,26,win
simMed_test.mat,simMed_test.mat#126,126,0.0003,tpsscs_finished_detector,low_rank_residual_k30,0.5384615384615384,0.4615384615384615,0.07692307692307693,0.0002900320561746,26,win
simMed_test.mat,simMed_test.mat#126,126,0.001,tpsscs_finished_detector,low_rank_residual_k30,0.6153846153846154,0.5769230769230769,0.03846153846153855,0.0009922149290184,26,win
simMed_test.mat,simMed_test.mat#126,126,0.003,tpsscs_finished_detector,low_rank_residual_k30,0.6923076923076923,0.6538461538461539,0.038461538461538436,0.0029919096321172,26,win
simMed_test.mat,simMed_test.mat#126,126,0.01,tpsscs_finished_detector,low_rank_residual_k30,0.7692307692307693,0.7692307692307693,0.0,0.0099984735154938,26,tie
simMed_test.mat,simMed_test.mat#127,127,1e-05,tpsscs_finished_detector,low_rank_residual_k30,0.2121212121212121,0.0606060606060606,0.1515151515151515,0.0,33,win
simMed_test.mat,simMed_test.mat#127,127,3e-05,tpsscs_finished_detector,low_rank_residual_k30,0.2424242424242424,0.0909090909090909,0.1515151515151515,1.5266476344594905e-05,33,win
simMed_test.mat,simMed_test.mat#127,127,0.0001,tpsscs_finished_detector,low_rank_residual_k30,0.4545454545454545,0.3333333333333333,0.12121212121212116,9.159885806756944e-05,33,win
simMed_test.mat,simMed_test.mat#127,127,0.0003,tpsscs_finished_detector,low_rank_residual_k30,0.6363636363636364,0.5151515151515151,0.12121212121212122,0.0002900630505473,33,win
simMed_test.mat,simMed_test.mat#127,127,0.001,tpsscs_finished_detector,low_rank_residual_k30,0.8181818181818182,0.696969696969697,0.12121212121212122,0.0009923209623986,33,win
simMed_test.mat,simMed_test.mat#127,127,0.003,tpsscs_finished_detector,low_rank_residual_k30,0.9090909090909092,0.8181818181818182,0.09090909090909094,0.0029922293635406,33,win
simMed_test.mat,simMed_test.mat#127,127,0.01,tpsscs_finished_detector,low_rank_residual_k30,0.9090909090909092,0.8181818181818182,0.09090909090909094,0.0099995420057096,33,win
simMed_test.mat,simMed_test.mat#13,13,1e-05,tpsscs_finished_detector,low_rank_residual_k30,0.2941176470588235,0.1764705882352941,0.11764705882352938,0.0,17,win
simMed_test.mat,simMed_test.mat#13,13,3e-05,tpsscs_finished_detector,low_rank_residual_k30,0.4117647058823529,0.2941176470588235,0.11764705882352944,1.526274821044277e-05,17,win
simMed_test.mat,simMed_test.mat#13,13,0.0001,tpsscs_finished_detector,low_rank_residual_k30,0.5882352941176471,0.4705882352941176,0.1176470588235295,9.157648926265664e-05,17,win
simMed_test.mat,simMed_test.mat#13,13,0.0003,tpsscs_finished_detector,low_rank_residual_k30,0.5882352941176471,0.4705882352941176,0.1176470588235295,0.0002899922159984,17,win
simMed_test.mat,simMed_test.mat#13,13,0.001,tpsscs_finished_detector,low_rank_residual_k30,0.7647058823529411,0.6470588235294118,0.11764705882352933,0.0009920786336787,17,win
simMed_test.mat,simMed_test.mat#13,13,0.003,tpsscs_finished_detector,low_rank_residual_k30,0.7647058823529411,0.7058823529411765,0.05882352941176461,0.0029914986492467,17,win
simMed_test.mat,simMed_test.mat#13,13,0.01,tpsscs_finished_detector,low_rank_residual_k30,0.7647058823529411,0.7058823529411765,0.05882352941176461,0.00999710007784,17,win
simMed_test.mat,simMed_test.mat#14,14,1e-05,tpsscs_finished_detector,low_rank_residual_k30,0.2,0.0,0.2,0.0,30,win
simMed_test.mat,simMed_test.mat#14,14,3e-05,tpsscs_finished_detector,low_rank_residual_k30,0.4,0.2,0.2,1.526577718071627e-05,30,win
simMed_test.mat,simMed_test.mat#14,14,0.0001,tpsscs_finished_detector,low_rank_residual_k30,0.4666666666666667,0.3666666666666666,0.10000000000000009,9.159466308429762e-05,30,win
simMed_test.mat,simMed_test.mat#14,14,0.0003,tpsscs_finished_detector,low_rank_residual_k30,0.6,0.5333333333333333,0.06666666666666665,0.0002900497664336,30,win
simMed_test.mat,simMed_test.mat#14,14,0.001,tpsscs_finished_detector,low_rank_residual_k30,0.7,0.7,0.0,0.0009922755167465,30,tie
simMed_test.mat,simMed_test.mat#14,14,0.003,tpsscs_finished_detector,low_rank_residual_k30,0.8333333333333334,0.8333333333333334,0.0,0.0029920923274203,30,tie
simMed_test.mat,simMed_test.mat#14,14,0.01,tpsscs_finished_detector,low_rank_residual_k30,0.8666666666666667,0.8666666666666667,0.0,0.0099990840533691,30,tie
simMed_test.mat,simMed_test.mat#15,15,1e-05,tpsscs_finished_detector,low_rank_residual_k30,0.1860465116279069,0.1395348837209302,0.04651162790697669,0.0,43,win
simMed_test.mat,simMed_test.mat#15,15,3e-05,tpsscs_finished_detector,low_rank_residual_k30,0.1860465116279069,0.1395348837209302,0.04651162790697669,1.526880735345762e-05,43,win
simMed_test.mat,simMed_test.mat#15,15,0.0001,tpsscs_finished_detector,low_rank_residual_k30,0.2325581395348837,0.1860465116279069,0.0465116279069768,9.161284412074572e-05,43,win
simMed_test.mat,simMed_test.mat#15,15,0.0003,tpsscs_finished_detector,low_rank_residual_k30,0.4418604651162791,0.4418604651162791,0.0,0.0002901073397156,43,tie
simMed_test.mat,simMed_test.mat#15,15,0.001,tpsscs_finished_detector,low_rank_residual_k30,0.7441860465116279,0.7441860465116279,0.0,0.0009924724779747,43,tie
simMed_test.mat,simMed_test.mat#15,15,0.003,tpsscs_finished_detector,low_rank_residual_k30,0.8604651162790697,0.8604651162790697,0.0,0.0029926862412776,43,tie
simMed_test.mat,simMed_test.mat#15,15,0.01,tpsscs_finished_detector,low_rank_residual_k30,0.9302325581395348,0.9302325581395348,0.0,0.0099858000091612,43,tie
simMed_test.mat,simMed_test.mat#16,16,1e-05,tpsscs_finished_detector,low_rank_residual_k30,0.3043478260869565,0.217391304347826,0.08695652173913049,0.0,23,win
simMed_test.mat,simMed_test.mat#16,16,3e-05,tpsscs_finished_detector,low_rank_residual_k30,0.3043478260869565,0.217391304347826,0.08695652173913049,1.526414604734938e-05,23,win
simMed_test.mat,simMed_test.mat#16,16,0.0001,tpsscs_finished_detector,low_rank_residual_k30,0.4347826086956521,0.3478260869565217,0.08695652173913043,9.158487628409628e-05,23,win
simMed_test.mat,simMed_test.mat#16,16,0.0003,tpsscs_finished_detector,low_rank_residual_k30,0.5652173913043478,0.4782608695652174,0.08695652173913038,0.0002900187748996,23,win
simMed_test.mat,simMed_test.mat#16,16,0.001,tpsscs_finished_detector,low_rank_residual_k30,0.6086956521739131,0.5217391304347826,0.08695652173913049,0.0009921694930777,23,win
simMed_test.mat,simMed_test.mat#16,16,0.003,tpsscs_finished_detector,low_rank_residual_k30,0.6086956521739131,0.5217391304347826,0.08695652173913049,0.0029917726252804,23,win
simMed_test.mat,simMed_test.mat#16,16,0.01,tpsscs_finished_detector,low_rank_residual_k30,0.6521739130434783,0.5652173913043478,0.08695652173913049,0.0099980156610138,23,win
simMed_test.mat,simMed_test.mat#17,17,1e-05,tpsscs_finished_detector,low_rank_residual_k30,0.2413793103448276,0.1379310344827586,0.103448275862069,0.0,29,win
simMed_test.mat,simMed_test.mat#17,17,3e-05,tpsscs_finished_detector,low_rank_residual_k30,0.3103448275862069,0.2068965517241379,0.103448275862069,1.5265544140320883e-05,29,win
simMed_test.mat,simMed_test.mat#17,17,0.0001,tpsscs_finished_detector,low_rank_residual_k30,0.3448275862068966,0.2413793103448276,0.10344827586206898,9.159326484192528e-05,29,win
simMed_test.mat,simMed_test.mat#17,17,0.0003,tpsscs_finished_detector,low_rank_residual_k30,0.4827586206896552,0.3793103448275862,0.103448275862069,0.000290045338666,29,win
simMed_test.mat,simMed_test.mat#17,17,0.001,tpsscs_finished_detector,low_rank_residual_k30,0.5862068965517241,0.4827586206896552,0.1034482758620689,0.0009922603691208,29,win
simMed_test.mat,simMed_test.mat#17,17,0.003,tpsscs_finished_detector,low_rank_residual_k30,0.6551724137931034,0.5517241379310345,0.10344827586206895,0.0029920466515028,29,win
simMed_test.mat,simMed_test.mat#17,17,0.01,tpsscs_finished_detector,low_rank_residual_k30,0.6896551724137931,0.5862068965517241,0.10344827586206906,0.0099989314119101,29,win
simMed_test.mat,simMed_test.mat#18,18,1e-05,tpsscs_finished_detector,low_rank_residual_k30,0.2307692307692307,0.0384615384615384,0.1923076923076923,0.0,52,win
simMed_test.mat,simMed_test.mat#18,18,3e-05,tpsscs_finished_detector,low_rank_residual_k30,0.2884615384615384,0.0961538461538461,0.1923076923076923,1.5270905870136215e-05,52,win
simMed_test.mat,simMed_test.mat#18,18,0.0001,tpsscs_finished_detector,low_rank_residual_k30,0.4230769230769231,0.2884615384615384,0.1346153846153847,9.16254352208173e-05,52,win
simMed_test.mat,simMed_test.mat#18,18,0.0003,tpsscs_finished_detector,low_rank_residual_k30,0.5961538461538461,0.4615384615384615,0.13461538461538464,0.0002901472115325,52,win
simMed_test.mat,simMed_test.mat#18,18,0.001,tpsscs_finished_detector,low_rank_residual_k30,0.7692307692307693,0.6346153846153846,0.1346153846153847,0.0009926088815588,52,win
simMed_test.mat,simMed_test.mat#18,18,0.003,tpsscs_finished_detector,low_rank_residual_k30,0.9230769230769232,0.8269230769230769,0.09615384615384637,0.0029930975505466,52,win
simMed_test.mat,simMed_test.mat#18,18,0.01,tpsscs_finished_detector,low_rank_residual_k30,0.9423076923076924,0.9230769230769232,0.019230769230769162,0.009987172439069,52,win
simMed_test.mat,simMed_test.mat#19,19,1e-05,tpsscs_finished_detector,low_rank_residual_k30,0.125,0.0833333333333333,0.0416666666666667,0.0,24,win
simMed_test.mat,simMed_test.mat#19,19,3e-05,tpsscs_finished_detector,low_rank_residual_k30,0.25,0.2083333333333333,0.04166666666666671,1.5264379045060447e-05,24,win
simMed_test.mat,simMed_test.mat#19,19,0.0001,tpsscs_finished_detector,low_rank_residual_k30,0.3333333333333333,0.2916666666666667,0.04166666666666663,9.158627427036267e-05,24,win
simMed_test.mat,simMed_test.mat#19,19,0.0003,tpsscs_finished_detector,low_rank_residual_k30,0.5833333333333334,0.5416666666666666,0.04166666666666674,0.0002900232018561,24,win
simMed_test.mat,simMed_test.mat#19,19,0.001,tpsscs_finished_detector,low_rank_residual_k30,0.6666666666666666,0.625,0.04166666666666663,0.0009921846379289,24,win
simMed_test.mat,simMed_test.mat#19,19,0.003,tpsscs_finished_detector,low_rank_residual_k30,0.75,0.7083333333333334,0.04166666666666663,0.0029918182928318,24,win
simMed_test.mat,simMed_test.mat#19,19,0.01,tpsscs_finished_detector,low_rank_residual_k30,0.875,0.8333333333333334,0.04166666666666663,0.0099981682745145,24,win
simMed_test.mat,simMed_test.mat#20,20,1e-05,tpsscs_finished_detector,low_rank_residual_k30,0.0833333333333333,0.0,0.0833333333333333,0.0,24,win
simMed_test.mat,simMed_test.mat#20,20,3e-05,tpsscs_finished_detector,low_rank_residual_k30,0.125,0.0416666666666666,0.0833333333333334,1.5264379045060447e-05,24,win
simMed_test.mat,simMed_test.mat#20,20,0.0001,tpsscs_finished_detector,low_rank_residual_k30,0.2916666666666667,0.2083333333333333,0.0833333333333334,9.158627427036267e-05,24,win
simMed_test.mat,simMed_test.mat#20,20,0.0003,tpsscs_finished_detector,low_rank_residual_k30,0.3333333333333333,0.25,0.08333333333333331,0.0002900232018561,24,win
simMed_test.mat,simMed_test.mat#20,20,0.001,tpsscs_finished_detector,low_rank_residual_k30,0.5,0.4166666666666667,0.08333333333333331,0.0009921846379289,24,win
simMed_test.mat,simMed_test.mat#20,20,0.003,tpsscs_finished_detector,low_rank_residual_k30,0.625,0.5416666666666666,0.08333333333333337,0.0029918182928318,24,win
simMed_test.mat,simMed_test.mat#20,20,0.01,tpsscs_finished_detector,low_rank_residual_k30,0.7083333333333334,0.625,0.08333333333333337,0.0099981682745145,24,win
simMed_test.mat,simMed_test.mat#21,21,1e-05,tpsscs_finished_detector,low_rank_residual_k30,0.4117647058823529,0.2352941176470588,0.17647058823529413,0.0,17,win
simMed_test.mat,simMed_test.mat#21,21,3e-05,tpsscs_finished_detector,low_rank_residual_k30,0.4705882352941176,0.2941176470588235,0.1764705882352941,1.526274821044277e-05,17,win
simMed_test.mat,simMed_test.mat#21,21,0.0001,tpsscs_finished_detector,low_rank_residual_k30,0.7058823529411765,0.5294117647058824,0.17647058823529416,9.157648926265664e-05,17,win
simMed_test.mat,simMed_test.mat#21,21,0.0003,tpsscs_finished_detector,low_rank_residual_k30,0.7058823529411765,0.5294117647058824,0.17647058823529416,0.0002899922159984,17,win
simMed_test.mat,simMed_test.mat#21,21,0.001,tpsscs_finished_detector,low_rank_residual_k30,0.8235294117647058,0.6470588235294118,0.17647058823529405,0.0009920786336787,17,win
simMed_test.mat,simMed_test.mat#21,21,0.003,tpsscs_finished_detector,low_rank_residual_k30,0.8235294117647058,0.6470588235294118,0.17647058823529405,0.0029914986492467,17,win
simMed_test.mat,simMed_test.mat#21,21,0.01,tpsscs_finished_detector,low_rank_residual_k30,0.8823529411764706,0.7058823529411765,0.17647058823529405,0.00999710007784,17,win
simMed_test.mat,simMed_test.mat#22,22,1e-05,tpsscs_finished_detector,low_rank_residual_k30,0.2307692307692307,0.0384615384615384,0.1923076923076923,0.0,52,win
simMed_test.mat,simMed_test.mat#22,22,3e-05,tpsscs_finished_detector,low_rank_residual_k30,0.3076923076923077,0.1923076923076923,0.11538461538461542,1.5270905870136215e-05,52,win
simMed_test.mat,simMed_test.mat#22,22,0.0001,tpsscs_finished_detector,low_rank_residual_k30,0.3461538461538461,0.2692307692307692,0.07692307692307687,9.16254352208173e-05,52,win
simMed_test.mat,simMed_test.mat#22,22,0.0003,tpsscs_finished_detector,low_rank_residual_k30,0.5192307692307693,0.4615384615384615,0.057692307692307765,0.0002901472115325,52,win
simMed_test.mat,simMed_test.mat#22,22,0.001,tpsscs_finished_detector,low_rank_residual_k30,0.6923076923076923,0.6538461538461539,0.038461538461538436,0.0009926088815588,52,win
simMed_test.mat,simMed_test.mat#22,22,0.003,tpsscs_finished_detector,low_rank_residual_k30,0.903846153846154,0.8846153846153846,0.019230769230769384,0.0029930975505466,52,win
simMed_test.mat,simMed_test.mat#22,22,0.01,tpsscs_finished_detector,low_rank_residual_k30,0.9615384615384616,0.9615384615384616,0.0,0.009987172439069,52,tie
simMed_test.mat,simMed_test.mat#23,23,1e-05,tpsscs_finished_detector,low_rank_residual_k30,0.0909090909090909,0.0545454545454545,0.0363636363636364,0.0,55,win
simMed_test.mat,simMed_test.mat#23,23,3e-05,tpsscs_finished_detector,low_rank_residual_k30,0.1272727272727272,0.0909090909090909,0.036363636363636306,1.5271605503886624e-05,55,win
simMed_test.mat,simMed_test.mat#23,23,0.0001,tpsscs_finished_detector,low_rank_residual_k30,0.2363636363636363,0.2,0.03636363636363629,9.162963302331974e-05,55,win
simMed_test.mat,simMed_test.mat#23,23,0.0003,tpsscs_finished_detector,low_rank_residual_k30,0.3818181818181818,0.3454545454545454,0.036363636363636376,0.0002901605045738,55,win
simMed_test.mat,simMed_test.mat#23,23,0.001,tpsscs_finished_detector,low_rank_residual_k30,0.6727272727272727,0.6545454545454545,0.018181818181818188,0.0009926543577526,55,win
simMed_test.mat,simMed_test.mat#23,23,0.003,tpsscs_finished_detector,low_rank_residual_k30,0.8545454545454545,0.8545454545454545,0.0,0.0029932346787617,55,tie
simMed_test.mat,simMed_test.mat#23,23,0.01,tpsscs_finished_detector,low_rank_residual_k30,0.9090909090909092,0.9090909090909092,0.0,0.0099876299995418,55,tie
simMed_test.mat,simMed_test.mat#24,24,1e-05,tpsscs_finished_detector,low_rank_residual_k30,0.1081081081081081,0.054054054054054,0.0540540540540541,0.0,37,win
simMed_test.mat,simMed_test.mat#24,24,3e-05,tpsscs_finished_detector,low_rank_residual_k30,0.1621621621621621,0.1081081081081081,0.05405405405405399,1.5267408662727676e-05,37,win
simMed_test.mat,simMed_test.mat#24,24,0.0001,tpsscs_finished_detector,low_rank_residual_k30,0.3243243243243243,0.2702702702702703,0.054054054054054,9.160445197636606e-05,37,win
simMed_test.mat,simMed_test.mat#24,24,0.0003,tpsscs_finished_detector,low_rank_residual_k30,0.5405405405405406,0.4864864864864865,0.05405405405405406,0.0002900807645918,37,win
simMed_test.mat,simMed_test.mat#24,24,0.001,tpsscs_finished_detector,low_rank_residual_k30,0.7837837837837838,0.7297297297297297,0.05405405405405406,0.0009923815630772,37,win
simMed_test.mat,simMed_test.mat#24,24,0.003,tpsscs_finished_detector,low_rank_residual_k30,0.8648648648648649,0.8108108108108109,0.05405405405405406,0.0029924120978946,37,win
simMed_test.mat,simMed_test.mat#24,24,0.01,tpsscs_finished_detector,low_rank_residual_k30,0.918918918918919,0.8918918918918919,0.027027027027027084,0.0099848852654238,37,win
simMed_test.mat,simMed_test.mat#25,25,1e-05,tpsscs_finished_detector,low_rank_residual_k30,0.1,0.0,0.1,0.0,30,win
simMed_test.mat,simMed_test.mat#25,25,3e-05,tpsscs_finished_detector,low_rank_residual_k30,0.2,0.1,0.1,1.526577718071627e-05,30,win
simMed_test.mat,simMed_test.mat#25,25,0.0001,tpsscs_finished_detector,low_rank_residual_k30,0.2666666666666666,0.2,0.0666666666666666,9.159466308429762e-05,30,win
simMed_test.mat,simMed_test.mat#25,25,0.0003,tpsscs_finished_detector,low_rank_residual_k30,0.5,0.4333333333333333,0.06666666666666671,0.0002900497664336,30,win
simMed_test.mat,simMed_test.mat#25,25,0.001,tpsscs_finished_detector,low_rank_residual_k30,0.7,0.6666666666666666,0.033333333333333326,0.0009922755167465,30,win
simMed_test.mat,simMed_test.mat#25,25,0.003,tpsscs_finished_detector,low_rank_residual_k30,0.9,0.9,0.0,0.0029920923274203,30,tie
simMed_test.mat,simMed_test.mat#25,25,0.01,tpsscs_finished_detector,low_rank_residual_k30,0.9666666666666668,0.9666666666666668,0.0,0.0099990840533691,30,tie
simMed_test.mat,simMed_test.mat#26,26,1e-05,tpsscs_finished_detector,low_rank_residual_k30,0.0634920634920634,0.0317460317460317,0.0317460317460317,0.0,63,win
simMed_test.mat,simMed_test.mat#26,26,3e-05,tpsscs_finished_detector,low_rank_residual_k30,0.1269841269841269,0.0952380952380952,0.03174603174603169,1.5273471507338904e-05,63,win
simMed_test.mat,simMed_test.mat#26,26,0.0001,tpsscs_finished_detector,low_rank_residual_k30,0.3492063492063492,0.3174603174603174,0.0317460317460318,9.16408290440334e-05,63,win
simMed_test.mat,simMed_test.mat#26,26,0.0003,tpsscs_finished_detector,low_rank_residual_k30,0.365079365079365,0.3333333333333333,0.03174603174603169,0.0002901959586394,63,win
simMed_test.mat,simMed_test.mat#26,26,0.001,tpsscs_finished_detector,low_rank_residual_k30,0.746031746031746,0.7142857142857143,0.031746031746031744,0.000992775647977,63,win
simMed_test.mat,simMed_test.mat#26,26,0.003,tpsscs_finished_detector,low_rank_residual_k30,0.9047619047619048,0.8888888888888888,0.015873015873015928,0.0029936004154384,63,win
simMed_test.mat,simMed_test.mat#26,26,0.01,tpsscs_finished_detector,low_rank_residual_k30,0.9047619047619048,0.9047619047619048,0.0,0.0099888503657996,63,tie
simMed_test.mat,simMed_test.mat#27,27,1e-05,tpsscs_finished_detector,low_rank_residual_k30,0.1525423728813559,0.0169491525423728,0.13559322033898308,0.0,59,win
simMed_test.mat,simMed_test.mat#27,27,3e-05,tpsscs_finished_detector,low_rank_residual_k30,0.1864406779661017,0.0508474576271186,0.1355932203389831,1.5272538448615544e-05,59,win
simMed_test.mat,simMed_test.mat#27,27,0.0001,tpsscs_finished_detector,low_rank_residual_k30,0.288135593220339,0.1525423728813559,0.1355932203389831,9.163523069169329e-05,59,win
simMed_test.mat,simMed_test.mat#27,27,0.0003,tpsscs_finished_detector,low_rank_residual_k30,0.5084745762711864,0.4576271186440678,0.05084745762711862,0.0002901782305236,59,win
simMed_test.mat,simMed_test.mat#27,27,0.001,tpsscs_finished_detector,low_rank_residual_k30,0.6949152542372882,0.6779661016949152,0.016949152542372947,0.00099271499916,59,win
simMed_test.mat,simMed_test.mat#27,27,0.003,tpsscs_finished_detector,low_rank_residual_k30,0.8305084745762712,0.8305084745762712,0.0,0.0029934175359286,59,tie
simMed_test.mat,simMed_test.mat#27,27,0.01,tpsscs_finished_detector,low_rank_residual_k30,0.847457627118644,0.847457627118644,0.0,0.0099882401453945,59,tie
simMed_test.mat,simMed_test.mat#28,28,1e-05,tpsscs_finished_detector,low_rank_residual_k30,0.1923076923076923,0.0769230769230769,0.11538461538461539,0.0,26,win
simMed_test.mat,simMed_test.mat#28,28,3e-05,tpsscs_finished_detector,low_rank_residual_k30,0.2307692307692307,0.1153846153846153,0.1153846153846154,1.5264845061822624e-05,26,win
simMed_test.mat,simMed_test.mat#28,28,0.0001,tpsscs_finished_detector,low_rank_residual_k30,0.4615384615384615,0.3461538461538461,0.11538461538461542,9.158907037093572e-05,26,win
simMed_test.mat,simMed_test.mat#28,28,0.0003,tpsscs_finished_detector,low_rank_residual_k30,0.5384615384615384,0.4230769230769231,0.11538461538461536,0.0002900320561746,26,win
simMed_test.mat,simMed_test.mat#28,28,0.001,tpsscs_finished_detector,low_rank_residual_k30,0.7307692307692307,0.6153846153846154,0.11538461538461531,0.0009922149290184,26,win
simMed_test.mat,simMed_test.mat#28,28,0.003,tpsscs_finished_detector,low_rank_residual_k30,0.8076923076923077,0.6923076923076923,0.11538461538461542,0.0029919096321172,26,win
simMed_test.mat,simMed_test.mat#28,28,0.01,tpsscs_finished_detector,low_rank_residual_k30,1.0,0.9615384615384616,0.038461538461538436,0.0099984735154938,26,win
simMed_test.mat,simMed_test.mat#29,29,1e-05,tpsscs_finished_detector,low_rank_residual_k30,0.1538461538461538,0.1153846153846153,0.038461538461538505,0.0,26,win
simMed_test.mat,simMed_test.mat#29,29,3e-05,tpsscs_finished_detector,low_rank_residual_k30,0.1923076923076923,0.1538461538461538,0.03846153846153849,1.5264845061822624e-05,26,win
simMed_test.mat,simMed_test.mat#29,29,0.0001,tpsscs_finished_detector,low_rank_residual_k30,0.3076923076923077,0.2692307692307692,0.03846153846153849,9.158907037093572e-05,26,win
simMed_test.mat,simMed_test.mat#29,29,0.0003,tpsscs_finished_detector,low_rank_residual_k30,0.3461538461538461,0.3076923076923077,0.03846153846153838,0.0002900320561746,26,win
simMed_test.mat,simMed_test.mat#29,29,0.001,tpsscs_finished_detector,low_rank_residual_k30,0.3846153846153846,0.3461538461538461,0.03846153846153849,0.0009922149290184,26,win
simMed_test.mat,simMed_test.mat#29,29,0.003,tpsscs_finished_detector,low_rank_residual_k30,0.5384615384615384,0.5,0.038461538461538436,0.0029919096321172,26,win
simMed_test.mat,simMed_test.mat#29,29,0.01,tpsscs_finished_detector,low_rank_residual_k30,0.5384615384615384,0.5,0.038461538461538436,0.0099984735154938,26,win
simMed_test.mat,simMed_test.mat#3,3,1e-05,tpsscs_finished_detector,low_rank_residual_k30,0.25,0.1071428571428571,0.1428571428571429,0.0,28,win
simMed_test.mat,simMed_test.mat#3,3,3e-05,tpsscs_finished_detector,low_rank_residual_k30,0.25,0.1071428571428571,0.1428571428571429,1.526531110704036e-05,28,win
simMed_test.mat,simMed_test.mat#3,3,0.0001,tpsscs_finished_detector,low_rank_residual_k30,0.3928571428571428,0.25,0.1428571428571428,9.159186664224217e-05,28,win
simMed_test.mat,simMed_test.mat#3,3,0.0003,tpsscs_finished_detector,low_rank_residual_k30,0.5714285714285714,0.5357142857142857,0.0357142857142857,0.0002900409110337,28,win
simMed_test.mat,simMed_test.mat#3,3,0.001,tpsscs_finished_detector,low_rank_residual_k30,0.75,0.75,0.0,0.0009922452219576,28,tie
simMed_test.mat,simMed_test.mat#3,3,0.003,tpsscs_finished_detector,low_rank_residual_k30,0.8571428571428571,0.8571428571428571,0.0,0.0029920009769799,28,tie
simMed_test.mat,simMed_test.mat#3,3,0.01,tpsscs_finished_detector,low_rank_residual_k30,0.8928571428571429,0.8928571428571429,0.0,0.0099987787751114,28,tie
simMed_test.mat,simMed_test.mat#31,31,1e-05,tpsscs_finished_detector,low_rank_residual_k30,0.08,0.04,0.04,0.0,25,win
simMed_test.mat,simMed_test.mat#31,31,3e-05,tpsscs_finished_detector,low_rank_residual_k30,0.2,0.16,0.04000000000000001,1.526461204988475e-05,25,win
simMed_test.mat,simMed_test.mat#31,31,0.0001,tpsscs_finished_detector,low_rank_residual_k30,0.36,0.32,0.03999999999999998,9.158767229930853e-05,25,win
simMed_test.mat,simMed_test.mat#31,31,0.0003,tpsscs_finished_detector,low_rank_residual_k30,0.64,0.6,0.040000000000000036,0.0002900276289478,25,win
simMed_test.mat,simMed_test.mat#31,31,0.001,tpsscs_finished_detector,low_rank_residual_k30,0.68,0.64,0.040000000000000036,0.0009921997832425,25,win
simMed_test.mat,simMed_test.mat#31,31,0.003,tpsscs_finished_detector,low_rank_residual_k30,0.72,0.68,0.039999999999999925,0.0029918639617774,25,win
simMed_test.mat,simMed_test.mat#31,31,0.01,tpsscs_finished_detector,low_rank_residual_k30,0.72,0.68,0.039999999999999925,0.0099983208926745,25,win
simMed_test.mat,simMed_test.mat#32,32,1e-05,tpsscs_finished_detector,low_rank_residual_k30,0.1481481481481481,0.074074074074074,0.07407407407407411,0.0,27,win
simMed_test.mat,simMed_test.mat#32,32,3e-05,tpsscs_finished_detector,low_rank_residual_k30,0.2962962962962963,0.2222222222222222,0.07407407407407407,1.5265078080874384e-05,27,win
simMed_test.mat,simMed_test.mat#32,32,0.0001,tpsscs_finished_detector,low_rank_residual_k30,0.4444444444444444,0.3703703703703703,0.07407407407407413,9.15904684852463e-05,27,win
simMed_test.mat,simMed_test.mat#32,32,0.0003,tpsscs_finished_detector,low_rank_residual_k30,0.6666666666666666,0.5925925925925926,0.07407407407407407,0.0002900364835366,27,win
simMed_test.mat,simMed_test.mat#32,32,0.001,tpsscs_finished_detector,low_rank_residual_k30,0.7777777777777778,0.7037037037037037,0.07407407407407407,0.0009922300752568,27,win
simMed_test.mat,simMed_test.mat#32,32,0.003,tpsscs_finished_detector,low_rank_residual_k30,0.8888888888888888,0.8148148148148148,0.07407407407407407,0.0029919553038513,27,win
simMed_test.mat,simMed_test.mat#32,32,0.01,tpsscs_finished_detector,low_rank_residual_k30,0.925925925925926,0.8518518518518519,0.07407407407407418,0.0099986261429727,27,win
simMed_test.mat,simMed_test.mat#33,33,1e-05,tpsscs_finished_detector,low_rank_residual_k30,0.1666666666666666,0.1388888888888889,0.027777777777777707,0.0,36,win
simMed_test.mat,simMed_test.mat#33,33,3e-05,tpsscs_finished_detector,low_rank_residual_k30,0.3055555555555556,0.2777777777777778,0.02777777777777779,1.5267175572519083e-05,36,win
simMed_test.mat,simMed_test.mat#33,33,0.0001,tpsscs_finished_detector,low_rank_residual_k30,0.3333333333333333,0.3055555555555556,0.027777777777777735,9.16030534351145e-05,36,win
simMed_test.mat,simMed_test.mat#33,33,0.0003,tpsscs_finished_detector,low_rank_residual_k30,0.5555555555555556,0.5555555555555556,0.0,0.0002900763358778,36,tie
simMed_test.mat,simMed_test.mat#33,33,0.001,tpsscs_finished_detector,low_rank_residual_k30,0.7777777777777778,0.7777777777777778,0.0,0.0009923664122137,36,tie
simMed_test.mat,simMed_test.mat#33,33,0.003,tpsscs_finished_detector,low_rank_residual_k30,0.8888888888888888,0.8888888888888888,0.0,0.0029923664122137,36,tie
simMed_test.mat,simMed_test.mat#33,33,0.01,tpsscs_finished_detector,low_rank_residual_k30,0.9166666666666666,0.9166666666666666,0.0,0.01,36,tie
simMed_test.mat,simMed_test.mat#34,34,1e-05,tpsscs_finished_detector,low_rank_residual_k30,0.1864406779661017,0.135593220338983,0.0508474576271187,0.0,59,win
simMed_test.mat,simMed_test.mat#34,34,3e-05,tpsscs_finished_detector,low_rank_residual_k30,0.1864406779661017,0.135593220338983,0.0508474576271187,1.5272538448615544e-05,59,win
simMed_test.mat,simMed_test.mat#34,34,0.0001,tpsscs_finished_detector,low_rank_residual_k30,0.3050847457627119,0.288135593220339,0.01694915254237289,9.163523069169329e-05,59,win
simMed_test.mat,simMed_test.mat#34,34,0.0003,tpsscs_finished_detector,low_rank_residual_k30,0.4915254237288136,0.4915254237288136,0.0,0.0002901782305236,59,tie
simMed_test.mat,simMed_test.mat#34,34,0.001,tpsscs_finished_detector,low_rank_residual_k30,0.7288135593220338,0.7288135593220338,0.0,0.00099271499916,59,tie
simMed_test.mat,simMed_test.mat#34,34,0.003,tpsscs_finished_detector,low_rank_residual_k30,0.864406779661017,0.864406779661017,0.0,0.0029934175359286,59,tie
simMed_test.mat,simMed_test.mat#34,34,0.01,tpsscs_finished_detector,low_rank_residual_k30,0.9152542372881356,0.9152542372881356,0.0,0.0099882401453945,59,tie
simMed_test.mat,simMed_test.mat#35,35,1e-05,tpsscs_finished_detector,low_rank_residual_k30,0.1272727272727272,0.0727272727272727,0.05454545454545451,0.0,55,win
simMed_test.mat,simMed_test.mat#35,35,3e-05,tpsscs_finished_detector,low_rank_residual_k30,0.1454545454545454,0.0909090909090909,0.054545454545454494,1.5271605503886624e-05,55,win
simMed_test.mat,simMed_test.mat#35,35,0.0001,tpsscs_finished_detector,low_rank_residual_k30,0.3272727272727272,0.2727272727272727,0.05454545454545451,9.162963302331974e-05,55,win
simMed_test.mat,simMed_test.mat#35,35,0.0003,tpsscs_finished_detector,low_rank_residual_k30,0.4545454545454545,0.4,0.05454545454545445,0.0002901605045738,55,win
simMed_test.mat,simMed_test.mat#35,35,0.001,tpsscs_finished_detector,low_rank_residual_k30,0.7454545454545455,0.6909090909090909,0.054545454545454564,0.0009926543577526,55,win
simMed_test.mat,simMed_test.mat#35,35,0.003,tpsscs_finished_detector,low_rank_residual_k30,0.9272727272727272,0.8909090909090909,0.036363636363636376,0.0029932346787617,55,win
simMed_test.mat,simMed_test.mat#35,35,0.01,tpsscs_finished_detector,low_rank_residual_k30,0.9272727272727272,0.8909090909090909,0.036363636363636376,0.0099876299995418,55,win
simMed_test.mat,simMed_test.mat#36,36,1e-05,tpsscs_finished_detector,low_rank_residual_k30,0.1538461538461538,0.0769230769230769,0.0769230769230769,0.0,13,win
simMed_test.mat,simMed_test.mat#36,36,3e-05,tpsscs_finished_detector,low_rank_residual_k30,0.3846153846153846,0.3076923076923077,0.07692307692307687,1.5261816461395235e-05,13,win
simMed_test.mat,simMed_test.mat#36,36,0.0001,tpsscs_finished_detector,low_rank_residual_k30,0.6923076923076923,0.6153846153846154,0.07692307692307687,9.15708987683714e-05,13,win
simMed_test.mat,simMed_test.mat#36,36,0.0003,tpsscs_finished_detector,low_rank_residual_k30,0.6923076923076923,0.6153846153846154,0.07692307692307687,0.0002899745127665,13,win
simMed_test.mat,simMed_test.mat#36,36,0.001,tpsscs_finished_detector,low_rank_residual_k30,0.8461538461538461,0.7692307692307693,0.07692307692307687,0.0009920180699906,13,win
simMed_test.mat,simMed_test.mat#36,36,0.003,tpsscs_finished_detector,low_rank_residual_k30,0.8461538461538461,0.7692307692307693,0.07692307692307687,0.0029913160264334,13,win
simMed_test.mat,simMed_test.mat#36,36,0.01,tpsscs_finished_detector,low_rank_residual_k30,0.8461538461538461,0.7692307692307693,0.07692307692307687,0.0099964897822138,13,win
simMed_test.mat,simMed_test.mat#38,38,1e-05,tpsscs_finished_detector,low_rank_residual_k30,0.2790697674418604,0.2325581395348837,0.046511627906976716,0.0,43,win
simMed_test.mat,simMed_test.mat#38,38,3e-05,tpsscs_finished_detector,low_rank_residual_k30,0.3255813953488372,0.2790697674418604,0.04651162790697677,1.526880735345762e-05,43,win
simMed_test.mat,simMed_test.mat#38,38,0.0001,tpsscs_finished_detector,low_rank_residual_k30,0.3953488372093023,0.3720930232558139,0.023255813953488413,9.161284412074572e-05,43,win
simMed_test.mat,simMed_test.mat#38,38,0.0003,tpsscs_finished_detector,low_rank_residual_k30,0.5348837209302325,0.5116279069767442,0.023255813953488302,0.0002901073397156,43,win
simMed_test.mat,simMed_test.mat#38,38,0.001,tpsscs_finished_detector,low_rank_residual_k30,0.7441860465116279,0.7441860465116279,0.0,0.0009924724779747,43,tie
simMed_test.mat,simMed_test.mat#38,38,0.003,tpsscs_finished_detector,low_rank_residual_k30,0.8372093023255814,0.8372093023255814,0.0,0.0029926862412776,43,tie
simMed_test.mat,simMed_test.mat#38,38,0.01,tpsscs_finished_detector,low_rank_residual_k30,0.8837209302325582,0.8837209302325582,0.0,0.0099858000091612,43,tie
simMed_test.mat,simMed_test.mat#39,39,1e-05,tpsscs_finished_detector,low_rank_residual_k30,0.25,0.2222222222222222,0.02777777777777779,0.0,36,win
simMed_test.mat,simMed_test.mat#39,39,3e-05,tpsscs_finished_detector,low_rank_residual_k30,0.25,0.2222222222222222,0.02777777777777779,1.5267175572519083e-05,36,win
simMed_test.mat,simMed_test.mat#39,39,0.0001,tpsscs_finished_detector,low_rank_residual_k30,0.3333333333333333,0.3055555555555556,0.027777777777777735,9.16030534351145e-05,36,win
simMed_test.mat,simMed_test.mat#39,39,0.0003,tpsscs_finished_detector,low_rank_residual_k30,0.6111111111111112,0.5833333333333334,0.02777777777777779,0.0002900763358778,36,win
simMed_test.mat,simMed_test.mat#39,39,0.001,tpsscs_finished_detector,low_rank_residual_k30,0.6111111111111112,0.6111111111111112,0.0,0.0009923664122137,36,tie
simMed_test.mat,simMed_test.mat#39,39,0.003,tpsscs_finished_detector,low_rank_residual_k30,0.7777777777777778,0.7777777777777778,0.0,0.0029923664122137,36,tie
simMed_test.mat,simMed_test.mat#39,39,0.01,tpsscs_finished_detector,low_rank_residual_k30,0.8888888888888888,0.8888888888888888,0.0,0.01,36,tie
simMed_test.mat,simMed_test.mat#40,40,1e-05,tpsscs_finished_detector,low_rank_residual_k30,0.25,0.0714285714285714,0.1785714285714286,0.0,28,win
simMed_test.mat,simMed_test.mat#40,40,3e-05,tpsscs_finished_detector,low_rank_residual_k30,0.25,0.0714285714285714,0.1785714285714286,1.526531110704036e-05,28,win
simMed_test.mat,simMed_test.mat#40,40,0.0001,tpsscs_finished_detector,low_rank_residual_k30,0.3214285714285714,0.2857142857142857,0.0357142857142857,9.159186664224217e-05,28,win
simMed_test.mat,simMed_test.mat#40,40,0.0003,tpsscs_finished_detector,low_rank_residual_k30,0.6071428571428571,0.6071428571428571,0.0,0.0002900409110337,28,tie
simMed_test.mat,simMed_test.mat#40,40,0.001,tpsscs_finished_detector,low_rank_residual_k30,0.75,0.75,0.0,0.0009922452219576,28,tie
simMed_test.mat,simMed_test.mat#40,40,0.003,tpsscs_finished_detector,low_rank_residual_k30,0.8928571428571429,0.8928571428571429,0.0,0.0029920009769799,28,tie
simMed_test.mat,simMed_test.mat#40,40,0.01,tpsscs_finished_detector,low_rank_residual_k30,1.0,1.0,0.0,0.0099987787751114,28,tie
simMed_test.mat,simMed_test.mat#41,41,1e-05,tpsscs_finished_detector,low_rank_residual_k30,0.1454545454545454,0.109090909090909,0.03636363636363639,0.0,55,win
simMed_test.mat,simMed_test.mat#41,41,3e-05,tpsscs_finished_detector,low_rank_residual_k30,0.1454545454545454,0.109090909090909,0.03636363636363639,1.5271605503886624e-05,55,win
simMed_test.mat,simMed_test.mat#41,41,0.0001,tpsscs_finished_detector,low_rank_residual_k30,0.3272727272727272,0.2909090909090909,0.03636363636363632,9.162963302331974e-05,55,win
simMed_test.mat,simMed_test.mat#41,41,0.0003,tpsscs_finished_detector,low_rank_residual_k30,0.509090909090909,0.4727272727272727,0.03636363636363632,0.0002901605045738,55,win
simMed_test.mat,simMed_test.mat#41,41,0.001,tpsscs_finished_detector,low_rank_residual_k30,0.8181818181818182,0.7818181818181819,0.036363636363636376,0.0009926543577526,55,win
simMed_test.mat,simMed_test.mat#41,41,0.003,tpsscs_finished_detector,low_rank_residual_k30,0.9090909090909092,0.8727272727272727,0.03636363636363649,0.0029932346787617,55,win
simMed_test.mat,simMed_test.mat#41,41,0.01,tpsscs_finished_detector,low_rank_residual_k30,0.9636363636363636,0.9272727272727272,0.036363636363636376,0.0099876299995418,55,win
simMed_test.mat,simMed_test.mat#42,42,1e-05,tpsscs_finished_detector,low_rank_residual_k30,0.1612903225806451,0.064516129032258,0.09677419354838711,0.0,31,win
simMed_test.mat,simMed_test.mat#42,42,3e-05,tpsscs_finished_detector,low_rank_residual_k30,0.2580645161290322,0.1612903225806451,0.0967741935483871,1.5266010228226854e-05,31,win
simMed_test.mat,simMed_test.mat#42,42,0.0001,tpsscs_finished_detector,low_rank_residual_k30,0.4516129032258064,0.3548387096774194,0.09677419354838701,9.159606136936113e-05,31,win
simMed_test.mat,simMed_test.mat#42,42,0.0003,tpsscs_finished_detector,low_rank_residual_k30,0.5806451612903226,0.4838709677419355,0.09677419354838712,0.0002900541943363,31,win
simMed_test.mat,simMed_test.mat#42,42,0.001,tpsscs_finished_detector,low_rank_residual_k30,0.7096774193548387,0.6451612903225806,0.06451612903225812,0.0009922906648347,31,win
simMed_test.mat,simMed_test.mat#42,42,0.003,tpsscs_finished_detector,low_rank_residual_k30,0.7741935483870968,0.7096774193548387,0.06451612903225801,0.0029921380047324,31,win
simMed_test.mat,simMed_test.mat#42,42,0.01,tpsscs_finished_detector,low_rank_residual_k30,0.8709677419354839,0.8064516129032258,0.06451612903225812,0.0099992366994885,31,win
simMed_test.mat,simMed_test.mat#43,43,1e-05,tpsscs_finished_detector,low_rank_residual_k30,0.2857142857142857,0.1632653061224489,0.12244897959183679,0.0,49,win
simMed_test.mat,simMed_test.mat#43,43,3e-05,tpsscs_finished_detector,low_rank_residual_k30,0.3469387755102041,0.2448979591836734,0.10204081632653067,1.5270206300487118e-05,49,win
simMed_test.mat,simMed_test.mat#43,43,0.0001,tpsscs_finished_detector,low_rank_residual_k30,0.4693877551020408,0.4081632653061224,0.06122448979591838,9.162123780292272e-05,49,win
simMed_test.mat,simMed_test.mat#43,43,0.0003,tpsscs_finished_detector,low_rank_residual_k30,0.5306122448979592,0.5102040816326531,0.020408163265306145,0.0002901339197092,49,win
simMed_test.mat,simMed_test.mat#43,43,0.001,tpsscs_finished_detector,low_rank_residual_k30,0.7551020408163265,0.7346938775510204,0.020408163265306034,0.0009925634095316,49,win
simMed_test.mat,simMed_test.mat#43,43,0.003,tpsscs_finished_detector,low_rank_residual_k30,0.8571428571428571,0.8571428571428571,0.0,0.0029929604348954,49,tie
simMed_test.mat,simMed_test.mat#43,43,0.01,tpsscs_finished_detector,low_rank_residual_k30,0.9183673469387756,0.9183673469387756,0.0,0.0099867149205185,49,tie
simMed_test.mat,simMed_test.mat#44,44,1e-05,tpsscs_finished_detector,low_rank_residual_k30,0.1842105263157894,0.0789473684210526,0.10526315789473681,0.0,38,win
simMed_test.mat,simMed_test.mat#44,44,3e-05,tpsscs_finished_detector,low_rank_residual_k30,0.2631578947368421,0.1578947368421052,0.10526315789473689,1.526764176005374e-05,38,win
simMed_test.mat,simMed_test.mat#44,44,0.0001,tpsscs_finished_detector,low_rank_residual_k30,0.5,0.3947368421052631,0.10526315789473689,9.160585056032244e-05,38,win
simMed_test.mat,simMed_test.mat#44,44,0.0003,tpsscs_finished_detector,low_rank_residual_k30,0.6052631578947368,0.5,0.10526315789473684,0.000290085193441,38,win
simMed_test.mat,simMed_test.mat#44,44,0.001,tpsscs_finished_detector,low_rank_residual_k30,0.868421052631579,0.7631578947368421,0.10526315789473684,0.0009923967144034,38,win
simMed_test.mat,simMed_test.mat#44,44,0.003,tpsscs_finished_detector,low_rank_residual_k30,0.8947368421052632,0.7894736842105263,0.10526315789473684,0.0029924577849705,38,win
simMed_test.mat,simMed_test.mat#44,44,0.01,tpsscs_finished_detector,low_rank_residual_k30,0.9473684210526316,0.8421052631578947,0.10526315789473695,0.0099850377110751,38,win
simMed_test.mat,simMed_test.mat#45,45,1e-05,tpsscs_finished_detector,low_rank_residual_k30,0.2,0.0571428571428571,0.1428571428571429,0.0,35,win
simMed_test.mat,simMed_test.mat#45,45,3e-05,tpsscs_finished_detector,low_rank_residual_k30,0.3142857142857143,0.1714285714285714,0.14285714285714288,1.5266942489427644e-05,35,win
simMed_test.mat,simMed_test.mat#45,45,0.0001,tpsscs_finished_detector,low_rank_residual_k30,0.4857142857142857,0.3428571428571428,0.1428571428571429,9.160165493656586e-05,35,win
simMed_test.mat,simMed_test.mat#45,45,0.0003,tpsscs_finished_detector,low_rank_residual_k30,0.5714285714285714,0.4285714285714285,0.1428571428571429,0.0002900719072991,35,win
simMed_test.mat,simMed_test.mat#45,45,0.001,tpsscs_finished_detector,low_rank_residual_k30,0.7714285714285715,0.6285714285714286,0.1428571428571429,0.0009923512618127,35,win
simMed_test.mat,simMed_test.mat#45,45,0.003,tpsscs_finished_detector,low_rank_residual_k30,0.8,0.7142857142857143,0.08571428571428574,0.0029923207279278,35,win
simMed_test.mat,simMed_test.mat#45,45,0.01,tpsscs_finished_detector,low_rank_residual_k30,0.8857142857142857,0.8,0.08571428571428563,0.0099998473305751,35,win
simMed_test.mat,simMed_test.mat#46,46,1e-05,tpsscs_finished_detector,low_rank_residual_k30,0.0392156862745098,0.0196078431372549,0.0196078431372549,0.0,51,win
simMed_test.mat,simMed_test.mat#46,46,3e-05,tpsscs_finished_detector,low_rank_residual_k30,0.1372549019607843,0.1176470588235294,0.0196078431372549,1.527067267313125e-05,51,win
simMed_test.mat,simMed_test.mat#46,46,0.0001,tpsscs_finished_detector,low_rank_residual_k30,0.1764705882352941,0.1568627450980392,0.019607843137254888,9.16240360387875e-05,51,win
simMed_test.mat,simMed_test.mat#46,46,0.0003,tpsscs_finished_detector,low_rank_residual_k30,0.2941176470588235,0.2745098039215686,0.019607843137254888,0.0002901427807894,51,win
simMed_test.mat,simMed_test.mat#46,46,0.001,tpsscs_finished_detector,low_rank_residual_k30,0.5686274509803921,0.5686274509803921,0.0,0.0009925937237535,51,tie
simMed_test.mat,simMed_test.mat#46,46,0.003,tpsscs_finished_detector,low_rank_residual_k30,0.7647058823529411,0.7647058823529411,0.0,0.0029930518439337,51,tie
simMed_test.mat,simMed_test.mat#46,46,0.01,tpsscs_finished_detector,low_rank_residual_k30,0.8235294117647058,0.8235294117647058,0.0,0.0099870199282278,51,tie
simMed_test.mat,simMed_test.mat#47,47,1e-05,tpsscs_finished_detector,low_rank_residual_k30,0.2857142857142857,0.25,0.0357142857142857,0.0,28,win
simMed_test.mat,simMed_test.mat#47,47,3e-05,tpsscs_finished_detector,low_rank_residual_k30,0.2857142857142857,0.2857142857142857,0.0,1.526531110704036e-05,28,tie
simMed_test.mat,simMed_test.mat#47,47,0.0001,tpsscs_finished_detector,low_rank_residual_k30,0.2857142857142857,0.2857142857142857,0.0,9.159186664224217e-05,28,tie
simMed_test.mat,simMed_test.mat#47,47,0.0003,tpsscs_finished_detector,low_rank_residual_k30,0.4642857142857143,0.4642857142857143,0.0,0.0002900409110337,28,tie
simMed_test.mat,simMed_test.mat#47,47,0.001,tpsscs_finished_detector,low_rank_residual_k30,0.7142857142857143,0.7142857142857143,0.0,0.0009922452219576,28,tie
simMed_test.mat,simMed_test.mat#47,47,0.003,tpsscs_finished_detector,low_rank_residual_k30,0.8214285714285714,0.8214285714285714,0.0,0.0029920009769799,28,tie
simMed_test.mat,simMed_test.mat#47,47,0.01,tpsscs_finished_detector,low_rank_residual_k30,0.8928571428571429,0.8928571428571429,0.0,0.0099987787751114,28,tie
simMed_test.mat,simMed_test.mat#48,48,1e-05,tpsscs_finished_detector,low_rank_residual_k30,0.2,0.04,0.16,0.0,25,win
simMed_test.mat,simMed_test.mat#48,48,3e-05,tpsscs_finished_detector,low_rank_residual_k30,0.2,0.08,0.12000000000000001,1.526461204988475e-05,25,win
simMed_test.mat,simMed_test.mat#48,48,0.0001,tpsscs_finished_detector,low_rank_residual_k30,0.36,0.32,0.03999999999999998,9.158767229930853e-05,25,win
simMed_test.mat,simMed_test.mat#48,48,0.0003,tpsscs_finished_detector,low_rank_residual_k30,0.68,0.68,0.0,0.0002900276289478,25,tie
simMed_test.mat,simMed_test.mat#48,48,0.001,tpsscs_finished_detector,low_rank_residual_k30,0.8,0.8,0.0,0.0009921997832425,25,tie
simMed_test.mat,simMed_test.mat#48,48,0.003,tpsscs_finished_detector,low_rank_residual_k30,0.92,0.92,0.0,0.0029918639617774,25,tie
simMed_test.mat,simMed_test.mat#48,48,0.01,tpsscs_finished_detector,low_rank_residual_k30,0.92,0.92,0.0,0.0099983208926745,25,tie
simMed_test.mat,simMed_test.mat#49,49,1e-05,tpsscs_finished_detector,low_rank_residual_k30,0.1515151515151515,0.0606060606060606,0.09090909090909088,0.0,33,win
simMed_test.mat,simMed_test.mat#49,49,3e-05,tpsscs_finished_detector,low_rank_residual_k30,0.2424242424242424,0.1515151515151515,0.09090909090909091,1.5266476344594905e-05,33,win
simMed_test.mat,simMed_test.mat#49,49,0.0001,tpsscs_finished_detector,low_rank_residual_k30,0.3939393939393939,0.3636363636363636,0.03030303030303033,9.159885806756944e-05,33,win
simMed_test.mat,simMed_test.mat#49,49,0.0003,tpsscs_finished_detector,low_rank_residual_k30,0.4545454545454545,0.4242424242424242,0.030303030303030276,0.0002900630505473,33,win
simMed_test.mat,simMed_test.mat#49,49,0.001,tpsscs_finished_detector,low_rank_residual_k30,0.5757575757575758,0.5757575757575758,0.0,0.0009923209623986,33,tie
simMed_test.mat,simMed_test.mat#49,49,0.003,tpsscs_finished_detector,low_rank_residual_k30,0.696969696969697,0.696969696969697,0.0,0.0029922293635406,33,tie
simMed_test.mat,simMed_test.mat#49,49,0.01,tpsscs_finished_detector,low_rank_residual_k30,0.8787878787878788,0.8787878787878788,0.0,0.0099995420057096,33,tie
simMed_test.mat,simMed_test.mat#50,50,1e-05,tpsscs_finished_detector,low_rank_residual_k30,0.2,0.16,0.04000000000000001,0.0,25,win
simMed_test.mat,simMed_test.mat#50,50,3e-05,tpsscs_finished_detector,low_rank_residual_k30,0.24,0.2,0.03999999999999998,1.526461204988475e-05,25,win
simMed_test.mat,simMed_test.mat#50,50,0.0001,tpsscs_finished_detector,low_rank_residual_k30,0.4,0.36,0.040000000000000036,9.158767229930853e-05,25,win
simMed_test.mat,simMed_test.mat#50,50,0.0003,tpsscs_finished_detector,low_rank_residual_k30,0.64,0.6,0.040000000000000036,0.0002900276289478,25,win
simMed_test.mat,simMed_test.mat#50,50,0.001,tpsscs_finished_detector,low_rank_residual_k30,0.84,0.84,0.0,0.0009921997832425,25,tie
simMed_test.mat,simMed_test.mat#50,50,0.003,tpsscs_finished_detector,low_rank_residual_k30,0.96,0.96,0.0,0.0029918639617774,25,tie
simMed_test.mat,simMed_test.mat#50,50,0.01,tpsscs_finished_detector,low_rank_residual_k30,1.0,1.0,0.0,0.0099983208926745,25,tie
simMed_test.mat,simMed_test.mat#51,51,1e-05,tpsscs_finished_detector,low_rank_residual_k30,0.1875,0.1875,0.0,0.0,16,tie
simMed_test.mat,simMed_test.mat#51,51,3e-05,tpsscs_finished_detector,low_rank_residual_k30,0.1875,0.1875,0.0,1.5262515262515263e-05,16,tie
simMed_test.mat,simMed_test.mat#51,51,0.0001,tpsscs_finished_detector,low_rank_residual_k30,0.4375,0.4375,0.0,9.157509157509158e-05,16,tie
simMed_test.mat,simMed_test.mat#51,51,0.0003,tpsscs_finished_detector,low_rank_residual_k30,0.625,0.625,0.0,0.0002899877899877,16,tie
simMed_test.mat,simMed_test.mat#51,51,0.001,tpsscs_finished_detector,low_rank_residual_k30,0.625,0.625,0.0,0.0009920634920634,16,tie
simMed_test.mat,simMed_test.mat#51,51,0.003,tpsscs_finished_detector,low_rank_residual_k30,0.6875,0.6875,0.0,0.0029914529914529,16,tie
simMed_test.mat,simMed_test.mat#51,51,0.01,tpsscs_finished_detector,low_rank_residual_k30,0.75,0.75,0.0,0.0099969474969474,16,tie
simMed_test.mat,simMed_test.mat#52,52,1e-05,tpsscs_finished_detector,low_rank_residual_k30,0.2033898305084746,0.1864406779661017,0.01694915254237289,0.0,59,win
simMed_test.mat,simMed_test.mat#52,52,3e-05,tpsscs_finished_detector,low_rank_residual_k30,0.2033898305084746,0.1864406779661017,0.01694915254237289,1.5272538448615544e-05,59,win
simMed_test.mat,simMed_test.mat#52,52,0.0001,tpsscs_finished_detector,low_rank_residual_k30,0.2372881355932203,0.2203389830508474,0.01694915254237289,9.163523069169329e-05,59,win
simMed_test.mat,simMed_test.mat#52,52,0.0003,tpsscs_finished_detector,low_rank_residual_k30,0.4067796610169492,0.3898305084745763,0.01694915254237289,0.0002901782305236,59,win
simMed_test.mat,simMed_test.mat#52,52,0.001,tpsscs_finished_detector,low_rank_residual_k30,0.6779661016949152,0.6610169491525424,0.016949152542372836,0.00099271499916,59,win
simMed_test.mat,simMed_test.mat#52,52,0.003,tpsscs_finished_detector,low_rank_residual_k30,0.864406779661017,0.847457627118644,0.016949152542372947,0.0029934175359286,59,win
simMed_test.mat,simMed_test.mat#52,52,0.01,tpsscs_finished_detector,low_rank_residual_k30,0.8983050847457628,0.8813559322033898,0.016949152542372947,0.0099882401453945,59,win
simMed_test.mat,simMed_test.mat#53,53,1e-05,tpsscs_finished_detector,low_rank_residual_k30,0.1020408163265306,0.0612244897959183,0.040816326530612304,0.0,49,win
simMed_test.mat,simMed_test.mat#53,53,3e-05,tpsscs_finished_detector,low_rank_residual_k30,0.2244897959183673,0.1836734693877551,0.04081632653061218,1.5270206300487118e-05,49,win
simMed_test.mat,simMed_test.mat#53,53,0.0001,tpsscs_finished_detector,low_rank_residual_k30,0.2653061224489796,0.2244897959183673,0.04081632653061232,9.162123780292272e-05,49,win
simMed_test.mat,simMed_test.mat#53,53,0.0003,tpsscs_finished_detector,low_rank_residual_k30,0.5918367346938775,0.5510204081632653,0.04081632653061229,0.0002901339197092,49,win
simMed_test.mat,simMed_test.mat#53,53,0.001,tpsscs_finished_detector,low_rank_residual_k30,0.7551020408163265,0.7142857142857143,0.04081632653061218,0.0009925634095316,49,win
simMed_test.mat,simMed_test.mat#53,53,0.003,tpsscs_finished_detector,low_rank_residual_k30,0.9183673469387756,0.8775510204081632,0.0408163265306124,0.0029929604348954,49,win
simMed_test.mat,simMed_test.mat#53,53,0.01,tpsscs_finished_detector,low_rank_residual_k30,0.9387755102040816,0.8979591836734694,0.04081632653061218,0.0099867149205185,49,win
simMed_test.mat,simMed_test.mat#54,54,1e-05,tpsscs_finished_detector,low_rank_residual_k30,0.1388888888888889,0.0555555555555555,0.0833333333333334,0.0,36,win
simMed_test.mat,simMed_test.mat#54,54,3e-05,tpsscs_finished_detector,low_rank_residual_k30,0.1388888888888889,0.0555555555555555,0.0833333333333334,1.5267175572519083e-05,36,win
simMed_test.mat,simMed_test.mat#54,54,0.0001,tpsscs_finished_detector,low_rank_residual_k30,0.1944444444444444,0.1111111111111111,0.08333333333333329,9.16030534351145e-05,36,win
simMed_test.mat,simMed_test.mat#54,54,0.0003,tpsscs_finished_detector,low_rank_residual_k30,0.3888888888888889,0.3333333333333333,0.05555555555555558,0.0002900763358778,36,win
simMed_test.mat,simMed_test.mat#54,54,0.001,tpsscs_finished_detector,low_rank_residual_k30,0.7777777777777778,0.7222222222222222,0.05555555555555558,0.0009923664122137,36,win
simMed_test.mat,simMed_test.mat#54,54,0.003,tpsscs_finished_detector,low_rank_residual_k30,0.8888888888888888,0.8888888888888888,0.0,0.0029923664122137,36,tie
simMed_test.mat,simMed_test.mat#54,54,0.01,tpsscs_finished_detector,low_rank_residual_k30,0.9166666666666666,0.9166666666666666,0.0,0.01,36,tie
simMed_test.mat,simMed_test.mat#55,55,1e-05,tpsscs_finished_detector,low_rank_residual_k30,0.0833333333333333,0.0416666666666666,0.0416666666666667,0.0,24,win
simMed_test.mat,simMed_test.mat#55,55,3e-05,tpsscs_finished_detector,low_rank_residual_k30,0.0833333333333333,0.0416666666666666,0.0416666666666667,1.5264379045060447e-05,24,win
simMed_test.mat,simMed_test.mat#55,55,0.0001,tpsscs_finished_detector,low_rank_residual_k30,0.1666666666666666,0.125,0.0416666666666666,9.158627427036267e-05,24,win
simMed_test.mat,simMed_test.mat#55,55,0.0003,tpsscs_finished_detector,low_rank_residual_k30,0.3333333333333333,0.2916666666666667,0.04166666666666663,0.0002900232018561,24,win
simMed_test.mat,simMed_test.mat#55,55,0.001,tpsscs_finished_detector,low_rank_residual_k30,0.4583333333333333,0.4166666666666667,0.04166666666666663,0.0009921846379289,24,win
simMed_test.mat,simMed_test.mat#55,55,0.003,tpsscs_finished_detector,low_rank_residual_k30,0.5416666666666666,0.5,0.04166666666666663,0.0029918182928318,24,win
simMed_test.mat,simMed_test.mat#55,55,0.01,tpsscs_finished_detector,low_rank_residual_k30,0.5833333333333334,0.5416666666666666,0.04166666666666674,0.0099981682745145,24,win
simMed_test.mat,simMed_test.mat#56,56,1e-05,tpsscs_finished_detector,low_rank_residual_k30,0.2631578947368421,0.2105263157894736,0.0526315789473685,0.0,19,win
simMed_test.mat,simMed_test.mat#56,56,3e-05,tpsscs_finished_detector,low_rank_residual_k30,0.3157894736842105,0.2631578947368421,0.05263157894736842,1.5263214127630997e-05,19,win
simMed_test.mat,simMed_test.mat#56,56,0.0001,tpsscs_finished_detector,low_rank_residual_k30,0.5263157894736842,0.4736842105263157,0.052631578947368474,9.157928476578598e-05,19,win
simMed_test.mat,simMed_test.mat#56,56,0.0003,tpsscs_finished_detector,low_rank_residual_k30,0.5263157894736842,0.5263157894736842,0.0,0.0002900010684249,19,tie
simMed_test.mat,simMed_test.mat#56,56,0.001,tpsscs_finished_detector,low_rank_residual_k30,0.631578947368421,0.631578947368421,0.0,0.000992108918296,19,tie
simMed_test.mat,simMed_test.mat#56,56,0.003,tpsscs_finished_detector,low_rank_residual_k30,0.7368421052631579,0.7368421052631579,0.0,0.0029915899690156,19,tie
simMed_test.mat,simMed_test.mat#56,56,0.01,tpsscs_finished_detector,low_rank_residual_k30,0.7368421052631579,0.7368421052631579,0.0,0.0099974052535983,19,tie
simMed_test.mat,simMed_test.mat#59,59,1e-05,tpsscs_finished_detector,low_rank_residual_k30,0.3333333333333333,0.1794871794871795,0.15384615384615383,0.0,39,win
simMed_test.mat,simMed_test.mat#59,59,3e-05,tpsscs_finished_detector,low_rank_residual_k30,0.3333333333333333,0.1794871794871795,0.15384615384615383,1.526787486449761e-05,39,win
simMed_test.mat,simMed_test.mat#59,59,0.0001,tpsscs_finished_detector,low_rank_residual_k30,0.5897435897435898,0.4871794871794871,0.10256410256410264,9.160724918698568e-05,39,win
simMed_test.mat,simMed_test.mat#59,59,0.0003,tpsscs_finished_detector,low_rank_residual_k30,0.6666666666666666,0.5897435897435898,0.07692307692307687,0.0002900896224254,39,win
simMed_test.mat,simMed_test.mat#59,59,0.001,tpsscs_finished_detector,low_rank_residual_k30,0.8974358974358975,0.8461538461538461,0.05128205128205132,0.0009924118661923,39,win
simMed_test.mat,simMed_test.mat#59,59,0.003,tpsscs_finished_detector,low_rank_residual_k30,0.9230769230769232,0.9230769230769232,0.0,0.0029925034734415,39,tie
simMed_test.mat,simMed_test.mat#59,59,0.01,tpsscs_finished_detector,low_rank_residual_k30,0.9487179487179488,0.9487179487179488,0.0,0.0099851901613814,39,tie
simMed_test.mat,simMed_test.mat#61,61,1e-05,tpsscs_finished_detector,low_rank_residual_k30,0.0784313725490196,0.0196078431372549,0.058823529411764705,0.0,51,win
simMed_test.mat,simMed_test.mat#61,61,3e-05,tpsscs_finished_detector,low_rank_residual_k30,0.2156862745098039,0.1568627450980392,0.05882352941176469,1.527067267313125e-05,51,win
simMed_test.mat,simMed_test.mat#61,61,0.0001,tpsscs_finished_detector,low_rank_residual_k30,0.2745098039215686,0.2156862745098039,0.05882352941176469,9.16240360387875e-05,51,win
simMed_test.mat,simMed_test.mat#61,61,0.0003,tpsscs_finished_detector,low_rank_residual_k30,0.4313725490196078,0.3725490196078431,0.05882352941176472,0.0002901427807894,51,win
simMed_test.mat,simMed_test.mat#61,61,0.001,tpsscs_finished_detector,low_rank_residual_k30,0.7450980392156863,0.6862745098039216,0.05882352941176472,0.0009925937237535,51,win
simMed_test.mat,simMed_test.mat#61,61,0.003,tpsscs_finished_detector,low_rank_residual_k30,0.9019607843137256,0.8627450980392157,0.03921568627450989,0.0029930518439337,51,win
simMed_test.mat,simMed_test.mat#61,61,0.01,tpsscs_finished_detector,low_rank_residual_k30,0.9803921568627452,0.9411764705882352,0.03921568627451,0.0099870199282278,51,win
simMed_test.mat,simMed_test.mat#62,62,1e-05,tpsscs_finished_detector,low_rank_residual_k30,0.1923076923076923,0.1538461538461538,0.03846153846153849,0.0,26,win
simMed_test.mat,simMed_test.mat#62,62,3e-05,tpsscs_finished_detector,low_rank_residual_k30,0.2692307692307692,0.2692307692307692,0.0,1.5264845061822624e-05,26,tie
simMed_test.mat,simMed_test.mat#62,62,0.0001,tpsscs_finished_detector,low_rank_residual_k30,0.3461538461538461,0.3461538461538461,0.0,9.158907037093572e-05,26,tie
simMed_test.mat,simMed_test.mat#62,62,0.0003,tpsscs_finished_detector,low_rank_residual_k30,0.5769230769230769,0.5769230769230769,0.0,0.0002900320561746,26,tie
simMed_test.mat,simMed_test.mat#62,62,0.001,tpsscs_finished_detector,low_rank_residual_k30,0.6153846153846154,0.6153846153846154,0.0,0.0009922149290184,26,tie
simMed_test.mat,simMed_test.mat#62,62,0.003,tpsscs_finished_detector,low_rank_residual_k30,0.6153846153846154,0.6153846153846154,0.0,0.0029919096321172,26,tie
simMed_test.mat,simMed_test.mat#62,62,0.01,tpsscs_finished_detector,low_rank_residual_k30,0.7307692307692307,0.7307692307692307,0.0,0.0099984735154938,26,tie
simMed_test.mat,simMed_test.mat#63,63,1e-05,tpsscs_finished_detector,low_rank_residual_k30,0.2068965517241379,0.0517241379310344,0.1551724137931035,0.0,58,win
simMed_test.mat,simMed_test.mat#63,63,3e-05,tpsscs_finished_detector,low_rank_residual_k30,0.2241379310344827,0.0689655172413793,0.15517241379310343,1.527230520174715e-05,58,win
simMed_test.mat,simMed_test.mat#63,63,0.0001,tpsscs_finished_detector,low_rank_residual_k30,0.4310344827586206,0.2758620689655172,0.15517241379310343,9.163383121048293e-05,58,win
simMed_test.mat,simMed_test.mat#63,63,0.0003,tpsscs_finished_detector,low_rank_residual_k30,0.5344827586206896,0.3793103448275862,0.15517241379310343,0.0002901737988331,58,win
simMed_test.mat,simMed_test.mat#63,63,0.001,tpsscs_finished_detector,low_rank_residual_k30,0.7758620689655172,0.6379310344827587,0.13793103448275856,0.0009926998381135,58,win
simMed_test.mat,simMed_test.mat#63,63,0.003,tpsscs_finished_detector,low_rank_residual_k30,0.9482758620689656,0.8620689655172413,0.08620689655172431,0.0029933718195424,58,win
simMed_test.mat,simMed_test.mat#63,63,0.01,tpsscs_finished_detector,low_rank_residual_k30,0.9827586206896552,0.913793103448276,0.06896551724137923,0.0099880876019426,58,win
simMed_test.mat,simMed_test.mat#64,64,1e-05,tpsscs_finished_detector,low_rank_residual_k30,0.3125,0.1875,0.125,0.0,16,win
simMed_test.mat,simMed_test.mat#64,64,3e-05,tpsscs_finished_detector,low_rank_residual_k30,0.375,0.25,0.125,1.5262515262515263e-05,16,win
simMed_test.mat,simMed_test.mat#64,64,0.0001,tpsscs_finished_detector,low_rank_residual_k30,0.5,0.375,0.125,9.157509157509158e-05,16,win
simMed_test.mat,simMed_test.mat#64,64,0.0003,tpsscs_finished_detector,low_rank_residual_k30,0.5,0.375,0.125,0.0002899877899877,16,win
simMed_test.mat,simMed_test.mat#64,64,0.001,tpsscs_finished_detector,low_rank_residual_k30,0.6875,0.5625,0.125,0.0009920634920634,16,win
simMed_test.mat,simMed_test.mat#64,64,0.003,tpsscs_finished_detector,low_rank_residual_k30,0.75,0.625,0.125,0.0029914529914529,16,win
simMed_test.mat,simMed_test.mat#64,64,0.01,tpsscs_finished_detector,low_rank_residual_k30,0.8125,0.6875,0.125,0.0099969474969474,16,win
simMed_test.mat,simMed_test.mat#65,65,1e-05,tpsscs_finished_detector,low_rank_residual_k30,0.2,0.1333333333333333,0.06666666666666671,0.0,30,win
simMed_test.mat,simMed_test.mat#65,65,3e-05,tpsscs_finished_detector,low_rank_residual_k30,0.2333333333333333,0.1666666666666666,0.06666666666666671,1.526577718071627e-05,30,win
simMed_test.mat,simMed_test.mat#65,65,0.0001,tpsscs_finished_detector,low_rank_residual_k30,0.3,0.2333333333333333,0.06666666666666668,9.159466308429762e-05,30,win
simMed_test.mat,simMed_test.mat#65,65,0.0003,tpsscs_finished_detector,low_rank_residual_k30,0.4,0.3333333333333333,0.06666666666666671,0.0002900497664336,30,win
simMed_test.mat,simMed_test.mat#65,65,0.001,tpsscs_finished_detector,low_rank_residual_k30,0.5,0.4333333333333333,0.06666666666666671,0.0009922755167465,30,win
simMed_test.mat,simMed_test.mat#65,65,0.003,tpsscs_finished_detector,low_rank_residual_k30,0.6,0.5333333333333333,0.06666666666666665,0.0029920923274203,30,win
simMed_test.mat,simMed_test.mat#65,65,0.01,tpsscs_finished_detector,low_rank_residual_k30,0.6333333333333333,0.5666666666666667,0.06666666666666665,0.0099990840533691,30,win
simMed_test.mat,simMed_test.mat#67,67,1e-05,tpsscs_finished_detector,low_rank_residual_k30,0.1363636363636363,0.0909090909090909,0.0454545454545454,0.0,44,win
simMed_test.mat,simMed_test.mat#67,67,3e-05,tpsscs_finished_detector,low_rank_residual_k30,0.25,0.2272727272727272,0.02272727272727279,1.526904049349539e-05,44,win
simMed_test.mat,simMed_test.mat#67,67,0.0001,tpsscs_finished_detector,low_rank_residual_k30,0.2954545454545454,0.2727272727272727,0.022727272727272707,9.161424296097234e-05,44,win
simMed_test.mat,simMed_test.mat#67,67,0.0003,tpsscs_finished_detector,low_rank_residual_k30,0.4545454545454545,0.4318181818181818,0.02272727272727265,0.0002901117693764,44,win
simMed_test.mat,simMed_test.mat#67,67,0.001,tpsscs_finished_detector,low_rank_residual_k30,0.6818181818181818,0.6590909090909091,0.022727272727272707,0.0009924876320772,44,win
simMed_test.mat,simMed_test.mat#67,67,0.003,tpsscs_finished_detector,low_rank_residual_k30,0.8409090909090909,0.8409090909090909,0.0,0.002992731936725,44,tie
simMed_test.mat,simMed_test.mat#67,67,0.01,tpsscs_finished_detector,low_rank_residual_k30,0.9772727272727272,0.9772727272727272,0.0,0.0099859524827459,44,tie
simMed_test.mat,simMed_test.mat#69,69,1e-05,tpsscs_finished_detector,low_rank_residual_k30,0.1951219512195122,0.1219512195121951,0.0731707317073171,0.0,41,win
simMed_test.mat,simMed_test.mat#69,69,3e-05,tpsscs_finished_detector,low_rank_residual_k30,0.2439024390243902,0.1707317073170731,0.07317073170731711,1.5268341094740055e-05,41,win
simMed_test.mat,simMed_test.mat#69,69,0.0001,tpsscs_finished_detector,low_rank_residual_k30,0.3414634146341463,0.2926829268292683,0.04878048780487804,9.161004656844032e-05,41,win
simMed_test.mat,simMed_test.mat#69,69,0.0003,tpsscs_finished_detector,low_rank_residual_k30,0.5365853658536586,0.5121951219512195,0.024390243902439046,0.0002900984808,41,win
simMed_test.mat,simMed_test.mat#69,69,0.001,tpsscs_finished_detector,low_rank_residual_k30,0.7560975609756098,0.7560975609756098,0.0,0.0009924421711581,41,tie
simMed_test.mat,simMed_test.mat#69,69,0.003,tpsscs_finished_detector,low_rank_residual_k30,0.8292682926829268,0.8292682926829268,0.0,0.002992594854569,41,tie
simMed_test.mat,simMed_test.mat#69,69,0.01,tpsscs_finished_detector,low_rank_residual_k30,0.926829268292683,0.926829268292683,0.0,0.0099854950759599,41,tie
simMed_test.mat,simMed_test.mat#7,7,1e-05,tpsscs_finished_detector,low_rank_residual_k30,0.22,0.14,0.07999999999999999,0.0,50,win
simMed_test.mat,simMed_test.mat#7,7,3e-05,tpsscs_finished_detector,low_rank_residual_k30,0.22,0.14,0.07999999999999999,1.5270439483248328e-05,50,win
simMed_test.mat,simMed_test.mat#7,7,0.0001,tpsscs_finished_detector,low_rank_residual_k30,0.42,0.34,0.07999999999999996,9.162263689948996e-05,50,win
simMed_test.mat,simMed_test.mat#7,7,0.0003,tpsscs_finished_detector,low_rank_residual_k30,0.54,0.46,0.08000000000000002,0.0002901383501817,50,win
simMed_test.mat,simMed_test.mat#7,7,0.001,tpsscs_finished_detector,low_rank_residual_k30,0.72,0.64,0.07999999999999996,0.0009925785664111,50,win
simMed_test.mat,simMed_test.mat#7,7,0.003,tpsscs_finished_detector,low_rank_residual_k30,0.86,0.78,0.07999999999999996,0.0029930061387166,50,win
simMed_test.mat,simMed_test.mat#7,7,0.01,tpsscs_finished_detector,low_rank_residual_k30,0.94,0.88,0.05999999999999994,0.0099868674220444,50,win
simMed_test.mat,simMed_test.mat#70,70,1e-05,tpsscs_finished_detector,low_rank_residual_k30,0.2093023255813953,0.1162790697674418,0.0930232558139535,0.0,43,win
simMed_test.mat,simMed_test.mat#70,70,3e-05,tpsscs_finished_detector,low_rank_residual_k30,0.2325581395348837,0.1395348837209302,0.09302325581395349,1.526880735345762e-05,43,win
simMed_test.mat,simMed_test.mat#70,70,0.0001,tpsscs_finished_detector,low_rank_residual_k30,0.3953488372093023,0.3023255813953488,0.09302325581395349,9.161284412074572e-05,43,win
simMed_test.mat,simMed_test.mat#70,70,0.0003,tpsscs_finished_detector,low_rank_residual_k30,0.5116279069767442,0.4186046511627907,0.09302325581395349,0.0002901073397156,43,win
simMed_test.mat,simMed_test.mat#70,70,0.001,tpsscs_finished_detector,low_rank_residual_k30,0.7906976744186046,0.6976744186046512,0.09302325581395343,0.0009924724779747,43,win
simMed_test.mat,simMed_test.mat#70,70,0.003,tpsscs_finished_detector,low_rank_residual_k30,0.9069767441860463,0.813953488372093,0.09302325581395332,0.0029926862412776,43,win
simMed_test.mat,simMed_test.mat#70,70,0.01,tpsscs_finished_detector,low_rank_residual_k30,0.9534883720930232,0.8837209302325582,0.06976744186046502,0.0099858000091612,43,win
simMed_test.mat,simMed_test.mat#71,71,1e-05,tpsscs_finished_detector,low_rank_residual_k30,0.037037037037037,0.0,0.037037037037037,0.0,27,win
simMed_test.mat,simMed_test.mat#71,71,3e-05,tpsscs_finished_detector,low_rank_residual_k30,0.037037037037037,0.0,0.037037037037037,1.5265078080874384e-05,27,win
simMed_test.mat,simMed_test.mat#71,71,0.0001,tpsscs_finished_detector,low_rank_residual_k30,0.2222222222222222,0.2222222222222222,0.0,9.15904684852463e-05,27,tie
simMed_test.mat,simMed_test.mat#71,71,0.0003,tpsscs_finished_detector,low_rank_residual_k30,0.4074074074074074,0.4074074074074074,0.0,0.0002900364835366,27,tie
simMed_test.mat,simMed_test.mat#71,71,0.001,tpsscs_finished_detector,low_rank_residual_k30,0.5185185185185185,0.5185185185185185,0.0,0.0009922300752568,27,tie
simMed_test.mat,simMed_test.mat#71,71,0.003,tpsscs_finished_detector,low_rank_residual_k30,0.5555555555555556,0.5555555555555556,0.0,0.0029919553038513,27,tie
simMed_test.mat,simMed_test.mat#71,71,0.01,tpsscs_finished_detector,low_rank_residual_k30,0.6666666666666666,0.6666666666666666,0.0,0.0099986261429727,27,tie
simMed_test.mat,simMed_test.mat#72,72,1e-05,tpsscs_finished_detector,low_rank_residual_k30,0.3513513513513513,0.1081081081081081,0.2432432432432432,0.0,37,win
simMed_test.mat,simMed_test.mat#72,72,3e-05,tpsscs_finished_detector,low_rank_residual_k30,0.3783783783783784,0.1351351351351351,0.2432432432432433,1.5267408662727676e-05,37,win
simMed_test.mat,simMed_test.mat#72,72,0.0001,tpsscs_finished_detector,low_rank_residual_k30,0.4594594594594595,0.3243243243243243,0.1351351351351352,9.160445197636606e-05,37,win
simMed_test.mat,simMed_test.mat#72,72,0.0003,tpsscs_finished_detector,low_rank_residual_k30,0.6756756756756757,0.6756756756756757,0.0,0.0002900807645918,37,tie
simMed_test.mat,simMed_test.mat#72,72,0.001,tpsscs_finished_detector,low_rank_residual_k30,0.8108108108108109,0.8108108108108109,0.0,0.0009923815630772,37,tie
simMed_test.mat,simMed_test.mat#72,72,0.003,tpsscs_finished_detector,low_rank_residual_k30,0.8648648648648649,0.8648648648648649,0.0,0.0029924120978946,37,tie
simMed_test.mat,simMed_test.mat#72,72,0.01,tpsscs_finished_detector,low_rank_residual_k30,0.945945945945946,0.945945945945946,0.0,0.0099848852654238,37,tie
simMed_test.mat,simMed_test.mat#74,74,1e-05,tpsscs_finished_detector,low_rank_residual_k30,0.0571428571428571,0.0285714285714285,0.0285714285714286,0.0,35,win
simMed_test.mat,simMed_test.mat#74,74,3e-05,tpsscs_finished_detector,low_rank_residual_k30,0.0857142857142857,0.0571428571428571,0.028571428571428602,1.5266942489427644e-05,35,win
simMed_test.mat,simMed_test.mat#74,74,0.0001,tpsscs_finished_detector,low_rank_residual_k30,0.2285714285714285,0.2,0.028571428571428498,9.160165493656586e-05,35,win
simMed_test.mat,simMed_test.mat#74,74,0.0003,tpsscs_finished_detector,low_rank_residual_k30,0.5714285714285714,0.5428571428571428,0.02857142857142858,0.0002900719072991,35,win
simMed_test.mat,simMed_test.mat#74,74,0.001,tpsscs_finished_detector,low_rank_residual_k30,0.7714285714285715,0.7428571428571429,0.02857142857142858,0.0009923512618127,35,win
simMed_test.mat,simMed_test.mat#74,74,0.003,tpsscs_finished_detector,low_rank_residual_k30,0.9428571428571428,0.9142857142857144,0.02857142857142847,0.0029923207279278,35,win
simMed_test.mat,simMed_test.mat#74,74,0.01,tpsscs_finished_detector,low_rank_residual_k30,0.9428571428571428,0.9142857142857144,0.02857142857142847,0.0099998473305751,35,win
simMed_test.mat,simMed_test.mat#75,75,1e-05,tpsscs_finished_detector,low_rank_residual_k30,0.1333333333333333,0.0833333333333333,0.05,0.0,60,win
simMed_test.mat,simMed_test.mat#75,75,3e-05,tpsscs_finished_detector,low_rank_residual_k30,0.1833333333333333,0.1333333333333333,0.04999999999999999,1.527277170260859e-05,60,win
simMed_test.mat,simMed_test.mat#75,75,0.0001,tpsscs_finished_detector,low_rank_residual_k30,0.2833333333333333,0.2333333333333333,0.05000000000000002,9.163663021565152e-05,60,win
simMed_test.mat,simMed_test.mat#75,75,0.0003,tpsscs_finished_detector,low_rank_residual_k30,0.3666666666666666,0.3166666666666666,0.04999999999999999,0.0002901826623495,60,win
simMed_test.mat,simMed_test.mat#75,75,0.001,tpsscs_finished_detector,low_rank_residual_k30,0.7333333333333333,0.6833333333333333,0.04999999999999993,0.0009927301606695,60,win
simMed_test.mat,simMed_test.mat#75,75,0.003,tpsscs_finished_detector,low_rank_residual_k30,0.9166666666666666,0.9,0.016666666666666607,0.0029934632537112,60,win
simMed_test.mat,simMed_test.mat#75,75,0.01,tpsscs_finished_detector,low_rank_residual_k30,0.9666666666666668,0.9666666666666668,0.0,0.009988392693506,60,tie
simMed_test.mat,simMed_test.mat#76,76,1e-05,tpsscs_finished_detector,low_rank_residual_k30,0.2962962962962963,0.1111111111111111,0.18518518518518517,0.0,27,win
simMed_test.mat,simMed_test.mat#76,76,3e-05,tpsscs_finished_detector,low_rank_residual_k30,0.3333333333333333,0.1851851851851851,0.14814814814814822,1.5265078080874384e-05,27,win
simMed_test.mat,simMed_test.mat#76,76,0.0001,tpsscs_finished_detector,low_rank_residual_k30,0.4814814814814814,0.4444444444444444,0.03703703703703698,9.15904684852463e-05,27,win
simMed_test.mat,simMed_test.mat#76,76,0.0003,tpsscs_finished_detector,low_rank_residual_k30,0.5555555555555556,0.5185185185185185,0.03703703703703709,0.0002900364835366,27,win
simMed_test.mat,simMed_test.mat#76,76,0.001,tpsscs_finished_detector,low_rank_residual_k30,0.8148148148148148,0.7777777777777778,0.03703703703703698,0.0009922300752568,27,win
simMed_test.mat,simMed_test.mat#76,76,0.003,tpsscs_finished_detector,low_rank_residual_k30,0.925925925925926,0.925925925925926,0.0,0.0029919553038513,27,tie
simMed_test.mat,simMed_test.mat#76,76,0.01,tpsscs_finished_detector,low_rank_residual_k30,0.925925925925926,0.925925925925926,0.0,0.0099986261429727,27,tie
simMed_test.mat,simMed_test.mat#77,77,1e-05,tpsscs_finished_detector,low_rank_residual_k30,0.1587301587301587,0.0634920634920634,0.09523809523809529,0.0,63,win
simMed_test.mat,simMed_test.mat#77,77,3e-05,tpsscs_finished_detector,low_rank_residual_k30,0.2063492063492063,0.1111111111111111,0.0952380952380952,1.5273471507338904e-05,63,win
simMed_test.mat,simMed_test.mat#77,77,0.0001,tpsscs_finished_detector,low_rank_residual_k30,0.2539682539682539,0.1587301587301587,0.0952380952380952,9.16408290440334e-05,63,win
simMed_test.mat,simMed_test.mat#77,77,0.0003,tpsscs_finished_detector,low_rank_residual_k30,0.4126984126984127,0.365079365079365,0.04761904761904767,0.0002901959586394,63,win
simMed_test.mat,simMed_test.mat#77,77,0.001,tpsscs_finished_detector,low_rank_residual_k30,0.6507936507936508,0.6507936507936508,0.0,0.000992775647977,63,tie
simMed_test.mat,simMed_test.mat#77,77,0.003,tpsscs_finished_detector,low_rank_residual_k30,0.7777777777777778,0.7777777777777778,0.0,0.0029936004154384,63,tie
simMed_test.mat,simMed_test.mat#77,77,0.01,tpsscs_finished_detector,low_rank_residual_k30,0.8412698412698413,0.8412698412698413,0.0,0.0099888503657996,63,tie
simMed_test.mat,simMed_test.mat#78,78,1e-05,tpsscs_finished_detector,low_rank_residual_k30,0.08,0.04,0.04,0.0,25,win
simMed_test.mat,simMed_test.mat#78,78,3e-05,tpsscs_finished_detector,low_rank_residual_k30,0.24,0.2,0.03999999999999998,1.526461204988475e-05,25,win
simMed_test.mat,simMed_test.mat#78,78,0.0001,tpsscs_finished_detector,low_rank_residual_k30,0.4,0.4,0.0,9.158767229930853e-05,25,tie
simMed_test.mat,simMed_test.mat#78,78,0.0003,tpsscs_finished_detector,low_rank_residual_k30,0.56,0.56,0.0,0.0002900276289478,25,tie
simMed_test.mat,simMed_test.mat#78,78,0.001,tpsscs_finished_detector,low_rank_residual_k30,0.72,0.72,0.0,0.0009921997832425,25,tie
simMed_test.mat,simMed_test.mat#78,78,0.003,tpsscs_finished_detector,low_rank_residual_k30,0.92,0.92,0.0,0.0029918639617774,25,tie
simMed_test.mat,simMed_test.mat#78,78,0.01,tpsscs_finished_detector,low_rank_residual_k30,0.92,0.92,0.0,0.0099983208926745,25,tie
simMed_test.mat,simMed_test.mat#79,79,1e-05,tpsscs_finished_detector,low_rank_residual_k30,0.2307692307692307,0.1538461538461538,0.0769230769230769,0.0,26,win
simMed_test.mat,simMed_test.mat#79,79,3e-05,tpsscs_finished_detector,low_rank_residual_k30,0.3461538461538461,0.2692307692307692,0.07692307692307687,1.5264845061822624e-05,26,win
simMed_test.mat,simMed_test.mat#79,79,0.0001,tpsscs_finished_detector,low_rank_residual_k30,0.4230769230769231,0.3461538461538461,0.07692307692307698,9.158907037093572e-05,26,win
simMed_test.mat,simMed_test.mat#79,79,0.0003,tpsscs_finished_detector,low_rank_residual_k30,0.5384615384615384,0.4615384615384615,0.07692307692307693,0.0002900320561746,26,win
simMed_test.mat,simMed_test.mat#79,79,0.001,tpsscs_finished_detector,low_rank_residual_k30,0.6153846153846154,0.5384615384615384,0.07692307692307698,0.0009922149290184,26,win
simMed_test.mat,simMed_test.mat#79,79,0.003,tpsscs_finished_detector,low_rank_residual_k30,0.6538461538461539,0.5769230769230769,0.07692307692307698,0.0029919096321172,26,win
simMed_test.mat,simMed_test.mat#79,79,0.01,tpsscs_finished_detector,low_rank_residual_k30,0.7307692307692307,0.6538461538461539,0.07692307692307687,0.0099984735154938,26,win
simMed_test.mat,simMed_test.mat#8,8,1e-05,tpsscs_finished_detector,low_rank_residual_k30,0.2916666666666667,0.25,0.041666666666666685,0.0,24,win
simMed_test.mat,simMed_test.mat#8,8,3e-05,tpsscs_finished_detector,low_rank_residual_k30,0.2916666666666667,0.25,0.041666666666666685,1.5264379045060447e-05,24,win
simMed_test.mat,simMed_test.mat#8,8,0.0001,tpsscs_finished_detector,low_rank_residual_k30,0.4583333333333333,0.4166666666666667,0.04166666666666663,9.158627427036267e-05,24,win
simMed_test.mat,simMed_test.mat#8,8,0.0003,tpsscs_finished_detector,low_rank_residual_k30,0.625,0.5833333333333334,0.04166666666666663,0.0002900232018561,24,win
simMed_test.mat,simMed_test.mat#8,8,0.001,tpsscs_finished_detector,low_rank_residual_k30,0.8333333333333334,0.8333333333333334,0.0,0.0009921846379289,24,tie
simMed_test.mat,simMed_test.mat#8,8,0.003,tpsscs_finished_detector,low_rank_residual_k30,0.9166666666666666,0.9166666666666666,0.0,0.0029918182928318,24,tie
simMed_test.mat,simMed_test.mat#8,8,0.01,tpsscs_finished_detector,low_rank_residual_k30,1.0,1.0,0.0,0.0099981682745145,24,tie
simMed_test.mat,simMed_test.mat#80,80,1e-05,tpsscs_finished_detector,low_rank_residual_k30,0.2,0.0666666666666666,0.13333333333333341,0.0,15,win
simMed_test.mat,simMed_test.mat#80,80,3e-05,tpsscs_finished_detector,low_rank_residual_k30,0.2,0.0666666666666666,0.13333333333333341,1.5262282321698386e-05,15,win
simMed_test.mat,simMed_test.mat#80,80,0.0001,tpsscs_finished_detector,low_rank_residual_k30,0.4666666666666667,0.4,0.06666666666666665,9.157369393019031e-05,15,win
simMed_test.mat,simMed_test.mat#80,80,0.0003,tpsscs_finished_detector,low_rank_residual_k30,0.8,0.7333333333333333,0.06666666666666676,0.0002899833641122,15,win
simMed_test.mat,simMed_test.mat#80,80,0.001,tpsscs_finished_detector,low_rank_residual_k30,0.8666666666666667,0.8,0.06666666666666665,0.0009920483509103,15,win
simMed_test.mat,simMed_test.mat#80,80,0.003,tpsscs_finished_detector,low_rank_residual_k30,0.8666666666666667,0.8666666666666667,0.0,0.0029914073350528,15,tie
simMed_test.mat,simMed_test.mat#80,80,0.01,tpsscs_finished_detector,low_rank_residual_k30,0.8666666666666667,0.8666666666666667,0.0,0.0099967949207124,15,tie
simMed_test.mat,simMed_test.mat#82,82,1e-05,tpsscs_finished_detector,low_rank_residual_k30,0.2903225806451613,0.032258064516129,0.2580645161290323,0.0,31,win
simMed_test.mat,simMed_test.mat#82,82,3e-05,tpsscs_finished_detector,low_rank_residual_k30,0.3548387096774194,0.0967741935483871,0.25806451612903225,1.5266010228226854e-05,31,win
simMed_test.mat,simMed_test.mat#82,82,0.0001,tpsscs_finished_detector,low_rank_residual_k30,0.5161290322580645,0.2580645161290322,0.2580645161290323,9.159606136936113e-05,31,win
simMed_test.mat,simMed_test.mat#82,82,0.0003,tpsscs_finished_detector,low_rank_residual_k30,0.7419354838709677,0.4838709677419355,0.25806451612903225,0.0002900541943363,31,win
simMed_test.mat,simMed_test.mat#82,82,0.001,tpsscs_finished_detector,low_rank_residual_k30,0.8709677419354839,0.6774193548387096,0.19354838709677424,0.0009922906648347,31,win
simMed_test.mat,simMed_test.mat#82,82,0.003,tpsscs_finished_detector,low_rank_residual_k30,0.935483870967742,0.7741935483870968,0.16129032258064524,0.0029921380047324,31,win
simMed_test.mat,simMed_test.mat#82,82,0.01,tpsscs_finished_detector,low_rank_residual_k30,0.935483870967742,0.8387096774193549,0.09677419354838712,0.0099992366994885,31,win
simMed_test.mat,simMed_test.mat#84,84,1e-05,tpsscs_finished_detector,low_rank_residual_k30,0.275,0.125,0.15000000000000002,0.0,40,win
simMed_test.mat,simMed_test.mat#84,84,3e-05,tpsscs_finished_detector,low_rank_residual_k30,0.275,0.125,0.15000000000000002,1.5268107976059605e-05,40,win
simMed_test.mat,simMed_test.mat#84,84,0.0001,tpsscs_finished_detector,low_rank_residual_k30,0.3,0.15,0.15,9.160864785635764e-05,40,win
simMed_test.mat,simMed_test.mat#84,84,0.0003,tpsscs_finished_detector,low_rank_residual_k30,0.55,0.4,0.15000000000000002,0.0002900940515451,40,win
simMed_test.mat,simMed_test.mat#84,84,0.001,tpsscs_finished_detector,low_rank_residual_k30,0.8,0.7,0.10000000000000009,0.0009924270184438,40,win
simMed_test.mat,simMed_test.mat#84,84,0.003,tpsscs_finished_detector,low_rank_residual_k30,0.9,0.825,0.07500000000000007,0.0029925491633076,40,win
simMed_test.mat,simMed_test.mat#84,84,0.01,tpsscs_finished_detector,low_rank_residual_k30,0.975,0.95,0.025000000000000022,0.0099853426163429,40,win
simMed_test.mat,simMed_test.mat#85,85,1e-05,tpsscs_finished_detector,low_rank_residual_k30,0.2903225806451613,0.1290322580645161,0.1612903225806452,0.0,31,win
simMed_test.mat,simMed_test.mat#85,85,3e-05,tpsscs_finished_detector,low_rank_residual_k30,0.3225806451612903,0.1612903225806451,0.1612903225806452,1.5266010228226854e-05,31,win
simMed_test.mat,simMed_test.mat#85,85,0.0001,tpsscs_finished_detector,low_rank_residual_k30,0.4838709677419355,0.3225806451612903,0.16129032258064518,9.159606136936113e-05,31,win
simMed_test.mat,simMed_test.mat#85,85,0.0003,tpsscs_finished_detector,low_rank_residual_k30,0.5483870967741935,0.3870967741935484,0.16129032258064513,0.0002900541943363,31,win
simMed_test.mat,simMed_test.mat#85,85,0.001,tpsscs_finished_detector,low_rank_residual_k30,0.7741935483870968,0.6129032258064516,0.16129032258064513,0.0009922906648347,31,win
simMed_test.mat,simMed_test.mat#85,85,0.003,tpsscs_finished_detector,low_rank_residual_k30,0.8709677419354839,0.7419354838709677,0.12903225806451613,0.0029921380047324,31,win
simMed_test.mat,simMed_test.mat#85,85,0.01,tpsscs_finished_detector,low_rank_residual_k30,0.9032258064516128,0.8064516129032258,0.09677419354838701,0.0099992366994885,31,win
simMed_test.mat,simMed_test.mat#86,86,1e-05,tpsscs_finished_detector,low_rank_residual_k30,0.2727272727272727,0.1363636363636363,0.1363636363636364,0.0,44,win
simMed_test.mat,simMed_test.mat#86,86,3e-05,tpsscs_finished_detector,low_rank_residual_k30,0.3636363636363636,0.2272727272727272,0.13636363636363638,1.526904049349539e-05,44,win
simMed_test.mat,simMed_test.mat#86,86,0.0001,tpsscs_finished_detector,low_rank_residual_k30,0.4772727272727273,0.3409090909090909,0.1363636363636364,9.161424296097234e-05,44,win
simMed_test.mat,simMed_test.mat#86,86,0.0003,tpsscs_finished_detector,low_rank_residual_k30,0.6818181818181818,0.5681818181818182,0.11363636363636354,0.0002901117693764,44,win
simMed_test.mat,simMed_test.mat#86,86,0.001,tpsscs_finished_detector,low_rank_residual_k30,0.7727272727272727,0.7045454545454546,0.06818181818181812,0.0009924876320772,44,win
simMed_test.mat,simMed_test.mat#86,86,0.003,tpsscs_finished_detector,low_rank_residual_k30,0.9318181818181818,0.9090909090909092,0.022727272727272596,0.002992731936725,44,win
simMed_test.mat,simMed_test.mat#86,86,0.01,tpsscs_finished_detector,low_rank_residual_k30,0.9545454545454546,0.9545454545454546,0.0,0.0099859524827459,44,tie
simMed_test.mat,simMed_test.mat#87,87,1e-05,tpsscs_finished_detector,low_rank_residual_k30,0.1063829787234042,0.0851063829787234,0.0212765957446808,0.0,47,win
simMed_test.mat,simMed_test.mat#87,87,3e-05,tpsscs_finished_detector,low_rank_residual_k30,0.1063829787234042,0.0851063829787234,0.0212765957446808,1.5269739956328543e-05,47,win
simMed_test.mat,simMed_test.mat#87,87,0.0001,tpsscs_finished_detector,low_rank_residual_k30,0.3829787234042553,0.3617021276595745,0.021276595744680826,9.161843973797126e-05,47,win
simMed_test.mat,simMed_test.mat#87,87,0.0003,tpsscs_finished_detector,low_rank_residual_k30,0.425531914893617,0.4042553191489361,0.021276595744680937,0.0002901250591702,47,win
simMed_test.mat,simMed_test.mat#87,87,0.001,tpsscs_finished_detector,low_rank_residual_k30,0.4680851063829787,0.4468085106382978,0.021276595744680882,0.0009925330971613,47,win
simMed_test.mat,simMed_test.mat#87,87,0.003,tpsscs_finished_detector,low_rank_residual_k30,0.7446808510638298,0.7446808510638298,0.0,0.0029928690314403,47,tie
simMed_test.mat,simMed_test.mat#87,87,0.01,tpsscs_finished_detector,low_rank_residual_k30,0.851063829787234,0.851063829787234,0.0,0.0099864099314388,47,tie
simMed_test.mat,simMed_test.mat#88,88,1e-05,tpsscs_finished_detector,low_rank_residual_k30,0.0697674418604651,0.0697674418604651,0.0,0.0,43,tie
simMed_test.mat,simMed_test.mat#88,88,3e-05,tpsscs_finished_detector,low_rank_residual_k30,0.0930232558139534,0.0930232558139534,0.0,1.526880735345762e-05,43,tie
simMed_test.mat,simMed_test.mat#88,88,0.0001,tpsscs_finished_detector,low_rank_residual_k30,0.2790697674418604,0.2790697674418604,0.0,9.161284412074572e-05,43,tie
simMed_test.mat,simMed_test.mat#88,88,0.0003,tpsscs_finished_detector,low_rank_residual_k30,0.4418604651162791,0.4418604651162791,0.0,0.0002901073397156,43,tie
simMed_test.mat,simMed_test.mat#88,88,0.001,tpsscs_finished_detector,low_rank_residual_k30,0.5581395348837209,0.5581395348837209,0.0,0.0009924724779747,43,tie
simMed_test.mat,simMed_test.mat#88,88,0.003,tpsscs_finished_detector,low_rank_residual_k30,0.7441860465116279,0.7441860465116279,0.0,0.0029926862412776,43,tie
simMed_test.mat,simMed_test.mat#88,88,0.01,tpsscs_finished_detector,low_rank_residual_k30,0.8604651162790697,0.8604651162790697,0.0,0.0099858000091612,43,tie
simMed_test.mat,simMed_test.mat#89,89,1e-05,tpsscs_finished_detector,low_rank_residual_k30,0.28,0.12,0.16000000000000003,0.0,50,win
simMed_test.mat,simMed_test.mat#89,89,3e-05,tpsscs_finished_detector,low_rank_residual_k30,0.3,0.14,0.15999999999999998,1.5270439483248328e-05,50,win
simMed_test.mat,simMed_test.mat#89,89,0.0001,tpsscs_finished_detector,low_rank_residual_k30,0.38,0.26,0.12,9.162263689948996e-05,50,win
simMed_test.mat,simMed_test.mat#89,89,0.0003,tpsscs_finished_detector,low_rank_residual_k30,0.46,0.36,0.10000000000000003,0.0002901383501817,50,win
simMed_test.mat,simMed_test.mat#89,89,0.001,tpsscs_finished_detector,low_rank_residual_k30,0.74,0.68,0.05999999999999994,0.0009925785664111,50,win
simMed_test.mat,simMed_test.mat#89,89,0.003,tpsscs_finished_detector,low_rank_residual_k30,0.92,0.88,0.040000000000000036,0.0029930061387166,50,win
simMed_test.mat,simMed_test.mat#89,89,0.01,tpsscs_finished_detector,low_rank_residual_k30,0.96,0.92,0.039999999999999925,0.0099868674220444,50,win
simMed_test.mat,simMed_test.mat#9,9,1e-05,tpsscs_finished_detector,low_rank_residual_k30,0.3478260869565217,0.3043478260869565,0.04347826086956519,0.0,23,win
simMed_test.mat,simMed_test.mat#9,9,3e-05,tpsscs_finished_detector,low_rank_residual_k30,0.3478260869565217,0.3043478260869565,0.04347826086956519,1.526414604734938e-05,23,win
simMed_test.mat,simMed_test.mat#9,9,0.0001,tpsscs_finished_detector,low_rank_residual_k30,0.5217391304347826,0.4782608695652174,0.04347826086956519,9.158487628409628e-05,23,win
simMed_test.mat,simMed_test.mat#9,9,0.0003,tpsscs_finished_detector,low_rank_residual_k30,0.6956521739130435,0.6521739130434783,0.04347826086956519,0.0002900187748996,23,win
simMed_test.mat,simMed_test.mat#9,9,0.001,tpsscs_finished_detector,low_rank_residual_k30,0.782608695652174,0.7391304347826086,0.0434782608695653,0.0009921694930777,23,win
simMed_test.mat,simMed_test.mat#9,9,0.003,tpsscs_finished_detector,low_rank_residual_k30,0.8695652173913043,0.8260869565217391,0.04347826086956519,0.0029917726252804,23,win
simMed_test.mat,simMed_test.mat#9,9,0.01,tpsscs_finished_detector,low_rank_residual_k30,0.8695652173913043,0.8260869565217391,0.04347826086956519,0.0099980156610138,23,win
simMed_test.mat,simMed_test.mat#90,90,1e-05,tpsscs_finished_detector,low_rank_residual_k30,0.4,0.1333333333333333,0.2666666666666667,0.0,15,win
simMed_test.mat,simMed_test.mat#90,90,3e-05,tpsscs_finished_detector,low_rank_residual_k30,0.4666666666666667,0.2,0.26666666666666666,1.5262282321698386e-05,15,win
simMed_test.mat,simMed_test.mat#90,90,0.0001,tpsscs_finished_detector,low_rank_residual_k30,0.4666666666666667,0.2,0.26666666666666666,9.157369393019031e-05,15,win
simMed_test.mat,simMed_test.mat#90,90,0.0003,tpsscs_finished_detector,low_rank_residual_k30,0.4666666666666667,0.2,0.26666666666666666,0.0002899833641122,15,win
simMed_test.mat,simMed_test.mat#90,90,0.001,tpsscs_finished_detector,low_rank_residual_k30,0.4666666666666667,0.2,0.26666666666666666,0.0009920483509103,15,win
simMed_test.mat,simMed_test.mat#90,90,0.003,tpsscs_finished_detector,low_rank_residual_k30,0.7333333333333333,0.4666666666666667,0.2666666666666666,0.0029914073350528,15,win
simMed_test.mat,simMed_test.mat#90,90,0.01,tpsscs_finished_detector,low_rank_residual_k30,0.7333333333333333,0.4666666666666667,0.2666666666666666,0.0099967949207124,15,win
simMed_test.mat,simMed_test.mat#91,91,1e-05,tpsscs_finished_detector,low_rank_residual_k30,0.0434782608695652,0.0434782608695652,0.0,0.0,46,tie
simMed_test.mat,simMed_test.mat#91,91,3e-05,tpsscs_finished_detector,low_rank_residual_k30,0.108695652173913,0.108695652173913,0.0,1.5269506794930524e-05,46,tie
simMed_test.mat,simMed_test.mat#91,91,0.0001,tpsscs_finished_detector,low_rank_residual_k30,0.3478260869565217,0.3478260869565217,0.0,9.161704076958314e-05,46,tie
simMed_test.mat,simMed_test.mat#91,91,0.0003,tpsscs_finished_detector,low_rank_residual_k30,0.5217391304347826,0.5217391304347826,0.0,0.0002901206291036,46,tie
simMed_test.mat,simMed_test.mat#91,91,0.001,tpsscs_finished_detector,low_rank_residual_k30,0.7608695652173914,0.7608695652173914,0.0,0.0009925179416704,46,tie
simMed_test.mat,simMed_test.mat#91,91,0.003,tpsscs_finished_detector,low_rank_residual_k30,0.8260869565217391,0.8260869565217391,0.0,0.0029928233318063,46,tie
simMed_test.mat,simMed_test.mat#91,91,0.01,tpsscs_finished_detector,low_rank_residual_k30,0.8913043478260869,0.8913043478260869,0.0,0.0099862574438845,46,tie
simMed_test.mat,simMed_test.mat#92,92,1e-05,tpsscs_finished_detector,low_rank_residual_k30,0.1311475409836065,0.0327868852459016,0.09836065573770492,0.0,61,win
simMed_test.mat,simMed_test.mat#92,92,3e-05,tpsscs_finished_detector,low_rank_residual_k30,0.180327868852459,0.081967213114754,0.098360655737705,1.527300496372661e-05,61,win
simMed_test.mat,simMed_test.mat#92,92,0.0001,tpsscs_finished_detector,low_rank_residual_k30,0.2950819672131147,0.1967213114754098,0.09836065573770489,9.163802978235968e-05,61,win
simMed_test.mat,simMed_test.mat#92,92,0.0003,tpsscs_finished_detector,low_rank_residual_k30,0.4918032786885246,0.3934426229508196,0.09836065573770497,0.0002901870943108,61,win
simMed_test.mat,simMed_test.mat#92,92,0.001,tpsscs_finished_detector,low_rank_residual_k30,0.7213114754098361,0.639344262295082,0.08196721311475408,0.0009927453226422,61,win
simMed_test.mat,simMed_test.mat#92,92,0.003,tpsscs_finished_detector,low_rank_residual_k30,0.918032786885246,0.8688524590163934,0.049180327868852625,0.0029935089728904,61,win
simMed_test.mat,simMed_test.mat#92,92,0.01,tpsscs_finished_detector,low_rank_residual_k30,0.9344262295081968,0.9016393442622952,0.032786885245901565,0.0099885452462772,61,win
simMed_test.mat,simMed_test.mat#93,93,1e-05,tpsscs_finished_detector,low_rank_residual_k30,0.1746031746031746,0.1111111111111111,0.06349206349206349,0.0,63,win
simMed_test.mat,simMed_test.mat#93,93,3e-05,tpsscs_finished_detector,low_rank_residual_k30,0.1746031746031746,0.1111111111111111,0.06349206349206349,1.5273471507338904e-05,63,win
simMed_test.mat,simMed_test.mat#93,93,0.0001,tpsscs_finished_detector,low_rank_residual_k30,0.2539682539682539,0.2222222222222222,0.03174603174603169,9.16408290440334e-05,63,win
simMed_test.mat,simMed_test.mat#93,93,0.0003,tpsscs_finished_detector,low_rank_residual_k30,0.3015873015873015,0.2698412698412698,0.03174603174603169,0.0002901959586394,63,win
simMed_test.mat,simMed_test.mat#93,93,0.001,tpsscs_finished_detector,low_rank_residual_k30,0.5873015873015873,0.5873015873015873,0.0,0.000992775647977,63,tie
simMed_test.mat,simMed_test.mat#93,93,0.003,tpsscs_finished_detector,low_rank_residual_k30,0.7142857142857143,0.7142857142857143,0.0,0.0029936004154384,63,tie
simMed_test.mat,simMed_test.mat#93,93,0.01,tpsscs_finished_detector,low_rank_residual_k30,0.7936507936507936,0.7936507936507936,0.0,0.0099888503657996,63,tie
simMed_test.mat,simMed_test.mat#94,94,1e-05,tpsscs_finished_detector,low_rank_residual_k30,0.25,0.1,0.15,0.0,20,win
simMed_test.mat,simMed_test.mat#94,94,3e-05,tpsscs_finished_detector,low_rank_residual_k30,0.3,0.15,0.15,1.5263447096892362e-05,20,win
simMed_test.mat,simMed_test.mat#94,94,0.0001,tpsscs_finished_detector,low_rank_residual_k30,0.3,0.15,0.15,9.158068258135418e-05,20,win
simMed_test.mat,simMed_test.mat#94,94,0.0003,tpsscs_finished_detector,low_rank_residual_k30,0.3,0.15,0.15,0.0002900054948409,20,win
simMed_test.mat,simMed_test.mat#94,94,0.001,tpsscs_finished_detector,low_rank_residual_k30,0.3,0.15,0.15,0.000992124061298,20,win
simMed_test.mat,simMed_test.mat#94,94,0.003,tpsscs_finished_detector,low_rank_residual_k30,0.45,0.3,0.15000000000000002,0.0029916356309909,20,win
simMed_test.mat,simMed_test.mat#94,94,0.01,tpsscs_finished_detector,low_rank_residual_k30,0.55,0.4,0.15000000000000002,0.0099975578484644,20,win
simMed_test.mat,simMed_test.mat#95,95,1e-05,tpsscs_finished_detector,low_rank_residual_k30,0.2941176470588235,0.1176470588235294,0.1764705882352941,0.0,34,win
simMed_test.mat,simMed_test.mat#95,95,3e-05,tpsscs_finished_detector,low_rank_residual_k30,0.2941176470588235,0.1176470588235294,0.1764705882352941,1.5266709413453023e-05,34,win
simMed_test.mat,simMed_test.mat#95,95,0.0001,tpsscs_finished_detector,low_rank_residual_k30,0.4705882352941176,0.2941176470588235,0.1764705882352941,9.160025648071816e-05,34,win
simMed_test.mat,simMed_test.mat#95,95,0.0003,tpsscs_finished_detector,low_rank_residual_k30,0.5588235294117647,0.3823529411764705,0.1764705882352942,0.0002900674788556,34,win
simMed_test.mat,simMed_test.mat#95,95,0.001,tpsscs_finished_detector,low_rank_residual_k30,0.7352941176470589,0.6470588235294118,0.08823529411764708,0.0009923361118744,34,win
simMed_test.mat,simMed_test.mat#95,95,0.003,tpsscs_finished_detector,low_rank_residual_k30,0.8529411764705882,0.7647058823529411,0.08823529411764708,0.0029922750450367,34,win
simMed_test.mat,simMed_test.mat#95,95,0.01,tpsscs_finished_detector,low_rank_residual_k30,0.9117647058823528,0.8823529411764706,0.02941176470588225,0.0099996946658117,34,win
simMed_test.mat,simMed_test.mat#97,97,1e-05,tpsscs_finished_detector,low_rank_residual_k30,0.15,0.1,0.04999999999999999,0.0,60,win
simMed_test.mat,simMed_test.mat#97,97,3e-05,tpsscs_finished_detector,low_rank_residual_k30,0.1666666666666666,0.1166666666666666,0.05,1.527277170260859e-05,60,win
simMed_test.mat,simMed_test.mat#97,97,0.0001,tpsscs_finished_detector,low_rank_residual_k30,0.1833333333333333,0.1333333333333333,0.04999999999999999,9.163663021565152e-05,60,win
simMed_test.mat,simMed_test.mat#97,97,0.0003,tpsscs_finished_detector,low_rank_residual_k30,0.4,0.4,0.0,0.0002901826623495,60,tie
simMed_test.mat,simMed_test.mat#97,97,0.001,tpsscs_finished_detector,low_rank_residual_k30,0.6166666666666667,0.6166666666666667,0.0,0.0009927301606695,60,tie
simMed_test.mat,simMed_test.mat#97,97,0.003,tpsscs_finished_detector,low_rank_residual_k30,0.8166666666666667,0.8166666666666667,0.0,0.0029934632537112,60,tie
simMed_test.mat,simMed_test.mat#97,97,0.01,tpsscs_finished_detector,low_rank_residual_k30,0.9666666666666668,0.9666666666666668,0.0,0.009988392693506,60,tie
simMed_test.mat,simMed_test.mat#99,99,1e-05,tpsscs_finished_detector,low_rank_residual_k30,0.2,0.1,0.1,0.0,40,win
simMed_test.mat,simMed_test.mat#99,99,3e-05,tpsscs_finished_detector,low_rank_residual_k30,0.2,0.1,0.1,1.5268107976059605e-05,40,win
simMed_test.mat,simMed_test.mat#99,99,0.0001,tpsscs_finished_detector,low_rank_residual_k30,0.275,0.175,0.10000000000000003,9.160864785635764e-05,40,win
simMed_test.mat,simMed_test.mat#99,99,0.0003,tpsscs_finished_detector,low_rank_residual_k30,0.475,0.425,0.04999999999999999,0.0002900940515451,40,win
simMed_test.mat,simMed_test.mat#99,99,0.001,tpsscs_finished_detector,low_rank_residual_k30,0.65,0.65,0.0,0.0009924270184438,40,tie
simMed_test.mat,simMed_test.mat#99,99,0.003,tpsscs_finished_detector,low_rank_residual_k30,0.8,0.8,0.0,0.0029925491633076,40,tie
simMed_test.mat,simMed_test.mat#99,99,0.01,tpsscs_finished_detector,low_rank_residual_k30,0.825,0.825,0.0,0.0099853426163429,40,tie
simWind_test.mat,simWind_test.mat#0,0,1e-05,tpsscs_finished_detector,low_rank_residual_k30,0.1627906976744186,0.1395348837209302,0.023255813953488386,0.0,43,win
simWind_test.mat,simWind_test.mat#0,0,3e-05,tpsscs_finished_detector,low_rank_residual_k30,0.1627906976744186,0.1395348837209302,0.023255813953488386,1.526880735345762e-05,43,win
simWind_test.mat,simWind_test.mat#0,0,0.0001,tpsscs_finished_detector,low_rank_residual_k30,0.1860465116279069,0.1627906976744186,0.023255813953488302,9.161284412074572e-05,43,win
simWind_test.mat,simWind_test.mat#0,0,0.0003,tpsscs_finished_detector,low_rank_residual_k30,0.4883720930232558,0.4651162790697674,0.023255813953488413,0.0002901073397156,43,win
simWind_test.mat,simWind_test.mat#0,0,0.001,tpsscs_finished_detector,low_rank_residual_k30,0.8372093023255814,0.813953488372093,0.023255813953488413,0.0009924724779747,43,win
simWind_test.mat,simWind_test.mat#0,0,0.003,tpsscs_finished_detector,low_rank_residual_k30,0.9069767441860463,0.8837209302325582,0.02325581395348819,0.0029926862412776,43,win
simWind_test.mat,simWind_test.mat#0,0,0.01,tpsscs_finished_detector,low_rank_residual_k30,0.9302325581395348,0.9069767441860463,0.023255813953488413,0.0099858000091612,43,win
simWind_test.mat,simWind_test.mat#100,100,1e-05,tpsscs_finished_detector,low_rank_residual_k30,0.1509433962264151,0.0566037735849056,0.0943396226415095,0.0,53,win
simWind_test.mat,simWind_test.mat#100,100,3e-05,tpsscs_finished_detector,low_rank_residual_k30,0.1886792452830188,0.1132075471698113,0.0754716981132075,1.527113907426355e-05,53,win
simWind_test.mat,simWind_test.mat#100,100,0.0001,tpsscs_finished_detector,low_rank_residual_k30,0.3584905660377358,0.3018867924528302,0.05660377358490565,9.16268344455813e-05,53,win
simWind_test.mat,simWind_test.mat#100,100,0.0003,tpsscs_finished_detector,low_rank_residual_k30,0.490566037735849,0.4339622641509434,0.05660377358490559,0.000290151642411,53,win
simWind_test.mat,simWind_test.mat#100,100,0.001,tpsscs_finished_detector,low_rank_residual_k30,0.7735849056603774,0.7358490566037735,0.037735849056603876,0.0009926240398271,53,win
simWind_test.mat,simWind_test.mat#100,100,0.003,tpsscs_finished_detector,low_rank_residual_k30,0.8679245283018868,0.8301886792452831,0.037735849056603765,0.0029931432585556,53,win
simWind_test.mat,simWind_test.mat#100,100,0.01,tpsscs_finished_detector,low_rank_residual_k30,0.9433962264150944,0.9433962264150944,0.0,0.0099873249545683,53,tie
simWind_test.mat,simWind_test.mat#101,101,1e-05,tpsscs_finished_detector,low_rank_residual_k30,0.1764705882352941,0.0392156862745098,0.1372549019607843,0.0,51,win
simWind_test.mat,simWind_test.mat#101,101,3e-05,tpsscs_finished_detector,low_rank_residual_k30,0.1764705882352941,0.0392156862745098,0.1372549019607843,1.527067267313125e-05,51,win
simWind_test.mat,simWind_test.mat#101,101,0.0001,tpsscs_finished_detector,low_rank_residual_k30,0.3725490196078431,0.3333333333333333,0.039215686274509776,9.16240360387875e-05,51,win
simWind_test.mat,simWind_test.mat#101,101,0.0003,tpsscs_finished_detector,low_rank_residual_k30,0.5294117647058824,0.5294117647058824,0.0,0.0002901427807894,51,tie
simWind_test.mat,simWind_test.mat#101,101,0.001,tpsscs_finished_detector,low_rank_residual_k30,0.7843137254901961,0.7843137254901961,0.0,0.0009925937237535,51,tie
simWind_test.mat,simWind_test.mat#101,101,0.003,tpsscs_finished_detector,low_rank_residual_k30,0.9019607843137256,0.9019607843137256,0.0,0.0029930518439337,51,tie
simWind_test.mat,simWind_test.mat#101,101,0.01,tpsscs_finished_detector,low_rank_residual_k30,0.9019607843137256,0.9019607843137256,0.0,0.0099870199282278,51,tie
simWind_test.mat,simWind_test.mat#102,102,1e-05,tpsscs_finished_detector,low_rank_residual_k30,0.1538461538461538,0.0512820512820512,0.1025641025641026,0.0,39,win
simWind_test.mat,simWind_test.mat#102,102,3e-05,tpsscs_finished_detector,low_rank_residual_k30,0.2564102564102564,0.1794871794871795,0.0769230769230769,1.526787486449761e-05,39,win
simWind_test.mat,simWind_test.mat#102,102,0.0001,tpsscs_finished_detector,low_rank_residual_k30,0.358974358974359,0.3333333333333333,0.02564102564102566,9.160724918698568e-05,39,win
simWind_test.mat,simWind_test.mat#102,102,0.0003,tpsscs_finished_detector,low_rank_residual_k30,0.5128205128205128,0.5128205128205128,0.0,0.0002900896224254,39,tie
simWind_test.mat,simWind_test.mat#102,102,0.001,tpsscs_finished_detector,low_rank_residual_k30,0.7692307692307693,0.7692307692307693,0.0,0.0009924118661923,39,tie
simWind_test.mat,simWind_test.mat#102,102,0.003,tpsscs_finished_detector,low_rank_residual_k30,0.8461538461538461,0.8461538461538461,0.0,0.0029925034734415,39,tie
simWind_test.mat,simWind_test.mat#102,102,0.01,tpsscs_finished_detector,low_rank_residual_k30,0.8717948717948718,0.8717948717948718,0.0,0.0099851901613814,39,tie
simWind_test.mat,simWind_test.mat#104,104,1e-05,tpsscs_finished_detector,low_rank_residual_k30,0.32,0.08,0.24,0.0,25,win
simWind_test.mat,simWind_test.mat#104,104,3e-05,tpsscs_finished_detector,low_rank_residual_k30,0.4,0.16,0.24000000000000002,1.526461204988475e-05,25,win
simWind_test.mat,simWind_test.mat#104,104,0.0001,tpsscs_finished_detector,low_rank_residual_k30,0.56,0.32,0.24000000000000005,9.158767229930853e-05,25,win
simWind_test.mat,simWind_test.mat#104,104,0.0003,tpsscs_finished_detector,low_rank_residual_k30,0.8,0.56,0.24,0.0002900276289478,25,win
simWind_test.mat,simWind_test.mat#104,104,0.001,tpsscs_finished_detector,low_rank_residual_k30,0.88,0.72,0.16000000000000003,0.0009921997832425,25,win
simWind_test.mat,simWind_test.mat#104,104,0.003,tpsscs_finished_detector,low_rank_residual_k30,0.88,0.72,0.16000000000000003,0.0029918639617774,25,win
simWind_test.mat,simWind_test.mat#104,104,0.01,tpsscs_finished_detector,low_rank_residual_k30,0.88,0.8,0.07999999999999996,0.0099983208926745,25,win
simWind_test.mat,simWind_test.mat#105,105,1e-05,tpsscs_finished_detector,low_rank_residual_k30,0.1923076923076923,0.0769230769230769,0.11538461538461539,0.0,26,win
simWind_test.mat,simWind_test.mat#105,105,3e-05,tpsscs_finished_detector,low_rank_residual_k30,0.2692307692307692,0.1538461538461538,0.11538461538461542,1.5264845061822624e-05,26,win
simWind_test.mat,simWind_test.mat#105,105,0.0001,tpsscs_finished_detector,low_rank_residual_k30,0.5384615384615384,0.4230769230769231,0.11538461538461536,9.158907037093572e-05,26,win
simWind_test.mat,simWind_test.mat#105,105,0.0003,tpsscs_finished_detector,low_rank_residual_k30,0.6538461538461539,0.5384615384615384,0.11538461538461542,0.0002900320561746,26,win
simWind_test.mat,simWind_test.mat#105,105,0.001,tpsscs_finished_detector,low_rank_residual_k30,0.8461538461538461,0.7307692307692307,0.11538461538461542,0.0009922149290184,26,win
simWind_test.mat,simWind_test.mat#105,105,0.003,tpsscs_finished_detector,low_rank_residual_k30,0.9230769230769232,0.8076923076923077,0.11538461538461553,0.0029919096321172,26,win
simWind_test.mat,simWind_test.mat#105,105,0.01,tpsscs_finished_detector,low_rank_residual_k30,0.9230769230769232,0.8076923076923077,0.11538461538461553,0.0099984735154938,26,win
simWind_test.mat,simWind_test.mat#107,107,1e-05,tpsscs_finished_detector,low_rank_residual_k30,0.1020408163265306,0.0612244897959183,0.040816326530612304,0.0,49,win
simWind_test.mat,simWind_test.mat#107,107,3e-05,tpsscs_finished_detector,low_rank_residual_k30,0.1428571428571428,0.1020408163265306,0.04081632653061219,1.5270206300487118e-05,49,win
simWind_test.mat,simWind_test.mat#107,107,0.0001,tpsscs_finished_detector,low_rank_residual_k30,0.2653061224489796,0.2448979591836734,0.0204081632653062,9.162123780292272e-05,49,win
simWind_test.mat,simWind_test.mat#107,107,0.0003,tpsscs_finished_detector,low_rank_residual_k30,0.4897959183673469,0.4693877551020408,0.020408163265306145,0.0002901339197092,49,win
simWind_test.mat,simWind_test.mat#107,107,0.001,tpsscs_finished_detector,low_rank_residual_k30,0.6326530612244898,0.6122448979591837,0.020408163265306145,0.0009925634095316,49,win
simWind_test.mat,simWind_test.mat#107,107,0.003,tpsscs_finished_detector,low_rank_residual_k30,0.6938775510204082,0.6938775510204082,0.0,0.0029929604348954,49,tie
simWind_test.mat,simWind_test.mat#107,107,0.01,tpsscs_finished_detector,low_rank_residual_k30,0.8163265306122449,0.8163265306122449,0.0,0.0099867149205185,49,tie
simWind_test.mat,simWind_test.mat#108,108,1e-05,tpsscs_finished_detector,low_rank_residual_k30,0.16,0.12,0.04000000000000001,0.0,25,win
simWind_test.mat,simWind_test.mat#108,108,3e-05,tpsscs_finished_detector,low_rank_residual_k30,0.16,0.16,0.0,1.526461204988475e-05,25,tie
simWind_test.mat,simWind_test.mat#108,108,0.0001,tpsscs_finished_detector,low_rank_residual_k30,0.4,0.4,0.0,9.158767229930853e-05,25,tie
simWind_test.mat,simWind_test.mat#108,108,0.0003,tpsscs_finished_detector,low_rank_residual_k30,0.64,0.64,0.0,0.0002900276289478,25,tie
simWind_test.mat,simWind_test.mat#108,108,0.001,tpsscs_finished_detector,low_rank_residual_k30,0.8,0.8,0.0,0.0009921997832425,25,tie
simWind_test.mat,simWind_test.mat#108,108,0.003,tpsscs_finished_detector,low_rank_residual_k30,0.84,0.84,0.0,0.0029918639617774,25,tie
simWind_test.mat,simWind_test.mat#108,108,0.01,tpsscs_finished_detector,low_rank_residual_k30,0.92,0.92,0.0,0.0099983208926745,25,tie
simWind_test.mat,simWind_test.mat#11,11,1e-05,tpsscs_finished_detector,low_rank_residual_k30,0.1379310344827586,0.1034482758620689,0.034482758620689696,0.0,58,win
simWind_test.mat,simWind_test.mat#11,11,3e-05,tpsscs_finished_detector,low_rank_residual_k30,0.1379310344827586,0.1034482758620689,0.034482758620689696,1.527230520174715e-05,58,win
simWind_test.mat,simWind_test.mat#11,11,0.0001,tpsscs_finished_detector,low_rank_residual_k30,0.3103448275862069,0.2758620689655172,0.034482758620689724,9.163383121048293e-05,58,win
simWind_test.mat,simWind_test.mat#11,11,0.0003,tpsscs_finished_detector,low_rank_residual_k30,0.4827586206896552,0.4482758620689655,0.03448275862068967,0.0002901737988331,58,win
simWind_test.mat,simWind_test.mat#11,11,0.001,tpsscs_finished_detector,low_rank_residual_k30,0.6724137931034483,0.6379310344827587,0.03448275862068961,0.0009926998381135,58,win
simWind_test.mat,simWind_test.mat#11,11,0.003,tpsscs_finished_detector,low_rank_residual_k30,0.913793103448276,0.896551724137931,0.017241379310344973,0.0029933718195424,58,win
simWind_test.mat,simWind_test.mat#11,11,0.01,tpsscs_finished_detector,low_rank_residual_k30,0.9827586206896552,0.9655172413793104,0.017241379310344862,0.0099880876019426,58,win
simWind_test.mat,simWind_test.mat#110,110,1e-05,tpsscs_finished_detector,low_rank_residual_k30,0.1111111111111111,0.0476190476190476,0.0634920634920635,0.0,63,win
simWind_test.mat,simWind_test.mat#110,110,3e-05,tpsscs_finished_detector,low_rank_residual_k30,0.1269841269841269,0.0634920634920634,0.06349206349206349,1.5273471507338904e-05,63,win
simWind_test.mat,simWind_test.mat#110,110,0.0001,tpsscs_finished_detector,low_rank_residual_k30,0.2539682539682539,0.1904761904761904,0.06349206349206349,9.16408290440334e-05,63,win
simWind_test.mat,simWind_test.mat#110,110,0.0003,tpsscs_finished_detector,low_rank_residual_k30,0.3809523809523809,0.3174603174603174,0.06349206349206349,0.0002901959586394,63,win
simWind_test.mat,simWind_test.mat#110,110,0.001,tpsscs_finished_detector,low_rank_residual_k30,0.6984126984126984,0.6349206349206349,0.06349206349206349,0.000992775647977,63,win
simWind_test.mat,simWind_test.mat#110,110,0.003,tpsscs_finished_detector,low_rank_residual_k30,0.9047619047619048,0.8571428571428571,0.04761904761904767,0.0029936004154384,63,win
simWind_test.mat,simWind_test.mat#110,110,0.01,tpsscs_finished_detector,low_rank_residual_k30,0.9523809523809524,0.9365079365079364,0.01587301587301604,0.0099888503657996,63,win
simWind_test.mat,simWind_test.mat#111,111,1e-05,tpsscs_finished_detector,low_rank_residual_k30,0.1627906976744186,0.1627906976744186,0.0,0.0,43,tie
simWind_test.mat,simWind_test.mat#111,111,3e-05,tpsscs_finished_detector,low_rank_residual_k30,0.1860465116279069,0.1860465116279069,0.0,1.526880735345762e-05,43,tie
simWind_test.mat,simWind_test.mat#111,111,0.0001,tpsscs_finished_detector,low_rank_residual_k30,0.2558139534883721,0.2558139534883721,0.0,9.161284412074572e-05,43,tie
simWind_test.mat,simWind_test.mat#111,111,0.0003,tpsscs_finished_detector,low_rank_residual_k30,0.4651162790697674,0.4651162790697674,0.0,0.0002901073397156,43,tie
simWind_test.mat,simWind_test.mat#111,111,0.001,tpsscs_finished_detector,low_rank_residual_k30,0.5581395348837209,0.5581395348837209,0.0,0.0009924724779747,43,tie
simWind_test.mat,simWind_test.mat#111,111,0.003,tpsscs_finished_detector,low_rank_residual_k30,0.6046511627906976,0.6046511627906976,0.0,0.0029926862412776,43,tie
simWind_test.mat,simWind_test.mat#111,111,0.01,tpsscs_finished_detector,low_rank_residual_k30,0.7209302325581395,0.7209302325581395,0.0,0.0099858000091612,43,tie
simWind_test.mat,simWind_test.mat#112,112,1e-05,tpsscs_finished_detector,low_rank_residual_k30,0.1276595744680851,0.1063829787234042,0.021276595744680896,0.0,47,win
simWind_test.mat,simWind_test.mat#112,112,3e-05,tpsscs_finished_detector,low_rank_residual_k30,0.1276595744680851,0.1063829787234042,0.021276595744680896,1.5269739956328543e-05,47,win
simWind_test.mat,simWind_test.mat#112,112,0.0001,tpsscs_finished_detector,low_rank_residual_k30,0.3404255319148936,0.3191489361702128,0.021276595744680826,9.161843973797126e-05,47,win
simWind_test.mat,simWind_test.mat#112,112,0.0003,tpsscs_finished_detector,low_rank_residual_k30,0.4042553191489361,0.3829787234042553,0.02127659574468077,0.0002901250591702,47,win
simWind_test.mat,simWind_test.mat#112,112,0.001,tpsscs_finished_detector,low_rank_residual_k30,0.723404255319149,0.7021276595744681,0.021276595744680882,0.0009925330971613,47,win
simWind_test.mat,simWind_test.mat#112,112,0.003,tpsscs_finished_detector,low_rank_residual_k30,0.9148936170212766,0.8936170212765957,0.021276595744680882,0.0029928690314403,47,win
simWind_test.mat,simWind_test.mat#112,112,0.01,tpsscs_finished_detector,low_rank_residual_k30,0.9574468085106383,0.9361702127659576,0.02127659574468077,0.0099864099314388,47,win
simWind_test.mat,simWind_test.mat#113,113,1e-05,tpsscs_finished_detector,low_rank_residual_k30,0.1428571428571428,0.0,0.1428571428571428,0.0,14,win
simWind_test.mat,simWind_test.mat#113,113,3e-05,tpsscs_finished_detector,low_rank_residual_k30,0.2857142857142857,0.1428571428571428,0.1428571428571429,1.5262049387991818e-05,14,win
simWind_test.mat,simWind_test.mat#113,113,0.0001,tpsscs_finished_detector,low_rank_residual_k30,0.4285714285714285,0.2857142857142857,0.1428571428571428,9.157229632795092e-05,14,win
simWind_test.mat,simWind_test.mat#113,113,0.0003,tpsscs_finished_detector,low_rank_residual_k30,0.5,0.3571428571428571,0.1428571428571429,0.0002899789383718,14,win
simWind_test.mat,simWind_test.mat#113,113,0.001,tpsscs_finished_detector,low_rank_residual_k30,0.5,0.3571428571428571,0.1428571428571429,0.0009920332102194,14,win
simWind_test.mat,simWind_test.mat#113,113,0.003,tpsscs_finished_detector,low_rank_residual_k30,0.5,0.3571428571428571,0.1428571428571429,0.0029913616800463,14,win
simWind_test.mat,simWind_test.mat#113,113,0.01,tpsscs_finished_detector,low_rank_residual_k30,0.5,0.3571428571428571,0.1428571428571429,0.0099966423491346,14,win
simWind_test.mat,simWind_test.mat#114,114,1e-05,tpsscs_finished_detector,low_rank_residual_k30,0.2777777777777778,0.2777777777777778,0.0,0.0,36,tie
simWind_test.mat,simWind_test.mat#114,114,3e-05,tpsscs_finished_detector,low_rank_residual_k30,0.3611111111111111,0.3611111111111111,0.0,1.5267175572519083e-05,36,tie
simWind_test.mat,simWind_test.mat#114,114,0.0001,tpsscs_finished_detector,low_rank_residual_k30,0.4444444444444444,0.4444444444444444,0.0,9.16030534351145e-05,36,tie
simWind_test.mat,simWind_test.mat#114,114,0.0003,tpsscs_finished_detector,low_rank_residual_k30,0.5833333333333334,0.5833333333333334,0.0,0.0002900763358778,36,tie
simWind_test.mat,simWind_test.mat#114,114,0.001,tpsscs_finished_detector,low_rank_residual_k30,0.75,0.75,0.0,0.0009923664122137,36,tie
simWind_test.mat,simWind_test.mat#114,114,0.003,tpsscs_finished_detector,low_rank_residual_k30,0.7777777777777778,0.7777777777777778,0.0,0.0029923664122137,36,tie
simWind_test.mat,simWind_test.mat#114,114,0.01,tpsscs_finished_detector,low_rank_residual_k30,0.9166666666666666,0.9166666666666666,0.0,0.01,36,tie
simWind_test.mat,simWind_test.mat#115,115,1e-05,tpsscs_finished_detector,low_rank_residual_k30,0.3181818181818182,0.3181818181818182,0.0,0.0,22,tie
simWind_test.mat,simWind_test.mat#115,115,3e-05,tpsscs_finished_detector,low_rank_residual_k30,0.3181818181818182,0.3181818181818182,0.0,1.5263913056751228e-05,22,tie
simWind_test.mat,simWind_test.mat#115,115,0.0001,tpsscs_finished_detector,low_rank_residual_k30,0.4545454545454545,0.4545454545454545,0.0,9.158347834050736e-05,22,tie
simWind_test.mat,simWind_test.mat#115,115,0.0003,tpsscs_finished_detector,low_rank_residual_k30,0.4545454545454545,0.4545454545454545,0.0,0.0002900143480782,22,tie
simWind_test.mat,simWind_test.mat#115,115,0.001,tpsscs_finished_detector,low_rank_residual_k30,0.5,0.5,0.0,0.0009921543486888,22,tie
simWind_test.mat,simWind_test.mat#115,115,0.003,tpsscs_finished_detector,low_rank_residual_k30,0.5,0.5,0.0,0.0029917269591232,22,tie
simWind_test.mat,simWind_test.mat#115,115,0.01,tpsscs_finished_detector,low_rank_residual_k30,0.6818181818181818,0.6818181818181818,0.0,0.009997863052172,22,tie
simWind_test.mat,simWind_test.mat#116,116,1e-05,tpsscs_finished_detector,low_rank_residual_k30,0.074074074074074,0.0,0.074074074074074,0.0,27,win
simWind_test.mat,simWind_test.mat#116,116,3e-05,tpsscs_finished_detector,low_rank_residual_k30,0.2592592592592592,0.2222222222222222,0.03703703703703698,1.5265078080874384e-05,27,win
simWind_test.mat,simWind_test.mat#116,116,0.0001,tpsscs_finished_detector,low_rank_residual_k30,0.2962962962962963,0.2962962962962963,0.0,9.15904684852463e-05,27,tie
simWind_test.mat,simWind_test.mat#116,116,0.0003,tpsscs_finished_detector,low_rank_residual_k30,0.5555555555555556,0.5555555555555556,0.0,0.0002900364835366,27,tie
simWind_test.mat,simWind_test.mat#116,116,0.001,tpsscs_finished_detector,low_rank_residual_k30,0.7407407407407407,0.7407407407407407,0.0,0.0009922300752568,27,tie
simWind_test.mat,simWind_test.mat#116,116,0.003,tpsscs_finished_detector,low_rank_residual_k30,0.8518518518518519,0.8518518518518519,0.0,0.0029919553038513,27,tie
simWind_test.mat,simWind_test.mat#116,116,0.01,tpsscs_finished_detector,low_rank_residual_k30,0.925925925925926,0.925925925925926,0.0,0.0099986261429727,27,tie
simWind_test.mat,simWind_test.mat#117,117,1e-05,tpsscs_finished_detector,low_rank_residual_k30,0.0178571428571428,0.0,0.0178571428571428,0.0,56,win
simWind_test.mat,simWind_test.mat#117,117,3e-05,tpsscs_finished_detector,low_rank_residual_k30,0.125,0.1071428571428571,0.017857142857142905,1.5271838729383018e-05,56,win
simWind_test.mat,simWind_test.mat#117,117,0.0001,tpsscs_finished_detector,low_rank_residual_k30,0.2321428571428571,0.2142857142857142,0.017857142857142905,9.163103237629813e-05,56,win
simWind_test.mat,simWind_test.mat#117,117,0.0003,tpsscs_finished_detector,low_rank_residual_k30,0.3392857142857143,0.3214285714285714,0.017857142857142905,0.0002901649358582,56,win
simWind_test.mat,simWind_test.mat#117,117,0.001,tpsscs_finished_detector,low_rank_residual_k30,0.625,0.6071428571428571,0.017857142857142905,0.0009926695174098,56,win
simWind_test.mat,simWind_test.mat#117,117,0.003,tpsscs_finished_detector,low_rank_residual_k30,0.9464285714285714,0.9464285714285714,0.0,0.002993280390959,56,tie
simWind_test.mat,simWind_test.mat#117,117,0.01,tpsscs_finished_detector,low_rank_residual_k30,0.9642857142857144,0.9642857142857144,0.0,0.0099877825290164,56,tie
simWind_test.mat,simWind_test.mat#118,118,1e-05,tpsscs_finished_detector,low_rank_residual_k30,0.0701754385964912,0.0175438596491228,0.0526315789473684,0.0,57,win
simWind_test.mat,simWind_test.mat#118,118,3e-05,tpsscs_finished_detector,low_rank_residual_k30,0.087719298245614,0.0526315789473684,0.035087719298245605,1.5272071962003084e-05,57,win
simWind_test.mat,simWind_test.mat#118,118,0.0001,tpsscs_finished_detector,low_rank_residual_k30,0.3157894736842105,0.2982456140350877,0.017543859649122806,9.163243177201852e-05,57,win
simWind_test.mat,simWind_test.mat#118,118,0.0003,tpsscs_finished_detector,low_rank_residual_k30,0.4210526315789473,0.4035087719298245,0.017543859649122806,0.000290169367278,57,win
simWind_test.mat,simWind_test.mat#118,118,0.001,tpsscs_finished_detector,low_rank_residual_k30,0.631578947368421,0.631578947368421,0.0,0.0009926846775302,57,tie
simWind_test.mat,simWind_test.mat#118,118,0.003,tpsscs_finished_detector,low_rank_residual_k30,0.7719298245614035,0.7719298245614035,0.0,0.0029933261045526,57,tie
simWind_test.mat,simWind_test.mat#118,118,0.01,tpsscs_finished_detector,low_rank_residual_k30,0.8596491228070176,0.8596491228070176,0.0,0.00998793506315,57,tie
simWind_test.mat,simWind_test.mat#12,12,1e-05,tpsscs_finished_detector,low_rank_residual_k30,0.1403508771929824,0.0350877192982456,0.1052631578947368,0.0,57,win
simWind_test.mat,simWind_test.mat#12,12,3e-05,tpsscs_finished_detector,low_rank_residual_k30,0.1403508771929824,0.0350877192982456,0.1052631578947368,1.5272071962003084e-05,57,win
simWind_test.mat,simWind_test.mat#12,12,0.0001,tpsscs_finished_detector,low_rank_residual_k30,0.2982456140350877,0.2280701754385964,0.07017543859649131,9.163243177201852e-05,57,win
simWind_test.mat,simWind_test.mat#12,12,0.0003,tpsscs_finished_detector,low_rank_residual_k30,0.4561403508771929,0.4385964912280701,0.017543859649122806,0.000290169367278,57,win
simWind_test.mat,simWind_test.mat#12,12,0.001,tpsscs_finished_detector,low_rank_residual_k30,0.631578947368421,0.631578947368421,0.0,0.0009926846775302,57,tie
simWind_test.mat,simWind_test.mat#12,12,0.003,tpsscs_finished_detector,low_rank_residual_k30,0.7894736842105263,0.7894736842105263,0.0,0.0029933261045526,57,tie
simWind_test.mat,simWind_test.mat#12,12,0.01,tpsscs_finished_detector,low_rank_residual_k30,0.8245614035087719,0.8245614035087719,0.0,0.00998793506315,57,tie
simWind_test.mat,simWind_test.mat#121,121,1e-05,tpsscs_finished_detector,low_rank_residual_k30,0.081081081081081,0.054054054054054,0.027027027027027,0.0,37,win
simWind_test.mat,simWind_test.mat#121,121,3e-05,tpsscs_finished_detector,low_rank_residual_k30,0.1621621621621621,0.1351351351351351,0.027027027027027,1.5267408662727676e-05,37,win
simWind_test.mat,simWind_test.mat#121,121,0.0001,tpsscs_finished_detector,low_rank_residual_k30,0.3243243243243243,0.2972972972972973,0.027027027027026973,9.160445197636606e-05,37,win
simWind_test.mat,simWind_test.mat#121,121,0.0003,tpsscs_finished_detector,low_rank_residual_k30,0.5675675675675675,0.5405405405405406,0.027027027027026973,0.0002900807645918,37,win
simWind_test.mat,simWind_test.mat#121,121,0.001,tpsscs_finished_detector,low_rank_residual_k30,0.8108108108108109,0.7837837837837838,0.027027027027027084,0.0009923815630772,37,win
simWind_test.mat,simWind_test.mat#121,121,0.003,tpsscs_finished_detector,low_rank_residual_k30,0.8918918918918919,0.8648648648648649,0.027027027027026973,0.0029924120978946,37,win
simWind_test.mat,simWind_test.mat#121,121,0.01,tpsscs_finished_detector,low_rank_residual_k30,0.945945945945946,0.918918918918919,0.027027027027027084,0.0099848852654238,37,win
simWind_test.mat,simWind_test.mat#122,122,1e-05,tpsscs_finished_detector,low_rank_residual_k30,0.2,0.1333333333333333,0.06666666666666671,0.0,15,win
simWind_test.mat,simWind_test.mat#122,122,3e-05,tpsscs_finished_detector,low_rank_residual_k30,0.2,0.1333333333333333,0.06666666666666671,1.5262282321698386e-05,15,win
simWind_test.mat,simWind_test.mat#122,122,0.0001,tpsscs_finished_detector,low_rank_residual_k30,0.4,0.3333333333333333,0.06666666666666671,9.157369393019031e-05,15,win
simWind_test.mat,simWind_test.mat#122,122,0.0003,tpsscs_finished_detector,low_rank_residual_k30,0.4666666666666667,0.4,0.06666666666666665,0.0002899833641122,15,win
simWind_test.mat,simWind_test.mat#122,122,0.001,tpsscs_finished_detector,low_rank_residual_k30,0.5333333333333333,0.4666666666666667,0.06666666666666665,0.0009920483509103,15,win
simWind_test.mat,simWind_test.mat#122,122,0.003,tpsscs_finished_detector,low_rank_residual_k30,0.6666666666666666,0.6,0.06666666666666665,0.0029914073350528,15,win
simWind_test.mat,simWind_test.mat#122,122,0.01,tpsscs_finished_detector,low_rank_residual_k30,0.6666666666666666,0.6,0.06666666666666665,0.0099967949207124,15,win
simWind_test.mat,simWind_test.mat#123,123,1e-05,tpsscs_finished_detector,low_rank_residual_k30,0.0952380952380952,0.0476190476190476,0.0476190476190476,0.0,42,win
simWind_test.mat,simWind_test.mat#123,123,3e-05,tpsscs_finished_detector,low_rank_residual_k30,0.119047619047619,0.0714285714285714,0.0476190476190476,1.5268574220539285e-05,42,win
simWind_test.mat,simWind_test.mat#123,123,0.0001,tpsscs_finished_detector,low_rank_residual_k30,0.4047619047619047,0.3571428571428571,0.047619047619047616,9.161144532323573e-05,42,win
simWind_test.mat,simWind_test.mat#123,123,0.0003,tpsscs_finished_detector,low_rank_residual_k30,0.5238095238095238,0.4761904761904761,0.04761904761904773,0.0002901029101902,42,win
simWind_test.mat,simWind_test.mat#123,123,0.001,tpsscs_finished_detector,low_rank_residual_k30,0.8095238095238095,0.7619047619047619,0.04761904761904767,0.000992457324335,42,win
simWind_test.mat,simWind_test.mat#123,123,0.003,tpsscs_finished_detector,low_rank_residual_k30,0.9523809523809524,0.9285714285714286,0.023809523809523836,0.0029926405472257,42,win
simWind_test.mat,simWind_test.mat#123,123,0.01,tpsscs_finished_detector,low_rank_residual_k30,0.9761904761904762,0.9761904761904762,0.0,0.0099856475402326,42,tie
simWind_test.mat,simWind_test.mat#124,124,1e-05,tpsscs_finished_detector,low_rank_residual_k30,0.16,0.16,0.0,0.0,25,tie
simWind_test.mat,simWind_test.mat#124,124,3e-05,tpsscs_finished_detector,low_rank_residual_k30,0.24,0.24,0.0,1.526461204988475e-05,25,tie
simWind_test.mat,simWind_test.mat#124,124,0.0001,tpsscs_finished_detector,low_rank_residual_k30,0.28,0.28,0.0,9.158767229930853e-05,25,tie
simWind_test.mat,simWind_test.mat#124,124,0.0003,tpsscs_finished_detector,low_rank_residual_k30,0.44,0.44,0.0,0.0002900276289478,25,tie
simWind_test.mat,simWind_test.mat#124,124,0.001,tpsscs_finished_detector,low_rank_residual_k30,0.52,0.52,0.0,0.0009921997832425,25,tie
simWind_test.mat,simWind_test.mat#124,124,0.003,tpsscs_finished_detector,low_rank_residual_k30,0.56,0.56,0.0,0.0029918639617774,25,tie
simWind_test.mat,simWind_test.mat#124,124,0.01,tpsscs_finished_detector,low_rank_residual_k30,0.68,0.68,0.0,0.0099983208926745,25,tie
simWind_test.mat,simWind_test.mat#125,125,1e-05,tpsscs_finished_detector,low_rank_residual_k30,0.2372881355932203,0.2203389830508474,0.01694915254237289,0.0,59,win
simWind_test.mat,simWind_test.mat#125,125,3e-05,tpsscs_finished_detector,low_rank_residual_k30,0.2542372881355932,0.2372881355932203,0.01694915254237292,1.5272538448615544e-05,59,win
simWind_test.mat,simWind_test.mat#125,125,0.0001,tpsscs_finished_detector,low_rank_residual_k30,0.3389830508474576,0.3220338983050847,0.01694915254237289,9.163523069169329e-05,59,win
simWind_test.mat,simWind_test.mat#125,125,0.0003,tpsscs_finished_detector,low_rank_residual_k30,0.3898305084745763,0.3728813559322034,0.01694915254237289,0.0002901782305236,59,win
simWind_test.mat,simWind_test.mat#125,125,0.001,tpsscs_finished_detector,low_rank_residual_k30,0.6101694915254238,0.6101694915254238,0.0,0.00099271499916,59,tie
simWind_test.mat,simWind_test.mat#125,125,0.003,tpsscs_finished_detector,low_rank_residual_k30,0.7627118644067796,0.7627118644067796,0.0,0.0029934175359286,59,tie
simWind_test.mat,simWind_test.mat#125,125,0.01,tpsscs_finished_detector,low_rank_residual_k30,0.8813559322033898,0.8813559322033898,0.0,0.0099882401453945,59,tie
simWind_test.mat,simWind_test.mat#126,126,1e-05,tpsscs_finished_detector,low_rank_residual_k30,0.2307692307692307,0.1538461538461538,0.0769230769230769,0.0,26,win
simWind_test.mat,simWind_test.mat#126,126,3e-05,tpsscs_finished_detector,low_rank_residual_k30,0.3076923076923077,0.2307692307692307,0.07692307692307701,1.5264845061822624e-05,26,win
simWind_test.mat,simWind_test.mat#126,126,0.0001,tpsscs_finished_detector,low_rank_residual_k30,0.4615384615384615,0.3846153846153846,0.07692307692307693,9.158907037093572e-05,26,win
simWind_test.mat,simWind_test.mat#126,126,0.0003,tpsscs_finished_detector,low_rank_residual_k30,0.6153846153846154,0.5769230769230769,0.03846153846153855,0.0002900320561746,26,win
simWind_test.mat,simWind_test.mat#126,126,0.001,tpsscs_finished_detector,low_rank_residual_k30,0.6153846153846154,0.5769230769230769,0.03846153846153855,0.0009922149290184,26,win
simWind_test.mat,simWind_test.mat#126,126,0.003,tpsscs_finished_detector,low_rank_residual_k30,0.6923076923076923,0.6538461538461539,0.038461538461538436,0.0029919096321172,26,win
simWind_test.mat,simWind_test.mat#126,126,0.01,tpsscs_finished_detector,low_rank_residual_k30,0.7307692307692307,0.7307692307692307,0.0,0.0099984735154938,26,tie
simWind_test.mat,simWind_test.mat#127,127,1e-05,tpsscs_finished_detector,low_rank_residual_k30,0.1818181818181818,0.0909090909090909,0.0909090909090909,0.0,33,win
simWind_test.mat,simWind_test.mat#127,127,3e-05,tpsscs_finished_detector,low_rank_residual_k30,0.2121212121212121,0.1212121212121212,0.0909090909090909,1.5266476344594905e-05,33,win
simWind_test.mat,simWind_test.mat#127,127,0.0001,tpsscs_finished_detector,low_rank_residual_k30,0.4242424242424242,0.3636363636363636,0.06060606060606061,9.159885806756944e-05,33,win
simWind_test.mat,simWind_test.mat#127,127,0.0003,tpsscs_finished_detector,low_rank_residual_k30,0.6060606060606061,0.5454545454545454,0.06060606060606066,0.0002900630505473,33,win
simWind_test.mat,simWind_test.mat#127,127,0.001,tpsscs_finished_detector,low_rank_residual_k30,0.7272727272727273,0.696969696969697,0.030303030303030276,0.0009923209623986,33,win
simWind_test.mat,simWind_test.mat#127,127,0.003,tpsscs_finished_detector,low_rank_residual_k30,0.7878787878787878,0.7575757575757576,0.030303030303030276,0.0029922293635406,33,win
simWind_test.mat,simWind_test.mat#127,127,0.01,tpsscs_finished_detector,low_rank_residual_k30,0.9090909090909092,0.8787878787878788,0.030303030303030387,0.0099995420057096,33,win
simWind_test.mat,simWind_test.mat#13,13,1e-05,tpsscs_finished_detector,low_rank_residual_k30,0.2941176470588235,0.1764705882352941,0.11764705882352938,0.0,17,win
simWind_test.mat,simWind_test.mat#13,13,3e-05,tpsscs_finished_detector,low_rank_residual_k30,0.4117647058823529,0.2941176470588235,0.11764705882352944,1.526274821044277e-05,17,win
simWind_test.mat,simWind_test.mat#13,13,0.0001,tpsscs_finished_detector,low_rank_residual_k30,0.4705882352941176,0.3529411764705882,0.11764705882352938,9.157648926265664e-05,17,win
simWind_test.mat,simWind_test.mat#13,13,0.0003,tpsscs_finished_detector,low_rank_residual_k30,0.5882352941176471,0.5294117647058824,0.05882352941176472,0.0002899922159984,17,win
simWind_test.mat,simWind_test.mat#13,13,0.001,tpsscs_finished_detector,low_rank_residual_k30,0.7058823529411765,0.6470588235294118,0.05882352941176472,0.0009920786336787,17,win
simWind_test.mat,simWind_test.mat#13,13,0.003,tpsscs_finished_detector,low_rank_residual_k30,0.7058823529411765,0.6470588235294118,0.05882352941176472,0.0029914986492467,17,win
simWind_test.mat,simWind_test.mat#13,13,0.01,tpsscs_finished_detector,low_rank_residual_k30,0.7647058823529411,0.7058823529411765,0.05882352941176461,0.00999710007784,17,win
simWind_test.mat,simWind_test.mat#14,14,1e-05,tpsscs_finished_detector,low_rank_residual_k30,0.3333333333333333,0.2666666666666666,0.06666666666666671,0.0,30,win
simWind_test.mat,simWind_test.mat#14,14,3e-05,tpsscs_finished_detector,low_rank_residual_k30,0.3333333333333333,0.2666666666666666,0.06666666666666671,1.526577718071627e-05,30,win
simWind_test.mat,simWind_test.mat#14,14,0.0001,tpsscs_finished_detector,low_rank_residual_k30,0.4,0.3666666666666666,0.03333333333333344,9.159466308429762e-05,30,win
simWind_test.mat,simWind_test.mat#14,14,0.0003,tpsscs_finished_detector,low_rank_residual_k30,0.5666666666666667,0.5666666666666667,0.0,0.0002900497664336,30,tie
simWind_test.mat,simWind_test.mat#14,14,0.001,tpsscs_finished_detector,low_rank_residual_k30,0.7333333333333333,0.7333333333333333,0.0,0.0009922755167465,30,tie
simWind_test.mat,simWind_test.mat#14,14,0.003,tpsscs_finished_detector,low_rank_residual_k30,0.8,0.8,0.0,0.0029920923274203,30,tie
simWind_test.mat,simWind_test.mat#14,14,0.01,tpsscs_finished_detector,low_rank_residual_k30,0.8666666666666667,0.8666666666666667,0.0,0.0099990840533691,30,tie
simWind_test.mat,simWind_test.mat#15,15,1e-05,tpsscs_finished_detector,low_rank_residual_k30,0.0930232558139534,0.0232558139534883,0.0697674418604651,0.0,43,win
simWind_test.mat,simWind_test.mat#15,15,3e-05,tpsscs_finished_detector,low_rank_residual_k30,0.1162790697674418,0.0465116279069767,0.0697674418604651,1.526880735345762e-05,43,win
simWind_test.mat,simWind_test.mat#15,15,0.0001,tpsscs_finished_detector,low_rank_residual_k30,0.2558139534883721,0.2093023255813953,0.0465116279069768,9.161284412074572e-05,43,win
simWind_test.mat,simWind_test.mat#15,15,0.0003,tpsscs_finished_detector,low_rank_residual_k30,0.5348837209302325,0.5348837209302325,0.0,0.0002901073397156,43,tie
simWind_test.mat,simWind_test.mat#15,15,0.001,tpsscs_finished_detector,low_rank_residual_k30,0.6744186046511628,0.6744186046511628,0.0,0.0009924724779747,43,tie
simWind_test.mat,simWind_test.mat#15,15,0.003,tpsscs_finished_detector,low_rank_residual_k30,0.7674418604651163,0.7674418604651163,0.0,0.0029926862412776,43,tie
simWind_test.mat,simWind_test.mat#15,15,0.01,tpsscs_finished_detector,low_rank_residual_k30,0.8372093023255814,0.8372093023255814,0.0,0.0099858000091612,43,tie
simWind_test.mat,simWind_test.mat#16,16,1e-05,tpsscs_finished_detector,low_rank_residual_k30,0.1739130434782608,0.0869565217391304,0.0869565217391304,0.0,23,win
simWind_test.mat,simWind_test.mat#16,16,3e-05,tpsscs_finished_detector,low_rank_residual_k30,0.217391304347826,0.1304347826086956,0.0869565217391304,1.526414604734938e-05,23,win
simWind_test.mat,simWind_test.mat#16,16,0.0001,tpsscs_finished_detector,low_rank_residual_k30,0.4347826086956521,0.3478260869565217,0.08695652173913043,9.158487628409628e-05,23,win
simWind_test.mat,simWind_test.mat#16,16,0.0003,tpsscs_finished_detector,low_rank_residual_k30,0.4782608695652174,0.391304347826087,0.08695652173913043,0.0002900187748996,23,win
simWind_test.mat,simWind_test.mat#16,16,0.001,tpsscs_finished_detector,low_rank_residual_k30,0.6521739130434783,0.5652173913043478,0.08695652173913049,0.0009921694930777,23,win
simWind_test.mat,simWind_test.mat#16,16,0.003,tpsscs_finished_detector,low_rank_residual_k30,0.6956521739130435,0.6086956521739131,0.08695652173913038,0.0029917726252804,23,win
simWind_test.mat,simWind_test.mat#16,16,0.01,tpsscs_finished_detector,low_rank_residual_k30,0.7391304347826086,0.6521739130434783,0.08695652173913038,0.0099980156610138,23,win
simWind_test.mat,simWind_test.mat#17,17,1e-05,tpsscs_finished_detector,low_rank_residual_k30,0.2413793103448276,0.1379310344827586,0.103448275862069,0.0,29,win
simWind_test.mat,simWind_test.mat#17,17,3e-05,tpsscs_finished_detector,low_rank_residual_k30,0.3103448275862069,0.2068965517241379,0.103448275862069,1.5265544140320883e-05,29,win
simWind_test.mat,simWind_test.mat#17,17,0.0001,tpsscs_finished_detector,low_rank_residual_k30,0.3793103448275862,0.2758620689655172,0.103448275862069,9.159326484192528e-05,29,win
simWind_test.mat,simWind_test.mat#17,17,0.0003,tpsscs_finished_detector,low_rank_residual_k30,0.4482758620689655,0.3448275862068966,0.10344827586206895,0.000290045338666,29,win
simWind_test.mat,simWind_test.mat#17,17,0.001,tpsscs_finished_detector,low_rank_residual_k30,0.5517241379310345,0.4482758620689655,0.10344827586206895,0.0009922603691208,29,win
simWind_test.mat,simWind_test.mat#17,17,0.003,tpsscs_finished_detector,low_rank_residual_k30,0.6206896551724138,0.5172413793103449,0.10344827586206895,0.0029920466515028,29,win
simWind_test.mat,simWind_test.mat#17,17,0.01,tpsscs_finished_detector,low_rank_residual_k30,0.6551724137931034,0.5517241379310345,0.10344827586206895,0.0099989314119101,29,win
simWind_test.mat,simWind_test.mat#18,18,1e-05,tpsscs_finished_detector,low_rank_residual_k30,0.2692307692307692,0.0961538461538461,0.17307692307692313,0.0,52,win
simWind_test.mat,simWind_test.mat#18,18,3e-05,tpsscs_finished_detector,low_rank_residual_k30,0.3076923076923077,0.1538461538461538,0.1538461538461539,1.5270905870136215e-05,52,win
simWind_test.mat,simWind_test.mat#18,18,0.0001,tpsscs_finished_detector,low_rank_residual_k30,0.4230769230769231,0.2692307692307692,0.15384615384615385,9.16254352208173e-05,52,win
simWind_test.mat,simWind_test.mat#18,18,0.0003,tpsscs_finished_detector,low_rank_residual_k30,0.5961538461538461,0.4423076923076923,0.15384615384615385,0.0002901472115325,52,win
simWind_test.mat,simWind_test.mat#18,18,0.001,tpsscs_finished_detector,low_rank_residual_k30,0.8461538461538461,0.7307692307692307,0.11538461538461542,0.0009926088815588,52,win
simWind_test.mat,simWind_test.mat#18,18,0.003,tpsscs_finished_detector,low_rank_residual_k30,0.9423076923076924,0.8461538461538461,0.09615384615384626,0.0029930975505466,52,win
simWind_test.mat,simWind_test.mat#18,18,0.01,tpsscs_finished_detector,low_rank_residual_k30,0.9615384615384616,0.9423076923076924,0.019230769230769162,0.009987172439069,52,win
simWind_test.mat,simWind_test.mat#19,19,1e-05,tpsscs_finished_detector,low_rank_residual_k30,0.1666666666666666,0.0833333333333333,0.0833333333333333,0.0,24,win
simWind_test.mat,simWind_test.mat#19,19,3e-05,tpsscs_finished_detector,low_rank_residual_k30,0.2916666666666667,0.2083333333333333,0.0833333333333334,1.5264379045060447e-05,24,win
simWind_test.mat,simWind_test.mat#19,19,0.0001,tpsscs_finished_detector,low_rank_residual_k30,0.3333333333333333,0.25,0.08333333333333331,9.158627427036267e-05,24,win
simWind_test.mat,simWind_test.mat#19,19,0.0003,tpsscs_finished_detector,low_rank_residual_k30,0.625,0.5416666666666666,0.08333333333333337,0.0002900232018561,24,win
simWind_test.mat,simWind_test.mat#19,19,0.001,tpsscs_finished_detector,low_rank_residual_k30,0.7916666666666666,0.7083333333333334,0.08333333333333326,0.0009921846379289,24,win
simWind_test.mat,simWind_test.mat#19,19,0.003,tpsscs_finished_detector,low_rank_residual_k30,0.9166666666666666,0.8333333333333334,0.08333333333333326,0.0029918182928318,24,win
simWind_test.mat,simWind_test.mat#19,19,0.01,tpsscs_finished_detector,low_rank_residual_k30,0.9583333333333334,0.875,0.08333333333333337,0.0099981682745145,24,win
simWind_test.mat,simWind_test.mat#20,20,1e-05,tpsscs_finished_detector,low_rank_residual_k30,0.0416666666666666,0.0,0.0416666666666666,0.0,24,win
simWind_test.mat,simWind_test.mat#20,20,3e-05,tpsscs_finished_detector,low_rank_residual_k30,0.0416666666666666,0.0,0.0416666666666666,1.5264379045060447e-05,24,win
simWind_test.mat,simWind_test.mat#20,20,0.0001,tpsscs_finished_detector,low_rank_residual_k30,0.1666666666666666,0.125,0.0416666666666666,9.158627427036267e-05,24,win
simWind_test.mat,simWind_test.mat#20,20,0.0003,tpsscs_finished_detector,low_rank_residual_k30,0.4166666666666667,0.375,0.041666666666666685,0.0002900232018561,24,win
simWind_test.mat,simWind_test.mat#20,20,0.001,tpsscs_finished_detector,low_rank_residual_k30,0.4583333333333333,0.4166666666666667,0.04166666666666663,0.0009921846379289,24,win
simWind_test.mat,simWind_test.mat#20,20,0.003,tpsscs_finished_detector,low_rank_residual_k30,0.5416666666666666,0.5,0.04166666666666663,0.0029918182928318,24,win
simWind_test.mat,simWind_test.mat#20,20,0.01,tpsscs_finished_detector,low_rank_residual_k30,0.7083333333333334,0.6666666666666666,0.04166666666666674,0.0099981682745145,24,win
simWind_test.mat,simWind_test.mat#21,21,1e-05,tpsscs_finished_detector,low_rank_residual_k30,0.4705882352941176,0.2941176470588235,0.1764705882352941,0.0,17,win
simWind_test.mat,simWind_test.mat#21,21,3e-05,tpsscs_finished_detector,low_rank_residual_k30,0.4705882352941176,0.2941176470588235,0.1764705882352941,1.526274821044277e-05,17,win
simWind_test.mat,simWind_test.mat#21,21,0.0001,tpsscs_finished_detector,low_rank_residual_k30,0.5882352941176471,0.4117647058823529,0.17647058823529416,9.157648926265664e-05,17,win
simWind_test.mat,simWind_test.mat#21,21,0.0003,tpsscs_finished_detector,low_rank_residual_k30,0.8823529411764706,0.7058823529411765,0.17647058823529405,0.0002899922159984,17,win
simWind_test.mat,simWind_test.mat#21,21,0.001,tpsscs_finished_detector,low_rank_residual_k30,0.8823529411764706,0.7058823529411765,0.17647058823529405,0.0009920786336787,17,win
simWind_test.mat,simWind_test.mat#21,21,0.003,tpsscs_finished_detector,low_rank_residual_k30,0.8823529411764706,0.7058823529411765,0.17647058823529405,0.0029914986492467,17,win
simWind_test.mat,simWind_test.mat#21,21,0.01,tpsscs_finished_detector,low_rank_residual_k30,0.8823529411764706,0.7058823529411765,0.17647058823529405,0.00999710007784,17,win
simWind_test.mat,simWind_test.mat#22,22,1e-05,tpsscs_finished_detector,low_rank_residual_k30,0.173076923076923,0.0192307692307692,0.1538461538461538,0.0,52,win
simWind_test.mat,simWind_test.mat#22,22,3e-05,tpsscs_finished_detector,low_rank_residual_k30,0.3461538461538461,0.2692307692307692,0.07692307692307687,1.5270905870136215e-05,52,win
simWind_test.mat,simWind_test.mat#22,22,0.0001,tpsscs_finished_detector,low_rank_residual_k30,0.4423076923076923,0.3653846153846153,0.07692307692307698,9.16254352208173e-05,52,win
simWind_test.mat,simWind_test.mat#22,22,0.0003,tpsscs_finished_detector,low_rank_residual_k30,0.5576923076923077,0.5192307692307693,0.038461538461538436,0.0002901472115325,52,win
simWind_test.mat,simWind_test.mat#22,22,0.001,tpsscs_finished_detector,low_rank_residual_k30,0.6923076923076923,0.6538461538461539,0.038461538461538436,0.0009926088815588,52,win
simWind_test.mat,simWind_test.mat#22,22,0.003,tpsscs_finished_detector,low_rank_residual_k30,0.8269230769230769,0.8076923076923077,0.019230769230769162,0.0029930975505466,52,win
simWind_test.mat,simWind_test.mat#22,22,0.01,tpsscs_finished_detector,low_rank_residual_k30,0.9230769230769232,0.9230769230769232,0.0,0.009987172439069,52,tie
simWind_test.mat,simWind_test.mat#23,23,1e-05,tpsscs_finished_detector,low_rank_residual_k30,0.0909090909090909,0.0545454545454545,0.0363636363636364,0.0,55,win
simWind_test.mat,simWind_test.mat#23,23,3e-05,tpsscs_finished_detector,low_rank_residual_k30,0.1454545454545454,0.109090909090909,0.03636363636363639,1.5271605503886624e-05,55,win
simWind_test.mat,simWind_test.mat#23,23,0.0001,tpsscs_finished_detector,low_rank_residual_k30,0.2545454545454545,0.2181818181818181,0.03636363636363643,9.162963302331974e-05,55,win
simWind_test.mat,simWind_test.mat#23,23,0.0003,tpsscs_finished_detector,low_rank_residual_k30,0.4363636363636363,0.4,0.036363636363636265,0.0002901605045738,55,win
simWind_test.mat,simWind_test.mat#23,23,0.001,tpsscs_finished_detector,low_rank_residual_k30,0.6909090909090909,0.6909090909090909,0.0,0.0009926543577526,55,tie
simWind_test.mat,simWind_test.mat#23,23,0.003,tpsscs_finished_detector,low_rank_residual_k30,0.8363636363636363,0.8363636363636363,0.0,0.0029932346787617,55,tie
simWind_test.mat,simWind_test.mat#23,23,0.01,tpsscs_finished_detector,low_rank_residual_k30,0.9090909090909092,0.9090909090909092,0.0,0.0099876299995418,55,tie
simWind_test.mat,simWind_test.mat#24,24,1e-05,tpsscs_finished_detector,low_rank_residual_k30,0.1081081081081081,0.054054054054054,0.0540540540540541,0.0,37,win
simWind_test.mat,simWind_test.mat#24,24,3e-05,tpsscs_finished_detector,low_rank_residual_k30,0.2972972972972973,0.2432432432432432,0.05405405405405411,1.5267408662727676e-05,37,win
simWind_test.mat,simWind_test.mat#24,24,0.0001,tpsscs_finished_detector,low_rank_residual_k30,0.4054054054054054,0.3513513513513513,0.05405405405405406,9.160445197636606e-05,37,win
simWind_test.mat,simWind_test.mat#24,24,0.0003,tpsscs_finished_detector,low_rank_residual_k30,0.5405405405405406,0.4864864864864865,0.05405405405405406,0.0002900807645918,37,win
simWind_test.mat,simWind_test.mat#24,24,0.001,tpsscs_finished_detector,low_rank_residual_k30,0.8378378378378378,0.7837837837837838,0.05405405405405406,0.0009923815630772,37,win
simWind_test.mat,simWind_test.mat#24,24,0.003,tpsscs_finished_detector,low_rank_residual_k30,0.8918918918918919,0.8378378378378378,0.05405405405405406,0.0029924120978946,37,win
simWind_test.mat,simWind_test.mat#24,24,0.01,tpsscs_finished_detector,low_rank_residual_k30,0.8918918918918919,0.8648648648648649,0.027027027027026973,0.0099848852654238,37,win
simWind_test.mat,simWind_test.mat#25,25,1e-05,tpsscs_finished_detector,low_rank_residual_k30,0.0666666666666666,0.0,0.0666666666666666,0.0,30,win
simWind_test.mat,simWind_test.mat#25,25,3e-05,tpsscs_finished_detector,low_rank_residual_k30,0.1666666666666666,0.1,0.0666666666666666,1.526577718071627e-05,30,win
simWind_test.mat,simWind_test.mat#25,25,0.0001,tpsscs_finished_detector,low_rank_residual_k30,0.2666666666666666,0.2333333333333333,0.0333333333333333,9.159466308429762e-05,30,win
simWind_test.mat,simWind_test.mat#25,25,0.0003,tpsscs_finished_detector,low_rank_residual_k30,0.6,0.5666666666666667,0.033333333333333326,0.0002900497664336,30,win
simWind_test.mat,simWind_test.mat#25,25,0.001,tpsscs_finished_detector,low_rank_residual_k30,0.7666666666666667,0.7666666666666667,0.0,0.0009922755167465,30,tie
simWind_test.mat,simWind_test.mat#25,25,0.003,tpsscs_finished_detector,low_rank_residual_k30,0.8666666666666667,0.8666666666666667,0.0,0.0029920923274203,30,tie
simWind_test.mat,simWind_test.mat#25,25,0.01,tpsscs_finished_detector,low_rank_residual_k30,0.9333333333333332,0.9333333333333332,0.0,0.0099990840533691,30,tie
simWind_test.mat,simWind_test.mat#26,26,1e-05,tpsscs_finished_detector,low_rank_residual_k30,0.0952380952380952,0.0317460317460317,0.0634920634920635,0.0,63,win
simWind_test.mat,simWind_test.mat#26,26,3e-05,tpsscs_finished_detector,low_rank_residual_k30,0.1269841269841269,0.0634920634920634,0.06349206349206349,1.5273471507338904e-05,63,win
simWind_test.mat,simWind_test.mat#26,26,0.0001,tpsscs_finished_detector,low_rank_residual_k30,0.3015873015873015,0.238095238095238,0.06349206349206352,9.16408290440334e-05,63,win
simWind_test.mat,simWind_test.mat#26,26,0.0003,tpsscs_finished_detector,low_rank_residual_k30,0.3968253968253968,0.3492063492063492,0.047619047619047616,0.0002901959586394,63,win
simWind_test.mat,simWind_test.mat#26,26,0.001,tpsscs_finished_detector,low_rank_residual_k30,0.746031746031746,0.6984126984126984,0.04761904761904767,0.000992775647977,63,win
simWind_test.mat,simWind_test.mat#26,26,0.003,tpsscs_finished_detector,low_rank_residual_k30,0.9047619047619048,0.8571428571428571,0.04761904761904767,0.0029936004154384,63,win
simWind_test.mat,simWind_test.mat#26,26,0.01,tpsscs_finished_detector,low_rank_residual_k30,0.9047619047619048,0.9047619047619048,0.0,0.0099888503657996,63,tie
simWind_test.mat,simWind_test.mat#27,27,1e-05,tpsscs_finished_detector,low_rank_residual_k30,0.1694915254237288,0.0169491525423728,0.152542372881356,0.0,59,win
simWind_test.mat,simWind_test.mat#27,27,3e-05,tpsscs_finished_detector,low_rank_residual_k30,0.2033898305084746,0.0508474576271186,0.152542372881356,1.5272538448615544e-05,59,win
simWind_test.mat,simWind_test.mat#27,27,0.0001,tpsscs_finished_detector,low_rank_residual_k30,0.288135593220339,0.1525423728813559,0.1355932203389831,9.163523069169329e-05,59,win
simWind_test.mat,simWind_test.mat#27,27,0.0003,tpsscs_finished_detector,low_rank_residual_k30,0.5423728813559322,0.4915254237288136,0.05084745762711862,0.0002901782305236,59,win
simWind_test.mat,simWind_test.mat#27,27,0.001,tpsscs_finished_detector,low_rank_residual_k30,0.6949152542372882,0.6779661016949152,0.016949152542372947,0.00099271499916,59,win
simWind_test.mat,simWind_test.mat#27,27,0.003,tpsscs_finished_detector,low_rank_residual_k30,0.7966101694915254,0.7796610169491526,0.016949152542372836,0.0029934175359286,59,win
simWind_test.mat,simWind_test.mat#27,27,0.01,tpsscs_finished_detector,low_rank_residual_k30,0.8305084745762712,0.8305084745762712,0.0,0.0099882401453945,59,tie
simWind_test.mat,simWind_test.mat#28,28,1e-05,tpsscs_finished_detector,low_rank_residual_k30,0.1923076923076923,0.0769230769230769,0.11538461538461539,0.0,26,win
simWind_test.mat,simWind_test.mat#28,28,3e-05,tpsscs_finished_detector,low_rank_residual_k30,0.1923076923076923,0.0769230769230769,0.11538461538461539,1.5264845061822624e-05,26,win
simWind_test.mat,simWind_test.mat#28,28,0.0001,tpsscs_finished_detector,low_rank_residual_k30,0.5,0.3846153846153846,0.11538461538461542,9.158907037093572e-05,26,win
simWind_test.mat,simWind_test.mat#28,28,0.0003,tpsscs_finished_detector,low_rank_residual_k30,0.5769230769230769,0.4615384615384615,0.11538461538461536,0.0002900320561746,26,win
simWind_test.mat,simWind_test.mat#28,28,0.001,tpsscs_finished_detector,low_rank_residual_k30,0.7692307692307693,0.6538461538461539,0.11538461538461542,0.0009922149290184,26,win
simWind_test.mat,simWind_test.mat#28,28,0.003,tpsscs_finished_detector,low_rank_residual_k30,0.9230769230769232,0.8461538461538461,0.0769230769230771,0.0029919096321172,26,win
simWind_test.mat,simWind_test.mat#28,28,0.01,tpsscs_finished_detector,low_rank_residual_k30,1.0,1.0,0.0,0.0099984735154938,26,tie
simWind_test.mat,simWind_test.mat#29,29,1e-05,tpsscs_finished_detector,low_rank_residual_k30,0.1923076923076923,0.1153846153846153,0.076923076923077,0.0,26,win
simWind_test.mat,simWind_test.mat#29,29,3e-05,tpsscs_finished_detector,low_rank_residual_k30,0.2307692307692307,0.1538461538461538,0.0769230769230769,1.5264845061822624e-05,26,win
simWind_test.mat,simWind_test.mat#29,29,0.0001,tpsscs_finished_detector,low_rank_residual_k30,0.3076923076923077,0.2307692307692307,0.07692307692307701,9.158907037093572e-05,26,win
simWind_test.mat,simWind_test.mat#29,29,0.0003,tpsscs_finished_detector,low_rank_residual_k30,0.3076923076923077,0.2692307692307692,0.03846153846153849,0.0002900320561746,26,win
simWind_test.mat,simWind_test.mat#29,29,0.001,tpsscs_finished_detector,low_rank_residual_k30,0.3846153846153846,0.3461538461538461,0.03846153846153849,0.0009922149290184,26,win
simWind_test.mat,simWind_test.mat#29,29,0.003,tpsscs_finished_detector,low_rank_residual_k30,0.5,0.4615384615384615,0.03846153846153849,0.0029919096321172,26,win
simWind_test.mat,simWind_test.mat#29,29,0.01,tpsscs_finished_detector,low_rank_residual_k30,0.6153846153846154,0.5769230769230769,0.03846153846153855,0.0099984735154938,26,win
simWind_test.mat,simWind_test.mat#3,3,1e-05,tpsscs_finished_detector,low_rank_residual_k30,0.25,0.1071428571428571,0.1428571428571429,0.0,28,win
simWind_test.mat,simWind_test.mat#3,3,3e-05,tpsscs_finished_detector,low_rank_residual_k30,0.2857142857142857,0.1785714285714285,0.1071428571428572,1.526531110704036e-05,28,win
simWind_test.mat,simWind_test.mat#3,3,0.0001,tpsscs_finished_detector,low_rank_residual_k30,0.5,0.5,0.0,9.159186664224217e-05,28,tie
simWind_test.mat,simWind_test.mat#3,3,0.0003,tpsscs_finished_detector,low_rank_residual_k30,0.6071428571428571,0.6071428571428571,0.0,0.0002900409110337,28,tie
simWind_test.mat,simWind_test.mat#3,3,0.001,tpsscs_finished_detector,low_rank_residual_k30,0.7857142857142857,0.7857142857142857,0.0,0.0009922452219576,28,tie
simWind_test.mat,simWind_test.mat#3,3,0.003,tpsscs_finished_detector,low_rank_residual_k30,0.8214285714285714,0.8214285714285714,0.0,0.0029920009769799,28,tie
simWind_test.mat,simWind_test.mat#3,3,0.01,tpsscs_finished_detector,low_rank_residual_k30,0.8928571428571429,0.8928571428571429,0.0,0.0099987787751114,28,tie
simWind_test.mat,simWind_test.mat#31,31,1e-05,tpsscs_finished_detector,low_rank_residual_k30,0.24,0.2,0.03999999999999998,0.0,25,win
simWind_test.mat,simWind_test.mat#31,31,3e-05,tpsscs_finished_detector,low_rank_residual_k30,0.24,0.2,0.03999999999999998,1.526461204988475e-05,25,win
simWind_test.mat,simWind_test.mat#31,31,0.0001,tpsscs_finished_detector,low_rank_residual_k30,0.36,0.32,0.03999999999999998,9.158767229930853e-05,25,win
simWind_test.mat,simWind_test.mat#31,31,0.0003,tpsscs_finished_detector,low_rank_residual_k30,0.56,0.52,0.040000000000000036,0.0002900276289478,25,win
simWind_test.mat,simWind_test.mat#31,31,0.001,tpsscs_finished_detector,low_rank_residual_k30,0.64,0.6,0.040000000000000036,0.0009921997832425,25,win
simWind_test.mat,simWind_test.mat#31,31,0.003,tpsscs_finished_detector,low_rank_residual_k30,0.68,0.64,0.040000000000000036,0.0029918639617774,25,win
simWind_test.mat,simWind_test.mat#31,31,0.01,tpsscs_finished_detector,low_rank_residual_k30,0.72,0.68,0.039999999999999925,0.0099983208926745,25,win
simWind_test.mat,simWind_test.mat#32,32,1e-05,tpsscs_finished_detector,low_rank_residual_k30,0.1111111111111111,0.037037037037037,0.0740740740740741,0.0,27,win
simWind_test.mat,simWind_test.mat#32,32,3e-05,tpsscs_finished_detector,low_rank_residual_k30,0.2222222222222222,0.1481481481481481,0.0740740740740741,1.5265078080874384e-05,27,win
simWind_test.mat,simWind_test.mat#32,32,0.0001,tpsscs_finished_detector,low_rank_residual_k30,0.3703703703703703,0.2962962962962963,0.07407407407407401,9.15904684852463e-05,27,win
simWind_test.mat,simWind_test.mat#32,32,0.0003,tpsscs_finished_detector,low_rank_residual_k30,0.5925925925925926,0.5185185185185185,0.07407407407407407,0.0002900364835366,27,win
simWind_test.mat,simWind_test.mat#32,32,0.001,tpsscs_finished_detector,low_rank_residual_k30,0.8148148148148148,0.7407407407407407,0.07407407407407407,0.0009922300752568,27,win
simWind_test.mat,simWind_test.mat#32,32,0.003,tpsscs_finished_detector,low_rank_residual_k30,0.8518518518518519,0.7777777777777778,0.07407407407407407,0.0029919553038513,27,win
simWind_test.mat,simWind_test.mat#32,32,0.01,tpsscs_finished_detector,low_rank_residual_k30,0.8888888888888888,0.8148148148148148,0.07407407407407407,0.0099986261429727,27,win
simWind_test.mat,simWind_test.mat#33,33,1e-05,tpsscs_finished_detector,low_rank_residual_k30,0.2222222222222222,0.1944444444444444,0.027777777777777818,0.0,36,win
simWind_test.mat,simWind_test.mat#33,33,3e-05,tpsscs_finished_detector,low_rank_residual_k30,0.25,0.2222222222222222,0.02777777777777779,1.5267175572519083e-05,36,win
simWind_test.mat,simWind_test.mat#33,33,0.0001,tpsscs_finished_detector,low_rank_residual_k30,0.3333333333333333,0.3333333333333333,0.0,9.16030534351145e-05,36,tie
simWind_test.mat,simWind_test.mat#33,33,0.0003,tpsscs_finished_detector,low_rank_residual_k30,0.6388888888888888,0.6388888888888888,0.0,0.0002900763358778,36,tie
simWind_test.mat,simWind_test.mat#33,33,0.001,tpsscs_finished_detector,low_rank_residual_k30,0.8055555555555556,0.8055555555555556,0.0,0.0009923664122137,36,tie
simWind_test.mat,simWind_test.mat#33,33,0.003,tpsscs_finished_detector,low_rank_residual_k30,0.9166666666666666,0.9166666666666666,0.0,0.0029923664122137,36,tie
simWind_test.mat,simWind_test.mat#33,33,0.01,tpsscs_finished_detector,low_rank_residual_k30,0.9166666666666666,0.9166666666666666,0.0,0.01,36,tie
simWind_test.mat,simWind_test.mat#34,34,1e-05,tpsscs_finished_detector,low_rank_residual_k30,0.1016949152542373,0.0508474576271186,0.050847457627118696,0.0,59,win
simWind_test.mat,simWind_test.mat#34,34,3e-05,tpsscs_finished_detector,low_rank_residual_k30,0.1694915254237288,0.1186440677966101,0.0508474576271187,1.5272538448615544e-05,59,win
simWind_test.mat,simWind_test.mat#34,34,0.0001,tpsscs_finished_detector,low_rank_residual_k30,0.3220338983050847,0.3050847457627119,0.016949152542372836,9.163523069169329e-05,59,win
simWind_test.mat,simWind_test.mat#34,34,0.0003,tpsscs_finished_detector,low_rank_residual_k30,0.5084745762711864,0.5084745762711864,0.0,0.0002901782305236,59,tie
simWind_test.mat,simWind_test.mat#34,34,0.001,tpsscs_finished_detector,low_rank_residual_k30,0.6271186440677966,0.6271186440677966,0.0,0.00099271499916,59,tie
simWind_test.mat,simWind_test.mat#34,34,0.003,tpsscs_finished_detector,low_rank_residual_k30,0.7627118644067796,0.7627118644067796,0.0,0.0029934175359286,59,tie
simWind_test.mat,simWind_test.mat#34,34,0.01,tpsscs_finished_detector,low_rank_residual_k30,0.8813559322033898,0.8813559322033898,0.0,0.0099882401453945,59,tie
simWind_test.mat,simWind_test.mat#35,35,1e-05,tpsscs_finished_detector,low_rank_residual_k30,0.1454545454545454,0.0909090909090909,0.054545454545454494,0.0,55,win
simWind_test.mat,simWind_test.mat#35,35,3e-05,tpsscs_finished_detector,low_rank_residual_k30,0.1818181818181818,0.1272727272727272,0.05454545454545459,1.5271605503886624e-05,55,win
simWind_test.mat,simWind_test.mat#35,35,0.0001,tpsscs_finished_detector,low_rank_residual_k30,0.3454545454545454,0.2909090909090909,0.05454545454545451,9.162963302331974e-05,55,win
simWind_test.mat,simWind_test.mat#35,35,0.0003,tpsscs_finished_detector,low_rank_residual_k30,0.5818181818181818,0.5272727272727272,0.054545454545454564,0.0002901605045738,55,win
simWind_test.mat,simWind_test.mat#35,35,0.001,tpsscs_finished_detector,low_rank_residual_k30,0.7454545454545455,0.6909090909090909,0.054545454545454564,0.0009926543577526,55,win
simWind_test.mat,simWind_test.mat#35,35,0.003,tpsscs_finished_detector,low_rank_residual_k30,0.9272727272727272,0.8909090909090909,0.036363636363636376,0.0029932346787617,55,win
simWind_test.mat,simWind_test.mat#35,35,0.01,tpsscs_finished_detector,low_rank_residual_k30,0.9454545454545454,0.9090909090909092,0.036363636363636265,0.0099876299995418,55,win
simWind_test.mat,simWind_test.mat#36,36,1e-05,tpsscs_finished_detector,low_rank_residual_k30,0.2307692307692307,0.0769230769230769,0.1538461538461538,0.0,13,win
simWind_test.mat,simWind_test.mat#36,36,3e-05,tpsscs_finished_detector,low_rank_residual_k30,0.4615384615384615,0.3076923076923077,0.1538461538461538,1.5261816461395235e-05,13,win
simWind_test.mat,simWind_test.mat#36,36,0.0001,tpsscs_finished_detector,low_rank_residual_k30,0.6923076923076923,0.5384615384615384,0.15384615384615385,9.15708987683714e-05,13,win
simWind_test.mat,simWind_test.mat#36,36,0.0003,tpsscs_finished_detector,low_rank_residual_k30,0.9230769230769232,0.7692307692307693,0.15384615384615397,0.0002899745127665,13,win
simWind_test.mat,simWind_test.mat#36,36,0.001,tpsscs_finished_detector,low_rank_residual_k30,1.0,0.8461538461538461,0.15384615384615385,0.0009920180699906,13,win
simWind_test.mat,simWind_test.mat#36,36,0.003,tpsscs_finished_detector,low_rank_residual_k30,1.0,0.8461538461538461,0.15384615384615385,0.0029913160264334,13,win
simWind_test.mat,simWind_test.mat#36,36,0.01,tpsscs_finished_detector,low_rank_residual_k30,1.0,0.8461538461538461,0.15384615384615385,0.0099964897822138,13,win
simWind_test.mat,simWind_test.mat#38,38,1e-05,tpsscs_finished_detector,low_rank_residual_k30,0.1627906976744186,0.1162790697674418,0.046511627906976785,0.0,43,win
simWind_test.mat,simWind_test.mat#38,38,3e-05,tpsscs_finished_detector,low_rank_residual_k30,0.3255813953488372,0.3023255813953488,0.023255813953488358,1.526880735345762e-05,43,win
simWind_test.mat,simWind_test.mat#38,38,0.0001,tpsscs_finished_detector,low_rank_residual_k30,0.4418604651162791,0.4186046511627907,0.023255813953488358,9.161284412074572e-05,43,win
simWind_test.mat,simWind_test.mat#38,38,0.0003,tpsscs_finished_detector,low_rank_residual_k30,0.5813953488372093,0.5813953488372093,0.0,0.0002901073397156,43,tie
simWind_test.mat,simWind_test.mat#38,38,0.001,tpsscs_finished_detector,low_rank_residual_k30,0.7441860465116279,0.7441860465116279,0.0,0.0009924724779747,43,tie
simWind_test.mat,simWind_test.mat#38,38,0.003,tpsscs_finished_detector,low_rank_residual_k30,0.813953488372093,0.813953488372093,0.0,0.0029926862412776,43,tie
simWind_test.mat,simWind_test.mat#38,38,0.01,tpsscs_finished_detector,low_rank_residual_k30,0.8604651162790697,0.8604651162790697,0.0,0.0099858000091612,43,tie
simWind_test.mat,simWind_test.mat#39,39,1e-05,tpsscs_finished_detector,low_rank_residual_k30,0.1388888888888889,0.1111111111111111,0.02777777777777779,0.0,36,win
simWind_test.mat,simWind_test.mat#39,39,3e-05,tpsscs_finished_detector,low_rank_residual_k30,0.1944444444444444,0.1666666666666666,0.02777777777777779,1.5267175572519083e-05,36,win
simWind_test.mat,simWind_test.mat#39,39,0.0001,tpsscs_finished_detector,low_rank_residual_k30,0.2777777777777778,0.25,0.02777777777777779,9.16030534351145e-05,36,win
simWind_test.mat,simWind_test.mat#39,39,0.0003,tpsscs_finished_detector,low_rank_residual_k30,0.5555555555555556,0.5555555555555556,0.0,0.0002900763358778,36,tie
simWind_test.mat,simWind_test.mat#39,39,0.001,tpsscs_finished_detector,low_rank_residual_k30,0.6944444444444444,0.6944444444444444,0.0,0.0009923664122137,36,tie
simWind_test.mat,simWind_test.mat#39,39,0.003,tpsscs_finished_detector,low_rank_residual_k30,0.8055555555555556,0.8055555555555556,0.0,0.0029923664122137,36,tie
simWind_test.mat,simWind_test.mat#39,39,0.01,tpsscs_finished_detector,low_rank_residual_k30,0.8055555555555556,0.8055555555555556,0.0,0.01,36,tie
simWind_test.mat,simWind_test.mat#40,40,1e-05,tpsscs_finished_detector,low_rank_residual_k30,0.25,0.0357142857142857,0.2142857142857143,0.0,28,win
simWind_test.mat,simWind_test.mat#40,40,3e-05,tpsscs_finished_detector,low_rank_residual_k30,0.25,0.0357142857142857,0.2142857142857143,1.526531110704036e-05,28,win
simWind_test.mat,simWind_test.mat#40,40,0.0001,tpsscs_finished_detector,low_rank_residual_k30,0.2857142857142857,0.25,0.0357142857142857,9.159186664224217e-05,28,win
simWind_test.mat,simWind_test.mat#40,40,0.0003,tpsscs_finished_detector,low_rank_residual_k30,0.5357142857142857,0.5,0.0357142857142857,0.0002900409110337,28,win
simWind_test.mat,simWind_test.mat#40,40,0.001,tpsscs_finished_detector,low_rank_residual_k30,0.7857142857142857,0.7857142857142857,0.0,0.0009922452219576,28,tie
simWind_test.mat,simWind_test.mat#40,40,0.003,tpsscs_finished_detector,low_rank_residual_k30,0.8928571428571429,0.8928571428571429,0.0,0.0029920009769799,28,tie
simWind_test.mat,simWind_test.mat#40,40,0.01,tpsscs_finished_detector,low_rank_residual_k30,1.0,1.0,0.0,0.0099987787751114,28,tie
simWind_test.mat,simWind_test.mat#41,41,1e-05,tpsscs_finished_detector,low_rank_residual_k30,0.1272727272727272,0.0909090909090909,0.036363636363636306,0.0,55,win
simWind_test.mat,simWind_test.mat#41,41,3e-05,tpsscs_finished_detector,low_rank_residual_k30,0.1818181818181818,0.1454545454545454,0.036363636363636404,1.5271605503886624e-05,55,win
simWind_test.mat,simWind_test.mat#41,41,0.0001,tpsscs_finished_detector,low_rank_residual_k30,0.2909090909090909,0.2545454545454545,0.036363636363636376,9.162963302331974e-05,55,win
simWind_test.mat,simWind_test.mat#41,41,0.0003,tpsscs_finished_detector,low_rank_residual_k30,0.4545454545454545,0.4181818181818181,0.036363636363636376,0.0002901605045738,55,win
simWind_test.mat,simWind_test.mat#41,41,0.001,tpsscs_finished_detector,low_rank_residual_k30,0.7454545454545455,0.7272727272727273,0.018181818181818188,0.0009926543577526,55,win
simWind_test.mat,simWind_test.mat#41,41,0.003,tpsscs_finished_detector,low_rank_residual_k30,0.9454545454545454,0.9272727272727272,0.018181818181818188,0.0029932346787617,55,win
simWind_test.mat,simWind_test.mat#41,41,0.01,tpsscs_finished_detector,low_rank_residual_k30,0.9454545454545454,0.9272727272727272,0.018181818181818188,0.0099876299995418,55,win
simWind_test.mat,simWind_test.mat#42,42,1e-05,tpsscs_finished_detector,low_rank_residual_k30,0.2580645161290322,0.1290322580645161,0.1290322580645161,0.0,31,win
simWind_test.mat,simWind_test.mat#42,42,3e-05,tpsscs_finished_detector,low_rank_residual_k30,0.2580645161290322,0.1290322580645161,0.1290322580645161,1.5266010228226854e-05,31,win
simWind_test.mat,simWind_test.mat#42,42,0.0001,tpsscs_finished_detector,low_rank_residual_k30,0.4193548387096774,0.2903225806451613,0.12903225806451607,9.159606136936113e-05,31,win
simWind_test.mat,simWind_test.mat#42,42,0.0003,tpsscs_finished_detector,low_rank_residual_k30,0.6129032258064516,0.4838709677419355,0.12903225806451613,0.0002900541943363,31,win
simWind_test.mat,simWind_test.mat#42,42,0.001,tpsscs_finished_detector,low_rank_residual_k30,0.7741935483870968,0.7096774193548387,0.06451612903225801,0.0009922906648347,31,win
simWind_test.mat,simWind_test.mat#42,42,0.003,tpsscs_finished_detector,low_rank_residual_k30,0.9032258064516128,0.8387096774193549,0.0645161290322579,0.0029921380047324,31,win
simWind_test.mat,simWind_test.mat#42,42,0.01,tpsscs_finished_detector,low_rank_residual_k30,0.9032258064516128,0.8387096774193549,0.0645161290322579,0.0099992366994885,31,win
simWind_test.mat,simWind_test.mat#43,43,1e-05,tpsscs_finished_detector,low_rank_residual_k30,0.3061224489795918,0.2244897959183673,0.0816326530612245,0.0,49,win
simWind_test.mat,simWind_test.mat#43,43,3e-05,tpsscs_finished_detector,low_rank_residual_k30,0.3469387755102041,0.2857142857142857,0.06122448979591838,1.5270206300487118e-05,49,win
simWind_test.mat,simWind_test.mat#43,43,0.0001,tpsscs_finished_detector,low_rank_residual_k30,0.4693877551020408,0.4285714285714285,0.04081632653061229,9.162123780292272e-05,49,win
simWind_test.mat,simWind_test.mat#43,43,0.0003,tpsscs_finished_detector,low_rank_residual_k30,0.5918367346938775,0.5714285714285714,0.020408163265306145,0.0002901339197092,49,win
simWind_test.mat,simWind_test.mat#43,43,0.001,tpsscs_finished_detector,low_rank_residual_k30,0.7755102040816326,0.7755102040816326,0.0,0.0009925634095316,49,tie
simWind_test.mat,simWind_test.mat#43,43,0.003,tpsscs_finished_detector,low_rank_residual_k30,0.8571428571428571,0.8571428571428571,0.0,0.0029929604348954,49,tie
simWind_test.mat,simWind_test.mat#43,43,0.01,tpsscs_finished_detector,low_rank_residual_k30,0.8775510204081632,0.8775510204081632,0.0,0.0099867149205185,49,tie
simWind_test.mat,simWind_test.mat#44,44,1e-05,tpsscs_finished_detector,low_rank_residual_k30,0.2105263157894736,0.1052631578947368,0.1052631578947368,0.0,38,win
simWind_test.mat,simWind_test.mat#44,44,3e-05,tpsscs_finished_detector,low_rank_residual_k30,0.2894736842105263,0.1842105263157894,0.10526315789473692,1.526764176005374e-05,38,win
simWind_test.mat,simWind_test.mat#44,44,0.0001,tpsscs_finished_detector,low_rank_residual_k30,0.4473684210526316,0.3421052631578947,0.10526315789473689,9.160585056032244e-05,38,win
simWind_test.mat,simWind_test.mat#44,44,0.0003,tpsscs_finished_detector,low_rank_residual_k30,0.7105263157894737,0.6052631578947368,0.10526315789473684,0.000290085193441,38,win
simWind_test.mat,simWind_test.mat#44,44,0.001,tpsscs_finished_detector,low_rank_residual_k30,0.8421052631578947,0.7631578947368421,0.07894736842105254,0.0009923967144034,38,win
simWind_test.mat,simWind_test.mat#44,44,0.003,tpsscs_finished_detector,low_rank_residual_k30,0.9473684210526316,0.868421052631579,0.07894736842105265,0.0029924577849705,38,win
simWind_test.mat,simWind_test.mat#44,44,0.01,tpsscs_finished_detector,low_rank_residual_k30,0.9473684210526316,0.868421052631579,0.07894736842105265,0.0099850377110751,38,win
simWind_test.mat,simWind_test.mat#45,45,1e-05,tpsscs_finished_detector,low_rank_residual_k30,0.2,0.0571428571428571,0.1428571428571429,0.0,35,win
simWind_test.mat,simWind_test.mat#45,45,3e-05,tpsscs_finished_detector,low_rank_residual_k30,0.2285714285714285,0.0857142857142857,0.1428571428571428,1.5266942489427644e-05,35,win
simWind_test.mat,simWind_test.mat#45,45,0.0001,tpsscs_finished_detector,low_rank_residual_k30,0.4571428571428571,0.3142857142857143,0.1428571428571428,9.160165493656586e-05,35,win
simWind_test.mat,simWind_test.mat#45,45,0.0003,tpsscs_finished_detector,low_rank_residual_k30,0.5428571428571428,0.4,0.1428571428571428,0.0002900719072991,35,win
simWind_test.mat,simWind_test.mat#45,45,0.001,tpsscs_finished_detector,low_rank_residual_k30,0.7714285714285715,0.6857142857142857,0.08571428571428574,0.0009923512618127,35,win
simWind_test.mat,simWind_test.mat#45,45,0.003,tpsscs_finished_detector,low_rank_residual_k30,0.8571428571428571,0.8,0.05714285714285705,0.0029923207279278,35,win
simWind_test.mat,simWind_test.mat#45,45,0.01,tpsscs_finished_detector,low_rank_residual_k30,0.8571428571428571,0.8,0.05714285714285705,0.0099998473305751,35,win
simWind_test.mat,simWind_test.mat#46,46,1e-05,tpsscs_finished_detector,low_rank_residual_k30,0.0588235294117647,0.0392156862745098,0.019607843137254895,0.0,51,win
simWind_test.mat,simWind_test.mat#46,46,3e-05,tpsscs_finished_detector,low_rank_residual_k30,0.0784313725490196,0.0588235294117647,0.01960784313725491,1.527067267313125e-05,51,win
simWind_test.mat,simWind_test.mat#46,46,0.0001,tpsscs_finished_detector,low_rank_residual_k30,0.1764705882352941,0.1568627450980392,0.019607843137254888,9.16240360387875e-05,51,win
simWind_test.mat,simWind_test.mat#46,46,0.0003,tpsscs_finished_detector,low_rank_residual_k30,0.392156862745098,0.392156862745098,0.0,0.0002901427807894,51,tie
simWind_test.mat,simWind_test.mat#46,46,0.001,tpsscs_finished_detector,low_rank_residual_k30,0.5294117647058824,0.5294117647058824,0.0,0.0009925937237535,51,tie
simWind_test.mat,simWind_test.mat#46,46,0.003,tpsscs_finished_detector,low_rank_residual_k30,0.7843137254901961,0.7843137254901961,0.0,0.0029930518439337,51,tie
simWind_test.mat,simWind_test.mat#46,46,0.01,tpsscs_finished_detector,low_rank_residual_k30,0.8431372549019608,0.8431372549019608,0.0,0.0099870199282278,51,tie
simWind_test.mat,simWind_test.mat#47,47,1e-05,tpsscs_finished_detector,low_rank_residual_k30,0.25,0.2142857142857142,0.03571428571428581,0.0,28,win
simWind_test.mat,simWind_test.mat#47,47,3e-05,tpsscs_finished_detector,low_rank_residual_k30,0.25,0.2142857142857142,0.03571428571428581,1.526531110704036e-05,28,win
simWind_test.mat,simWind_test.mat#47,47,0.0001,tpsscs_finished_detector,low_rank_residual_k30,0.3571428571428571,0.3571428571428571,0.0,9.159186664224217e-05,28,tie
simWind_test.mat,simWind_test.mat#47,47,0.0003,tpsscs_finished_detector,low_rank_residual_k30,0.5714285714285714,0.5714285714285714,0.0,0.0002900409110337,28,tie
simWind_test.mat,simWind_test.mat#47,47,0.001,tpsscs_finished_detector,low_rank_residual_k30,0.7142857142857143,0.7142857142857143,0.0,0.0009922452219576,28,tie
simWind_test.mat,simWind_test.mat#47,47,0.003,tpsscs_finished_detector,low_rank_residual_k30,0.8571428571428571,0.8571428571428571,0.0,0.0029920009769799,28,tie
simWind_test.mat,simWind_test.mat#47,47,0.01,tpsscs_finished_detector,low_rank_residual_k30,0.8928571428571429,0.8928571428571429,0.0,0.0099987787751114,28,tie
simWind_test.mat,simWind_test.mat#48,48,1e-05,tpsscs_finished_detector,low_rank_residual_k30,0.24,0.24,0.0,0.0,25,tie
simWind_test.mat,simWind_test.mat#48,48,3e-05,tpsscs_finished_detector,low_rank_residual_k30,0.28,0.28,0.0,1.526461204988475e-05,25,tie
simWind_test.mat,simWind_test.mat#48,48,0.0001,tpsscs_finished_detector,low_rank_residual_k30,0.4,0.4,0.0,9.158767229930853e-05,25,tie
simWind_test.mat,simWind_test.mat#48,48,0.0003,tpsscs_finished_detector,low_rank_residual_k30,0.68,0.68,0.0,0.0002900276289478,25,tie
simWind_test.mat,simWind_test.mat#48,48,0.001,tpsscs_finished_detector,low_rank_residual_k30,0.8,0.8,0.0,0.0009921997832425,25,tie
simWind_test.mat,simWind_test.mat#48,48,0.003,tpsscs_finished_detector,low_rank_residual_k30,0.84,0.84,0.0,0.0029918639617774,25,tie
simWind_test.mat,simWind_test.mat#48,48,0.01,tpsscs_finished_detector,low_rank_residual_k30,0.88,0.88,0.0,0.0099983208926745,25,tie
simWind_test.mat,simWind_test.mat#49,49,1e-05,tpsscs_finished_detector,low_rank_residual_k30,0.2424242424242424,0.2121212121212121,0.030303030303030304,0.0,33,win
simWind_test.mat,simWind_test.mat#49,49,3e-05,tpsscs_finished_detector,low_rank_residual_k30,0.2424242424242424,0.2121212121212121,0.030303030303030304,1.5266476344594905e-05,33,win
simWind_test.mat,simWind_test.mat#49,49,0.0001,tpsscs_finished_detector,low_rank_residual_k30,0.303030303030303,0.303030303030303,0.0,9.159885806756944e-05,33,tie
simWind_test.mat,simWind_test.mat#49,49,0.0003,tpsscs_finished_detector,low_rank_residual_k30,0.4242424242424242,0.4242424242424242,0.0,0.0002900630505473,33,tie
simWind_test.mat,simWind_test.mat#49,49,0.001,tpsscs_finished_detector,low_rank_residual_k30,0.6060606060606061,0.6060606060606061,0.0,0.0009923209623986,33,tie
simWind_test.mat,simWind_test.mat#49,49,0.003,tpsscs_finished_detector,low_rank_residual_k30,0.696969696969697,0.696969696969697,0.0,0.0029922293635406,33,tie
simWind_test.mat,simWind_test.mat#49,49,0.01,tpsscs_finished_detector,low_rank_residual_k30,0.8181818181818182,0.8181818181818182,0.0,0.0099995420057096,33,tie
simWind_test.mat,simWind_test.mat#50,50,1e-05,tpsscs_finished_detector,low_rank_residual_k30,0.24,0.2,0.03999999999999998,0.0,25,win
simWind_test.mat,simWind_test.mat#50,50,3e-05,tpsscs_finished_detector,low_rank_residual_k30,0.28,0.24,0.040000000000000036,1.526461204988475e-05,25,win
simWind_test.mat,simWind_test.mat#50,50,0.0001,tpsscs_finished_detector,low_rank_residual_k30,0.32,0.28,0.03999999999999998,9.158767229930853e-05,25,win
simWind_test.mat,simWind_test.mat#50,50,0.0003,tpsscs_finished_detector,low_rank_residual_k30,0.64,0.64,0.0,0.0002900276289478,25,tie
simWind_test.mat,simWind_test.mat#50,50,0.001,tpsscs_finished_detector,low_rank_residual_k30,1.0,1.0,0.0,0.0009921997832425,25,tie
simWind_test.mat,simWind_test.mat#50,50,0.003,tpsscs_finished_detector,low_rank_residual_k30,1.0,1.0,0.0,0.0029918639617774,25,tie
simWind_test.mat,simWind_test.mat#50,50,0.01,tpsscs_finished_detector,low_rank_residual_k30,1.0,1.0,0.0,0.0099983208926745,25,tie
simWind_test.mat,simWind_test.mat#51,51,1e-05,tpsscs_finished_detector,low_rank_residual_k30,0.125,0.125,0.0,0.0,16,tie
simWind_test.mat,simWind_test.mat#51,51,3e-05,tpsscs_finished_detector,low_rank_residual_k30,0.3125,0.3125,0.0,1.5262515262515263e-05,16,tie
simWind_test.mat,simWind_test.mat#51,51,0.0001,tpsscs_finished_detector,low_rank_residual_k30,0.5,0.5,0.0,9.157509157509158e-05,16,tie
simWind_test.mat,simWind_test.mat#51,51,0.0003,tpsscs_finished_detector,low_rank_residual_k30,0.625,0.625,0.0,0.0002899877899877,16,tie
simWind_test.mat,simWind_test.mat#51,51,0.001,tpsscs_finished_detector,low_rank_residual_k30,0.625,0.625,0.0,0.0009920634920634,16,tie
simWind_test.mat,simWind_test.mat#51,51,0.003,tpsscs_finished_detector,low_rank_residual_k30,0.625,0.625,0.0,0.0029914529914529,16,tie
simWind_test.mat,simWind_test.mat#51,51,0.01,tpsscs_finished_detector,low_rank_residual_k30,0.75,0.75,0.0,0.0099969474969474,16,tie
simWind_test.mat,simWind_test.mat#52,52,1e-05,tpsscs_finished_detector,low_rank_residual_k30,0.1694915254237288,0.1525423728813559,0.01694915254237292,0.0,59,win
simWind_test.mat,simWind_test.mat#52,52,3e-05,tpsscs_finished_detector,low_rank_residual_k30,0.2033898305084746,0.1864406779661017,0.01694915254237289,1.5272538448615544e-05,59,win
simWind_test.mat,simWind_test.mat#52,52,0.0001,tpsscs_finished_detector,low_rank_residual_k30,0.2372881355932203,0.2203389830508474,0.01694915254237289,9.163523069169329e-05,59,win
simWind_test.mat,simWind_test.mat#52,52,0.0003,tpsscs_finished_detector,low_rank_residual_k30,0.423728813559322,0.4067796610169492,0.016949152542372836,0.0002901782305236,59,win
simWind_test.mat,simWind_test.mat#52,52,0.001,tpsscs_finished_detector,low_rank_residual_k30,0.6610169491525424,0.6440677966101694,0.016949152542372947,0.00099271499916,59,win
simWind_test.mat,simWind_test.mat#52,52,0.003,tpsscs_finished_detector,low_rank_residual_k30,0.847457627118644,0.8305084745762712,0.016949152542372836,0.0029934175359286,59,win
simWind_test.mat,simWind_test.mat#52,52,0.01,tpsscs_finished_detector,low_rank_residual_k30,0.9152542372881356,0.8983050847457628,0.016949152542372836,0.0099882401453945,59,win
simWind_test.mat,simWind_test.mat#53,53,1e-05,tpsscs_finished_detector,low_rank_residual_k30,0.1428571428571428,0.1020408163265306,0.04081632653061219,0.0,49,win
simWind_test.mat,simWind_test.mat#53,53,3e-05,tpsscs_finished_detector,low_rank_residual_k30,0.2244897959183673,0.1836734693877551,0.04081632653061218,1.5270206300487118e-05,49,win
simWind_test.mat,simWind_test.mat#53,53,0.0001,tpsscs_finished_detector,low_rank_residual_k30,0.2857142857142857,0.2448979591836734,0.04081632653061229,9.162123780292272e-05,49,win
simWind_test.mat,simWind_test.mat#53,53,0.0003,tpsscs_finished_detector,low_rank_residual_k30,0.5102040816326531,0.4693877551020408,0.04081632653061229,0.0002901339197092,49,win
simWind_test.mat,simWind_test.mat#53,53,0.001,tpsscs_finished_detector,low_rank_residual_k30,0.7142857142857143,0.673469387755102,0.04081632653061229,0.0009925634095316,49,win
simWind_test.mat,simWind_test.mat#53,53,0.003,tpsscs_finished_detector,low_rank_residual_k30,0.9183673469387756,0.8775510204081632,0.0408163265306124,0.0029929604348954,49,win
simWind_test.mat,simWind_test.mat#53,53,0.01,tpsscs_finished_detector,low_rank_residual_k30,0.9183673469387756,0.8979591836734694,0.020408163265306256,0.0099867149205185,49,win
simWind_test.mat,simWind_test.mat#54,54,1e-05,tpsscs_finished_detector,low_rank_residual_k30,0.0833333333333333,0.0277777777777777,0.0555555555555556,0.0,36,win
simWind_test.mat,simWind_test.mat#54,54,3e-05,tpsscs_finished_detector,low_rank_residual_k30,0.1666666666666666,0.1111111111111111,0.0555555555555555,1.5267175572519083e-05,36,win
simWind_test.mat,simWind_test.mat#54,54,0.0001,tpsscs_finished_detector,low_rank_residual_k30,0.25,0.1944444444444444,0.05555555555555561,9.16030534351145e-05,36,win
simWind_test.mat,simWind_test.mat#54,54,0.0003,tpsscs_finished_detector,low_rank_residual_k30,0.5277777777777778,0.4722222222222222,0.05555555555555558,0.0002900763358778,36,win
simWind_test.mat,simWind_test.mat#54,54,0.001,tpsscs_finished_detector,low_rank_residual_k30,0.8055555555555556,0.75,0.05555555555555558,0.0009923664122137,36,win
simWind_test.mat,simWind_test.mat#54,54,0.003,tpsscs_finished_detector,low_rank_residual_k30,0.9166666666666666,0.9166666666666666,0.0,0.0029923664122137,36,tie
simWind_test.mat,simWind_test.mat#54,54,0.01,tpsscs_finished_detector,low_rank_residual_k30,0.9166666666666666,0.9166666666666666,0.0,0.01,36,tie
simWind_test.mat,simWind_test.mat#55,55,1e-05,tpsscs_finished_detector,low_rank_residual_k30,0.0833333333333333,0.0416666666666666,0.0416666666666667,0.0,24,win
simWind_test.mat,simWind_test.mat#55,55,3e-05,tpsscs_finished_detector,low_rank_residual_k30,0.0833333333333333,0.0416666666666666,0.0416666666666667,1.5264379045060447e-05,24,win
simWind_test.mat,simWind_test.mat#55,55,0.0001,tpsscs_finished_detector,low_rank_residual_k30,0.25,0.2083333333333333,0.04166666666666671,9.158627427036267e-05,24,win
simWind_test.mat,simWind_test.mat#55,55,0.0003,tpsscs_finished_detector,low_rank_residual_k30,0.3333333333333333,0.2916666666666667,0.04166666666666663,0.0002900232018561,24,win
simWind_test.mat,simWind_test.mat#55,55,0.001,tpsscs_finished_detector,low_rank_residual_k30,0.5,0.4583333333333333,0.041666666666666685,0.0009921846379289,24,win
simWind_test.mat,simWind_test.mat#55,55,0.003,tpsscs_finished_detector,low_rank_residual_k30,0.5833333333333334,0.5416666666666666,0.04166666666666674,0.0029918182928318,24,win
simWind_test.mat,simWind_test.mat#55,55,0.01,tpsscs_finished_detector,low_rank_residual_k30,0.625,0.5833333333333334,0.04166666666666663,0.0099981682745145,24,win
simWind_test.mat,simWind_test.mat#56,56,1e-05,tpsscs_finished_detector,low_rank_residual_k30,0.3157894736842105,0.2631578947368421,0.05263157894736842,0.0,19,win
simWind_test.mat,simWind_test.mat#56,56,3e-05,tpsscs_finished_detector,low_rank_residual_k30,0.3157894736842105,0.2631578947368421,0.05263157894736842,1.5263214127630997e-05,19,win
simWind_test.mat,simWind_test.mat#56,56,0.0001,tpsscs_finished_detector,low_rank_residual_k30,0.5263157894736842,0.4736842105263157,0.052631578947368474,9.157928476578598e-05,19,win
simWind_test.mat,simWind_test.mat#56,56,0.0003,tpsscs_finished_detector,low_rank_residual_k30,0.5789473684210527,0.5789473684210527,0.0,0.0002900010684249,19,tie
simWind_test.mat,simWind_test.mat#56,56,0.001,tpsscs_finished_detector,low_rank_residual_k30,0.6842105263157895,0.6842105263157895,0.0,0.000992108918296,19,tie
simWind_test.mat,simWind_test.mat#56,56,0.003,tpsscs_finished_detector,low_rank_residual_k30,0.7368421052631579,0.7368421052631579,0.0,0.0029915899690156,19,tie
simWind_test.mat,simWind_test.mat#56,56,0.01,tpsscs_finished_detector,low_rank_residual_k30,0.8421052631578947,0.8421052631578947,0.0,0.0099974052535983,19,tie
simWind_test.mat,simWind_test.mat#59,59,1e-05,tpsscs_finished_detector,low_rank_residual_k30,0.4102564102564102,0.2307692307692307,0.1794871794871795,0.0,39,win
simWind_test.mat,simWind_test.mat#59,59,3e-05,tpsscs_finished_detector,low_rank_residual_k30,0.4358974358974359,0.2564102564102564,0.17948717948717952,1.526787486449761e-05,39,win
simWind_test.mat,simWind_test.mat#59,59,0.0001,tpsscs_finished_detector,low_rank_residual_k30,0.6410256410256411,0.5384615384615384,0.10256410256410264,9.160724918698568e-05,39,win
simWind_test.mat,simWind_test.mat#59,59,0.0003,tpsscs_finished_detector,low_rank_residual_k30,0.6666666666666666,0.5641025641025641,0.10256410256410253,0.0002900896224254,39,win
simWind_test.mat,simWind_test.mat#59,59,0.001,tpsscs_finished_detector,low_rank_residual_k30,0.8974358974358975,0.8461538461538461,0.05128205128205132,0.0009924118661923,39,win
simWind_test.mat,simWind_test.mat#59,59,0.003,tpsscs_finished_detector,low_rank_residual_k30,0.9230769230769232,0.9230769230769232,0.0,0.0029925034734415,39,tie
simWind_test.mat,simWind_test.mat#59,59,0.01,tpsscs_finished_detector,low_rank_residual_k30,0.9487179487179488,0.9487179487179488,0.0,0.0099851901613814,39,tie
simWind_test.mat,simWind_test.mat#61,61,1e-05,tpsscs_finished_detector,low_rank_residual_k30,0.0980392156862745,0.0196078431372549,0.07843137254901959,0.0,51,win
simWind_test.mat,simWind_test.mat#61,61,3e-05,tpsscs_finished_detector,low_rank_residual_k30,0.196078431372549,0.1176470588235294,0.07843137254901959,1.527067267313125e-05,51,win
simWind_test.mat,simWind_test.mat#61,61,0.0001,tpsscs_finished_detector,low_rank_residual_k30,0.392156862745098,0.3137254901960784,0.07843137254901955,9.16240360387875e-05,51,win
simWind_test.mat,simWind_test.mat#61,61,0.0003,tpsscs_finished_detector,low_rank_residual_k30,0.4509803921568627,0.3725490196078431,0.0784313725490196,0.0002901427807894,51,win
simWind_test.mat,simWind_test.mat#61,61,0.001,tpsscs_finished_detector,low_rank_residual_k30,0.7647058823529411,0.6862745098039216,0.07843137254901955,0.0009925937237535,51,win
simWind_test.mat,simWind_test.mat#61,61,0.003,tpsscs_finished_detector,low_rank_residual_k30,0.9411764705882352,0.9215686274509804,0.01960784313725472,0.0029930518439337,51,win
simWind_test.mat,simWind_test.mat#61,61,0.01,tpsscs_finished_detector,low_rank_residual_k30,0.9607843137254902,0.9411764705882352,0.019607843137255054,0.0099870199282278,51,win
simWind_test.mat,simWind_test.mat#62,62,1e-05,tpsscs_finished_detector,low_rank_residual_k30,0.1538461538461538,0.1538461538461538,0.0,0.0,26,tie
simWind_test.mat,simWind_test.mat#62,62,3e-05,tpsscs_finished_detector,low_rank_residual_k30,0.1923076923076923,0.1923076923076923,0.0,1.5264845061822624e-05,26,tie
simWind_test.mat,simWind_test.mat#62,62,0.0001,tpsscs_finished_detector,low_rank_residual_k30,0.3846153846153846,0.3846153846153846,0.0,9.158907037093572e-05,26,tie
simWind_test.mat,simWind_test.mat#62,62,0.0003,tpsscs_finished_detector,low_rank_residual_k30,0.5384615384615384,0.5384615384615384,0.0,0.0002900320561746,26,tie
simWind_test.mat,simWind_test.mat#62,62,0.001,tpsscs_finished_detector,low_rank_residual_k30,0.5769230769230769,0.5769230769230769,0.0,0.0009922149290184,26,tie
simWind_test.mat,simWind_test.mat#62,62,0.003,tpsscs_finished_detector,low_rank_residual_k30,0.6538461538461539,0.6538461538461539,0.0,0.0029919096321172,26,tie
simWind_test.mat,simWind_test.mat#62,62,0.01,tpsscs_finished_detector,low_rank_residual_k30,0.7307692307692307,0.7307692307692307,0.0,0.0099984735154938,26,tie
simWind_test.mat,simWind_test.mat#63,63,1e-05,tpsscs_finished_detector,low_rank_residual_k30,0.1896551724137931,0.0344827586206896,0.15517241379310348,0.0,58,win
simWind_test.mat,simWind_test.mat#63,63,3e-05,tpsscs_finished_detector,low_rank_residual_k30,0.2241379310344827,0.0689655172413793,0.15517241379310343,1.527230520174715e-05,58,win
simWind_test.mat,simWind_test.mat#63,63,0.0001,tpsscs_finished_detector,low_rank_residual_k30,0.4310344827586206,0.2758620689655172,0.15517241379310343,9.163383121048293e-05,58,win
simWind_test.mat,simWind_test.mat#63,63,0.0003,tpsscs_finished_detector,low_rank_residual_k30,0.5172413793103449,0.3620689655172414,0.15517241379310348,0.0002901737988331,58,win
simWind_test.mat,simWind_test.mat#63,63,0.001,tpsscs_finished_detector,low_rank_residual_k30,0.8275862068965517,0.7068965517241379,0.12068965517241381,0.0009926998381135,58,win
simWind_test.mat,simWind_test.mat#63,63,0.003,tpsscs_finished_detector,low_rank_residual_k30,0.9482758620689656,0.8448275862068966,0.10344827586206906,0.0029933718195424,58,win
simWind_test.mat,simWind_test.mat#63,63,0.01,tpsscs_finished_detector,low_rank_residual_k30,0.9827586206896552,0.9310344827586208,0.051724137931034475,0.0099880876019426,58,win
simWind_test.mat,simWind_test.mat#64,64,1e-05,tpsscs_finished_detector,low_rank_residual_k30,0.25,0.1875,0.0625,0.0,16,win
simWind_test.mat,simWind_test.mat#64,64,3e-05,tpsscs_finished_detector,low_rank_residual_k30,0.3125,0.25,0.0625,1.5262515262515263e-05,16,win
simWind_test.mat,simWind_test.mat#64,64,0.0001,tpsscs_finished_detector,low_rank_residual_k30,0.375,0.3125,0.0625,9.157509157509158e-05,16,win
simWind_test.mat,simWind_test.mat#64,64,0.0003,tpsscs_finished_detector,low_rank_residual_k30,0.6875,0.625,0.0625,0.0002899877899877,16,win
simWind_test.mat,simWind_test.mat#64,64,0.001,tpsscs_finished_detector,low_rank_residual_k30,0.75,0.6875,0.0625,0.0009920634920634,16,win
simWind_test.mat,simWind_test.mat#64,64,0.003,tpsscs_finished_detector,low_rank_residual_k30,0.75,0.6875,0.0625,0.0029914529914529,16,win
simWind_test.mat,simWind_test.mat#64,64,0.01,tpsscs_finished_detector,low_rank_residual_k30,0.75,0.6875,0.0625,0.0099969474969474,16,win
simWind_test.mat,simWind_test.mat#65,65,1e-05,tpsscs_finished_detector,low_rank_residual_k30,0.2,0.1333333333333333,0.06666666666666671,0.0,30,win
simWind_test.mat,simWind_test.mat#65,65,3e-05,tpsscs_finished_detector,low_rank_residual_k30,0.2333333333333333,0.1666666666666666,0.06666666666666671,1.526577718071627e-05,30,win
simWind_test.mat,simWind_test.mat#65,65,0.0001,tpsscs_finished_detector,low_rank_residual_k30,0.3,0.2333333333333333,0.06666666666666668,9.159466308429762e-05,30,win
simWind_test.mat,simWind_test.mat#65,65,0.0003,tpsscs_finished_detector,low_rank_residual_k30,0.3666666666666666,0.3,0.0666666666666666,0.0002900497664336,30,win
simWind_test.mat,simWind_test.mat#65,65,0.001,tpsscs_finished_detector,low_rank_residual_k30,0.4666666666666667,0.4,0.06666666666666665,0.0009922755167465,30,win
simWind_test.mat,simWind_test.mat#65,65,0.003,tpsscs_finished_detector,low_rank_residual_k30,0.6,0.5333333333333333,0.06666666666666665,0.0029920923274203,30,win
simWind_test.mat,simWind_test.mat#65,65,0.01,tpsscs_finished_detector,low_rank_residual_k30,0.6333333333333333,0.5666666666666667,0.06666666666666665,0.0099990840533691,30,win
simWind_test.mat,simWind_test.mat#67,67,1e-05,tpsscs_finished_detector,low_rank_residual_k30,0.1363636363636363,0.1136363636363636,0.022727272727272693,0.0,44,win
simWind_test.mat,simWind_test.mat#67,67,3e-05,tpsscs_finished_detector,low_rank_residual_k30,0.1363636363636363,0.1136363636363636,0.022727272727272693,1.526904049349539e-05,44,win
simWind_test.mat,simWind_test.mat#67,67,0.0001,tpsscs_finished_detector,low_rank_residual_k30,0.2954545454545454,0.2727272727272727,0.022727272727272707,9.161424296097234e-05,44,win
simWind_test.mat,simWind_test.mat#67,67,0.0003,tpsscs_finished_detector,low_rank_residual_k30,0.4545454545454545,0.4545454545454545,0.0,0.0002901117693764,44,tie
simWind_test.mat,simWind_test.mat#67,67,0.001,tpsscs_finished_detector,low_rank_residual_k30,0.7272727272727273,0.7272727272727273,0.0,0.0009924876320772,44,tie
simWind_test.mat,simWind_test.mat#67,67,0.003,tpsscs_finished_detector,low_rank_residual_k30,0.8181818181818182,0.8181818181818182,0.0,0.002992731936725,44,tie
simWind_test.mat,simWind_test.mat#67,67,0.01,tpsscs_finished_detector,low_rank_residual_k30,0.8636363636363636,0.8636363636363636,0.0,0.0099859524827459,44,tie
simWind_test.mat,simWind_test.mat#69,69,1e-05,tpsscs_finished_detector,low_rank_residual_k30,0.2439024390243902,0.1951219512195122,0.04878048780487801,0.0,41,win
simWind_test.mat,simWind_test.mat#69,69,3e-05,tpsscs_finished_detector,low_rank_residual_k30,0.2439024390243902,0.1951219512195122,0.04878048780487801,1.5268341094740055e-05,41,win
simWind_test.mat,simWind_test.mat#69,69,0.0001,tpsscs_finished_detector,low_rank_residual_k30,0.3658536585365853,0.3414634146341463,0.02439024390243899,9.161004656844032e-05,41,win
simWind_test.mat,simWind_test.mat#69,69,0.0003,tpsscs_finished_detector,low_rank_residual_k30,0.4390243902439024,0.4390243902439024,0.0,0.0002900984808,41,tie
simWind_test.mat,simWind_test.mat#69,69,0.001,tpsscs_finished_detector,low_rank_residual_k30,0.5853658536585366,0.5853658536585366,0.0,0.0009924421711581,41,tie
simWind_test.mat,simWind_test.mat#69,69,0.003,tpsscs_finished_detector,low_rank_residual_k30,0.8292682926829268,0.8292682926829268,0.0,0.002992594854569,41,tie
simWind_test.mat,simWind_test.mat#69,69,0.01,tpsscs_finished_detector,low_rank_residual_k30,0.8780487804878049,0.8780487804878049,0.0,0.0099854950759599,41,tie
simWind_test.mat,simWind_test.mat#7,7,1e-05,tpsscs_finished_detector,low_rank_residual_k30,0.16,0.08,0.08,0.0,50,win
simWind_test.mat,simWind_test.mat#7,7,3e-05,tpsscs_finished_detector,low_rank_residual_k30,0.24,0.16,0.07999999999999999,1.5270439483248328e-05,50,win
simWind_test.mat,simWind_test.mat#7,7,0.0001,tpsscs_finished_detector,low_rank_residual_k30,0.38,0.3,0.08000000000000002,9.162263689948996e-05,50,win
simWind_test.mat,simWind_test.mat#7,7,0.0003,tpsscs_finished_detector,low_rank_residual_k30,0.56,0.48,0.08000000000000007,0.0002901383501817,50,win
simWind_test.mat,simWind_test.mat#7,7,0.001,tpsscs_finished_detector,low_rank_residual_k30,0.8,0.72,0.08000000000000007,0.0009925785664111,50,win
simWind_test.mat,simWind_test.mat#7,7,0.003,tpsscs_finished_detector,low_rank_residual_k30,0.9,0.82,0.08000000000000007,0.0029930061387166,50,win
simWind_test.mat,simWind_test.mat#7,7,0.01,tpsscs_finished_detector,low_rank_residual_k30,0.94,0.88,0.05999999999999994,0.0099868674220444,50,win
simWind_test.mat,simWind_test.mat#70,70,1e-05,tpsscs_finished_detector,low_rank_residual_k30,0.2325581395348837,0.1162790697674418,0.11627906976744189,0.0,43,win
simWind_test.mat,simWind_test.mat#70,70,3e-05,tpsscs_finished_detector,low_rank_residual_k30,0.2325581395348837,0.1162790697674418,0.11627906976744189,1.526880735345762e-05,43,win
simWind_test.mat,simWind_test.mat#70,70,0.0001,tpsscs_finished_detector,low_rank_residual_k30,0.3953488372093023,0.2790697674418604,0.1162790697674419,9.161284412074572e-05,43,win
simWind_test.mat,simWind_test.mat#70,70,0.0003,tpsscs_finished_detector,low_rank_residual_k30,0.6046511627906976,0.4883720930232558,0.11627906976744184,0.0002901073397156,43,win
simWind_test.mat,simWind_test.mat#70,70,0.001,tpsscs_finished_detector,low_rank_residual_k30,0.813953488372093,0.6976744186046512,0.11627906976744184,0.0009924724779747,43,win
simWind_test.mat,simWind_test.mat#70,70,0.003,tpsscs_finished_detector,low_rank_residual_k30,0.9302325581395348,0.8604651162790697,0.06976744186046502,0.0029926862412776,43,win
simWind_test.mat,simWind_test.mat#70,70,0.01,tpsscs_finished_detector,low_rank_residual_k30,0.9767441860465116,0.9302325581395348,0.04651162790697683,0.0099858000091612,43,win
simWind_test.mat,simWind_test.mat#71,71,1e-05,tpsscs_finished_detector,low_rank_residual_k30,0.074074074074074,0.037037037037037,0.037037037037037,0.0,27,win
simWind_test.mat,simWind_test.mat#71,71,3e-05,tpsscs_finished_detector,low_rank_residual_k30,0.2222222222222222,0.1851851851851851,0.03703703703703712,1.5265078080874384e-05,27,win
simWind_test.mat,simWind_test.mat#71,71,0.0001,tpsscs_finished_detector,low_rank_residual_k30,0.3703703703703703,0.3703703703703703,0.0,9.15904684852463e-05,27,tie
simWind_test.mat,simWind_test.mat#71,71,0.0003,tpsscs_finished_detector,low_rank_residual_k30,0.4444444444444444,0.4444444444444444,0.0,0.0002900364835366,27,tie
simWind_test.mat,simWind_test.mat#71,71,0.001,tpsscs_finished_detector,low_rank_residual_k30,0.4814814814814814,0.4814814814814814,0.0,0.0009922300752568,27,tie
simWind_test.mat,simWind_test.mat#71,71,0.003,tpsscs_finished_detector,low_rank_residual_k30,0.5555555555555556,0.5555555555555556,0.0,0.0029919553038513,27,tie
simWind_test.mat,simWind_test.mat#71,71,0.01,tpsscs_finished_detector,low_rank_residual_k30,0.7777777777777778,0.7777777777777778,0.0,0.0099986261429727,27,tie
simWind_test.mat,simWind_test.mat#72,72,1e-05,tpsscs_finished_detector,low_rank_residual_k30,0.3513513513513513,0.1081081081081081,0.2432432432432432,0.0,37,win
simWind_test.mat,simWind_test.mat#72,72,3e-05,tpsscs_finished_detector,low_rank_residual_k30,0.3513513513513513,0.1081081081081081,0.2432432432432432,1.5267408662727676e-05,37,win
simWind_test.mat,simWind_test.mat#72,72,0.0001,tpsscs_finished_detector,low_rank_residual_k30,0.4864864864864865,0.3513513513513513,0.1351351351351352,9.160445197636606e-05,37,win
simWind_test.mat,simWind_test.mat#72,72,0.0003,tpsscs_finished_detector,low_rank_residual_k30,0.7027027027027027,0.6486486486486487,0.05405405405405406,0.0002900807645918,37,win
simWind_test.mat,simWind_test.mat#72,72,0.001,tpsscs_finished_detector,low_rank_residual_k30,0.8378378378378378,0.8378378378378378,0.0,0.0009923815630772,37,tie
simWind_test.mat,simWind_test.mat#72,72,0.003,tpsscs_finished_detector,low_rank_residual_k30,0.8918918918918919,0.8918918918918919,0.0,0.0029924120978946,37,tie
simWind_test.mat,simWind_test.mat#72,72,0.01,tpsscs_finished_detector,low_rank_residual_k30,0.945945945945946,0.945945945945946,0.0,0.0099848852654238,37,tie
simWind_test.mat,simWind_test.mat#74,74,1e-05,tpsscs_finished_detector,low_rank_residual_k30,0.1428571428571428,0.0571428571428571,0.08571428571428569,0.0,35,win
simWind_test.mat,simWind_test.mat#74,74,3e-05,tpsscs_finished_detector,low_rank_residual_k30,0.2571428571428571,0.2,0.057142857142857106,1.5266942489427644e-05,35,win
simWind_test.mat,simWind_test.mat#74,74,0.0001,tpsscs_finished_detector,low_rank_residual_k30,0.3714285714285714,0.3142857142857143,0.057142857142857106,9.160165493656586e-05,35,win
simWind_test.mat,simWind_test.mat#74,74,0.0003,tpsscs_finished_detector,low_rank_residual_k30,0.6285714285714286,0.6,0.02857142857142858,0.0002900719072991,35,win
simWind_test.mat,simWind_test.mat#74,74,0.001,tpsscs_finished_detector,low_rank_residual_k30,0.8285714285714286,0.8,0.02857142857142858,0.0009923512618127,35,win
simWind_test.mat,simWind_test.mat#74,74,0.003,tpsscs_finished_detector,low_rank_residual_k30,0.9142857142857144,0.8857142857142857,0.028571428571428692,0.0029923207279278,35,win
simWind_test.mat,simWind_test.mat#74,74,0.01,tpsscs_finished_detector,low_rank_residual_k30,0.9714285714285714,0.9428571428571428,0.02857142857142858,0.0099998473305751,35,win
simWind_test.mat,simWind_test.mat#75,75,1e-05,tpsscs_finished_detector,low_rank_residual_k30,0.1833333333333333,0.1333333333333333,0.04999999999999999,0.0,60,win
simWind_test.mat,simWind_test.mat#75,75,3e-05,tpsscs_finished_detector,low_rank_residual_k30,0.2166666666666666,0.1666666666666666,0.04999999999999999,1.527277170260859e-05,60,win
simWind_test.mat,simWind_test.mat#75,75,0.0001,tpsscs_finished_detector,low_rank_residual_k30,0.2666666666666666,0.2166666666666666,0.05000000000000002,9.163663021565152e-05,60,win
simWind_test.mat,simWind_test.mat#75,75,0.0003,tpsscs_finished_detector,low_rank_residual_k30,0.4,0.35,0.050000000000000044,0.0002901826623495,60,win
simWind_test.mat,simWind_test.mat#75,75,0.001,tpsscs_finished_detector,low_rank_residual_k30,0.75,0.7166666666666667,0.033333333333333326,0.0009927301606695,60,win
simWind_test.mat,simWind_test.mat#75,75,0.003,tpsscs_finished_detector,low_rank_residual_k30,0.8833333333333333,0.8833333333333333,0.0,0.0029934632537112,60,tie
simWind_test.mat,simWind_test.mat#75,75,0.01,tpsscs_finished_detector,low_rank_residual_k30,0.95,0.95,0.0,0.009988392693506,60,tie
simWind_test.mat,simWind_test.mat#76,76,1e-05,tpsscs_finished_detector,low_rank_residual_k30,0.2962962962962963,0.1111111111111111,0.18518518518518517,0.0,27,win
simWind_test.mat,simWind_test.mat#76,76,3e-05,tpsscs_finished_detector,low_rank_residual_k30,0.3703703703703703,0.2592592592592592,0.1111111111111111,1.5265078080874384e-05,27,win
simWind_test.mat,simWind_test.mat#76,76,0.0001,tpsscs_finished_detector,low_rank_residual_k30,0.5185185185185185,0.4444444444444444,0.07407407407407407,9.15904684852463e-05,27,win
simWind_test.mat,simWind_test.mat#76,76,0.0003,tpsscs_finished_detector,low_rank_residual_k30,0.5555555555555556,0.5555555555555556,0.0,0.0002900364835366,27,tie
simWind_test.mat,simWind_test.mat#76,76,0.001,tpsscs_finished_detector,low_rank_residual_k30,0.8518518518518519,0.8518518518518519,0.0,0.0009922300752568,27,tie
simWind_test.mat,simWind_test.mat#76,76,0.003,tpsscs_finished_detector,low_rank_residual_k30,0.8518518518518519,0.8518518518518519,0.0,0.0029919553038513,27,tie
simWind_test.mat,simWind_test.mat#76,76,0.01,tpsscs_finished_detector,low_rank_residual_k30,0.925925925925926,0.925925925925926,0.0,0.0099986261429727,27,tie
simWind_test.mat,simWind_test.mat#77,77,1e-05,tpsscs_finished_detector,low_rank_residual_k30,0.1746031746031746,0.0793650793650793,0.09523809523809529,0.0,63,win
simWind_test.mat,simWind_test.mat#77,77,3e-05,tpsscs_finished_detector,low_rank_residual_k30,0.2063492063492063,0.1269841269841269,0.07936507936507942,1.5273471507338904e-05,63,win
simWind_test.mat,simWind_test.mat#77,77,0.0001,tpsscs_finished_detector,low_rank_residual_k30,0.3174603174603174,0.2698412698412698,0.04761904761904756,9.16408290440334e-05,63,win
simWind_test.mat,simWind_test.mat#77,77,0.0003,tpsscs_finished_detector,low_rank_residual_k30,0.4603174603174603,0.4444444444444444,0.015873015873015872,0.0002901959586394,63,win
simWind_test.mat,simWind_test.mat#77,77,0.001,tpsscs_finished_detector,low_rank_residual_k30,0.6349206349206349,0.6349206349206349,0.0,0.000992775647977,63,tie
simWind_test.mat,simWind_test.mat#77,77,0.003,tpsscs_finished_detector,low_rank_residual_k30,0.7301587301587301,0.7301587301587301,0.0,0.0029936004154384,63,tie
simWind_test.mat,simWind_test.mat#77,77,0.01,tpsscs_finished_detector,low_rank_residual_k30,0.7936507936507936,0.7936507936507936,0.0,0.0099888503657996,63,tie
simWind_test.mat,simWind_test.mat#78,78,1e-05,tpsscs_finished_detector,low_rank_residual_k30,0.12,0.08,0.039999999999999994,0.0,25,win
simWind_test.mat,simWind_test.mat#78,78,3e-05,tpsscs_finished_detector,low_rank_residual_k30,0.28,0.28,0.0,1.526461204988475e-05,25,tie
simWind_test.mat,simWind_test.mat#78,78,0.0001,tpsscs_finished_detector,low_rank_residual_k30,0.4,0.4,0.0,9.158767229930853e-05,25,tie
simWind_test.mat,simWind_test.mat#78,78,0.0003,tpsscs_finished_detector,low_rank_residual_k30,0.56,0.56,0.0,0.0002900276289478,25,tie
simWind_test.mat,simWind_test.mat#78,78,0.001,tpsscs_finished_detector,low_rank_residual_k30,0.72,0.72,0.0,0.0009921997832425,25,tie
simWind_test.mat,simWind_test.mat#78,78,0.003,tpsscs_finished_detector,low_rank_residual_k30,0.88,0.88,0.0,0.0029918639617774,25,tie
simWind_test.mat,simWind_test.mat#78,78,0.01,tpsscs_finished_detector,low_rank_residual_k30,0.92,0.92,0.0,0.0099983208926745,25,tie
simWind_test.mat,simWind_test.mat#79,79,1e-05,tpsscs_finished_detector,low_rank_residual_k30,0.2307692307692307,0.1538461538461538,0.0769230769230769,0.0,26,win
simWind_test.mat,simWind_test.mat#79,79,3e-05,tpsscs_finished_detector,low_rank_residual_k30,0.3846153846153846,0.3076923076923077,0.07692307692307687,1.5264845061822624e-05,26,win
simWind_test.mat,simWind_test.mat#79,79,0.0001,tpsscs_finished_detector,low_rank_residual_k30,0.4615384615384615,0.3846153846153846,0.07692307692307693,9.158907037093572e-05,26,win
simWind_test.mat,simWind_test.mat#79,79,0.0003,tpsscs_finished_detector,low_rank_residual_k30,0.5384615384615384,0.4615384615384615,0.07692307692307693,0.0002900320561746,26,win
simWind_test.mat,simWind_test.mat#79,79,0.001,tpsscs_finished_detector,low_rank_residual_k30,0.6153846153846154,0.5384615384615384,0.07692307692307698,0.0009922149290184,26,win
simWind_test.mat,simWind_test.mat#79,79,0.003,tpsscs_finished_detector,low_rank_residual_k30,0.7307692307692307,0.6538461538461539,0.07692307692307687,0.0029919096321172,26,win
simWind_test.mat,simWind_test.mat#79,79,0.01,tpsscs_finished_detector,low_rank_residual_k30,0.7692307692307693,0.6923076923076923,0.07692307692307698,0.0099984735154938,26,win
simWind_test.mat,simWind_test.mat#8,8,1e-05,tpsscs_finished_detector,low_rank_residual_k30,0.25,0.1666666666666666,0.0833333333333334,0.0,24,win
simWind_test.mat,simWind_test.mat#8,8,3e-05,tpsscs_finished_detector,low_rank_residual_k30,0.25,0.2083333333333333,0.04166666666666671,1.5264379045060447e-05,24,win
simWind_test.mat,simWind_test.mat#8,8,0.0001,tpsscs_finished_detector,low_rank_residual_k30,0.5833333333333334,0.5416666666666666,0.04166666666666674,9.158627427036267e-05,24,win
simWind_test.mat,simWind_test.mat#8,8,0.0003,tpsscs_finished_detector,low_rank_residual_k30,0.7083333333333334,0.7083333333333334,0.0,0.0002900232018561,24,tie
simWind_test.mat,simWind_test.mat#8,8,0.001,tpsscs_finished_detector,low_rank_residual_k30,0.7083333333333334,0.7083333333333334,0.0,0.0009921846379289,24,tie
simWind_test.mat,simWind_test.mat#8,8,0.003,tpsscs_finished_detector,low_rank_residual_k30,0.9166666666666666,0.9166666666666666,0.0,0.0029918182928318,24,tie
simWind_test.mat,simWind_test.mat#8,8,0.01,tpsscs_finished_detector,low_rank_residual_k30,1.0,1.0,0.0,0.0099981682745145,24,tie
simWind_test.mat,simWind_test.mat#80,80,1e-05,tpsscs_finished_detector,low_rank_residual_k30,0.1333333333333333,0.0666666666666666,0.06666666666666671,0.0,15,win
simWind_test.mat,simWind_test.mat#80,80,3e-05,tpsscs_finished_detector,low_rank_residual_k30,0.2,0.1333333333333333,0.06666666666666671,1.5262282321698386e-05,15,win
simWind_test.mat,simWind_test.mat#80,80,0.0001,tpsscs_finished_detector,low_rank_residual_k30,0.5333333333333333,0.4666666666666667,0.06666666666666665,9.157369393019031e-05,15,win
simWind_test.mat,simWind_test.mat#80,80,0.0003,tpsscs_finished_detector,low_rank_residual_k30,0.6,0.6,0.0,0.0002899833641122,15,tie
simWind_test.mat,simWind_test.mat#80,80,0.001,tpsscs_finished_detector,low_rank_residual_k30,0.8666666666666667,0.8666666666666667,0.0,0.0009920483509103,15,tie
simWind_test.mat,simWind_test.mat#80,80,0.003,tpsscs_finished_detector,low_rank_residual_k30,0.9333333333333332,0.9333333333333332,0.0,0.0029914073350528,15,tie
simWind_test.mat,simWind_test.mat#80,80,0.01,tpsscs_finished_detector,low_rank_residual_k30,0.9333333333333332,0.9333333333333332,0.0,0.0099967949207124,15,tie
simWind_test.mat,simWind_test.mat#82,82,1e-05,tpsscs_finished_detector,low_rank_residual_k30,0.064516129032258,0.032258064516129,0.032258064516129,0.0,31,win
simWind_test.mat,simWind_test.mat#82,82,3e-05,tpsscs_finished_detector,low_rank_residual_k30,0.0967741935483871,0.064516129032258,0.0322580645161291,1.5266010228226854e-05,31,win
simWind_test.mat,simWind_test.mat#82,82,0.0001,tpsscs_finished_detector,low_rank_residual_k30,0.3225806451612903,0.2903225806451613,0.032258064516129004,9.159606136936113e-05,31,win
simWind_test.mat,simWind_test.mat#82,82,0.0003,tpsscs_finished_detector,low_rank_residual_k30,0.5161290322580645,0.4838709677419355,0.032258064516129004,0.0002900541943363,31,win
simWind_test.mat,simWind_test.mat#82,82,0.001,tpsscs_finished_detector,low_rank_residual_k30,0.7096774193548387,0.6774193548387096,0.032258064516129115,0.0009922906648347,31,win
simWind_test.mat,simWind_test.mat#82,82,0.003,tpsscs_finished_detector,low_rank_residual_k30,0.8064516129032258,0.8064516129032258,0.0,0.0029921380047324,31,tie
simWind_test.mat,simWind_test.mat#82,82,0.01,tpsscs_finished_detector,low_rank_residual_k30,0.8387096774193549,0.8387096774193549,0.0,0.0099992366994885,31,tie
simWind_test.mat,simWind_test.mat#84,84,1e-05,tpsscs_finished_detector,low_rank_residual_k30,0.275,0.1,0.17500000000000002,0.0,40,win
simWind_test.mat,simWind_test.mat#84,84,3e-05,tpsscs_finished_detector,low_rank_residual_k30,0.275,0.1,0.17500000000000002,1.5268107976059605e-05,40,win
simWind_test.mat,simWind_test.mat#84,84,0.0001,tpsscs_finished_detector,low_rank_residual_k30,0.35,0.175,0.175,9.160864785635764e-05,40,win
simWind_test.mat,simWind_test.mat#84,84,0.0003,tpsscs_finished_detector,low_rank_residual_k30,0.6,0.425,0.175,0.0002900940515451,40,win
simWind_test.mat,simWind_test.mat#84,84,0.001,tpsscs_finished_detector,low_rank_residual_k30,0.8,0.7,0.10000000000000009,0.0009924270184438,40,win
simWind_test.mat,simWind_test.mat#84,84,0.003,tpsscs_finished_detector,low_rank_residual_k30,0.975,0.9,0.07499999999999996,0.0029925491633076,40,win
simWind_test.mat,simWind_test.mat#84,84,0.01,tpsscs_finished_detector,low_rank_residual_k30,1.0,0.95,0.050000000000000044,0.0099853426163429,40,win
simWind_test.mat,simWind_test.mat#85,85,1e-05,tpsscs_finished_detector,low_rank_residual_k30,0.2903225806451613,0.0967741935483871,0.19354838709677422,0.0,31,win
simWind_test.mat,simWind_test.mat#85,85,3e-05,tpsscs_finished_detector,low_rank_residual_k30,0.4193548387096774,0.2258064516129032,0.1935483870967742,1.5266010228226854e-05,31,win
simWind_test.mat,simWind_test.mat#85,85,0.0001,tpsscs_finished_detector,low_rank_residual_k30,0.4516129032258064,0.2580645161290322,0.1935483870967742,9.159606136936113e-05,31,win
simWind_test.mat,simWind_test.mat#85,85,0.0003,tpsscs_finished_detector,low_rank_residual_k30,0.6129032258064516,0.4193548387096774,0.19354838709677424,0.0002900541943363,31,win
simWind_test.mat,simWind_test.mat#85,85,0.001,tpsscs_finished_detector,low_rank_residual_k30,0.8387096774193549,0.7096774193548387,0.12903225806451613,0.0009922906648347,31,win
simWind_test.mat,simWind_test.mat#85,85,0.003,tpsscs_finished_detector,low_rank_residual_k30,0.9032258064516128,0.8064516129032258,0.09677419354838701,0.0029921380047324,31,win
simWind_test.mat,simWind_test.mat#85,85,0.01,tpsscs_finished_detector,low_rank_residual_k30,0.935483870967742,0.8387096774193549,0.09677419354838712,0.0099992366994885,31,win
simWind_test.mat,simWind_test.mat#86,86,1e-05,tpsscs_finished_detector,low_rank_residual_k30,0.2727272727272727,0.1136363636363636,0.15909090909090912,0.0,44,win
simWind_test.mat,simWind_test.mat#86,86,3e-05,tpsscs_finished_detector,low_rank_residual_k30,0.3181818181818182,0.1590909090909091,0.1590909090909091,1.526904049349539e-05,44,win
simWind_test.mat,simWind_test.mat#86,86,0.0001,tpsscs_finished_detector,low_rank_residual_k30,0.4772727272727273,0.3181818181818182,0.15909090909090912,9.161424296097234e-05,44,win
simWind_test.mat,simWind_test.mat#86,86,0.0003,tpsscs_finished_detector,low_rank_residual_k30,0.7045454545454546,0.6136363636363636,0.09090909090909094,0.0002901117693764,44,win
simWind_test.mat,simWind_test.mat#86,86,0.001,tpsscs_finished_detector,low_rank_residual_k30,0.7954545454545454,0.7045454545454546,0.09090909090909083,0.0009924876320772,44,win
simWind_test.mat,simWind_test.mat#86,86,0.003,tpsscs_finished_detector,low_rank_residual_k30,0.9318181818181818,0.9090909090909092,0.022727272727272596,0.002992731936725,44,win
simWind_test.mat,simWind_test.mat#86,86,0.01,tpsscs_finished_detector,low_rank_residual_k30,0.9772727272727272,0.9545454545454546,0.022727272727272596,0.0099859524827459,44,win
simWind_test.mat,simWind_test.mat#87,87,1e-05,tpsscs_finished_detector,low_rank_residual_k30,0.1063829787234042,0.0425531914893617,0.0638297872340425,0.0,47,win
simWind_test.mat,simWind_test.mat#87,87,3e-05,tpsscs_finished_detector,low_rank_residual_k30,0.1489361702127659,0.1063829787234042,0.042553191489361694,1.5269739956328543e-05,47,win
simWind_test.mat,simWind_test.mat#87,87,0.0001,tpsscs_finished_detector,low_rank_residual_k30,0.2978723404255319,0.2765957446808511,0.021276595744680826,9.161843973797126e-05,47,win
simWind_test.mat,simWind_test.mat#87,87,0.0003,tpsscs_finished_detector,low_rank_residual_k30,0.4893617021276595,0.4893617021276595,0.0,0.0002901250591702,47,tie
simWind_test.mat,simWind_test.mat#87,87,0.001,tpsscs_finished_detector,low_rank_residual_k30,0.574468085106383,0.574468085106383,0.0,0.0009925330971613,47,tie
simWind_test.mat,simWind_test.mat#87,87,0.003,tpsscs_finished_detector,low_rank_residual_k30,0.6808510638297872,0.6808510638297872,0.0,0.0029928690314403,47,tie
simWind_test.mat,simWind_test.mat#87,87,0.01,tpsscs_finished_detector,low_rank_residual_k30,0.851063829787234,0.851063829787234,0.0,0.0099864099314388,47,tie
simWind_test.mat,simWind_test.mat#88,88,1e-05,tpsscs_finished_detector,low_rank_residual_k30,0.1162790697674418,0.1162790697674418,0.0,0.0,43,tie
simWind_test.mat,simWind_test.mat#88,88,3e-05,tpsscs_finished_detector,low_rank_residual_k30,0.1860465116279069,0.1860465116279069,0.0,1.526880735345762e-05,43,tie
simWind_test.mat,simWind_test.mat#88,88,0.0001,tpsscs_finished_detector,low_rank_residual_k30,0.3255813953488372,0.3255813953488372,0.0,9.161284412074572e-05,43,tie
simWind_test.mat,simWind_test.mat#88,88,0.0003,tpsscs_finished_detector,low_rank_residual_k30,0.4186046511627907,0.4186046511627907,0.0,0.0002901073397156,43,tie
simWind_test.mat,simWind_test.mat#88,88,0.001,tpsscs_finished_detector,low_rank_residual_k30,0.5581395348837209,0.5581395348837209,0.0,0.0009924724779747,43,tie
simWind_test.mat,simWind_test.mat#88,88,0.003,tpsscs_finished_detector,low_rank_residual_k30,0.7209302325581395,0.7209302325581395,0.0,0.0029926862412776,43,tie
simWind_test.mat,simWind_test.mat#88,88,0.01,tpsscs_finished_detector,low_rank_residual_k30,0.8604651162790697,0.8604651162790697,0.0,0.0099858000091612,43,tie
simWind_test.mat,simWind_test.mat#89,89,1e-05,tpsscs_finished_detector,low_rank_residual_k30,0.22,0.08,0.14,0.0,50,win
simWind_test.mat,simWind_test.mat#89,89,3e-05,tpsscs_finished_detector,low_rank_residual_k30,0.3,0.16,0.13999999999999999,1.5270439483248328e-05,50,win
simWind_test.mat,simWind_test.mat#89,89,0.0001,tpsscs_finished_detector,low_rank_residual_k30,0.38,0.26,0.12,9.162263689948996e-05,50,win
simWind_test.mat,simWind_test.mat#89,89,0.0003,tpsscs_finished_detector,low_rank_residual_k30,0.52,0.42,0.10000000000000003,0.0002901383501817,50,win
simWind_test.mat,simWind_test.mat#89,89,0.001,tpsscs_finished_detector,low_rank_residual_k30,0.76,0.72,0.040000000000000036,0.0009925785664111,50,win
simWind_test.mat,simWind_test.mat#89,89,0.003,tpsscs_finished_detector,low_rank_residual_k30,0.94,0.92,0.019999999999999907,0.0029930061387166,50,win
simWind_test.mat,simWind_test.mat#89,89,0.01,tpsscs_finished_detector,low_rank_residual_k30,0.98,0.96,0.020000000000000018,0.0099868674220444,50,win
simWind_test.mat,simWind_test.mat#9,9,1e-05,tpsscs_finished_detector,low_rank_residual_k30,0.2608695652173913,0.217391304347826,0.0434782608695653,0.0,23,win
simWind_test.mat,simWind_test.mat#9,9,3e-05,tpsscs_finished_detector,low_rank_residual_k30,0.3043478260869565,0.2608695652173913,0.04347826086956519,1.526414604734938e-05,23,win
simWind_test.mat,simWind_test.mat#9,9,0.0001,tpsscs_finished_detector,low_rank_residual_k30,0.4782608695652174,0.4347826086956521,0.0434782608695653,9.158487628409628e-05,23,win
simWind_test.mat,simWind_test.mat#9,9,0.0003,tpsscs_finished_detector,low_rank_residual_k30,0.782608695652174,0.7391304347826086,0.0434782608695653,0.0002900187748996,23,win
simWind_test.mat,simWind_test.mat#9,9,0.001,tpsscs_finished_detector,low_rank_residual_k30,0.8695652173913043,0.8260869565217391,0.04347826086956519,0.0009921694930777,23,win
simWind_test.mat,simWind_test.mat#9,9,0.003,tpsscs_finished_detector,low_rank_residual_k30,0.9130434782608696,0.8695652173913043,0.0434782608695653,0.0029917726252804,23,win
simWind_test.mat,simWind_test.mat#9,9,0.01,tpsscs_finished_detector,low_rank_residual_k30,0.9130434782608696,0.8695652173913043,0.0434782608695653,0.0099980156610138,23,win
simWind_test.mat,simWind_test.mat#90,90,1e-05,tpsscs_finished_detector,low_rank_residual_k30,0.3333333333333333,0.1333333333333333,0.2,0.0,15,win
simWind_test.mat,simWind_test.mat#90,90,3e-05,tpsscs_finished_detector,low_rank_residual_k30,0.5333333333333333,0.3333333333333333,0.2,1.5262282321698386e-05,15,win
simWind_test.mat,simWind_test.mat#90,90,0.0001,tpsscs_finished_detector,low_rank_residual_k30,0.5333333333333333,0.3333333333333333,0.2,9.157369393019031e-05,15,win
simWind_test.mat,simWind_test.mat#90,90,0.0003,tpsscs_finished_detector,low_rank_residual_k30,0.5333333333333333,0.3333333333333333,0.2,0.0002899833641122,15,win
simWind_test.mat,simWind_test.mat#90,90,0.001,tpsscs_finished_detector,low_rank_residual_k30,0.5333333333333333,0.3333333333333333,0.2,0.0009920483509103,15,win
simWind_test.mat,simWind_test.mat#90,90,0.003,tpsscs_finished_detector,low_rank_residual_k30,0.6,0.4,0.19999999999999996,0.0029914073350528,15,win
simWind_test.mat,simWind_test.mat#90,90,0.01,tpsscs_finished_detector,low_rank_residual_k30,0.6666666666666666,0.4666666666666667,0.19999999999999996,0.0099967949207124,15,win
simWind_test.mat,simWind_test.mat#91,91,1e-05,tpsscs_finished_detector,low_rank_residual_k30,0.0434782608695652,0.0434782608695652,0.0,0.0,46,tie
simWind_test.mat,simWind_test.mat#91,91,3e-05,tpsscs_finished_detector,low_rank_residual_k30,0.0434782608695652,0.0434782608695652,0.0,1.5269506794930524e-05,46,tie
simWind_test.mat,simWind_test.mat#91,91,0.0001,tpsscs_finished_detector,low_rank_residual_k30,0.3260869565217391,0.3260869565217391,0.0,9.161704076958314e-05,46,tie
simWind_test.mat,simWind_test.mat#91,91,0.0003,tpsscs_finished_detector,low_rank_residual_k30,0.4782608695652174,0.4782608695652174,0.0,0.0002901206291036,46,tie
simWind_test.mat,simWind_test.mat#91,91,0.001,tpsscs_finished_detector,low_rank_residual_k30,0.7391304347826086,0.7391304347826086,0.0,0.0009925179416704,46,tie
simWind_test.mat,simWind_test.mat#91,91,0.003,tpsscs_finished_detector,low_rank_residual_k30,0.8043478260869565,0.8043478260869565,0.0,0.0029928233318063,46,tie
simWind_test.mat,simWind_test.mat#91,91,0.01,tpsscs_finished_detector,low_rank_residual_k30,0.8260869565217391,0.8260869565217391,0.0,0.0099862574438845,46,tie
simWind_test.mat,simWind_test.mat#92,92,1e-05,tpsscs_finished_detector,low_rank_residual_k30,0.1147540983606557,0.0163934426229508,0.0983606557377049,0.0,61,win
simWind_test.mat,simWind_test.mat#92,92,3e-05,tpsscs_finished_detector,low_rank_residual_k30,0.1147540983606557,0.0163934426229508,0.0983606557377049,1.527300496372661e-05,61,win
simWind_test.mat,simWind_test.mat#92,92,0.0001,tpsscs_finished_detector,low_rank_residual_k30,0.3114754098360656,0.2295081967213114,0.08196721311475419,9.163802978235968e-05,61,win
simWind_test.mat,simWind_test.mat#92,92,0.0003,tpsscs_finished_detector,low_rank_residual_k30,0.4754098360655737,0.3934426229508196,0.08196721311475408,0.0002901870943108,61,win
simWind_test.mat,simWind_test.mat#92,92,0.001,tpsscs_finished_detector,low_rank_residual_k30,0.7377049180327869,0.6721311475409836,0.06557377049180335,0.0009927453226422,61,win
simWind_test.mat,simWind_test.mat#92,92,0.003,tpsscs_finished_detector,low_rank_residual_k30,0.918032786885246,0.8688524590163934,0.049180327868852625,0.0029935089728904,61,win
simWind_test.mat,simWind_test.mat#92,92,0.01,tpsscs_finished_detector,low_rank_residual_k30,0.9508196721311476,0.918032786885246,0.032786885245901565,0.0099885452462772,61,win
simWind_test.mat,simWind_test.mat#93,93,1e-05,tpsscs_finished_detector,low_rank_residual_k30,0.1587301587301587,0.0476190476190476,0.11111111111111109,0.0,63,win
simWind_test.mat,simWind_test.mat#93,93,3e-05,tpsscs_finished_detector,low_rank_residual_k30,0.1587301587301587,0.0634920634920634,0.09523809523809529,1.5273471507338904e-05,63,win
simWind_test.mat,simWind_test.mat#93,93,0.0001,tpsscs_finished_detector,low_rank_residual_k30,0.2222222222222222,0.1428571428571428,0.07936507936507942,9.16408290440334e-05,63,win
simWind_test.mat,simWind_test.mat#93,93,0.0003,tpsscs_finished_detector,low_rank_residual_k30,0.4603174603174603,0.4444444444444444,0.015873015873015872,0.0002901959586394,63,win
simWind_test.mat,simWind_test.mat#93,93,0.001,tpsscs_finished_detector,low_rank_residual_k30,0.6031746031746031,0.6031746031746031,0.0,0.000992775647977,63,tie
simWind_test.mat,simWind_test.mat#93,93,0.003,tpsscs_finished_detector,low_rank_residual_k30,0.7301587301587301,0.7301587301587301,0.0,0.0029936004154384,63,tie
simWind_test.mat,simWind_test.mat#93,93,0.01,tpsscs_finished_detector,low_rank_residual_k30,0.7936507936507936,0.7936507936507936,0.0,0.0099888503657996,63,tie
simWind_test.mat,simWind_test.mat#94,94,1e-05,tpsscs_finished_detector,low_rank_residual_k30,0.2,0.05,0.15000000000000002,0.0,20,win
simWind_test.mat,simWind_test.mat#94,94,3e-05,tpsscs_finished_detector,low_rank_residual_k30,0.3,0.15,0.15,1.5263447096892362e-05,20,win
simWind_test.mat,simWind_test.mat#94,94,0.0001,tpsscs_finished_detector,low_rank_residual_k30,0.3,0.15,0.15,9.158068258135418e-05,20,win
simWind_test.mat,simWind_test.mat#94,94,0.0003,tpsscs_finished_detector,low_rank_residual_k30,0.3,0.15,0.15,0.0002900054948409,20,win
simWind_test.mat,simWind_test.mat#94,94,0.001,tpsscs_finished_detector,low_rank_residual_k30,0.45,0.3,0.15000000000000002,0.000992124061298,20,win
simWind_test.mat,simWind_test.mat#94,94,0.003,tpsscs_finished_detector,low_rank_residual_k30,0.5,0.35,0.15000000000000002,0.0029916356309909,20,win
simWind_test.mat,simWind_test.mat#94,94,0.01,tpsscs_finished_detector,low_rank_residual_k30,0.55,0.4,0.15000000000000002,0.0099975578484644,20,win
simWind_test.mat,simWind_test.mat#95,95,1e-05,tpsscs_finished_detector,low_rank_residual_k30,0.3235294117647059,0.1470588235294117,0.1764705882352942,0.0,34,win
simWind_test.mat,simWind_test.mat#95,95,3e-05,tpsscs_finished_detector,low_rank_residual_k30,0.3235294117647059,0.1470588235294117,0.1764705882352942,1.5266709413453023e-05,34,win
simWind_test.mat,simWind_test.mat#95,95,0.0001,tpsscs_finished_detector,low_rank_residual_k30,0.4117647058823529,0.2647058823529412,0.14705882352941174,9.160025648071816e-05,34,win
simWind_test.mat,simWind_test.mat#95,95,0.0003,tpsscs_finished_detector,low_rank_residual_k30,0.5588235294117647,0.4117647058823529,0.1470588235294118,0.0002900674788556,34,win
simWind_test.mat,simWind_test.mat#95,95,0.001,tpsscs_finished_detector,low_rank_residual_k30,0.7058823529411765,0.5882352941176471,0.11764705882352944,0.0009923361118744,34,win
simWind_test.mat,simWind_test.mat#95,95,0.003,tpsscs_finished_detector,low_rank_residual_k30,0.8529411764705882,0.8235294117647058,0.02941176470588236,0.0029922750450367,34,win
simWind_test.mat,simWind_test.mat#95,95,0.01,tpsscs_finished_detector,low_rank_residual_k30,0.9411764705882352,0.9117647058823528,0.02941176470588236,0.0099996946658117,34,win
simWind_test.mat,simWind_test.mat#97,97,1e-05,tpsscs_finished_detector,low_rank_residual_k30,0.1,0.05,0.05,0.0,60,win
simWind_test.mat,simWind_test.mat#97,97,3e-05,tpsscs_finished_detector,low_rank_residual_k30,0.1666666666666666,0.1166666666666666,0.05,1.527277170260859e-05,60,win
simWind_test.mat,simWind_test.mat#97,97,0.0001,tpsscs_finished_detector,low_rank_residual_k30,0.2166666666666666,0.1833333333333333,0.0333333333333333,9.163663021565152e-05,60,win
simWind_test.mat,simWind_test.mat#97,97,0.0003,tpsscs_finished_detector,low_rank_residual_k30,0.4,0.4,0.0,0.0002901826623495,60,tie
simWind_test.mat,simWind_test.mat#97,97,0.001,tpsscs_finished_detector,low_rank_residual_k30,0.6666666666666666,0.6666666666666666,0.0,0.0009927301606695,60,tie
simWind_test.mat,simWind_test.mat#97,97,0.003,tpsscs_finished_detector,low_rank_residual_k30,0.7666666666666667,0.7666666666666667,0.0,0.0029934632537112,60,tie
simWind_test.mat,simWind_test.mat#97,97,0.01,tpsscs_finished_detector,low_rank_residual_k30,0.9166666666666666,0.9166666666666666,0.0,0.009988392693506,60,tie
simWind_test.mat,simWind_test.mat#99,99,1e-05,tpsscs_finished_detector,low_rank_residual_k30,0.2,0.05,0.15000000000000002,0.0,40,win
simWind_test.mat,simWind_test.mat#99,99,3e-05,tpsscs_finished_detector,low_rank_residual_k30,0.25,0.125,0.125,1.5268107976059605e-05,40,win
simWind_test.mat,simWind_test.mat#99,99,0.0001,tpsscs_finished_detector,low_rank_residual_k30,0.375,0.275,0.09999999999999998,9.160864785635764e-05,40,win
simWind_test.mat,simWind_test.mat#99,99,0.0003,tpsscs_finished_detector,low_rank_residual_k30,0.575,0.55,0.02499999999999991,0.0002900940515451,40,win
simWind_test.mat,simWind_test.mat#99,99,0.001,tpsscs_finished_detector,low_rank_residual_k30,0.65,0.65,0.0,0.0009924270184438,40,tie
simWind_test.mat,simWind_test.mat#99,99,0.003,tpsscs_finished_detector,low_rank_residual_k30,0.8,0.8,0.0,0.0029925491633076,40,tie
simWind_test.mat,simWind_test.mat#99,99,0.01,tpsscs_finished_detector,low_rank_residual_k30,0.825,0.825,0.0,0.0099853426163429,40,tie
