pfa_target,threshold,pd,empirical_pfa,target_count,background_count,max_false_alarms,false_alarms,detections,threshold_policy,asset,image_index,item_id,method,method_family,train_asset,test_asset
1e-05,0.9999994039535522,0.06976744186046512,0.0,43,65493,0,0,3,loso_supervised_raw_feature_logreg_conservative_topk_strict_gt,simWind_test.mat,0,simWind_test.mat#0,loso_supervised_raw_feature_logreg,learned_raw_feature_baseline,simMed_test.mat,simWind_test.mat
3e-05,0.9999992847442627,0.06976744186046512,1.526880735345762e-05,43,65493,1,1,4,loso_supervised_raw_feature_logreg_conservative_topk_strict_gt,simWind_test.mat,0,simWind_test.mat#0,loso_supervised_raw_feature_logreg,learned_raw_feature_baseline,simMed_test.mat,simWind_test.mat
0.0001,0.9999958276748657,0.23255813953488372,9.161284412074573e-05,43,65493,6,6,16,loso_supervised_raw_feature_logreg_conservative_topk_strict_gt,simWind_test.mat,0,simWind_test.mat#0,loso_supervised_raw_feature_logreg,learned_raw_feature_baseline,simMed_test.mat,simWind_test.mat
0.0003,0.9999743700027466,0.37209302325581395,0.0002901073397156948,43,65493,19,19,35,loso_supervised_raw_feature_logreg_conservative_topk_strict_gt,simWind_test.mat,0,simWind_test.mat#0,loso_supervised_raw_feature_logreg,learned_raw_feature_baseline,simMed_test.mat,simWind_test.mat
0.001,0.9985113739967346,0.627906976744186,0.0009924724779747454,43,65493,65,65,92,loso_supervised_raw_feature_logreg_conservative_topk_strict_gt,simWind_test.mat,0,simWind_test.mat#0,loso_supervised_raw_feature_logreg,learned_raw_feature_baseline,simMed_test.mat,simWind_test.mat
0.003,0.9806860685348511,0.8372093023255814,0.0029926862412776936,43,65493,196,196,232,loso_supervised_raw_feature_logreg_conservative_topk_strict_gt,simWind_test.mat,0,simWind_test.mat#0,loso_supervised_raw_feature_logreg,learned_raw_feature_baseline,simMed_test.mat,simWind_test.mat
0.01,0.9293023943901062,0.8604651162790697,0.009985800009161284,43,65493,654,654,691,loso_supervised_raw_feature_logreg_conservative_topk_strict_gt,simWind_test.mat,0,simWind_test.mat#0,loso_supervised_raw_feature_logreg,learned_raw_feature_baseline,simMed_test.mat,simWind_test.mat
1e-05,0.9998897314071655,0.10714285714285714,0.0,28,65508,0,0,3,loso_supervised_raw_feature_logreg_conservative_topk_strict_gt,simWind_test.mat,3,simWind_test.mat#3,loso_supervised_raw_feature_logreg,learned_raw_feature_baseline,simMed_test.mat,simWind_test.mat
3e-05,0.9998723268508911,0.10714285714285714,1.526531110704036e-05,28,65508,1,1,4,loso_supervised_raw_feature_logreg_conservative_topk_strict_gt,simWind_test.mat,3,simWind_test.mat#3,loso_supervised_raw_feature_logreg,learned_raw_feature_baseline,simMed_test.mat,simWind_test.mat
0.0001,0.9991814494132996,0.14285714285714285,9.159186664224217e-05,28,65508,6,6,10,loso_supervised_raw_feature_logreg_conservative_topk_strict_gt,simWind_test.mat,3,simWind_test.mat#3,loso_supervised_raw_feature_logreg,learned_raw_feature_baseline,simMed_test.mat,simWind_test.mat
0.0003,0.9953173398971558,0.35714285714285715,0.00029004091103376685,28,65508,19,19,29,loso_supervised_raw_feature_logreg_conservative_topk_strict_gt,simWind_test.mat,3,simWind_test.mat#3,loso_supervised_raw_feature_logreg,learned_raw_feature_baseline,simMed_test.mat,simWind_test.mat
0.001,0.9898698925971985,0.5357142857142857,0.0009922452219576234,28,65508,65,65,80,loso_supervised_raw_feature_logreg_conservative_topk_strict_gt,simWind_test.mat,3,simWind_test.mat#3,loso_supervised_raw_feature_logreg,learned_raw_feature_baseline,simMed_test.mat,simWind_test.mat
0.003,0.9780998826026917,0.6071428571428571,0.002992000976979911,28,65508,196,196,213,loso_supervised_raw_feature_logreg_conservative_topk_strict_gt,simWind_test.mat,3,simWind_test.mat#3,loso_supervised_raw_feature_logreg,learned_raw_feature_baseline,simMed_test.mat,simWind_test.mat
0.01,0.9302171468734741,0.6785714285714286,0.009998778775111437,28,65508,655,655,674,loso_supervised_raw_feature_logreg_conservative_topk_strict_gt,simWind_test.mat,3,simWind_test.mat#3,loso_supervised_raw_feature_logreg,learned_raw_feature_baseline,simMed_test.mat,simWind_test.mat
1e-05,0.9999997615814209,0.1,0.0,50,65486,0,0,5,loso_supervised_raw_feature_logreg_conservative_topk_strict_gt,simWind_test.mat,7,simWind_test.mat#7,loso_supervised_raw_feature_logreg,learned_raw_feature_baseline,simMed_test.mat,simWind_test.mat
3e-05,0.9999996423721313,0.14,1.5270439483248328e-05,50,65486,1,1,8,loso_supervised_raw_feature_logreg_conservative_topk_strict_gt,simWind_test.mat,7,simWind_test.mat#7,loso_supervised_raw_feature_logreg,learned_raw_feature_baseline,simMed_test.mat,simWind_test.mat
0.0001,0.9999992847442627,0.2,9.162263689948997e-05,50,65486,6,6,16,loso_supervised_raw_feature_logreg_conservative_topk_strict_gt,simWind_test.mat,7,simWind_test.mat#7,loso_supervised_raw_feature_logreg,learned_raw_feature_baseline,simMed_test.mat,simWind_test.mat
0.0003,0.9999935626983643,0.34,0.0002901383501817182,50,65486,19,19,36,loso_supervised_raw_feature_logreg_conservative_topk_strict_gt,simWind_test.mat,7,simWind_test.mat#7,loso_supervised_raw_feature_logreg,learned_raw_feature_baseline,simMed_test.mat,simWind_test.mat
0.001,0.9995263814926147,0.66,0.0009925785664111413,50,65486,65,65,98,loso_supervised_raw_feature_logreg_conservative_topk_strict_gt,simWind_test.mat,7,simWind_test.mat#7,loso_supervised_raw_feature_logreg,learned_raw_feature_baseline,simMed_test.mat,simWind_test.mat
0.003,0.9854047894477844,0.88,0.002993006138716672,50,65486,196,196,240,loso_supervised_raw_feature_logreg_conservative_topk_strict_gt,simWind_test.mat,7,simWind_test.mat#7,loso_supervised_raw_feature_logreg,learned_raw_feature_baseline,simMed_test.mat,simWind_test.mat
0.01,0.9289991855621338,1.0,0.009986867422044406,50,65486,654,654,704,loso_supervised_raw_feature_logreg_conservative_topk_strict_gt,simWind_test.mat,7,simWind_test.mat#7,loso_supervised_raw_feature_logreg,learned_raw_feature_baseline,simMed_test.mat,simWind_test.mat
1e-05,0.999969482421875,0.041666666666666664,0.0,24,65512,0,0,1,loso_supervised_raw_feature_logreg_conservative_topk_strict_gt,simWind_test.mat,8,simWind_test.mat#8,loso_supervised_raw_feature_logreg,learned_raw_feature_baseline,simMed_test.mat,simWind_test.mat
3e-05,0.9995307922363281,0.125,1.5264379045060447e-05,24,65512,1,1,4,loso_supervised_raw_feature_logreg_conservative_topk_strict_gt,simWind_test.mat,8,simWind_test.mat#8,loso_supervised_raw_feature_logreg,learned_raw_feature_baseline,simMed_test.mat,simWind_test.mat
0.0001,0.9989054203033447,0.25,9.158627427036269e-05,24,65512,6,6,12,loso_supervised_raw_feature_logreg_conservative_topk_strict_gt,simWind_test.mat,8,simWind_test.mat#8,loso_supervised_raw_feature_logreg,learned_raw_feature_baseline,simMed_test.mat,simWind_test.mat
0.0003,0.9947409629821777,0.4166666666666667,0.0002900232018561485,24,65512,19,19,29,loso_supervised_raw_feature_logreg_conservative_topk_strict_gt,simWind_test.mat,8,simWind_test.mat#8,loso_supervised_raw_feature_logreg,learned_raw_feature_baseline,simMed_test.mat,simWind_test.mat
0.001,0.9877247214317322,0.5416666666666666,0.000992184637928929,24,65512,65,65,78,loso_supervised_raw_feature_logreg_conservative_topk_strict_gt,simWind_test.mat,8,simWind_test.mat#8,loso_supervised_raw_feature_logreg,learned_raw_feature_baseline,simMed_test.mat,simWind_test.mat
0.003,0.9742037057876587,0.6666666666666666,0.0029918182928318476,24,65512,196,196,212,loso_supervised_raw_feature_logreg_conservative_topk_strict_gt,simWind_test.mat,8,simWind_test.mat#8,loso_supervised_raw_feature_logreg,learned_raw_feature_baseline,simMed_test.mat,simWind_test.mat
0.01,0.9164403080940247,0.9166666666666666,0.009998168274514593,24,65512,655,655,677,loso_supervised_raw_feature_logreg_conservative_topk_strict_gt,simWind_test.mat,8,simWind_test.mat#8,loso_supervised_raw_feature_logreg,learned_raw_feature_baseline,simMed_test.mat,simWind_test.mat
1e-05,0.9999978542327881,0.043478260869565216,0.0,23,65513,0,0,1,loso_supervised_raw_feature_logreg_conservative_topk_strict_gt,simWind_test.mat,9,simWind_test.mat#9,loso_supervised_raw_feature_logreg,learned_raw_feature_baseline,simMed_test.mat,simWind_test.mat
3e-05,0.9999951124191284,0.043478260869565216,1.526414604734938e-05,23,65513,1,1,2,loso_supervised_raw_feature_logreg_conservative_topk_strict_gt,simWind_test.mat,9,simWind_test.mat#9,loso_supervised_raw_feature_logreg,learned_raw_feature_baseline,simMed_test.mat,simWind_test.mat
0.0001,0.9999449253082275,0.34782608695652173,9.158487628409629e-05,23,65513,6,6,14,loso_supervised_raw_feature_logreg_conservative_topk_strict_gt,simWind_test.mat,9,simWind_test.mat#9,loso_supervised_raw_feature_logreg,learned_raw_feature_baseline,simMed_test.mat,simWind_test.mat
0.0003,0.9982537627220154,0.4782608695652174,0.00029001877489963823,23,65513,19,19,30,loso_supervised_raw_feature_logreg_conservative_topk_strict_gt,simWind_test.mat,9,simWind_test.mat#9,loso_supervised_raw_feature_logreg,learned_raw_feature_baseline,simMed_test.mat,simWind_test.mat
0.001,0.9905863404273987,0.7391304347826086,0.0009921694930777097,23,65513,65,65,82,loso_supervised_raw_feature_logreg_conservative_topk_strict_gt,simWind_test.mat,9,simWind_test.mat#9,loso_supervised_raw_feature_logreg,learned_raw_feature_baseline,simMed_test.mat,simWind_test.mat
0.003,0.9736661314964294,0.9130434782608695,0.0029917726252804786,23,65513,196,196,217,loso_supervised_raw_feature_logreg_conservative_topk_strict_gt,simWind_test.mat,9,simWind_test.mat#9,loso_supervised_raw_feature_logreg,learned_raw_feature_baseline,simMed_test.mat,simWind_test.mat
0.01,0.9074094295501709,1.0,0.009998015661013845,23,65513,655,655,678,loso_supervised_raw_feature_logreg_conservative_topk_strict_gt,simWind_test.mat,9,simWind_test.mat#9,loso_supervised_raw_feature_logreg,learned_raw_feature_baseline,simMed_test.mat,simWind_test.mat
1e-05,0.9999997615814209,0.017241379310344827,0.0,58,65478,0,0,1,loso_supervised_raw_feature_logreg_conservative_topk_strict_gt,simWind_test.mat,11,simWind_test.mat#11,loso_supervised_raw_feature_logreg,learned_raw_feature_baseline,simMed_test.mat,simWind_test.mat
3e-05,0.9999990463256836,0.034482758620689655,1.527230520174715e-05,58,65478,1,1,3,loso_supervised_raw_feature_logreg_conservative_topk_strict_gt,simWind_test.mat,11,simWind_test.mat#11,loso_supervised_raw_feature_logreg,learned_raw_feature_baseline,simMed_test.mat,simWind_test.mat
0.0001,0.9999843835830688,0.25862068965517243,9.163383121048291e-05,58,65478,6,6,21,loso_supervised_raw_feature_logreg_conservative_topk_strict_gt,simWind_test.mat,11,simWind_test.mat#11,loso_supervised_raw_feature_logreg,learned_raw_feature_baseline,simMed_test.mat,simWind_test.mat
0.0003,0.9998733997344971,0.3620689655172414,0.0002901737988331959,58,65478,19,19,40,loso_supervised_raw_feature_logreg_conservative_topk_strict_gt,simWind_test.mat,11,simWind_test.mat#11,loso_supervised_raw_feature_logreg,learned_raw_feature_baseline,simMed_test.mat,simWind_test.mat
0.001,0.9978995323181152,0.7068965517241379,0.0009926998381135648,58,65478,65,65,106,loso_supervised_raw_feature_logreg_conservative_topk_strict_gt,simWind_test.mat,11,simWind_test.mat#11,loso_supervised_raw_feature_logreg,learned_raw_feature_baseline,simMed_test.mat,simWind_test.mat
0.003,0.9837328791618347,0.8275862068965517,0.0029933718195424416,58,65478,196,196,244,loso_supervised_raw_feature_logreg_conservative_topk_strict_gt,simWind_test.mat,11,simWind_test.mat#11,loso_supervised_raw_feature_logreg,learned_raw_feature_baseline,simMed_test.mat,simWind_test.mat
0.01,0.9294916987419128,0.896551724137931,0.009988087601942638,58,65478,654,654,706,loso_supervised_raw_feature_logreg_conservative_topk_strict_gt,simWind_test.mat,11,simWind_test.mat#11,loso_supervised_raw_feature_logreg,learned_raw_feature_baseline,simMed_test.mat,simWind_test.mat
1e-05,0.9999265670776367,0.08771929824561403,0.0,57,65479,0,0,5,loso_supervised_raw_feature_logreg_conservative_topk_strict_gt,simWind_test.mat,12,simWind_test.mat#12,loso_supervised_raw_feature_logreg,learned_raw_feature_baseline,simMed_test.mat,simWind_test.mat
3e-05,0.9999141693115234,0.10526315789473684,1.5272071962003084e-05,57,65479,1,1,7,loso_supervised_raw_feature_logreg_conservative_topk_strict_gt,simWind_test.mat,12,simWind_test.mat#12,loso_supervised_raw_feature_logreg,learned_raw_feature_baseline,simMed_test.mat,simWind_test.mat
0.0001,0.9997897744178772,0.17543859649122806,9.163243177201851e-05,57,65479,6,6,16,loso_supervised_raw_feature_logreg_conservative_topk_strict_gt,simWind_test.mat,12,simWind_test.mat#12,loso_supervised_raw_feature_logreg,learned_raw_feature_baseline,simMed_test.mat,simWind_test.mat
0.0003,0.9989650249481201,0.3157894736842105,0.0002901693672780586,57,65479,19,19,37,loso_supervised_raw_feature_logreg_conservative_topk_strict_gt,simWind_test.mat,12,simWind_test.mat#12,loso_supervised_raw_feature_logreg,learned_raw_feature_baseline,simMed_test.mat,simWind_test.mat
0.001,0.9931396842002869,0.49122807017543857,0.0009926846775302005,57,65479,65,65,93,loso_supervised_raw_feature_logreg_conservative_topk_strict_gt,simWind_test.mat,12,simWind_test.mat#12,loso_supervised_raw_feature_logreg,learned_raw_feature_baseline,simMed_test.mat,simWind_test.mat
0.003,0.9796519875526428,0.631578947368421,0.0029933261045526046,57,65479,196,196,232,loso_supervised_raw_feature_logreg_conservative_topk_strict_gt,simWind_test.mat,12,simWind_test.mat#12,loso_supervised_raw_feature_logreg,learned_raw_feature_baseline,simMed_test.mat,simWind_test.mat
0.01,0.9235879182815552,0.7719298245614035,0.009987935063150018,57,65479,654,654,698,loso_supervised_raw_feature_logreg_conservative_topk_strict_gt,simWind_test.mat,12,simWind_test.mat#12,loso_supervised_raw_feature_logreg,learned_raw_feature_baseline,simMed_test.mat,simWind_test.mat
1e-05,0.9999926090240479,0.23529411764705882,0.0,17,65519,0,0,4,loso_supervised_raw_feature_logreg_conservative_topk_strict_gt,simWind_test.mat,13,simWind_test.mat#13,loso_supervised_raw_feature_logreg,learned_raw_feature_baseline,simMed_test.mat,simWind_test.mat
3e-05,0.9999790191650391,0.35294117647058826,1.526274821044277e-05,17,65519,1,1,7,loso_supervised_raw_feature_logreg_conservative_topk_strict_gt,simWind_test.mat,13,simWind_test.mat#13,loso_supervised_raw_feature_logreg,learned_raw_feature_baseline,simMed_test.mat,simWind_test.mat
0.0001,0.9998651742935181,0.47058823529411764,9.157648926265664e-05,17,65519,6,6,14,loso_supervised_raw_feature_logreg_conservative_topk_strict_gt,simWind_test.mat,13,simWind_test.mat#13,loso_supervised_raw_feature_logreg,learned_raw_feature_baseline,simMed_test.mat,simWind_test.mat
0.0003,0.9990154504776001,0.5294117647058824,0.00028999221599841266,17,65519,19,19,28,loso_supervised_raw_feature_logreg_conservative_topk_strict_gt,simWind_test.mat,13,simWind_test.mat#13,loso_supervised_raw_feature_logreg,learned_raw_feature_baseline,simMed_test.mat,simWind_test.mat
0.001,0.9946078062057495,0.5882352941176471,0.0009920786336787802,17,65519,65,65,75,loso_supervised_raw_feature_logreg_conservative_topk_strict_gt,simWind_test.mat,13,simWind_test.mat#13,loso_supervised_raw_feature_logreg,learned_raw_feature_baseline,simMed_test.mat,simWind_test.mat
0.003,0.9787989854812622,0.6470588235294118,0.0029914986492467835,17,65519,196,196,207,loso_supervised_raw_feature_logreg_conservative_topk_strict_gt,simWind_test.mat,13,simWind_test.mat#13,loso_supervised_raw_feature_logreg,learned_raw_feature_baseline,simMed_test.mat,simWind_test.mat
0.01,0.8617348670959473,0.7647058823529411,0.009997100077840016,17,65519,655,655,668,loso_supervised_raw_feature_logreg_conservative_topk_strict_gt,simWind_test.mat,13,simWind_test.mat#13,loso_supervised_raw_feature_logreg,learned_raw_feature_baseline,simMed_test.mat,simWind_test.mat
1e-05,0.9999237060546875,0.06666666666666667,0.0,30,65506,0,0,2,loso_supervised_raw_feature_logreg_conservative_topk_strict_gt,simWind_test.mat,14,simWind_test.mat#14,loso_supervised_raw_feature_logreg,learned_raw_feature_baseline,simMed_test.mat,simWind_test.mat
3e-05,0.9998108744621277,0.16666666666666666,1.526577718071627e-05,30,65506,1,1,6,loso_supervised_raw_feature_logreg_conservative_topk_strict_gt,simWind_test.mat,14,simWind_test.mat#14,loso_supervised_raw_feature_logreg,learned_raw_feature_baseline,simMed_test.mat,simWind_test.mat
0.0001,0.9988460540771484,0.23333333333333334,9.159466308429762e-05,30,65506,6,6,13,loso_supervised_raw_feature_logreg_conservative_topk_strict_gt,simWind_test.mat,14,simWind_test.mat#14,loso_supervised_raw_feature_logreg,learned_raw_feature_baseline,simMed_test.mat,simWind_test.mat
0.0003,0.9951262474060059,0.36666666666666664,0.00029004976643360914,30,65506,19,19,30,loso_supervised_raw_feature_logreg_conservative_topk_strict_gt,simWind_test.mat,14,simWind_test.mat#14,loso_supervised_raw_feature_logreg,learned_raw_feature_baseline,simMed_test.mat,simWind_test.mat
0.001,0.9881678223609924,0.5666666666666667,0.0009922755167465576,30,65506,65,65,82,loso_supervised_raw_feature_logreg_conservative_topk_strict_gt,simWind_test.mat,14,simWind_test.mat#14,loso_supervised_raw_feature_logreg,learned_raw_feature_baseline,simMed_test.mat,simWind_test.mat
0.003,0.9699001312255859,0.6333333333333333,0.002992092327420389,30,65506,196,196,215,loso_supervised_raw_feature_logreg_conservative_topk_strict_gt,simWind_test.mat,14,simWind_test.mat#14,loso_supervised_raw_feature_logreg,learned_raw_feature_baseline,simMed_test.mat,simWind_test.mat
0.01,0.9128355383872986,0.7666666666666667,0.009999084053369156,30,65506,655,655,678,loso_supervised_raw_feature_logreg_conservative_topk_strict_gt,simWind_test.mat,14,simWind_test.mat#14,loso_supervised_raw_feature_logreg,learned_raw_feature_baseline,simMed_test.mat,simWind_test.mat
1e-05,0.9999511241912842,0.023255813953488372,0.0,43,65493,0,0,1,loso_supervised_raw_feature_logreg_conservative_topk_strict_gt,simWind_test.mat,15,simWind_test.mat#15,loso_supervised_raw_feature_logreg,learned_raw_feature_baseline,simMed_test.mat,simWind_test.mat
3e-05,0.9994459748268127,0.09302325581395349,1.526880735345762e-05,43,65493,1,1,5,loso_supervised_raw_feature_logreg_conservative_topk_strict_gt,simWind_test.mat,15,simWind_test.mat#15,loso_supervised_raw_feature_logreg,learned_raw_feature_baseline,simMed_test.mat,simWind_test.mat
0.0001,0.9989920258522034,0.23255813953488372,9.161284412074573e-05,43,65493,6,6,16,loso_supervised_raw_feature_logreg_conservative_topk_strict_gt,simWind_test.mat,15,simWind_test.mat#15,loso_supervised_raw_feature_logreg,learned_raw_feature_baseline,simMed_test.mat,simWind_test.mat
0.0003,0.9960224032402039,0.32558139534883723,0.0002901073397156948,43,65493,19,19,33,loso_supervised_raw_feature_logreg_conservative_topk_strict_gt,simWind_test.mat,15,simWind_test.mat#15,loso_supervised_raw_feature_logreg,learned_raw_feature_baseline,simMed_test.mat,simWind_test.mat
0.001,0.9906125068664551,0.46511627906976744,0.0009924724779747454,43,65493,65,65,85,loso_supervised_raw_feature_logreg_conservative_topk_strict_gt,simWind_test.mat,15,simWind_test.mat#15,loso_supervised_raw_feature_logreg,learned_raw_feature_baseline,simMed_test.mat,simWind_test.mat
0.003,0.9774045944213867,0.5348837209302325,0.0029926862412776936,43,65493,196,196,219,loso_supervised_raw_feature_logreg_conservative_topk_strict_gt,simWind_test.mat,15,simWind_test.mat#15,loso_supervised_raw_feature_logreg,learned_raw_feature_baseline,simMed_test.mat,simWind_test.mat
0.01,0.9331514835357666,0.6511627906976745,0.009985800009161284,43,65493,654,654,682,loso_supervised_raw_feature_logreg_conservative_topk_strict_gt,simWind_test.mat,15,simWind_test.mat#15,loso_supervised_raw_feature_logreg,learned_raw_feature_baseline,simMed_test.mat,simWind_test.mat
1e-05,0.9999997615814209,0.13043478260869565,0.0,23,65513,0,0,3,loso_supervised_raw_feature_logreg_conservative_topk_strict_gt,simWind_test.mat,16,simWind_test.mat#16,loso_supervised_raw_feature_logreg,learned_raw_feature_baseline,simMed_test.mat,simWind_test.mat
3e-05,0.9999997615814209,0.13043478260869565,0.0,23,65513,1,0,3,loso_supervised_raw_feature_logreg_conservative_topk_strict_gt,simWind_test.mat,16,simWind_test.mat#16,loso_supervised_raw_feature_logreg,learned_raw_feature_baseline,simMed_test.mat,simWind_test.mat
0.0001,0.9999969005584717,0.4782608695652174,9.158487628409629e-05,23,65513,6,6,17,loso_supervised_raw_feature_logreg_conservative_topk_strict_gt,simWind_test.mat,16,simWind_test.mat#16,loso_supervised_raw_feature_logreg,learned_raw_feature_baseline,simMed_test.mat,simWind_test.mat
0.0003,0.9999545812606812,0.5652173913043478,0.00029001877489963823,23,65513,19,19,32,loso_supervised_raw_feature_logreg_conservative_topk_strict_gt,simWind_test.mat,16,simWind_test.mat#16,loso_supervised_raw_feature_logreg,learned_raw_feature_baseline,simMed_test.mat,simWind_test.mat
0.001,0.9964924454689026,0.782608695652174,0.0009921694930777097,23,65513,65,65,83,loso_supervised_raw_feature_logreg_conservative_topk_strict_gt,simWind_test.mat,16,simWind_test.mat#16,loso_supervised_raw_feature_logreg,learned_raw_feature_baseline,simMed_test.mat,simWind_test.mat
0.003,0.9832636713981628,0.8260869565217391,0.0029917726252804786,23,65513,196,196,215,loso_supervised_raw_feature_logreg_conservative_topk_strict_gt,simWind_test.mat,16,simWind_test.mat#16,loso_supervised_raw_feature_logreg,learned_raw_feature_baseline,simMed_test.mat,simWind_test.mat
0.01,0.9139015078544617,0.9130434782608695,0.009998015661013845,23,65513,655,655,676,loso_supervised_raw_feature_logreg_conservative_topk_strict_gt,simWind_test.mat,16,simWind_test.mat#16,loso_supervised_raw_feature_logreg,learned_raw_feature_baseline,simMed_test.mat,simWind_test.mat
1e-05,0.9999998807907104,0.034482758620689655,0.0,29,65507,0,0,1,loso_supervised_raw_feature_logreg_conservative_topk_strict_gt,simWind_test.mat,17,simWind_test.mat#17,loso_supervised_raw_feature_logreg,learned_raw_feature_baseline,simMed_test.mat,simWind_test.mat
3e-05,0.9999997615814209,0.13793103448275862,1.5265544140320883e-05,29,65507,1,1,5,loso_supervised_raw_feature_logreg_conservative_topk_strict_gt,simWind_test.mat,17,simWind_test.mat#17,loso_supervised_raw_feature_logreg,learned_raw_feature_baseline,simMed_test.mat,simWind_test.mat
0.0001,0.9999986886978149,0.27586206896551724,7.632772070160441e-05,29,65507,6,5,13,loso_supervised_raw_feature_logreg_conservative_topk_strict_gt,simWind_test.mat,17,simWind_test.mat#17,loso_supervised_raw_feature_logreg,learned_raw_feature_baseline,simMed_test.mat,simWind_test.mat
0.0003,0.9999849796295166,0.4827586206896552,0.00029004533866609675,29,65507,19,19,33,loso_supervised_raw_feature_logreg_conservative_topk_strict_gt,simWind_test.mat,17,simWind_test.mat#17,loso_supervised_raw_feature_logreg,learned_raw_feature_baseline,simMed_test.mat,simWind_test.mat
0.001,0.9973142743110657,0.7586206896551724,0.0009922603691208574,29,65507,65,65,87,loso_supervised_raw_feature_logreg_conservative_topk_strict_gt,simWind_test.mat,17,simWind_test.mat#17,loso_supervised_raw_feature_logreg,learned_raw_feature_baseline,simMed_test.mat,simWind_test.mat
0.003,0.9685502648353577,0.7931034482758621,0.002992046651502893,29,65507,196,196,219,loso_supervised_raw_feature_logreg_conservative_topk_strict_gt,simWind_test.mat,17,simWind_test.mat#17,loso_supervised_raw_feature_logreg,learned_raw_feature_baseline,simMed_test.mat,simWind_test.mat
0.01,0.7632131576538086,0.8620689655172413,0.009998931411910177,29,65507,655,655,680,loso_supervised_raw_feature_logreg_conservative_topk_strict_gt,simWind_test.mat,17,simWind_test.mat#17,loso_supervised_raw_feature_logreg,learned_raw_feature_baseline,simMed_test.mat,simWind_test.mat
1e-05,0.9999995231628418,0.038461538461538464,0.0,52,65484,0,0,2,loso_supervised_raw_feature_logreg_conservative_topk_strict_gt,simWind_test.mat,18,simWind_test.mat#18,loso_supervised_raw_feature_logreg,learned_raw_feature_baseline,simMed_test.mat,simWind_test.mat
3e-05,0.9999994039535522,0.07692307692307693,1.5270905870136215e-05,52,65484,1,1,5,loso_supervised_raw_feature_logreg_conservative_topk_strict_gt,simWind_test.mat,18,simWind_test.mat#18,loso_supervised_raw_feature_logreg,learned_raw_feature_baseline,simMed_test.mat,simWind_test.mat
0.0001,0.9999983310699463,0.23076923076923078,9.16254352208173e-05,52,65484,6,6,18,loso_supervised_raw_feature_logreg_conservative_topk_strict_gt,simWind_test.mat,18,simWind_test.mat#18,loso_supervised_raw_feature_logreg,learned_raw_feature_baseline,simMed_test.mat,simWind_test.mat
0.0003,0.999990701675415,0.3269230769230769,0.0002901472115325881,52,65484,19,19,36,loso_supervised_raw_feature_logreg_conservative_topk_strict_gt,simWind_test.mat,18,simWind_test.mat#18,loso_supervised_raw_feature_logreg,learned_raw_feature_baseline,simMed_test.mat,simWind_test.mat
0.001,0.9995755553245544,0.6730769230769231,0.000992608881558854,52,65484,65,65,100,loso_supervised_raw_feature_logreg_conservative_topk_strict_gt,simWind_test.mat,18,simWind_test.mat#18,loso_supervised_raw_feature_logreg,learned_raw_feature_baseline,simMed_test.mat,simWind_test.mat
0.003,0.9855993986129761,0.8653846153846154,0.0029930975505466986,52,65484,196,196,241,loso_supervised_raw_feature_logreg_conservative_topk_strict_gt,simWind_test.mat,18,simWind_test.mat#18,loso_supervised_raw_feature_logreg,learned_raw_feature_baseline,simMed_test.mat,simWind_test.mat
0.01,0.9330087304115295,0.9230769230769231,0.009987172439069086,52,65484,654,654,702,loso_supervised_raw_feature_logreg_conservative_topk_strict_gt,simWind_test.mat,18,simWind_test.mat#18,loso_supervised_raw_feature_logreg,learned_raw_feature_baseline,simMed_test.mat,simWind_test.mat
1e-05,0.9999996423721313,0.08333333333333333,0.0,24,65512,0,0,2,loso_supervised_raw_feature_logreg_conservative_topk_strict_gt,simWind_test.mat,19,simWind_test.mat#19,loso_supervised_raw_feature_logreg,learned_raw_feature_baseline,simMed_test.mat,simWind_test.mat
3e-05,0.9999985694885254,0.16666666666666666,1.5264379045060447e-05,24,65512,1,1,5,loso_supervised_raw_feature_logreg_conservative_topk_strict_gt,simWind_test.mat,19,simWind_test.mat#19,loso_supervised_raw_feature_logreg,learned_raw_feature_baseline,simMed_test.mat,simWind_test.mat
0.0001,0.9999936819076538,0.3333333333333333,9.158627427036269e-05,24,65512,6,6,14,loso_supervised_raw_feature_logreg_conservative_topk_strict_gt,simWind_test.mat,19,simWind_test.mat#19,loso_supervised_raw_feature_logreg,learned_raw_feature_baseline,simMed_test.mat,simWind_test.mat
0.0003,0.9998797178268433,0.4166666666666667,0.0002900232018561485,24,65512,19,19,29,loso_supervised_raw_feature_logreg_conservative_topk_strict_gt,simWind_test.mat,19,simWind_test.mat#19,loso_supervised_raw_feature_logreg,learned_raw_feature_baseline,simMed_test.mat,simWind_test.mat
0.001,0.995328426361084,0.875,0.000992184637928929,24,65512,65,65,86,loso_supervised_raw_feature_logreg_conservative_topk_strict_gt,simWind_test.mat,19,simWind_test.mat#19,loso_supervised_raw_feature_logreg,learned_raw_feature_baseline,simMed_test.mat,simWind_test.mat
0.003,0.982711136341095,0.9166666666666666,0.0029918182928318476,24,65512,196,196,218,loso_supervised_raw_feature_logreg_conservative_topk_strict_gt,simWind_test.mat,19,simWind_test.mat#19,loso_supervised_raw_feature_logreg,learned_raw_feature_baseline,simMed_test.mat,simWind_test.mat
0.01,0.9350273609161377,1.0,0.009998168274514593,24,65512,655,655,679,loso_supervised_raw_feature_logreg_conservative_topk_strict_gt,simWind_test.mat,19,simWind_test.mat#19,loso_supervised_raw_feature_logreg,learned_raw_feature_baseline,simMed_test.mat,simWind_test.mat
1e-05,0.9999998807907104,0.041666666666666664,0.0,24,65512,0,0,1,loso_supervised_raw_feature_logreg_conservative_topk_strict_gt,simWind_test.mat,20,simWind_test.mat#20,loso_supervised_raw_feature_logreg,learned_raw_feature_baseline,simMed_test.mat,simWind_test.mat
3e-05,0.9999986886978149,0.125,1.5264379045060447e-05,24,65512,1,1,4,loso_supervised_raw_feature_logreg_conservative_topk_strict_gt,simWind_test.mat,20,simWind_test.mat#20,loso_supervised_raw_feature_logreg,learned_raw_feature_baseline,simMed_test.mat,simWind_test.mat
0.0001,0.9999715089797974,0.3333333333333333,9.158627427036269e-05,24,65512,6,6,14,loso_supervised_raw_feature_logreg_conservative_topk_strict_gt,simWind_test.mat,20,simWind_test.mat#20,loso_supervised_raw_feature_logreg,learned_raw_feature_baseline,simMed_test.mat,simWind_test.mat
0.0003,0.9998226761817932,0.4166666666666667,0.0002900232018561485,24,65512,19,19,29,loso_supervised_raw_feature_logreg_conservative_topk_strict_gt,simWind_test.mat,20,simWind_test.mat#20,loso_supervised_raw_feature_logreg,learned_raw_feature_baseline,simMed_test.mat,simWind_test.mat
0.001,0.99458247423172,0.5833333333333334,0.000992184637928929,24,65512,65,65,79,loso_supervised_raw_feature_logreg_conservative_topk_strict_gt,simWind_test.mat,20,simWind_test.mat#20,loso_supervised_raw_feature_logreg,learned_raw_feature_baseline,simMed_test.mat,simWind_test.mat
0.003,0.9787654280662537,0.6666666666666666,0.0029918182928318476,24,65512,196,196,212,loso_supervised_raw_feature_logreg_conservative_topk_strict_gt,simWind_test.mat,20,simWind_test.mat#20,loso_supervised_raw_feature_logreg,learned_raw_feature_baseline,simMed_test.mat,simWind_test.mat
0.01,0.8399853706359863,0.7083333333333334,0.009998168274514593,24,65512,655,655,672,loso_supervised_raw_feature_logreg_conservative_topk_strict_gt,simWind_test.mat,20,simWind_test.mat#20,loso_supervised_raw_feature_logreg,learned_raw_feature_baseline,simMed_test.mat,simWind_test.mat
1e-05,0.9999998807907104,0.058823529411764705,0.0,17,65519,0,0,1,loso_supervised_raw_feature_logreg_conservative_topk_strict_gt,simWind_test.mat,21,simWind_test.mat#21,loso_supervised_raw_feature_logreg,learned_raw_feature_baseline,simMed_test.mat,simWind_test.mat
3e-05,0.9999997615814209,0.17647058823529413,1.526274821044277e-05,17,65519,1,1,4,loso_supervised_raw_feature_logreg_conservative_topk_strict_gt,simWind_test.mat,21,simWind_test.mat#21,loso_supervised_raw_feature_logreg,learned_raw_feature_baseline,simMed_test.mat,simWind_test.mat
0.0001,0.9999943971633911,0.23529411764705882,9.157648926265664e-05,17,65519,6,6,10,loso_supervised_raw_feature_logreg_conservative_topk_strict_gt,simWind_test.mat,21,simWind_test.mat#21,loso_supervised_raw_feature_logreg,learned_raw_feature_baseline,simMed_test.mat,simWind_test.mat
0.0003,0.9997184872627258,0.4117647058823529,0.00028999221599841266,17,65519,19,19,26,loso_supervised_raw_feature_logreg_conservative_topk_strict_gt,simWind_test.mat,21,simWind_test.mat#21,loso_supervised_raw_feature_logreg,learned_raw_feature_baseline,simMed_test.mat,simWind_test.mat
0.001,0.9938365817070007,0.8235294117647058,0.0009920786336787802,17,65519,65,65,79,loso_supervised_raw_feature_logreg_conservative_topk_strict_gt,simWind_test.mat,21,simWind_test.mat#21,loso_supervised_raw_feature_logreg,learned_raw_feature_baseline,simMed_test.mat,simWind_test.mat
0.003,0.9772660136222839,0.8823529411764706,0.0029914986492467835,17,65519,196,196,211,loso_supervised_raw_feature_logreg_conservative_topk_strict_gt,simWind_test.mat,21,simWind_test.mat#21,loso_supervised_raw_feature_logreg,learned_raw_feature_baseline,simMed_test.mat,simWind_test.mat
0.01,0.8347010612487793,0.9411764705882353,0.009997100077840016,17,65519,655,655,671,loso_supervised_raw_feature_logreg_conservative_topk_strict_gt,simWind_test.mat,21,simWind_test.mat#21,loso_supervised_raw_feature_logreg,learned_raw_feature_baseline,simMed_test.mat,simWind_test.mat
1e-05,0.9999707937240601,0.057692307692307696,0.0,52,65484,0,0,3,loso_supervised_raw_feature_logreg_conservative_topk_strict_gt,simWind_test.mat,22,simWind_test.mat#22,loso_supervised_raw_feature_logreg,learned_raw_feature_baseline,simMed_test.mat,simWind_test.mat
3e-05,0.999953031539917,0.07692307692307693,1.5270905870136215e-05,52,65484,1,1,5,loso_supervised_raw_feature_logreg_conservative_topk_strict_gt,simWind_test.mat,22,simWind_test.mat#22,loso_supervised_raw_feature_logreg,learned_raw_feature_baseline,simMed_test.mat,simWind_test.mat
0.0001,0.9997072815895081,0.1346153846153846,9.16254352208173e-05,52,65484,6,6,13,loso_supervised_raw_feature_logreg_conservative_topk_strict_gt,simWind_test.mat,22,simWind_test.mat#22,loso_supervised_raw_feature_logreg,learned_raw_feature_baseline,simMed_test.mat,simWind_test.mat
0.0003,0.9978222846984863,0.3269230769230769,0.0002901472115325881,52,65484,19,19,36,loso_supervised_raw_feature_logreg_conservative_topk_strict_gt,simWind_test.mat,22,simWind_test.mat#22,loso_supervised_raw_feature_logreg,learned_raw_feature_baseline,simMed_test.mat,simWind_test.mat
0.001,0.9915722608566284,0.5192307692307693,0.000992608881558854,52,65484,65,65,92,loso_supervised_raw_feature_logreg_conservative_topk_strict_gt,simWind_test.mat,22,simWind_test.mat#22,loso_supervised_raw_feature_logreg,learned_raw_feature_baseline,simMed_test.mat,simWind_test.mat
0.003,0.9766266942024231,0.7115384615384616,0.0029930975505466986,52,65484,196,196,233,loso_supervised_raw_feature_logreg_conservative_topk_strict_gt,simWind_test.mat,22,simWind_test.mat#22,loso_supervised_raw_feature_logreg,learned_raw_feature_baseline,simMed_test.mat,simWind_test.mat
0.01,0.9196308851242065,0.8461538461538461,0.009987172439069086,52,65484,654,654,698,loso_supervised_raw_feature_logreg_conservative_topk_strict_gt,simWind_test.mat,22,simWind_test.mat#22,loso_supervised_raw_feature_logreg,learned_raw_feature_baseline,simMed_test.mat,simWind_test.mat
1e-05,0.9999725818634033,0.03636363636363636,0.0,55,65481,0,0,2,loso_supervised_raw_feature_logreg_conservative_topk_strict_gt,simWind_test.mat,23,simWind_test.mat#23,loso_supervised_raw_feature_logreg,learned_raw_feature_baseline,simMed_test.mat,simWind_test.mat
3e-05,0.9999409914016724,0.07272727272727272,1.5271605503886624e-05,55,65481,1,1,5,loso_supervised_raw_feature_logreg_conservative_topk_strict_gt,simWind_test.mat,23,simWind_test.mat#23,loso_supervised_raw_feature_logreg,learned_raw_feature_baseline,simMed_test.mat,simWind_test.mat
0.0001,0.9998831748962402,0.14545454545454545,9.162963302331974e-05,55,65481,6,6,14,loso_supervised_raw_feature_logreg_conservative_topk_strict_gt,simWind_test.mat,23,simWind_test.mat#23,loso_supervised_raw_feature_logreg,learned_raw_feature_baseline,simMed_test.mat,simWind_test.mat
0.0003,0.9990562796592712,0.38181818181818183,0.00029016050457384584,55,65481,19,19,40,loso_supervised_raw_feature_logreg_conservative_topk_strict_gt,simWind_test.mat,23,simWind_test.mat#23,loso_supervised_raw_feature_logreg,learned_raw_feature_baseline,simMed_test.mat,simWind_test.mat
0.001,0.9939441084861755,0.4909090909090909,0.0009926543577526306,55,65481,65,65,92,loso_supervised_raw_feature_logreg_conservative_topk_strict_gt,simWind_test.mat,23,simWind_test.mat#23,loso_supervised_raw_feature_logreg,learned_raw_feature_baseline,simMed_test.mat,simWind_test.mat
0.003,0.9795702695846558,0.6727272727272727,0.002993234678761778,55,65481,196,196,233,loso_supervised_raw_feature_logreg_conservative_topk_strict_gt,simWind_test.mat,23,simWind_test.mat#23,loso_supervised_raw_feature_logreg,learned_raw_feature_baseline,simMed_test.mat,simWind_test.mat
0.01,0.9298610687255859,0.8,0.009987629999541852,55,65481,654,654,698,loso_supervised_raw_feature_logreg_conservative_topk_strict_gt,simWind_test.mat,23,simWind_test.mat#23,loso_supervised_raw_feature_logreg,learned_raw_feature_baseline,simMed_test.mat,simWind_test.mat
1e-05,0.9999997615814209,0.02702702702702703,0.0,37,65499,0,0,1,loso_supervised_raw_feature_logreg_conservative_topk_strict_gt,simWind_test.mat,24,simWind_test.mat#24,loso_supervised_raw_feature_logreg,learned_raw_feature_baseline,simMed_test.mat,simWind_test.mat
3e-05,0.9999996423721313,0.05405405405405406,1.5267408662727676e-05,37,65499,1,1,3,loso_supervised_raw_feature_logreg_conservative_topk_strict_gt,simWind_test.mat,24,simWind_test.mat#24,loso_supervised_raw_feature_logreg,learned_raw_feature_baseline,simMed_test.mat,simWind_test.mat
0.0001,0.9999916553497314,0.2702702702702703,9.160445197636606e-05,37,65499,6,6,16,loso_supervised_raw_feature_logreg_conservative_topk_strict_gt,simWind_test.mat,24,simWind_test.mat#24,loso_supervised_raw_feature_logreg,learned_raw_feature_baseline,simMed_test.mat,simWind_test.mat
0.0003,0.9999591112136841,0.4864864864864865,0.00029008076459182585,37,65499,19,19,37,loso_supervised_raw_feature_logreg_conservative_topk_strict_gt,simWind_test.mat,24,simWind_test.mat#24,loso_supervised_raw_feature_logreg,learned_raw_feature_baseline,simMed_test.mat,simWind_test.mat
0.001,0.9980959296226501,0.7297297297297297,0.0009923815630772988,37,65499,65,65,92,loso_supervised_raw_feature_logreg_conservative_topk_strict_gt,simWind_test.mat,24,simWind_test.mat#24,loso_supervised_raw_feature_logreg,learned_raw_feature_baseline,simMed_test.mat,simWind_test.mat
0.003,0.984747588634491,0.8378378378378378,0.0029924120978946245,37,65499,196,196,227,loso_supervised_raw_feature_logreg_conservative_topk_strict_gt,simWind_test.mat,24,simWind_test.mat#24,loso_supervised_raw_feature_logreg,learned_raw_feature_baseline,simMed_test.mat,simWind_test.mat
0.01,0.9413060545921326,0.918918918918919,0.009984885265423899,37,65499,654,654,688,loso_supervised_raw_feature_logreg_conservative_topk_strict_gt,simWind_test.mat,24,simWind_test.mat#24,loso_supervised_raw_feature_logreg,learned_raw_feature_baseline,simMed_test.mat,simWind_test.mat
1e-05,0.9999674558639526,0.1,0.0,30,65506,0,0,3,loso_supervised_raw_feature_logreg_conservative_topk_strict_gt,simWind_test.mat,25,simWind_test.mat#25,loso_supervised_raw_feature_logreg,learned_raw_feature_baseline,simMed_test.mat,simWind_test.mat
3e-05,0.9999629259109497,0.1,1.526577718071627e-05,30,65506,1,1,4,loso_supervised_raw_feature_logreg_conservative_topk_strict_gt,simWind_test.mat,25,simWind_test.mat#25,loso_supervised_raw_feature_logreg,learned_raw_feature_baseline,simMed_test.mat,simWind_test.mat
0.0001,0.9998366832733154,0.23333333333333334,9.159466308429762e-05,30,65506,6,6,13,loso_supervised_raw_feature_logreg_conservative_topk_strict_gt,simWind_test.mat,25,simWind_test.mat#25,loso_supervised_raw_feature_logreg,learned_raw_feature_baseline,simMed_test.mat,simWind_test.mat
0.0003,0.9991683959960938,0.3333333333333333,0.00029004976643360914,30,65506,19,19,29,loso_supervised_raw_feature_logreg_conservative_topk_strict_gt,simWind_test.mat,25,simWind_test.mat#25,loso_supervised_raw_feature_logreg,learned_raw_feature_baseline,simMed_test.mat,simWind_test.mat
0.001,0.9948568344116211,0.6333333333333333,0.0009922755167465576,30,65506,65,65,84,loso_supervised_raw_feature_logreg_conservative_topk_strict_gt,simWind_test.mat,25,simWind_test.mat#25,loso_supervised_raw_feature_logreg,learned_raw_feature_baseline,simMed_test.mat,simWind_test.mat
0.003,0.9844249486923218,0.7333333333333333,0.002992092327420389,30,65506,196,196,218,loso_supervised_raw_feature_logreg_conservative_topk_strict_gt,simWind_test.mat,25,simWind_test.mat#25,loso_supervised_raw_feature_logreg,learned_raw_feature_baseline,simMed_test.mat,simWind_test.mat
0.01,0.9363507628440857,0.8666666666666667,0.009999084053369156,30,65506,655,655,681,loso_supervised_raw_feature_logreg_conservative_topk_strict_gt,simWind_test.mat,25,simWind_test.mat#25,loso_supervised_raw_feature_logreg,learned_raw_feature_baseline,simMed_test.mat,simWind_test.mat
1e-05,0.9999996423721313,0.031746031746031744,0.0,63,65473,0,0,2,loso_supervised_raw_feature_logreg_conservative_topk_strict_gt,simWind_test.mat,26,simWind_test.mat#26,loso_supervised_raw_feature_logreg,learned_raw_feature_baseline,simMed_test.mat,simWind_test.mat
3e-05,0.9999994039535522,0.07936507936507936,1.5273471507338904e-05,63,65473,1,1,6,loso_supervised_raw_feature_logreg_conservative_topk_strict_gt,simWind_test.mat,26,simWind_test.mat#26,loso_supervised_raw_feature_logreg,learned_raw_feature_baseline,simMed_test.mat,simWind_test.mat
0.0001,0.9999986886978149,0.15873015873015872,9.164082904403341e-05,63,65473,6,6,16,loso_supervised_raw_feature_logreg_conservative_topk_strict_gt,simWind_test.mat,26,simWind_test.mat#26,loso_supervised_raw_feature_logreg,learned_raw_feature_baseline,simMed_test.mat,simWind_test.mat
0.0003,0.9999910593032837,0.31746031746031744,0.00029019595863943913,63,65473,19,19,39,loso_supervised_raw_feature_logreg_conservative_topk_strict_gt,simWind_test.mat,26,simWind_test.mat#26,loso_supervised_raw_feature_logreg,learned_raw_feature_baseline,simMed_test.mat,simWind_test.mat
0.001,0.999764621257782,0.5238095238095238,0.0009927756479770288,63,65473,65,65,98,loso_supervised_raw_feature_logreg_conservative_topk_strict_gt,simWind_test.mat,26,simWind_test.mat#26,loso_supervised_raw_feature_logreg,learned_raw_feature_baseline,simMed_test.mat,simWind_test.mat
0.003,0.9877222180366516,0.8412698412698413,0.002993600415438425,63,65473,196,196,249,loso_supervised_raw_feature_logreg_conservative_topk_strict_gt,simWind_test.mat,26,simWind_test.mat#26,loso_supervised_raw_feature_logreg,learned_raw_feature_baseline,simMed_test.mat,simWind_test.mat
0.01,0.944976270198822,0.873015873015873,0.009988850365799643,63,65473,654,654,709,loso_supervised_raw_feature_logreg_conservative_topk_strict_gt,simWind_test.mat,26,simWind_test.mat#26,loso_supervised_raw_feature_logreg,learned_raw_feature_baseline,simMed_test.mat,simWind_test.mat
1e-05,0.9999901056289673,0.0847457627118644,0.0,59,65477,0,0,5,loso_supervised_raw_feature_logreg_conservative_topk_strict_gt,simWind_test.mat,27,simWind_test.mat#27,loso_supervised_raw_feature_logreg,learned_raw_feature_baseline,simMed_test.mat,simWind_test.mat
3e-05,0.9999866485595703,0.11864406779661017,1.5272538448615544e-05,59,65477,1,1,8,loso_supervised_raw_feature_logreg_conservative_topk_strict_gt,simWind_test.mat,27,simWind_test.mat#27,loso_supervised_raw_feature_logreg,learned_raw_feature_baseline,simMed_test.mat,simWind_test.mat
0.0001,0.9999481439590454,0.1864406779661017,9.163523069169327e-05,59,65477,6,6,17,loso_supervised_raw_feature_logreg_conservative_topk_strict_gt,simWind_test.mat,27,simWind_test.mat#27,loso_supervised_raw_feature_logreg,learned_raw_feature_baseline,simMed_test.mat,simWind_test.mat
0.0003,0.9996787309646606,0.3559322033898305,0.00029017823052369533,59,65477,19,19,40,loso_supervised_raw_feature_logreg_conservative_topk_strict_gt,simWind_test.mat,27,simWind_test.mat#27,loso_supervised_raw_feature_logreg,learned_raw_feature_baseline,simMed_test.mat,simWind_test.mat
0.001,0.9969520568847656,0.6101694915254238,0.0009927149991600104,59,65477,65,65,101,loso_supervised_raw_feature_logreg_conservative_topk_strict_gt,simWind_test.mat,27,simWind_test.mat#27,loso_supervised_raw_feature_logreg,learned_raw_feature_baseline,simMed_test.mat,simWind_test.mat
0.003,0.9848383665084839,0.7627118644067796,0.002993417535928647,59,65477,196,196,241,loso_supervised_raw_feature_logreg_conservative_topk_strict_gt,simWind_test.mat,27,simWind_test.mat#27,loso_supervised_raw_feature_logreg,learned_raw_feature_baseline,simMed_test.mat,simWind_test.mat
0.01,0.9277330636978149,0.864406779661017,0.009988240145394567,59,65477,654,654,705,loso_supervised_raw_feature_logreg_conservative_topk_strict_gt,simWind_test.mat,27,simWind_test.mat#27,loso_supervised_raw_feature_logreg,learned_raw_feature_baseline,simMed_test.mat,simWind_test.mat
1e-05,0.9999990463256836,0.07692307692307693,0.0,26,65510,0,0,2,loso_supervised_raw_feature_logreg_conservative_topk_strict_gt,simWind_test.mat,28,simWind_test.mat#28,loso_supervised_raw_feature_logreg,learned_raw_feature_baseline,simMed_test.mat,simWind_test.mat
3e-05,0.9999979734420776,0.19230769230769232,1.5264845061822624e-05,26,65510,1,1,6,loso_supervised_raw_feature_logreg_conservative_topk_strict_gt,simWind_test.mat,28,simWind_test.mat#28,loso_supervised_raw_feature_logreg,learned_raw_feature_baseline,simMed_test.mat,simWind_test.mat
0.0001,0.9999933242797852,0.34615384615384615,9.158907037093573e-05,26,65510,6,6,15,loso_supervised_raw_feature_logreg_conservative_topk_strict_gt,simWind_test.mat,28,simWind_test.mat#28,loso_supervised_raw_feature_logreg,learned_raw_feature_baseline,simMed_test.mat,simWind_test.mat
0.0003,0.9999035596847534,0.5,0.00029003205617462985,26,65510,19,19,32,loso_supervised_raw_feature_logreg_conservative_topk_strict_gt,simWind_test.mat,28,simWind_test.mat#28,loso_supervised_raw_feature_logreg,learned_raw_feature_baseline,simMed_test.mat,simWind_test.mat
0.001,0.9942746758460999,0.8076923076923077,0.0009922149290184704,26,65510,65,65,86,loso_supervised_raw_feature_logreg_conservative_topk_strict_gt,simWind_test.mat,28,simWind_test.mat#28,loso_supervised_raw_feature_logreg,learned_raw_feature_baseline,simMed_test.mat,simWind_test.mat
0.003,0.9805660247802734,0.9230769230769231,0.002991909632117234,26,65510,196,196,220,loso_supervised_raw_feature_logreg_conservative_topk_strict_gt,simWind_test.mat,28,simWind_test.mat#28,loso_supervised_raw_feature_logreg,learned_raw_feature_baseline,simMed_test.mat,simWind_test.mat
0.01,0.9319599866867065,0.9615384615384616,0.009998473515493819,26,65510,655,655,680,loso_supervised_raw_feature_logreg_conservative_topk_strict_gt,simWind_test.mat,28,simWind_test.mat#28,loso_supervised_raw_feature_logreg,learned_raw_feature_baseline,simMed_test.mat,simWind_test.mat
1e-05,0.9999988079071045,0.07692307692307693,0.0,26,65510,0,0,2,loso_supervised_raw_feature_logreg_conservative_topk_strict_gt,simWind_test.mat,29,simWind_test.mat#29,loso_supervised_raw_feature_logreg,learned_raw_feature_baseline,simMed_test.mat,simWind_test.mat
3e-05,0.9999983310699463,0.07692307692307693,1.5264845061822624e-05,26,65510,1,1,3,loso_supervised_raw_feature_logreg_conservative_topk_strict_gt,simWind_test.mat,29,simWind_test.mat#29,loso_supervised_raw_feature_logreg,learned_raw_feature_baseline,simMed_test.mat,simWind_test.mat
0.0001,0.9999566078186035,0.23076923076923078,9.158907037093573e-05,26,65510,6,6,12,loso_supervised_raw_feature_logreg_conservative_topk_strict_gt,simWind_test.mat,29,simWind_test.mat#29,loso_supervised_raw_feature_logreg,learned_raw_feature_baseline,simMed_test.mat,simWind_test.mat
0.0003,0.9992750287055969,0.38461538461538464,0.00029003205617462985,26,65510,19,19,29,loso_supervised_raw_feature_logreg_conservative_topk_strict_gt,simWind_test.mat,29,simWind_test.mat#29,loso_supervised_raw_feature_logreg,learned_raw_feature_baseline,simMed_test.mat,simWind_test.mat
0.001,0.9947240948677063,0.46153846153846156,0.0009922149290184704,26,65510,65,65,77,loso_supervised_raw_feature_logreg_conservative_topk_strict_gt,simWind_test.mat,29,simWind_test.mat#29,loso_supervised_raw_feature_logreg,learned_raw_feature_baseline,simMed_test.mat,simWind_test.mat
0.003,0.9780812859535217,0.6153846153846154,0.002991909632117234,26,65510,196,196,212,loso_supervised_raw_feature_logreg_conservative_topk_strict_gt,simWind_test.mat,29,simWind_test.mat#29,loso_supervised_raw_feature_logreg,learned_raw_feature_baseline,simMed_test.mat,simWind_test.mat
0.01,0.8063454031944275,0.7692307692307693,0.009998473515493819,26,65510,655,655,675,loso_supervised_raw_feature_logreg_conservative_topk_strict_gt,simWind_test.mat,29,simWind_test.mat#29,loso_supervised_raw_feature_logreg,learned_raw_feature_baseline,simMed_test.mat,simWind_test.mat
1e-05,0.999984860420227,0.04,0.0,25,65511,0,0,1,loso_supervised_raw_feature_logreg_conservative_topk_strict_gt,simWind_test.mat,31,simWind_test.mat#31,loso_supervised_raw_feature_logreg,learned_raw_feature_baseline,simMed_test.mat,simWind_test.mat
3e-05,0.9998428821563721,0.08,1.526461204988475e-05,25,65511,1,1,3,loso_supervised_raw_feature_logreg_conservative_topk_strict_gt,simWind_test.mat,31,simWind_test.mat#31,loso_supervised_raw_feature_logreg,learned_raw_feature_baseline,simMed_test.mat,simWind_test.mat
0.0001,0.9989282488822937,0.32,9.158767229930851e-05,25,65511,6,6,14,loso_supervised_raw_feature_logreg_conservative_topk_strict_gt,simWind_test.mat,31,simWind_test.mat#31,loso_supervised_raw_feature_logreg,learned_raw_feature_baseline,simMed_test.mat,simWind_test.mat
0.0003,0.9973697662353516,0.4,0.0002900276289478103,25,65511,19,19,29,loso_supervised_raw_feature_logreg_conservative_topk_strict_gt,simWind_test.mat,31,simWind_test.mat#31,loso_supervised_raw_feature_logreg,learned_raw_feature_baseline,simMed_test.mat,simWind_test.mat
0.001,0.9909076690673828,0.52,0.0009921997832425089,25,65511,65,65,78,loso_supervised_raw_feature_logreg_conservative_topk_strict_gt,simWind_test.mat,31,simWind_test.mat#31,loso_supervised_raw_feature_logreg,learned_raw_feature_baseline,simMed_test.mat,simWind_test.mat
0.003,0.9605734348297119,0.6,0.0029918639617774116,25,65511,196,196,211,loso_supervised_raw_feature_logreg_conservative_topk_strict_gt,simWind_test.mat,31,simWind_test.mat#31,loso_supervised_raw_feature_logreg,learned_raw_feature_baseline,simMed_test.mat,simWind_test.mat
0.01,0.7796131372451782,0.84,0.009998320892674512,25,65511,655,655,676,loso_supervised_raw_feature_logreg_conservative_topk_strict_gt,simWind_test.mat,31,simWind_test.mat#31,loso_supervised_raw_feature_logreg,learned_raw_feature_baseline,simMed_test.mat,simWind_test.mat
1e-05,0.9999998807907104,0.0,0.0,27,65509,0,0,0,loso_supervised_raw_feature_logreg_conservative_topk_strict_gt,simWind_test.mat,32,simWind_test.mat#32,loso_supervised_raw_feature_logreg,learned_raw_feature_baseline,simMed_test.mat,simWind_test.mat
3e-05,0.9999985694885254,0.14814814814814814,1.5265078080874384e-05,27,65509,1,1,5,loso_supervised_raw_feature_logreg_conservative_topk_strict_gt,simWind_test.mat,32,simWind_test.mat#32,loso_supervised_raw_feature_logreg,learned_raw_feature_baseline,simMed_test.mat,simWind_test.mat
0.0001,0.9999948740005493,0.25925925925925924,9.15904684852463e-05,27,65509,6,6,13,loso_supervised_raw_feature_logreg_conservative_topk_strict_gt,simWind_test.mat,32,simWind_test.mat#32,loso_supervised_raw_feature_logreg,learned_raw_feature_baseline,simMed_test.mat,simWind_test.mat
0.0003,0.9999622106552124,0.4444444444444444,0.0002900364835366133,27,65509,19,19,31,loso_supervised_raw_feature_logreg_conservative_topk_strict_gt,simWind_test.mat,32,simWind_test.mat#32,loso_supervised_raw_feature_logreg,learned_raw_feature_baseline,simMed_test.mat,simWind_test.mat
0.001,0.9959575533866882,0.6666666666666666,0.000992230075256835,27,65509,65,65,83,loso_supervised_raw_feature_logreg_conservative_topk_strict_gt,simWind_test.mat,32,simWind_test.mat#32,loso_supervised_raw_feature_logreg,learned_raw_feature_baseline,simMed_test.mat,simWind_test.mat
0.003,0.987193763256073,0.7407407407407407,0.002991955303851379,27,65509,196,196,216,loso_supervised_raw_feature_logreg_conservative_topk_strict_gt,simWind_test.mat,32,simWind_test.mat#32,loso_supervised_raw_feature_logreg,learned_raw_feature_baseline,simMed_test.mat,simWind_test.mat
0.01,0.9547476768493652,0.8518518518518519,0.00999862614297272,27,65509,655,655,678,loso_supervised_raw_feature_logreg_conservative_topk_strict_gt,simWind_test.mat,32,simWind_test.mat#32,loso_supervised_raw_feature_logreg,learned_raw_feature_baseline,simMed_test.mat,simWind_test.mat
1e-05,0.999915599822998,0.05555555555555555,0.0,36,65500,0,0,2,loso_supervised_raw_feature_logreg_conservative_topk_strict_gt,simWind_test.mat,33,simWind_test.mat#33,loso_supervised_raw_feature_logreg,learned_raw_feature_baseline,simMed_test.mat,simWind_test.mat
3e-05,0.9996405839920044,0.25,1.5267175572519083e-05,36,65500,1,1,10,loso_supervised_raw_feature_logreg_conservative_topk_strict_gt,simWind_test.mat,33,simWind_test.mat#33,loso_supervised_raw_feature_logreg,learned_raw_feature_baseline,simMed_test.mat,simWind_test.mat
0.0001,0.9992331266403198,0.3055555555555556,9.16030534351145e-05,36,65500,6,6,17,loso_supervised_raw_feature_logreg_conservative_topk_strict_gt,simWind_test.mat,33,simWind_test.mat#33,loso_supervised_raw_feature_logreg,learned_raw_feature_baseline,simMed_test.mat,simWind_test.mat
0.0003,0.998231828212738,0.3611111111111111,0.0002900763358778626,36,65500,19,19,32,loso_supervised_raw_feature_logreg_conservative_topk_strict_gt,simWind_test.mat,33,simWind_test.mat#33,loso_supervised_raw_feature_logreg,learned_raw_feature_baseline,simMed_test.mat,simWind_test.mat
0.001,0.9884950518608093,0.7222222222222222,0.0009923664122137405,36,65500,65,65,91,loso_supervised_raw_feature_logreg_conservative_topk_strict_gt,simWind_test.mat,33,simWind_test.mat#33,loso_supervised_raw_feature_logreg,learned_raw_feature_baseline,simMed_test.mat,simWind_test.mat
0.003,0.9688817262649536,0.8055555555555556,0.0029923664122137403,36,65500,196,196,225,loso_supervised_raw_feature_logreg_conservative_topk_strict_gt,simWind_test.mat,33,simWind_test.mat#33,loso_supervised_raw_feature_logreg,learned_raw_feature_baseline,simMed_test.mat,simWind_test.mat
0.01,0.9034681916236877,0.9166666666666666,0.01,36,65500,655,655,688,loso_supervised_raw_feature_logreg_conservative_topk_strict_gt,simWind_test.mat,33,simWind_test.mat#33,loso_supervised_raw_feature_logreg,learned_raw_feature_baseline,simMed_test.mat,simWind_test.mat
1e-05,0.9998389482498169,0.03389830508474576,0.0,59,65477,0,0,2,loso_supervised_raw_feature_logreg_conservative_topk_strict_gt,simWind_test.mat,34,simWind_test.mat#34,loso_supervised_raw_feature_logreg,learned_raw_feature_baseline,simMed_test.mat,simWind_test.mat
3e-05,0.9988607168197632,0.05084745762711865,1.5272538448615544e-05,59,65477,1,1,4,loso_supervised_raw_feature_logreg_conservative_topk_strict_gt,simWind_test.mat,34,simWind_test.mat#34,loso_supervised_raw_feature_logreg,learned_raw_feature_baseline,simMed_test.mat,simWind_test.mat
0.0001,0.99790358543396,0.1016949152542373,9.163523069169327e-05,59,65477,6,6,12,loso_supervised_raw_feature_logreg_conservative_topk_strict_gt,simWind_test.mat,34,simWind_test.mat#34,loso_supervised_raw_feature_logreg,learned_raw_feature_baseline,simMed_test.mat,simWind_test.mat
0.0003,0.9951930046081543,0.22033898305084745,0.00029017823052369533,59,65477,19,19,32,loso_supervised_raw_feature_logreg_conservative_topk_strict_gt,simWind_test.mat,34,simWind_test.mat#34,loso_supervised_raw_feature_logreg,learned_raw_feature_baseline,simMed_test.mat,simWind_test.mat
0.001,0.9886988997459412,0.3728813559322034,0.0009927149991600104,59,65477,65,65,87,loso_supervised_raw_feature_logreg_conservative_topk_strict_gt,simWind_test.mat,34,simWind_test.mat#34,loso_supervised_raw_feature_logreg,learned_raw_feature_baseline,simMed_test.mat,simWind_test.mat
0.003,0.9744811058044434,0.4745762711864407,0.002993417535928647,59,65477,196,196,224,loso_supervised_raw_feature_logreg_conservative_topk_strict_gt,simWind_test.mat,34,simWind_test.mat#34,loso_supervised_raw_feature_logreg,learned_raw_feature_baseline,simMed_test.mat,simWind_test.mat
0.01,0.9220711588859558,0.6440677966101694,0.009988240145394567,59,65477,654,654,692,loso_supervised_raw_feature_logreg_conservative_topk_strict_gt,simWind_test.mat,34,simWind_test.mat#34,loso_supervised_raw_feature_logreg,learned_raw_feature_baseline,simMed_test.mat,simWind_test.mat
1e-05,0.9999997615814209,0.05454545454545454,0.0,55,65481,0,0,3,loso_supervised_raw_feature_logreg_conservative_topk_strict_gt,simWind_test.mat,35,simWind_test.mat#35,loso_supervised_raw_feature_logreg,learned_raw_feature_baseline,simMed_test.mat,simWind_test.mat
3e-05,0.9999996423721313,0.07272727272727272,1.5271605503886624e-05,55,65481,1,1,5,loso_supervised_raw_feature_logreg_conservative_topk_strict_gt,simWind_test.mat,35,simWind_test.mat#35,loso_supervised_raw_feature_logreg,learned_raw_feature_baseline,simMed_test.mat,simWind_test.mat
0.0001,0.9999991655349731,0.12727272727272726,7.635802751943312e-05,55,65481,6,5,12,loso_supervised_raw_feature_logreg_conservative_topk_strict_gt,simWind_test.mat,35,simWind_test.mat#35,loso_supervised_raw_feature_logreg,learned_raw_feature_baseline,simMed_test.mat,simWind_test.mat
0.0003,0.9999796152114868,0.4,0.00029016050457384584,55,65481,19,19,41,loso_supervised_raw_feature_logreg_conservative_topk_strict_gt,simWind_test.mat,35,simWind_test.mat#35,loso_supervised_raw_feature_logreg,learned_raw_feature_baseline,simMed_test.mat,simWind_test.mat
0.001,0.999497652053833,0.6181818181818182,0.0009926543577526306,55,65481,65,65,99,loso_supervised_raw_feature_logreg_conservative_topk_strict_gt,simWind_test.mat,35,simWind_test.mat#35,loso_supervised_raw_feature_logreg,learned_raw_feature_baseline,simMed_test.mat,simWind_test.mat
0.003,0.9868207573890686,0.8363636363636363,0.002993234678761778,55,65481,196,196,242,loso_supervised_raw_feature_logreg_conservative_topk_strict_gt,simWind_test.mat,35,simWind_test.mat#35,loso_supervised_raw_feature_logreg,learned_raw_feature_baseline,simMed_test.mat,simWind_test.mat
0.01,0.9372153878211975,0.9272727272727272,0.009987629999541852,55,65481,654,654,705,loso_supervised_raw_feature_logreg_conservative_topk_strict_gt,simWind_test.mat,35,simWind_test.mat#35,loso_supervised_raw_feature_logreg,learned_raw_feature_baseline,simMed_test.mat,simWind_test.mat
1e-05,0.9999997615814209,0.07692307692307693,0.0,13,65523,0,0,1,loso_supervised_raw_feature_logreg_conservative_topk_strict_gt,simWind_test.mat,36,simWind_test.mat#36,loso_supervised_raw_feature_logreg,learned_raw_feature_baseline,simMed_test.mat,simWind_test.mat
3e-05,0.9999959468841553,0.3076923076923077,1.5261816461395235e-05,13,65523,1,1,5,loso_supervised_raw_feature_logreg_conservative_topk_strict_gt,simWind_test.mat,36,simWind_test.mat#36,loso_supervised_raw_feature_logreg,learned_raw_feature_baseline,simMed_test.mat,simWind_test.mat
0.0001,0.9999656677246094,0.46153846153846156,9.15708987683714e-05,13,65523,6,6,12,loso_supervised_raw_feature_logreg_conservative_topk_strict_gt,simWind_test.mat,36,simWind_test.mat#36,loso_supervised_raw_feature_logreg,learned_raw_feature_baseline,simMed_test.mat,simWind_test.mat
0.0003,0.9985650181770325,0.7692307692307693,0.00028997451276650945,13,65523,19,19,29,loso_supervised_raw_feature_logreg_conservative_topk_strict_gt,simWind_test.mat,36,simWind_test.mat#36,loso_supervised_raw_feature_logreg,learned_raw_feature_baseline,simMed_test.mat,simWind_test.mat
0.001,0.9934529066085815,0.8461538461538461,0.0009920180699906902,13,65523,65,65,76,loso_supervised_raw_feature_logreg_conservative_topk_strict_gt,simWind_test.mat,36,simWind_test.mat#36,loso_supervised_raw_feature_logreg,learned_raw_feature_baseline,simMed_test.mat,simWind_test.mat
0.003,0.9773634672164917,0.8461538461538461,0.002991316026433466,13,65523,196,196,207,loso_supervised_raw_feature_logreg_conservative_topk_strict_gt,simWind_test.mat,36,simWind_test.mat#36,loso_supervised_raw_feature_logreg,learned_raw_feature_baseline,simMed_test.mat,simWind_test.mat
0.01,0.8601831197738647,0.8461538461538461,0.00999648978221388,13,65523,655,655,666,loso_supervised_raw_feature_logreg_conservative_topk_strict_gt,simWind_test.mat,36,simWind_test.mat#36,loso_supervised_raw_feature_logreg,learned_raw_feature_baseline,simMed_test.mat,simWind_test.mat
1e-05,0.9999525547027588,0.046511627906976744,0.0,43,65493,0,0,2,loso_supervised_raw_feature_logreg_conservative_topk_strict_gt,simWind_test.mat,38,simWind_test.mat#38,loso_supervised_raw_feature_logreg,learned_raw_feature_baseline,simMed_test.mat,simWind_test.mat
3e-05,0.9999430179595947,0.06976744186046512,1.526880735345762e-05,43,65493,1,1,4,loso_supervised_raw_feature_logreg_conservative_topk_strict_gt,simWind_test.mat,38,simWind_test.mat#38,loso_supervised_raw_feature_logreg,learned_raw_feature_baseline,simMed_test.mat,simWind_test.mat
0.0001,0.9991940855979919,0.27906976744186046,9.161284412074573e-05,43,65493,6,6,18,loso_supervised_raw_feature_logreg_conservative_topk_strict_gt,simWind_test.mat,38,simWind_test.mat#38,loso_supervised_raw_feature_logreg,learned_raw_feature_baseline,simMed_test.mat,simWind_test.mat
0.0003,0.9972557425498962,0.3953488372093023,0.0002901073397156948,43,65493,19,19,36,loso_supervised_raw_feature_logreg_conservative_topk_strict_gt,simWind_test.mat,38,simWind_test.mat#38,loso_supervised_raw_feature_logreg,learned_raw_feature_baseline,simMed_test.mat,simWind_test.mat
0.001,0.9922086000442505,0.46511627906976744,0.0009924724779747454,43,65493,65,65,85,loso_supervised_raw_feature_logreg_conservative_topk_strict_gt,simWind_test.mat,38,simWind_test.mat#38,loso_supervised_raw_feature_logreg,learned_raw_feature_baseline,simMed_test.mat,simWind_test.mat
0.003,0.9779350161552429,0.6511627906976745,0.0029926862412776936,43,65493,196,196,224,loso_supervised_raw_feature_logreg_conservative_topk_strict_gt,simWind_test.mat,38,simWind_test.mat#38,loso_supervised_raw_feature_logreg,learned_raw_feature_baseline,simMed_test.mat,simWind_test.mat
0.01,0.9218631386756897,0.7906976744186046,0.009985800009161284,43,65493,654,654,688,loso_supervised_raw_feature_logreg_conservative_topk_strict_gt,simWind_test.mat,38,simWind_test.mat#38,loso_supervised_raw_feature_logreg,learned_raw_feature_baseline,simMed_test.mat,simWind_test.mat
1e-05,0.9999994039535522,0.08333333333333333,0.0,36,65500,0,0,3,loso_supervised_raw_feature_logreg_conservative_topk_strict_gt,simWind_test.mat,39,simWind_test.mat#39,loso_supervised_raw_feature_logreg,learned_raw_feature_baseline,simMed_test.mat,simWind_test.mat
3e-05,0.9999986886978149,0.1111111111111111,1.5267175572519083e-05,36,65500,1,1,5,loso_supervised_raw_feature_logreg_conservative_topk_strict_gt,simWind_test.mat,39,simWind_test.mat#39,loso_supervised_raw_feature_logreg,learned_raw_feature_baseline,simMed_test.mat,simWind_test.mat
0.0001,0.9999959468841553,0.19444444444444445,9.16030534351145e-05,36,65500,6,6,13,loso_supervised_raw_feature_logreg_conservative_topk_strict_gt,simWind_test.mat,39,simWind_test.mat#39,loso_supervised_raw_feature_logreg,learned_raw_feature_baseline,simMed_test.mat,simWind_test.mat
0.0003,0.9998865127563477,0.3611111111111111,0.0002900763358778626,36,65500,19,19,32,loso_supervised_raw_feature_logreg_conservative_topk_strict_gt,simWind_test.mat,39,simWind_test.mat#39,loso_supervised_raw_feature_logreg,learned_raw_feature_baseline,simMed_test.mat,simWind_test.mat
0.001,0.9958653450012207,0.6944444444444444,0.0009923664122137405,36,65500,65,65,90,loso_supervised_raw_feature_logreg_conservative_topk_strict_gt,simWind_test.mat,39,simWind_test.mat#39,loso_supervised_raw_feature_logreg,learned_raw_feature_baseline,simMed_test.mat,simWind_test.mat
0.003,0.9790526032447815,0.8333333333333334,0.0029923664122137403,36,65500,196,196,226,loso_supervised_raw_feature_logreg_conservative_topk_strict_gt,simWind_test.mat,39,simWind_test.mat#39,loso_supervised_raw_feature_logreg,learned_raw_feature_baseline,simMed_test.mat,simWind_test.mat
0.01,0.8966570496559143,0.8611111111111112,0.01,36,65500,655,655,686,loso_supervised_raw_feature_logreg_conservative_topk_strict_gt,simWind_test.mat,39,simWind_test.mat#39,loso_supervised_raw_feature_logreg,learned_raw_feature_baseline,simMed_test.mat,simWind_test.mat
1e-05,0.9999649524688721,0.03571428571428571,0.0,28,65508,0,0,1,loso_supervised_raw_feature_logreg_conservative_topk_strict_gt,simWind_test.mat,40,simWind_test.mat#40,loso_supervised_raw_feature_logreg,learned_raw_feature_baseline,simMed_test.mat,simWind_test.mat
3e-05,0.9999532699584961,0.03571428571428571,1.526531110704036e-05,28,65508,1,1,2,loso_supervised_raw_feature_logreg_conservative_topk_strict_gt,simWind_test.mat,40,simWind_test.mat#40,loso_supervised_raw_feature_logreg,learned_raw_feature_baseline,simMed_test.mat,simWind_test.mat
0.0001,0.9979398846626282,0.2857142857142857,9.159186664224217e-05,28,65508,6,6,14,loso_supervised_raw_feature_logreg_conservative_topk_strict_gt,simWind_test.mat,40,simWind_test.mat#40,loso_supervised_raw_feature_logreg,learned_raw_feature_baseline,simMed_test.mat,simWind_test.mat
0.0003,0.9959522485733032,0.2857142857142857,0.00029004091103376685,28,65508,19,19,27,loso_supervised_raw_feature_logreg_conservative_topk_strict_gt,simWind_test.mat,40,simWind_test.mat#40,loso_supervised_raw_feature_logreg,learned_raw_feature_baseline,simMed_test.mat,simWind_test.mat
0.001,0.9897756576538086,0.42857142857142855,0.0009922452219576234,28,65508,65,65,77,loso_supervised_raw_feature_logreg_conservative_topk_strict_gt,simWind_test.mat,40,simWind_test.mat#40,loso_supervised_raw_feature_logreg,learned_raw_feature_baseline,simMed_test.mat,simWind_test.mat
0.003,0.9788008332252502,0.6428571428571429,0.002992000976979911,28,65508,196,196,214,loso_supervised_raw_feature_logreg_conservative_topk_strict_gt,simWind_test.mat,40,simWind_test.mat#40,loso_supervised_raw_feature_logreg,learned_raw_feature_baseline,simMed_test.mat,simWind_test.mat
0.01,0.9375337958335876,0.75,0.009998778775111437,28,65508,655,655,676,loso_supervised_raw_feature_logreg_conservative_topk_strict_gt,simWind_test.mat,40,simWind_test.mat#40,loso_supervised_raw_feature_logreg,learned_raw_feature_baseline,simMed_test.mat,simWind_test.mat
1e-05,0.9999992847442627,0.03636363636363636,0.0,55,65481,0,0,2,loso_supervised_raw_feature_logreg_conservative_topk_strict_gt,simWind_test.mat,41,simWind_test.mat#41,loso_supervised_raw_feature_logreg,learned_raw_feature_baseline,simMed_test.mat,simWind_test.mat
3e-05,0.9999985694885254,0.03636363636363636,1.5271605503886624e-05,55,65481,1,1,3,loso_supervised_raw_feature_logreg_conservative_topk_strict_gt,simWind_test.mat,41,simWind_test.mat#41,loso_supervised_raw_feature_logreg,learned_raw_feature_baseline,simMed_test.mat,simWind_test.mat
0.0001,0.9999904632568359,0.2545454545454545,9.162963302331974e-05,55,65481,6,6,20,loso_supervised_raw_feature_logreg_conservative_topk_strict_gt,simWind_test.mat,41,simWind_test.mat#41,loso_supervised_raw_feature_logreg,learned_raw_feature_baseline,simMed_test.mat,simWind_test.mat
0.0003,0.9999390840530396,0.41818181818181815,0.00029016050457384584,55,65481,19,19,42,loso_supervised_raw_feature_logreg_conservative_topk_strict_gt,simWind_test.mat,41,simWind_test.mat#41,loso_supervised_raw_feature_logreg,learned_raw_feature_baseline,simMed_test.mat,simWind_test.mat
0.001,0.9992843270301819,0.6181818181818182,0.0009926543577526306,55,65481,65,65,99,loso_supervised_raw_feature_logreg_conservative_topk_strict_gt,simWind_test.mat,41,simWind_test.mat#41,loso_supervised_raw_feature_logreg,learned_raw_feature_baseline,simMed_test.mat,simWind_test.mat
0.003,0.9844973087310791,0.7818181818181819,0.002993234678761778,55,65481,196,196,239,loso_supervised_raw_feature_logreg_conservative_topk_strict_gt,simWind_test.mat,41,simWind_test.mat#41,loso_supervised_raw_feature_logreg,learned_raw_feature_baseline,simMed_test.mat,simWind_test.mat
0.01,0.9358380436897278,0.8727272727272727,0.009987629999541852,55,65481,654,654,702,loso_supervised_raw_feature_logreg_conservative_topk_strict_gt,simWind_test.mat,41,simWind_test.mat#41,loso_supervised_raw_feature_logreg,learned_raw_feature_baseline,simMed_test.mat,simWind_test.mat
1e-05,0.9999997615814209,0.0967741935483871,0.0,31,65505,0,0,3,loso_supervised_raw_feature_logreg_conservative_topk_strict_gt,simWind_test.mat,42,simWind_test.mat#42,loso_supervised_raw_feature_logreg,learned_raw_feature_baseline,simMed_test.mat,simWind_test.mat
3e-05,0.9999997615814209,0.0967741935483871,0.0,31,65505,1,0,3,loso_supervised_raw_feature_logreg_conservative_topk_strict_gt,simWind_test.mat,42,simWind_test.mat#42,loso_supervised_raw_feature_logreg,learned_raw_feature_baseline,simMed_test.mat,simWind_test.mat
0.0001,0.9999953508377075,0.2903225806451613,9.159606136936111e-05,31,65505,6,6,15,loso_supervised_raw_feature_logreg_conservative_topk_strict_gt,simWind_test.mat,42,simWind_test.mat#42,loso_supervised_raw_feature_logreg,learned_raw_feature_baseline,simMed_test.mat,simWind_test.mat
0.0003,0.9999473094940186,0.5161290322580645,0.0002900541943363102,31,65505,19,19,35,loso_supervised_raw_feature_logreg_conservative_topk_strict_gt,simWind_test.mat,42,simWind_test.mat#42,loso_supervised_raw_feature_logreg,learned_raw_feature_baseline,simMed_test.mat,simWind_test.mat
0.001,0.9963995218276978,0.7419354838709677,0.0009922906648347455,31,65505,65,65,88,loso_supervised_raw_feature_logreg_conservative_topk_strict_gt,simWind_test.mat,42,simWind_test.mat#42,loso_supervised_raw_feature_logreg,learned_raw_feature_baseline,simMed_test.mat,simWind_test.mat
0.003,0.9787763953208923,0.8387096774193549,0.002992138004732463,31,65505,196,196,222,loso_supervised_raw_feature_logreg_conservative_topk_strict_gt,simWind_test.mat,42,simWind_test.mat#42,loso_supervised_raw_feature_logreg,learned_raw_feature_baseline,simMed_test.mat,simWind_test.mat
0.01,0.9272838830947876,0.8709677419354839,0.009999236699488588,31,65505,655,655,682,loso_supervised_raw_feature_logreg_conservative_topk_strict_gt,simWind_test.mat,42,simWind_test.mat#42,loso_supervised_raw_feature_logreg,learned_raw_feature_baseline,simMed_test.mat,simWind_test.mat
1e-05,0.9998877048492432,0.08163265306122448,0.0,49,65487,0,0,4,loso_supervised_raw_feature_logreg_conservative_topk_strict_gt,simWind_test.mat,43,simWind_test.mat#43,loso_supervised_raw_feature_logreg,learned_raw_feature_baseline,simMed_test.mat,simWind_test.mat
3e-05,0.9998738765716553,0.08163265306122448,1.5270206300487118e-05,49,65487,1,1,5,loso_supervised_raw_feature_logreg_conservative_topk_strict_gt,simWind_test.mat,43,simWind_test.mat#43,loso_supervised_raw_feature_logreg,learned_raw_feature_baseline,simMed_test.mat,simWind_test.mat
0.0001,0.9995086193084717,0.2857142857142857,9.162123780292272e-05,49,65487,6,6,20,loso_supervised_raw_feature_logreg_conservative_topk_strict_gt,simWind_test.mat,43,simWind_test.mat#43,loso_supervised_raw_feature_logreg,learned_raw_feature_baseline,simMed_test.mat,simWind_test.mat
0.0003,0.9984732270240784,0.40816326530612246,0.0002901339197092553,49,65487,19,19,39,loso_supervised_raw_feature_logreg_conservative_topk_strict_gt,simWind_test.mat,43,simWind_test.mat#43,loso_supervised_raw_feature_logreg,learned_raw_feature_baseline,simMed_test.mat,simWind_test.mat
0.001,0.9938889741897583,0.6530612244897959,0.0009925634095316628,49,65487,65,65,97,loso_supervised_raw_feature_logreg_conservative_topk_strict_gt,simWind_test.mat,43,simWind_test.mat#43,loso_supervised_raw_feature_logreg,learned_raw_feature_baseline,simMed_test.mat,simWind_test.mat
0.003,0.983412504196167,0.7551020408163265,0.0029929604348954753,49,65487,196,196,233,loso_supervised_raw_feature_logreg_conservative_topk_strict_gt,simWind_test.mat,43,simWind_test.mat#43,loso_supervised_raw_feature_logreg,learned_raw_feature_baseline,simMed_test.mat,simWind_test.mat
0.01,0.9428349137306213,0.8979591836734694,0.009986714920518577,49,65487,654,654,698,loso_supervised_raw_feature_logreg_conservative_topk_strict_gt,simWind_test.mat,43,simWind_test.mat#43,loso_supervised_raw_feature_logreg,learned_raw_feature_baseline,simMed_test.mat,simWind_test.mat
1e-05,0.9999973773956299,0.15789473684210525,0.0,38,65498,0,0,6,loso_supervised_raw_feature_logreg_conservative_topk_strict_gt,simWind_test.mat,44,simWind_test.mat#44,loso_supervised_raw_feature_logreg,learned_raw_feature_baseline,simMed_test.mat,simWind_test.mat
3e-05,0.9999963045120239,0.18421052631578946,1.526764176005374e-05,38,65498,1,1,8,loso_supervised_raw_feature_logreg_conservative_topk_strict_gt,simWind_test.mat,44,simWind_test.mat#44,loso_supervised_raw_feature_logreg,learned_raw_feature_baseline,simMed_test.mat,simWind_test.mat
0.0001,0.9999711513519287,0.39473684210526316,9.160585056032245e-05,38,65498,6,6,21,loso_supervised_raw_feature_logreg_conservative_topk_strict_gt,simWind_test.mat,44,simWind_test.mat#44,loso_supervised_raw_feature_logreg,learned_raw_feature_baseline,simMed_test.mat,simWind_test.mat
0.0003,0.9999115467071533,0.5,0.0002900851934410211,38,65498,19,19,38,loso_supervised_raw_feature_logreg_conservative_topk_strict_gt,simWind_test.mat,44,simWind_test.mat#44,loso_supervised_raw_feature_logreg,learned_raw_feature_baseline,simMed_test.mat,simWind_test.mat
0.001,0.9966892600059509,0.8421052631578947,0.0009923967144034932,38,65498,65,65,97,loso_supervised_raw_feature_logreg_conservative_topk_strict_gt,simWind_test.mat,44,simWind_test.mat#44,loso_supervised_raw_feature_logreg,learned_raw_feature_baseline,simMed_test.mat,simWind_test.mat
0.003,0.9822834134101868,0.9210526315789473,0.0029924577849705335,38,65498,196,196,231,loso_supervised_raw_feature_logreg_conservative_topk_strict_gt,simWind_test.mat,44,simWind_test.mat#44,loso_supervised_raw_feature_logreg,learned_raw_feature_baseline,simMed_test.mat,simWind_test.mat
0.01,0.9225242733955383,0.9736842105263158,0.009985037711075147,38,65498,654,654,691,loso_supervised_raw_feature_logreg_conservative_topk_strict_gt,simWind_test.mat,44,simWind_test.mat#44,loso_supervised_raw_feature_logreg,learned_raw_feature_baseline,simMed_test.mat,simWind_test.mat
1e-05,0.9999998807907104,0.02857142857142857,0.0,35,65501,0,0,1,loso_supervised_raw_feature_logreg_conservative_topk_strict_gt,simWind_test.mat,45,simWind_test.mat#45,loso_supervised_raw_feature_logreg,learned_raw_feature_baseline,simMed_test.mat,simWind_test.mat
3e-05,0.9999998807907104,0.02857142857142857,0.0,35,65501,1,0,1,loso_supervised_raw_feature_logreg_conservative_topk_strict_gt,simWind_test.mat,45,simWind_test.mat#45,loso_supervised_raw_feature_logreg,learned_raw_feature_baseline,simMed_test.mat,simWind_test.mat
0.0001,0.9999992847442627,0.2857142857142857,9.160165493656586e-05,35,65501,6,6,16,loso_supervised_raw_feature_logreg_conservative_topk_strict_gt,simWind_test.mat,45,simWind_test.mat#45,loso_supervised_raw_feature_logreg,learned_raw_feature_baseline,simMed_test.mat,simWind_test.mat
0.0003,0.9999923706054688,0.5428571428571428,0.0002900719072991252,35,65501,19,19,38,loso_supervised_raw_feature_logreg_conservative_topk_strict_gt,simWind_test.mat,45,simWind_test.mat#45,loso_supervised_raw_feature_logreg,learned_raw_feature_baseline,simMed_test.mat,simWind_test.mat
0.001,0.9993359446525574,0.8,0.0009923512618127967,35,65501,65,65,93,loso_supervised_raw_feature_logreg_conservative_topk_strict_gt,simWind_test.mat,45,simWind_test.mat#45,loso_supervised_raw_feature_logreg,learned_raw_feature_baseline,simMed_test.mat,simWind_test.mat
0.003,0.9828813076019287,0.9142857142857143,0.002992320727927818,35,65501,196,196,228,loso_supervised_raw_feature_logreg_conservative_topk_strict_gt,simWind_test.mat,45,simWind_test.mat#45,loso_supervised_raw_feature_logreg,learned_raw_feature_baseline,simMed_test.mat,simWind_test.mat
0.01,0.9290309548377991,0.9714285714285714,0.009999847330575106,35,65501,655,655,689,loso_supervised_raw_feature_logreg_conservative_topk_strict_gt,simWind_test.mat,45,simWind_test.mat#45,loso_supervised_raw_feature_logreg,learned_raw_feature_baseline,simMed_test.mat,simWind_test.mat
1e-05,0.9999854564666748,0.0196078431372549,0.0,51,65485,0,0,1,loso_supervised_raw_feature_logreg_conservative_topk_strict_gt,simWind_test.mat,46,simWind_test.mat#46,loso_supervised_raw_feature_logreg,learned_raw_feature_baseline,simMed_test.mat,simWind_test.mat
3e-05,0.9996838569641113,0.0392156862745098,1.527067267313125e-05,51,65485,1,1,3,loso_supervised_raw_feature_logreg_conservative_topk_strict_gt,simWind_test.mat,46,simWind_test.mat#46,loso_supervised_raw_feature_logreg,learned_raw_feature_baseline,simMed_test.mat,simWind_test.mat
0.0001,0.9987543821334839,0.21568627450980393,9.16240360387875e-05,51,65485,6,6,17,loso_supervised_raw_feature_logreg_conservative_topk_strict_gt,simWind_test.mat,46,simWind_test.mat#46,loso_supervised_raw_feature_logreg,learned_raw_feature_baseline,simMed_test.mat,simWind_test.mat
0.0003,0.9973105192184448,0.3137254901960784,0.0002901427807894938,51,65485,19,19,35,loso_supervised_raw_feature_logreg_conservative_topk_strict_gt,simWind_test.mat,46,simWind_test.mat#46,loso_supervised_raw_feature_logreg,learned_raw_feature_baseline,simMed_test.mat,simWind_test.mat
0.001,0.9883313775062561,0.39215686274509803,0.0009925937237535314,51,65485,65,65,85,loso_supervised_raw_feature_logreg_conservative_topk_strict_gt,simWind_test.mat,46,simWind_test.mat#46,loso_supervised_raw_feature_logreg,learned_raw_feature_baseline,simMed_test.mat,simWind_test.mat
0.003,0.9742760062217712,0.49019607843137253,0.0029930518439337255,51,65485,196,196,221,loso_supervised_raw_feature_logreg_conservative_topk_strict_gt,simWind_test.mat,46,simWind_test.mat#46,loso_supervised_raw_feature_logreg,learned_raw_feature_baseline,simMed_test.mat,simWind_test.mat
0.01,0.915870189666748,0.6470588235294118,0.009987019928227838,51,65485,654,654,687,loso_supervised_raw_feature_logreg_conservative_topk_strict_gt,simWind_test.mat,46,simWind_test.mat#46,loso_supervised_raw_feature_logreg,learned_raw_feature_baseline,simMed_test.mat,simWind_test.mat
1e-05,0.9994438290596008,0.10714285714285714,0.0,28,65508,0,0,3,loso_supervised_raw_feature_logreg_conservative_topk_strict_gt,simWind_test.mat,47,simWind_test.mat#47,loso_supervised_raw_feature_logreg,learned_raw_feature_baseline,simMed_test.mat,simWind_test.mat
3e-05,0.9988873600959778,0.25,1.526531110704036e-05,28,65508,1,1,8,loso_supervised_raw_feature_logreg_conservative_topk_strict_gt,simWind_test.mat,47,simWind_test.mat#47,loso_supervised_raw_feature_logreg,learned_raw_feature_baseline,simMed_test.mat,simWind_test.mat
0.0001,0.9972178936004639,0.32142857142857145,9.159186664224217e-05,28,65508,6,6,15,loso_supervised_raw_feature_logreg_conservative_topk_strict_gt,simWind_test.mat,47,simWind_test.mat#47,loso_supervised_raw_feature_logreg,learned_raw_feature_baseline,simMed_test.mat,simWind_test.mat
0.0003,0.9950764775276184,0.35714285714285715,0.00029004091103376685,28,65508,19,19,29,loso_supervised_raw_feature_logreg_conservative_topk_strict_gt,simWind_test.mat,47,simWind_test.mat#47,loso_supervised_raw_feature_logreg,learned_raw_feature_baseline,simMed_test.mat,simWind_test.mat
0.001,0.9891464710235596,0.5357142857142857,0.0009922452219576234,28,65508,65,65,80,loso_supervised_raw_feature_logreg_conservative_topk_strict_gt,simWind_test.mat,47,simWind_test.mat#47,loso_supervised_raw_feature_logreg,learned_raw_feature_baseline,simMed_test.mat,simWind_test.mat
0.003,0.974398672580719,0.5714285714285714,0.002992000976979911,28,65508,196,196,212,loso_supervised_raw_feature_logreg_conservative_topk_strict_gt,simWind_test.mat,47,simWind_test.mat#47,loso_supervised_raw_feature_logreg,learned_raw_feature_baseline,simMed_test.mat,simWind_test.mat
0.01,0.9307804107666016,0.75,0.009998778775111437,28,65508,655,655,676,loso_supervised_raw_feature_logreg_conservative_topk_strict_gt,simWind_test.mat,47,simWind_test.mat#47,loso_supervised_raw_feature_logreg,learned_raw_feature_baseline,simMed_test.mat,simWind_test.mat
1e-05,0.9983452558517456,0.2,0.0,25,65511,0,0,5,loso_supervised_raw_feature_logreg_conservative_topk_strict_gt,simWind_test.mat,48,simWind_test.mat#48,loso_supervised_raw_feature_logreg,learned_raw_feature_baseline,simMed_test.mat,simWind_test.mat
3e-05,0.9982489347457886,0.2,1.526461204988475e-05,25,65511,1,1,6,loso_supervised_raw_feature_logreg_conservative_topk_strict_gt,simWind_test.mat,48,simWind_test.mat#48,loso_supervised_raw_feature_logreg,learned_raw_feature_baseline,simMed_test.mat,simWind_test.mat
0.0001,0.9972966313362122,0.24,9.158767229930851e-05,25,65511,6,6,12,loso_supervised_raw_feature_logreg_conservative_topk_strict_gt,simWind_test.mat,48,simWind_test.mat#48,loso_supervised_raw_feature_logreg,learned_raw_feature_baseline,simMed_test.mat,simWind_test.mat
0.0003,0.9943707585334778,0.24,0.0002900276289478103,25,65511,19,19,25,loso_supervised_raw_feature_logreg_conservative_topk_strict_gt,simWind_test.mat,48,simWind_test.mat#48,loso_supervised_raw_feature_logreg,learned_raw_feature_baseline,simMed_test.mat,simWind_test.mat
0.001,0.9888888001441956,0.36,0.0009921997832425089,25,65511,65,65,74,loso_supervised_raw_feature_logreg_conservative_topk_strict_gt,simWind_test.mat,48,simWind_test.mat#48,loso_supervised_raw_feature_logreg,learned_raw_feature_baseline,simMed_test.mat,simWind_test.mat
0.003,0.9737052321434021,0.52,0.0029918639617774116,25,65511,196,196,209,loso_supervised_raw_feature_logreg_conservative_topk_strict_gt,simWind_test.mat,48,simWind_test.mat#48,loso_supervised_raw_feature_logreg,learned_raw_feature_baseline,simMed_test.mat,simWind_test.mat
0.01,0.9170881509780884,0.64,0.009998320892674512,25,65511,655,655,671,loso_supervised_raw_feature_logreg_conservative_topk_strict_gt,simWind_test.mat,48,simWind_test.mat#48,loso_supervised_raw_feature_logreg,learned_raw_feature_baseline,simMed_test.mat,simWind_test.mat
1e-05,0.9999771118164062,0.06060606060606061,0.0,33,65503,0,0,2,loso_supervised_raw_feature_logreg_conservative_topk_strict_gt,simWind_test.mat,49,simWind_test.mat#49,loso_supervised_raw_feature_logreg,learned_raw_feature_baseline,simMed_test.mat,simWind_test.mat
3e-05,0.9998346567153931,0.09090909090909091,1.5266476344594905e-05,33,65503,1,1,4,loso_supervised_raw_feature_logreg_conservative_topk_strict_gt,simWind_test.mat,49,simWind_test.mat#49,loso_supervised_raw_feature_logreg,learned_raw_feature_baseline,simMed_test.mat,simWind_test.mat
0.0001,0.9989351630210876,0.18181818181818182,9.159885806756943e-05,33,65503,6,6,12,loso_supervised_raw_feature_logreg_conservative_topk_strict_gt,simWind_test.mat,49,simWind_test.mat#49,loso_supervised_raw_feature_logreg,learned_raw_feature_baseline,simMed_test.mat,simWind_test.mat
0.0003,0.9960216879844666,0.30303030303030304,0.0002900630505473032,33,65503,19,19,29,loso_supervised_raw_feature_logreg_conservative_topk_strict_gt,simWind_test.mat,49,simWind_test.mat#49,loso_supervised_raw_feature_logreg,learned_raw_feature_baseline,simMed_test.mat,simWind_test.mat
0.001,0.9894962906837463,0.42424242424242425,0.0009923209623986687,33,65503,65,65,79,loso_supervised_raw_feature_logreg_conservative_topk_strict_gt,simWind_test.mat,49,simWind_test.mat#49,loso_supervised_raw_feature_logreg,learned_raw_feature_baseline,simMed_test.mat,simWind_test.mat
0.003,0.9749326109886169,0.5151515151515151,0.002992229363540601,33,65503,196,196,213,loso_supervised_raw_feature_logreg_conservative_topk_strict_gt,simWind_test.mat,49,simWind_test.mat#49,loso_supervised_raw_feature_logreg,learned_raw_feature_baseline,simMed_test.mat,simWind_test.mat
0.01,0.9247065782546997,0.7272727272727273,0.009999542005709662,33,65503,655,655,679,loso_supervised_raw_feature_logreg_conservative_topk_strict_gt,simWind_test.mat,49,simWind_test.mat#49,loso_supervised_raw_feature_logreg,learned_raw_feature_baseline,simMed_test.mat,simWind_test.mat
1e-05,0.9999891519546509,0.12,0.0,25,65511,0,0,3,loso_supervised_raw_feature_logreg_conservative_topk_strict_gt,simWind_test.mat,50,simWind_test.mat#50,loso_supervised_raw_feature_logreg,learned_raw_feature_baseline,simMed_test.mat,simWind_test.mat
3e-05,0.9999890327453613,0.12,1.526461204988475e-05,25,65511,1,1,4,loso_supervised_raw_feature_logreg_conservative_topk_strict_gt,simWind_test.mat,50,simWind_test.mat#50,loso_supervised_raw_feature_logreg,learned_raw_feature_baseline,simMed_test.mat,simWind_test.mat
0.0001,0.9998466968536377,0.2,9.158767229930851e-05,25,65511,6,6,11,loso_supervised_raw_feature_logreg_conservative_topk_strict_gt,simWind_test.mat,50,simWind_test.mat#50,loso_supervised_raw_feature_logreg,learned_raw_feature_baseline,simMed_test.mat,simWind_test.mat
0.0003,0.9976248145103455,0.64,0.0002900276289478103,25,65511,19,19,35,loso_supervised_raw_feature_logreg_conservative_topk_strict_gt,simWind_test.mat,50,simWind_test.mat#50,loso_supervised_raw_feature_logreg,learned_raw_feature_baseline,simMed_test.mat,simWind_test.mat
0.001,0.991592288017273,0.72,0.0009921997832425089,25,65511,65,65,83,loso_supervised_raw_feature_logreg_conservative_topk_strict_gt,simWind_test.mat,50,simWind_test.mat#50,loso_supervised_raw_feature_logreg,learned_raw_feature_baseline,simMed_test.mat,simWind_test.mat
0.003,0.9785203337669373,0.84,0.0029918639617774116,25,65511,196,196,217,loso_supervised_raw_feature_logreg_conservative_topk_strict_gt,simWind_test.mat,50,simWind_test.mat#50,loso_supervised_raw_feature_logreg,learned_raw_feature_baseline,simMed_test.mat,simWind_test.mat
0.01,0.9320108294487,0.88,0.009998320892674512,25,65511,655,655,677,loso_supervised_raw_feature_logreg_conservative_topk_strict_gt,simWind_test.mat,50,simWind_test.mat#50,loso_supervised_raw_feature_logreg,learned_raw_feature_baseline,simMed_test.mat,simWind_test.mat
1e-05,0.9999995231628418,0.125,0.0,16,65520,0,0,2,loso_supervised_raw_feature_logreg_conservative_topk_strict_gt,simWind_test.mat,51,simWind_test.mat#51,loso_supervised_raw_feature_logreg,learned_raw_feature_baseline,simMed_test.mat,simWind_test.mat
3e-05,0.9999994039535522,0.125,1.5262515262515263e-05,16,65520,1,1,3,loso_supervised_raw_feature_logreg_conservative_topk_strict_gt,simWind_test.mat,51,simWind_test.mat#51,loso_supervised_raw_feature_logreg,learned_raw_feature_baseline,simMed_test.mat,simWind_test.mat
0.0001,0.9999731779098511,0.4375,9.157509157509158e-05,16,65520,6,6,13,loso_supervised_raw_feature_logreg_conservative_topk_strict_gt,simWind_test.mat,51,simWind_test.mat#51,loso_supervised_raw_feature_logreg,learned_raw_feature_baseline,simMed_test.mat,simWind_test.mat
0.0003,0.999387264251709,0.6875,0.00028998778998779,16,65520,19,19,30,loso_supervised_raw_feature_logreg_conservative_topk_strict_gt,simWind_test.mat,51,simWind_test.mat#51,loso_supervised_raw_feature_logreg,learned_raw_feature_baseline,simMed_test.mat,simWind_test.mat
0.001,0.9932453036308289,0.8125,0.000992063492063492,16,65520,65,65,78,loso_supervised_raw_feature_logreg_conservative_topk_strict_gt,simWind_test.mat,51,simWind_test.mat#51,loso_supervised_raw_feature_logreg,learned_raw_feature_baseline,simMed_test.mat,simWind_test.mat
0.003,0.97292160987854,0.8125,0.0029914529914529917,16,65520,196,196,209,loso_supervised_raw_feature_logreg_conservative_topk_strict_gt,simWind_test.mat,51,simWind_test.mat#51,loso_supervised_raw_feature_logreg,learned_raw_feature_baseline,simMed_test.mat,simWind_test.mat
0.01,0.760554850101471,0.9375,0.009996947496947496,16,65520,655,655,670,loso_supervised_raw_feature_logreg_conservative_topk_strict_gt,simWind_test.mat,51,simWind_test.mat#51,loso_supervised_raw_feature_logreg,learned_raw_feature_baseline,simMed_test.mat,simWind_test.mat
1e-05,0.9999998807907104,0.0,0.0,59,65477,0,0,0,loso_supervised_raw_feature_logreg_conservative_topk_strict_gt,simWind_test.mat,52,simWind_test.mat#52,loso_supervised_raw_feature_logreg,learned_raw_feature_baseline,simMed_test.mat,simWind_test.mat
3e-05,0.9999997615814209,0.1016949152542373,1.5272538448615544e-05,59,65477,1,1,7,loso_supervised_raw_feature_logreg_conservative_topk_strict_gt,simWind_test.mat,52,simWind_test.mat#52,loso_supervised_raw_feature_logreg,learned_raw_feature_baseline,simMed_test.mat,simWind_test.mat
0.0001,0.9999994039535522,0.1694915254237288,9.163523069169327e-05,59,65477,6,6,16,loso_supervised_raw_feature_logreg_conservative_topk_strict_gt,simWind_test.mat,52,simWind_test.mat#52,loso_supervised_raw_feature_logreg,learned_raw_feature_baseline,simMed_test.mat,simWind_test.mat
0.0003,0.999996542930603,0.288135593220339,0.0002749056920750798,59,65477,19,18,35,loso_supervised_raw_feature_logreg_conservative_topk_strict_gt,simWind_test.mat,52,simWind_test.mat#52,loso_supervised_raw_feature_logreg,learned_raw_feature_baseline,simMed_test.mat,simWind_test.mat
0.001,0.9998866319656372,0.711864406779661,0.0009927149991600104,59,65477,65,65,107,loso_supervised_raw_feature_logreg_conservative_topk_strict_gt,simWind_test.mat,52,simWind_test.mat#52,loso_supervised_raw_feature_logreg,learned_raw_feature_baseline,simMed_test.mat,simWind_test.mat
0.003,0.99289470911026,0.8983050847457628,0.002993417535928647,59,65477,196,196,249,loso_supervised_raw_feature_logreg_conservative_topk_strict_gt,simWind_test.mat,52,simWind_test.mat#52,loso_supervised_raw_feature_logreg,learned_raw_feature_baseline,simMed_test.mat,simWind_test.mat
0.01,0.9449605941772461,0.9830508474576272,0.009988240145394567,59,65477,654,654,712,loso_supervised_raw_feature_logreg_conservative_topk_strict_gt,simWind_test.mat,52,simWind_test.mat#52,loso_supervised_raw_feature_logreg,learned_raw_feature_baseline,simMed_test.mat,simWind_test.mat
1e-05,0.9999994039535522,0.04081632653061224,0.0,49,65487,0,0,2,loso_supervised_raw_feature_logreg_conservative_topk_strict_gt,simWind_test.mat,53,simWind_test.mat#53,loso_supervised_raw_feature_logreg,learned_raw_feature_baseline,simMed_test.mat,simWind_test.mat
3e-05,0.9999990463256836,0.061224489795918366,1.5270206300487118e-05,49,65487,1,1,4,loso_supervised_raw_feature_logreg_conservative_topk_strict_gt,simWind_test.mat,53,simWind_test.mat#53,loso_supervised_raw_feature_logreg,learned_raw_feature_baseline,simMed_test.mat,simWind_test.mat
0.0001,0.9999960660934448,0.1836734693877551,9.162123780292272e-05,49,65487,6,6,15,loso_supervised_raw_feature_logreg_conservative_topk_strict_gt,simWind_test.mat,53,simWind_test.mat#53,loso_supervised_raw_feature_logreg,learned_raw_feature_baseline,simMed_test.mat,simWind_test.mat
0.0003,0.9999459981918335,0.32653061224489793,0.0002901339197092553,49,65487,19,19,35,loso_supervised_raw_feature_logreg_conservative_topk_strict_gt,simWind_test.mat,53,simWind_test.mat#53,loso_supervised_raw_feature_logreg,learned_raw_feature_baseline,simMed_test.mat,simWind_test.mat
0.001,0.9967202544212341,0.6326530612244898,0.0009925634095316628,49,65487,65,65,96,loso_supervised_raw_feature_logreg_conservative_topk_strict_gt,simWind_test.mat,53,simWind_test.mat#53,loso_supervised_raw_feature_logreg,learned_raw_feature_baseline,simMed_test.mat,simWind_test.mat
0.003,0.9802522659301758,0.6938775510204082,0.0029929604348954753,49,65487,196,196,230,loso_supervised_raw_feature_logreg_conservative_topk_strict_gt,simWind_test.mat,53,simWind_test.mat#53,loso_supervised_raw_feature_logreg,learned_raw_feature_baseline,simMed_test.mat,simWind_test.mat
0.01,0.9262378215789795,0.8571428571428571,0.009986714920518577,49,65487,654,654,696,loso_supervised_raw_feature_logreg_conservative_topk_strict_gt,simWind_test.mat,53,simWind_test.mat#53,loso_supervised_raw_feature_logreg,learned_raw_feature_baseline,simMed_test.mat,simWind_test.mat
1e-05,0.9999103546142578,0.1111111111111111,0.0,36,65500,0,0,4,loso_supervised_raw_feature_logreg_conservative_topk_strict_gt,simWind_test.mat,54,simWind_test.mat#54,loso_supervised_raw_feature_logreg,learned_raw_feature_baseline,simMed_test.mat,simWind_test.mat
3e-05,0.9999072551727295,0.1111111111111111,1.5267175572519083e-05,36,65500,1,1,5,loso_supervised_raw_feature_logreg_conservative_topk_strict_gt,simWind_test.mat,54,simWind_test.mat#54,loso_supervised_raw_feature_logreg,learned_raw_feature_baseline,simMed_test.mat,simWind_test.mat
0.0001,0.9997524619102478,0.19444444444444445,9.16030534351145e-05,36,65500,6,6,13,loso_supervised_raw_feature_logreg_conservative_topk_strict_gt,simWind_test.mat,54,simWind_test.mat#54,loso_supervised_raw_feature_logreg,learned_raw_feature_baseline,simMed_test.mat,simWind_test.mat
0.0003,0.9982470273971558,0.4444444444444444,0.0002900763358778626,36,65500,19,19,35,loso_supervised_raw_feature_logreg_conservative_topk_strict_gt,simWind_test.mat,54,simWind_test.mat#54,loso_supervised_raw_feature_logreg,learned_raw_feature_baseline,simMed_test.mat,simWind_test.mat
0.001,0.9919466376304626,0.6666666666666666,0.0009923664122137405,36,65500,65,65,89,loso_supervised_raw_feature_logreg_conservative_topk_strict_gt,simWind_test.mat,54,simWind_test.mat#54,loso_supervised_raw_feature_logreg,learned_raw_feature_baseline,simMed_test.mat,simWind_test.mat
0.003,0.9813016653060913,0.75,0.0029923664122137403,36,65500,196,196,223,loso_supervised_raw_feature_logreg_conservative_topk_strict_gt,simWind_test.mat,54,simWind_test.mat#54,loso_supervised_raw_feature_logreg,learned_raw_feature_baseline,simMed_test.mat,simWind_test.mat
0.01,0.9294776320457458,0.8333333333333334,0.01,36,65500,655,655,685,loso_supervised_raw_feature_logreg_conservative_topk_strict_gt,simWind_test.mat,54,simWind_test.mat#54,loso_supervised_raw_feature_logreg,learned_raw_feature_baseline,simMed_test.mat,simWind_test.mat
1e-05,0.9999996423721313,0.041666666666666664,0.0,24,65512,0,0,1,loso_supervised_raw_feature_logreg_conservative_topk_strict_gt,simWind_test.mat,55,simWind_test.mat#55,loso_supervised_raw_feature_logreg,learned_raw_feature_baseline,simMed_test.mat,simWind_test.mat
3e-05,0.9999992847442627,0.125,1.5264379045060447e-05,24,65512,1,1,4,loso_supervised_raw_feature_logreg_conservative_topk_strict_gt,simWind_test.mat,55,simWind_test.mat#55,loso_supervised_raw_feature_logreg,learned_raw_feature_baseline,simMed_test.mat,simWind_test.mat
0.0001,0.9999939203262329,0.375,9.158627427036269e-05,24,65512,6,6,15,loso_supervised_raw_feature_logreg_conservative_topk_strict_gt,simWind_test.mat,55,simWind_test.mat#55,loso_supervised_raw_feature_logreg,learned_raw_feature_baseline,simMed_test.mat,simWind_test.mat
0.0003,0.9999599456787109,0.5,0.0002900232018561485,24,65512,19,19,31,loso_supervised_raw_feature_logreg_conservative_topk_strict_gt,simWind_test.mat,55,simWind_test.mat#55,loso_supervised_raw_feature_logreg,learned_raw_feature_baseline,simMed_test.mat,simWind_test.mat
0.001,0.9954392313957214,0.7083333333333334,0.000992184637928929,24,65512,65,65,82,loso_supervised_raw_feature_logreg_conservative_topk_strict_gt,simWind_test.mat,55,simWind_test.mat#55,loso_supervised_raw_feature_logreg,learned_raw_feature_baseline,simMed_test.mat,simWind_test.mat
0.003,0.9784374237060547,0.7083333333333334,0.0029918182928318476,24,65512,196,196,213,loso_supervised_raw_feature_logreg_conservative_topk_strict_gt,simWind_test.mat,55,simWind_test.mat#55,loso_supervised_raw_feature_logreg,learned_raw_feature_baseline,simMed_test.mat,simWind_test.mat
0.01,0.8767329454421997,0.7083333333333334,0.009998168274514593,24,65512,655,655,672,loso_supervised_raw_feature_logreg_conservative_topk_strict_gt,simWind_test.mat,55,simWind_test.mat#55,loso_supervised_raw_feature_logreg,learned_raw_feature_baseline,simMed_test.mat,simWind_test.mat
1e-05,0.9999995231628418,0.15789473684210525,0.0,19,65517,0,0,3,loso_supervised_raw_feature_logreg_conservative_topk_strict_gt,simWind_test.mat,56,simWind_test.mat#56,loso_supervised_raw_feature_logreg,learned_raw_feature_baseline,simMed_test.mat,simWind_test.mat
3e-05,0.9999984502792358,0.2631578947368421,1.5263214127630997e-05,19,65517,1,1,6,loso_supervised_raw_feature_logreg_conservative_topk_strict_gt,simWind_test.mat,56,simWind_test.mat#56,loso_supervised_raw_feature_logreg,learned_raw_feature_baseline,simMed_test.mat,simWind_test.mat
0.0001,0.9999932050704956,0.42105263157894735,9.157928476578598e-05,19,65517,6,6,14,loso_supervised_raw_feature_logreg_conservative_topk_strict_gt,simWind_test.mat,56,simWind_test.mat#56,loso_supervised_raw_feature_logreg,learned_raw_feature_baseline,simMed_test.mat,simWind_test.mat
0.0003,0.9998317956924438,0.631578947368421,0.00029000106842498895,19,65517,19,19,31,loso_supervised_raw_feature_logreg_conservative_topk_strict_gt,simWind_test.mat,56,simWind_test.mat#56,loso_supervised_raw_feature_logreg,learned_raw_feature_baseline,simMed_test.mat,simWind_test.mat
0.001,0.9970491528511047,0.7368421052631579,0.0009921089182960148,19,65517,65,65,79,loso_supervised_raw_feature_logreg_conservative_topk_strict_gt,simWind_test.mat,56,simWind_test.mat#56,loso_supervised_raw_feature_logreg,learned_raw_feature_baseline,simMed_test.mat,simWind_test.mat
0.003,0.990206778049469,0.8421052631578947,0.0029915899690156752,19,65517,196,196,212,loso_supervised_raw_feature_logreg_conservative_topk_strict_gt,simWind_test.mat,56,simWind_test.mat#56,loso_supervised_raw_feature_logreg,learned_raw_feature_baseline,simMed_test.mat,simWind_test.mat
0.01,0.9348869919776917,0.8947368421052632,0.009997405253598303,19,65517,655,655,672,loso_supervised_raw_feature_logreg_conservative_topk_strict_gt,simWind_test.mat,56,simWind_test.mat#56,loso_supervised_raw_feature_logreg,learned_raw_feature_baseline,simMed_test.mat,simWind_test.mat
1e-05,0.9999847412109375,0.10256410256410256,0.0,39,65497,0,0,4,loso_supervised_raw_feature_logreg_conservative_topk_strict_gt,simWind_test.mat,59,simWind_test.mat#59,loso_supervised_raw_feature_logreg,learned_raw_feature_baseline,simMed_test.mat,simWind_test.mat
3e-05,0.999977707862854,0.1282051282051282,1.526787486449761e-05,39,65497,1,1,6,loso_supervised_raw_feature_logreg_conservative_topk_strict_gt,simWind_test.mat,59,simWind_test.mat#59,loso_supervised_raw_feature_logreg,learned_raw_feature_baseline,simMed_test.mat,simWind_test.mat
0.0001,0.9998646974563599,0.3333333333333333,9.160724918698567e-05,39,65497,6,6,19,loso_supervised_raw_feature_logreg_conservative_topk_strict_gt,simWind_test.mat,59,simWind_test.mat#59,loso_supervised_raw_feature_logreg,learned_raw_feature_baseline,simMed_test.mat,simWind_test.mat
0.0003,0.999337375164032,0.5641025641025641,0.0002900896224254546,39,65497,19,19,41,loso_supervised_raw_feature_logreg_conservative_topk_strict_gt,simWind_test.mat,59,simWind_test.mat#59,loso_supervised_raw_feature_logreg,learned_raw_feature_baseline,simMed_test.mat,simWind_test.mat
0.001,0.9962401390075684,0.6666666666666666,0.0009924118661923447,39,65497,65,65,91,loso_supervised_raw_feature_logreg_conservative_topk_strict_gt,simWind_test.mat,59,simWind_test.mat#59,loso_supervised_raw_feature_logreg,learned_raw_feature_baseline,simMed_test.mat,simWind_test.mat
0.003,0.9831021428108215,0.8205128205128205,0.0029925034734415317,39,65497,196,196,228,loso_supervised_raw_feature_logreg_conservative_topk_strict_gt,simWind_test.mat,59,simWind_test.mat#59,loso_supervised_raw_feature_logreg,learned_raw_feature_baseline,simMed_test.mat,simWind_test.mat
0.01,0.9300699830055237,0.9487179487179487,0.009985190161381437,39,65497,654,654,691,loso_supervised_raw_feature_logreg_conservative_topk_strict_gt,simWind_test.mat,59,simWind_test.mat#59,loso_supervised_raw_feature_logreg,learned_raw_feature_baseline,simMed_test.mat,simWind_test.mat
1e-05,0.9999995231628418,0.0392156862745098,0.0,51,65485,0,0,2,loso_supervised_raw_feature_logreg_conservative_topk_strict_gt,simWind_test.mat,61,simWind_test.mat#61,loso_supervised_raw_feature_logreg,learned_raw_feature_baseline,simMed_test.mat,simWind_test.mat
3e-05,0.9999992847442627,0.11764705882352941,1.527067267313125e-05,51,65485,1,1,7,loso_supervised_raw_feature_logreg_conservative_topk_strict_gt,simWind_test.mat,61,simWind_test.mat#61,loso_supervised_raw_feature_logreg,learned_raw_feature_baseline,simMed_test.mat,simWind_test.mat
0.0001,0.9999969005584717,0.19607843137254902,9.16240360387875e-05,51,65485,6,6,16,loso_supervised_raw_feature_logreg_conservative_topk_strict_gt,simWind_test.mat,61,simWind_test.mat#61,loso_supervised_raw_feature_logreg,learned_raw_feature_baseline,simMed_test.mat,simWind_test.mat
0.0003,0.9999651908874512,0.39215686274509803,0.0002901427807894938,51,65485,19,19,39,loso_supervised_raw_feature_logreg_conservative_topk_strict_gt,simWind_test.mat,61,simWind_test.mat#61,loso_supervised_raw_feature_logreg,learned_raw_feature_baseline,simMed_test.mat,simWind_test.mat
0.001,0.9993089437484741,0.6666666666666666,0.0009925937237535314,51,65485,65,65,99,loso_supervised_raw_feature_logreg_conservative_topk_strict_gt,simWind_test.mat,61,simWind_test.mat#61,loso_supervised_raw_feature_logreg,learned_raw_feature_baseline,simMed_test.mat,simWind_test.mat
0.003,0.982794463634491,0.803921568627451,0.0029930518439337255,51,65485,196,196,237,loso_supervised_raw_feature_logreg_conservative_topk_strict_gt,simWind_test.mat,61,simWind_test.mat#61,loso_supervised_raw_feature_logreg,learned_raw_feature_baseline,simMed_test.mat,simWind_test.mat
0.01,0.9272661805152893,0.8431372549019608,0.009987019928227838,51,65485,654,654,697,loso_supervised_raw_feature_logreg_conservative_topk_strict_gt,simWind_test.mat,61,simWind_test.mat#61,loso_supervised_raw_feature_logreg,learned_raw_feature_baseline,simMed_test.mat,simWind_test.mat
1e-05,0.9998934268951416,0.038461538461538464,0.0,26,65510,0,0,1,loso_supervised_raw_feature_logreg_conservative_topk_strict_gt,simWind_test.mat,62,simWind_test.mat#62,loso_supervised_raw_feature_logreg,learned_raw_feature_baseline,simMed_test.mat,simWind_test.mat
3e-05,0.999467670917511,0.11538461538461539,1.5264845061822624e-05,26,65510,1,1,4,loso_supervised_raw_feature_logreg_conservative_topk_strict_gt,simWind_test.mat,62,simWind_test.mat#62,loso_supervised_raw_feature_logreg,learned_raw_feature_baseline,simMed_test.mat,simWind_test.mat
0.0001,0.9983837604522705,0.15384615384615385,9.158907037093573e-05,26,65510,6,6,10,loso_supervised_raw_feature_logreg_conservative_topk_strict_gt,simWind_test.mat,62,simWind_test.mat#62,loso_supervised_raw_feature_logreg,learned_raw_feature_baseline,simMed_test.mat,simWind_test.mat
0.0003,0.9961110949516296,0.2692307692307692,0.00029003205617462985,26,65510,19,19,26,loso_supervised_raw_feature_logreg_conservative_topk_strict_gt,simWind_test.mat,62,simWind_test.mat#62,loso_supervised_raw_feature_logreg,learned_raw_feature_baseline,simMed_test.mat,simWind_test.mat
0.001,0.9898616075515747,0.4230769230769231,0.0009922149290184704,26,65510,65,65,76,loso_supervised_raw_feature_logreg_conservative_topk_strict_gt,simWind_test.mat,62,simWind_test.mat#62,loso_supervised_raw_feature_logreg,learned_raw_feature_baseline,simMed_test.mat,simWind_test.mat
0.003,0.9689141511917114,0.6153846153846154,0.002991909632117234,26,65510,196,196,212,loso_supervised_raw_feature_logreg_conservative_topk_strict_gt,simWind_test.mat,62,simWind_test.mat#62,loso_supervised_raw_feature_logreg,learned_raw_feature_baseline,simMed_test.mat,simWind_test.mat
0.01,0.8083080649375916,0.7692307692307693,0.009998473515493819,26,65510,655,655,675,loso_supervised_raw_feature_logreg_conservative_topk_strict_gt,simWind_test.mat,62,simWind_test.mat#62,loso_supervised_raw_feature_logreg,learned_raw_feature_baseline,simMed_test.mat,simWind_test.mat
1e-05,0.9999998807907104,0.034482758620689655,0.0,58,65478,0,0,2,loso_supervised_raw_feature_logreg_conservative_topk_strict_gt,simWind_test.mat,63,simWind_test.mat#63,loso_supervised_raw_feature_logreg,learned_raw_feature_baseline,simMed_test.mat,simWind_test.mat
3e-05,0.9999998807907104,0.034482758620689655,0.0,58,65478,1,0,2,loso_supervised_raw_feature_logreg_conservative_topk_strict_gt,simWind_test.mat,63,simWind_test.mat#63,loso_supervised_raw_feature_logreg,learned_raw_feature_baseline,simMed_test.mat,simWind_test.mat
0.0001,0.9999990463256836,0.2413793103448276,7.636152600873576e-05,58,65478,6,5,19,loso_supervised_raw_feature_logreg_conservative_topk_strict_gt,simWind_test.mat,63,simWind_test.mat#63,loso_supervised_raw_feature_logreg,learned_raw_feature_baseline,simMed_test.mat,simWind_test.mat
0.0003,0.999996542930603,0.41379310344827586,0.00027490149363144874,58,65478,19,18,42,loso_supervised_raw_feature_logreg_conservative_topk_strict_gt,simWind_test.mat,63,simWind_test.mat#63,loso_supervised_raw_feature_logreg,learned_raw_feature_baseline,simMed_test.mat,simWind_test.mat
0.001,0.9999220371246338,0.6896551724137931,0.0009926998381135648,58,65478,65,65,105,loso_supervised_raw_feature_logreg_conservative_topk_strict_gt,simWind_test.mat,63,simWind_test.mat#63,loso_supervised_raw_feature_logreg,learned_raw_feature_baseline,simMed_test.mat,simWind_test.mat
0.003,0.9933643341064453,0.9137931034482759,0.0029933718195424416,58,65478,196,196,249,loso_supervised_raw_feature_logreg_conservative_topk_strict_gt,simWind_test.mat,63,simWind_test.mat#63,loso_supervised_raw_feature_logreg,learned_raw_feature_baseline,simMed_test.mat,simWind_test.mat
0.01,0.9583227038383484,0.9310344827586207,0.009988087601942638,58,65478,654,654,708,loso_supervised_raw_feature_logreg_conservative_topk_strict_gt,simWind_test.mat,63,simWind_test.mat#63,loso_supervised_raw_feature_logreg,learned_raw_feature_baseline,simMed_test.mat,simWind_test.mat
1e-05,0.9999985694885254,0.125,0.0,16,65520,0,0,2,loso_supervised_raw_feature_logreg_conservative_topk_strict_gt,simWind_test.mat,64,simWind_test.mat#64,loso_supervised_raw_feature_logreg,learned_raw_feature_baseline,simMed_test.mat,simWind_test.mat
3e-05,0.9999982118606567,0.125,1.5262515262515263e-05,16,65520,1,1,3,loso_supervised_raw_feature_logreg_conservative_topk_strict_gt,simWind_test.mat,64,simWind_test.mat#64,loso_supervised_raw_feature_logreg,learned_raw_feature_baseline,simMed_test.mat,simWind_test.mat
0.0001,0.9999809265136719,0.3125,9.157509157509158e-05,16,65520,6,6,11,loso_supervised_raw_feature_logreg_conservative_topk_strict_gt,simWind_test.mat,64,simWind_test.mat#64,loso_supervised_raw_feature_logreg,learned_raw_feature_baseline,simMed_test.mat,simWind_test.mat
0.0003,0.9985670447349548,0.5625,0.00028998778998779,16,65520,19,19,28,loso_supervised_raw_feature_logreg_conservative_topk_strict_gt,simWind_test.mat,64,simWind_test.mat#64,loso_supervised_raw_feature_logreg,learned_raw_feature_baseline,simMed_test.mat,simWind_test.mat
0.001,0.9913533329963684,0.6875,0.000992063492063492,16,65520,65,65,76,loso_supervised_raw_feature_logreg_conservative_topk_strict_gt,simWind_test.mat,64,simWind_test.mat#64,loso_supervised_raw_feature_logreg,learned_raw_feature_baseline,simMed_test.mat,simWind_test.mat
0.003,0.9725812673568726,0.75,0.0029914529914529917,16,65520,196,196,208,loso_supervised_raw_feature_logreg_conservative_topk_strict_gt,simWind_test.mat,64,simWind_test.mat#64,loso_supervised_raw_feature_logreg,learned_raw_feature_baseline,simMed_test.mat,simWind_test.mat
0.01,0.8736428618431091,0.8125,0.009996947496947496,16,65520,655,655,668,loso_supervised_raw_feature_logreg_conservative_topk_strict_gt,simWind_test.mat,64,simWind_test.mat#64,loso_supervised_raw_feature_logreg,learned_raw_feature_baseline,simMed_test.mat,simWind_test.mat
1e-05,0.9999998807907104,0.03333333333333333,0.0,30,65506,0,0,1,loso_supervised_raw_feature_logreg_conservative_topk_strict_gt,simWind_test.mat,65,simWind_test.mat#65,loso_supervised_raw_feature_logreg,learned_raw_feature_baseline,simMed_test.mat,simWind_test.mat
3e-05,0.9999997615814209,0.1,1.526577718071627e-05,30,65506,1,1,4,loso_supervised_raw_feature_logreg_conservative_topk_strict_gt,simWind_test.mat,65,simWind_test.mat#65,loso_supervised_raw_feature_logreg,learned_raw_feature_baseline,simMed_test.mat,simWind_test.mat
0.0001,0.9999984502792358,0.2,9.159466308429762e-05,30,65506,6,6,12,loso_supervised_raw_feature_logreg_conservative_topk_strict_gt,simWind_test.mat,65,simWind_test.mat#65,loso_supervised_raw_feature_logreg,learned_raw_feature_baseline,simMed_test.mat,simWind_test.mat
0.0003,0.9999345541000366,0.43333333333333335,0.00029004976643360914,30,65506,19,19,32,loso_supervised_raw_feature_logreg_conservative_topk_strict_gt,simWind_test.mat,65,simWind_test.mat#65,loso_supervised_raw_feature_logreg,learned_raw_feature_baseline,simMed_test.mat,simWind_test.mat
0.001,0.9974825978279114,0.7,0.0009922755167465576,30,65506,65,65,86,loso_supervised_raw_feature_logreg_conservative_topk_strict_gt,simWind_test.mat,65,simWind_test.mat#65,loso_supervised_raw_feature_logreg,learned_raw_feature_baseline,simMed_test.mat,simWind_test.mat
0.003,0.975795328617096,0.8,0.002992092327420389,30,65506,196,196,220,loso_supervised_raw_feature_logreg_conservative_topk_strict_gt,simWind_test.mat,65,simWind_test.mat#65,loso_supervised_raw_feature_logreg,learned_raw_feature_baseline,simMed_test.mat,simWind_test.mat
0.01,0.7710123062133789,0.9333333333333333,0.009999084053369156,30,65506,655,655,683,loso_supervised_raw_feature_logreg_conservative_topk_strict_gt,simWind_test.mat,65,simWind_test.mat#65,loso_supervised_raw_feature_logreg,learned_raw_feature_baseline,simMed_test.mat,simWind_test.mat
1e-05,0.99996018409729,0.022727272727272728,0.0,44,65492,0,0,1,loso_supervised_raw_feature_logreg_conservative_topk_strict_gt,simWind_test.mat,67,simWind_test.mat#67,loso_supervised_raw_feature_logreg,learned_raw_feature_baseline,simMed_test.mat,simWind_test.mat
3e-05,0.9999213218688965,0.09090909090909091,1.526904049349539e-05,44,65492,1,1,5,loso_supervised_raw_feature_logreg_conservative_topk_strict_gt,simWind_test.mat,67,simWind_test.mat#67,loso_supervised_raw_feature_logreg,learned_raw_feature_baseline,simMed_test.mat,simWind_test.mat
0.0001,0.9997765421867371,0.1590909090909091,9.161424296097234e-05,44,65492,6,6,13,loso_supervised_raw_feature_logreg_conservative_topk_strict_gt,simWind_test.mat,67,simWind_test.mat#67,loso_supervised_raw_feature_logreg,learned_raw_feature_baseline,simMed_test.mat,simWind_test.mat
0.0003,0.9984299540519714,0.4318181818181818,0.00029011176937641237,44,65492,19,19,38,loso_supervised_raw_feature_logreg_conservative_topk_strict_gt,simWind_test.mat,67,simWind_test.mat#67,loso_supervised_raw_feature_logreg,learned_raw_feature_baseline,simMed_test.mat,simWind_test.mat
0.001,0.9916033148765564,0.5,0.0009924876320772003,44,65492,65,65,87,loso_supervised_raw_feature_logreg_conservative_topk_strict_gt,simWind_test.mat,67,simWind_test.mat#67,loso_supervised_raw_feature_logreg,learned_raw_feature_baseline,simMed_test.mat,simWind_test.mat
0.003,0.9733095765113831,0.6363636363636364,0.002992731936725096,44,65492,196,196,224,loso_supervised_raw_feature_logreg_conservative_topk_strict_gt,simWind_test.mat,67,simWind_test.mat#67,loso_supervised_raw_feature_logreg,learned_raw_feature_baseline,simMed_test.mat,simWind_test.mat
0.01,0.9118947386741638,0.6818181818181818,0.009985952482745985,44,65492,654,654,684,loso_supervised_raw_feature_logreg_conservative_topk_strict_gt,simWind_test.mat,67,simWind_test.mat#67,loso_supervised_raw_feature_logreg,learned_raw_feature_baseline,simMed_test.mat,simWind_test.mat
1e-05,0.9998430013656616,0.07317073170731707,0.0,41,65495,0,0,3,loso_supervised_raw_feature_logreg_conservative_topk_strict_gt,simWind_test.mat,69,simWind_test.mat#69,loso_supervised_raw_feature_logreg,learned_raw_feature_baseline,simMed_test.mat,simWind_test.mat
3e-05,0.999836802482605,0.07317073170731707,1.5268341094740055e-05,41,65495,1,1,4,loso_supervised_raw_feature_logreg_conservative_topk_strict_gt,simWind_test.mat,69,simWind_test.mat#69,loso_supervised_raw_feature_logreg,learned_raw_feature_baseline,simMed_test.mat,simWind_test.mat
0.0001,0.9991697072982788,0.12195121951219512,9.161004656844033e-05,41,65495,6,6,11,loso_supervised_raw_feature_logreg_conservative_topk_strict_gt,simWind_test.mat,69,simWind_test.mat#69,loso_supervised_raw_feature_logreg,learned_raw_feature_baseline,simMed_test.mat,simWind_test.mat
0.0003,0.9964190721511841,0.34146341463414637,0.0002900984808000611,41,65495,19,19,33,loso_supervised_raw_feature_logreg_conservative_topk_strict_gt,simWind_test.mat,69,simWind_test.mat#69,loso_supervised_raw_feature_logreg,learned_raw_feature_baseline,simMed_test.mat,simWind_test.mat
0.001,0.9906798005104065,0.4634146341463415,0.0009924421711581036,41,65495,65,65,84,loso_supervised_raw_feature_logreg_conservative_topk_strict_gt,simWind_test.mat,69,simWind_test.mat#69,loso_supervised_raw_feature_logreg,learned_raw_feature_baseline,simMed_test.mat,simWind_test.mat
0.003,0.9775950312614441,0.4878048780487805,0.0029925948545690513,41,65495,196,196,216,loso_supervised_raw_feature_logreg_conservative_topk_strict_gt,simWind_test.mat,69,simWind_test.mat#69,loso_supervised_raw_feature_logreg,learned_raw_feature_baseline,simMed_test.mat,simWind_test.mat
0.01,0.9334677457809448,0.6829268292682927,0.009985495075959997,41,65495,654,654,682,loso_supervised_raw_feature_logreg_conservative_topk_strict_gt,simWind_test.mat,69,simWind_test.mat#69,loso_supervised_raw_feature_logreg,learned_raw_feature_baseline,simMed_test.mat,simWind_test.mat
1e-05,0.9999994039535522,0.06976744186046512,0.0,43,65493,0,0,3,loso_supervised_raw_feature_logreg_conservative_topk_strict_gt,simWind_test.mat,70,simWind_test.mat#70,loso_supervised_raw_feature_logreg,learned_raw_feature_baseline,simMed_test.mat,simWind_test.mat
3e-05,0.9999992847442627,0.06976744186046512,1.526880735345762e-05,43,65493,1,1,4,loso_supervised_raw_feature_logreg_conservative_topk_strict_gt,simWind_test.mat,70,simWind_test.mat#70,loso_supervised_raw_feature_logreg,learned_raw_feature_baseline,simMed_test.mat,simWind_test.mat
0.0001,0.9999936819076538,0.37209302325581395,9.161284412074573e-05,43,65493,6,6,22,loso_supervised_raw_feature_logreg_conservative_topk_strict_gt,simWind_test.mat,70,simWind_test.mat#70,loso_supervised_raw_feature_logreg,learned_raw_feature_baseline,simMed_test.mat,simWind_test.mat
0.0003,0.9999687671661377,0.46511627906976744,0.0002901073397156948,43,65493,19,19,39,loso_supervised_raw_feature_logreg_conservative_topk_strict_gt,simWind_test.mat,70,simWind_test.mat#70,loso_supervised_raw_feature_logreg,learned_raw_feature_baseline,simMed_test.mat,simWind_test.mat
0.001,0.9989017248153687,0.7906976744186046,0.0009924724779747454,43,65493,65,65,99,loso_supervised_raw_feature_logreg_conservative_topk_strict_gt,simWind_test.mat,70,simWind_test.mat#70,loso_supervised_raw_feature_logreg,learned_raw_feature_baseline,simMed_test.mat,simWind_test.mat
0.003,0.9850633144378662,0.813953488372093,0.0029926862412776936,43,65493,196,196,231,loso_supervised_raw_feature_logreg_conservative_topk_strict_gt,simWind_test.mat,70,simWind_test.mat#70,loso_supervised_raw_feature_logreg,learned_raw_feature_baseline,simMed_test.mat,simWind_test.mat
0.01,0.9369766116142273,0.8837209302325582,0.009985800009161284,43,65493,654,654,692,loso_supervised_raw_feature_logreg_conservative_topk_strict_gt,simWind_test.mat,70,simWind_test.mat#70,loso_supervised_raw_feature_logreg,learned_raw_feature_baseline,simMed_test.mat,simWind_test.mat
1e-05,0.9999805688858032,0.037037037037037035,0.0,27,65509,0,0,1,loso_supervised_raw_feature_logreg_conservative_topk_strict_gt,simWind_test.mat,71,simWind_test.mat#71,loso_supervised_raw_feature_logreg,learned_raw_feature_baseline,simMed_test.mat,simWind_test.mat
3e-05,0.9998633861541748,0.1111111111111111,1.5265078080874384e-05,27,65509,1,1,4,loso_supervised_raw_feature_logreg_conservative_topk_strict_gt,simWind_test.mat,71,simWind_test.mat#71,loso_supervised_raw_feature_logreg,learned_raw_feature_baseline,simMed_test.mat,simWind_test.mat
0.0001,0.9995474219322205,0.14814814814814814,9.15904684852463e-05,27,65509,6,6,10,loso_supervised_raw_feature_logreg_conservative_topk_strict_gt,simWind_test.mat,71,simWind_test.mat#71,loso_supervised_raw_feature_logreg,learned_raw_feature_baseline,simMed_test.mat,simWind_test.mat
0.0003,0.9973088502883911,0.37037037037037035,0.0002900364835366133,27,65509,19,19,29,loso_supervised_raw_feature_logreg_conservative_topk_strict_gt,simWind_test.mat,71,simWind_test.mat#71,loso_supervised_raw_feature_logreg,learned_raw_feature_baseline,simMed_test.mat,simWind_test.mat
0.001,0.9920708537101746,0.5185185185185185,0.000992230075256835,27,65509,65,65,79,loso_supervised_raw_feature_logreg_conservative_topk_strict_gt,simWind_test.mat,71,simWind_test.mat#71,loso_supervised_raw_feature_logreg,learned_raw_feature_baseline,simMed_test.mat,simWind_test.mat
0.003,0.977760374546051,0.5925925925925926,0.002991955303851379,27,65509,196,196,212,loso_supervised_raw_feature_logreg_conservative_topk_strict_gt,simWind_test.mat,71,simWind_test.mat#71,loso_supervised_raw_feature_logreg,learned_raw_feature_baseline,simMed_test.mat,simWind_test.mat
0.01,0.8909643888473511,0.6666666666666666,0.00999862614297272,27,65509,655,655,673,loso_supervised_raw_feature_logreg_conservative_topk_strict_gt,simWind_test.mat,71,simWind_test.mat#71,loso_supervised_raw_feature_logreg,learned_raw_feature_baseline,simMed_test.mat,simWind_test.mat
1e-05,0.9999678134918213,0.16216216216216217,0.0,37,65499,0,0,6,loso_supervised_raw_feature_logreg_conservative_topk_strict_gt,simWind_test.mat,72,simWind_test.mat#72,loso_supervised_raw_feature_logreg,learned_raw_feature_baseline,simMed_test.mat,simWind_test.mat
3e-05,0.9999525547027588,0.21621621621621623,1.5267408662727676e-05,37,65499,1,1,9,loso_supervised_raw_feature_logreg_conservative_topk_strict_gt,simWind_test.mat,72,simWind_test.mat#72,loso_supervised_raw_feature_logreg,learned_raw_feature_baseline,simMed_test.mat,simWind_test.mat
0.0001,0.9998464584350586,0.3783783783783784,9.160445197636606e-05,37,65499,6,6,20,loso_supervised_raw_feature_logreg_conservative_topk_strict_gt,simWind_test.mat,72,simWind_test.mat#72,loso_supervised_raw_feature_logreg,learned_raw_feature_baseline,simMed_test.mat,simWind_test.mat
0.0003,0.9995238780975342,0.5135135135135135,0.00029008076459182585,37,65499,19,19,38,loso_supervised_raw_feature_logreg_conservative_topk_strict_gt,simWind_test.mat,72,simWind_test.mat#72,loso_supervised_raw_feature_logreg,learned_raw_feature_baseline,simMed_test.mat,simWind_test.mat
0.001,0.9965230226516724,0.7027027027027027,0.0009923815630772988,37,65499,65,65,91,loso_supervised_raw_feature_logreg_conservative_topk_strict_gt,simWind_test.mat,72,simWind_test.mat#72,loso_supervised_raw_feature_logreg,learned_raw_feature_baseline,simMed_test.mat,simWind_test.mat
0.003,0.9867515563964844,0.8108108108108109,0.0029924120978946245,37,65499,196,196,226,loso_supervised_raw_feature_logreg_conservative_topk_strict_gt,simWind_test.mat,72,simWind_test.mat#72,loso_supervised_raw_feature_logreg,learned_raw_feature_baseline,simMed_test.mat,simWind_test.mat
0.01,0.941272497177124,0.918918918918919,0.009984885265423899,37,65499,654,654,688,loso_supervised_raw_feature_logreg_conservative_topk_strict_gt,simWind_test.mat,72,simWind_test.mat#72,loso_supervised_raw_feature_logreg,learned_raw_feature_baseline,simMed_test.mat,simWind_test.mat
1e-05,0.9999803304672241,0.02857142857142857,0.0,35,65501,0,0,1,loso_supervised_raw_feature_logreg_conservative_topk_strict_gt,simWind_test.mat,74,simWind_test.mat#74,loso_supervised_raw_feature_logreg,learned_raw_feature_baseline,simMed_test.mat,simWind_test.mat
3e-05,0.999974250793457,0.02857142857142857,1.5266942489427644e-05,35,65501,1,1,2,loso_supervised_raw_feature_logreg_conservative_topk_strict_gt,simWind_test.mat,74,simWind_test.mat#74,loso_supervised_raw_feature_logreg,learned_raw_feature_baseline,simMed_test.mat,simWind_test.mat
0.0001,0.9996237754821777,0.17142857142857143,9.160165493656586e-05,35,65501,6,6,12,loso_supervised_raw_feature_logreg_conservative_topk_strict_gt,simWind_test.mat,74,simWind_test.mat#74,loso_supervised_raw_feature_logreg,learned_raw_feature_baseline,simMed_test.mat,simWind_test.mat
0.0003,0.9973381161689758,0.45714285714285713,0.0002900719072991252,35,65501,19,19,35,loso_supervised_raw_feature_logreg_conservative_topk_strict_gt,simWind_test.mat,74,simWind_test.mat#74,loso_supervised_raw_feature_logreg,learned_raw_feature_baseline,simMed_test.mat,simWind_test.mat
0.001,0.9923646450042725,0.5428571428571428,0.0009923512618127967,35,65501,65,65,84,loso_supervised_raw_feature_logreg_conservative_topk_strict_gt,simWind_test.mat,74,simWind_test.mat#74,loso_supervised_raw_feature_logreg,learned_raw_feature_baseline,simMed_test.mat,simWind_test.mat
0.003,0.9801918268203735,0.7428571428571429,0.002992320727927818,35,65501,196,196,222,loso_supervised_raw_feature_logreg_conservative_topk_strict_gt,simWind_test.mat,74,simWind_test.mat#74,loso_supervised_raw_feature_logreg,learned_raw_feature_baseline,simMed_test.mat,simWind_test.mat
0.01,0.9313077926635742,0.8285714285714286,0.009999847330575106,35,65501,655,655,684,loso_supervised_raw_feature_logreg_conservative_topk_strict_gt,simWind_test.mat,74,simWind_test.mat#74,loso_supervised_raw_feature_logreg,learned_raw_feature_baseline,simMed_test.mat,simWind_test.mat
1e-05,0.9999992847442627,0.06666666666666667,0.0,60,65476,0,0,4,loso_supervised_raw_feature_logreg_conservative_topk_strict_gt,simWind_test.mat,75,simWind_test.mat#75,loso_supervised_raw_feature_logreg,learned_raw_feature_baseline,simMed_test.mat,simWind_test.mat
3e-05,0.999998927116394,0.13333333333333333,1.527277170260859e-05,60,65476,1,1,9,loso_supervised_raw_feature_logreg_conservative_topk_strict_gt,simWind_test.mat,75,simWind_test.mat#75,loso_supervised_raw_feature_logreg,learned_raw_feature_baseline,simMed_test.mat,simWind_test.mat
0.0001,0.9999978542327881,0.23333333333333334,9.163663021565153e-05,60,65476,6,6,20,loso_supervised_raw_feature_logreg_conservative_topk_strict_gt,simWind_test.mat,75,simWind_test.mat#75,loso_supervised_raw_feature_logreg,learned_raw_feature_baseline,simMed_test.mat,simWind_test.mat
0.0003,0.9999914169311523,0.36666666666666664,0.0002901826623495632,60,65476,19,19,41,loso_supervised_raw_feature_logreg_conservative_topk_strict_gt,simWind_test.mat,75,simWind_test.mat#75,loso_supervised_raw_feature_logreg,learned_raw_feature_baseline,simMed_test.mat,simWind_test.mat
0.001,0.9997420907020569,0.7,0.0009927301606695582,60,65476,65,65,107,loso_supervised_raw_feature_logreg_conservative_topk_strict_gt,simWind_test.mat,75,simWind_test.mat#75,loso_supervised_raw_feature_logreg,learned_raw_feature_baseline,simMed_test.mat,simWind_test.mat
0.003,0.9898260831832886,0.8833333333333333,0.0029934632537112833,60,65476,196,196,249,loso_supervised_raw_feature_logreg_conservative_topk_strict_gt,simWind_test.mat,75,simWind_test.mat#75,loso_supervised_raw_feature_logreg,learned_raw_feature_baseline,simMed_test.mat,simWind_test.mat
0.01,0.9443234205245972,0.9666666666666667,0.009988392693506017,60,65476,654,654,712,loso_supervised_raw_feature_logreg_conservative_topk_strict_gt,simWind_test.mat,75,simWind_test.mat#75,loso_supervised_raw_feature_logreg,learned_raw_feature_baseline,simMed_test.mat,simWind_test.mat
1e-05,0.9998750686645508,0.037037037037037035,0.0,27,65509,0,0,1,loso_supervised_raw_feature_logreg_conservative_topk_strict_gt,simWind_test.mat,76,simWind_test.mat#76,loso_supervised_raw_feature_logreg,learned_raw_feature_baseline,simMed_test.mat,simWind_test.mat
3e-05,0.9998631477355957,0.037037037037037035,1.5265078080874384e-05,27,65509,1,1,2,loso_supervised_raw_feature_logreg_conservative_topk_strict_gt,simWind_test.mat,76,simWind_test.mat#76,loso_supervised_raw_feature_logreg,learned_raw_feature_baseline,simMed_test.mat,simWind_test.mat
0.0001,0.999414324760437,0.18518518518518517,9.15904684852463e-05,27,65509,6,6,11,loso_supervised_raw_feature_logreg_conservative_topk_strict_gt,simWind_test.mat,76,simWind_test.mat#76,loso_supervised_raw_feature_logreg,learned_raw_feature_baseline,simMed_test.mat,simWind_test.mat
0.0003,0.9953910112380981,0.4444444444444444,0.0002900364835366133,27,65509,19,19,31,loso_supervised_raw_feature_logreg_conservative_topk_strict_gt,simWind_test.mat,76,simWind_test.mat#76,loso_supervised_raw_feature_logreg,learned_raw_feature_baseline,simMed_test.mat,simWind_test.mat
0.001,0.989464282989502,0.5185185185185185,0.000992230075256835,27,65509,65,65,79,loso_supervised_raw_feature_logreg_conservative_topk_strict_gt,simWind_test.mat,76,simWind_test.mat#76,loso_supervised_raw_feature_logreg,learned_raw_feature_baseline,simMed_test.mat,simWind_test.mat
0.003,0.9792875051498413,0.5925925925925926,0.002991955303851379,27,65509,196,196,212,loso_supervised_raw_feature_logreg_conservative_topk_strict_gt,simWind_test.mat,76,simWind_test.mat#76,loso_supervised_raw_feature_logreg,learned_raw_feature_baseline,simMed_test.mat,simWind_test.mat
0.01,0.9394223690032959,0.7037037037037037,0.00999862614297272,27,65509,655,655,674,loso_supervised_raw_feature_logreg_conservative_topk_strict_gt,simWind_test.mat,76,simWind_test.mat#76,loso_supervised_raw_feature_logreg,learned_raw_feature_baseline,simMed_test.mat,simWind_test.mat
1e-05,0.9994398951530457,0.06349206349206349,0.0,63,65473,0,0,4,loso_supervised_raw_feature_logreg_conservative_topk_strict_gt,simWind_test.mat,77,simWind_test.mat#77,loso_supervised_raw_feature_logreg,learned_raw_feature_baseline,simMed_test.mat,simWind_test.mat
3e-05,0.9993599057197571,0.06349206349206349,1.5273471507338904e-05,63,65473,1,1,5,loso_supervised_raw_feature_logreg_conservative_topk_strict_gt,simWind_test.mat,77,simWind_test.mat#77,loso_supervised_raw_feature_logreg,learned_raw_feature_baseline,simMed_test.mat,simWind_test.mat
0.0001,0.9979839324951172,0.14285714285714285,9.164082904403341e-05,63,65473,6,6,15,loso_supervised_raw_feature_logreg_conservative_topk_strict_gt,simWind_test.mat,77,simWind_test.mat#77,loso_supervised_raw_feature_logreg,learned_raw_feature_baseline,simMed_test.mat,simWind_test.mat
0.0003,0.9959724545478821,0.23809523809523808,0.00029019595863943913,63,65473,19,19,34,loso_supervised_raw_feature_logreg_conservative_topk_strict_gt,simWind_test.mat,77,simWind_test.mat#77,loso_supervised_raw_feature_logreg,learned_raw_feature_baseline,simMed_test.mat,simWind_test.mat
0.001,0.9889005422592163,0.3333333333333333,0.0009927756479770288,63,65473,65,65,86,loso_supervised_raw_feature_logreg_conservative_topk_strict_gt,simWind_test.mat,77,simWind_test.mat#77,loso_supervised_raw_feature_logreg,learned_raw_feature_baseline,simMed_test.mat,simWind_test.mat
0.003,0.9765154123306274,0.4603174603174603,0.002993600415438425,63,65473,196,196,225,loso_supervised_raw_feature_logreg_conservative_topk_strict_gt,simWind_test.mat,77,simWind_test.mat#77,loso_supervised_raw_feature_logreg,learned_raw_feature_baseline,simMed_test.mat,simWind_test.mat
0.01,0.9226205348968506,0.6349206349206349,0.009988850365799643,63,65473,654,654,694,loso_supervised_raw_feature_logreg_conservative_topk_strict_gt,simWind_test.mat,77,simWind_test.mat#77,loso_supervised_raw_feature_logreg,learned_raw_feature_baseline,simMed_test.mat,simWind_test.mat
1e-05,0.9999915361404419,0.04,0.0,25,65511,0,0,1,loso_supervised_raw_feature_logreg_conservative_topk_strict_gt,simWind_test.mat,78,simWind_test.mat#78,loso_supervised_raw_feature_logreg,learned_raw_feature_baseline,simMed_test.mat,simWind_test.mat
3e-05,0.9998737573623657,0.08,1.526461204988475e-05,25,65511,1,1,3,loso_supervised_raw_feature_logreg_conservative_topk_strict_gt,simWind_test.mat,78,simWind_test.mat#78,loso_supervised_raw_feature_logreg,learned_raw_feature_baseline,simMed_test.mat,simWind_test.mat
0.0001,0.9983799457550049,0.2,9.158767229930851e-05,25,65511,6,6,11,loso_supervised_raw_feature_logreg_conservative_topk_strict_gt,simWind_test.mat,78,simWind_test.mat#78,loso_supervised_raw_feature_logreg,learned_raw_feature_baseline,simMed_test.mat,simWind_test.mat
0.0003,0.9941126704216003,0.28,0.0002900276289478103,25,65511,19,19,26,loso_supervised_raw_feature_logreg_conservative_topk_strict_gt,simWind_test.mat,78,simWind_test.mat#78,loso_supervised_raw_feature_logreg,learned_raw_feature_baseline,simMed_test.mat,simWind_test.mat
0.001,0.9893577694892883,0.28,0.0009921997832425089,25,65511,65,65,72,loso_supervised_raw_feature_logreg_conservative_topk_strict_gt,simWind_test.mat,78,simWind_test.mat#78,loso_supervised_raw_feature_logreg,learned_raw_feature_baseline,simMed_test.mat,simWind_test.mat
0.003,0.9758939743041992,0.4,0.0029918639617774116,25,65511,196,196,206,loso_supervised_raw_feature_logreg_conservative_topk_strict_gt,simWind_test.mat,78,simWind_test.mat#78,loso_supervised_raw_feature_logreg,learned_raw_feature_baseline,simMed_test.mat,simWind_test.mat
0.01,0.9246122241020203,0.64,0.009998320892674512,25,65511,655,655,671,loso_supervised_raw_feature_logreg_conservative_topk_strict_gt,simWind_test.mat,78,simWind_test.mat#78,loso_supervised_raw_feature_logreg,learned_raw_feature_baseline,simMed_test.mat,simWind_test.mat
1e-05,0.9999984502792358,0.11538461538461539,0.0,26,65510,0,0,3,loso_supervised_raw_feature_logreg_conservative_topk_strict_gt,simWind_test.mat,79,simWind_test.mat#79,loso_supervised_raw_feature_logreg,learned_raw_feature_baseline,simMed_test.mat,simWind_test.mat
3e-05,0.9999974966049194,0.15384615384615385,1.5264845061822624e-05,26,65510,1,1,5,loso_supervised_raw_feature_logreg_conservative_topk_strict_gt,simWind_test.mat,79,simWind_test.mat#79,loso_supervised_raw_feature_logreg,learned_raw_feature_baseline,simMed_test.mat,simWind_test.mat
0.0001,0.9999841451644897,0.19230769230769232,9.158907037093573e-05,26,65510,6,6,11,loso_supervised_raw_feature_logreg_conservative_topk_strict_gt,simWind_test.mat,79,simWind_test.mat#79,loso_supervised_raw_feature_logreg,learned_raw_feature_baseline,simMed_test.mat,simWind_test.mat
0.0003,0.999497652053833,0.4230769230769231,0.00029003205617462985,26,65510,19,19,30,loso_supervised_raw_feature_logreg_conservative_topk_strict_gt,simWind_test.mat,79,simWind_test.mat#79,loso_supervised_raw_feature_logreg,learned_raw_feature_baseline,simMed_test.mat,simWind_test.mat
0.001,0.9929437041282654,0.6153846153846154,0.0009922149290184704,26,65510,65,65,81,loso_supervised_raw_feature_logreg_conservative_topk_strict_gt,simWind_test.mat,79,simWind_test.mat#79,loso_supervised_raw_feature_logreg,learned_raw_feature_baseline,simMed_test.mat,simWind_test.mat
0.003,0.9686083197593689,0.7307692307692307,0.002991909632117234,26,65510,196,196,215,loso_supervised_raw_feature_logreg_conservative_topk_strict_gt,simWind_test.mat,79,simWind_test.mat#79,loso_supervised_raw_feature_logreg,learned_raw_feature_baseline,simMed_test.mat,simWind_test.mat
0.01,0.795107901096344,0.8076923076923077,0.009998473515493819,26,65510,655,655,676,loso_supervised_raw_feature_logreg_conservative_topk_strict_gt,simWind_test.mat,79,simWind_test.mat#79,loso_supervised_raw_feature_logreg,learned_raw_feature_baseline,simMed_test.mat,simWind_test.mat
1e-05,0.9989321827888489,0.26666666666666666,0.0,15,65521,0,0,4,loso_supervised_raw_feature_logreg_conservative_topk_strict_gt,simWind_test.mat,80,simWind_test.mat#80,loso_supervised_raw_feature_logreg,learned_raw_feature_baseline,simMed_test.mat,simWind_test.mat
3e-05,0.9987736344337463,0.3333333333333333,1.5262282321698386e-05,15,65521,1,1,6,loso_supervised_raw_feature_logreg_conservative_topk_strict_gt,simWind_test.mat,80,simWind_test.mat#80,loso_supervised_raw_feature_logreg,learned_raw_feature_baseline,simMed_test.mat,simWind_test.mat
0.0001,0.9985860586166382,0.3333333333333333,9.157369393019033e-05,15,65521,6,6,11,loso_supervised_raw_feature_logreg_conservative_topk_strict_gt,simWind_test.mat,80,simWind_test.mat#80,loso_supervised_raw_feature_logreg,learned_raw_feature_baseline,simMed_test.mat,simWind_test.mat
0.0003,0.9969798922538757,0.4,0.00028998336411226937,15,65521,19,19,25,loso_supervised_raw_feature_logreg_conservative_topk_strict_gt,simWind_test.mat,80,simWind_test.mat#80,loso_supervised_raw_feature_logreg,learned_raw_feature_baseline,simMed_test.mat,simWind_test.mat
0.001,0.9907339811325073,0.5333333333333333,0.000992048350910395,15,65521,65,65,73,loso_supervised_raw_feature_logreg_conservative_topk_strict_gt,simWind_test.mat,80,simWind_test.mat#80,loso_supervised_raw_feature_logreg,learned_raw_feature_baseline,simMed_test.mat,simWind_test.mat
0.003,0.9704148173332214,0.7333333333333333,0.0029914073350528836,15,65521,196,196,207,loso_supervised_raw_feature_logreg_conservative_topk_strict_gt,simWind_test.mat,80,simWind_test.mat#80,loso_supervised_raw_feature_logreg,learned_raw_feature_baseline,simMed_test.mat,simWind_test.mat
0.01,0.8779895305633545,0.8666666666666667,0.009996794920712444,15,65521,655,655,668,loso_supervised_raw_feature_logreg_conservative_topk_strict_gt,simWind_test.mat,80,simWind_test.mat#80,loso_supervised_raw_feature_logreg,learned_raw_feature_baseline,simMed_test.mat,simWind_test.mat
1e-05,0.9999997615814209,0.0967741935483871,0.0,31,65505,0,0,3,loso_supervised_raw_feature_logreg_conservative_topk_strict_gt,simWind_test.mat,82,simWind_test.mat#82,loso_supervised_raw_feature_logreg,learned_raw_feature_baseline,simMed_test.mat,simWind_test.mat
3e-05,0.9999996423721313,0.12903225806451613,1.5266010228226854e-05,31,65505,1,1,5,loso_supervised_raw_feature_logreg_conservative_topk_strict_gt,simWind_test.mat,82,simWind_test.mat#82,loso_supervised_raw_feature_logreg,learned_raw_feature_baseline,simMed_test.mat,simWind_test.mat
0.0001,0.9999985694885254,0.16129032258064516,9.159606136936111e-05,31,65505,6,6,11,loso_supervised_raw_feature_logreg_conservative_topk_strict_gt,simWind_test.mat,82,simWind_test.mat#82,loso_supervised_raw_feature_logreg,learned_raw_feature_baseline,simMed_test.mat,simWind_test.mat
0.0003,0.9999715089797974,0.5483870967741935,0.0002900541943363102,31,65505,19,19,36,loso_supervised_raw_feature_logreg_conservative_topk_strict_gt,simWind_test.mat,82,simWind_test.mat#82,loso_supervised_raw_feature_logreg,learned_raw_feature_baseline,simMed_test.mat,simWind_test.mat
0.001,0.997527539730072,0.7741935483870968,0.0009922906648347455,31,65505,65,65,89,loso_supervised_raw_feature_logreg_conservative_topk_strict_gt,simWind_test.mat,82,simWind_test.mat#82,loso_supervised_raw_feature_logreg,learned_raw_feature_baseline,simMed_test.mat,simWind_test.mat
0.003,0.9880848526954651,0.7741935483870968,0.002992138004732463,31,65505,196,196,220,loso_supervised_raw_feature_logreg_conservative_topk_strict_gt,simWind_test.mat,82,simWind_test.mat#82,loso_supervised_raw_feature_logreg,learned_raw_feature_baseline,simMed_test.mat,simWind_test.mat
0.01,0.9520358443260193,0.8387096774193549,0.009999236699488588,31,65505,655,655,681,loso_supervised_raw_feature_logreg_conservative_topk_strict_gt,simWind_test.mat,82,simWind_test.mat#82,loso_supervised_raw_feature_logreg,learned_raw_feature_baseline,simMed_test.mat,simWind_test.mat
1e-05,0.9999991655349731,0.075,0.0,40,65496,0,0,3,loso_supervised_raw_feature_logreg_conservative_topk_strict_gt,simWind_test.mat,84,simWind_test.mat#84,loso_supervised_raw_feature_logreg,learned_raw_feature_baseline,simMed_test.mat,simWind_test.mat
3e-05,0.9999978542327881,0.125,1.5268107976059605e-05,40,65496,1,1,6,loso_supervised_raw_feature_logreg_conservative_topk_strict_gt,simWind_test.mat,84,simWind_test.mat#84,loso_supervised_raw_feature_logreg,learned_raw_feature_baseline,simMed_test.mat,simWind_test.mat
0.0001,0.9999901056289673,0.25,9.160864785635764e-05,40,65496,6,6,16,loso_supervised_raw_feature_logreg_conservative_topk_strict_gt,simWind_test.mat,84,simWind_test.mat#84,loso_supervised_raw_feature_logreg,learned_raw_feature_baseline,simMed_test.mat,simWind_test.mat
0.0003,0.9999675750732422,0.375,0.00029009405154513255,40,65496,19,19,34,loso_supervised_raw_feature_logreg_conservative_topk_strict_gt,simWind_test.mat,84,simWind_test.mat#84,loso_supervised_raw_feature_logreg,learned_raw_feature_baseline,simMed_test.mat,simWind_test.mat
0.001,0.9988387227058411,0.775,0.0009924270184438744,40,65496,65,65,96,loso_supervised_raw_feature_logreg_conservative_topk_strict_gt,simWind_test.mat,84,simWind_test.mat#84,loso_supervised_raw_feature_logreg,learned_raw_feature_baseline,simMed_test.mat,simWind_test.mat
0.003,0.9849920272827148,0.85,0.002992549163307683,40,65496,196,196,230,loso_supervised_raw_feature_logreg_conservative_topk_strict_gt,simWind_test.mat,84,simWind_test.mat#84,loso_supervised_raw_feature_logreg,learned_raw_feature_baseline,simMed_test.mat,simWind_test.mat
0.01,0.9261547923088074,0.9,0.009985342616342983,40,65496,654,654,690,loso_supervised_raw_feature_logreg_conservative_topk_strict_gt,simWind_test.mat,84,simWind_test.mat#84,loso_supervised_raw_feature_logreg,learned_raw_feature_baseline,simMed_test.mat,simWind_test.mat
1e-05,0.9999985694885254,0.12903225806451613,0.0,31,65505,0,0,4,loso_supervised_raw_feature_logreg_conservative_topk_strict_gt,simWind_test.mat,85,simWind_test.mat#85,loso_supervised_raw_feature_logreg,learned_raw_feature_baseline,simMed_test.mat,simWind_test.mat
3e-05,0.9999983310699463,0.16129032258064516,1.5266010228226854e-05,31,65505,1,1,6,loso_supervised_raw_feature_logreg_conservative_topk_strict_gt,simWind_test.mat,85,simWind_test.mat#85,loso_supervised_raw_feature_logreg,learned_raw_feature_baseline,simMed_test.mat,simWind_test.mat
0.0001,0.9999967813491821,0.1935483870967742,9.159606136936111e-05,31,65505,6,6,12,loso_supervised_raw_feature_logreg_conservative_topk_strict_gt,simWind_test.mat,85,simWind_test.mat#85,loso_supervised_raw_feature_logreg,learned_raw_feature_baseline,simMed_test.mat,simWind_test.mat
0.0003,0.9999344348907471,0.5161290322580645,0.0002900541943363102,31,65505,19,19,35,loso_supervised_raw_feature_logreg_conservative_topk_strict_gt,simWind_test.mat,85,simWind_test.mat#85,loso_supervised_raw_feature_logreg,learned_raw_feature_baseline,simMed_test.mat,simWind_test.mat
0.001,0.9967558979988098,0.8709677419354839,0.0009922906648347455,31,65505,65,65,92,loso_supervised_raw_feature_logreg_conservative_topk_strict_gt,simWind_test.mat,85,simWind_test.mat#85,loso_supervised_raw_feature_logreg,learned_raw_feature_baseline,simMed_test.mat,simWind_test.mat
0.003,0.9816977381706238,0.9354838709677419,0.002992138004732463,31,65505,196,196,225,loso_supervised_raw_feature_logreg_conservative_topk_strict_gt,simWind_test.mat,85,simWind_test.mat#85,loso_supervised_raw_feature_logreg,learned_raw_feature_baseline,simMed_test.mat,simWind_test.mat
0.01,0.9274827837944031,0.9354838709677419,0.009999236699488588,31,65505,655,655,684,loso_supervised_raw_feature_logreg_conservative_topk_strict_gt,simWind_test.mat,85,simWind_test.mat#85,loso_supervised_raw_feature_logreg,learned_raw_feature_baseline,simMed_test.mat,simWind_test.mat
1e-05,0.9999994039535522,0.022727272727272728,0.0,44,65492,0,0,1,loso_supervised_raw_feature_logreg_conservative_topk_strict_gt,simWind_test.mat,86,simWind_test.mat#86,loso_supervised_raw_feature_logreg,learned_raw_feature_baseline,simMed_test.mat,simWind_test.mat
3e-05,0.9999990463256836,0.06818181818181818,1.526904049349539e-05,44,65492,1,1,4,loso_supervised_raw_feature_logreg_conservative_topk_strict_gt,simWind_test.mat,86,simWind_test.mat#86,loso_supervised_raw_feature_logreg,learned_raw_feature_baseline,simMed_test.mat,simWind_test.mat
0.0001,0.9999890327453613,0.25,9.161424296097234e-05,44,65492,6,6,17,loso_supervised_raw_feature_logreg_conservative_topk_strict_gt,simWind_test.mat,86,simWind_test.mat#86,loso_supervised_raw_feature_logreg,learned_raw_feature_baseline,simMed_test.mat,simWind_test.mat
0.0003,0.9999133348464966,0.45454545454545453,0.00029011176937641237,44,65492,19,19,39,loso_supervised_raw_feature_logreg_conservative_topk_strict_gt,simWind_test.mat,86,simWind_test.mat#86,loso_supervised_raw_feature_logreg,learned_raw_feature_baseline,simMed_test.mat,simWind_test.mat
0.001,0.9979442954063416,0.6818181818181818,0.0009924876320772003,44,65492,65,65,95,loso_supervised_raw_feature_logreg_conservative_topk_strict_gt,simWind_test.mat,86,simWind_test.mat#86,loso_supervised_raw_feature_logreg,learned_raw_feature_baseline,simMed_test.mat,simWind_test.mat
0.003,0.9836100339889526,0.8863636363636364,0.002992731936725096,44,65492,196,196,235,loso_supervised_raw_feature_logreg_conservative_topk_strict_gt,simWind_test.mat,86,simWind_test.mat#86,loso_supervised_raw_feature_logreg,learned_raw_feature_baseline,simMed_test.mat,simWind_test.mat
0.01,0.9342295527458191,0.9090909090909091,0.009985952482745985,44,65492,654,654,694,loso_supervised_raw_feature_logreg_conservative_topk_strict_gt,simWind_test.mat,86,simWind_test.mat#86,loso_supervised_raw_feature_logreg,learned_raw_feature_baseline,simMed_test.mat,simWind_test.mat
1e-05,0.9999784231185913,0.02127659574468085,0.0,47,65489,0,0,1,loso_supervised_raw_feature_logreg_conservative_topk_strict_gt,simWind_test.mat,87,simWind_test.mat#87,loso_supervised_raw_feature_logreg,learned_raw_feature_baseline,simMed_test.mat,simWind_test.mat
3e-05,0.9999186992645264,0.06382978723404255,1.5269739956328543e-05,47,65489,1,1,4,loso_supervised_raw_feature_logreg_conservative_topk_strict_gt,simWind_test.mat,87,simWind_test.mat#87,loso_supervised_raw_feature_logreg,learned_raw_feature_baseline,simMed_test.mat,simWind_test.mat
0.0001,0.9997759461402893,0.1276595744680851,9.161843973797126e-05,47,65489,6,6,12,loso_supervised_raw_feature_logreg_conservative_topk_strict_gt,simWind_test.mat,87,simWind_test.mat#87,loso_supervised_raw_feature_logreg,learned_raw_feature_baseline,simMed_test.mat,simWind_test.mat
0.0003,0.9983503818511963,0.3191489361702128,0.00029012505917024235,47,65489,19,19,34,loso_supervised_raw_feature_logreg_conservative_topk_strict_gt,simWind_test.mat,87,simWind_test.mat#87,loso_supervised_raw_feature_logreg,learned_raw_feature_baseline,simMed_test.mat,simWind_test.mat
0.001,0.9893331527709961,0.5319148936170213,0.0009925330971613554,47,65489,65,65,90,loso_supervised_raw_feature_logreg_conservative_topk_strict_gt,simWind_test.mat,87,simWind_test.mat#87,loso_supervised_raw_feature_logreg,learned_raw_feature_baseline,simMed_test.mat,simWind_test.mat
0.003,0.9728326797485352,0.6595744680851063,0.0029928690314403946,47,65489,196,196,227,loso_supervised_raw_feature_logreg_conservative_topk_strict_gt,simWind_test.mat,87,simWind_test.mat#87,loso_supervised_raw_feature_logreg,learned_raw_feature_baseline,simMed_test.mat,simWind_test.mat
0.01,0.9106363654136658,0.7872340425531915,0.009986409931438867,47,65489,654,654,691,loso_supervised_raw_feature_logreg_conservative_topk_strict_gt,simWind_test.mat,87,simWind_test.mat#87,loso_supervised_raw_feature_logreg,learned_raw_feature_baseline,simMed_test.mat,simWind_test.mat
1e-05,0.9986304044723511,0.09302325581395349,0.0,43,65493,0,0,4,loso_supervised_raw_feature_logreg_conservative_topk_strict_gt,simWind_test.mat,88,simWind_test.mat#88,loso_supervised_raw_feature_logreg,learned_raw_feature_baseline,simMed_test.mat,simWind_test.mat
3e-05,0.9981753826141357,0.11627906976744186,1.526880735345762e-05,43,65493,1,1,6,loso_supervised_raw_feature_logreg_conservative_topk_strict_gt,simWind_test.mat,88,simWind_test.mat#88,loso_supervised_raw_feature_logreg,learned_raw_feature_baseline,simMed_test.mat,simWind_test.mat
0.0001,0.9973268508911133,0.13953488372093023,9.161284412074573e-05,43,65493,6,6,12,loso_supervised_raw_feature_logreg_conservative_topk_strict_gt,simWind_test.mat,88,simWind_test.mat#88,loso_supervised_raw_feature_logreg,learned_raw_feature_baseline,simMed_test.mat,simWind_test.mat
0.0003,0.9935153722763062,0.27906976744186046,0.0002901073397156948,43,65493,19,19,31,loso_supervised_raw_feature_logreg_conservative_topk_strict_gt,simWind_test.mat,88,simWind_test.mat#88,loso_supervised_raw_feature_logreg,learned_raw_feature_baseline,simMed_test.mat,simWind_test.mat
0.001,0.9876495003700256,0.4186046511627907,0.0009924724779747454,43,65493,65,65,83,loso_supervised_raw_feature_logreg_conservative_topk_strict_gt,simWind_test.mat,88,simWind_test.mat#88,loso_supervised_raw_feature_logreg,learned_raw_feature_baseline,simMed_test.mat,simWind_test.mat
0.003,0.9743248820304871,0.4418604651162791,0.0029926862412776936,43,65493,196,196,215,loso_supervised_raw_feature_logreg_conservative_topk_strict_gt,simWind_test.mat,88,simWind_test.mat#88,loso_supervised_raw_feature_logreg,learned_raw_feature_baseline,simMed_test.mat,simWind_test.mat
0.01,0.9299401640892029,0.5813953488372093,0.009985800009161284,43,65493,654,654,679,loso_supervised_raw_feature_logreg_conservative_topk_strict_gt,simWind_test.mat,88,simWind_test.mat#88,loso_supervised_raw_feature_logreg,learned_raw_feature_baseline,simMed_test.mat,simWind_test.mat
1e-05,0.9999994039535522,0.06,0.0,50,65486,0,0,3,loso_supervised_raw_feature_logreg_conservative_topk_strict_gt,simWind_test.mat,89,simWind_test.mat#89,loso_supervised_raw_feature_logreg,learned_raw_feature_baseline,simMed_test.mat,simWind_test.mat
3e-05,0.9999988079071045,0.08,1.5270439483248328e-05,50,65486,1,1,5,loso_supervised_raw_feature_logreg_conservative_topk_strict_gt,simWind_test.mat,89,simWind_test.mat#89,loso_supervised_raw_feature_logreg,learned_raw_feature_baseline,simMed_test.mat,simWind_test.mat
0.0001,0.9999914169311523,0.12,9.162263689948997e-05,50,65486,6,6,12,loso_supervised_raw_feature_logreg_conservative_topk_strict_gt,simWind_test.mat,89,simWind_test.mat#89,loso_supervised_raw_feature_logreg,learned_raw_feature_baseline,simMed_test.mat,simWind_test.mat
0.0003,0.9999244213104248,0.36,0.0002901383501817182,50,65486,19,19,37,loso_supervised_raw_feature_logreg_conservative_topk_strict_gt,simWind_test.mat,89,simWind_test.mat#89,loso_supervised_raw_feature_logreg,learned_raw_feature_baseline,simMed_test.mat,simWind_test.mat
0.001,0.996977686882019,0.64,0.0009925785664111413,50,65486,65,65,97,loso_supervised_raw_feature_logreg_conservative_topk_strict_gt,simWind_test.mat,89,simWind_test.mat#89,loso_supervised_raw_feature_logreg,learned_raw_feature_baseline,simMed_test.mat,simWind_test.mat
0.003,0.9741986393928528,0.74,0.002993006138716672,50,65486,196,196,233,loso_supervised_raw_feature_logreg_conservative_topk_strict_gt,simWind_test.mat,89,simWind_test.mat#89,loso_supervised_raw_feature_logreg,learned_raw_feature_baseline,simMed_test.mat,simWind_test.mat
0.01,0.9173005223274231,0.78,0.009986867422044406,50,65486,654,654,693,loso_supervised_raw_feature_logreg_conservative_topk_strict_gt,simWind_test.mat,89,simWind_test.mat#89,loso_supervised_raw_feature_logreg,learned_raw_feature_baseline,simMed_test.mat,simWind_test.mat
1e-05,0.9999986886978149,0.2,0.0,15,65521,0,0,3,loso_supervised_raw_feature_logreg_conservative_topk_strict_gt,simWind_test.mat,90,simWind_test.mat#90,loso_supervised_raw_feature_logreg,learned_raw_feature_baseline,simMed_test.mat,simWind_test.mat
3e-05,0.9999974966049194,0.2,1.5262282321698386e-05,15,65521,1,1,4,loso_supervised_raw_feature_logreg_conservative_topk_strict_gt,simWind_test.mat,90,simWind_test.mat#90,loso_supervised_raw_feature_logreg,learned_raw_feature_baseline,simMed_test.mat,simWind_test.mat
0.0001,0.9999127388000488,0.4,9.157369393019033e-05,15,65521,6,6,12,loso_supervised_raw_feature_logreg_conservative_topk_strict_gt,simWind_test.mat,90,simWind_test.mat#90,loso_supervised_raw_feature_logreg,learned_raw_feature_baseline,simMed_test.mat,simWind_test.mat
0.0003,0.9992433786392212,0.5333333333333333,0.00028998336411226937,15,65521,19,19,27,loso_supervised_raw_feature_logreg_conservative_topk_strict_gt,simWind_test.mat,90,simWind_test.mat#90,loso_supervised_raw_feature_logreg,learned_raw_feature_baseline,simMed_test.mat,simWind_test.mat
0.001,0.9949466586112976,0.6,0.000992048350910395,15,65521,65,65,74,loso_supervised_raw_feature_logreg_conservative_topk_strict_gt,simWind_test.mat,90,simWind_test.mat#90,loso_supervised_raw_feature_logreg,learned_raw_feature_baseline,simMed_test.mat,simWind_test.mat
0.003,0.9786444902420044,0.6666666666666666,0.0029914073350528836,15,65521,196,196,206,loso_supervised_raw_feature_logreg_conservative_topk_strict_gt,simWind_test.mat,90,simWind_test.mat#90,loso_supervised_raw_feature_logreg,learned_raw_feature_baseline,simMed_test.mat,simWind_test.mat
0.01,0.8127280473709106,0.7333333333333333,0.009996794920712444,15,65521,655,655,666,loso_supervised_raw_feature_logreg_conservative_topk_strict_gt,simWind_test.mat,90,simWind_test.mat#90,loso_supervised_raw_feature_logreg,learned_raw_feature_baseline,simMed_test.mat,simWind_test.mat
1e-05,0.9997795224189758,0.06521739130434782,0.0,46,65490,0,0,3,loso_supervised_raw_feature_logreg_conservative_topk_strict_gt,simWind_test.mat,91,simWind_test.mat#91,loso_supervised_raw_feature_logreg,learned_raw_feature_baseline,simMed_test.mat,simWind_test.mat
3e-05,0.9996579885482788,0.06521739130434782,1.5269506794930524e-05,46,65490,1,1,4,loso_supervised_raw_feature_logreg_conservative_topk_strict_gt,simWind_test.mat,91,simWind_test.mat#91,loso_supervised_raw_feature_logreg,learned_raw_feature_baseline,simMed_test.mat,simWind_test.mat
0.0001,0.9987918734550476,0.21739130434782608,9.161704076958314e-05,46,65490,6,6,16,loso_supervised_raw_feature_logreg_conservative_topk_strict_gt,simWind_test.mat,91,simWind_test.mat#91,loso_supervised_raw_feature_logreg,learned_raw_feature_baseline,simMed_test.mat,simWind_test.mat
0.0003,0.9944703578948975,0.41304347826086957,0.00029012062910367995,46,65490,19,19,38,loso_supervised_raw_feature_logreg_conservative_topk_strict_gt,simWind_test.mat,91,simWind_test.mat#91,loso_supervised_raw_feature_logreg,learned_raw_feature_baseline,simMed_test.mat,simWind_test.mat
0.001,0.9868625402450562,0.45652173913043476,0.000992517941670484,46,65490,65,65,86,loso_supervised_raw_feature_logreg_conservative_topk_strict_gt,simWind_test.mat,91,simWind_test.mat#91,loso_supervised_raw_feature_logreg,learned_raw_feature_baseline,simMed_test.mat,simWind_test.mat
0.003,0.9687187075614929,0.6086956521739131,0.0029928233318063826,46,65490,196,196,224,loso_supervised_raw_feature_logreg_conservative_topk_strict_gt,simWind_test.mat,91,simWind_test.mat#91,loso_supervised_raw_feature_logreg,learned_raw_feature_baseline,simMed_test.mat,simWind_test.mat
0.01,0.9087144136428833,0.6739130434782609,0.009986257443884563,46,65490,654,654,685,loso_supervised_raw_feature_logreg_conservative_topk_strict_gt,simWind_test.mat,91,simWind_test.mat#91,loso_supervised_raw_feature_logreg,learned_raw_feature_baseline,simMed_test.mat,simWind_test.mat
1e-05,0.9999992847442627,0.09836065573770492,0.0,61,65475,0,0,6,loso_supervised_raw_feature_logreg_conservative_topk_strict_gt,simWind_test.mat,92,simWind_test.mat#92,loso_supervised_raw_feature_logreg,learned_raw_feature_baseline,simMed_test.mat,simWind_test.mat
3e-05,0.9999990463256836,0.11475409836065574,1.527300496372661e-05,61,65475,1,1,8,loso_supervised_raw_feature_logreg_conservative_topk_strict_gt,simWind_test.mat,92,simWind_test.mat#92,loso_supervised_raw_feature_logreg,learned_raw_feature_baseline,simMed_test.mat,simWind_test.mat
0.0001,0.999997615814209,0.19672131147540983,9.163802978235968e-05,61,65475,6,6,18,loso_supervised_raw_feature_logreg_conservative_topk_strict_gt,simWind_test.mat,92,simWind_test.mat#92,loso_supervised_raw_feature_logreg,learned_raw_feature_baseline,simMed_test.mat,simWind_test.mat
0.0003,0.9999892711639404,0.29508196721311475,0.00029018709431080566,61,65475,19,19,37,loso_supervised_raw_feature_logreg_conservative_topk_strict_gt,simWind_test.mat,92,simWind_test.mat#92,loso_supervised_raw_feature_logreg,learned_raw_feature_baseline,simMed_test.mat,simWind_test.mat
0.001,0.9994621872901917,0.5901639344262295,0.00099274532264223,61,65475,65,65,101,loso_supervised_raw_feature_logreg_conservative_topk_strict_gt,simWind_test.mat,92,simWind_test.mat#92,loso_supervised_raw_feature_logreg,learned_raw_feature_baseline,simMed_test.mat,simWind_test.mat
0.003,0.9887505173683167,0.7704918032786885,0.002993508972890416,61,65475,196,196,243,loso_supervised_raw_feature_logreg_conservative_topk_strict_gt,simWind_test.mat,92,simWind_test.mat#92,loso_supervised_raw_feature_logreg,learned_raw_feature_baseline,simMed_test.mat,simWind_test.mat
0.01,0.9521587491035461,0.8852459016393442,0.009988545246277205,61,65475,654,654,708,loso_supervised_raw_feature_logreg_conservative_topk_strict_gt,simWind_test.mat,92,simWind_test.mat#92,loso_supervised_raw_feature_logreg,learned_raw_feature_baseline,simMed_test.mat,simWind_test.mat
1e-05,0.9986622333526611,0.1111111111111111,0.0,63,65473,0,0,7,loso_supervised_raw_feature_logreg_conservative_topk_strict_gt,simWind_test.mat,93,simWind_test.mat#93,loso_supervised_raw_feature_logreg,learned_raw_feature_baseline,simMed_test.mat,simWind_test.mat
3e-05,0.9986446499824524,0.1111111111111111,1.5273471507338904e-05,63,65473,1,1,8,loso_supervised_raw_feature_logreg_conservative_topk_strict_gt,simWind_test.mat,93,simWind_test.mat#93,loso_supervised_raw_feature_logreg,learned_raw_feature_baseline,simMed_test.mat,simWind_test.mat
0.0001,0.9979925155639648,0.15873015873015872,9.164082904403341e-05,63,65473,6,6,16,loso_supervised_raw_feature_logreg_conservative_topk_strict_gt,simWind_test.mat,93,simWind_test.mat#93,loso_supervised_raw_feature_logreg,learned_raw_feature_baseline,simMed_test.mat,simWind_test.mat
0.0003,0.9965560436248779,0.2857142857142857,0.00029019595863943913,63,65473,19,19,37,loso_supervised_raw_feature_logreg_conservative_topk_strict_gt,simWind_test.mat,93,simWind_test.mat#93,loso_supervised_raw_feature_logreg,learned_raw_feature_baseline,simMed_test.mat,simWind_test.mat
0.001,0.9883195161819458,0.36507936507936506,0.0009927756479770288,63,65473,65,65,88,loso_supervised_raw_feature_logreg_conservative_topk_strict_gt,simWind_test.mat,93,simWind_test.mat#93,loso_supervised_raw_feature_logreg,learned_raw_feature_baseline,simMed_test.mat,simWind_test.mat
0.003,0.9698347449302673,0.5238095238095238,0.002993600415438425,63,65473,196,196,229,loso_supervised_raw_feature_logreg_conservative_topk_strict_gt,simWind_test.mat,93,simWind_test.mat#93,loso_supervised_raw_feature_logreg,learned_raw_feature_baseline,simMed_test.mat,simWind_test.mat
0.01,0.9100284576416016,0.6825396825396826,0.009988850365799643,63,65473,654,654,697,loso_supervised_raw_feature_logreg_conservative_topk_strict_gt,simWind_test.mat,93,simWind_test.mat#93,loso_supervised_raw_feature_logreg,learned_raw_feature_baseline,simMed_test.mat,simWind_test.mat
1e-05,0.9999998807907104,0.1,0.0,20,65516,0,0,2,loso_supervised_raw_feature_logreg_conservative_topk_strict_gt,simWind_test.mat,94,simWind_test.mat#94,loso_supervised_raw_feature_logreg,learned_raw_feature_baseline,simMed_test.mat,simWind_test.mat
3e-05,0.9999997615814209,0.2,1.5263447096892362e-05,20,65516,1,1,5,loso_supervised_raw_feature_logreg_conservative_topk_strict_gt,simWind_test.mat,94,simWind_test.mat#94,loso_supervised_raw_feature_logreg,learned_raw_feature_baseline,simMed_test.mat,simWind_test.mat
0.0001,0.9999988079071045,0.25,9.158068258135418e-05,20,65516,6,6,11,loso_supervised_raw_feature_logreg_conservative_topk_strict_gt,simWind_test.mat,94,simWind_test.mat#94,loso_supervised_raw_feature_logreg,learned_raw_feature_baseline,simMed_test.mat,simWind_test.mat
0.0003,0.9999217987060547,0.65,0.00029000549484095486,20,65516,19,19,32,loso_supervised_raw_feature_logreg_conservative_topk_strict_gt,simWind_test.mat,94,simWind_test.mat#94,loso_supervised_raw_feature_logreg,learned_raw_feature_baseline,simMed_test.mat,simWind_test.mat
0.001,0.9956457018852234,0.7,0.0009921240612980036,20,65516,65,65,79,loso_supervised_raw_feature_logreg_conservative_topk_strict_gt,simWind_test.mat,94,simWind_test.mat#94,loso_supervised_raw_feature_logreg,learned_raw_feature_baseline,simMed_test.mat,simWind_test.mat
0.003,0.979568362236023,0.75,0.002991635630990903,20,65516,196,196,211,loso_supervised_raw_feature_logreg_conservative_topk_strict_gt,simWind_test.mat,94,simWind_test.mat#94,loso_supervised_raw_feature_logreg,learned_raw_feature_baseline,simMed_test.mat,simWind_test.mat
0.01,0.8754534125328064,0.85,0.009997557848464497,20,65516,655,655,672,loso_supervised_raw_feature_logreg_conservative_topk_strict_gt,simWind_test.mat,94,simWind_test.mat#94,loso_supervised_raw_feature_logreg,learned_raw_feature_baseline,simMed_test.mat,simWind_test.mat
1e-05,0.9999973773956299,0.17647058823529413,0.0,34,65502,0,0,6,loso_supervised_raw_feature_logreg_conservative_topk_strict_gt,simWind_test.mat,95,simWind_test.mat#95,loso_supervised_raw_feature_logreg,learned_raw_feature_baseline,simMed_test.mat,simWind_test.mat
3e-05,0.9999971389770508,0.17647058823529413,1.5266709413453023e-05,34,65502,1,1,7,loso_supervised_raw_feature_logreg_conservative_topk_strict_gt,simWind_test.mat,95,simWind_test.mat#95,loso_supervised_raw_feature_logreg,learned_raw_feature_baseline,simMed_test.mat,simWind_test.mat
0.0001,0.9999915361404419,0.29411764705882354,9.160025648071815e-05,34,65502,6,6,16,loso_supervised_raw_feature_logreg_conservative_topk_strict_gt,simWind_test.mat,95,simWind_test.mat#95,loso_supervised_raw_feature_logreg,learned_raw_feature_baseline,simMed_test.mat,simWind_test.mat
0.0003,0.9999014139175415,0.5,0.0002900674788556075,34,65502,19,19,36,loso_supervised_raw_feature_logreg_conservative_topk_strict_gt,simWind_test.mat,95,simWind_test.mat#95,loso_supervised_raw_feature_logreg,learned_raw_feature_baseline,simMed_test.mat,simWind_test.mat
0.001,0.9976547956466675,0.7647058823529411,0.0009923361118744467,34,65502,65,65,91,loso_supervised_raw_feature_logreg_conservative_topk_strict_gt,simWind_test.mat,95,simWind_test.mat#95,loso_supervised_raw_feature_logreg,learned_raw_feature_baseline,simMed_test.mat,simWind_test.mat
0.003,0.9898459911346436,0.8529411764705882,0.002992275045036793,34,65502,196,196,225,loso_supervised_raw_feature_logreg_conservative_topk_strict_gt,simWind_test.mat,95,simWind_test.mat#95,loso_supervised_raw_feature_logreg,learned_raw_feature_baseline,simMed_test.mat,simWind_test.mat
0.01,0.9585829377174377,0.8823529411764706,0.00999969466581173,34,65502,655,655,685,loso_supervised_raw_feature_logreg_conservative_topk_strict_gt,simWind_test.mat,95,simWind_test.mat#95,loso_supervised_raw_feature_logreg,learned_raw_feature_baseline,simMed_test.mat,simWind_test.mat
1e-05,0.9998527765274048,0.08333333333333333,0.0,60,65476,0,0,5,loso_supervised_raw_feature_logreg_conservative_topk_strict_gt,simWind_test.mat,97,simWind_test.mat#97,loso_supervised_raw_feature_logreg,learned_raw_feature_baseline,simMed_test.mat,simWind_test.mat
3e-05,0.9998032450675964,0.11666666666666667,1.527277170260859e-05,60,65476,1,1,8,loso_supervised_raw_feature_logreg_conservative_topk_strict_gt,simWind_test.mat,97,simWind_test.mat#97,loso_supervised_raw_feature_logreg,learned_raw_feature_baseline,simMed_test.mat,simWind_test.mat
0.0001,0.999561607837677,0.21666666666666667,9.163663021565153e-05,60,65476,6,6,19,loso_supervised_raw_feature_logreg_conservative_topk_strict_gt,simWind_test.mat,97,simWind_test.mat#97,loso_supervised_raw_feature_logreg,learned_raw_feature_baseline,simMed_test.mat,simWind_test.mat
0.0003,0.9986050724983215,0.2833333333333333,0.0002901826623495632,60,65476,19,19,36,loso_supervised_raw_feature_logreg_conservative_topk_strict_gt,simWind_test.mat,97,simWind_test.mat#97,loso_supervised_raw_feature_logreg,learned_raw_feature_baseline,simMed_test.mat,simWind_test.mat
0.001,0.9938595294952393,0.4666666666666667,0.0009927301606695582,60,65476,65,65,93,loso_supervised_raw_feature_logreg_conservative_topk_strict_gt,simWind_test.mat,97,simWind_test.mat#97,loso_supervised_raw_feature_logreg,learned_raw_feature_baseline,simMed_test.mat,simWind_test.mat
0.003,0.9821212291717529,0.6166666666666667,0.0029934632537112833,60,65476,196,196,233,loso_supervised_raw_feature_logreg_conservative_topk_strict_gt,simWind_test.mat,97,simWind_test.mat#97,loso_supervised_raw_feature_logreg,learned_raw_feature_baseline,simMed_test.mat,simWind_test.mat
0.01,0.9405295252799988,0.7833333333333333,0.009988392693506017,60,65476,654,654,701,loso_supervised_raw_feature_logreg_conservative_topk_strict_gt,simWind_test.mat,97,simWind_test.mat#97,loso_supervised_raw_feature_logreg,learned_raw_feature_baseline,simMed_test.mat,simWind_test.mat
1e-05,0.9987826943397522,0.125,0.0,40,65496,0,0,5,loso_supervised_raw_feature_logreg_conservative_topk_strict_gt,simWind_test.mat,99,simWind_test.mat#99,loso_supervised_raw_feature_logreg,learned_raw_feature_baseline,simMed_test.mat,simWind_test.mat
3e-05,0.998043417930603,0.15,1.5268107976059605e-05,40,65496,1,1,7,loso_supervised_raw_feature_logreg_conservative_topk_strict_gt,simWind_test.mat,99,simWind_test.mat#99,loso_supervised_raw_feature_logreg,learned_raw_feature_baseline,simMed_test.mat,simWind_test.mat
0.0001,0.9964080452919006,0.15,9.160864785635764e-05,40,65496,6,6,12,loso_supervised_raw_feature_logreg_conservative_topk_strict_gt,simWind_test.mat,99,simWind_test.mat#99,loso_supervised_raw_feature_logreg,learned_raw_feature_baseline,simMed_test.mat,simWind_test.mat
0.0003,0.9931195974349976,0.2,0.00029009405154513255,40,65496,19,19,27,loso_supervised_raw_feature_logreg_conservative_topk_strict_gt,simWind_test.mat,99,simWind_test.mat#99,loso_supervised_raw_feature_logreg,learned_raw_feature_baseline,simMed_test.mat,simWind_test.mat
0.001,0.9874114394187927,0.3,0.0009924270184438744,40,65496,65,65,77,loso_supervised_raw_feature_logreg_conservative_topk_strict_gt,simWind_test.mat,99,simWind_test.mat#99,loso_supervised_raw_feature_logreg,learned_raw_feature_baseline,simMed_test.mat,simWind_test.mat
0.003,0.9759728908538818,0.375,0.002992549163307683,40,65496,196,196,211,loso_supervised_raw_feature_logreg_conservative_topk_strict_gt,simWind_test.mat,99,simWind_test.mat#99,loso_supervised_raw_feature_logreg,learned_raw_feature_baseline,simMed_test.mat,simWind_test.mat
0.01,0.9275486469268799,0.5,0.009985342616342983,40,65496,654,654,674,loso_supervised_raw_feature_logreg_conservative_topk_strict_gt,simWind_test.mat,99,simWind_test.mat#99,loso_supervised_raw_feature_logreg,learned_raw_feature_baseline,simMed_test.mat,simWind_test.mat
1e-05,0.9999992847442627,0.1320754716981132,0.0,53,65483,0,0,7,loso_supervised_raw_feature_logreg_conservative_topk_strict_gt,simWind_test.mat,100,simWind_test.mat#100,loso_supervised_raw_feature_logreg,learned_raw_feature_baseline,simMed_test.mat,simWind_test.mat
3e-05,0.999998927116394,0.1320754716981132,1.527113907426355e-05,53,65483,1,1,8,loso_supervised_raw_feature_logreg_conservative_topk_strict_gt,simWind_test.mat,100,simWind_test.mat#100,loso_supervised_raw_feature_logreg,learned_raw_feature_baseline,simMed_test.mat,simWind_test.mat
0.0001,0.9999983310699463,0.1509433962264151,9.16268344455813e-05,53,65483,6,6,14,loso_supervised_raw_feature_logreg_conservative_topk_strict_gt,simWind_test.mat,100,simWind_test.mat#100,loso_supervised_raw_feature_logreg,learned_raw_feature_baseline,simMed_test.mat,simWind_test.mat
0.0003,0.9999886751174927,0.24528301886792453,0.0002901516424110074,53,65483,19,19,32,loso_supervised_raw_feature_logreg_conservative_topk_strict_gt,simWind_test.mat,100,simWind_test.mat#100,loso_supervised_raw_feature_logreg,learned_raw_feature_baseline,simMed_test.mat,simWind_test.mat
0.001,0.9987062215805054,0.6226415094339622,0.0009926240398271306,53,65483,65,65,98,loso_supervised_raw_feature_logreg_conservative_topk_strict_gt,simWind_test.mat,100,simWind_test.mat#100,loso_supervised_raw_feature_logreg,learned_raw_feature_baseline,simMed_test.mat,simWind_test.mat
0.003,0.9844487905502319,0.7547169811320755,0.002993143258555656,53,65483,196,196,236,loso_supervised_raw_feature_logreg_conservative_topk_strict_gt,simWind_test.mat,100,simWind_test.mat#100,loso_supervised_raw_feature_logreg,learned_raw_feature_baseline,simMed_test.mat,simWind_test.mat
0.01,0.9431957006454468,0.8490566037735849,0.00998732495456836,53,65483,654,654,699,loso_supervised_raw_feature_logreg_conservative_topk_strict_gt,simWind_test.mat,100,simWind_test.mat#100,loso_supervised_raw_feature_logreg,learned_raw_feature_baseline,simMed_test.mat,simWind_test.mat
1e-05,0.9995952248573303,0.11764705882352941,0.0,51,65485,0,0,6,loso_supervised_raw_feature_logreg_conservative_topk_strict_gt,simWind_test.mat,101,simWind_test.mat#101,loso_supervised_raw_feature_logreg,learned_raw_feature_baseline,simMed_test.mat,simWind_test.mat
3e-05,0.9994542002677917,0.13725490196078433,1.527067267313125e-05,51,65485,1,1,8,loso_supervised_raw_feature_logreg_conservative_topk_strict_gt,simWind_test.mat,101,simWind_test.mat#101,loso_supervised_raw_feature_logreg,learned_raw_feature_baseline,simMed_test.mat,simWind_test.mat
0.0001,0.9988872408866882,0.29411764705882354,9.16240360387875e-05,51,65485,6,6,21,loso_supervised_raw_feature_logreg_conservative_topk_strict_gt,simWind_test.mat,101,simWind_test.mat#101,loso_supervised_raw_feature_logreg,learned_raw_feature_baseline,simMed_test.mat,simWind_test.mat
0.0003,0.9976811408996582,0.4117647058823529,0.0002901427807894938,51,65485,19,19,40,loso_supervised_raw_feature_logreg_conservative_topk_strict_gt,simWind_test.mat,101,simWind_test.mat#101,loso_supervised_raw_feature_logreg,learned_raw_feature_baseline,simMed_test.mat,simWind_test.mat
0.001,0.9883201122283936,0.6862745098039216,0.0009925937237535314,51,65485,65,65,100,loso_supervised_raw_feature_logreg_conservative_topk_strict_gt,simWind_test.mat,101,simWind_test.mat#101,loso_supervised_raw_feature_logreg,learned_raw_feature_baseline,simMed_test.mat,simWind_test.mat
0.003,0.97124183177948,0.7647058823529411,0.0029930518439337255,51,65485,196,196,235,loso_supervised_raw_feature_logreg_conservative_topk_strict_gt,simWind_test.mat,101,simWind_test.mat#101,loso_supervised_raw_feature_logreg,learned_raw_feature_baseline,simMed_test.mat,simWind_test.mat
0.01,0.9166402816772461,0.8627450980392157,0.009987019928227838,51,65485,654,654,698,loso_supervised_raw_feature_logreg_conservative_topk_strict_gt,simWind_test.mat,101,simWind_test.mat#101,loso_supervised_raw_feature_logreg,learned_raw_feature_baseline,simMed_test.mat,simWind_test.mat
1e-05,0.9995654225349426,0.1282051282051282,0.0,39,65497,0,0,5,loso_supervised_raw_feature_logreg_conservative_topk_strict_gt,simWind_test.mat,102,simWind_test.mat#102,loso_supervised_raw_feature_logreg,learned_raw_feature_baseline,simMed_test.mat,simWind_test.mat
3e-05,0.9995452761650085,0.1282051282051282,1.526787486449761e-05,39,65497,1,1,6,loso_supervised_raw_feature_logreg_conservative_topk_strict_gt,simWind_test.mat,102,simWind_test.mat#102,loso_supervised_raw_feature_logreg,learned_raw_feature_baseline,simMed_test.mat,simWind_test.mat
0.0001,0.9993196725845337,0.20512820512820512,9.160724918698567e-05,39,65497,6,6,14,loso_supervised_raw_feature_logreg_conservative_topk_strict_gt,simWind_test.mat,102,simWind_test.mat#102,loso_supervised_raw_feature_logreg,learned_raw_feature_baseline,simMed_test.mat,simWind_test.mat
0.0003,0.9964051246643066,0.41025641025641024,0.0002900896224254546,39,65497,19,19,35,loso_supervised_raw_feature_logreg_conservative_topk_strict_gt,simWind_test.mat,102,simWind_test.mat#102,loso_supervised_raw_feature_logreg,learned_raw_feature_baseline,simMed_test.mat,simWind_test.mat
0.001,0.9889177083969116,0.46153846153846156,0.0009924118661923447,39,65497,65,65,83,loso_supervised_raw_feature_logreg_conservative_topk_strict_gt,simWind_test.mat,102,simWind_test.mat#102,loso_supervised_raw_feature_logreg,learned_raw_feature_baseline,simMed_test.mat,simWind_test.mat
0.003,0.9768627882003784,0.5641025641025641,0.0029925034734415317,39,65497,196,196,218,loso_supervised_raw_feature_logreg_conservative_topk_strict_gt,simWind_test.mat,102,simWind_test.mat#102,loso_supervised_raw_feature_logreg,learned_raw_feature_baseline,simMed_test.mat,simWind_test.mat
0.01,0.9303779006004333,0.717948717948718,0.009985190161381437,39,65497,654,654,682,loso_supervised_raw_feature_logreg_conservative_topk_strict_gt,simWind_test.mat,102,simWind_test.mat#102,loso_supervised_raw_feature_logreg,learned_raw_feature_baseline,simMed_test.mat,simWind_test.mat
1e-05,0.9999994039535522,0.04,0.0,25,65511,0,0,1,loso_supervised_raw_feature_logreg_conservative_topk_strict_gt,simWind_test.mat,104,simWind_test.mat#104,loso_supervised_raw_feature_logreg,learned_raw_feature_baseline,simMed_test.mat,simWind_test.mat
3e-05,0.9999954700469971,0.24,1.526461204988475e-05,25,65511,1,1,7,loso_supervised_raw_feature_logreg_conservative_topk_strict_gt,simWind_test.mat,104,simWind_test.mat#104,loso_supervised_raw_feature_logreg,learned_raw_feature_baseline,simMed_test.mat,simWind_test.mat
0.0001,0.9999887943267822,0.28,9.158767229930851e-05,25,65511,6,6,13,loso_supervised_raw_feature_logreg_conservative_topk_strict_gt,simWind_test.mat,104,simWind_test.mat#104,loso_supervised_raw_feature_logreg,learned_raw_feature_baseline,simMed_test.mat,simWind_test.mat
0.0003,0.9998679161071777,0.56,0.0002900276289478103,25,65511,19,19,33,loso_supervised_raw_feature_logreg_conservative_topk_strict_gt,simWind_test.mat,104,simWind_test.mat#104,loso_supervised_raw_feature_logreg,learned_raw_feature_baseline,simMed_test.mat,simWind_test.mat
0.001,0.9934385418891907,0.72,0.0009921997832425089,25,65511,65,65,83,loso_supervised_raw_feature_logreg_conservative_topk_strict_gt,simWind_test.mat,104,simWind_test.mat#104,loso_supervised_raw_feature_logreg,learned_raw_feature_baseline,simMed_test.mat,simWind_test.mat
0.003,0.975176990032196,0.8,0.0029918639617774116,25,65511,196,196,216,loso_supervised_raw_feature_logreg_conservative_topk_strict_gt,simWind_test.mat,104,simWind_test.mat#104,loso_supervised_raw_feature_logreg,learned_raw_feature_baseline,simMed_test.mat,simWind_test.mat
0.01,0.9104917049407959,0.88,0.009998320892674512,25,65511,655,655,677,loso_supervised_raw_feature_logreg_conservative_topk_strict_gt,simWind_test.mat,104,simWind_test.mat#104,loso_supervised_raw_feature_logreg,learned_raw_feature_baseline,simMed_test.mat,simWind_test.mat
1e-05,0.9999995231628418,0.07692307692307693,0.0,26,65510,0,0,2,loso_supervised_raw_feature_logreg_conservative_topk_strict_gt,simWind_test.mat,105,simWind_test.mat#105,loso_supervised_raw_feature_logreg,learned_raw_feature_baseline,simMed_test.mat,simWind_test.mat
3e-05,0.9999994039535522,0.07692307692307693,1.5264845061822624e-05,26,65510,1,1,3,loso_supervised_raw_feature_logreg_conservative_topk_strict_gt,simWind_test.mat,105,simWind_test.mat#105,loso_supervised_raw_feature_logreg,learned_raw_feature_baseline,simMed_test.mat,simWind_test.mat
0.0001,0.999983549118042,0.19230769230769232,9.158907037093573e-05,26,65510,6,6,11,loso_supervised_raw_feature_logreg_conservative_topk_strict_gt,simWind_test.mat,105,simWind_test.mat#105,loso_supervised_raw_feature_logreg,learned_raw_feature_baseline,simMed_test.mat,simWind_test.mat
0.0003,0.9997428059577942,0.4230769230769231,0.00029003205617462985,26,65510,19,19,30,loso_supervised_raw_feature_logreg_conservative_topk_strict_gt,simWind_test.mat,105,simWind_test.mat#105,loso_supervised_raw_feature_logreg,learned_raw_feature_baseline,simMed_test.mat,simWind_test.mat
0.001,0.9905346035957336,0.6923076923076923,0.0009922149290184704,26,65510,65,65,83,loso_supervised_raw_feature_logreg_conservative_topk_strict_gt,simWind_test.mat,105,simWind_test.mat#105,loso_supervised_raw_feature_logreg,learned_raw_feature_baseline,simMed_test.mat,simWind_test.mat
0.003,0.9725845456123352,0.7692307692307693,0.002991909632117234,26,65510,196,196,216,loso_supervised_raw_feature_logreg_conservative_topk_strict_gt,simWind_test.mat,105,simWind_test.mat#105,loso_supervised_raw_feature_logreg,learned_raw_feature_baseline,simMed_test.mat,simWind_test.mat
0.01,0.8959645628929138,0.8846153846153846,0.009998473515493819,26,65510,655,655,678,loso_supervised_raw_feature_logreg_conservative_topk_strict_gt,simWind_test.mat,105,simWind_test.mat#105,loso_supervised_raw_feature_logreg,learned_raw_feature_baseline,simMed_test.mat,simWind_test.mat
1e-05,0.9999922513961792,0.04081632653061224,0.0,49,65487,0,0,2,loso_supervised_raw_feature_logreg_conservative_topk_strict_gt,simWind_test.mat,107,simWind_test.mat#107,loso_supervised_raw_feature_logreg,learned_raw_feature_baseline,simMed_test.mat,simWind_test.mat
3e-05,0.9999908208847046,0.04081632653061224,1.5270206300487118e-05,49,65487,1,1,3,loso_supervised_raw_feature_logreg_conservative_topk_strict_gt,simWind_test.mat,107,simWind_test.mat#107,loso_supervised_raw_feature_logreg,learned_raw_feature_baseline,simMed_test.mat,simWind_test.mat
0.0001,0.9999415874481201,0.12244897959183673,9.162123780292272e-05,49,65487,6,6,12,loso_supervised_raw_feature_logreg_conservative_topk_strict_gt,simWind_test.mat,107,simWind_test.mat#107,loso_supervised_raw_feature_logreg,learned_raw_feature_baseline,simMed_test.mat,simWind_test.mat
0.0003,0.9997754693031311,0.2653061224489796,0.0002901339197092553,49,65487,19,19,32,loso_supervised_raw_feature_logreg_conservative_topk_strict_gt,simWind_test.mat,107,simWind_test.mat#107,loso_supervised_raw_feature_logreg,learned_raw_feature_baseline,simMed_test.mat,simWind_test.mat
0.001,0.9942600727081299,0.5918367346938775,0.0009925634095316628,49,65487,65,65,94,loso_supervised_raw_feature_logreg_conservative_topk_strict_gt,simWind_test.mat,107,simWind_test.mat#107,loso_supervised_raw_feature_logreg,learned_raw_feature_baseline,simMed_test.mat,simWind_test.mat
0.003,0.9818536639213562,0.673469387755102,0.0029929604348954753,49,65487,196,196,229,loso_supervised_raw_feature_logreg_conservative_topk_strict_gt,simWind_test.mat,107,simWind_test.mat#107,loso_supervised_raw_feature_logreg,learned_raw_feature_baseline,simMed_test.mat,simWind_test.mat
0.01,0.9316587448120117,0.7959183673469388,0.009986714920518577,49,65487,654,654,693,loso_supervised_raw_feature_logreg_conservative_topk_strict_gt,simWind_test.mat,107,simWind_test.mat#107,loso_supervised_raw_feature_logreg,learned_raw_feature_baseline,simMed_test.mat,simWind_test.mat
1e-05,0.9999289512634277,0.04,0.0,25,65511,0,0,1,loso_supervised_raw_feature_logreg_conservative_topk_strict_gt,simWind_test.mat,108,simWind_test.mat#108,loso_supervised_raw_feature_logreg,learned_raw_feature_baseline,simMed_test.mat,simWind_test.mat
3e-05,0.9993640780448914,0.16,1.526461204988475e-05,25,65511,1,1,5,loso_supervised_raw_feature_logreg_conservative_topk_strict_gt,simWind_test.mat,108,simWind_test.mat#108,loso_supervised_raw_feature_logreg,learned_raw_feature_baseline,simMed_test.mat,simWind_test.mat
0.0001,0.9977700710296631,0.2,9.158767229930851e-05,25,65511,6,6,11,loso_supervised_raw_feature_logreg_conservative_topk_strict_gt,simWind_test.mat,108,simWind_test.mat#108,loso_supervised_raw_feature_logreg,learned_raw_feature_baseline,simMed_test.mat,simWind_test.mat
0.0003,0.9962610602378845,0.2,0.0002900276289478103,25,65511,19,19,24,loso_supervised_raw_feature_logreg_conservative_topk_strict_gt,simWind_test.mat,108,simWind_test.mat#108,loso_supervised_raw_feature_logreg,learned_raw_feature_baseline,simMed_test.mat,simWind_test.mat
0.001,0.9922027587890625,0.2,0.0009921997832425089,25,65511,65,65,70,loso_supervised_raw_feature_logreg_conservative_topk_strict_gt,simWind_test.mat,108,simWind_test.mat#108,loso_supervised_raw_feature_logreg,learned_raw_feature_baseline,simMed_test.mat,simWind_test.mat
0.003,0.9802974462509155,0.36,0.0029918639617774116,25,65511,196,196,205,loso_supervised_raw_feature_logreg_conservative_topk_strict_gt,simWind_test.mat,108,simWind_test.mat#108,loso_supervised_raw_feature_logreg,learned_raw_feature_baseline,simMed_test.mat,simWind_test.mat
0.01,0.937874436378479,0.64,0.009998320892674512,25,65511,655,655,671,loso_supervised_raw_feature_logreg_conservative_topk_strict_gt,simWind_test.mat,108,simWind_test.mat#108,loso_supervised_raw_feature_logreg,learned_raw_feature_baseline,simMed_test.mat,simWind_test.mat
1e-05,0.9999997615814209,0.031746031746031744,0.0,63,65473,0,0,2,loso_supervised_raw_feature_logreg_conservative_topk_strict_gt,simWind_test.mat,110,simWind_test.mat#110,loso_supervised_raw_feature_logreg,learned_raw_feature_baseline,simMed_test.mat,simWind_test.mat
3e-05,0.9999995231628418,0.1111111111111111,1.5273471507338904e-05,63,65473,1,1,8,loso_supervised_raw_feature_logreg_conservative_topk_strict_gt,simWind_test.mat,110,simWind_test.mat#110,loso_supervised_raw_feature_logreg,learned_raw_feature_baseline,simMed_test.mat,simWind_test.mat
0.0001,0.9999984502792358,0.2698412698412698,7.636735753669451e-05,63,65473,6,5,22,loso_supervised_raw_feature_logreg_conservative_topk_strict_gt,simWind_test.mat,110,simWind_test.mat#110,loso_supervised_raw_feature_logreg,learned_raw_feature_baseline,simMed_test.mat,simWind_test.mat
0.0003,0.999994158744812,0.3333333333333333,0.00029019595863943913,63,65473,19,19,40,loso_supervised_raw_feature_logreg_conservative_topk_strict_gt,simWind_test.mat,110,simWind_test.mat#110,loso_supervised_raw_feature_logreg,learned_raw_feature_baseline,simMed_test.mat,simWind_test.mat
0.001,0.999859094619751,0.5079365079365079,0.0009927756479770288,63,65473,65,65,97,loso_supervised_raw_feature_logreg_conservative_topk_strict_gt,simWind_test.mat,110,simWind_test.mat#110,loso_supervised_raw_feature_logreg,learned_raw_feature_baseline,simMed_test.mat,simWind_test.mat
0.003,0.9886252880096436,0.8253968253968254,0.002993600415438425,63,65473,196,196,248,loso_supervised_raw_feature_logreg_conservative_topk_strict_gt,simWind_test.mat,110,simWind_test.mat#110,loso_supervised_raw_feature_logreg,learned_raw_feature_baseline,simMed_test.mat,simWind_test.mat
0.01,0.9461638331413269,0.8571428571428571,0.009988850365799643,63,65473,654,654,708,loso_supervised_raw_feature_logreg_conservative_topk_strict_gt,simWind_test.mat,110,simWind_test.mat#110,loso_supervised_raw_feature_logreg,learned_raw_feature_baseline,simMed_test.mat,simWind_test.mat
1e-05,0.9988797307014465,0.046511627906976744,0.0,43,65493,0,0,2,loso_supervised_raw_feature_logreg_conservative_topk_strict_gt,simWind_test.mat,111,simWind_test.mat#111,loso_supervised_raw_feature_logreg,learned_raw_feature_baseline,simMed_test.mat,simWind_test.mat
3e-05,0.9986928105354309,0.046511627906976744,1.526880735345762e-05,43,65493,1,1,3,loso_supervised_raw_feature_logreg_conservative_topk_strict_gt,simWind_test.mat,111,simWind_test.mat#111,loso_supervised_raw_feature_logreg,learned_raw_feature_baseline,simMed_test.mat,simWind_test.mat
0.0001,0.9974042773246765,0.16279069767441862,9.161284412074573e-05,43,65493,6,6,13,loso_supervised_raw_feature_logreg_conservative_topk_strict_gt,simWind_test.mat,111,simWind_test.mat#111,loso_supervised_raw_feature_logreg,learned_raw_feature_baseline,simMed_test.mat,simWind_test.mat
0.0003,0.9965176582336426,0.18604651162790697,0.0002901073397156948,43,65493,19,19,27,loso_supervised_raw_feature_logreg_conservative_topk_strict_gt,simWind_test.mat,111,simWind_test.mat#111,loso_supervised_raw_feature_logreg,learned_raw_feature_baseline,simMed_test.mat,simWind_test.mat
0.001,0.9922789335250854,0.32558139534883723,0.0009924724779747454,43,65493,65,65,79,loso_supervised_raw_feature_logreg_conservative_topk_strict_gt,simWind_test.mat,111,simWind_test.mat#111,loso_supervised_raw_feature_logreg,learned_raw_feature_baseline,simMed_test.mat,simWind_test.mat
0.003,0.97596675157547,0.4883720930232558,0.0029926862412776936,43,65493,196,196,217,loso_supervised_raw_feature_logreg_conservative_topk_strict_gt,simWind_test.mat,111,simWind_test.mat#111,loso_supervised_raw_feature_logreg,learned_raw_feature_baseline,simMed_test.mat,simWind_test.mat
0.01,0.8901035189628601,0.7906976744186046,0.009985800009161284,43,65493,654,654,688,loso_supervised_raw_feature_logreg_conservative_topk_strict_gt,simWind_test.mat,111,simWind_test.mat#111,loso_supervised_raw_feature_logreg,learned_raw_feature_baseline,simMed_test.mat,simWind_test.mat
1e-05,0.9999996423721313,0.0425531914893617,0.0,47,65489,0,0,2,loso_supervised_raw_feature_logreg_conservative_topk_strict_gt,simWind_test.mat,112,simWind_test.mat#112,loso_supervised_raw_feature_logreg,learned_raw_feature_baseline,simMed_test.mat,simWind_test.mat
3e-05,0.9999995231628418,0.0425531914893617,1.5269739956328543e-05,47,65489,1,1,3,loso_supervised_raw_feature_logreg_conservative_topk_strict_gt,simWind_test.mat,112,simWind_test.mat#112,loso_supervised_raw_feature_logreg,learned_raw_feature_baseline,simMed_test.mat,simWind_test.mat
0.0001,0.9999964237213135,0.2765957446808511,9.161843973797126e-05,47,65489,6,6,19,loso_supervised_raw_feature_logreg_conservative_topk_strict_gt,simWind_test.mat,112,simWind_test.mat#112,loso_supervised_raw_feature_logreg,learned_raw_feature_baseline,simMed_test.mat,simWind_test.mat
0.0003,0.9999823570251465,0.3829787234042553,0.00029012505917024235,47,65489,19,19,37,loso_supervised_raw_feature_logreg_conservative_topk_strict_gt,simWind_test.mat,112,simWind_test.mat#112,loso_supervised_raw_feature_logreg,learned_raw_feature_baseline,simMed_test.mat,simWind_test.mat
0.001,0.9991224408149719,0.6170212765957447,0.0009925330971613554,47,65489,65,65,94,loso_supervised_raw_feature_logreg_conservative_topk_strict_gt,simWind_test.mat,112,simWind_test.mat#112,loso_supervised_raw_feature_logreg,learned_raw_feature_baseline,simMed_test.mat,simWind_test.mat
0.003,0.9883700609207153,0.7659574468085106,0.0029928690314403946,47,65489,196,196,232,loso_supervised_raw_feature_logreg_conservative_topk_strict_gt,simWind_test.mat,112,simWind_test.mat#112,loso_supervised_raw_feature_logreg,learned_raw_feature_baseline,simMed_test.mat,simWind_test.mat
0.01,0.9501846432685852,0.851063829787234,0.009986409931438867,47,65489,654,654,694,loso_supervised_raw_feature_logreg_conservative_topk_strict_gt,simWind_test.mat,112,simWind_test.mat#112,loso_supervised_raw_feature_logreg,learned_raw_feature_baseline,simMed_test.mat,simWind_test.mat
1e-05,0.9999996423721313,0.14285714285714285,0.0,14,65522,0,0,2,loso_supervised_raw_feature_logreg_conservative_topk_strict_gt,simWind_test.mat,113,simWind_test.mat#113,loso_supervised_raw_feature_logreg,learned_raw_feature_baseline,simMed_test.mat,simWind_test.mat
3e-05,0.9999995231628418,0.21428571428571427,1.5262049387991818e-05,14,65522,1,1,4,loso_supervised_raw_feature_logreg_conservative_topk_strict_gt,simWind_test.mat,113,simWind_test.mat#113,loso_supervised_raw_feature_logreg,learned_raw_feature_baseline,simMed_test.mat,simWind_test.mat
0.0001,0.9999943971633911,0.5,9.157229632795092e-05,14,65522,6,6,13,loso_supervised_raw_feature_logreg_conservative_topk_strict_gt,simWind_test.mat,113,simWind_test.mat#113,loso_supervised_raw_feature_logreg,learned_raw_feature_baseline,simMed_test.mat,simWind_test.mat
0.0003,0.9999402761459351,0.6428571428571429,0.00028997893837184456,14,65522,19,19,28,loso_supervised_raw_feature_logreg_conservative_topk_strict_gt,simWind_test.mat,113,simWind_test.mat#113,loso_supervised_raw_feature_logreg,learned_raw_feature_baseline,simMed_test.mat,simWind_test.mat
0.001,0.9951871633529663,0.9285714285714286,0.0009920332102194684,14,65522,65,65,78,loso_supervised_raw_feature_logreg_conservative_topk_strict_gt,simWind_test.mat,113,simWind_test.mat#113,loso_supervised_raw_feature_logreg,learned_raw_feature_baseline,simMed_test.mat,simWind_test.mat
0.003,0.9833753705024719,0.9285714285714286,0.0029913616800463965,14,65522,196,196,209,loso_supervised_raw_feature_logreg_conservative_topk_strict_gt,simWind_test.mat,113,simWind_test.mat#113,loso_supervised_raw_feature_logreg,learned_raw_feature_baseline,simMed_test.mat,simWind_test.mat
0.01,0.9056415557861328,0.9285714285714286,0.009996642349134641,14,65522,655,655,668,loso_supervised_raw_feature_logreg_conservative_topk_strict_gt,simWind_test.mat,113,simWind_test.mat#113,loso_supervised_raw_feature_logreg,learned_raw_feature_baseline,simMed_test.mat,simWind_test.mat
1e-05,0.9994024038314819,0.2222222222222222,0.0,36,65500,0,0,8,loso_supervised_raw_feature_logreg_conservative_topk_strict_gt,simWind_test.mat,114,simWind_test.mat#114,loso_supervised_raw_feature_logreg,learned_raw_feature_baseline,simMed_test.mat,simWind_test.mat
3e-05,0.9990504384040833,0.25,1.5267175572519083e-05,36,65500,1,1,10,loso_supervised_raw_feature_logreg_conservative_topk_strict_gt,simWind_test.mat,114,simWind_test.mat#114,loso_supervised_raw_feature_logreg,learned_raw_feature_baseline,simMed_test.mat,simWind_test.mat
0.0001,0.9985004663467407,0.25,9.16030534351145e-05,36,65500,6,6,15,loso_supervised_raw_feature_logreg_conservative_topk_strict_gt,simWind_test.mat,114,simWind_test.mat#114,loso_supervised_raw_feature_logreg,learned_raw_feature_baseline,simMed_test.mat,simWind_test.mat
0.0003,0.9967225193977356,0.3611111111111111,0.0002900763358778626,36,65500,19,19,32,loso_supervised_raw_feature_logreg_conservative_topk_strict_gt,simWind_test.mat,114,simWind_test.mat#114,loso_supervised_raw_feature_logreg,learned_raw_feature_baseline,simMed_test.mat,simWind_test.mat
0.001,0.9940153956413269,0.4166666666666667,0.0009923664122137405,36,65500,65,65,80,loso_supervised_raw_feature_logreg_conservative_topk_strict_gt,simWind_test.mat,114,simWind_test.mat#114,loso_supervised_raw_feature_logreg,learned_raw_feature_baseline,simMed_test.mat,simWind_test.mat
0.003,0.9843495488166809,0.5833333333333334,0.0029923664122137403,36,65500,196,196,217,loso_supervised_raw_feature_logreg_conservative_topk_strict_gt,simWind_test.mat,114,simWind_test.mat#114,loso_supervised_raw_feature_logreg,learned_raw_feature_baseline,simMed_test.mat,simWind_test.mat
0.01,0.9476083517074585,0.75,0.01,36,65500,655,655,682,loso_supervised_raw_feature_logreg_conservative_topk_strict_gt,simWind_test.mat,114,simWind_test.mat#114,loso_supervised_raw_feature_logreg,learned_raw_feature_baseline,simMed_test.mat,simWind_test.mat
1e-05,0.9996908903121948,0.045454545454545456,0.0,22,65514,0,0,1,loso_supervised_raw_feature_logreg_conservative_topk_strict_gt,simWind_test.mat,115,simWind_test.mat#115,loso_supervised_raw_feature_logreg,learned_raw_feature_baseline,simMed_test.mat,simWind_test.mat
3e-05,0.9994194507598877,0.09090909090909091,1.5263913056751228e-05,22,65514,1,1,3,loso_supervised_raw_feature_logreg_conservative_topk_strict_gt,simWind_test.mat,115,simWind_test.mat#115,loso_supervised_raw_feature_logreg,learned_raw_feature_baseline,simMed_test.mat,simWind_test.mat
0.0001,0.9986366629600525,0.22727272727272727,9.158347834050737e-05,22,65514,6,6,11,loso_supervised_raw_feature_logreg_conservative_topk_strict_gt,simWind_test.mat,115,simWind_test.mat#115,loso_supervised_raw_feature_logreg,learned_raw_feature_baseline,simMed_test.mat,simWind_test.mat
0.0003,0.9964259266853333,0.2727272727272727,0.00029001434807827335,22,65514,19,19,25,loso_supervised_raw_feature_logreg_conservative_topk_strict_gt,simWind_test.mat,115,simWind_test.mat#115,loso_supervised_raw_feature_logreg,learned_raw_feature_baseline,simMed_test.mat,simWind_test.mat
0.001,0.9907282590866089,0.2727272727272727,0.0009921543486888298,22,65514,65,65,71,loso_supervised_raw_feature_logreg_conservative_topk_strict_gt,simWind_test.mat,115,simWind_test.mat#115,loso_supervised_raw_feature_logreg,learned_raw_feature_baseline,simMed_test.mat,simWind_test.mat
0.003,0.9760329723358154,0.4090909090909091,0.002991726959123241,22,65514,196,196,205,loso_supervised_raw_feature_logreg_conservative_topk_strict_gt,simWind_test.mat,115,simWind_test.mat#115,loso_supervised_raw_feature_logreg,learned_raw_feature_baseline,simMed_test.mat,simWind_test.mat
0.01,0.8829150795936584,0.6818181818181818,0.009997863052172054,22,65514,655,655,670,loso_supervised_raw_feature_logreg_conservative_topk_strict_gt,simWind_test.mat,115,simWind_test.mat#115,loso_supervised_raw_feature_logreg,learned_raw_feature_baseline,simMed_test.mat,simWind_test.mat
1e-05,0.9994978904724121,0.037037037037037035,0.0,27,65509,0,0,1,loso_supervised_raw_feature_logreg_conservative_topk_strict_gt,simWind_test.mat,116,simWind_test.mat#116,loso_supervised_raw_feature_logreg,learned_raw_feature_baseline,simMed_test.mat,simWind_test.mat
3e-05,0.9992108345031738,0.037037037037037035,1.5265078080874384e-05,27,65509,1,1,2,loso_supervised_raw_feature_logreg_conservative_topk_strict_gt,simWind_test.mat,116,simWind_test.mat#116,loso_supervised_raw_feature_logreg,learned_raw_feature_baseline,simMed_test.mat,simWind_test.mat
0.0001,0.9984152317047119,0.037037037037037035,9.15904684852463e-05,27,65509,6,6,7,loso_supervised_raw_feature_logreg_conservative_topk_strict_gt,simWind_test.mat,116,simWind_test.mat#116,loso_supervised_raw_feature_logreg,learned_raw_feature_baseline,simMed_test.mat,simWind_test.mat
0.0003,0.9969483017921448,0.14814814814814814,0.0002900364835366133,27,65509,19,19,23,loso_supervised_raw_feature_logreg_conservative_topk_strict_gt,simWind_test.mat,116,simWind_test.mat#116,loso_supervised_raw_feature_logreg,learned_raw_feature_baseline,simMed_test.mat,simWind_test.mat
0.001,0.9929157495498657,0.25925925925925924,0.000992230075256835,27,65509,65,65,72,loso_supervised_raw_feature_logreg_conservative_topk_strict_gt,simWind_test.mat,116,simWind_test.mat#116,loso_supervised_raw_feature_logreg,learned_raw_feature_baseline,simMed_test.mat,simWind_test.mat
0.003,0.9835213422775269,0.2962962962962963,0.002991955303851379,27,65509,196,196,204,loso_supervised_raw_feature_logreg_conservative_topk_strict_gt,simWind_test.mat,116,simWind_test.mat#116,loso_supervised_raw_feature_logreg,learned_raw_feature_baseline,simMed_test.mat,simWind_test.mat
0.01,0.9432938098907471,0.5925925925925926,0.00999862614297272,27,65509,655,655,671,loso_supervised_raw_feature_logreg_conservative_topk_strict_gt,simWind_test.mat,116,simWind_test.mat#116,loso_supervised_raw_feature_logreg,learned_raw_feature_baseline,simMed_test.mat,simWind_test.mat
1e-05,0.9999996423721313,0.05357142857142857,0.0,56,65480,0,0,3,loso_supervised_raw_feature_logreg_conservative_topk_strict_gt,simWind_test.mat,117,simWind_test.mat#117,loso_supervised_raw_feature_logreg,learned_raw_feature_baseline,simMed_test.mat,simWind_test.mat
3e-05,0.9999994039535522,0.10714285714285714,1.5271838729383018e-05,56,65480,1,1,7,loso_supervised_raw_feature_logreg_conservative_topk_strict_gt,simWind_test.mat,117,simWind_test.mat#117,loso_supervised_raw_feature_logreg,learned_raw_feature_baseline,simMed_test.mat,simWind_test.mat
0.0001,0.9999977350234985,0.19642857142857142,7.635919364691509e-05,56,65480,6,5,16,loso_supervised_raw_feature_logreg_conservative_topk_strict_gt,simWind_test.mat,117,simWind_test.mat#117,loso_supervised_raw_feature_logreg,learned_raw_feature_baseline,simMed_test.mat,simWind_test.mat
0.0003,0.9999864101409912,0.30357142857142855,0.00029016493585827736,56,65480,19,19,36,loso_supervised_raw_feature_logreg_conservative_topk_strict_gt,simWind_test.mat,117,simWind_test.mat#117,loso_supervised_raw_feature_logreg,learned_raw_feature_baseline,simMed_test.mat,simWind_test.mat
0.001,0.9996121525764465,0.625,0.0009926695174098962,56,65480,65,65,100,loso_supervised_raw_feature_logreg_conservative_topk_strict_gt,simWind_test.mat,117,simWind_test.mat#117,loso_supervised_raw_feature_logreg,learned_raw_feature_baseline,simMed_test.mat,simWind_test.mat
0.003,0.9849148988723755,0.8571428571428571,0.0029932803909590716,56,65480,196,196,244,loso_supervised_raw_feature_logreg_conservative_topk_strict_gt,simWind_test.mat,117,simWind_test.mat#117,loso_supervised_raw_feature_logreg,learned_raw_feature_baseline,simMed_test.mat,simWind_test.mat
0.01,0.9344323873519897,0.9285714285714286,0.009987782529016494,56,65480,654,654,706,loso_supervised_raw_feature_logreg_conservative_topk_strict_gt,simWind_test.mat,117,simWind_test.mat#117,loso_supervised_raw_feature_logreg,learned_raw_feature_baseline,simMed_test.mat,simWind_test.mat
1e-05,0.9996664524078369,0.08771929824561403,0.0,57,65479,0,0,5,loso_supervised_raw_feature_logreg_conservative_topk_strict_gt,simWind_test.mat,118,simWind_test.mat#118,loso_supervised_raw_feature_logreg,learned_raw_feature_baseline,simMed_test.mat,simWind_test.mat
3e-05,0.999661922454834,0.08771929824561403,1.5272071962003084e-05,57,65479,1,1,6,loso_supervised_raw_feature_logreg_conservative_topk_strict_gt,simWind_test.mat,118,simWind_test.mat#118,loso_supervised_raw_feature_logreg,learned_raw_feature_baseline,simMed_test.mat,simWind_test.mat
0.0001,0.9991886019706726,0.19298245614035087,9.163243177201851e-05,57,65479,6,6,17,loso_supervised_raw_feature_logreg_conservative_topk_strict_gt,simWind_test.mat,118,simWind_test.mat#118,loso_supervised_raw_feature_logreg,learned_raw_feature_baseline,simMed_test.mat,simWind_test.mat
0.0003,0.997158408164978,0.22807017543859648,0.0002901693672780586,57,65479,19,19,32,loso_supervised_raw_feature_logreg_conservative_topk_strict_gt,simWind_test.mat,118,simWind_test.mat#118,loso_supervised_raw_feature_logreg,learned_raw_feature_baseline,simMed_test.mat,simWind_test.mat
0.001,0.9893268346786499,0.43859649122807015,0.0009926846775302005,57,65479,65,65,90,loso_supervised_raw_feature_logreg_conservative_topk_strict_gt,simWind_test.mat,118,simWind_test.mat#118,loso_supervised_raw_feature_logreg,learned_raw_feature_baseline,simMed_test.mat,simWind_test.mat
0.003,0.9752824306488037,0.5789473684210527,0.0029933261045526046,57,65479,196,196,229,loso_supervised_raw_feature_logreg_conservative_topk_strict_gt,simWind_test.mat,118,simWind_test.mat#118,loso_supervised_raw_feature_logreg,learned_raw_feature_baseline,simMed_test.mat,simWind_test.mat
0.01,0.9195460081100464,0.7368421052631579,0.009987935063150018,57,65479,654,654,696,loso_supervised_raw_feature_logreg_conservative_topk_strict_gt,simWind_test.mat,118,simWind_test.mat#118,loso_supervised_raw_feature_logreg,learned_raw_feature_baseline,simMed_test.mat,simWind_test.mat
1e-05,0.9999996423721313,0.05405405405405406,0.0,37,65499,0,0,2,loso_supervised_raw_feature_logreg_conservative_topk_strict_gt,simWind_test.mat,121,simWind_test.mat#121,loso_supervised_raw_feature_logreg,learned_raw_feature_baseline,simMed_test.mat,simWind_test.mat
3e-05,0.9999995231628418,0.10810810810810811,1.5267408662727676e-05,37,65499,1,1,5,loso_supervised_raw_feature_logreg_conservative_topk_strict_gt,simWind_test.mat,121,simWind_test.mat#121,loso_supervised_raw_feature_logreg,learned_raw_feature_baseline,simMed_test.mat,simWind_test.mat
0.0001,0.9999973773956299,0.16216216216216217,7.633704331363837e-05,37,65499,6,5,11,loso_supervised_raw_feature_logreg_conservative_topk_strict_gt,simWind_test.mat,121,simWind_test.mat#121,loso_supervised_raw_feature_logreg,learned_raw_feature_baseline,simMed_test.mat,simWind_test.mat
0.0003,0.9999655485153198,0.35135135135135137,0.00029008076459182585,37,65499,19,19,32,loso_supervised_raw_feature_logreg_conservative_topk_strict_gt,simWind_test.mat,121,simWind_test.mat#121,loso_supervised_raw_feature_logreg,learned_raw_feature_baseline,simMed_test.mat,simWind_test.mat
0.001,0.9985069632530212,0.7837837837837838,0.0009923815630772988,37,65499,65,65,94,loso_supervised_raw_feature_logreg_conservative_topk_strict_gt,simWind_test.mat,121,simWind_test.mat#121,loso_supervised_raw_feature_logreg,learned_raw_feature_baseline,simMed_test.mat,simWind_test.mat
0.003,0.9859319925308228,0.918918918918919,0.0029924120978946245,37,65499,196,196,230,loso_supervised_raw_feature_logreg_conservative_topk_strict_gt,simWind_test.mat,121,simWind_test.mat#121,loso_supervised_raw_feature_logreg,learned_raw_feature_baseline,simMed_test.mat,simWind_test.mat
0.01,0.9435197114944458,0.9459459459459459,0.009984885265423899,37,65499,654,654,689,loso_supervised_raw_feature_logreg_conservative_topk_strict_gt,simWind_test.mat,121,simWind_test.mat#121,loso_supervised_raw_feature_logreg,learned_raw_feature_baseline,simMed_test.mat,simWind_test.mat
1e-05,0.9997158646583557,0.13333333333333333,0.0,15,65521,0,0,2,loso_supervised_raw_feature_logreg_conservative_topk_strict_gt,simWind_test.mat,122,simWind_test.mat#122,loso_supervised_raw_feature_logreg,learned_raw_feature_baseline,simMed_test.mat,simWind_test.mat
3e-05,0.9996892213821411,0.13333333333333333,1.5262282321698386e-05,15,65521,1,1,3,loso_supervised_raw_feature_logreg_conservative_topk_strict_gt,simWind_test.mat,122,simWind_test.mat#122,loso_supervised_raw_feature_logreg,learned_raw_feature_baseline,simMed_test.mat,simWind_test.mat
0.0001,0.9980643391609192,0.3333333333333333,9.157369393019033e-05,15,65521,6,6,11,loso_supervised_raw_feature_logreg_conservative_topk_strict_gt,simWind_test.mat,122,simWind_test.mat#122,loso_supervised_raw_feature_logreg,learned_raw_feature_baseline,simMed_test.mat,simWind_test.mat
0.0003,0.9944657683372498,0.3333333333333333,0.00028998336411226937,15,65521,19,19,24,loso_supervised_raw_feature_logreg_conservative_topk_strict_gt,simWind_test.mat,122,simWind_test.mat#122,loso_supervised_raw_feature_logreg,learned_raw_feature_baseline,simMed_test.mat,simWind_test.mat
0.001,0.9855858683586121,0.4666666666666667,0.000992048350910395,15,65521,65,65,72,loso_supervised_raw_feature_logreg_conservative_topk_strict_gt,simWind_test.mat,122,simWind_test.mat#122,loso_supervised_raw_feature_logreg,learned_raw_feature_baseline,simMed_test.mat,simWind_test.mat
0.003,0.9568804502487183,0.5333333333333333,0.0029914073350528836,15,65521,196,196,204,loso_supervised_raw_feature_logreg_conservative_topk_strict_gt,simWind_test.mat,122,simWind_test.mat#122,loso_supervised_raw_feature_logreg,learned_raw_feature_baseline,simMed_test.mat,simWind_test.mat
0.01,0.7711268067359924,0.8,0.009996794920712444,15,65521,655,655,667,loso_supervised_raw_feature_logreg_conservative_topk_strict_gt,simWind_test.mat,122,simWind_test.mat#122,loso_supervised_raw_feature_logreg,learned_raw_feature_baseline,simMed_test.mat,simWind_test.mat
1e-05,0.9999995231628418,0.023809523809523808,0.0,42,65494,0,0,1,loso_supervised_raw_feature_logreg_conservative_topk_strict_gt,simWind_test.mat,123,simWind_test.mat#123,loso_supervised_raw_feature_logreg,learned_raw_feature_baseline,simMed_test.mat,simWind_test.mat
3e-05,0.9999972581863403,0.047619047619047616,1.5268574220539285e-05,42,65494,1,1,3,loso_supervised_raw_feature_logreg_conservative_topk_strict_gt,simWind_test.mat,123,simWind_test.mat#123,loso_supervised_raw_feature_logreg,learned_raw_feature_baseline,simMed_test.mat,simWind_test.mat
0.0001,0.9999750852584839,0.3333333333333333,9.161144532323571e-05,42,65494,6,6,20,loso_supervised_raw_feature_logreg_conservative_topk_strict_gt,simWind_test.mat,123,simWind_test.mat#123,loso_supervised_raw_feature_logreg,learned_raw_feature_baseline,simMed_test.mat,simWind_test.mat
0.0003,0.9999079704284668,0.40476190476190477,0.00029010291019024645,42,65494,19,19,36,loso_supervised_raw_feature_logreg_conservative_topk_strict_gt,simWind_test.mat,123,simWind_test.mat#123,loso_supervised_raw_feature_logreg,learned_raw_feature_baseline,simMed_test.mat,simWind_test.mat
0.001,0.9960252046585083,0.7142857142857143,0.0009924573243350536,42,65494,65,65,95,loso_supervised_raw_feature_logreg_conservative_topk_strict_gt,simWind_test.mat,123,simWind_test.mat#123,loso_supervised_raw_feature_logreg,learned_raw_feature_baseline,simMed_test.mat,simWind_test.mat
0.003,0.9791554808616638,0.7857142857142857,0.0029926405472257,42,65494,196,196,229,loso_supervised_raw_feature_logreg_conservative_topk_strict_gt,simWind_test.mat,123,simWind_test.mat#123,loso_supervised_raw_feature_logreg,learned_raw_feature_baseline,simMed_test.mat,simWind_test.mat
0.01,0.9280360341072083,0.8333333333333334,0.009985647540232694,42,65494,654,654,689,loso_supervised_raw_feature_logreg_conservative_topk_strict_gt,simWind_test.mat,123,simWind_test.mat#123,loso_supervised_raw_feature_logreg,learned_raw_feature_baseline,simMed_test.mat,simWind_test.mat
1e-05,0.9999938011169434,0.04,0.0,25,65511,0,0,1,loso_supervised_raw_feature_logreg_conservative_topk_strict_gt,simWind_test.mat,124,simWind_test.mat#124,loso_supervised_raw_feature_logreg,learned_raw_feature_baseline,simMed_test.mat,simWind_test.mat
3e-05,0.999950647354126,0.16,1.526461204988475e-05,25,65511,1,1,5,loso_supervised_raw_feature_logreg_conservative_topk_strict_gt,simWind_test.mat,124,simWind_test.mat#124,loso_supervised_raw_feature_logreg,learned_raw_feature_baseline,simMed_test.mat,simWind_test.mat
0.0001,0.9998527765274048,0.4,9.158767229930851e-05,25,65511,6,6,16,loso_supervised_raw_feature_logreg_conservative_topk_strict_gt,simWind_test.mat,124,simWind_test.mat#124,loso_supervised_raw_feature_logreg,learned_raw_feature_baseline,simMed_test.mat,simWind_test.mat
0.0003,0.999220609664917,0.4,0.0002900276289478103,25,65511,19,19,29,loso_supervised_raw_feature_logreg_conservative_topk_strict_gt,simWind_test.mat,124,simWind_test.mat#124,loso_supervised_raw_feature_logreg,learned_raw_feature_baseline,simMed_test.mat,simWind_test.mat
0.001,0.9918277263641357,0.64,0.0009921997832425089,25,65511,65,65,81,loso_supervised_raw_feature_logreg_conservative_topk_strict_gt,simWind_test.mat,124,simWind_test.mat#124,loso_supervised_raw_feature_logreg,learned_raw_feature_baseline,simMed_test.mat,simWind_test.mat
0.003,0.9750798344612122,0.64,0.0029918639617774116,25,65511,196,196,212,loso_supervised_raw_feature_logreg_conservative_topk_strict_gt,simWind_test.mat,124,simWind_test.mat#124,loso_supervised_raw_feature_logreg,learned_raw_feature_baseline,simMed_test.mat,simWind_test.mat
0.01,0.8676947355270386,0.8,0.009998320892674512,25,65511,655,655,675,loso_supervised_raw_feature_logreg_conservative_topk_strict_gt,simWind_test.mat,124,simWind_test.mat#124,loso_supervised_raw_feature_logreg,learned_raw_feature_baseline,simMed_test.mat,simWind_test.mat
1e-05,0.9998488426208496,0.05084745762711865,0.0,59,65477,0,0,3,loso_supervised_raw_feature_logreg_conservative_topk_strict_gt,simWind_test.mat,125,simWind_test.mat#125,loso_supervised_raw_feature_logreg,learned_raw_feature_baseline,simMed_test.mat,simWind_test.mat
3e-05,0.999736487865448,0.0847457627118644,1.5272538448615544e-05,59,65477,1,1,6,loso_supervised_raw_feature_logreg_conservative_topk_strict_gt,simWind_test.mat,125,simWind_test.mat#125,loso_supervised_raw_feature_logreg,learned_raw_feature_baseline,simMed_test.mat,simWind_test.mat
0.0001,0.9992850422859192,0.15254237288135594,9.163523069169327e-05,59,65477,6,6,15,loso_supervised_raw_feature_logreg_conservative_topk_strict_gt,simWind_test.mat,125,simWind_test.mat#125,loso_supervised_raw_feature_logreg,learned_raw_feature_baseline,simMed_test.mat,simWind_test.mat
0.0003,0.9950631260871887,0.4406779661016949,0.00029017823052369533,59,65477,19,19,45,loso_supervised_raw_feature_logreg_conservative_topk_strict_gt,simWind_test.mat,125,simWind_test.mat#125,loso_supervised_raw_feature_logreg,learned_raw_feature_baseline,simMed_test.mat,simWind_test.mat
0.001,0.9874202609062195,0.6779661016949152,0.0009927149991600104,59,65477,65,65,105,loso_supervised_raw_feature_logreg_conservative_topk_strict_gt,simWind_test.mat,125,simWind_test.mat#125,loso_supervised_raw_feature_logreg,learned_raw_feature_baseline,simMed_test.mat,simWind_test.mat
0.003,0.9682259559631348,0.7627118644067796,0.002993417535928647,59,65477,196,196,241,loso_supervised_raw_feature_logreg_conservative_topk_strict_gt,simWind_test.mat,125,simWind_test.mat#125,loso_supervised_raw_feature_logreg,learned_raw_feature_baseline,simMed_test.mat,simWind_test.mat
0.01,0.9079173803329468,0.8813559322033898,0.009988240145394567,59,65477,654,654,706,loso_supervised_raw_feature_logreg_conservative_topk_strict_gt,simWind_test.mat,125,simWind_test.mat#125,loso_supervised_raw_feature_logreg,learned_raw_feature_baseline,simMed_test.mat,simWind_test.mat
1e-05,0.9997050166130066,0.11538461538461539,0.0,26,65510,0,0,3,loso_supervised_raw_feature_logreg_conservative_topk_strict_gt,simWind_test.mat,126,simWind_test.mat#126,loso_supervised_raw_feature_logreg,learned_raw_feature_baseline,simMed_test.mat,simWind_test.mat
3e-05,0.9996849298477173,0.11538461538461539,1.5264845061822624e-05,26,65510,1,1,4,loso_supervised_raw_feature_logreg_conservative_topk_strict_gt,simWind_test.mat,126,simWind_test.mat#126,loso_supervised_raw_feature_logreg,learned_raw_feature_baseline,simMed_test.mat,simWind_test.mat
0.0001,0.9988952875137329,0.34615384615384615,9.158907037093573e-05,26,65510,6,6,15,loso_supervised_raw_feature_logreg_conservative_topk_strict_gt,simWind_test.mat,126,simWind_test.mat#126,loso_supervised_raw_feature_logreg,learned_raw_feature_baseline,simMed_test.mat,simWind_test.mat
0.0003,0.9972770810127258,0.46153846153846156,0.00029003205617462985,26,65510,19,19,31,loso_supervised_raw_feature_logreg_conservative_topk_strict_gt,simWind_test.mat,126,simWind_test.mat#126,loso_supervised_raw_feature_logreg,learned_raw_feature_baseline,simMed_test.mat,simWind_test.mat
0.001,0.9947260022163391,0.5384615384615384,0.0009922149290184704,26,65510,65,65,79,loso_supervised_raw_feature_logreg_conservative_topk_strict_gt,simWind_test.mat,126,simWind_test.mat#126,loso_supervised_raw_feature_logreg,learned_raw_feature_baseline,simMed_test.mat,simWind_test.mat
0.003,0.9853581190109253,0.6153846153846154,0.002991909632117234,26,65510,196,196,212,loso_supervised_raw_feature_logreg_conservative_topk_strict_gt,simWind_test.mat,126,simWind_test.mat#126,loso_supervised_raw_feature_logreg,learned_raw_feature_baseline,simMed_test.mat,simWind_test.mat
0.01,0.9390461444854736,0.6153846153846154,0.009998473515493819,26,65510,655,655,671,loso_supervised_raw_feature_logreg_conservative_topk_strict_gt,simWind_test.mat,126,simWind_test.mat#126,loso_supervised_raw_feature_logreg,learned_raw_feature_baseline,simMed_test.mat,simWind_test.mat
1e-05,0.9999994039535522,0.09090909090909091,0.0,33,65503,0,0,3,loso_supervised_raw_feature_logreg_conservative_topk_strict_gt,simWind_test.mat,127,simWind_test.mat#127,loso_supervised_raw_feature_logreg,learned_raw_feature_baseline,simMed_test.mat,simWind_test.mat
3e-05,0.9999992847442627,0.15151515151515152,1.5266476344594905e-05,33,65503,1,1,6,loso_supervised_raw_feature_logreg_conservative_topk_strict_gt,simWind_test.mat,127,simWind_test.mat#127,loso_supervised_raw_feature_logreg,learned_raw_feature_baseline,simMed_test.mat,simWind_test.mat
0.0001,0.9999978542327881,0.18181818181818182,9.159885806756943e-05,33,65503,6,6,12,loso_supervised_raw_feature_logreg_conservative_topk_strict_gt,simWind_test.mat,127,simWind_test.mat#127,loso_supervised_raw_feature_logreg,learned_raw_feature_baseline,simMed_test.mat,simWind_test.mat
0.0003,0.9999728202819824,0.5757575757575758,0.0002900630505473032,33,65503,19,19,38,loso_supervised_raw_feature_logreg_conservative_topk_strict_gt,simWind_test.mat,127,simWind_test.mat#127,loso_supervised_raw_feature_logreg,learned_raw_feature_baseline,simMed_test.mat,simWind_test.mat
0.001,0.9983577132225037,0.8181818181818182,0.0009923209623986687,33,65503,65,65,92,loso_supervised_raw_feature_logreg_conservative_topk_strict_gt,simWind_test.mat,127,simWind_test.mat#127,loso_supervised_raw_feature_logreg,learned_raw_feature_baseline,simMed_test.mat,simWind_test.mat
0.003,0.9794054627418518,0.9090909090909091,0.002992229363540601,33,65503,196,196,226,loso_supervised_raw_feature_logreg_conservative_topk_strict_gt,simWind_test.mat,127,simWind_test.mat#127,loso_supervised_raw_feature_logreg,learned_raw_feature_baseline,simMed_test.mat,simWind_test.mat
0.01,0.9230785965919495,0.9696969696969697,0.009999542005709662,33,65503,655,655,687,loso_supervised_raw_feature_logreg_conservative_topk_strict_gt,simWind_test.mat,127,simWind_test.mat#127,loso_supervised_raw_feature_logreg,learned_raw_feature_baseline,simMed_test.mat,simWind_test.mat
1e-05,0.9999994039535522,0.06976744186046512,0.0,43,65493,0,0,3,loso_supervised_raw_feature_logreg_conservative_topk_strict_gt,simMed_test.mat,0,simMed_test.mat#0,loso_supervised_raw_feature_logreg,learned_raw_feature_baseline,simWind_test.mat,simMed_test.mat
3e-05,0.9999994039535522,0.06976744186046512,0.0,43,65493,1,0,3,loso_supervised_raw_feature_logreg_conservative_topk_strict_gt,simMed_test.mat,0,simMed_test.mat#0,loso_supervised_raw_feature_logreg,learned_raw_feature_baseline,simWind_test.mat,simMed_test.mat
0.0001,0.9999966621398926,0.20930232558139536,9.161284412074573e-05,43,65493,6,6,15,loso_supervised_raw_feature_logreg_conservative_topk_strict_gt,simMed_test.mat,0,simMed_test.mat#0,loso_supervised_raw_feature_logreg,learned_raw_feature_baseline,simWind_test.mat,simMed_test.mat
0.0003,0.99997878074646,0.3488372093023256,0.0002901073397156948,43,65493,19,19,34,loso_supervised_raw_feature_logreg_conservative_topk_strict_gt,simMed_test.mat,0,simMed_test.mat#0,loso_supervised_raw_feature_logreg,learned_raw_feature_baseline,simWind_test.mat,simMed_test.mat
0.001,0.9989759922027588,0.6511627906976745,0.0009924724779747454,43,65493,65,65,93,loso_supervised_raw_feature_logreg_conservative_topk_strict_gt,simMed_test.mat,0,simMed_test.mat#0,loso_supervised_raw_feature_logreg,learned_raw_feature_baseline,simWind_test.mat,simMed_test.mat
0.003,0.9899318218231201,0.813953488372093,0.0029926862412776936,43,65493,196,196,231,loso_supervised_raw_feature_logreg_conservative_topk_strict_gt,simMed_test.mat,0,simMed_test.mat#0,loso_supervised_raw_feature_logreg,learned_raw_feature_baseline,simWind_test.mat,simMed_test.mat
0.01,0.9597757458686829,0.8604651162790697,0.009985800009161284,43,65493,654,654,691,loso_supervised_raw_feature_logreg_conservative_topk_strict_gt,simMed_test.mat,0,simMed_test.mat#0,loso_supervised_raw_feature_logreg,learned_raw_feature_baseline,simWind_test.mat,simMed_test.mat
1e-05,0.9999125003814697,0.07142857142857142,0.0,28,65508,0,0,2,loso_supervised_raw_feature_logreg_conservative_topk_strict_gt,simMed_test.mat,3,simMed_test.mat#3,loso_supervised_raw_feature_logreg,learned_raw_feature_baseline,simWind_test.mat,simMed_test.mat
3e-05,0.999893069267273,0.07142857142857142,1.526531110704036e-05,28,65508,1,1,3,loso_supervised_raw_feature_logreg_conservative_topk_strict_gt,simMed_test.mat,3,simMed_test.mat#3,loso_supervised_raw_feature_logreg,learned_raw_feature_baseline,simWind_test.mat,simMed_test.mat
0.0001,0.9991680383682251,0.17857142857142858,9.159186664224217e-05,28,65508,6,6,11,loso_supervised_raw_feature_logreg_conservative_topk_strict_gt,simMed_test.mat,3,simMed_test.mat#3,loso_supervised_raw_feature_logreg,learned_raw_feature_baseline,simWind_test.mat,simMed_test.mat
0.0003,0.9973992109298706,0.35714285714285715,0.00029004091103376685,28,65508,19,19,29,loso_supervised_raw_feature_logreg_conservative_topk_strict_gt,simMed_test.mat,3,simMed_test.mat#3,loso_supervised_raw_feature_logreg,learned_raw_feature_baseline,simWind_test.mat,simMed_test.mat
0.001,0.994807779788971,0.35714285714285715,0.0009922452219576234,28,65508,65,65,75,loso_supervised_raw_feature_logreg_conservative_topk_strict_gt,simMed_test.mat,3,simMed_test.mat#3,loso_supervised_raw_feature_logreg,learned_raw_feature_baseline,simWind_test.mat,simMed_test.mat
0.003,0.9883544445037842,0.5357142857142857,0.002992000976979911,28,65508,196,196,211,loso_supervised_raw_feature_logreg_conservative_topk_strict_gt,simMed_test.mat,3,simMed_test.mat#3,loso_supervised_raw_feature_logreg,learned_raw_feature_baseline,simWind_test.mat,simMed_test.mat
0.01,0.9645678400993347,0.6071428571428571,0.009998778775111437,28,65508,655,655,672,loso_supervised_raw_feature_logreg_conservative_topk_strict_gt,simMed_test.mat,3,simMed_test.mat#3,loso_supervised_raw_feature_logreg,learned_raw_feature_baseline,simWind_test.mat,simMed_test.mat
1e-05,0.9999998807907104,0.0,0.0,50,65486,0,0,0,loso_supervised_raw_feature_logreg_conservative_topk_strict_gt,simMed_test.mat,7,simMed_test.mat#7,loso_supervised_raw_feature_logreg,learned_raw_feature_baseline,simWind_test.mat,simMed_test.mat
3e-05,0.9999996423721313,0.14,1.5270439483248328e-05,50,65486,1,1,8,loso_supervised_raw_feature_logreg_conservative_topk_strict_gt,simMed_test.mat,7,simMed_test.mat#7,loso_supervised_raw_feature_logreg,learned_raw_feature_baseline,simWind_test.mat,simMed_test.mat
0.0001,0.9999992847442627,0.18,7.635219741624164e-05,50,65486,6,5,14,loso_supervised_raw_feature_logreg_conservative_topk_strict_gt,simMed_test.mat,7,simMed_test.mat#7,loso_supervised_raw_feature_logreg,learned_raw_feature_baseline,simWind_test.mat,simMed_test.mat
0.0003,0.9999938011169434,0.32,0.0002901383501817182,50,65486,19,19,35,loso_supervised_raw_feature_logreg_conservative_topk_strict_gt,simMed_test.mat,7,simMed_test.mat#7,loso_supervised_raw_feature_logreg,learned_raw_feature_baseline,simWind_test.mat,simMed_test.mat
0.001,0.9995658993721008,0.64,0.0009925785664111413,50,65486,65,65,97,loso_supervised_raw_feature_logreg_conservative_topk_strict_gt,simMed_test.mat,7,simMed_test.mat#7,loso_supervised_raw_feature_logreg,learned_raw_feature_baseline,simWind_test.mat,simMed_test.mat
0.003,0.9915472865104675,0.8,0.002993006138716672,50,65486,196,196,236,loso_supervised_raw_feature_logreg_conservative_topk_strict_gt,simMed_test.mat,7,simMed_test.mat#7,loso_supervised_raw_feature_logreg,learned_raw_feature_baseline,simWind_test.mat,simMed_test.mat
0.01,0.9590473771095276,0.96,0.009986867422044406,50,65486,654,654,702,loso_supervised_raw_feature_logreg_conservative_topk_strict_gt,simMed_test.mat,7,simMed_test.mat#7,loso_supervised_raw_feature_logreg,learned_raw_feature_baseline,simWind_test.mat,simMed_test.mat
1e-05,0.9999725818634033,0.041666666666666664,0.0,24,65512,0,0,1,loso_supervised_raw_feature_logreg_conservative_topk_strict_gt,simMed_test.mat,8,simMed_test.mat#8,loso_supervised_raw_feature_logreg,learned_raw_feature_baseline,simWind_test.mat,simMed_test.mat
3e-05,0.9996323585510254,0.125,1.5264379045060447e-05,24,65512,1,1,4,loso_supervised_raw_feature_logreg_conservative_topk_strict_gt,simMed_test.mat,8,simMed_test.mat#8,loso_supervised_raw_feature_logreg,learned_raw_feature_baseline,simWind_test.mat,simMed_test.mat
0.0001,0.9992163181304932,0.25,9.158627427036269e-05,24,65512,6,6,12,loso_supervised_raw_feature_logreg_conservative_topk_strict_gt,simMed_test.mat,8,simMed_test.mat#8,loso_supervised_raw_feature_logreg,learned_raw_feature_baseline,simWind_test.mat,simMed_test.mat
0.0003,0.9977654218673706,0.3333333333333333,0.0002900232018561485,24,65512,19,19,27,loso_supervised_raw_feature_logreg_conservative_topk_strict_gt,simMed_test.mat,8,simMed_test.mat#8,loso_supervised_raw_feature_logreg,learned_raw_feature_baseline,simWind_test.mat,simMed_test.mat
0.001,0.9940253496170044,0.4166666666666667,0.000992184637928929,24,65512,65,65,75,loso_supervised_raw_feature_logreg_conservative_topk_strict_gt,simMed_test.mat,8,simMed_test.mat#8,loso_supervised_raw_feature_logreg,learned_raw_feature_baseline,simWind_test.mat,simMed_test.mat
0.003,0.9864572882652283,0.5833333333333334,0.0029918182928318476,24,65512,196,196,210,loso_supervised_raw_feature_logreg_conservative_topk_strict_gt,simMed_test.mat,8,simMed_test.mat#8,loso_supervised_raw_feature_logreg,learned_raw_feature_baseline,simWind_test.mat,simMed_test.mat
0.01,0.9531062245368958,0.75,0.009998168274514593,24,65512,655,655,673,loso_supervised_raw_feature_logreg_conservative_topk_strict_gt,simMed_test.mat,8,simMed_test.mat#8,loso_supervised_raw_feature_logreg,learned_raw_feature_baseline,simWind_test.mat,simMed_test.mat
1e-05,0.9999988079071045,0.043478260869565216,0.0,23,65513,0,0,1,loso_supervised_raw_feature_logreg_conservative_topk_strict_gt,simMed_test.mat,9,simMed_test.mat#9,loso_supervised_raw_feature_logreg,learned_raw_feature_baseline,simWind_test.mat,simMed_test.mat
3e-05,0.9999969005584717,0.043478260869565216,1.526414604734938e-05,23,65513,1,1,2,loso_supervised_raw_feature_logreg_conservative_topk_strict_gt,simMed_test.mat,9,simMed_test.mat#9,loso_supervised_raw_feature_logreg,learned_raw_feature_baseline,simWind_test.mat,simMed_test.mat
0.0001,0.9999243021011353,0.34782608695652173,9.158487628409629e-05,23,65513,6,6,14,loso_supervised_raw_feature_logreg_conservative_topk_strict_gt,simMed_test.mat,9,simMed_test.mat#9,loso_supervised_raw_feature_logreg,learned_raw_feature_baseline,simWind_test.mat,simMed_test.mat
0.0003,0.9986490607261658,0.4782608695652174,0.00029001877489963823,23,65513,19,19,30,loso_supervised_raw_feature_logreg_conservative_topk_strict_gt,simMed_test.mat,9,simMed_test.mat#9,loso_supervised_raw_feature_logreg,learned_raw_feature_baseline,simWind_test.mat,simMed_test.mat
0.001,0.9962186217308044,0.6956521739130435,0.0009921694930777097,23,65513,65,65,81,loso_supervised_raw_feature_logreg_conservative_topk_strict_gt,simMed_test.mat,9,simMed_test.mat#9,loso_supervised_raw_feature_logreg,learned_raw_feature_baseline,simWind_test.mat,simMed_test.mat
0.003,0.9896557331085205,0.782608695652174,0.0029917726252804786,23,65513,196,196,214,loso_supervised_raw_feature_logreg_conservative_topk_strict_gt,simMed_test.mat,9,simMed_test.mat#9,loso_supervised_raw_feature_logreg,learned_raw_feature_baseline,simWind_test.mat,simMed_test.mat
0.01,0.957024097442627,0.9565217391304348,0.009998015661013845,23,65513,655,655,677,loso_supervised_raw_feature_logreg_conservative_topk_strict_gt,simMed_test.mat,9,simMed_test.mat#9,loso_supervised_raw_feature_logreg,learned_raw_feature_baseline,simWind_test.mat,simMed_test.mat
1e-05,0.9999997615814209,0.017241379310344827,0.0,58,65478,0,0,1,loso_supervised_raw_feature_logreg_conservative_topk_strict_gt,simMed_test.mat,11,simMed_test.mat#11,loso_supervised_raw_feature_logreg,learned_raw_feature_baseline,simWind_test.mat,simMed_test.mat
3e-05,0.9999990463256836,0.034482758620689655,1.527230520174715e-05,58,65478,1,1,3,loso_supervised_raw_feature_logreg_conservative_topk_strict_gt,simMed_test.mat,11,simMed_test.mat#11,loso_supervised_raw_feature_logreg,learned_raw_feature_baseline,simWind_test.mat,simMed_test.mat
0.0001,0.9999852180480957,0.25862068965517243,9.163383121048291e-05,58,65478,6,6,21,loso_supervised_raw_feature_logreg_conservative_topk_strict_gt,simMed_test.mat,11,simMed_test.mat#11,loso_supervised_raw_feature_logreg,learned_raw_feature_baseline,simWind_test.mat,simMed_test.mat
0.0003,0.9998905658721924,0.3793103448275862,0.0002901737988331959,58,65478,19,19,41,loso_supervised_raw_feature_logreg_conservative_topk_strict_gt,simMed_test.mat,11,simMed_test.mat#11,loso_supervised_raw_feature_logreg,learned_raw_feature_baseline,simWind_test.mat,simMed_test.mat
0.001,0.9984803795814514,0.6896551724137931,0.0009926998381135648,58,65478,65,65,105,loso_supervised_raw_feature_logreg_conservative_topk_strict_gt,simMed_test.mat,11,simMed_test.mat#11,loso_supervised_raw_feature_logreg,learned_raw_feature_baseline,simWind_test.mat,simMed_test.mat
0.003,0.9908406734466553,0.8103448275862069,0.0029933718195424416,58,65478,196,196,243,loso_supervised_raw_feature_logreg_conservative_topk_strict_gt,simMed_test.mat,11,simMed_test.mat#11,loso_supervised_raw_feature_logreg,learned_raw_feature_baseline,simWind_test.mat,simMed_test.mat
0.01,0.9634172320365906,0.8793103448275862,0.009988087601942638,58,65478,654,654,705,loso_supervised_raw_feature_logreg_conservative_topk_strict_gt,simMed_test.mat,11,simMed_test.mat#11,loso_supervised_raw_feature_logreg,learned_raw_feature_baseline,simWind_test.mat,simMed_test.mat
1e-05,0.9999529123306274,0.05263157894736842,0.0,57,65479,0,0,3,loso_supervised_raw_feature_logreg_conservative_topk_strict_gt,simMed_test.mat,12,simMed_test.mat#12,loso_supervised_raw_feature_logreg,learned_raw_feature_baseline,simWind_test.mat,simMed_test.mat
3e-05,0.999911904335022,0.14035087719298245,1.5272071962003084e-05,57,65479,1,1,9,loso_supervised_raw_feature_logreg_conservative_topk_strict_gt,simMed_test.mat,12,simMed_test.mat#12,loso_supervised_raw_feature_logreg,learned_raw_feature_baseline,simWind_test.mat,simMed_test.mat
0.0001,0.999817430973053,0.17543859649122806,9.163243177201851e-05,57,65479,6,6,16,loso_supervised_raw_feature_logreg_conservative_topk_strict_gt,simMed_test.mat,12,simMed_test.mat#12,loso_supervised_raw_feature_logreg,learned_raw_feature_baseline,simWind_test.mat,simMed_test.mat
0.0003,0.999186098575592,0.3333333333333333,0.0002901693672780586,57,65479,19,19,38,loso_supervised_raw_feature_logreg_conservative_topk_strict_gt,simMed_test.mat,12,simMed_test.mat#12,loso_supervised_raw_feature_logreg,learned_raw_feature_baseline,simWind_test.mat,simMed_test.mat
0.001,0.9959339499473572,0.49122807017543857,0.0009926846775302005,57,65479,65,65,93,loso_supervised_raw_feature_logreg_conservative_topk_strict_gt,simMed_test.mat,12,simMed_test.mat#12,loso_supervised_raw_feature_logreg,learned_raw_feature_baseline,simWind_test.mat,simMed_test.mat
0.003,0.9879158735275269,0.5964912280701754,0.0029933261045526046,57,65479,196,196,230,loso_supervised_raw_feature_logreg_conservative_topk_strict_gt,simMed_test.mat,12,simMed_test.mat#12,loso_supervised_raw_feature_logreg,learned_raw_feature_baseline,simWind_test.mat,simMed_test.mat
0.01,0.9546101689338684,0.7894736842105263,0.009987935063150018,57,65479,654,654,699,loso_supervised_raw_feature_logreg_conservative_topk_strict_gt,simMed_test.mat,12,simMed_test.mat#12,loso_supervised_raw_feature_logreg,learned_raw_feature_baseline,simWind_test.mat,simMed_test.mat
1e-05,0.9999929666519165,0.17647058823529413,0.0,17,65519,0,0,3,loso_supervised_raw_feature_logreg_conservative_topk_strict_gt,simMed_test.mat,13,simMed_test.mat#13,loso_supervised_raw_feature_logreg,learned_raw_feature_baseline,simWind_test.mat,simMed_test.mat
3e-05,0.9999793767929077,0.29411764705882354,1.526274821044277e-05,17,65519,1,1,6,loso_supervised_raw_feature_logreg_conservative_topk_strict_gt,simMed_test.mat,13,simMed_test.mat#13,loso_supervised_raw_feature_logreg,learned_raw_feature_baseline,simWind_test.mat,simMed_test.mat
0.0001,0.9998611211776733,0.47058823529411764,9.157648926265664e-05,17,65519,6,6,14,loso_supervised_raw_feature_logreg_conservative_topk_strict_gt,simMed_test.mat,13,simMed_test.mat#13,loso_supervised_raw_feature_logreg,learned_raw_feature_baseline,simWind_test.mat,simMed_test.mat
0.0003,0.9992653727531433,0.5294117647058824,0.00028999221599841266,17,65519,19,19,28,loso_supervised_raw_feature_logreg_conservative_topk_strict_gt,simMed_test.mat,13,simMed_test.mat#13,loso_supervised_raw_feature_logreg,learned_raw_feature_baseline,simWind_test.mat,simMed_test.mat
0.001,0.9966185092926025,0.5294117647058824,0.0009920786336787802,17,65519,65,65,74,loso_supervised_raw_feature_logreg_conservative_topk_strict_gt,simMed_test.mat,13,simMed_test.mat#13,loso_supervised_raw_feature_logreg,learned_raw_feature_baseline,simWind_test.mat,simMed_test.mat
0.003,0.9882668852806091,0.6470588235294118,0.0029914986492467835,17,65519,196,196,207,loso_supervised_raw_feature_logreg_conservative_topk_strict_gt,simMed_test.mat,13,simMed_test.mat#13,loso_supervised_raw_feature_logreg,learned_raw_feature_baseline,simWind_test.mat,simMed_test.mat
0.01,0.913841187953949,0.7647058823529411,0.009997100077840016,17,65519,655,655,668,loso_supervised_raw_feature_logreg_conservative_topk_strict_gt,simMed_test.mat,13,simMed_test.mat#13,loso_supervised_raw_feature_logreg,learned_raw_feature_baseline,simWind_test.mat,simMed_test.mat
1e-05,0.9999139308929443,0.1,0.0,30,65506,0,0,3,loso_supervised_raw_feature_logreg_conservative_topk_strict_gt,simMed_test.mat,14,simMed_test.mat#14,loso_supervised_raw_feature_logreg,learned_raw_feature_baseline,simWind_test.mat,simMed_test.mat
3e-05,0.9997847676277161,0.16666666666666666,1.526577718071627e-05,30,65506,1,1,6,loso_supervised_raw_feature_logreg_conservative_topk_strict_gt,simMed_test.mat,14,simMed_test.mat#14,loso_supervised_raw_feature_logreg,learned_raw_feature_baseline,simWind_test.mat,simMed_test.mat
0.0001,0.9991656541824341,0.23333333333333334,9.159466308429762e-05,30,65506,6,6,13,loso_supervised_raw_feature_logreg_conservative_topk_strict_gt,simMed_test.mat,14,simMed_test.mat#14,loso_supervised_raw_feature_logreg,learned_raw_feature_baseline,simWind_test.mat,simMed_test.mat
0.0003,0.9972310662269592,0.3,0.00029004976643360914,30,65506,19,19,28,loso_supervised_raw_feature_logreg_conservative_topk_strict_gt,simMed_test.mat,14,simMed_test.mat#14,loso_supervised_raw_feature_logreg,learned_raw_feature_baseline,simWind_test.mat,simMed_test.mat
0.001,0.9932261109352112,0.5,0.0009922755167465576,30,65506,65,65,80,loso_supervised_raw_feature_logreg_conservative_topk_strict_gt,simMed_test.mat,14,simMed_test.mat#14,loso_supervised_raw_feature_logreg,learned_raw_feature_baseline,simWind_test.mat,simMed_test.mat
0.003,0.984188973903656,0.6,0.002992092327420389,30,65506,196,196,214,loso_supervised_raw_feature_logreg_conservative_topk_strict_gt,simMed_test.mat,14,simMed_test.mat#14,loso_supervised_raw_feature_logreg,learned_raw_feature_baseline,simWind_test.mat,simMed_test.mat
0.01,0.9504476189613342,0.7333333333333333,0.009999084053369156,30,65506,655,655,677,loso_supervised_raw_feature_logreg_conservative_topk_strict_gt,simMed_test.mat,14,simMed_test.mat#14,loso_supervised_raw_feature_logreg,learned_raw_feature_baseline,simWind_test.mat,simMed_test.mat
1e-05,0.999947190284729,0.023255813953488372,0.0,43,65493,0,0,1,loso_supervised_raw_feature_logreg_conservative_topk_strict_gt,simMed_test.mat,15,simMed_test.mat#15,loso_supervised_raw_feature_logreg,learned_raw_feature_baseline,simWind_test.mat,simMed_test.mat
3e-05,0.999582827091217,0.09302325581395349,1.526880735345762e-05,43,65493,1,1,5,loso_supervised_raw_feature_logreg_conservative_topk_strict_gt,simMed_test.mat,15,simMed_test.mat#15,loso_supervised_raw_feature_logreg,learned_raw_feature_baseline,simWind_test.mat,simMed_test.mat
0.0001,0.9991912245750427,0.20930232558139536,9.161284412074573e-05,43,65493,6,6,15,loso_supervised_raw_feature_logreg_conservative_topk_strict_gt,simMed_test.mat,15,simMed_test.mat#15,loso_supervised_raw_feature_logreg,learned_raw_feature_baseline,simWind_test.mat,simMed_test.mat
0.0003,0.9977878332138062,0.2558139534883721,0.0002901073397156948,43,65493,19,19,30,loso_supervised_raw_feature_logreg_conservative_topk_strict_gt,simMed_test.mat,15,simMed_test.mat#15,loso_supervised_raw_feature_logreg,learned_raw_feature_baseline,simWind_test.mat,simMed_test.mat
0.001,0.9942588806152344,0.46511627906976744,0.0009924724779747454,43,65493,65,65,85,loso_supervised_raw_feature_logreg_conservative_topk_strict_gt,simMed_test.mat,15,simMed_test.mat#15,loso_supervised_raw_feature_logreg,learned_raw_feature_baseline,simWind_test.mat,simMed_test.mat
0.003,0.9864047765731812,0.5116279069767442,0.0029926862412776936,43,65493,196,196,218,loso_supervised_raw_feature_logreg_conservative_topk_strict_gt,simMed_test.mat,15,simMed_test.mat#15,loso_supervised_raw_feature_logreg,learned_raw_feature_baseline,simWind_test.mat,simMed_test.mat
0.01,0.9569774866104126,0.6511627906976745,0.009985800009161284,43,65493,654,654,682,loso_supervised_raw_feature_logreg_conservative_topk_strict_gt,simMed_test.mat,15,simMed_test.mat#15,loso_supervised_raw_feature_logreg,learned_raw_feature_baseline,simWind_test.mat,simMed_test.mat
1e-05,0.9999997615814209,0.13043478260869565,0.0,23,65513,0,0,3,loso_supervised_raw_feature_logreg_conservative_topk_strict_gt,simMed_test.mat,16,simMed_test.mat#16,loso_supervised_raw_feature_logreg,learned_raw_feature_baseline,simWind_test.mat,simMed_test.mat
3e-05,0.9999997615814209,0.13043478260869565,0.0,23,65513,1,0,3,loso_supervised_raw_feature_logreg_conservative_topk_strict_gt,simMed_test.mat,16,simMed_test.mat#16,loso_supervised_raw_feature_logreg,learned_raw_feature_baseline,simWind_test.mat,simMed_test.mat
0.0001,0.9999971389770508,0.4782608695652174,9.158487628409629e-05,23,65513,6,6,17,loso_supervised_raw_feature_logreg_conservative_topk_strict_gt,simMed_test.mat,16,simMed_test.mat#16,loso_supervised_raw_feature_logreg,learned_raw_feature_baseline,simWind_test.mat,simMed_test.mat
0.0003,0.99994957447052,0.5217391304347826,0.00029001877489963823,23,65513,19,19,31,loso_supervised_raw_feature_logreg_conservative_topk_strict_gt,simMed_test.mat,16,simMed_test.mat#16,loso_supervised_raw_feature_logreg,learned_raw_feature_baseline,simWind_test.mat,simMed_test.mat
0.001,0.9978260397911072,0.782608695652174,0.0009921694930777097,23,65513,65,65,83,loso_supervised_raw_feature_logreg_conservative_topk_strict_gt,simMed_test.mat,16,simMed_test.mat#16,loso_supervised_raw_feature_logreg,learned_raw_feature_baseline,simWind_test.mat,simMed_test.mat
0.003,0.9901159405708313,0.8260869565217391,0.0029917726252804786,23,65513,196,196,215,loso_supervised_raw_feature_logreg_conservative_topk_strict_gt,simMed_test.mat,16,simMed_test.mat#16,loso_supervised_raw_feature_logreg,learned_raw_feature_baseline,simWind_test.mat,simMed_test.mat
0.01,0.9449016451835632,0.8695652173913043,0.009998015661013845,23,65513,655,655,675,loso_supervised_raw_feature_logreg_conservative_topk_strict_gt,simMed_test.mat,16,simMed_test.mat#16,loso_supervised_raw_feature_logreg,learned_raw_feature_baseline,simWind_test.mat,simMed_test.mat
1e-05,0.9999998807907104,0.034482758620689655,0.0,29,65507,0,0,1,loso_supervised_raw_feature_logreg_conservative_topk_strict_gt,simMed_test.mat,17,simMed_test.mat#17,loso_supervised_raw_feature_logreg,learned_raw_feature_baseline,simWind_test.mat,simMed_test.mat
3e-05,0.9999996423721313,0.20689655172413793,1.5265544140320883e-05,29,65507,1,1,7,loso_supervised_raw_feature_logreg_conservative_topk_strict_gt,simMed_test.mat,17,simMed_test.mat#17,loso_supervised_raw_feature_logreg,learned_raw_feature_baseline,simWind_test.mat,simMed_test.mat
0.0001,0.9999985694885254,0.27586206896551724,9.159326484192529e-05,29,65507,6,6,14,loso_supervised_raw_feature_logreg_conservative_topk_strict_gt,simMed_test.mat,17,simMed_test.mat#17,loso_supervised_raw_feature_logreg,learned_raw_feature_baseline,simWind_test.mat,simMed_test.mat
0.0003,0.9999862909317017,0.3793103448275862,0.00027477979452577585,29,65507,19,18,29,loso_supervised_raw_feature_logreg_conservative_topk_strict_gt,simMed_test.mat,17,simMed_test.mat#17,loso_supervised_raw_feature_logreg,learned_raw_feature_baseline,simWind_test.mat,simMed_test.mat
0.001,0.9978899359703064,0.7586206896551724,0.0009922603691208574,29,65507,65,65,87,loso_supervised_raw_feature_logreg_conservative_topk_strict_gt,simMed_test.mat,17,simMed_test.mat#17,loso_supervised_raw_feature_logreg,learned_raw_feature_baseline,simWind_test.mat,simMed_test.mat
0.003,0.981336772441864,0.7931034482758621,0.002992046651502893,29,65507,196,196,219,loso_supervised_raw_feature_logreg_conservative_topk_strict_gt,simMed_test.mat,17,simMed_test.mat#17,loso_supervised_raw_feature_logreg,learned_raw_feature_baseline,simWind_test.mat,simMed_test.mat
0.01,0.8231808543205261,0.8275862068965517,0.009998931411910177,29,65507,655,655,679,loso_supervised_raw_feature_logreg_conservative_topk_strict_gt,simMed_test.mat,17,simMed_test.mat#17,loso_supervised_raw_feature_logreg,learned_raw_feature_baseline,simWind_test.mat,simMed_test.mat
1e-05,0.9999996423721313,0.038461538461538464,0.0,52,65484,0,0,2,loso_supervised_raw_feature_logreg_conservative_topk_strict_gt,simMed_test.mat,18,simMed_test.mat#18,loso_supervised_raw_feature_logreg,learned_raw_feature_baseline,simWind_test.mat,simMed_test.mat
3e-05,0.9999995231628418,0.07692307692307693,1.5270905870136215e-05,52,65484,1,1,5,loso_supervised_raw_feature_logreg_conservative_topk_strict_gt,simMed_test.mat,18,simMed_test.mat#18,loso_supervised_raw_feature_logreg,learned_raw_feature_baseline,simWind_test.mat,simMed_test.mat
0.0001,0.9999985694885254,0.23076923076923078,9.16254352208173e-05,52,65484,6,6,18,loso_supervised_raw_feature_logreg_conservative_topk_strict_gt,simMed_test.mat,18,simMed_test.mat#18,loso_supervised_raw_feature_logreg,learned_raw_feature_baseline,simWind_test.mat,simMed_test.mat
0.0003,0.9999932050704956,0.3269230769230769,0.0002901472115325881,52,65484,19,19,36,loso_supervised_raw_feature_logreg_conservative_topk_strict_gt,simMed_test.mat,18,simMed_test.mat#18,loso_supervised_raw_feature_logreg,learned_raw_feature_baseline,simWind_test.mat,simMed_test.mat
0.001,0.9996349811553955,0.6730769230769231,0.000992608881558854,52,65484,65,65,100,loso_supervised_raw_feature_logreg_conservative_topk_strict_gt,simMed_test.mat,18,simMed_test.mat#18,loso_supervised_raw_feature_logreg,learned_raw_feature_baseline,simWind_test.mat,simMed_test.mat
0.003,0.9924138188362122,0.8269230769230769,0.0029930975505466986,52,65484,196,196,239,loso_supervised_raw_feature_logreg_conservative_topk_strict_gt,simMed_test.mat,18,simMed_test.mat#18,loso_supervised_raw_feature_logreg,learned_raw_feature_baseline,simWind_test.mat,simMed_test.mat
0.01,0.9649378657341003,0.9230769230769231,0.009987172439069086,52,65484,654,654,702,loso_supervised_raw_feature_logreg_conservative_topk_strict_gt,simMed_test.mat,18,simMed_test.mat#18,loso_supervised_raw_feature_logreg,learned_raw_feature_baseline,simWind_test.mat,simMed_test.mat
1e-05,0.9999996423721313,0.041666666666666664,0.0,24,65512,0,0,1,loso_supervised_raw_feature_logreg_conservative_topk_strict_gt,simMed_test.mat,19,simMed_test.mat#19,loso_supervised_raw_feature_logreg,learned_raw_feature_baseline,simWind_test.mat,simMed_test.mat
3e-05,0.9999984502792358,0.16666666666666666,1.5264379045060447e-05,24,65512,1,1,5,loso_supervised_raw_feature_logreg_conservative_topk_strict_gt,simMed_test.mat,19,simMed_test.mat#19,loso_supervised_raw_feature_logreg,learned_raw_feature_baseline,simWind_test.mat,simMed_test.mat
0.0001,0.9999920129776001,0.3333333333333333,9.158627427036269e-05,24,65512,6,6,14,loso_supervised_raw_feature_logreg_conservative_topk_strict_gt,simMed_test.mat,19,simMed_test.mat#19,loso_supervised_raw_feature_logreg,learned_raw_feature_baseline,simWind_test.mat,simMed_test.mat
0.0003,0.9998841285705566,0.4166666666666667,0.0002900232018561485,24,65512,19,19,29,loso_supervised_raw_feature_logreg_conservative_topk_strict_gt,simMed_test.mat,19,simMed_test.mat#19,loso_supervised_raw_feature_logreg,learned_raw_feature_baseline,simWind_test.mat,simMed_test.mat
0.001,0.9972346425056458,0.875,0.000992184637928929,24,65512,65,65,86,loso_supervised_raw_feature_logreg_conservative_topk_strict_gt,simMed_test.mat,19,simMed_test.mat#19,loso_supervised_raw_feature_logreg,learned_raw_feature_baseline,simWind_test.mat,simMed_test.mat
0.003,0.991015613079071,0.875,0.0029918182928318476,24,65512,196,196,217,loso_supervised_raw_feature_logreg_conservative_topk_strict_gt,simMed_test.mat,19,simMed_test.mat#19,loso_supervised_raw_feature_logreg,learned_raw_feature_baseline,simWind_test.mat,simMed_test.mat
0.01,0.9645220041275024,0.9583333333333334,0.009998168274514593,24,65512,655,655,678,loso_supervised_raw_feature_logreg_conservative_topk_strict_gt,simMed_test.mat,19,simMed_test.mat#19,loso_supervised_raw_feature_logreg,learned_raw_feature_baseline,simWind_test.mat,simMed_test.mat
1e-05,0.9999998807907104,0.041666666666666664,0.0,24,65512,0,0,1,loso_supervised_raw_feature_logreg_conservative_topk_strict_gt,simMed_test.mat,20,simMed_test.mat#20,loso_supervised_raw_feature_logreg,learned_raw_feature_baseline,simWind_test.mat,simMed_test.mat
3e-05,0.9999986886978149,0.125,1.5264379045060447e-05,24,65512,1,1,4,loso_supervised_raw_feature_logreg_conservative_topk_strict_gt,simMed_test.mat,20,simMed_test.mat#20,loso_supervised_raw_feature_logreg,learned_raw_feature_baseline,simWind_test.mat,simMed_test.mat
0.0001,0.9999765157699585,0.3333333333333333,9.158627427036269e-05,24,65512,6,6,14,loso_supervised_raw_feature_logreg_conservative_topk_strict_gt,simMed_test.mat,20,simMed_test.mat#20,loso_supervised_raw_feature_logreg,learned_raw_feature_baseline,simWind_test.mat,simMed_test.mat
0.0003,0.9998775720596313,0.4166666666666667,0.0002900232018561485,24,65512,19,19,29,loso_supervised_raw_feature_logreg_conservative_topk_strict_gt,simMed_test.mat,20,simMed_test.mat#20,loso_supervised_raw_feature_logreg,learned_raw_feature_baseline,simWind_test.mat,simMed_test.mat
0.001,0.9967567324638367,0.5416666666666666,0.000992184637928929,24,65512,65,65,78,loso_supervised_raw_feature_logreg_conservative_topk_strict_gt,simMed_test.mat,20,simMed_test.mat#20,loso_supervised_raw_feature_logreg,learned_raw_feature_baseline,simWind_test.mat,simMed_test.mat
0.003,0.9880619049072266,0.6666666666666666,0.0029918182928318476,24,65512,196,196,212,loso_supervised_raw_feature_logreg_conservative_topk_strict_gt,simMed_test.mat,20,simMed_test.mat#20,loso_supervised_raw_feature_logreg,learned_raw_feature_baseline,simWind_test.mat,simMed_test.mat
0.01,0.9020302295684814,0.7083333333333334,0.009998168274514593,24,65512,655,655,672,loso_supervised_raw_feature_logreg_conservative_topk_strict_gt,simMed_test.mat,20,simMed_test.mat#20,loso_supervised_raw_feature_logreg,learned_raw_feature_baseline,simWind_test.mat,simMed_test.mat
1e-05,0.9999998807907104,0.058823529411764705,0.0,17,65519,0,0,1,loso_supervised_raw_feature_logreg_conservative_topk_strict_gt,simMed_test.mat,21,simMed_test.mat#21,loso_supervised_raw_feature_logreg,learned_raw_feature_baseline,simWind_test.mat,simMed_test.mat
3e-05,0.9999997615814209,0.17647058823529413,1.526274821044277e-05,17,65519,1,1,4,loso_supervised_raw_feature_logreg_conservative_topk_strict_gt,simMed_test.mat,21,simMed_test.mat#21,loso_supervised_raw_feature_logreg,learned_raw_feature_baseline,simWind_test.mat,simMed_test.mat
0.0001,0.9999946355819702,0.23529411764705882,9.157648926265664e-05,17,65519,6,6,10,loso_supervised_raw_feature_logreg_conservative_topk_strict_gt,simMed_test.mat,21,simMed_test.mat#21,loso_supervised_raw_feature_logreg,learned_raw_feature_baseline,simWind_test.mat,simMed_test.mat
0.0003,0.9997591376304626,0.4117647058823529,0.00028999221599841266,17,65519,19,19,26,loso_supervised_raw_feature_logreg_conservative_topk_strict_gt,simMed_test.mat,21,simMed_test.mat#21,loso_supervised_raw_feature_logreg,learned_raw_feature_baseline,simWind_test.mat,simMed_test.mat
0.001,0.9964675903320312,0.7058823529411765,0.0009920786336787802,17,65519,65,65,77,loso_supervised_raw_feature_logreg_conservative_topk_strict_gt,simMed_test.mat,21,simMed_test.mat#21,loso_supervised_raw_feature_logreg,learned_raw_feature_baseline,simWind_test.mat,simMed_test.mat
0.003,0.986203670501709,0.8823529411764706,0.0029914986492467835,17,65519,196,196,211,loso_supervised_raw_feature_logreg_conservative_topk_strict_gt,simMed_test.mat,21,simMed_test.mat#21,loso_supervised_raw_feature_logreg,learned_raw_feature_baseline,simWind_test.mat,simMed_test.mat
0.01,0.8918556571006775,0.9411764705882353,0.009997100077840016,17,65519,655,655,671,loso_supervised_raw_feature_logreg_conservative_topk_strict_gt,simMed_test.mat,21,simMed_test.mat#21,loso_supervised_raw_feature_logreg,learned_raw_feature_baseline,simWind_test.mat,simMed_test.mat
1e-05,0.9999774694442749,0.057692307692307696,0.0,52,65484,0,0,3,loso_supervised_raw_feature_logreg_conservative_topk_strict_gt,simMed_test.mat,22,simMed_test.mat#22,loso_supervised_raw_feature_logreg,learned_raw_feature_baseline,simWind_test.mat,simMed_test.mat
3e-05,0.9999661445617676,0.057692307692307696,1.5270905870136215e-05,52,65484,1,1,4,loso_supervised_raw_feature_logreg_conservative_topk_strict_gt,simMed_test.mat,22,simMed_test.mat#22,loso_supervised_raw_feature_logreg,learned_raw_feature_baseline,simWind_test.mat,simMed_test.mat
0.0001,0.9997808337211609,0.1346153846153846,9.16254352208173e-05,52,65484,6,6,13,loso_supervised_raw_feature_logreg_conservative_topk_strict_gt,simMed_test.mat,22,simMed_test.mat#22,loso_supervised_raw_feature_logreg,learned_raw_feature_baseline,simWind_test.mat,simMed_test.mat
0.0003,0.9985949397087097,0.3269230769230769,0.0002901472115325881,52,65484,19,19,36,loso_supervised_raw_feature_logreg_conservative_topk_strict_gt,simMed_test.mat,22,simMed_test.mat#22,loso_supervised_raw_feature_logreg,learned_raw_feature_baseline,simWind_test.mat,simMed_test.mat
0.001,0.995033860206604,0.46153846153846156,0.000992608881558854,52,65484,65,65,89,loso_supervised_raw_feature_logreg_conservative_topk_strict_gt,simMed_test.mat,22,simMed_test.mat#22,loso_supervised_raw_feature_logreg,learned_raw_feature_baseline,simWind_test.mat,simMed_test.mat
0.003,0.9875356554985046,0.6730769230769231,0.0029930975505466986,52,65484,196,196,231,loso_supervised_raw_feature_logreg_conservative_topk_strict_gt,simMed_test.mat,22,simMed_test.mat#22,loso_supervised_raw_feature_logreg,learned_raw_feature_baseline,simWind_test.mat,simMed_test.mat
0.01,0.9553718566894531,0.8076923076923077,0.009987172439069086,52,65484,654,654,696,loso_supervised_raw_feature_logreg_conservative_topk_strict_gt,simMed_test.mat,22,simMed_test.mat#22,loso_supervised_raw_feature_logreg,learned_raw_feature_baseline,simWind_test.mat,simMed_test.mat
1e-05,0.9999749660491943,0.03636363636363636,0.0,55,65481,0,0,2,loso_supervised_raw_feature_logreg_conservative_topk_strict_gt,simMed_test.mat,23,simMed_test.mat#23,loso_supervised_raw_feature_logreg,learned_raw_feature_baseline,simWind_test.mat,simMed_test.mat
3e-05,0.9999500513076782,0.07272727272727272,1.5271605503886624e-05,55,65481,1,1,5,loso_supervised_raw_feature_logreg_conservative_topk_strict_gt,simMed_test.mat,23,simMed_test.mat#23,loso_supervised_raw_feature_logreg,learned_raw_feature_baseline,simWind_test.mat,simMed_test.mat
0.0001,0.9999164342880249,0.14545454545454545,9.162963302331974e-05,55,65481,6,6,14,loso_supervised_raw_feature_logreg_conservative_topk_strict_gt,simMed_test.mat,23,simMed_test.mat#23,loso_supervised_raw_feature_logreg,learned_raw_feature_baseline,simWind_test.mat,simMed_test.mat
0.0003,0.9993120431900024,0.38181818181818183,0.00029016050457384584,55,65481,19,19,40,loso_supervised_raw_feature_logreg_conservative_topk_strict_gt,simMed_test.mat,23,simMed_test.mat#23,loso_supervised_raw_feature_logreg,learned_raw_feature_baseline,simWind_test.mat,simMed_test.mat
0.001,0.9962301850318909,0.4727272727272727,0.0009926543577526306,55,65481,65,65,91,loso_supervised_raw_feature_logreg_conservative_topk_strict_gt,simMed_test.mat,23,simMed_test.mat#23,loso_supervised_raw_feature_logreg,learned_raw_feature_baseline,simWind_test.mat,simMed_test.mat
0.003,0.9876326322555542,0.6363636363636364,0.002993234678761778,55,65481,196,196,231,loso_supervised_raw_feature_logreg_conservative_topk_strict_gt,simMed_test.mat,23,simMed_test.mat#23,loso_supervised_raw_feature_logreg,learned_raw_feature_baseline,simWind_test.mat,simMed_test.mat
0.01,0.954271137714386,0.7818181818181819,0.009987629999541852,55,65481,654,654,697,loso_supervised_raw_feature_logreg_conservative_topk_strict_gt,simMed_test.mat,23,simMed_test.mat#23,loso_supervised_raw_feature_logreg,learned_raw_feature_baseline,simWind_test.mat,simMed_test.mat
1e-05,0.9999996423721313,0.05405405405405406,0.0,37,65499,0,0,2,loso_supervised_raw_feature_logreg_conservative_topk_strict_gt,simMed_test.mat,24,simMed_test.mat#24,loso_supervised_raw_feature_logreg,learned_raw_feature_baseline,simWind_test.mat,simMed_test.mat
3e-05,0.9999996423721313,0.05405405405405406,0.0,37,65499,1,0,2,loso_supervised_raw_feature_logreg_conservative_topk_strict_gt,simMed_test.mat,24,simMed_test.mat#24,loso_supervised_raw_feature_logreg,learned_raw_feature_baseline,simWind_test.mat,simMed_test.mat
0.0001,0.9999903440475464,0.2972972972972973,9.160445197636606e-05,37,65499,6,6,17,loso_supervised_raw_feature_logreg_conservative_topk_strict_gt,simMed_test.mat,24,simMed_test.mat#24,loso_supervised_raw_feature_logreg,learned_raw_feature_baseline,simWind_test.mat,simMed_test.mat
0.0003,0.9999600648880005,0.43243243243243246,0.00029008076459182585,37,65499,19,19,35,loso_supervised_raw_feature_logreg_conservative_topk_strict_gt,simMed_test.mat,24,simMed_test.mat#24,loso_supervised_raw_feature_logreg,learned_raw_feature_baseline,simWind_test.mat,simMed_test.mat
0.001,0.9984160661697388,0.7027027027027027,0.0009923815630772988,37,65499,65,65,91,loso_supervised_raw_feature_logreg_conservative_topk_strict_gt,simMed_test.mat,24,simMed_test.mat#24,loso_supervised_raw_feature_logreg,learned_raw_feature_baseline,simWind_test.mat,simMed_test.mat
0.003,0.9920445680618286,0.7837837837837838,0.0029924120978946245,37,65499,196,196,225,loso_supervised_raw_feature_logreg_conservative_topk_strict_gt,simMed_test.mat,24,simMed_test.mat#24,loso_supervised_raw_feature_logreg,learned_raw_feature_baseline,simWind_test.mat,simMed_test.mat
0.01,0.9687778949737549,0.8918918918918919,0.009984885265423899,37,65499,654,654,687,loso_supervised_raw_feature_logreg_conservative_topk_strict_gt,simMed_test.mat,24,simMed_test.mat#24,loso_supervised_raw_feature_logreg,learned_raw_feature_baseline,simWind_test.mat,simMed_test.mat
1e-05,0.9999784231185913,0.1,0.0,30,65506,0,0,3,loso_supervised_raw_feature_logreg_conservative_topk_strict_gt,simMed_test.mat,25,simMed_test.mat#25,loso_supervised_raw_feature_logreg,learned_raw_feature_baseline,simWind_test.mat,simMed_test.mat
3e-05,0.9999769926071167,0.1,1.526577718071627e-05,30,65506,1,1,4,loso_supervised_raw_feature_logreg_conservative_topk_strict_gt,simMed_test.mat,25,simMed_test.mat#25,loso_supervised_raw_feature_logreg,learned_raw_feature_baseline,simWind_test.mat,simMed_test.mat
0.0001,0.9998329877853394,0.23333333333333334,9.159466308429762e-05,30,65506,6,6,13,loso_supervised_raw_feature_logreg_conservative_topk_strict_gt,simMed_test.mat,25,simMed_test.mat#25,loso_supervised_raw_feature_logreg,learned_raw_feature_baseline,simWind_test.mat,simMed_test.mat
0.0003,0.9993612170219421,0.3333333333333333,0.00029004976643360914,30,65506,19,19,29,loso_supervised_raw_feature_logreg_conservative_topk_strict_gt,simMed_test.mat,25,simMed_test.mat#25,loso_supervised_raw_feature_logreg,learned_raw_feature_baseline,simWind_test.mat,simMed_test.mat
0.001,0.997093915939331,0.5666666666666667,0.0009922755167465576,30,65506,65,65,82,loso_supervised_raw_feature_logreg_conservative_topk_strict_gt,simMed_test.mat,25,simMed_test.mat#25,loso_supervised_raw_feature_logreg,learned_raw_feature_baseline,simWind_test.mat,simMed_test.mat
0.003,0.9911336302757263,0.7,0.002992092327420389,30,65506,196,196,217,loso_supervised_raw_feature_logreg_conservative_topk_strict_gt,simMed_test.mat,25,simMed_test.mat#25,loso_supervised_raw_feature_logreg,learned_raw_feature_baseline,simWind_test.mat,simMed_test.mat
0.01,0.9600450992584229,0.8333333333333334,0.009999084053369156,30,65506,655,655,680,loso_supervised_raw_feature_logreg_conservative_topk_strict_gt,simMed_test.mat,25,simMed_test.mat#25,loso_supervised_raw_feature_logreg,learned_raw_feature_baseline,simWind_test.mat,simMed_test.mat
1e-05,0.9999997615814209,0.0,0.0,63,65473,0,0,0,loso_supervised_raw_feature_logreg_conservative_topk_strict_gt,simMed_test.mat,26,simMed_test.mat#26,loso_supervised_raw_feature_logreg,learned_raw_feature_baseline,simWind_test.mat,simMed_test.mat
3e-05,0.9999996423721313,0.031746031746031744,1.5273471507338904e-05,63,65473,1,1,3,loso_supervised_raw_feature_logreg_conservative_topk_strict_gt,simMed_test.mat,26,simMed_test.mat#26,loso_supervised_raw_feature_logreg,learned_raw_feature_baseline,simWind_test.mat,simMed_test.mat
0.0001,0.9999986886978149,0.15873015873015872,9.164082904403341e-05,63,65473,6,6,16,loso_supervised_raw_feature_logreg_conservative_topk_strict_gt,simMed_test.mat,26,simMed_test.mat#26,loso_supervised_raw_feature_logreg,learned_raw_feature_baseline,simWind_test.mat,simMed_test.mat
0.0003,0.9999910593032837,0.31746031746031744,0.00029019595863943913,63,65473,19,19,39,loso_supervised_raw_feature_logreg_conservative_topk_strict_gt,simMed_test.mat,26,simMed_test.mat#26,loso_supervised_raw_feature_logreg,learned_raw_feature_baseline,simWind_test.mat,simMed_test.mat
0.001,0.9997796416282654,0.5079365079365079,0.0009927756479770288,63,65473,65,65,97,loso_supervised_raw_feature_logreg_conservative_topk_strict_gt,simMed_test.mat,26,simMed_test.mat#26,loso_supervised_raw_feature_logreg,learned_raw_feature_baseline,simWind_test.mat,simMed_test.mat
0.003,0.9931750893592834,0.8095238095238095,0.002993600415438425,63,65473,196,196,247,loso_supervised_raw_feature_logreg_conservative_topk_strict_gt,simMed_test.mat,26,simMed_test.mat#26,loso_supervised_raw_feature_logreg,learned_raw_feature_baseline,simWind_test.mat,simMed_test.mat
0.01,0.9706700444221497,0.873015873015873,0.009988850365799643,63,65473,654,654,709,loso_supervised_raw_feature_logreg_conservative_topk_strict_gt,simMed_test.mat,26,simMed_test.mat#26,loso_supervised_raw_feature_logreg,learned_raw_feature_baseline,simWind_test.mat,simMed_test.mat
1e-05,0.9999911785125732,0.0847457627118644,0.0,59,65477,0,0,5,loso_supervised_raw_feature_logreg_conservative_topk_strict_gt,simMed_test.mat,27,simMed_test.mat#27,loso_supervised_raw_feature_logreg,learned_raw_feature_baseline,simWind_test.mat,simMed_test.mat
3e-05,0.9999867677688599,0.11864406779661017,1.5272538448615544e-05,59,65477,1,1,8,loso_supervised_raw_feature_logreg_conservative_topk_strict_gt,simMed_test.mat,27,simMed_test.mat#27,loso_supervised_raw_feature_logreg,learned_raw_feature_baseline,simWind_test.mat,simMed_test.mat
0.0001,0.9999573230743408,0.1864406779661017,9.163523069169327e-05,59,65477,6,6,17,loso_supervised_raw_feature_logreg_conservative_topk_strict_gt,simMed_test.mat,27,simMed_test.mat#27,loso_supervised_raw_feature_logreg,learned_raw_feature_baseline,simWind_test.mat,simMed_test.mat
0.0003,0.9997339844703674,0.3559322033898305,0.00029017823052369533,59,65477,19,19,40,loso_supervised_raw_feature_logreg_conservative_topk_strict_gt,simMed_test.mat,27,simMed_test.mat#27,loso_supervised_raw_feature_logreg,learned_raw_feature_baseline,simWind_test.mat,simMed_test.mat
0.001,0.9976060390472412,0.6101694915254238,0.0009927149991600104,59,65477,65,65,101,loso_supervised_raw_feature_logreg_conservative_topk_strict_gt,simMed_test.mat,27,simMed_test.mat#27,loso_supervised_raw_feature_logreg,learned_raw_feature_baseline,simWind_test.mat,simMed_test.mat
0.003,0.9898326396942139,0.7457627118644068,0.002993417535928647,59,65477,196,196,240,loso_supervised_raw_feature_logreg_conservative_topk_strict_gt,simMed_test.mat,27,simMed_test.mat#27,loso_supervised_raw_feature_logreg,learned_raw_feature_baseline,simWind_test.mat,simMed_test.mat
0.01,0.9483277797698975,0.864406779661017,0.009988240145394567,59,65477,654,654,705,loso_supervised_raw_feature_logreg_conservative_topk_strict_gt,simMed_test.mat,27,simMed_test.mat#27,loso_supervised_raw_feature_logreg,learned_raw_feature_baseline,simWind_test.mat,simMed_test.mat
1e-05,0.9999986886978149,0.07692307692307693,0.0,26,65510,0,0,2,loso_supervised_raw_feature_logreg_conservative_topk_strict_gt,simMed_test.mat,28,simMed_test.mat#28,loso_supervised_raw_feature_logreg,learned_raw_feature_baseline,simWind_test.mat,simMed_test.mat
3e-05,0.9999978542327881,0.19230769230769232,1.5264845061822624e-05,26,65510,1,1,6,loso_supervised_raw_feature_logreg_conservative_topk_strict_gt,simMed_test.mat,28,simMed_test.mat#28,loso_supervised_raw_feature_logreg,learned_raw_feature_baseline,simWind_test.mat,simMed_test.mat
0.0001,0.9999920129776001,0.38461538461538464,9.158907037093573e-05,26,65510,6,6,16,loso_supervised_raw_feature_logreg_conservative_topk_strict_gt,simMed_test.mat,28,simMed_test.mat#28,loso_supervised_raw_feature_logreg,learned_raw_feature_baseline,simWind_test.mat,simMed_test.mat
0.0003,0.9999058246612549,0.4230769230769231,0.00029003205617462985,26,65510,19,19,30,loso_supervised_raw_feature_logreg_conservative_topk_strict_gt,simMed_test.mat,28,simMed_test.mat#28,loso_supervised_raw_feature_logreg,learned_raw_feature_baseline,simWind_test.mat,simMed_test.mat
0.001,0.9971826076507568,0.7307692307692307,0.0009922149290184704,26,65510,65,65,84,loso_supervised_raw_feature_logreg_conservative_topk_strict_gt,simMed_test.mat,28,simMed_test.mat#28,loso_supervised_raw_feature_logreg,learned_raw_feature_baseline,simWind_test.mat,simMed_test.mat
0.003,0.9892253279685974,0.8461538461538461,0.002991909632117234,26,65510,196,196,218,loso_supervised_raw_feature_logreg_conservative_topk_strict_gt,simMed_test.mat,28,simMed_test.mat#28,loso_supervised_raw_feature_logreg,learned_raw_feature_baseline,simWind_test.mat,simMed_test.mat
0.01,0.9599173069000244,0.9615384615384616,0.009998473515493819,26,65510,655,655,680,loso_supervised_raw_feature_logreg_conservative_topk_strict_gt,simMed_test.mat,28,simMed_test.mat#28,loso_supervised_raw_feature_logreg,learned_raw_feature_baseline,simWind_test.mat,simMed_test.mat
1e-05,0.9999990463256836,0.07692307692307693,0.0,26,65510,0,0,2,loso_supervised_raw_feature_logreg_conservative_topk_strict_gt,simMed_test.mat,29,simMed_test.mat#29,loso_supervised_raw_feature_logreg,learned_raw_feature_baseline,simWind_test.mat,simMed_test.mat
3e-05,0.9999986886978149,0.07692307692307693,1.5264845061822624e-05,26,65510,1,1,3,loso_supervised_raw_feature_logreg_conservative_topk_strict_gt,simMed_test.mat,29,simMed_test.mat#29,loso_supervised_raw_feature_logreg,learned_raw_feature_baseline,simWind_test.mat,simMed_test.mat
0.0001,0.999961256980896,0.23076923076923078,9.158907037093573e-05,26,65510,6,6,12,loso_supervised_raw_feature_logreg_conservative_topk_strict_gt,simMed_test.mat,29,simMed_test.mat#29,loso_supervised_raw_feature_logreg,learned_raw_feature_baseline,simWind_test.mat,simMed_test.mat
0.0003,0.9994202852249146,0.38461538461538464,0.00029003205617462985,26,65510,19,19,29,loso_supervised_raw_feature_logreg_conservative_topk_strict_gt,simMed_test.mat,29,simMed_test.mat#29,loso_supervised_raw_feature_logreg,learned_raw_feature_baseline,simWind_test.mat,simMed_test.mat
0.001,0.9969556331634521,0.38461538461538464,0.0009922149290184704,26,65510,65,65,75,loso_supervised_raw_feature_logreg_conservative_topk_strict_gt,simMed_test.mat,29,simMed_test.mat#29,loso_supervised_raw_feature_logreg,learned_raw_feature_baseline,simWind_test.mat,simMed_test.mat
0.003,0.989257276058197,0.5769230769230769,0.002991909632117234,26,65510,196,196,211,loso_supervised_raw_feature_logreg_conservative_topk_strict_gt,simMed_test.mat,29,simMed_test.mat#29,loso_supervised_raw_feature_logreg,learned_raw_feature_baseline,simWind_test.mat,simMed_test.mat
0.01,0.8841767907142639,0.7692307692307693,0.009998473515493819,26,65510,655,655,675,loso_supervised_raw_feature_logreg_conservative_topk_strict_gt,simMed_test.mat,29,simMed_test.mat#29,loso_supervised_raw_feature_logreg,learned_raw_feature_baseline,simWind_test.mat,simMed_test.mat
1e-05,0.9999874830245972,0.04,0.0,25,65511,0,0,1,loso_supervised_raw_feature_logreg_conservative_topk_strict_gt,simMed_test.mat,31,simMed_test.mat#31,loso_supervised_raw_feature_logreg,learned_raw_feature_baseline,simWind_test.mat,simMed_test.mat
3e-05,0.9998925924301147,0.08,1.526461204988475e-05,25,65511,1,1,3,loso_supervised_raw_feature_logreg_conservative_topk_strict_gt,simMed_test.mat,31,simMed_test.mat#31,loso_supervised_raw_feature_logreg,learned_raw_feature_baseline,simWind_test.mat,simMed_test.mat
0.0001,0.9992838501930237,0.32,9.158767229930851e-05,25,65511,6,6,14,loso_supervised_raw_feature_logreg_conservative_topk_strict_gt,simMed_test.mat,31,simMed_test.mat#31,loso_supervised_raw_feature_logreg,learned_raw_feature_baseline,simWind_test.mat,simMed_test.mat
0.0003,0.9982084035873413,0.4,0.0002900276289478103,25,65511,19,19,29,loso_supervised_raw_feature_logreg_conservative_topk_strict_gt,simMed_test.mat,31,simMed_test.mat#31,loso_supervised_raw_feature_logreg,learned_raw_feature_baseline,simWind_test.mat,simMed_test.mat
0.001,0.9940699934959412,0.44,0.0009921997832425089,25,65511,65,65,76,loso_supervised_raw_feature_logreg_conservative_topk_strict_gt,simMed_test.mat,31,simMed_test.mat#31,loso_supervised_raw_feature_logreg,learned_raw_feature_baseline,simWind_test.mat,simMed_test.mat
0.003,0.9738725423812866,0.6,0.0029918639617774116,25,65511,196,196,211,loso_supervised_raw_feature_logreg_conservative_topk_strict_gt,simMed_test.mat,31,simMed_test.mat#31,loso_supervised_raw_feature_logreg,learned_raw_feature_baseline,simWind_test.mat,simMed_test.mat
0.01,0.82560133934021,0.84,0.009998320892674512,25,65511,655,655,676,loso_supervised_raw_feature_logreg_conservative_topk_strict_gt,simMed_test.mat,31,simMed_test.mat#31,loso_supervised_raw_feature_logreg,learned_raw_feature_baseline,simWind_test.mat,simMed_test.mat
1e-05,0.9999998807907104,0.0,0.0,27,65509,0,0,0,loso_supervised_raw_feature_logreg_conservative_topk_strict_gt,simMed_test.mat,32,simMed_test.mat#32,loso_supervised_raw_feature_logreg,learned_raw_feature_baseline,simWind_test.mat,simMed_test.mat
3e-05,0.9999985694885254,0.1111111111111111,1.5265078080874384e-05,27,65509,1,1,4,loso_supervised_raw_feature_logreg_conservative_topk_strict_gt,simMed_test.mat,32,simMed_test.mat#32,loso_supervised_raw_feature_logreg,learned_raw_feature_baseline,simWind_test.mat,simMed_test.mat
0.0001,0.9999947547912598,0.25925925925925924,9.15904684852463e-05,27,65509,6,6,13,loso_supervised_raw_feature_logreg_conservative_topk_strict_gt,simMed_test.mat,32,simMed_test.mat#32,loso_supervised_raw_feature_logreg,learned_raw_feature_baseline,simWind_test.mat,simMed_test.mat
0.0003,0.9999649524688721,0.4444444444444444,0.0002900364835366133,27,65509,19,19,31,loso_supervised_raw_feature_logreg_conservative_topk_strict_gt,simMed_test.mat,32,simMed_test.mat#32,loso_supervised_raw_feature_logreg,learned_raw_feature_baseline,simWind_test.mat,simMed_test.mat
0.001,0.997619092464447,0.6666666666666666,0.000992230075256835,27,65509,65,65,83,loso_supervised_raw_feature_logreg_conservative_topk_strict_gt,simMed_test.mat,32,simMed_test.mat#32,loso_supervised_raw_feature_logreg,learned_raw_feature_baseline,simWind_test.mat,simMed_test.mat
0.003,0.9923598170280457,0.7037037037037037,0.002991955303851379,27,65509,196,196,215,loso_supervised_raw_feature_logreg_conservative_topk_strict_gt,simMed_test.mat,32,simMed_test.mat#32,loso_supervised_raw_feature_logreg,learned_raw_feature_baseline,simWind_test.mat,simMed_test.mat
0.01,0.9711440205574036,0.8518518518518519,0.00999862614297272,27,65509,655,655,678,loso_supervised_raw_feature_logreg_conservative_topk_strict_gt,simMed_test.mat,32,simMed_test.mat#32,loso_supervised_raw_feature_logreg,learned_raw_feature_baseline,simWind_test.mat,simMed_test.mat
1e-05,0.9999057054519653,0.08333333333333333,0.0,36,65500,0,0,3,loso_supervised_raw_feature_logreg_conservative_topk_strict_gt,simMed_test.mat,33,simMed_test.mat#33,loso_supervised_raw_feature_logreg,learned_raw_feature_baseline,simWind_test.mat,simMed_test.mat
3e-05,0.9997040629386902,0.25,1.5267175572519083e-05,36,65500,1,1,10,loso_supervised_raw_feature_logreg_conservative_topk_strict_gt,simMed_test.mat,33,simMed_test.mat#33,loso_supervised_raw_feature_logreg,learned_raw_feature_baseline,simWind_test.mat,simMed_test.mat
0.0001,0.9993957281112671,0.3055555555555556,9.16030534351145e-05,36,65500,6,6,17,loso_supervised_raw_feature_logreg_conservative_topk_strict_gt,simMed_test.mat,33,simMed_test.mat#33,loso_supervised_raw_feature_logreg,learned_raw_feature_baseline,simWind_test.mat,simMed_test.mat
0.0003,0.9985658526420593,0.3888888888888889,0.0002900763358778626,36,65500,19,19,33,loso_supervised_raw_feature_logreg_conservative_topk_strict_gt,simMed_test.mat,33,simMed_test.mat#33,loso_supervised_raw_feature_logreg,learned_raw_feature_baseline,simWind_test.mat,simMed_test.mat
0.001,0.9933304190635681,0.5833333333333334,0.0009923664122137405,36,65500,65,65,86,loso_supervised_raw_feature_logreg_conservative_topk_strict_gt,simMed_test.mat,33,simMed_test.mat#33,loso_supervised_raw_feature_logreg,learned_raw_feature_baseline,simWind_test.mat,simMed_test.mat
0.003,0.9830666780471802,0.75,0.0029923664122137403,36,65500,196,196,223,loso_supervised_raw_feature_logreg_conservative_topk_strict_gt,simMed_test.mat,33,simMed_test.mat#33,loso_supervised_raw_feature_logreg,learned_raw_feature_baseline,simWind_test.mat,simMed_test.mat
0.01,0.9476525187492371,0.8888888888888888,0.01,36,65500,655,655,687,loso_supervised_raw_feature_logreg_conservative_topk_strict_gt,simMed_test.mat,33,simMed_test.mat#33,loso_supervised_raw_feature_logreg,learned_raw_feature_baseline,simWind_test.mat,simMed_test.mat
1e-05,0.9998123049736023,0.03389830508474576,0.0,59,65477,0,0,2,loso_supervised_raw_feature_logreg_conservative_topk_strict_gt,simMed_test.mat,34,simMed_test.mat#34,loso_supervised_raw_feature_logreg,learned_raw_feature_baseline,simWind_test.mat,simMed_test.mat
3e-05,0.9992013573646545,0.05084745762711865,1.5272538448615544e-05,59,65477,1,1,4,loso_supervised_raw_feature_logreg_conservative_topk_strict_gt,simMed_test.mat,34,simMed_test.mat#34,loso_supervised_raw_feature_logreg,learned_raw_feature_baseline,simWind_test.mat,simMed_test.mat
0.0001,0.9984323382377625,0.06779661016949153,9.163523069169327e-05,59,65477,6,6,10,loso_supervised_raw_feature_logreg_conservative_topk_strict_gt,simMed_test.mat,34,simMed_test.mat#34,loso_supervised_raw_feature_logreg,learned_raw_feature_baseline,simWind_test.mat,simMed_test.mat
0.0003,0.9968331456184387,0.1864406779661017,0.00029017823052369533,59,65477,19,19,30,loso_supervised_raw_feature_logreg_conservative_topk_strict_gt,simMed_test.mat,34,simMed_test.mat#34,loso_supervised_raw_feature_logreg,learned_raw_feature_baseline,simWind_test.mat,simMed_test.mat
0.001,0.993497371673584,0.3220338983050847,0.0009927149991600104,59,65477,65,65,84,loso_supervised_raw_feature_logreg_conservative_topk_strict_gt,simMed_test.mat,34,simMed_test.mat#34,loso_supervised_raw_feature_logreg,learned_raw_feature_baseline,simWind_test.mat,simMed_test.mat
0.003,0.9859583973884583,0.423728813559322,0.002993417535928647,59,65477,196,196,221,loso_supervised_raw_feature_logreg_conservative_topk_strict_gt,simMed_test.mat,34,simMed_test.mat#34,loso_supervised_raw_feature_logreg,learned_raw_feature_baseline,simWind_test.mat,simMed_test.mat
0.01,0.9558074474334717,0.559322033898305,0.009988240145394567,59,65477,654,654,687,loso_supervised_raw_feature_logreg_conservative_topk_strict_gt,simMed_test.mat,34,simMed_test.mat#34,loso_supervised_raw_feature_logreg,learned_raw_feature_baseline,simWind_test.mat,simMed_test.mat
1e-05,0.9999998807907104,0.0,0.0,55,65481,0,0,0,loso_supervised_raw_feature_logreg_conservative_topk_strict_gt,simMed_test.mat,35,simMed_test.mat#35,loso_supervised_raw_feature_logreg,learned_raw_feature_baseline,simWind_test.mat,simMed_test.mat
3e-05,0.9999997615814209,0.05454545454545454,1.5271605503886624e-05,55,65481,1,1,4,loso_supervised_raw_feature_logreg_conservative_topk_strict_gt,simMed_test.mat,35,simMed_test.mat#35,loso_supervised_raw_feature_logreg,learned_raw_feature_baseline,simWind_test.mat,simMed_test.mat
0.0001,0.9999992847442627,0.12727272727272726,7.635802751943312e-05,55,65481,6,5,12,loso_supervised_raw_feature_logreg_conservative_topk_strict_gt,simMed_test.mat,35,simMed_test.mat#35,loso_supervised_raw_feature_logreg,learned_raw_feature_baseline,simWind_test.mat,simMed_test.mat
0.0003,0.9999831914901733,0.38181818181818183,0.00029016050457384584,55,65481,19,19,40,loso_supervised_raw_feature_logreg_conservative_topk_strict_gt,simMed_test.mat,35,simMed_test.mat#35,loso_supervised_raw_feature_logreg,learned_raw_feature_baseline,simWind_test.mat,simMed_test.mat
0.001,0.9995179176330566,0.6363636363636364,0.0009926543577526306,55,65481,65,65,100,loso_supervised_raw_feature_logreg_conservative_topk_strict_gt,simMed_test.mat,35,simMed_test.mat#35,loso_supervised_raw_feature_logreg,learned_raw_feature_baseline,simWind_test.mat,simMed_test.mat
0.003,0.9927117824554443,0.8,0.002993234678761778,55,65481,196,196,240,loso_supervised_raw_feature_logreg_conservative_topk_strict_gt,simMed_test.mat,35,simMed_test.mat#35,loso_supervised_raw_feature_logreg,learned_raw_feature_baseline,simWind_test.mat,simMed_test.mat
0.01,0.968315839767456,0.9272727272727272,0.009987629999541852,55,65481,654,654,705,loso_supervised_raw_feature_logreg_conservative_topk_strict_gt,simMed_test.mat,35,simMed_test.mat#35,loso_supervised_raw_feature_logreg,learned_raw_feature_baseline,simWind_test.mat,simMed_test.mat
1e-05,0.9999998807907104,0.0,0.0,13,65523,0,0,0,loso_supervised_raw_feature_logreg_conservative_topk_strict_gt,simMed_test.mat,36,simMed_test.mat#36,loso_supervised_raw_feature_logreg,learned_raw_feature_baseline,simWind_test.mat,simMed_test.mat
3e-05,0.9999973773956299,0.23076923076923078,1.5261816461395235e-05,13,65523,1,1,4,loso_supervised_raw_feature_logreg_conservative_topk_strict_gt,simMed_test.mat,36,simMed_test.mat#36,loso_supervised_raw_feature_logreg,learned_raw_feature_baseline,simWind_test.mat,simMed_test.mat
0.0001,0.9999618530273438,0.46153846153846156,9.15708987683714e-05,13,65523,6,6,12,loso_supervised_raw_feature_logreg_conservative_topk_strict_gt,simMed_test.mat,36,simMed_test.mat#36,loso_supervised_raw_feature_logreg,learned_raw_feature_baseline,simWind_test.mat,simMed_test.mat
0.0003,0.9992321729660034,0.6153846153846154,0.00028997451276650945,13,65523,19,19,27,loso_supervised_raw_feature_logreg_conservative_topk_strict_gt,simMed_test.mat,36,simMed_test.mat#36,loso_supervised_raw_feature_logreg,learned_raw_feature_baseline,simWind_test.mat,simMed_test.mat
0.001,0.9966540336608887,0.8461538461538461,0.0009920180699906902,13,65523,65,65,76,loso_supervised_raw_feature_logreg_conservative_topk_strict_gt,simMed_test.mat,36,simMed_test.mat#36,loso_supervised_raw_feature_logreg,learned_raw_feature_baseline,simWind_test.mat,simMed_test.mat
0.003,0.9876208901405334,0.8461538461538461,0.002991316026433466,13,65523,196,196,207,loso_supervised_raw_feature_logreg_conservative_topk_strict_gt,simMed_test.mat,36,simMed_test.mat#36,loso_supervised_raw_feature_logreg,learned_raw_feature_baseline,simWind_test.mat,simMed_test.mat
0.01,0.9108315110206604,0.8461538461538461,0.00999648978221388,13,65523,655,655,666,loso_supervised_raw_feature_logreg_conservative_topk_strict_gt,simMed_test.mat,36,simMed_test.mat#36,loso_supervised_raw_feature_logreg,learned_raw_feature_baseline,simWind_test.mat,simMed_test.mat
1e-05,0.9999496936798096,0.06976744186046512,0.0,43,65493,0,0,3,loso_supervised_raw_feature_logreg_conservative_topk_strict_gt,simMed_test.mat,38,simMed_test.mat#38,loso_supervised_raw_feature_logreg,learned_raw_feature_baseline,simWind_test.mat,simMed_test.mat
3e-05,0.9999455213546753,0.06976744186046512,1.526880735345762e-05,43,65493,1,1,4,loso_supervised_raw_feature_logreg_conservative_topk_strict_gt,simMed_test.mat,38,simMed_test.mat#38,loso_supervised_raw_feature_logreg,learned_raw_feature_baseline,simWind_test.mat,simMed_test.mat
0.0001,0.9994205236434937,0.27906976744186046,9.161284412074573e-05,43,65493,6,6,18,loso_supervised_raw_feature_logreg_conservative_topk_strict_gt,simMed_test.mat,38,simMed_test.mat#38,loso_supervised_raw_feature_logreg,learned_raw_feature_baseline,simWind_test.mat,simMed_test.mat
0.0003,0.9981904625892639,0.37209302325581395,0.0002901073397156948,43,65493,19,19,35,loso_supervised_raw_feature_logreg_conservative_topk_strict_gt,simMed_test.mat,38,simMed_test.mat#38,loso_supervised_raw_feature_logreg,learned_raw_feature_baseline,simWind_test.mat,simMed_test.mat
0.001,0.995390772819519,0.46511627906976744,0.0009924724779747454,43,65493,65,65,85,loso_supervised_raw_feature_logreg_conservative_topk_strict_gt,simMed_test.mat,38,simMed_test.mat#38,loso_supervised_raw_feature_logreg,learned_raw_feature_baseline,simWind_test.mat,simMed_test.mat
0.003,0.9880019426345825,0.6046511627906976,0.0029926862412776936,43,65493,196,196,222,loso_supervised_raw_feature_logreg_conservative_topk_strict_gt,simMed_test.mat,38,simMed_test.mat#38,loso_supervised_raw_feature_logreg,learned_raw_feature_baseline,simWind_test.mat,simMed_test.mat
0.01,0.9549937844276428,0.7674418604651163,0.009985800009161284,43,65493,654,654,687,loso_supervised_raw_feature_logreg_conservative_topk_strict_gt,simMed_test.mat,38,simMed_test.mat#38,loso_supervised_raw_feature_logreg,learned_raw_feature_baseline,simWind_test.mat,simMed_test.mat
1e-05,0.9999995231628418,0.08333333333333333,0.0,36,65500,0,0,3,loso_supervised_raw_feature_logreg_conservative_topk_strict_gt,simMed_test.mat,39,simMed_test.mat#39,loso_supervised_raw_feature_logreg,learned_raw_feature_baseline,simWind_test.mat,simMed_test.mat
3e-05,0.9999992847442627,0.1111111111111111,1.5267175572519083e-05,36,65500,1,1,5,loso_supervised_raw_feature_logreg_conservative_topk_strict_gt,simMed_test.mat,39,simMed_test.mat#39,loso_supervised_raw_feature_logreg,learned_raw_feature_baseline,simWind_test.mat,simMed_test.mat
0.0001,0.9999974966049194,0.19444444444444445,9.16030534351145e-05,36,65500,6,6,13,loso_supervised_raw_feature_logreg_conservative_topk_strict_gt,simMed_test.mat,39,simMed_test.mat#39,loso_supervised_raw_feature_logreg,learned_raw_feature_baseline,simWind_test.mat,simMed_test.mat
0.0003,0.9999188184738159,0.3611111111111111,0.0002900763358778626,36,65500,19,19,32,loso_supervised_raw_feature_logreg_conservative_topk_strict_gt,simMed_test.mat,39,simMed_test.mat#39,loso_supervised_raw_feature_logreg,learned_raw_feature_baseline,simWind_test.mat,simMed_test.mat
0.001,0.9980556964874268,0.5833333333333334,0.0009923664122137405,36,65500,65,65,86,loso_supervised_raw_feature_logreg_conservative_topk_strict_gt,simMed_test.mat,39,simMed_test.mat#39,loso_supervised_raw_feature_logreg,learned_raw_feature_baseline,simWind_test.mat,simMed_test.mat
0.003,0.9903478622436523,0.8055555555555556,0.0029923664122137403,36,65500,196,196,225,loso_supervised_raw_feature_logreg_conservative_topk_strict_gt,simMed_test.mat,39,simMed_test.mat#39,loso_supervised_raw_feature_logreg,learned_raw_feature_baseline,simWind_test.mat,simMed_test.mat
0.01,0.9508458375930786,0.8611111111111112,0.01,36,65500,655,655,686,loso_supervised_raw_feature_logreg_conservative_topk_strict_gt,simMed_test.mat,39,simMed_test.mat#39,loso_supervised_raw_feature_logreg,learned_raw_feature_baseline,simWind_test.mat,simMed_test.mat
1e-05,0.9999512434005737,0.03571428571428571,0.0,28,65508,0,0,1,loso_supervised_raw_feature_logreg_conservative_topk_strict_gt,simMed_test.mat,40,simMed_test.mat#40,loso_supervised_raw_feature_logreg,learned_raw_feature_baseline,simWind_test.mat,simMed_test.mat
3e-05,0.9999393224716187,0.03571428571428571,1.526531110704036e-05,28,65508,1,1,2,loso_supervised_raw_feature_logreg_conservative_topk_strict_gt,simMed_test.mat,40,simMed_test.mat#40,loso_supervised_raw_feature_logreg,learned_raw_feature_baseline,simWind_test.mat,simMed_test.mat
0.0001,0.998794674873352,0.25,9.159186664224217e-05,28,65508,6,6,13,loso_supervised_raw_feature_logreg_conservative_topk_strict_gt,simMed_test.mat,40,simMed_test.mat#40,loso_supervised_raw_feature_logreg,learned_raw_feature_baseline,simWind_test.mat,simMed_test.mat
0.0003,0.9977243542671204,0.32142857142857145,0.00029004091103376685,28,65508,19,19,28,loso_supervised_raw_feature_logreg_conservative_topk_strict_gt,simMed_test.mat,40,simMed_test.mat#40,loso_supervised_raw_feature_logreg,learned_raw_feature_baseline,simWind_test.mat,simMed_test.mat
0.001,0.994658887386322,0.39285714285714285,0.0009922452219576234,28,65508,65,65,76,loso_supervised_raw_feature_logreg_conservative_topk_strict_gt,simMed_test.mat,40,simMed_test.mat#40,loso_supervised_raw_feature_logreg,learned_raw_feature_baseline,simWind_test.mat,simMed_test.mat
0.003,0.9890051484107971,0.5357142857142857,0.002992000976979911,28,65508,196,196,211,loso_supervised_raw_feature_logreg_conservative_topk_strict_gt,simMed_test.mat,40,simMed_test.mat#40,loso_supervised_raw_feature_logreg,learned_raw_feature_baseline,simWind_test.mat,simMed_test.mat
0.01,0.9637772440910339,0.6428571428571429,0.009998778775111437,28,65508,655,655,673,loso_supervised_raw_feature_logreg_conservative_topk_strict_gt,simMed_test.mat,40,simMed_test.mat#40,loso_supervised_raw_feature_logreg,learned_raw_feature_baseline,simWind_test.mat,simMed_test.mat
1e-05,0.9999992847442627,0.03636363636363636,0.0,55,65481,0,0,2,loso_supervised_raw_feature_logreg_conservative_topk_strict_gt,simMed_test.mat,41,simMed_test.mat#41,loso_supervised_raw_feature_logreg,learned_raw_feature_baseline,simWind_test.mat,simMed_test.mat
3e-05,0.9999988079071045,0.03636363636363636,1.5271605503886624e-05,55,65481,1,1,3,loso_supervised_raw_feature_logreg_conservative_topk_strict_gt,simMed_test.mat,41,simMed_test.mat#41,loso_supervised_raw_feature_logreg,learned_raw_feature_baseline,simWind_test.mat,simMed_test.mat
0.0001,0.9999908208847046,0.2545454545454545,9.162963302331974e-05,55,65481,6,6,20,loso_supervised_raw_feature_logreg_conservative_topk_strict_gt,simMed_test.mat,41,simMed_test.mat#41,loso_supervised_raw_feature_logreg,learned_raw_feature_baseline,simWind_test.mat,simMed_test.mat
0.0003,0.9999434947967529,0.41818181818181815,0.00029016050457384584,55,65481,19,19,42,loso_supervised_raw_feature_logreg_conservative_topk_strict_gt,simMed_test.mat,41,simMed_test.mat#41,loso_supervised_raw_feature_logreg,learned_raw_feature_baseline,simWind_test.mat,simMed_test.mat
0.001,0.999273955821991,0.6181818181818182,0.0009926543577526306,55,65481,65,65,99,loso_supervised_raw_feature_logreg_conservative_topk_strict_gt,simMed_test.mat,41,simMed_test.mat#41,loso_supervised_raw_feature_logreg,learned_raw_feature_baseline,simWind_test.mat,simMed_test.mat
0.003,0.9903588891029358,0.7636363636363637,0.002993234678761778,55,65481,196,196,238,loso_supervised_raw_feature_logreg_conservative_topk_strict_gt,simMed_test.mat,41,simMed_test.mat#41,loso_supervised_raw_feature_logreg,learned_raw_feature_baseline,simWind_test.mat,simMed_test.mat
0.01,0.9611113667488098,0.8545454545454545,0.009987629999541852,55,65481,654,654,701,loso_supervised_raw_feature_logreg_conservative_topk_strict_gt,simMed_test.mat,41,simMed_test.mat#41,loso_supervised_raw_feature_logreg,learned_raw_feature_baseline,simWind_test.mat,simMed_test.mat
1e-05,0.9999997615814209,0.0967741935483871,0.0,31,65505,0,0,3,loso_supervised_raw_feature_logreg_conservative_topk_strict_gt,simMed_test.mat,42,simMed_test.mat#42,loso_supervised_raw_feature_logreg,learned_raw_feature_baseline,simWind_test.mat,simMed_test.mat
3e-05,0.9999997615814209,0.0967741935483871,0.0,31,65505,1,0,3,loso_supervised_raw_feature_logreg_conservative_topk_strict_gt,simMed_test.mat,42,simMed_test.mat#42,loso_supervised_raw_feature_logreg,learned_raw_feature_baseline,simWind_test.mat,simMed_test.mat
0.0001,0.9999958276748657,0.2903225806451613,9.159606136936111e-05,31,65505,6,6,15,loso_supervised_raw_feature_logreg_conservative_topk_strict_gt,simMed_test.mat,42,simMed_test.mat#42,loso_supervised_raw_feature_logreg,learned_raw_feature_baseline,simWind_test.mat,simMed_test.mat
0.0003,0.99994957447052,0.4838709677419355,0.0002900541943363102,31,65505,19,19,34,loso_supervised_raw_feature_logreg_conservative_topk_strict_gt,simMed_test.mat,42,simMed_test.mat#42,loso_supervised_raw_feature_logreg,learned_raw_feature_baseline,simWind_test.mat,simMed_test.mat
0.001,0.997539758682251,0.7419354838709677,0.0009922906648347455,31,65505,65,65,88,loso_supervised_raw_feature_logreg_conservative_topk_strict_gt,simMed_test.mat,42,simMed_test.mat#42,loso_supervised_raw_feature_logreg,learned_raw_feature_baseline,simWind_test.mat,simMed_test.mat
0.003,0.9881438612937927,0.8387096774193549,0.002992138004732463,31,65505,196,196,222,loso_supervised_raw_feature_logreg_conservative_topk_strict_gt,simMed_test.mat,42,simMed_test.mat#42,loso_supervised_raw_feature_logreg,learned_raw_feature_baseline,simWind_test.mat,simMed_test.mat
0.01,0.9597529172897339,0.8709677419354839,0.009999236699488588,31,65505,655,655,682,loso_supervised_raw_feature_logreg_conservative_topk_strict_gt,simMed_test.mat,42,simMed_test.mat#42,loso_supervised_raw_feature_logreg,learned_raw_feature_baseline,simWind_test.mat,simMed_test.mat
1e-05,0.9999146461486816,0.061224489795918366,0.0,49,65487,0,0,3,loso_supervised_raw_feature_logreg_conservative_topk_strict_gt,simMed_test.mat,43,simMed_test.mat#43,loso_supervised_raw_feature_logreg,learned_raw_feature_baseline,simWind_test.mat,simMed_test.mat
3e-05,0.9998830556869507,0.08163265306122448,1.5270206300487118e-05,49,65487,1,1,5,loso_supervised_raw_feature_logreg_conservative_topk_strict_gt,simMed_test.mat,43,simMed_test.mat#43,loso_supervised_raw_feature_logreg,learned_raw_feature_baseline,simWind_test.mat,simMed_test.mat
0.0001,0.9994674324989319,0.2857142857142857,9.162123780292272e-05,49,65487,6,6,20,loso_supervised_raw_feature_logreg_conservative_topk_strict_gt,simMed_test.mat,43,simMed_test.mat#43,loso_supervised_raw_feature_logreg,learned_raw_feature_baseline,simWind_test.mat,simMed_test.mat
0.0003,0.9987381100654602,0.42857142857142855,0.0002901339197092553,49,65487,19,19,40,loso_supervised_raw_feature_logreg_conservative_topk_strict_gt,simMed_test.mat,43,simMed_test.mat#43,loso_supervised_raw_feature_logreg,learned_raw_feature_baseline,simWind_test.mat,simMed_test.mat
0.001,0.9959343671798706,0.6530612244897959,0.0009925634095316628,49,65487,65,65,97,loso_supervised_raw_feature_logreg_conservative_topk_strict_gt,simMed_test.mat,43,simMed_test.mat#43,loso_supervised_raw_feature_logreg,learned_raw_feature_baseline,simWind_test.mat,simMed_test.mat
0.003,0.9885864853858948,0.7551020408163265,0.0029929604348954753,49,65487,196,196,233,loso_supervised_raw_feature_logreg_conservative_topk_strict_gt,simMed_test.mat,43,simMed_test.mat#43,loso_supervised_raw_feature_logreg,learned_raw_feature_baseline,simWind_test.mat,simMed_test.mat
0.01,0.9575065970420837,0.8775510204081632,0.009986714920518577,49,65487,654,654,697,loso_supervised_raw_feature_logreg_conservative_topk_strict_gt,simMed_test.mat,43,simMed_test.mat#43,loso_supervised_raw_feature_logreg,learned_raw_feature_baseline,simWind_test.mat,simMed_test.mat
1e-05,0.9999974966049194,0.13157894736842105,0.0,38,65498,0,0,5,loso_supervised_raw_feature_logreg_conservative_topk_strict_gt,simMed_test.mat,44,simMed_test.mat#44,loso_supervised_raw_feature_logreg,learned_raw_feature_baseline,simWind_test.mat,simMed_test.mat
3e-05,0.999996542930603,0.18421052631578946,1.526764176005374e-05,38,65498,1,1,8,loso_supervised_raw_feature_logreg_conservative_topk_strict_gt,simMed_test.mat,44,simMed_test.mat#44,loso_supervised_raw_feature_logreg,learned_raw_feature_baseline,simWind_test.mat,simMed_test.mat
0.0001,0.9999744892120361,0.39473684210526316,9.160585056032245e-05,38,65498,6,6,21,loso_supervised_raw_feature_logreg_conservative_topk_strict_gt,simMed_test.mat,44,simMed_test.mat#44,loso_supervised_raw_feature_logreg,learned_raw_feature_baseline,simWind_test.mat,simMed_test.mat
0.0003,0.9999333620071411,0.5,0.0002900851934410211,38,65498,19,19,38,loso_supervised_raw_feature_logreg_conservative_topk_strict_gt,simMed_test.mat,44,simMed_test.mat#44,loso_supervised_raw_feature_logreg,learned_raw_feature_baseline,simWind_test.mat,simMed_test.mat
0.001,0.9974851608276367,0.8157894736842105,0.0009923967144034932,38,65498,65,65,96,loso_supervised_raw_feature_logreg_conservative_topk_strict_gt,simMed_test.mat,44,simMed_test.mat#44,loso_supervised_raw_feature_logreg,learned_raw_feature_baseline,simWind_test.mat,simMed_test.mat
0.003,0.9897187948226929,0.8947368421052632,0.0029924577849705335,38,65498,196,196,230,loso_supervised_raw_feature_logreg_conservative_topk_strict_gt,simMed_test.mat,44,simMed_test.mat#44,loso_supervised_raw_feature_logreg,learned_raw_feature_baseline,simWind_test.mat,simMed_test.mat
0.01,0.9556155204772949,0.9736842105263158,0.009985037711075147,38,65498,654,654,691,loso_supervised_raw_feature_logreg_conservative_topk_strict_gt,simMed_test.mat,44,simMed_test.mat#44,loso_supervised_raw_feature_logreg,learned_raw_feature_baseline,simWind_test.mat,simMed_test.mat
1e-05,0.9999998807907104,0.02857142857142857,0.0,35,65501,0,0,1,loso_supervised_raw_feature_logreg_conservative_topk_strict_gt,simMed_test.mat,45,simMed_test.mat#45,loso_supervised_raw_feature_logreg,learned_raw_feature_baseline,simWind_test.mat,simMed_test.mat
3e-05,0.9999998807907104,0.02857142857142857,0.0,35,65501,1,0,1,loso_supervised_raw_feature_logreg_conservative_topk_strict_gt,simMed_test.mat,45,simMed_test.mat#45,loso_supervised_raw_feature_logreg,learned_raw_feature_baseline,simWind_test.mat,simMed_test.mat
0.0001,0.9999994039535522,0.2857142857142857,9.160165493656586e-05,35,65501,6,6,16,loso_supervised_raw_feature_logreg_conservative_topk_strict_gt,simMed_test.mat,45,simMed_test.mat#45,loso_supervised_raw_feature_logreg,learned_raw_feature_baseline,simWind_test.mat,simMed_test.mat
0.0003,0.9999932050704956,0.4857142857142857,0.0002900719072991252,35,65501,19,19,36,loso_supervised_raw_feature_logreg_conservative_topk_strict_gt,simMed_test.mat,45,simMed_test.mat#45,loso_supervised_raw_feature_logreg,learned_raw_feature_baseline,simWind_test.mat,simMed_test.mat
0.001,0.9994484782218933,0.8285714285714286,0.0009923512618127967,35,65501,65,65,94,loso_supervised_raw_feature_logreg_conservative_topk_strict_gt,simMed_test.mat,45,simMed_test.mat#45,loso_supervised_raw_feature_logreg,learned_raw_feature_baseline,simWind_test.mat,simMed_test.mat
0.003,0.9927220940589905,0.8857142857142857,0.002992320727927818,35,65501,196,196,227,loso_supervised_raw_feature_logreg_conservative_topk_strict_gt,simMed_test.mat,45,simMed_test.mat#45,loso_supervised_raw_feature_logreg,learned_raw_feature_baseline,simWind_test.mat,simMed_test.mat
0.01,0.966053307056427,0.9428571428571428,0.009999847330575106,35,65501,655,655,688,loso_supervised_raw_feature_logreg_conservative_topk_strict_gt,simMed_test.mat,45,simMed_test.mat#45,loso_supervised_raw_feature_logreg,learned_raw_feature_baseline,simWind_test.mat,simMed_test.mat
1e-05,0.999981164932251,0.0,0.0,51,65485,0,0,0,loso_supervised_raw_feature_logreg_conservative_topk_strict_gt,simMed_test.mat,46,simMed_test.mat#46,loso_supervised_raw_feature_logreg,learned_raw_feature_baseline,simWind_test.mat,simMed_test.mat
3e-05,0.9996856451034546,0.0392156862745098,1.527067267313125e-05,51,65485,1,1,3,loso_supervised_raw_feature_logreg_conservative_topk_strict_gt,simMed_test.mat,46,simMed_test.mat#46,loso_supervised_raw_feature_logreg,learned_raw_feature_baseline,simWind_test.mat,simMed_test.mat
0.0001,0.9990456700325012,0.17647058823529413,9.16240360387875e-05,51,65485,6,6,15,loso_supervised_raw_feature_logreg_conservative_topk_strict_gt,simMed_test.mat,46,simMed_test.mat#46,loso_supervised_raw_feature_logreg,learned_raw_feature_baseline,simWind_test.mat,simMed_test.mat
0.0003,0.9977265000343323,0.27450980392156865,0.0002901427807894938,51,65485,19,19,33,loso_supervised_raw_feature_logreg_conservative_topk_strict_gt,simMed_test.mat,46,simMed_test.mat#46,loso_supervised_raw_feature_logreg,learned_raw_feature_baseline,simWind_test.mat,simMed_test.mat
0.001,0.994300127029419,0.37254901960784315,0.0009925937237535314,51,65485,65,65,84,loso_supervised_raw_feature_logreg_conservative_topk_strict_gt,simMed_test.mat,46,simMed_test.mat#46,loso_supervised_raw_feature_logreg,learned_raw_feature_baseline,simWind_test.mat,simMed_test.mat
0.003,0.9868544340133667,0.45098039215686275,0.0029930518439337255,51,65485,196,196,219,loso_supervised_raw_feature_logreg_conservative_topk_strict_gt,simMed_test.mat,46,simMed_test.mat#46,loso_supervised_raw_feature_logreg,learned_raw_feature_baseline,simWind_test.mat,simMed_test.mat
0.01,0.9535869359970093,0.6666666666666666,0.009987019928227838,51,65485,654,654,688,loso_supervised_raw_feature_logreg_conservative_topk_strict_gt,simMed_test.mat,46,simMed_test.mat#46,loso_supervised_raw_feature_logreg,learned_raw_feature_baseline,simWind_test.mat,simMed_test.mat
1e-05,0.999302864074707,0.17857142857142858,0.0,28,65508,0,0,5,loso_supervised_raw_feature_logreg_conservative_topk_strict_gt,simMed_test.mat,47,simMed_test.mat#47,loso_supervised_raw_feature_logreg,learned_raw_feature_baseline,simWind_test.mat,simMed_test.mat
3e-05,0.9989340901374817,0.2857142857142857,1.526531110704036e-05,28,65508,1,1,9,loso_supervised_raw_feature_logreg_conservative_topk_strict_gt,simMed_test.mat,47,simMed_test.mat#47,loso_supervised_raw_feature_logreg,learned_raw_feature_baseline,simWind_test.mat,simMed_test.mat
0.0001,0.9977542757987976,0.32142857142857145,9.159186664224217e-05,28,65508,6,6,15,loso_supervised_raw_feature_logreg_conservative_topk_strict_gt,simMed_test.mat,47,simMed_test.mat#47,loso_supervised_raw_feature_logreg,learned_raw_feature_baseline,simWind_test.mat,simMed_test.mat
0.0003,0.9966756105422974,0.35714285714285715,0.00029004091103376685,28,65508,19,19,29,loso_supervised_raw_feature_logreg_conservative_topk_strict_gt,simMed_test.mat,47,simMed_test.mat#47,loso_supervised_raw_feature_logreg,learned_raw_feature_baseline,simWind_test.mat,simMed_test.mat
0.001,0.9936742782592773,0.42857142857142855,0.0009922452219576234,28,65508,65,65,77,loso_supervised_raw_feature_logreg_conservative_topk_strict_gt,simMed_test.mat,47,simMed_test.mat#47,loso_supervised_raw_feature_logreg,learned_raw_feature_baseline,simWind_test.mat,simMed_test.mat
0.003,0.9864730834960938,0.5714285714285714,0.002992000976979911,28,65508,196,196,212,loso_supervised_raw_feature_logreg_conservative_topk_strict_gt,simMed_test.mat,47,simMed_test.mat#47,loso_supervised_raw_feature_logreg,learned_raw_feature_baseline,simWind_test.mat,simMed_test.mat
0.01,0.9613359570503235,0.7142857142857143,0.009998778775111437,28,65508,655,655,675,loso_supervised_raw_feature_logreg_conservative_topk_strict_gt,simMed_test.mat,47,simMed_test.mat#47,loso_supervised_raw_feature_logreg,learned_raw_feature_baseline,simWind_test.mat,simMed_test.mat
1e-05,0.9989746809005737,0.08,0.0,25,65511,0,0,2,loso_supervised_raw_feature_logreg_conservative_topk_strict_gt,simMed_test.mat,48,simMed_test.mat#48,loso_supervised_raw_feature_logreg,learned_raw_feature_baseline,simWind_test.mat,simMed_test.mat
3e-05,0.9987497329711914,0.12,1.526461204988475e-05,25,65511,1,1,4,loso_supervised_raw_feature_logreg_conservative_topk_strict_gt,simMed_test.mat,48,simMed_test.mat#48,loso_supervised_raw_feature_logreg,learned_raw_feature_baseline,simWind_test.mat,simMed_test.mat
0.0001,0.9977476000785828,0.24,9.158767229930851e-05,25,65511,6,6,12,loso_supervised_raw_feature_logreg_conservative_topk_strict_gt,simMed_test.mat,48,simMed_test.mat#48,loso_supervised_raw_feature_logreg,learned_raw_feature_baseline,simWind_test.mat,simMed_test.mat
0.0003,0.9969800114631653,0.24,0.0002900276289478103,25,65511,19,19,25,loso_supervised_raw_feature_logreg_conservative_topk_strict_gt,simMed_test.mat,48,simMed_test.mat#48,loso_supervised_raw_feature_logreg,learned_raw_feature_baseline,simWind_test.mat,simMed_test.mat
0.001,0.9935349225997925,0.24,0.0009921997832425089,25,65511,65,65,71,loso_supervised_raw_feature_logreg_conservative_topk_strict_gt,simMed_test.mat,48,simMed_test.mat#48,loso_supervised_raw_feature_logreg,learned_raw_feature_baseline,simWind_test.mat,simMed_test.mat
0.003,0.9847940802574158,0.48,0.0029918639617774116,25,65511,196,196,208,loso_supervised_raw_feature_logreg_conservative_topk_strict_gt,simMed_test.mat,48,simMed_test.mat#48,loso_supervised_raw_feature_logreg,learned_raw_feature_baseline,simWind_test.mat,simMed_test.mat
0.01,0.9493919610977173,0.64,0.009998320892674512,25,65511,655,655,671,loso_supervised_raw_feature_logreg_conservative_topk_strict_gt,simMed_test.mat,48,simMed_test.mat#48,loso_supervised_raw_feature_logreg,learned_raw_feature_baseline,simWind_test.mat,simMed_test.mat
1e-05,0.9999839067459106,0.06060606060606061,0.0,33,65503,0,0,2,loso_supervised_raw_feature_logreg_conservative_topk_strict_gt,simMed_test.mat,49,simMed_test.mat#49,loso_supervised_raw_feature_logreg,learned_raw_feature_baseline,simWind_test.mat,simMed_test.mat
3e-05,0.9998793601989746,0.09090909090909091,1.5266476344594905e-05,33,65503,1,1,4,loso_supervised_raw_feature_logreg_conservative_topk_strict_gt,simMed_test.mat,49,simMed_test.mat#49,loso_supervised_raw_feature_logreg,learned_raw_feature_baseline,simWind_test.mat,simMed_test.mat
0.0001,0.9992425441741943,0.18181818181818182,9.159885806756943e-05,33,65503,6,6,12,loso_supervised_raw_feature_logreg_conservative_topk_strict_gt,simMed_test.mat,49,simMed_test.mat#49,loso_supervised_raw_feature_logreg,learned_raw_feature_baseline,simWind_test.mat,simMed_test.mat
0.0003,0.9976614713668823,0.2727272727272727,0.0002900630505473032,33,65503,19,19,28,loso_supervised_raw_feature_logreg_conservative_topk_strict_gt,simMed_test.mat,49,simMed_test.mat#49,loso_supervised_raw_feature_logreg,learned_raw_feature_baseline,simWind_test.mat,simMed_test.mat
0.001,0.9940703511238098,0.3939393939393939,0.0009923209623986687,33,65503,65,65,78,loso_supervised_raw_feature_logreg_conservative_topk_strict_gt,simMed_test.mat,49,simMed_test.mat#49,loso_supervised_raw_feature_logreg,learned_raw_feature_baseline,simWind_test.mat,simMed_test.mat
0.003,0.9863199591636658,0.45454545454545453,0.002992229363540601,33,65503,196,196,211,loso_supervised_raw_feature_logreg_conservative_topk_strict_gt,simMed_test.mat,49,simMed_test.mat#49,loso_supervised_raw_feature_logreg,learned_raw_feature_baseline,simWind_test.mat,simMed_test.mat
0.01,0.9570325016975403,0.6363636363636364,0.009999542005709662,33,65503,655,655,676,loso_supervised_raw_feature_logreg_conservative_topk_strict_gt,simMed_test.mat,49,simMed_test.mat#49,loso_supervised_raw_feature_logreg,learned_raw_feature_baseline,simWind_test.mat,simMed_test.mat
1e-05,0.9999879598617554,0.12,0.0,25,65511,0,0,3,loso_supervised_raw_feature_logreg_conservative_topk_strict_gt,simMed_test.mat,50,simMed_test.mat#50,loso_supervised_raw_feature_logreg,learned_raw_feature_baseline,simWind_test.mat,simMed_test.mat
3e-05,0.999984860420227,0.12,1.526461204988475e-05,25,65511,1,1,4,loso_supervised_raw_feature_logreg_conservative_topk_strict_gt,simMed_test.mat,50,simMed_test.mat#50,loso_supervised_raw_feature_logreg,learned_raw_feature_baseline,simWind_test.mat,simMed_test.mat
0.0001,0.9998582601547241,0.2,9.158767229930851e-05,25,65511,6,6,11,loso_supervised_raw_feature_logreg_conservative_topk_strict_gt,simMed_test.mat,50,simMed_test.mat#50,loso_supervised_raw_feature_logreg,learned_raw_feature_baseline,simWind_test.mat,simMed_test.mat
0.0003,0.998484194278717,0.6,0.0002900276289478103,25,65511,19,19,34,loso_supervised_raw_feature_logreg_conservative_topk_strict_gt,simMed_test.mat,50,simMed_test.mat#50,loso_supervised_raw_feature_logreg,learned_raw_feature_baseline,simWind_test.mat,simMed_test.mat
0.001,0.9944549202919006,0.68,0.0009921997832425089,25,65511,65,65,82,loso_supervised_raw_feature_logreg_conservative_topk_strict_gt,simMed_test.mat,50,simMed_test.mat#50,loso_supervised_raw_feature_logreg,learned_raw_feature_baseline,simWind_test.mat,simMed_test.mat
0.003,0.9877150058746338,0.84,0.0029918639617774116,25,65511,196,196,217,loso_supervised_raw_feature_logreg_conservative_topk_strict_gt,simMed_test.mat,50,simMed_test.mat#50,loso_supervised_raw_feature_logreg,learned_raw_feature_baseline,simWind_test.mat,simMed_test.mat
0.01,0.9603119492530823,0.88,0.009998320892674512,25,65511,655,655,677,loso_supervised_raw_feature_logreg_conservative_topk_strict_gt,simMed_test.mat,50,simMed_test.mat#50,loso_supervised_raw_feature_logreg,learned_raw_feature_baseline,simWind_test.mat,simMed_test.mat
1e-05,0.9999996423721313,0.0625,0.0,16,65520,0,0,1,loso_supervised_raw_feature_logreg_conservative_topk_strict_gt,simMed_test.mat,51,simMed_test.mat#51,loso_supervised_raw_feature_logreg,learned_raw_feature_baseline,simWind_test.mat,simMed_test.mat
3e-05,0.9999994039535522,0.125,1.5262515262515263e-05,16,65520,1,1,3,loso_supervised_raw_feature_logreg_conservative_topk_strict_gt,simMed_test.mat,51,simMed_test.mat#51,loso_supervised_raw_feature_logreg,learned_raw_feature_baseline,simWind_test.mat,simMed_test.mat
0.0001,0.9999804496765137,0.4375,9.157509157509158e-05,16,65520,6,6,13,loso_supervised_raw_feature_logreg_conservative_topk_strict_gt,simMed_test.mat,51,simMed_test.mat#51,loso_supervised_raw_feature_logreg,learned_raw_feature_baseline,simWind_test.mat,simMed_test.mat
0.0003,0.9995251893997192,0.6875,0.00028998778998779,16,65520,19,19,30,loso_supervised_raw_feature_logreg_conservative_topk_strict_gt,simMed_test.mat,51,simMed_test.mat#51,loso_supervised_raw_feature_logreg,learned_raw_feature_baseline,simWind_test.mat,simMed_test.mat
0.001,0.9974537491798401,0.75,0.000992063492063492,16,65520,65,65,77,loso_supervised_raw_feature_logreg_conservative_topk_strict_gt,simMed_test.mat,51,simMed_test.mat#51,loso_supervised_raw_feature_logreg,learned_raw_feature_baseline,simWind_test.mat,simMed_test.mat
0.003,0.989392876625061,0.8125,0.0029914529914529917,16,65520,196,196,209,loso_supervised_raw_feature_logreg_conservative_topk_strict_gt,simMed_test.mat,51,simMed_test.mat#51,loso_supervised_raw_feature_logreg,learned_raw_feature_baseline,simWind_test.mat,simMed_test.mat
0.01,0.8673839569091797,0.9375,0.009996947496947496,16,65520,655,655,670,loso_supervised_raw_feature_logreg_conservative_topk_strict_gt,simMed_test.mat,51,simMed_test.mat#51,loso_supervised_raw_feature_logreg,learned_raw_feature_baseline,simWind_test.mat,simMed_test.mat
1e-05,1.0,0.0,0.0,59,65477,0,0,0,loso_supervised_raw_feature_logreg_conservative_topk_strict_gt,simMed_test.mat,52,simMed_test.mat#52,loso_supervised_raw_feature_logreg,learned_raw_feature_baseline,simWind_test.mat,simMed_test.mat
3e-05,0.9999998807907104,0.01694915254237288,1.5272538448615544e-05,59,65477,1,1,2,loso_supervised_raw_feature_logreg_conservative_topk_strict_gt,simMed_test.mat,52,simMed_test.mat#52,loso_supervised_raw_feature_logreg,learned_raw_feature_baseline,simWind_test.mat,simMed_test.mat
0.0001,0.9999995231628418,0.1694915254237288,7.636269224307772e-05,59,65477,6,5,15,loso_supervised_raw_feature_logreg_conservative_topk_strict_gt,simMed_test.mat,52,simMed_test.mat#52,loso_supervised_raw_feature_logreg,learned_raw_feature_baseline,simWind_test.mat,simMed_test.mat
0.0003,0.9999967813491821,0.288135593220339,0.00029017823052369533,59,65477,19,19,36,loso_supervised_raw_feature_logreg_conservative_topk_strict_gt,simMed_test.mat,52,simMed_test.mat#52,loso_supervised_raw_feature_logreg,learned_raw_feature_baseline,simWind_test.mat,simMed_test.mat
0.001,0.9999029636383057,0.6949152542372882,0.0009927149991600104,59,65477,65,65,106,loso_supervised_raw_feature_logreg_conservative_topk_strict_gt,simMed_test.mat,52,simMed_test.mat#52,loso_supervised_raw_feature_logreg,learned_raw_feature_baseline,simWind_test.mat,simMed_test.mat
0.003,0.9953294992446899,0.8813559322033898,0.002993417535928647,59,65477,196,196,248,loso_supervised_raw_feature_logreg_conservative_topk_strict_gt,simMed_test.mat,52,simMed_test.mat#52,loso_supervised_raw_feature_logreg,learned_raw_feature_baseline,simWind_test.mat,simMed_test.mat
0.01,0.9671847224235535,0.9661016949152542,0.009988240145394567,59,65477,654,654,711,loso_supervised_raw_feature_logreg_conservative_topk_strict_gt,simMed_test.mat,52,simMed_test.mat#52,loso_supervised_raw_feature_logreg,learned_raw_feature_baseline,simWind_test.mat,simMed_test.mat
1e-05,0.9999994039535522,0.04081632653061224,0.0,49,65487,0,0,2,loso_supervised_raw_feature_logreg_conservative_topk_strict_gt,simMed_test.mat,53,simMed_test.mat#53,loso_supervised_raw_feature_logreg,learned_raw_feature_baseline,simWind_test.mat,simMed_test.mat
3e-05,0.9999990463256836,0.08163265306122448,1.5270206300487118e-05,49,65487,1,1,5,loso_supervised_raw_feature_logreg_conservative_topk_strict_gt,simMed_test.mat,53,simMed_test.mat#53,loso_supervised_raw_feature_logreg,learned_raw_feature_baseline,simWind_test.mat,simMed_test.mat
0.0001,0.9999961853027344,0.1836734693877551,9.162123780292272e-05,49,65487,6,6,15,loso_supervised_raw_feature_logreg_conservative_topk_strict_gt,simMed_test.mat,53,simMed_test.mat#53,loso_supervised_raw_feature_logreg,learned_raw_feature_baseline,simWind_test.mat,simMed_test.mat
0.0003,0.9999468326568604,0.32653061224489793,0.0002901339197092553,49,65487,19,19,35,loso_supervised_raw_feature_logreg_conservative_topk_strict_gt,simMed_test.mat,53,simMed_test.mat#53,loso_supervised_raw_feature_logreg,learned_raw_feature_baseline,simWind_test.mat,simMed_test.mat
0.001,0.9978354573249817,0.6122448979591837,0.0009925634095316628,49,65487,65,65,95,loso_supervised_raw_feature_logreg_conservative_topk_strict_gt,simMed_test.mat,53,simMed_test.mat#53,loso_supervised_raw_feature_logreg,learned_raw_feature_baseline,simWind_test.mat,simMed_test.mat
0.003,0.9886491298675537,0.673469387755102,0.0029929604348954753,49,65487,196,196,229,loso_supervised_raw_feature_logreg_conservative_topk_strict_gt,simMed_test.mat,53,simMed_test.mat#53,loso_supervised_raw_feature_logreg,learned_raw_feature_baseline,simWind_test.mat,simMed_test.mat
0.01,0.9602788686752319,0.7959183673469388,0.009986714920518577,49,65487,654,654,693,loso_supervised_raw_feature_logreg_conservative_topk_strict_gt,simMed_test.mat,53,simMed_test.mat#53,loso_supervised_raw_feature_logreg,learned_raw_feature_baseline,simWind_test.mat,simMed_test.mat
1e-05,0.9999080896377563,0.1388888888888889,0.0,36,65500,0,0,5,loso_supervised_raw_feature_logreg_conservative_topk_strict_gt,simMed_test.mat,54,simMed_test.mat#54,loso_supervised_raw_feature_logreg,learned_raw_feature_baseline,simWind_test.mat,simMed_test.mat
3e-05,0.9998902082443237,0.1388888888888889,1.5267175572519083e-05,36,65500,1,1,6,loso_supervised_raw_feature_logreg_conservative_topk_strict_gt,simMed_test.mat,54,simMed_test.mat#54,loso_supervised_raw_feature_logreg,learned_raw_feature_baseline,simWind_test.mat,simMed_test.mat
0.0001,0.9997624754905701,0.19444444444444445,9.16030534351145e-05,36,65500,6,6,13,loso_supervised_raw_feature_logreg_conservative_topk_strict_gt,simMed_test.mat,54,simMed_test.mat#54,loso_supervised_raw_feature_logreg,learned_raw_feature_baseline,simWind_test.mat,simMed_test.mat
0.0003,0.9985735416412354,0.4444444444444444,0.0002900763358778626,36,65500,19,19,35,loso_supervised_raw_feature_logreg_conservative_topk_strict_gt,simMed_test.mat,54,simMed_test.mat#54,loso_supervised_raw_feature_logreg,learned_raw_feature_baseline,simWind_test.mat,simMed_test.mat
0.001,0.9961929321289062,0.5555555555555556,0.0009923664122137405,36,65500,65,65,85,loso_supervised_raw_feature_logreg_conservative_topk_strict_gt,simMed_test.mat,54,simMed_test.mat#54,loso_supervised_raw_feature_logreg,learned_raw_feature_baseline,simWind_test.mat,simMed_test.mat
0.003,0.9894338250160217,0.75,0.0029923664122137403,36,65500,196,196,223,loso_supervised_raw_feature_logreg_conservative_topk_strict_gt,simMed_test.mat,54,simMed_test.mat#54,loso_supervised_raw_feature_logreg,learned_raw_feature_baseline,simWind_test.mat,simMed_test.mat
0.01,0.9621558785438538,0.7777777777777778,0.01,36,65500,655,655,683,loso_supervised_raw_feature_logreg_conservative_topk_strict_gt,simMed_test.mat,54,simMed_test.mat#54,loso_supervised_raw_feature_logreg,learned_raw_feature_baseline,simWind_test.mat,simMed_test.mat
1e-05,0.9999997615814209,0.041666666666666664,0.0,24,65512,0,0,1,loso_supervised_raw_feature_logreg_conservative_topk_strict_gt,simMed_test.mat,55,simMed_test.mat#55,loso_supervised_raw_feature_logreg,learned_raw_feature_baseline,simWind_test.mat,simMed_test.mat
3e-05,0.9999995231628418,0.125,1.5264379045060447e-05,24,65512,1,1,4,loso_supervised_raw_feature_logreg_conservative_topk_strict_gt,simMed_test.mat,55,simMed_test.mat#55,loso_supervised_raw_feature_logreg,learned_raw_feature_baseline,simWind_test.mat,simMed_test.mat
0.0001,0.9999954700469971,0.375,7.632189522530223e-05,24,65512,6,5,14,loso_supervised_raw_feature_logreg_conservative_topk_strict_gt,simMed_test.mat,55,simMed_test.mat#55,loso_supervised_raw_feature_logreg,learned_raw_feature_baseline,simWind_test.mat,simMed_test.mat
0.0003,0.9999624490737915,0.5,0.0002900232018561485,24,65512,19,19,31,loso_supervised_raw_feature_logreg_conservative_topk_strict_gt,simMed_test.mat,55,simMed_test.mat#55,loso_supervised_raw_feature_logreg,learned_raw_feature_baseline,simWind_test.mat,simMed_test.mat
0.001,0.9978398084640503,0.7083333333333334,0.000992184637928929,24,65512,65,65,82,loso_supervised_raw_feature_logreg_conservative_topk_strict_gt,simMed_test.mat,55,simMed_test.mat#55,loso_supervised_raw_feature_logreg,learned_raw_feature_baseline,simWind_test.mat,simMed_test.mat
0.003,0.989512026309967,0.7083333333333334,0.0029918182928318476,24,65512,196,196,213,loso_supervised_raw_feature_logreg_conservative_topk_strict_gt,simMed_test.mat,55,simMed_test.mat#55,loso_supervised_raw_feature_logreg,learned_raw_feature_baseline,simWind_test.mat,simMed_test.mat
0.01,0.9310757517814636,0.7083333333333334,0.009998168274514593,24,65512,655,655,672,loso_supervised_raw_feature_logreg_conservative_topk_strict_gt,simMed_test.mat,55,simMed_test.mat#55,loso_supervised_raw_feature_logreg,learned_raw_feature_baseline,simWind_test.mat,simMed_test.mat
1e-05,0.9999997615814209,0.05263157894736842,0.0,19,65517,0,0,1,loso_supervised_raw_feature_logreg_conservative_topk_strict_gt,simMed_test.mat,56,simMed_test.mat#56,loso_supervised_raw_feature_logreg,learned_raw_feature_baseline,simWind_test.mat,simMed_test.mat
3e-05,0.9999990463256836,0.21052631578947367,1.5263214127630997e-05,19,65517,1,1,5,loso_supervised_raw_feature_logreg_conservative_topk_strict_gt,simMed_test.mat,56,simMed_test.mat#56,loso_supervised_raw_feature_logreg,learned_raw_feature_baseline,simWind_test.mat,simMed_test.mat
0.0001,0.9999961853027344,0.2631578947368421,9.157928476578598e-05,19,65517,6,6,11,loso_supervised_raw_feature_logreg_conservative_topk_strict_gt,simMed_test.mat,56,simMed_test.mat#56,loso_supervised_raw_feature_logreg,learned_raw_feature_baseline,simWind_test.mat,simMed_test.mat
0.0003,0.9998680353164673,0.5789473684210527,0.00029000106842498895,19,65517,19,19,30,loso_supervised_raw_feature_logreg_conservative_topk_strict_gt,simMed_test.mat,56,simMed_test.mat#56,loso_supervised_raw_feature_logreg,learned_raw_feature_baseline,simWind_test.mat,simMed_test.mat
0.001,0.9986132383346558,0.7368421052631579,0.0009921089182960148,19,65517,65,65,79,loso_supervised_raw_feature_logreg_conservative_topk_strict_gt,simMed_test.mat,56,simMed_test.mat#56,loso_supervised_raw_feature_logreg,learned_raw_feature_baseline,simWind_test.mat,simMed_test.mat
0.003,0.9954590797424316,0.7894736842105263,0.0029915899690156752,19,65517,196,196,211,loso_supervised_raw_feature_logreg_conservative_topk_strict_gt,simMed_test.mat,56,simMed_test.mat#56,loso_supervised_raw_feature_logreg,learned_raw_feature_baseline,simWind_test.mat,simMed_test.mat
0.01,0.9680716395378113,0.8421052631578947,0.009997405253598303,19,65517,655,655,671,loso_supervised_raw_feature_logreg_conservative_topk_strict_gt,simMed_test.mat,56,simMed_test.mat#56,loso_supervised_raw_feature_logreg,learned_raw_feature_baseline,simWind_test.mat,simMed_test.mat
1e-05,0.9999837875366211,0.1282051282051282,0.0,39,65497,0,0,5,loso_supervised_raw_feature_logreg_conservative_topk_strict_gt,simMed_test.mat,59,simMed_test.mat#59,loso_supervised_raw_feature_logreg,learned_raw_feature_baseline,simWind_test.mat,simMed_test.mat
3e-05,0.9999799728393555,0.1282051282051282,1.526787486449761e-05,39,65497,1,1,6,loso_supervised_raw_feature_logreg_conservative_topk_strict_gt,simMed_test.mat,59,simMed_test.mat#59,loso_supervised_raw_feature_logreg,learned_raw_feature_baseline,simWind_test.mat,simMed_test.mat
0.0001,0.9998806715011597,0.3333333333333333,9.160724918698567e-05,39,65497,6,6,19,loso_supervised_raw_feature_logreg_conservative_topk_strict_gt,simMed_test.mat,59,simMed_test.mat#59,loso_supervised_raw_feature_logreg,learned_raw_feature_baseline,simWind_test.mat,simMed_test.mat
0.0003,0.9994139671325684,0.5641025641025641,0.0002900896224254546,39,65497,19,19,41,loso_supervised_raw_feature_logreg_conservative_topk_strict_gt,simMed_test.mat,59,simMed_test.mat#59,loso_supervised_raw_feature_logreg,learned_raw_feature_baseline,simWind_test.mat,simMed_test.mat
0.001,0.9971967935562134,0.6666666666666666,0.0009924118661923447,39,65497,65,65,91,loso_supervised_raw_feature_logreg_conservative_topk_strict_gt,simMed_test.mat,59,simMed_test.mat#59,loso_supervised_raw_feature_logreg,learned_raw_feature_baseline,simWind_test.mat,simMed_test.mat
0.003,0.9898075461387634,0.8205128205128205,0.0029925034734415317,39,65497,196,196,228,loso_supervised_raw_feature_logreg_conservative_topk_strict_gt,simMed_test.mat,59,simMed_test.mat#59,loso_supervised_raw_feature_logreg,learned_raw_feature_baseline,simWind_test.mat,simMed_test.mat
0.01,0.956181526184082,0.9230769230769231,0.009985190161381437,39,65497,654,654,690,loso_supervised_raw_feature_logreg_conservative_topk_strict_gt,simMed_test.mat,59,simMed_test.mat#59,loso_supervised_raw_feature_logreg,learned_raw_feature_baseline,simWind_test.mat,simMed_test.mat
1e-05,0.9999992847442627,0.11764705882352941,0.0,51,65485,0,0,6,loso_supervised_raw_feature_logreg_conservative_topk_strict_gt,simMed_test.mat,61,simMed_test.mat#61,loso_supervised_raw_feature_logreg,learned_raw_feature_baseline,simWind_test.mat,simMed_test.mat
3e-05,0.9999991655349731,0.11764705882352941,1.527067267313125e-05,51,65485,1,1,7,loso_supervised_raw_feature_logreg_conservative_topk_strict_gt,simMed_test.mat,61,simMed_test.mat#61,loso_supervised_raw_feature_logreg,learned_raw_feature_baseline,simWind_test.mat,simMed_test.mat
0.0001,0.9999972581863403,0.1568627450980392,9.16240360387875e-05,51,65485,6,6,14,loso_supervised_raw_feature_logreg_conservative_topk_strict_gt,simMed_test.mat,61,simMed_test.mat#61,loso_supervised_raw_feature_logreg,learned_raw_feature_baseline,simWind_test.mat,simMed_test.mat
0.0003,0.9999688863754272,0.37254901960784315,0.0002901427807894938,51,65485,19,19,38,loso_supervised_raw_feature_logreg_conservative_topk_strict_gt,simMed_test.mat,61,simMed_test.mat#61,loso_supervised_raw_feature_logreg,learned_raw_feature_baseline,simWind_test.mat,simMed_test.mat
0.001,0.9992840886116028,0.6666666666666666,0.0009925937237535314,51,65485,65,65,99,loso_supervised_raw_feature_logreg_conservative_topk_strict_gt,simMed_test.mat,61,simMed_test.mat#61,loso_supervised_raw_feature_logreg,learned_raw_feature_baseline,simWind_test.mat,simMed_test.mat
0.003,0.9902589321136475,0.7647058823529411,0.0029930518439337255,51,65485,196,196,235,loso_supervised_raw_feature_logreg_conservative_topk_strict_gt,simMed_test.mat,61,simMed_test.mat#61,loso_supervised_raw_feature_logreg,learned_raw_feature_baseline,simWind_test.mat,simMed_test.mat
0.01,0.9577406644821167,0.8431372549019608,0.009987019928227838,51,65485,654,654,697,loso_supervised_raw_feature_logreg_conservative_topk_strict_gt,simMed_test.mat,61,simMed_test.mat#61,loso_supervised_raw_feature_logreg,learned_raw_feature_baseline,simWind_test.mat,simMed_test.mat
1e-05,0.9999018907546997,0.07692307692307693,0.0,26,65510,0,0,2,loso_supervised_raw_feature_logreg_conservative_topk_strict_gt,simMed_test.mat,62,simMed_test.mat#62,loso_supervised_raw_feature_logreg,learned_raw_feature_baseline,simWind_test.mat,simMed_test.mat
3e-05,0.9997023940086365,0.07692307692307693,1.5264845061822624e-05,26,65510,1,1,3,loso_supervised_raw_feature_logreg_conservative_topk_strict_gt,simMed_test.mat,62,simMed_test.mat#62,loso_supervised_raw_feature_logreg,learned_raw_feature_baseline,simWind_test.mat,simMed_test.mat
0.0001,0.9990621209144592,0.11538461538461539,9.158907037093573e-05,26,65510,6,6,9,loso_supervised_raw_feature_logreg_conservative_topk_strict_gt,simMed_test.mat,62,simMed_test.mat#62,loso_supervised_raw_feature_logreg,learned_raw_feature_baseline,simWind_test.mat,simMed_test.mat
0.0003,0.9982606768608093,0.19230769230769232,0.00029003205617462985,26,65510,19,19,24,loso_supervised_raw_feature_logreg_conservative_topk_strict_gt,simMed_test.mat,62,simMed_test.mat#62,loso_supervised_raw_feature_logreg,learned_raw_feature_baseline,simWind_test.mat,simMed_test.mat
0.001,0.9946218729019165,0.38461538461538464,0.0009922149290184704,26,65510,65,65,75,loso_supervised_raw_feature_logreg_conservative_topk_strict_gt,simMed_test.mat,62,simMed_test.mat#62,loso_supervised_raw_feature_logreg,learned_raw_feature_baseline,simWind_test.mat,simMed_test.mat
0.003,0.9825198650360107,0.5769230769230769,0.002991909632117234,26,65510,196,196,211,loso_supervised_raw_feature_logreg_conservative_topk_strict_gt,simMed_test.mat,62,simMed_test.mat#62,loso_supervised_raw_feature_logreg,learned_raw_feature_baseline,simWind_test.mat,simMed_test.mat
0.01,0.8829801678657532,0.7307692307692307,0.009998473515493819,26,65510,655,655,674,loso_supervised_raw_feature_logreg_conservative_topk_strict_gt,simMed_test.mat,62,simMed_test.mat#62,loso_supervised_raw_feature_logreg,learned_raw_feature_baseline,simWind_test.mat,simMed_test.mat
1e-05,0.9999998807907104,0.034482758620689655,0.0,58,65478,0,0,2,loso_supervised_raw_feature_logreg_conservative_topk_strict_gt,simMed_test.mat,63,simMed_test.mat#63,loso_supervised_raw_feature_logreg,learned_raw_feature_baseline,simWind_test.mat,simMed_test.mat
3e-05,0.9999998807907104,0.034482758620689655,0.0,58,65478,1,0,2,loso_supervised_raw_feature_logreg_conservative_topk_strict_gt,simMed_test.mat,63,simMed_test.mat#63,loso_supervised_raw_feature_logreg,learned_raw_feature_baseline,simWind_test.mat,simMed_test.mat
0.0001,0.9999990463256836,0.22413793103448276,9.163383121048291e-05,58,65478,6,6,19,loso_supervised_raw_feature_logreg_conservative_topk_strict_gt,simMed_test.mat,63,simMed_test.mat#63,loso_supervised_raw_feature_logreg,learned_raw_feature_baseline,simWind_test.mat,simMed_test.mat
0.0003,0.9999971389770508,0.39655172413793105,0.0002901737988331959,58,65478,19,19,42,loso_supervised_raw_feature_logreg_conservative_topk_strict_gt,simMed_test.mat,63,simMed_test.mat#63,loso_supervised_raw_feature_logreg,learned_raw_feature_baseline,simWind_test.mat,simMed_test.mat
0.001,0.9999358654022217,0.6896551724137931,0.0009926998381135648,58,65478,65,65,105,loso_supervised_raw_feature_logreg_conservative_topk_strict_gt,simMed_test.mat,63,simMed_test.mat#63,loso_supervised_raw_feature_logreg,learned_raw_feature_baseline,simWind_test.mat,simMed_test.mat
0.003,0.9963776469230652,0.896551724137931,0.0029933718195424416,58,65478,196,196,248,loso_supervised_raw_feature_logreg_conservative_topk_strict_gt,simMed_test.mat,63,simMed_test.mat#63,loso_supervised_raw_feature_logreg,learned_raw_feature_baseline,simWind_test.mat,simMed_test.mat
0.01,0.9759363532066345,0.9310344827586207,0.009988087601942638,58,65478,654,654,708,loso_supervised_raw_feature_logreg_conservative_topk_strict_gt,simMed_test.mat,63,simMed_test.mat#63,loso_supervised_raw_feature_logreg,learned_raw_feature_baseline,simWind_test.mat,simMed_test.mat
1e-05,0.9999990463256836,0.125,0.0,16,65520,0,0,2,loso_supervised_raw_feature_logreg_conservative_topk_strict_gt,simMed_test.mat,64,simMed_test.mat#64,loso_supervised_raw_feature_logreg,learned_raw_feature_baseline,simWind_test.mat,simMed_test.mat
3e-05,0.9999988079071045,0.125,1.5262515262515263e-05,16,65520,1,1,3,loso_supervised_raw_feature_logreg_conservative_topk_strict_gt,simMed_test.mat,64,simMed_test.mat#64,loso_supervised_raw_feature_logreg,learned_raw_feature_baseline,simWind_test.mat,simMed_test.mat
0.0001,0.9999850988388062,0.3125,9.157509157509158e-05,16,65520,6,6,11,loso_supervised_raw_feature_logreg_conservative_topk_strict_gt,simMed_test.mat,64,simMed_test.mat#64,loso_supervised_raw_feature_logreg,learned_raw_feature_baseline,simWind_test.mat,simMed_test.mat
0.0003,0.999302864074707,0.5625,0.00028998778998779,16,65520,19,19,28,loso_supervised_raw_feature_logreg_conservative_topk_strict_gt,simMed_test.mat,64,simMed_test.mat#64,loso_supervised_raw_feature_logreg,learned_raw_feature_baseline,simWind_test.mat,simMed_test.mat
0.001,0.9970000386238098,0.6875,0.000992063492063492,16,65520,65,65,76,loso_supervised_raw_feature_logreg_conservative_topk_strict_gt,simMed_test.mat,64,simMed_test.mat#64,loso_supervised_raw_feature_logreg,learned_raw_feature_baseline,simWind_test.mat,simMed_test.mat
0.003,0.9894139766693115,0.6875,0.0029914529914529917,16,65520,196,196,207,loso_supervised_raw_feature_logreg_conservative_topk_strict_gt,simMed_test.mat,64,simMed_test.mat#64,loso_supervised_raw_feature_logreg,learned_raw_feature_baseline,simWind_test.mat,simMed_test.mat
0.01,0.9455678462982178,0.75,0.009996947496947496,16,65520,655,655,667,loso_supervised_raw_feature_logreg_conservative_topk_strict_gt,simMed_test.mat,64,simMed_test.mat#64,loso_supervised_raw_feature_logreg,learned_raw_feature_baseline,simWind_test.mat,simMed_test.mat
1e-05,0.9999998807907104,0.03333333333333333,0.0,30,65506,0,0,1,loso_supervised_raw_feature_logreg_conservative_topk_strict_gt,simMed_test.mat,65,simMed_test.mat#65,loso_supervised_raw_feature_logreg,learned_raw_feature_baseline,simWind_test.mat,simMed_test.mat
3e-05,0.9999997615814209,0.1,1.526577718071627e-05,30,65506,1,1,4,loso_supervised_raw_feature_logreg_conservative_topk_strict_gt,simMed_test.mat,65,simMed_test.mat#65,loso_supervised_raw_feature_logreg,learned_raw_feature_baseline,simWind_test.mat,simMed_test.mat
0.0001,0.9999986886978149,0.16666666666666666,9.159466308429762e-05,30,65506,6,6,11,loso_supervised_raw_feature_logreg_conservative_topk_strict_gt,simMed_test.mat,65,simMed_test.mat#65,loso_supervised_raw_feature_logreg,learned_raw_feature_baseline,simWind_test.mat,simMed_test.mat
0.0003,0.9999334812164307,0.4,0.00029004976643360914,30,65506,19,19,31,loso_supervised_raw_feature_logreg_conservative_topk_strict_gt,simMed_test.mat,65,simMed_test.mat#65,loso_supervised_raw_feature_logreg,learned_raw_feature_baseline,simWind_test.mat,simMed_test.mat
0.001,0.9980854988098145,0.7,0.0009922755167465576,30,65506,65,65,86,loso_supervised_raw_feature_logreg_conservative_topk_strict_gt,simMed_test.mat,65,simMed_test.mat#65,loso_supervised_raw_feature_logreg,learned_raw_feature_baseline,simWind_test.mat,simMed_test.mat
0.003,0.984991729259491,0.8,0.002992092327420389,30,65506,196,196,220,loso_supervised_raw_feature_logreg_conservative_topk_strict_gt,simMed_test.mat,65,simMed_test.mat#65,loso_supervised_raw_feature_logreg,learned_raw_feature_baseline,simWind_test.mat,simMed_test.mat
0.01,0.8340826630592346,0.9333333333333333,0.009999084053369156,30,65506,655,655,683,loso_supervised_raw_feature_logreg_conservative_topk_strict_gt,simMed_test.mat,65,simMed_test.mat#65,loso_supervised_raw_feature_logreg,learned_raw_feature_baseline,simWind_test.mat,simMed_test.mat
1e-05,0.9999661445617676,0.022727272727272728,0.0,44,65492,0,0,1,loso_supervised_raw_feature_logreg_conservative_topk_strict_gt,simMed_test.mat,67,simMed_test.mat#67,loso_supervised_raw_feature_logreg,learned_raw_feature_baseline,simWind_test.mat,simMed_test.mat
3e-05,0.9999524354934692,0.045454545454545456,1.526904049349539e-05,44,65492,1,1,3,loso_supervised_raw_feature_logreg_conservative_topk_strict_gt,simMed_test.mat,67,simMed_test.mat#67,loso_supervised_raw_feature_logreg,learned_raw_feature_baseline,simWind_test.mat,simMed_test.mat
0.0001,0.9998094439506531,0.18181818181818182,9.161424296097234e-05,44,65492,6,6,14,loso_supervised_raw_feature_logreg_conservative_topk_strict_gt,simMed_test.mat,67,simMed_test.mat#67,loso_supervised_raw_feature_logreg,learned_raw_feature_baseline,simWind_test.mat,simMed_test.mat
0.0003,0.9987356066703796,0.4090909090909091,0.00029011176937641237,44,65492,19,19,37,loso_supervised_raw_feature_logreg_conservative_topk_strict_gt,simMed_test.mat,67,simMed_test.mat#67,loso_supervised_raw_feature_logreg,learned_raw_feature_baseline,simWind_test.mat,simMed_test.mat
0.001,0.994492769241333,0.5,0.0009924876320772003,44,65492,65,65,87,loso_supervised_raw_feature_logreg_conservative_topk_strict_gt,simMed_test.mat,67,simMed_test.mat#67,loso_supervised_raw_feature_logreg,learned_raw_feature_baseline,simWind_test.mat,simMed_test.mat
0.003,0.986236035823822,0.6363636363636364,0.002992731936725096,44,65492,196,196,224,loso_supervised_raw_feature_logreg_conservative_topk_strict_gt,simMed_test.mat,67,simMed_test.mat#67,loso_supervised_raw_feature_logreg,learned_raw_feature_baseline,simWind_test.mat,simMed_test.mat
0.01,0.9530598521232605,0.6818181818181818,0.009985952482745985,44,65492,654,654,684,loso_supervised_raw_feature_logreg_conservative_topk_strict_gt,simMed_test.mat,67,simMed_test.mat#67,loso_supervised_raw_feature_logreg,learned_raw_feature_baseline,simWind_test.mat,simMed_test.mat
1e-05,0.9998871088027954,0.07317073170731707,0.0,41,65495,0,0,3,loso_supervised_raw_feature_logreg_conservative_topk_strict_gt,simMed_test.mat,69,simMed_test.mat#69,loso_supervised_raw_feature_logreg,learned_raw_feature_baseline,simWind_test.mat,simMed_test.mat
3e-05,0.9997437596321106,0.0975609756097561,1.5268341094740055e-05,41,65495,1,1,5,loso_supervised_raw_feature_logreg_conservative_topk_strict_gt,simMed_test.mat,69,simMed_test.mat#69,loso_supervised_raw_feature_logreg,learned_raw_feature_baseline,simWind_test.mat,simMed_test.mat
0.0001,0.9994288086891174,0.12195121951219512,9.161004656844033e-05,41,65495,6,6,11,loso_supervised_raw_feature_logreg_conservative_topk_strict_gt,simMed_test.mat,69,simMed_test.mat#69,loso_supervised_raw_feature_logreg,learned_raw_feature_baseline,simWind_test.mat,simMed_test.mat
0.0003,0.9979768395423889,0.21951219512195122,0.0002900984808000611,41,65495,19,19,28,loso_supervised_raw_feature_logreg_conservative_topk_strict_gt,simMed_test.mat,69,simMed_test.mat#69,loso_supervised_raw_feature_logreg,learned_raw_feature_baseline,simWind_test.mat,simMed_test.mat
0.001,0.9949860572814941,0.4146341463414634,0.0009924421711581036,41,65495,65,65,82,loso_supervised_raw_feature_logreg_conservative_topk_strict_gt,simMed_test.mat,69,simMed_test.mat#69,loso_supervised_raw_feature_logreg,learned_raw_feature_baseline,simWind_test.mat,simMed_test.mat
0.003,0.9883620142936707,0.4634146341463415,0.0029925948545690513,41,65495,196,196,215,loso_supervised_raw_feature_logreg_conservative_topk_strict_gt,simMed_test.mat,69,simMed_test.mat#69,loso_supervised_raw_feature_logreg,learned_raw_feature_baseline,simWind_test.mat,simMed_test.mat
0.01,0.9609698057174683,0.6585365853658537,0.009985495075959997,41,65495,654,654,681,loso_supervised_raw_feature_logreg_conservative_topk_strict_gt,simMed_test.mat,69,simMed_test.mat#69,loso_supervised_raw_feature_logreg,learned_raw_feature_baseline,simWind_test.mat,simMed_test.mat
1e-05,0.9999992847442627,0.06976744186046512,0.0,43,65493,0,0,3,loso_supervised_raw_feature_logreg_conservative_topk_strict_gt,simMed_test.mat,70,simMed_test.mat#70,loso_supervised_raw_feature_logreg,learned_raw_feature_baseline,simWind_test.mat,simMed_test.mat
3e-05,0.9999992847442627,0.06976744186046512,0.0,43,65493,1,0,3,loso_supervised_raw_feature_logreg_conservative_topk_strict_gt,simMed_test.mat,70,simMed_test.mat#70,loso_supervised_raw_feature_logreg,learned_raw_feature_baseline,simWind_test.mat,simMed_test.mat
0.0001,0.9999943971633911,0.37209302325581395,9.161284412074573e-05,43,65493,6,6,22,loso_supervised_raw_feature_logreg_conservative_topk_strict_gt,simMed_test.mat,70,simMed_test.mat#70,loso_supervised_raw_feature_logreg,learned_raw_feature_baseline,simWind_test.mat,simMed_test.mat
0.0003,0.9999661445617676,0.46511627906976744,0.0002901073397156948,43,65493,19,19,39,loso_supervised_raw_feature_logreg_conservative_topk_strict_gt,simMed_test.mat,70,simMed_test.mat#70,loso_supervised_raw_feature_logreg,learned_raw_feature_baseline,simWind_test.mat,simMed_test.mat
0.001,0.9991039633750916,0.7906976744186046,0.0009924724779747454,43,65493,65,65,99,loso_supervised_raw_feature_logreg_conservative_topk_strict_gt,simMed_test.mat,70,simMed_test.mat#70,loso_supervised_raw_feature_logreg,learned_raw_feature_baseline,simWind_test.mat,simMed_test.mat
0.003,0.9922993779182434,0.813953488372093,0.0029926862412776936,43,65493,196,196,231,loso_supervised_raw_feature_logreg_conservative_topk_strict_gt,simMed_test.mat,70,simMed_test.mat#70,loso_supervised_raw_feature_logreg,learned_raw_feature_baseline,simWind_test.mat,simMed_test.mat
0.01,0.9653043746948242,0.8837209302325582,0.009985800009161284,43,65493,654,654,692,loso_supervised_raw_feature_logreg_conservative_topk_strict_gt,simMed_test.mat,70,simMed_test.mat#70,loso_supervised_raw_feature_logreg,learned_raw_feature_baseline,simWind_test.mat,simMed_test.mat
1e-05,0.9999872446060181,0.037037037037037035,0.0,27,65509,0,0,1,loso_supervised_raw_feature_logreg_conservative_topk_strict_gt,simMed_test.mat,71,simMed_test.mat#71,loso_supervised_raw_feature_logreg,learned_raw_feature_baseline,simWind_test.mat,simMed_test.mat
3e-05,0.9999066591262817,0.1111111111111111,1.5265078080874384e-05,27,65509,1,1,4,loso_supervised_raw_feature_logreg_conservative_topk_strict_gt,simMed_test.mat,71,simMed_test.mat#71,loso_supervised_raw_feature_logreg,learned_raw_feature_baseline,simWind_test.mat,simMed_test.mat
0.0001,0.9997170567512512,0.14814814814814814,9.15904684852463e-05,27,65509,6,6,10,loso_supervised_raw_feature_logreg_conservative_topk_strict_gt,simMed_test.mat,71,simMed_test.mat#71,loso_supervised_raw_feature_logreg,learned_raw_feature_baseline,simWind_test.mat,simMed_test.mat
0.0003,0.9987805485725403,0.25925925925925924,0.0002900364835366133,27,65509,19,19,26,loso_supervised_raw_feature_logreg_conservative_topk_strict_gt,simMed_test.mat,71,simMed_test.mat#71,loso_supervised_raw_feature_logreg,learned_raw_feature_baseline,simWind_test.mat,simMed_test.mat
0.001,0.9962249994277954,0.37037037037037035,0.000992230075256835,27,65509,65,65,75,loso_supervised_raw_feature_logreg_conservative_topk_strict_gt,simMed_test.mat,71,simMed_test.mat#71,loso_supervised_raw_feature_logreg,learned_raw_feature_baseline,simWind_test.mat,simMed_test.mat
0.003,0.9892528653144836,0.5925925925925926,0.002991955303851379,27,65509,196,196,212,loso_supervised_raw_feature_logreg_conservative_topk_strict_gt,simMed_test.mat,71,simMed_test.mat#71,loso_supervised_raw_feature_logreg,learned_raw_feature_baseline,simWind_test.mat,simMed_test.mat
0.01,0.9385870695114136,0.6666666666666666,0.00999862614297272,27,65509,655,655,673,loso_supervised_raw_feature_logreg_conservative_topk_strict_gt,simMed_test.mat,71,simMed_test.mat#71,loso_supervised_raw_feature_logreg,learned_raw_feature_baseline,simWind_test.mat,simMed_test.mat
1e-05,0.9999743700027466,0.16216216216216217,0.0,37,65499,0,0,6,loso_supervised_raw_feature_logreg_conservative_topk_strict_gt,simMed_test.mat,72,simMed_test.mat#72,loso_supervised_raw_feature_logreg,learned_raw_feature_baseline,simWind_test.mat,simMed_test.mat
3e-05,0.9999645948410034,0.1891891891891892,1.5267408662727676e-05,37,65499,1,1,8,loso_supervised_raw_feature_logreg_conservative_topk_strict_gt,simMed_test.mat,72,simMed_test.mat#72,loso_supervised_raw_feature_logreg,learned_raw_feature_baseline,simWind_test.mat,simMed_test.mat
0.0001,0.999879002571106,0.40540540540540543,9.160445197636606e-05,37,65499,6,6,21,loso_supervised_raw_feature_logreg_conservative_topk_strict_gt,simMed_test.mat,72,simMed_test.mat#72,loso_supervised_raw_feature_logreg,learned_raw_feature_baseline,simWind_test.mat,simMed_test.mat
0.0003,0.9996296167373657,0.5135135135135135,0.00029008076459182585,37,65499,19,19,38,loso_supervised_raw_feature_logreg_conservative_topk_strict_gt,simMed_test.mat,72,simMed_test.mat#72,loso_supervised_raw_feature_logreg,learned_raw_feature_baseline,simWind_test.mat,simMed_test.mat
0.001,0.9974741339683533,0.7027027027027027,0.0009923815630772988,37,65499,65,65,91,loso_supervised_raw_feature_logreg_conservative_topk_strict_gt,simMed_test.mat,72,simMed_test.mat#72,loso_supervised_raw_feature_logreg,learned_raw_feature_baseline,simWind_test.mat,simMed_test.mat
0.003,0.9916252493858337,0.7567567567567568,0.0029924120978946245,37,65499,196,196,224,loso_supervised_raw_feature_logreg_conservative_topk_strict_gt,simMed_test.mat,72,simMed_test.mat#72,loso_supervised_raw_feature_logreg,learned_raw_feature_baseline,simWind_test.mat,simMed_test.mat
0.01,0.9645843505859375,0.918918918918919,0.009984885265423899,37,65499,654,654,688,loso_supervised_raw_feature_logreg_conservative_topk_strict_gt,simMed_test.mat,72,simMed_test.mat#72,loso_supervised_raw_feature_logreg,learned_raw_feature_baseline,simWind_test.mat,simMed_test.mat
1e-05,0.9999856948852539,0.02857142857142857,0.0,35,65501,0,0,1,loso_supervised_raw_feature_logreg_conservative_topk_strict_gt,simMed_test.mat,74,simMed_test.mat#74,loso_supervised_raw_feature_logreg,learned_raw_feature_baseline,simWind_test.mat,simMed_test.mat
3e-05,0.9999771118164062,0.02857142857142857,1.5266942489427644e-05,35,65501,1,1,2,loso_supervised_raw_feature_logreg_conservative_topk_strict_gt,simMed_test.mat,74,simMed_test.mat#74,loso_supervised_raw_feature_logreg,learned_raw_feature_baseline,simWind_test.mat,simMed_test.mat
0.0001,0.9996938705444336,0.17142857142857143,9.160165493656586e-05,35,65501,6,6,12,loso_supervised_raw_feature_logreg_conservative_topk_strict_gt,simMed_test.mat,74,simMed_test.mat#74,loso_supervised_raw_feature_logreg,learned_raw_feature_baseline,simWind_test.mat,simMed_test.mat
0.0003,0.9985160231590271,0.37142857142857144,0.0002900719072991252,35,65501,19,19,32,loso_supervised_raw_feature_logreg_conservative_topk_strict_gt,simMed_test.mat,74,simMed_test.mat#74,loso_supervised_raw_feature_logreg,learned_raw_feature_baseline,simWind_test.mat,simMed_test.mat
0.001,0.9953837990760803,0.5142857142857142,0.0009923512618127967,35,65501,65,65,83,loso_supervised_raw_feature_logreg_conservative_topk_strict_gt,simMed_test.mat,74,simMed_test.mat#74,loso_supervised_raw_feature_logreg,learned_raw_feature_baseline,simWind_test.mat,simMed_test.mat
0.003,0.9882915616035461,0.6285714285714286,0.002992320727927818,35,65501,196,196,218,loso_supervised_raw_feature_logreg_conservative_topk_strict_gt,simMed_test.mat,74,simMed_test.mat#74,loso_supervised_raw_feature_logreg,learned_raw_feature_baseline,simWind_test.mat,simMed_test.mat
0.01,0.9570200443267822,0.7714285714285715,0.009999847330575106,35,65501,655,655,682,loso_supervised_raw_feature_logreg_conservative_topk_strict_gt,simMed_test.mat,74,simMed_test.mat#74,loso_supervised_raw_feature_logreg,learned_raw_feature_baseline,simWind_test.mat,simMed_test.mat
1e-05,0.9999994039535522,0.05,0.0,60,65476,0,0,3,loso_supervised_raw_feature_logreg_conservative_topk_strict_gt,simMed_test.mat,75,simMed_test.mat#75,loso_supervised_raw_feature_logreg,learned_raw_feature_baseline,simWind_test.mat,simMed_test.mat
3e-05,0.9999992847442627,0.08333333333333333,1.527277170260859e-05,60,65476,1,1,6,loso_supervised_raw_feature_logreg_conservative_topk_strict_gt,simMed_test.mat,75,simMed_test.mat#75,loso_supervised_raw_feature_logreg,learned_raw_feature_baseline,simWind_test.mat,simMed_test.mat
0.0001,0.9999983310699463,0.21666666666666667,9.163663021565153e-05,60,65476,6,6,19,loso_supervised_raw_feature_logreg_conservative_topk_strict_gt,simMed_test.mat,75,simMed_test.mat#75,loso_supervised_raw_feature_logreg,learned_raw_feature_baseline,simWind_test.mat,simMed_test.mat
0.0003,0.9999916553497314,0.35,0.0002901826623495632,60,65476,19,19,40,loso_supervised_raw_feature_logreg_conservative_topk_strict_gt,simMed_test.mat,75,simMed_test.mat#75,loso_supervised_raw_feature_logreg,learned_raw_feature_baseline,simWind_test.mat,simMed_test.mat
0.001,0.9997941851615906,0.7,0.0009927301606695582,60,65476,65,65,107,loso_supervised_raw_feature_logreg_conservative_topk_strict_gt,simMed_test.mat,75,simMed_test.mat#75,loso_supervised_raw_feature_logreg,learned_raw_feature_baseline,simWind_test.mat,simMed_test.mat
0.003,0.9952344298362732,0.8833333333333333,0.0029934632537112833,60,65476,196,196,249,loso_supervised_raw_feature_logreg_conservative_topk_strict_gt,simMed_test.mat,75,simMed_test.mat#75,loso_supervised_raw_feature_logreg,learned_raw_feature_baseline,simWind_test.mat,simMed_test.mat
0.01,0.9745555520057678,0.9333333333333333,0.009988392693506017,60,65476,654,654,710,loso_supervised_raw_feature_logreg_conservative_topk_strict_gt,simMed_test.mat,75,simMed_test.mat#75,loso_supervised_raw_feature_logreg,learned_raw_feature_baseline,simWind_test.mat,simMed_test.mat
1e-05,0.999906063079834,0.0,0.0,27,65509,0,0,0,loso_supervised_raw_feature_logreg_conservative_topk_strict_gt,simMed_test.mat,76,simMed_test.mat#76,loso_supervised_raw_feature_logreg,learned_raw_feature_baseline,simWind_test.mat,simMed_test.mat
3e-05,0.9998282194137573,0.07407407407407407,1.5265078080874384e-05,27,65509,1,1,3,loso_supervised_raw_feature_logreg_conservative_topk_strict_gt,simMed_test.mat,76,simMed_test.mat#76,loso_supervised_raw_feature_logreg,learned_raw_feature_baseline,simWind_test.mat,simMed_test.mat
0.0001,0.9994508624076843,0.2222222222222222,9.15904684852463e-05,27,65509,6,6,12,loso_supervised_raw_feature_logreg_conservative_topk_strict_gt,simMed_test.mat,76,simMed_test.mat#76,loso_supervised_raw_feature_logreg,learned_raw_feature_baseline,simWind_test.mat,simMed_test.mat
0.0003,0.9972736239433289,0.4074074074074074,0.0002900364835366133,27,65509,19,19,30,loso_supervised_raw_feature_logreg_conservative_topk_strict_gt,simMed_test.mat,76,simMed_test.mat#76,loso_supervised_raw_feature_logreg,learned_raw_feature_baseline,simWind_test.mat,simMed_test.mat
0.001,0.9936779141426086,0.48148148148148145,0.000992230075256835,27,65509,65,65,78,loso_supervised_raw_feature_logreg_conservative_topk_strict_gt,simMed_test.mat,76,simMed_test.mat#76,loso_supervised_raw_feature_logreg,learned_raw_feature_baseline,simWind_test.mat,simMed_test.mat
0.003,0.9860482215881348,0.5555555555555556,0.002991955303851379,27,65509,196,196,211,loso_supervised_raw_feature_logreg_conservative_topk_strict_gt,simMed_test.mat,76,simMed_test.mat#76,loso_supervised_raw_feature_logreg,learned_raw_feature_baseline,simWind_test.mat,simMed_test.mat
0.01,0.9584219455718994,0.7407407407407407,0.00999862614297272,27,65509,655,655,675,loso_supervised_raw_feature_logreg_conservative_topk_strict_gt,simMed_test.mat,76,simMed_test.mat#76,loso_supervised_raw_feature_logreg,learned_raw_feature_baseline,simWind_test.mat,simMed_test.mat
1e-05,0.999652624130249,0.015873015873015872,0.0,63,65473,0,0,1,loso_supervised_raw_feature_logreg_conservative_topk_strict_gt,simMed_test.mat,77,simMed_test.mat#77,loso_supervised_raw_feature_logreg,learned_raw_feature_baseline,simWind_test.mat,simMed_test.mat
3e-05,0.9995415210723877,0.047619047619047616,1.5273471507338904e-05,63,65473,1,1,4,loso_supervised_raw_feature_logreg_conservative_topk_strict_gt,simMed_test.mat,77,simMed_test.mat#77,loso_supervised_raw_feature_logreg,learned_raw_feature_baseline,simWind_test.mat,simMed_test.mat
0.0001,0.9984470009803772,0.14285714285714285,9.164082904403341e-05,63,65473,6,6,15,loso_supervised_raw_feature_logreg_conservative_topk_strict_gt,simMed_test.mat,77,simMed_test.mat#77,loso_supervised_raw_feature_logreg,learned_raw_feature_baseline,simWind_test.mat,simMed_test.mat
0.0003,0.9973183274269104,0.20634920634920634,0.00029019595863943913,63,65473,19,19,32,loso_supervised_raw_feature_logreg_conservative_topk_strict_gt,simMed_test.mat,77,simMed_test.mat#77,loso_supervised_raw_feature_logreg,learned_raw_feature_baseline,simWind_test.mat,simMed_test.mat
0.001,0.9936497807502747,0.31746031746031744,0.0009927756479770288,63,65473,65,65,85,loso_supervised_raw_feature_logreg_conservative_topk_strict_gt,simMed_test.mat,77,simMed_test.mat#77,loso_supervised_raw_feature_logreg,learned_raw_feature_baseline,simWind_test.mat,simMed_test.mat
0.003,0.986221969127655,0.4444444444444444,0.002993600415438425,63,65473,196,196,224,loso_supervised_raw_feature_logreg_conservative_topk_strict_gt,simMed_test.mat,77,simMed_test.mat#77,loso_supervised_raw_feature_logreg,learned_raw_feature_baseline,simWind_test.mat,simMed_test.mat
0.01,0.9515013098716736,0.6666666666666666,0.009988850365799643,63,65473,654,654,696,loso_supervised_raw_feature_logreg_conservative_topk_strict_gt,simMed_test.mat,77,simMed_test.mat#77,loso_supervised_raw_feature_logreg,learned_raw_feature_baseline,simWind_test.mat,simMed_test.mat
1e-05,0.9999847412109375,0.04,0.0,25,65511,0,0,1,loso_supervised_raw_feature_logreg_conservative_topk_strict_gt,simMed_test.mat,78,simMed_test.mat#78,loso_supervised_raw_feature_logreg,learned_raw_feature_baseline,simWind_test.mat,simMed_test.mat
3e-05,0.9998194575309753,0.08,1.526461204988475e-05,25,65511,1,1,3,loso_supervised_raw_feature_logreg_conservative_topk_strict_gt,simMed_test.mat,78,simMed_test.mat#78,loso_supervised_raw_feature_logreg,learned_raw_feature_baseline,simWind_test.mat,simMed_test.mat
0.0001,0.9985958933830261,0.24,9.158767229930851e-05,25,65511,6,6,12,loso_supervised_raw_feature_logreg_conservative_topk_strict_gt,simMed_test.mat,78,simMed_test.mat#78,loso_supervised_raw_feature_logreg,learned_raw_feature_baseline,simWind_test.mat,simMed_test.mat
0.0003,0.9970389604568481,0.28,0.0002900276289478103,25,65511,19,19,26,loso_supervised_raw_feature_logreg_conservative_topk_strict_gt,simMed_test.mat,78,simMed_test.mat#78,loso_supervised_raw_feature_logreg,learned_raw_feature_baseline,simWind_test.mat,simMed_test.mat
0.001,0.9943326711654663,0.28,0.0009921997832425089,25,65511,65,65,72,loso_supervised_raw_feature_logreg_conservative_topk_strict_gt,simMed_test.mat,78,simMed_test.mat#78,loso_supervised_raw_feature_logreg,learned_raw_feature_baseline,simWind_test.mat,simMed_test.mat
0.003,0.9884224534034729,0.32,0.0029918639617774116,25,65511,196,196,204,loso_supervised_raw_feature_logreg_conservative_topk_strict_gt,simMed_test.mat,78,simMed_test.mat#78,loso_supervised_raw_feature_logreg,learned_raw_feature_baseline,simWind_test.mat,simMed_test.mat
0.01,0.958543062210083,0.56,0.009998320892674512,25,65511,655,655,669,loso_supervised_raw_feature_logreg_conservative_topk_strict_gt,simMed_test.mat,78,simMed_test.mat#78,loso_supervised_raw_feature_logreg,learned_raw_feature_baseline,simWind_test.mat,simMed_test.mat
1e-05,0.9999988079071045,0.07692307692307693,0.0,26,65510,0,0,2,loso_supervised_raw_feature_logreg_conservative_topk_strict_gt,simMed_test.mat,79,simMed_test.mat#79,loso_supervised_raw_feature_logreg,learned_raw_feature_baseline,simWind_test.mat,simMed_test.mat
3e-05,0.9999977350234985,0.15384615384615385,1.5264845061822624e-05,26,65510,1,1,5,loso_supervised_raw_feature_logreg_conservative_topk_strict_gt,simMed_test.mat,79,simMed_test.mat#79,loso_supervised_raw_feature_logreg,learned_raw_feature_baseline,simWind_test.mat,simMed_test.mat
0.0001,0.999981164932251,0.19230769230769232,9.158907037093573e-05,26,65510,6,6,11,loso_supervised_raw_feature_logreg_conservative_topk_strict_gt,simMed_test.mat,79,simMed_test.mat#79,loso_supervised_raw_feature_logreg,learned_raw_feature_baseline,simWind_test.mat,simMed_test.mat
0.0003,0.999622106552124,0.46153846153846156,0.00029003205617462985,26,65510,19,19,31,loso_supervised_raw_feature_logreg_conservative_topk_strict_gt,simMed_test.mat,79,simMed_test.mat#79,loso_supervised_raw_feature_logreg,learned_raw_feature_baseline,simWind_test.mat,simMed_test.mat
0.001,0.9963780045509338,0.6153846153846154,0.0009922149290184704,26,65510,65,65,81,loso_supervised_raw_feature_logreg_conservative_topk_strict_gt,simMed_test.mat,79,simMed_test.mat#79,loso_supervised_raw_feature_logreg,learned_raw_feature_baseline,simWind_test.mat,simMed_test.mat
0.003,0.984539806842804,0.6538461538461539,0.002991909632117234,26,65510,196,196,213,loso_supervised_raw_feature_logreg_conservative_topk_strict_gt,simMed_test.mat,79,simMed_test.mat#79,loso_supervised_raw_feature_logreg,learned_raw_feature_baseline,simWind_test.mat,simMed_test.mat
0.01,0.8758604526519775,0.8076923076923077,0.009998473515493819,26,65510,655,655,676,loso_supervised_raw_feature_logreg_conservative_topk_strict_gt,simMed_test.mat,79,simMed_test.mat#79,loso_supervised_raw_feature_logreg,learned_raw_feature_baseline,simWind_test.mat,simMed_test.mat
1e-05,0.9993306398391724,0.26666666666666666,0.0,15,65521,0,0,4,loso_supervised_raw_feature_logreg_conservative_topk_strict_gt,simMed_test.mat,80,simMed_test.mat#80,loso_supervised_raw_feature_logreg,learned_raw_feature_baseline,simWind_test.mat,simMed_test.mat
3e-05,0.9992309808731079,0.3333333333333333,1.5262282321698386e-05,15,65521,1,1,6,loso_supervised_raw_feature_logreg_conservative_topk_strict_gt,simMed_test.mat,80,simMed_test.mat#80,loso_supervised_raw_feature_logreg,learned_raw_feature_baseline,simWind_test.mat,simMed_test.mat
0.0001,0.9990389347076416,0.3333333333333333,9.157369393019033e-05,15,65521,6,6,11,loso_supervised_raw_feature_logreg_conservative_topk_strict_gt,simMed_test.mat,80,simMed_test.mat#80,loso_supervised_raw_feature_logreg,learned_raw_feature_baseline,simWind_test.mat,simMed_test.mat
0.0003,0.9984613656997681,0.3333333333333333,0.00028998336411226937,15,65521,19,19,24,loso_supervised_raw_feature_logreg_conservative_topk_strict_gt,simMed_test.mat,80,simMed_test.mat#80,loso_supervised_raw_feature_logreg,learned_raw_feature_baseline,simWind_test.mat,simMed_test.mat
0.001,0.9956003427505493,0.4666666666666667,0.000992048350910395,15,65521,65,65,72,loso_supervised_raw_feature_logreg_conservative_topk_strict_gt,simMed_test.mat,80,simMed_test.mat#80,loso_supervised_raw_feature_logreg,learned_raw_feature_baseline,simWind_test.mat,simMed_test.mat
0.003,0.9872380495071411,0.6666666666666666,0.0029914073350528836,15,65521,196,196,206,loso_supervised_raw_feature_logreg_conservative_topk_strict_gt,simMed_test.mat,80,simMed_test.mat#80,loso_supervised_raw_feature_logreg,learned_raw_feature_baseline,simWind_test.mat,simMed_test.mat
0.01,0.9395473003387451,0.8666666666666667,0.009996794920712444,15,65521,655,655,668,loso_supervised_raw_feature_logreg_conservative_topk_strict_gt,simMed_test.mat,80,simMed_test.mat#80,loso_supervised_raw_feature_logreg,learned_raw_feature_baseline,simWind_test.mat,simMed_test.mat
1e-05,0.9999997615814209,0.03225806451612903,0.0,31,65505,0,0,1,loso_supervised_raw_feature_logreg_conservative_topk_strict_gt,simMed_test.mat,82,simMed_test.mat#82,loso_supervised_raw_feature_logreg,learned_raw_feature_baseline,simWind_test.mat,simMed_test.mat
3e-05,0.9999995231628418,0.12903225806451613,1.5266010228226854e-05,31,65505,1,1,5,loso_supervised_raw_feature_logreg_conservative_topk_strict_gt,simMed_test.mat,82,simMed_test.mat#82,loso_supervised_raw_feature_logreg,learned_raw_feature_baseline,simWind_test.mat,simMed_test.mat
0.0001,0.9999983310699463,0.16129032258064516,9.159606136936111e-05,31,65505,6,6,11,loso_supervised_raw_feature_logreg_conservative_topk_strict_gt,simMed_test.mat,82,simMed_test.mat#82,loso_supervised_raw_feature_logreg,learned_raw_feature_baseline,simWind_test.mat,simMed_test.mat
0.0003,0.9999697208404541,0.5483870967741935,0.0002900541943363102,31,65505,19,19,36,loso_supervised_raw_feature_logreg_conservative_topk_strict_gt,simMed_test.mat,82,simMed_test.mat#82,loso_supervised_raw_feature_logreg,learned_raw_feature_baseline,simWind_test.mat,simMed_test.mat
0.001,0.9982283711433411,0.7741935483870968,0.0009922906648347455,31,65505,65,65,89,loso_supervised_raw_feature_logreg_conservative_topk_strict_gt,simMed_test.mat,82,simMed_test.mat#82,loso_supervised_raw_feature_logreg,learned_raw_feature_baseline,simWind_test.mat,simMed_test.mat
0.003,0.9920406937599182,0.7741935483870968,0.002992138004732463,31,65505,196,196,220,loso_supervised_raw_feature_logreg_conservative_topk_strict_gt,simMed_test.mat,82,simMed_test.mat#82,loso_supervised_raw_feature_logreg,learned_raw_feature_baseline,simWind_test.mat,simMed_test.mat
0.01,0.9662785530090332,0.8387096774193549,0.009999236699488588,31,65505,655,655,681,loso_supervised_raw_feature_logreg_conservative_topk_strict_gt,simMed_test.mat,82,simMed_test.mat#82,loso_supervised_raw_feature_logreg,learned_raw_feature_baseline,simWind_test.mat,simMed_test.mat
1e-05,0.9999991655349731,0.075,0.0,40,65496,0,0,3,loso_supervised_raw_feature_logreg_conservative_topk_strict_gt,simMed_test.mat,84,simMed_test.mat#84,loso_supervised_raw_feature_logreg,learned_raw_feature_baseline,simWind_test.mat,simMed_test.mat
3e-05,0.9999979734420776,0.1,1.5268107976059605e-05,40,65496,1,1,5,loso_supervised_raw_feature_logreg_conservative_topk_strict_gt,simMed_test.mat,84,simMed_test.mat#84,loso_supervised_raw_feature_logreg,learned_raw_feature_baseline,simWind_test.mat,simMed_test.mat
0.0001,0.9999891519546509,0.25,9.160864785635764e-05,40,65496,6,6,16,loso_supervised_raw_feature_logreg_conservative_topk_strict_gt,simMed_test.mat,84,simMed_test.mat#84,loso_supervised_raw_feature_logreg,learned_raw_feature_baseline,simWind_test.mat,simMed_test.mat
0.0003,0.9999635219573975,0.375,0.00027482594356907294,40,65496,19,18,33,loso_supervised_raw_feature_logreg_conservative_topk_strict_gt,simMed_test.mat,84,simMed_test.mat#84,loso_supervised_raw_feature_logreg,learned_raw_feature_baseline,simWind_test.mat,simMed_test.mat
0.001,0.9988307356834412,0.8,0.0009924270184438744,40,65496,65,65,97,loso_supervised_raw_feature_logreg_conservative_topk_strict_gt,simMed_test.mat,84,simMed_test.mat#84,loso_supervised_raw_feature_logreg,learned_raw_feature_baseline,simWind_test.mat,simMed_test.mat
0.003,0.9918785095214844,0.85,0.002992549163307683,40,65496,196,196,230,loso_supervised_raw_feature_logreg_conservative_topk_strict_gt,simMed_test.mat,84,simMed_test.mat#84,loso_supervised_raw_feature_logreg,learned_raw_feature_baseline,simWind_test.mat,simMed_test.mat
0.01,0.9536540508270264,0.875,0.009985342616342983,40,65496,654,654,689,loso_supervised_raw_feature_logreg_conservative_topk_strict_gt,simMed_test.mat,84,simMed_test.mat#84,loso_supervised_raw_feature_logreg,learned_raw_feature_baseline,simWind_test.mat,simMed_test.mat
1e-05,0.9999983310699463,0.12903225806451613,0.0,31,65505,0,0,4,loso_supervised_raw_feature_logreg_conservative_topk_strict_gt,simMed_test.mat,85,simMed_test.mat#85,loso_supervised_raw_feature_logreg,learned_raw_feature_baseline,simWind_test.mat,simMed_test.mat
3e-05,0.9999982118606567,0.12903225806451613,1.5266010228226854e-05,31,65505,1,1,5,loso_supervised_raw_feature_logreg_conservative_topk_strict_gt,simMed_test.mat,85,simMed_test.mat#85,loso_supervised_raw_feature_logreg,learned_raw_feature_baseline,simWind_test.mat,simMed_test.mat
0.0001,0.9999961853027344,0.1935483870967742,9.159606136936111e-05,31,65505,6,6,12,loso_supervised_raw_feature_logreg_conservative_topk_strict_gt,simMed_test.mat,85,simMed_test.mat#85,loso_supervised_raw_feature_logreg,learned_raw_feature_baseline,simWind_test.mat,simMed_test.mat
0.0003,0.9999358654022217,0.5161290322580645,0.0002900541943363102,31,65505,19,19,35,loso_supervised_raw_feature_logreg_conservative_topk_strict_gt,simMed_test.mat,85,simMed_test.mat#85,loso_supervised_raw_feature_logreg,learned_raw_feature_baseline,simWind_test.mat,simMed_test.mat
0.001,0.9976305961608887,0.8387096774193549,0.0009922906648347455,31,65505,65,65,91,loso_supervised_raw_feature_logreg_conservative_topk_strict_gt,simMed_test.mat,85,simMed_test.mat#85,loso_supervised_raw_feature_logreg,learned_raw_feature_baseline,simWind_test.mat,simMed_test.mat
0.003,0.9890684485435486,0.8709677419354839,0.002992138004732463,31,65505,196,196,223,loso_supervised_raw_feature_logreg_conservative_topk_strict_gt,simMed_test.mat,85,simMed_test.mat#85,loso_supervised_raw_feature_logreg,learned_raw_feature_baseline,simWind_test.mat,simMed_test.mat
0.01,0.9511405825614929,0.9354838709677419,0.009999236699488588,31,65505,655,655,684,loso_supervised_raw_feature_logreg_conservative_topk_strict_gt,simMed_test.mat,85,simMed_test.mat#85,loso_supervised_raw_feature_logreg,learned_raw_feature_baseline,simWind_test.mat,simMed_test.mat
1e-05,0.9999992847442627,0.022727272727272728,0.0,44,65492,0,0,1,loso_supervised_raw_feature_logreg_conservative_topk_strict_gt,simMed_test.mat,86,simMed_test.mat#86,loso_supervised_raw_feature_logreg,learned_raw_feature_baseline,simWind_test.mat,simMed_test.mat
3e-05,0.9999988079071045,0.06818181818181818,1.526904049349539e-05,44,65492,1,1,4,loso_supervised_raw_feature_logreg_conservative_topk_strict_gt,simMed_test.mat,86,simMed_test.mat#86,loso_supervised_raw_feature_logreg,learned_raw_feature_baseline,simWind_test.mat,simMed_test.mat
0.0001,0.9999890327453613,0.2727272727272727,9.161424296097234e-05,44,65492,6,6,18,loso_supervised_raw_feature_logreg_conservative_topk_strict_gt,simMed_test.mat,86,simMed_test.mat#86,loso_supervised_raw_feature_logreg,learned_raw_feature_baseline,simWind_test.mat,simMed_test.mat
0.0003,0.9999163150787354,0.4318181818181818,0.00029011176937641237,44,65492,19,19,38,loso_supervised_raw_feature_logreg_conservative_topk_strict_gt,simMed_test.mat,86,simMed_test.mat#86,loso_supervised_raw_feature_logreg,learned_raw_feature_baseline,simWind_test.mat,simMed_test.mat
0.001,0.9981533885002136,0.6818181818181818,0.0009924876320772003,44,65492,65,65,95,loso_supervised_raw_feature_logreg_conservative_topk_strict_gt,simMed_test.mat,86,simMed_test.mat#86,loso_supervised_raw_feature_logreg,learned_raw_feature_baseline,simWind_test.mat,simMed_test.mat
0.003,0.9903008937835693,0.8636363636363636,0.002992731936725096,44,65492,196,196,234,loso_supervised_raw_feature_logreg_conservative_topk_strict_gt,simMed_test.mat,86,simMed_test.mat#86,loso_supervised_raw_feature_logreg,learned_raw_feature_baseline,simWind_test.mat,simMed_test.mat
0.01,0.9619665741920471,0.9090909090909091,0.009985952482745985,44,65492,654,654,694,loso_supervised_raw_feature_logreg_conservative_topk_strict_gt,simMed_test.mat,86,simMed_test.mat#86,loso_supervised_raw_feature_logreg,learned_raw_feature_baseline,simWind_test.mat,simMed_test.mat
1e-05,0.9999794960021973,0.02127659574468085,0.0,47,65489,0,0,1,loso_supervised_raw_feature_logreg_conservative_topk_strict_gt,simMed_test.mat,87,simMed_test.mat#87,loso_supervised_raw_feature_logreg,learned_raw_feature_baseline,simWind_test.mat,simMed_test.mat
3e-05,0.9999328851699829,0.06382978723404255,1.5269739956328543e-05,47,65489,1,1,4,loso_supervised_raw_feature_logreg_conservative_topk_strict_gt,simMed_test.mat,87,simMed_test.mat#87,loso_supervised_raw_feature_logreg,learned_raw_feature_baseline,simWind_test.mat,simMed_test.mat
0.0001,0.9997574687004089,0.19148936170212766,9.161843973797126e-05,47,65489,6,6,15,loso_supervised_raw_feature_logreg_conservative_topk_strict_gt,simMed_test.mat,87,simMed_test.mat#87,loso_supervised_raw_feature_logreg,learned_raw_feature_baseline,simWind_test.mat,simMed_test.mat
0.0003,0.9985554814338684,0.3404255319148936,0.00029012505917024235,47,65489,19,19,35,loso_supervised_raw_feature_logreg_conservative_topk_strict_gt,simMed_test.mat,87,simMed_test.mat#87,loso_supervised_raw_feature_logreg,learned_raw_feature_baseline,simWind_test.mat,simMed_test.mat
0.001,0.9942845702171326,0.5106382978723404,0.0009925330971613554,47,65489,65,65,89,loso_supervised_raw_feature_logreg_conservative_topk_strict_gt,simMed_test.mat,87,simMed_test.mat#87,loso_supervised_raw_feature_logreg,learned_raw_feature_baseline,simWind_test.mat,simMed_test.mat
0.003,0.9865072965621948,0.5531914893617021,0.0029928690314403946,47,65489,196,196,222,loso_supervised_raw_feature_logreg_conservative_topk_strict_gt,simMed_test.mat,87,simMed_test.mat#87,loso_supervised_raw_feature_logreg,learned_raw_feature_baseline,simWind_test.mat,simMed_test.mat
0.01,0.9514878392219543,0.7659574468085106,0.009986409931438867,47,65489,654,654,690,loso_supervised_raw_feature_logreg_conservative_topk_strict_gt,simMed_test.mat,87,simMed_test.mat#87,loso_supervised_raw_feature_logreg,learned_raw_feature_baseline,simWind_test.mat,simMed_test.mat
1e-05,0.9990566372871399,0.06976744186046512,0.0,43,65493,0,0,3,loso_supervised_raw_feature_logreg_conservative_topk_strict_gt,simMed_test.mat,88,simMed_test.mat#88,loso_supervised_raw_feature_logreg,learned_raw_feature_baseline,simWind_test.mat,simMed_test.mat
3e-05,0.9988252520561218,0.09302325581395349,1.526880735345762e-05,43,65493,1,1,5,loso_supervised_raw_feature_logreg_conservative_topk_strict_gt,simMed_test.mat,88,simMed_test.mat#88,loso_supervised_raw_feature_logreg,learned_raw_feature_baseline,simWind_test.mat,simMed_test.mat
0.0001,0.9980853796005249,0.13953488372093023,9.161284412074573e-05,43,65493,6,6,12,loso_supervised_raw_feature_logreg_conservative_topk_strict_gt,simMed_test.mat,88,simMed_test.mat#88,loso_supervised_raw_feature_logreg,learned_raw_feature_baseline,simWind_test.mat,simMed_test.mat
0.0003,0.996239185333252,0.2558139534883721,0.0002901073397156948,43,65493,19,19,30,loso_supervised_raw_feature_logreg_conservative_topk_strict_gt,simMed_test.mat,88,simMed_test.mat#88,loso_supervised_raw_feature_logreg,learned_raw_feature_baseline,simWind_test.mat,simMed_test.mat
0.001,0.9927257299423218,0.37209302325581395,0.0009924724779747454,43,65493,65,65,81,loso_supervised_raw_feature_logreg_conservative_topk_strict_gt,simMed_test.mat,88,simMed_test.mat#88,loso_supervised_raw_feature_logreg,learned_raw_feature_baseline,simWind_test.mat,simMed_test.mat
0.003,0.9846668243408203,0.4418604651162791,0.0029926862412776936,43,65493,196,196,215,loso_supervised_raw_feature_logreg_conservative_topk_strict_gt,simMed_test.mat,88,simMed_test.mat#88,loso_supervised_raw_feature_logreg,learned_raw_feature_baseline,simWind_test.mat,simMed_test.mat
0.01,0.9564195871353149,0.5581395348837209,0.009985800009161284,43,65493,654,654,678,loso_supervised_raw_feature_logreg_conservative_topk_strict_gt,simMed_test.mat,88,simMed_test.mat#88,loso_supervised_raw_feature_logreg,learned_raw_feature_baseline,simWind_test.mat,simMed_test.mat
1e-05,0.9999992847442627,0.06,0.0,50,65486,0,0,3,loso_supervised_raw_feature_logreg_conservative_topk_strict_gt,simMed_test.mat,89,simMed_test.mat#89,loso_supervised_raw_feature_logreg,learned_raw_feature_baseline,simWind_test.mat,simMed_test.mat
3e-05,0.9999986886978149,0.08,1.5270439483248328e-05,50,65486,1,1,5,loso_supervised_raw_feature_logreg_conservative_topk_strict_gt,simMed_test.mat,89,simMed_test.mat#89,loso_supervised_raw_feature_logreg,learned_raw_feature_baseline,simWind_test.mat,simMed_test.mat
0.0001,0.999990701675415,0.16,9.162263689948997e-05,50,65486,6,6,14,loso_supervised_raw_feature_logreg_conservative_topk_strict_gt,simMed_test.mat,89,simMed_test.mat#89,loso_supervised_raw_feature_logreg,learned_raw_feature_baseline,simWind_test.mat,simMed_test.mat
0.0003,0.9999443292617798,0.34,0.0002901383501817182,50,65486,19,19,36,loso_supervised_raw_feature_logreg_conservative_topk_strict_gt,simMed_test.mat,89,simMed_test.mat#89,loso_supervised_raw_feature_logreg,learned_raw_feature_baseline,simWind_test.mat,simMed_test.mat
0.001,0.997840166091919,0.64,0.0009925785664111413,50,65486,65,65,97,loso_supervised_raw_feature_logreg_conservative_topk_strict_gt,simMed_test.mat,89,simMed_test.mat#89,loso_supervised_raw_feature_logreg,learned_raw_feature_baseline,simWind_test.mat,simMed_test.mat
0.003,0.9877455830574036,0.72,0.002993006138716672,50,65486,196,196,232,loso_supervised_raw_feature_logreg_conservative_topk_strict_gt,simMed_test.mat,89,simMed_test.mat#89,loso_supervised_raw_feature_logreg,learned_raw_feature_baseline,simWind_test.mat,simMed_test.mat
0.01,0.9577499628067017,0.76,0.009986867422044406,50,65486,654,654,692,loso_supervised_raw_feature_logreg_conservative_topk_strict_gt,simMed_test.mat,89,simMed_test.mat#89,loso_supervised_raw_feature_logreg,learned_raw_feature_baseline,simWind_test.mat,simMed_test.mat
1e-05,0.9999990463256836,0.2,0.0,15,65521,0,0,3,loso_supervised_raw_feature_logreg_conservative_topk_strict_gt,simMed_test.mat,90,simMed_test.mat#90,loso_supervised_raw_feature_logreg,learned_raw_feature_baseline,simWind_test.mat,simMed_test.mat
3e-05,0.9999984502792358,0.2,1.5262282321698386e-05,15,65521,1,1,4,loso_supervised_raw_feature_logreg_conservative_topk_strict_gt,simMed_test.mat,90,simMed_test.mat#90,loso_supervised_raw_feature_logreg,learned_raw_feature_baseline,simWind_test.mat,simMed_test.mat
0.0001,0.999970555305481,0.4,9.157369393019033e-05,15,65521,6,6,12,loso_supervised_raw_feature_logreg_conservative_topk_strict_gt,simMed_test.mat,90,simMed_test.mat#90,loso_supervised_raw_feature_logreg,learned_raw_feature_baseline,simWind_test.mat,simMed_test.mat
0.0003,0.999599277973175,0.5333333333333333,0.00028998336411226937,15,65521,19,19,27,loso_supervised_raw_feature_logreg_conservative_topk_strict_gt,simMed_test.mat,90,simMed_test.mat#90,loso_supervised_raw_feature_logreg,learned_raw_feature_baseline,simWind_test.mat,simMed_test.mat
0.001,0.9977776408195496,0.6,0.000992048350910395,15,65521,65,65,74,loso_supervised_raw_feature_logreg_conservative_topk_strict_gt,simMed_test.mat,90,simMed_test.mat#90,loso_supervised_raw_feature_logreg,learned_raw_feature_baseline,simWind_test.mat,simMed_test.mat
0.003,0.9916549921035767,0.6,0.0029914073350528836,15,65521,196,196,205,loso_supervised_raw_feature_logreg_conservative_topk_strict_gt,simMed_test.mat,90,simMed_test.mat#90,loso_supervised_raw_feature_logreg,learned_raw_feature_baseline,simWind_test.mat,simMed_test.mat
0.01,0.9016791582107544,0.6666666666666666,0.009996794920712444,15,65521,655,655,665,loso_supervised_raw_feature_logreg_conservative_topk_strict_gt,simMed_test.mat,90,simMed_test.mat#90,loso_supervised_raw_feature_logreg,learned_raw_feature_baseline,simWind_test.mat,simMed_test.mat
1e-05,0.9998061060905457,0.043478260869565216,0.0,46,65490,0,0,2,loso_supervised_raw_feature_logreg_conservative_topk_strict_gt,simMed_test.mat,91,simMed_test.mat#91,loso_supervised_raw_feature_logreg,learned_raw_feature_baseline,simWind_test.mat,simMed_test.mat
3e-05,0.9996063113212585,0.08695652173913043,1.5269506794930524e-05,46,65490,1,1,5,loso_supervised_raw_feature_logreg_conservative_topk_strict_gt,simMed_test.mat,91,simMed_test.mat#91,loso_supervised_raw_feature_logreg,learned_raw_feature_baseline,simWind_test.mat,simMed_test.mat
0.0001,0.9990035891532898,0.21739130434782608,9.161704076958314e-05,46,65490,6,6,16,loso_supervised_raw_feature_logreg_conservative_topk_strict_gt,simMed_test.mat,91,simMed_test.mat#91,loso_supervised_raw_feature_logreg,learned_raw_feature_baseline,simWind_test.mat,simMed_test.mat
0.0003,0.9957062602043152,0.41304347826086957,0.00029012062910367995,46,65490,19,19,38,loso_supervised_raw_feature_logreg_conservative_topk_strict_gt,simMed_test.mat,91,simMed_test.mat#91,loso_supervised_raw_feature_logreg,learned_raw_feature_baseline,simWind_test.mat,simMed_test.mat
0.001,0.9908331036567688,0.45652173913043476,0.000992517941670484,46,65490,65,65,86,loso_supervised_raw_feature_logreg_conservative_topk_strict_gt,simMed_test.mat,91,simMed_test.mat#91,loso_supervised_raw_feature_logreg,learned_raw_feature_baseline,simWind_test.mat,simMed_test.mat
0.003,0.9789285659790039,0.5869565217391305,0.0029928233318063826,46,65490,196,196,223,loso_supervised_raw_feature_logreg_conservative_topk_strict_gt,simMed_test.mat,91,simMed_test.mat#91,loso_supervised_raw_feature_logreg,learned_raw_feature_baseline,simWind_test.mat,simMed_test.mat
0.01,0.938393771648407,0.6521739130434783,0.009986257443884563,46,65490,654,654,684,loso_supervised_raw_feature_logreg_conservative_topk_strict_gt,simMed_test.mat,91,simMed_test.mat#91,loso_supervised_raw_feature_logreg,learned_raw_feature_baseline,simWind_test.mat,simMed_test.mat
1e-05,0.9999994039535522,0.08196721311475409,0.0,61,65475,0,0,5,loso_supervised_raw_feature_logreg_conservative_topk_strict_gt,simMed_test.mat,92,simMed_test.mat#92,loso_supervised_raw_feature_logreg,learned_raw_feature_baseline,simWind_test.mat,simMed_test.mat
3e-05,0.9999990463256836,0.11475409836065574,1.527300496372661e-05,61,65475,1,1,8,loso_supervised_raw_feature_logreg_conservative_topk_strict_gt,simMed_test.mat,92,simMed_test.mat#92,loso_supervised_raw_feature_logreg,learned_raw_feature_baseline,simWind_test.mat,simMed_test.mat
0.0001,0.999997615814209,0.18032786885245902,9.163802978235968e-05,61,65475,6,6,17,loso_supervised_raw_feature_logreg_conservative_topk_strict_gt,simMed_test.mat,92,simMed_test.mat#92,loso_supervised_raw_feature_logreg,learned_raw_feature_baseline,simWind_test.mat,simMed_test.mat
0.0003,0.999990701675415,0.2786885245901639,0.00029018709431080566,61,65475,19,19,36,loso_supervised_raw_feature_logreg_conservative_topk_strict_gt,simMed_test.mat,92,simMed_test.mat#92,loso_supervised_raw_feature_logreg,learned_raw_feature_baseline,simWind_test.mat,simMed_test.mat
0.001,0.9995067119598389,0.5901639344262295,0.00099274532264223,61,65475,65,65,101,loso_supervised_raw_feature_logreg_conservative_topk_strict_gt,simMed_test.mat,92,simMed_test.mat#92,loso_supervised_raw_feature_logreg,learned_raw_feature_baseline,simWind_test.mat,simMed_test.mat
0.003,0.9933680891990662,0.7540983606557377,0.002993508972890416,61,65475,196,196,242,loso_supervised_raw_feature_logreg_conservative_topk_strict_gt,simMed_test.mat,92,simMed_test.mat#92,loso_supervised_raw_feature_logreg,learned_raw_feature_baseline,simWind_test.mat,simMed_test.mat
0.01,0.9702782034873962,0.8360655737704918,0.009988545246277205,61,65475,654,654,705,loso_supervised_raw_feature_logreg_conservative_topk_strict_gt,simMed_test.mat,92,simMed_test.mat#92,loso_supervised_raw_feature_logreg,learned_raw_feature_baseline,simWind_test.mat,simMed_test.mat
1e-05,0.9993077516555786,0.07936507936507936,0.0,63,65473,0,0,5,loso_supervised_raw_feature_logreg_conservative_topk_strict_gt,simMed_test.mat,93,simMed_test.mat#93,loso_supervised_raw_feature_logreg,learned_raw_feature_baseline,simWind_test.mat,simMed_test.mat
3e-05,0.9992904663085938,0.07936507936507936,1.5273471507338904e-05,63,65473,1,1,6,loso_supervised_raw_feature_logreg_conservative_topk_strict_gt,simMed_test.mat,93,simMed_test.mat#93,loso_supervised_raw_feature_logreg,learned_raw_feature_baseline,simWind_test.mat,simMed_test.mat
0.0001,0.9988229870796204,0.14285714285714285,9.164082904403341e-05,63,65473,6,6,15,loso_supervised_raw_feature_logreg_conservative_topk_strict_gt,simMed_test.mat,93,simMed_test.mat#93,loso_supervised_raw_feature_logreg,learned_raw_feature_baseline,simWind_test.mat,simMed_test.mat
0.0003,0.9978827834129333,0.25396825396825395,0.00029019595863943913,63,65473,19,19,35,loso_supervised_raw_feature_logreg_conservative_topk_strict_gt,simMed_test.mat,93,simMed_test.mat#93,loso_supervised_raw_feature_logreg,learned_raw_feature_baseline,simWind_test.mat,simMed_test.mat
0.001,0.9948741793632507,0.3492063492063492,0.0009927756479770288,63,65473,65,65,87,loso_supervised_raw_feature_logreg_conservative_topk_strict_gt,simMed_test.mat,93,simMed_test.mat#93,loso_supervised_raw_feature_logreg,learned_raw_feature_baseline,simWind_test.mat,simMed_test.mat
0.003,0.9871990084648132,0.4126984126984127,0.002993600415438425,63,65473,196,196,222,loso_supervised_raw_feature_logreg_conservative_topk_strict_gt,simMed_test.mat,93,simMed_test.mat#93,loso_supervised_raw_feature_logreg,learned_raw_feature_baseline,simWind_test.mat,simMed_test.mat
0.01,0.9591730237007141,0.6349206349206349,0.009988850365799643,63,65473,654,654,694,loso_supervised_raw_feature_logreg_conservative_topk_strict_gt,simMed_test.mat,93,simMed_test.mat#93,loso_supervised_raw_feature_logreg,learned_raw_feature_baseline,simWind_test.mat,simMed_test.mat
1e-05,0.9999998807907104,0.1,0.0,20,65516,0,0,2,loso_supervised_raw_feature_logreg_conservative_topk_strict_gt,simMed_test.mat,94,simMed_test.mat#94,loso_supervised_raw_feature_logreg,learned_raw_feature_baseline,simWind_test.mat,simMed_test.mat
3e-05,0.9999998807907104,0.1,0.0,20,65516,1,0,2,loso_supervised_raw_feature_logreg_conservative_topk_strict_gt,simMed_test.mat,94,simMed_test.mat#94,loso_supervised_raw_feature_logreg,learned_raw_feature_baseline,simWind_test.mat,simMed_test.mat
0.0001,0.999998927116394,0.25,9.158068258135418e-05,20,65516,6,6,11,loso_supervised_raw_feature_logreg_conservative_topk_strict_gt,simMed_test.mat,94,simMed_test.mat#94,loso_supervised_raw_feature_logreg,learned_raw_feature_baseline,simWind_test.mat,simMed_test.mat
0.0003,0.9999219179153442,0.6,0.00029000549484095486,20,65516,19,19,31,loso_supervised_raw_feature_logreg_conservative_topk_strict_gt,simMed_test.mat,94,simMed_test.mat#94,loso_supervised_raw_feature_logreg,learned_raw_feature_baseline,simWind_test.mat,simMed_test.mat
0.001,0.9978699684143066,0.7,0.0009921240612980036,20,65516,65,65,79,loso_supervised_raw_feature_logreg_conservative_topk_strict_gt,simMed_test.mat,94,simMed_test.mat#94,loso_supervised_raw_feature_logreg,learned_raw_feature_baseline,simWind_test.mat,simMed_test.mat
0.003,0.9897683262825012,0.7,0.002991635630990903,20,65516,196,196,210,loso_supervised_raw_feature_logreg_conservative_topk_strict_gt,simMed_test.mat,94,simMed_test.mat#94,loso_supervised_raw_feature_logreg,learned_raw_feature_baseline,simWind_test.mat,simMed_test.mat
0.01,0.9365518689155579,0.8,0.009997557848464497,20,65516,655,655,671,loso_supervised_raw_feature_logreg_conservative_topk_strict_gt,simMed_test.mat,94,simMed_test.mat#94,loso_supervised_raw_feature_logreg,learned_raw_feature_baseline,simWind_test.mat,simMed_test.mat
1e-05,0.9999973773956299,0.17647058823529413,0.0,34,65502,0,0,6,loso_supervised_raw_feature_logreg_conservative_topk_strict_gt,simMed_test.mat,95,simMed_test.mat#95,loso_supervised_raw_feature_logreg,learned_raw_feature_baseline,simWind_test.mat,simMed_test.mat
3e-05,0.9999971389770508,0.17647058823529413,1.5266709413453023e-05,34,65502,1,1,7,loso_supervised_raw_feature_logreg_conservative_topk_strict_gt,simMed_test.mat,95,simMed_test.mat#95,loso_supervised_raw_feature_logreg,learned_raw_feature_baseline,simWind_test.mat,simMed_test.mat
0.0001,0.9999929666519165,0.29411764705882354,9.160025648071815e-05,34,65502,6,6,16,loso_supervised_raw_feature_logreg_conservative_topk_strict_gt,simMed_test.mat,95,simMed_test.mat#95,loso_supervised_raw_feature_logreg,learned_raw_feature_baseline,simWind_test.mat,simMed_test.mat
0.0003,0.999902606010437,0.47058823529411764,0.0002900674788556075,34,65502,19,19,35,loso_supervised_raw_feature_logreg_conservative_topk_strict_gt,simMed_test.mat,95,simMed_test.mat#95,loso_supervised_raw_feature_logreg,learned_raw_feature_baseline,simWind_test.mat,simMed_test.mat
0.001,0.9985332489013672,0.7647058823529411,0.0009923361118744467,34,65502,65,65,91,loso_supervised_raw_feature_logreg_conservative_topk_strict_gt,simMed_test.mat,95,simMed_test.mat#95,loso_supervised_raw_feature_logreg,learned_raw_feature_baseline,simWind_test.mat,simMed_test.mat
0.003,0.9949674010276794,0.8235294117647058,0.002992275045036793,34,65502,196,196,224,loso_supervised_raw_feature_logreg_conservative_topk_strict_gt,simMed_test.mat,95,simMed_test.mat#95,loso_supervised_raw_feature_logreg,learned_raw_feature_baseline,simWind_test.mat,simMed_test.mat
0.01,0.9765530228614807,0.8823529411764706,0.00999969466581173,34,65502,655,655,685,loso_supervised_raw_feature_logreg_conservative_topk_strict_gt,simMed_test.mat,95,simMed_test.mat#95,loso_supervised_raw_feature_logreg,learned_raw_feature_baseline,simWind_test.mat,simMed_test.mat
1e-05,0.9998747110366821,0.08333333333333333,0.0,60,65476,0,0,5,loso_supervised_raw_feature_logreg_conservative_topk_strict_gt,simMed_test.mat,97,simMed_test.mat#97,loso_supervised_raw_feature_logreg,learned_raw_feature_baseline,simWind_test.mat,simMed_test.mat
3e-05,0.9998069405555725,0.11666666666666667,1.527277170260859e-05,60,65476,1,1,8,loso_supervised_raw_feature_logreg_conservative_topk_strict_gt,simMed_test.mat,97,simMed_test.mat#97,loso_supervised_raw_feature_logreg,learned_raw_feature_baseline,simWind_test.mat,simMed_test.mat
0.0001,0.9996582269668579,0.2,9.163663021565153e-05,60,65476,6,6,18,loso_supervised_raw_feature_logreg_conservative_topk_strict_gt,simMed_test.mat,97,simMed_test.mat#97,loso_supervised_raw_feature_logreg,learned_raw_feature_baseline,simWind_test.mat,simMed_test.mat
0.0003,0.9988976716995239,0.2833333333333333,0.0002901826623495632,60,65476,19,19,36,loso_supervised_raw_feature_logreg_conservative_topk_strict_gt,simMed_test.mat,97,simMed_test.mat#97,loso_supervised_raw_feature_logreg,learned_raw_feature_baseline,simWind_test.mat,simMed_test.mat
0.001,0.9961457252502441,0.45,0.0009927301606695582,60,65476,65,65,92,loso_supervised_raw_feature_logreg_conservative_topk_strict_gt,simMed_test.mat,97,simMed_test.mat#97,loso_supervised_raw_feature_logreg,learned_raw_feature_baseline,simWind_test.mat,simMed_test.mat
0.003,0.9902950525283813,0.5833333333333334,0.0029934632537112833,60,65476,196,196,231,loso_supervised_raw_feature_logreg_conservative_topk_strict_gt,simMed_test.mat,97,simMed_test.mat#97,loso_supervised_raw_feature_logreg,learned_raw_feature_baseline,simWind_test.mat,simMed_test.mat
0.01,0.965104341506958,0.7666666666666667,0.009988392693506017,60,65476,654,654,700,loso_supervised_raw_feature_logreg_conservative_topk_strict_gt,simMed_test.mat,97,simMed_test.mat#97,loso_supervised_raw_feature_logreg,learned_raw_feature_baseline,simWind_test.mat,simMed_test.mat
1e-05,0.9989790916442871,0.125,0.0,40,65496,0,0,5,loso_supervised_raw_feature_logreg_conservative_topk_strict_gt,simMed_test.mat,99,simMed_test.mat#99,loso_supervised_raw_feature_logreg,learned_raw_feature_baseline,simWind_test.mat,simMed_test.mat
3e-05,0.9986274242401123,0.15,1.5268107976059605e-05,40,65496,1,1,7,loso_supervised_raw_feature_logreg_conservative_topk_strict_gt,simMed_test.mat,99,simMed_test.mat#99,loso_supervised_raw_feature_logreg,learned_raw_feature_baseline,simWind_test.mat,simMed_test.mat
0.0001,0.996948778629303,0.175,9.160864785635764e-05,40,65496,6,6,13,loso_supervised_raw_feature_logreg_conservative_topk_strict_gt,simMed_test.mat,99,simMed_test.mat#99,loso_supervised_raw_feature_logreg,learned_raw_feature_baseline,simWind_test.mat,simMed_test.mat
0.0003,0.9958922863006592,0.2,0.00029009405154513255,40,65496,19,19,27,loso_supervised_raw_feature_logreg_conservative_topk_strict_gt,simMed_test.mat,99,simMed_test.mat#99,loso_supervised_raw_feature_logreg,learned_raw_feature_baseline,simWind_test.mat,simMed_test.mat
0.001,0.9935511350631714,0.225,0.0009924270184438744,40,65496,65,65,74,loso_supervised_raw_feature_logreg_conservative_topk_strict_gt,simMed_test.mat,99,simMed_test.mat#99,loso_supervised_raw_feature_logreg,learned_raw_feature_baseline,simWind_test.mat,simMed_test.mat
0.003,0.987738847732544,0.325,0.002992549163307683,40,65496,196,196,209,loso_supervised_raw_feature_logreg_conservative_topk_strict_gt,simMed_test.mat,99,simMed_test.mat#99,loso_supervised_raw_feature_logreg,learned_raw_feature_baseline,simWind_test.mat,simMed_test.mat
0.01,0.9609887003898621,0.45,0.009985342616342983,40,65496,654,654,672,loso_supervised_raw_feature_logreg_conservative_topk_strict_gt,simMed_test.mat,99,simMed_test.mat#99,loso_supervised_raw_feature_logreg,learned_raw_feature_baseline,simWind_test.mat,simMed_test.mat
1e-05,0.9999992847442627,0.1320754716981132,0.0,53,65483,0,0,7,loso_supervised_raw_feature_logreg_conservative_topk_strict_gt,simMed_test.mat,100,simMed_test.mat#100,loso_supervised_raw_feature_logreg,learned_raw_feature_baseline,simWind_test.mat,simMed_test.mat
3e-05,0.999998927116394,0.1320754716981132,1.527113907426355e-05,53,65483,1,1,8,loso_supervised_raw_feature_logreg_conservative_topk_strict_gt,simMed_test.mat,100,simMed_test.mat#100,loso_supervised_raw_feature_logreg,learned_raw_feature_baseline,simWind_test.mat,simMed_test.mat
0.0001,0.9999984502792358,0.1509433962264151,9.16268344455813e-05,53,65483,6,6,14,loso_supervised_raw_feature_logreg_conservative_topk_strict_gt,simMed_test.mat,100,simMed_test.mat#100,loso_supervised_raw_feature_logreg,learned_raw_feature_baseline,simWind_test.mat,simMed_test.mat
0.0003,0.9999914169311523,0.24528301886792453,0.0002901516424110074,53,65483,19,19,32,loso_supervised_raw_feature_logreg_conservative_topk_strict_gt,simMed_test.mat,100,simMed_test.mat#100,loso_supervised_raw_feature_logreg,learned_raw_feature_baseline,simWind_test.mat,simMed_test.mat
0.001,0.9989631175994873,0.6226415094339622,0.0009926240398271306,53,65483,65,65,98,loso_supervised_raw_feature_logreg_conservative_topk_strict_gt,simMed_test.mat,100,simMed_test.mat#100,loso_supervised_raw_feature_logreg,learned_raw_feature_baseline,simWind_test.mat,simMed_test.mat
0.003,0.9911280870437622,0.7169811320754716,0.002993143258555656,53,65483,196,196,234,loso_supervised_raw_feature_logreg_conservative_topk_strict_gt,simMed_test.mat,100,simMed_test.mat#100,loso_supervised_raw_feature_logreg,learned_raw_feature_baseline,simWind_test.mat,simMed_test.mat
0.01,0.9659943580627441,0.8301886792452831,0.00998732495456836,53,65483,654,654,698,loso_supervised_raw_feature_logreg_conservative_topk_strict_gt,simMed_test.mat,100,simMed_test.mat#100,loso_supervised_raw_feature_logreg,learned_raw_feature_baseline,simWind_test.mat,simMed_test.mat
1e-05,0.9996362924575806,0.13725490196078433,0.0,51,65485,0,0,7,loso_supervised_raw_feature_logreg_conservative_topk_strict_gt,simMed_test.mat,101,simMed_test.mat#101,loso_supervised_raw_feature_logreg,learned_raw_feature_baseline,simWind_test.mat,simMed_test.mat
3e-05,0.9994660019874573,0.17647058823529413,1.527067267313125e-05,51,65485,1,1,10,loso_supervised_raw_feature_logreg_conservative_topk_strict_gt,simMed_test.mat,101,simMed_test.mat#101,loso_supervised_raw_feature_logreg,learned_raw_feature_baseline,simWind_test.mat,simMed_test.mat
0.0001,0.9991858601570129,0.3137254901960784,9.16240360387875e-05,51,65485,6,6,22,loso_supervised_raw_feature_logreg_conservative_topk_strict_gt,simMed_test.mat,101,simMed_test.mat#101,loso_supervised_raw_feature_logreg,learned_raw_feature_baseline,simWind_test.mat,simMed_test.mat
0.0003,0.9986482262611389,0.4117647058823529,0.0002901427807894938,51,65485,19,19,40,loso_supervised_raw_feature_logreg_conservative_topk_strict_gt,simMed_test.mat,101,simMed_test.mat#101,loso_supervised_raw_feature_logreg,learned_raw_feature_baseline,simWind_test.mat,simMed_test.mat
0.001,0.9940958023071289,0.6470588235294118,0.0009925937237535314,51,65485,65,65,98,loso_supervised_raw_feature_logreg_conservative_topk_strict_gt,simMed_test.mat,101,simMed_test.mat#101,loso_supervised_raw_feature_logreg,learned_raw_feature_baseline,simWind_test.mat,simMed_test.mat
0.003,0.9872754216194153,0.7058823529411765,0.0029930518439337255,51,65485,196,196,232,loso_supervised_raw_feature_logreg_conservative_topk_strict_gt,simMed_test.mat,101,simMed_test.mat#101,loso_supervised_raw_feature_logreg,learned_raw_feature_baseline,simWind_test.mat,simMed_test.mat
0.01,0.9614220261573792,0.803921568627451,0.009987019928227838,51,65485,654,654,695,loso_supervised_raw_feature_logreg_conservative_topk_strict_gt,simMed_test.mat,101,simMed_test.mat#101,loso_supervised_raw_feature_logreg,learned_raw_feature_baseline,simWind_test.mat,simMed_test.mat
1e-05,0.9997276663780212,0.1282051282051282,0.0,39,65497,0,0,5,loso_supervised_raw_feature_logreg_conservative_topk_strict_gt,simMed_test.mat,102,simMed_test.mat#102,loso_supervised_raw_feature_logreg,learned_raw_feature_baseline,simWind_test.mat,simMed_test.mat
3e-05,0.9996620416641235,0.15384615384615385,1.526787486449761e-05,39,65497,1,1,7,loso_supervised_raw_feature_logreg_conservative_topk_strict_gt,simMed_test.mat,102,simMed_test.mat#102,loso_supervised_raw_feature_logreg,learned_raw_feature_baseline,simWind_test.mat,simMed_test.mat
0.0001,0.9994020462036133,0.20512820512820512,9.160724918698567e-05,39,65497,6,6,14,loso_supervised_raw_feature_logreg_conservative_topk_strict_gt,simMed_test.mat,102,simMed_test.mat#102,loso_supervised_raw_feature_logreg,learned_raw_feature_baseline,simWind_test.mat,simMed_test.mat
0.0003,0.9975031018257141,0.41025641025641024,0.0002900896224254546,39,65497,19,19,35,loso_supervised_raw_feature_logreg_conservative_topk_strict_gt,simMed_test.mat,102,simMed_test.mat#102,loso_supervised_raw_feature_logreg,learned_raw_feature_baseline,simWind_test.mat,simMed_test.mat
0.001,0.9940471649169922,0.46153846153846156,0.0009924118661923447,39,65497,65,65,83,loso_supervised_raw_feature_logreg_conservative_topk_strict_gt,simMed_test.mat,102,simMed_test.mat#102,loso_supervised_raw_feature_logreg,learned_raw_feature_baseline,simWind_test.mat,simMed_test.mat
0.003,0.9868900775909424,0.48717948717948717,0.0029925034734415317,39,65497,196,196,215,loso_supervised_raw_feature_logreg_conservative_topk_strict_gt,simMed_test.mat,102,simMed_test.mat#102,loso_supervised_raw_feature_logreg,learned_raw_feature_baseline,simWind_test.mat,simMed_test.mat
0.01,0.9625390768051147,0.6923076923076923,0.009985190161381437,39,65497,654,654,681,loso_supervised_raw_feature_logreg_conservative_topk_strict_gt,simMed_test.mat,102,simMed_test.mat#102,loso_supervised_raw_feature_logreg,learned_raw_feature_baseline,simWind_test.mat,simMed_test.mat
1e-05,0.9999994039535522,0.04,0.0,25,65511,0,0,1,loso_supervised_raw_feature_logreg_conservative_topk_strict_gt,simMed_test.mat,104,simMed_test.mat#104,loso_supervised_raw_feature_logreg,learned_raw_feature_baseline,simWind_test.mat,simMed_test.mat
3e-05,0.9999957084655762,0.24,1.526461204988475e-05,25,65511,1,1,7,loso_supervised_raw_feature_logreg_conservative_topk_strict_gt,simMed_test.mat,104,simMed_test.mat#104,loso_supervised_raw_feature_logreg,learned_raw_feature_baseline,simWind_test.mat,simMed_test.mat
0.0001,0.9999890327453613,0.28,9.158767229930851e-05,25,65511,6,6,13,loso_supervised_raw_feature_logreg_conservative_topk_strict_gt,simMed_test.mat,104,simMed_test.mat#104,loso_supervised_raw_feature_logreg,learned_raw_feature_baseline,simWind_test.mat,simMed_test.mat
0.0003,0.9998841285705566,0.56,0.0002900276289478103,25,65511,19,19,33,loso_supervised_raw_feature_logreg_conservative_topk_strict_gt,simMed_test.mat,104,simMed_test.mat#104,loso_supervised_raw_feature_logreg,learned_raw_feature_baseline,simWind_test.mat,simMed_test.mat
0.001,0.9958855509757996,0.72,0.0009921997832425089,25,65511,65,65,83,loso_supervised_raw_feature_logreg_conservative_topk_strict_gt,simMed_test.mat,104,simMed_test.mat#104,loso_supervised_raw_feature_logreg,learned_raw_feature_baseline,simWind_test.mat,simMed_test.mat
0.003,0.9850670099258423,0.76,0.0029918639617774116,25,65511,196,196,215,loso_supervised_raw_feature_logreg_conservative_topk_strict_gt,simMed_test.mat,104,simMed_test.mat#104,loso_supervised_raw_feature_logreg,learned_raw_feature_baseline,simWind_test.mat,simMed_test.mat
0.01,0.9476302862167358,0.84,0.009998320892674512,25,65511,655,655,676,loso_supervised_raw_feature_logreg_conservative_topk_strict_gt,simMed_test.mat,104,simMed_test.mat#104,loso_supervised_raw_feature_logreg,learned_raw_feature_baseline,simWind_test.mat,simMed_test.mat
1e-05,0.9999995231628418,0.07692307692307693,0.0,26,65510,0,0,2,loso_supervised_raw_feature_logreg_conservative_topk_strict_gt,simMed_test.mat,105,simMed_test.mat#105,loso_supervised_raw_feature_logreg,learned_raw_feature_baseline,simWind_test.mat,simMed_test.mat
3e-05,0.9999994039535522,0.07692307692307693,1.5264845061822624e-05,26,65510,1,1,3,loso_supervised_raw_feature_logreg_conservative_topk_strict_gt,simMed_test.mat,105,simMed_test.mat#105,loso_supervised_raw_feature_logreg,learned_raw_feature_baseline,simWind_test.mat,simMed_test.mat
0.0001,0.9999855756759644,0.19230769230769232,7.632422530911312e-05,26,65510,6,5,10,loso_supervised_raw_feature_logreg_conservative_topk_strict_gt,simMed_test.mat,105,simMed_test.mat#105,loso_supervised_raw_feature_logreg,learned_raw_feature_baseline,simWind_test.mat,simMed_test.mat
0.0003,0.9997416138648987,0.4230769230769231,0.00029003205617462985,26,65510,19,19,30,loso_supervised_raw_feature_logreg_conservative_topk_strict_gt,simMed_test.mat,105,simMed_test.mat#105,loso_supervised_raw_feature_logreg,learned_raw_feature_baseline,simWind_test.mat,simMed_test.mat
0.001,0.9948775768280029,0.6538461538461539,0.0009922149290184704,26,65510,65,65,82,loso_supervised_raw_feature_logreg_conservative_topk_strict_gt,simMed_test.mat,105,simMed_test.mat#105,loso_supervised_raw_feature_logreg,learned_raw_feature_baseline,simWind_test.mat,simMed_test.mat
0.003,0.9853181838989258,0.7307692307692307,0.002991909632117234,26,65510,196,196,215,loso_supervised_raw_feature_logreg_conservative_topk_strict_gt,simMed_test.mat,105,simMed_test.mat#105,loso_supervised_raw_feature_logreg,learned_raw_feature_baseline,simWind_test.mat,simMed_test.mat
0.01,0.9415303468704224,0.8461538461538461,0.009998473515493819,26,65510,655,655,677,loso_supervised_raw_feature_logreg_conservative_topk_strict_gt,simMed_test.mat,105,simMed_test.mat#105,loso_supervised_raw_feature_logreg,learned_raw_feature_baseline,simWind_test.mat,simMed_test.mat
1e-05,0.9999912977218628,0.04081632653061224,0.0,49,65487,0,0,2,loso_supervised_raw_feature_logreg_conservative_topk_strict_gt,simMed_test.mat,107,simMed_test.mat#107,loso_supervised_raw_feature_logreg,learned_raw_feature_baseline,simWind_test.mat,simMed_test.mat
3e-05,0.9999904632568359,0.04081632653061224,1.5270206300487118e-05,49,65487,1,1,3,loso_supervised_raw_feature_logreg_conservative_topk_strict_gt,simMed_test.mat,107,simMed_test.mat#107,loso_supervised_raw_feature_logreg,learned_raw_feature_baseline,simWind_test.mat,simMed_test.mat
0.0001,0.9999388456344604,0.12244897959183673,9.162123780292272e-05,49,65487,6,6,12,loso_supervised_raw_feature_logreg_conservative_topk_strict_gt,simMed_test.mat,107,simMed_test.mat#107,loso_supervised_raw_feature_logreg,learned_raw_feature_baseline,simWind_test.mat,simMed_test.mat
0.0003,0.9997493624687195,0.30612244897959184,0.0002901339197092553,49,65487,19,19,34,loso_supervised_raw_feature_logreg_conservative_topk_strict_gt,simMed_test.mat,107,simMed_test.mat#107,loso_supervised_raw_feature_logreg,learned_raw_feature_baseline,simWind_test.mat,simMed_test.mat
0.001,0.9960089921951294,0.5714285714285714,0.0009925634095316628,49,65487,65,65,93,loso_supervised_raw_feature_logreg_conservative_topk_strict_gt,simMed_test.mat,107,simMed_test.mat#107,loso_supervised_raw_feature_logreg,learned_raw_feature_baseline,simWind_test.mat,simMed_test.mat
0.003,0.988437831401825,0.6530612244897959,0.0029929604348954753,49,65487,196,196,228,loso_supervised_raw_feature_logreg_conservative_topk_strict_gt,simMed_test.mat,107,simMed_test.mat#107,loso_supervised_raw_feature_logreg,learned_raw_feature_baseline,simWind_test.mat,simMed_test.mat
0.01,0.9554686546325684,0.7959183673469388,0.009986714920518577,49,65487,654,654,693,loso_supervised_raw_feature_logreg_conservative_topk_strict_gt,simMed_test.mat,107,simMed_test.mat#107,loso_supervised_raw_feature_logreg,learned_raw_feature_baseline,simWind_test.mat,simMed_test.mat
1e-05,0.999945878982544,0.04,0.0,25,65511,0,0,1,loso_supervised_raw_feature_logreg_conservative_topk_strict_gt,simMed_test.mat,108,simMed_test.mat#108,loso_supervised_raw_feature_logreg,learned_raw_feature_baseline,simWind_test.mat,simMed_test.mat
3e-05,0.9992965459823608,0.16,1.526461204988475e-05,25,65511,1,1,5,loso_supervised_raw_feature_logreg_conservative_topk_strict_gt,simMed_test.mat,108,simMed_test.mat#108,loso_supervised_raw_feature_logreg,learned_raw_feature_baseline,simWind_test.mat,simMed_test.mat
0.0001,0.9988924860954285,0.16,9.158767229930851e-05,25,65511,6,6,10,loso_supervised_raw_feature_logreg_conservative_topk_strict_gt,simMed_test.mat,108,simMed_test.mat#108,loso_supervised_raw_feature_logreg,learned_raw_feature_baseline,simWind_test.mat,simMed_test.mat
0.0003,0.99822598695755,0.16,0.0002900276289478103,25,65511,19,19,23,loso_supervised_raw_feature_logreg_conservative_topk_strict_gt,simMed_test.mat,108,simMed_test.mat#108,loso_supervised_raw_feature_logreg,learned_raw_feature_baseline,simWind_test.mat,simMed_test.mat
0.001,0.9956388473510742,0.2,0.0009921997832425089,25,65511,65,65,70,loso_supervised_raw_feature_logreg_conservative_topk_strict_gt,simMed_test.mat,108,simMed_test.mat#108,loso_supervised_raw_feature_logreg,learned_raw_feature_baseline,simWind_test.mat,simMed_test.mat
0.003,0.9889513850212097,0.32,0.0029918639617774116,25,65511,196,196,204,loso_supervised_raw_feature_logreg_conservative_topk_strict_gt,simMed_test.mat,108,simMed_test.mat#108,loso_supervised_raw_feature_logreg,learned_raw_feature_baseline,simWind_test.mat,simMed_test.mat
0.01,0.9646185040473938,0.44,0.009998320892674512,25,65511,655,655,666,loso_supervised_raw_feature_logreg_conservative_topk_strict_gt,simMed_test.mat,108,simMed_test.mat#108,loso_supervised_raw_feature_logreg,learned_raw_feature_baseline,simWind_test.mat,simMed_test.mat
1e-05,0.9999998807907104,0.0,0.0,63,65473,0,0,0,loso_supervised_raw_feature_logreg_conservative_topk_strict_gt,simMed_test.mat,110,simMed_test.mat#110,loso_supervised_raw_feature_logreg,learned_raw_feature_baseline,simWind_test.mat,simMed_test.mat
3e-05,0.9999995231628418,0.1111111111111111,1.5273471507338904e-05,63,65473,1,1,8,loso_supervised_raw_feature_logreg_conservative_topk_strict_gt,simMed_test.mat,110,simMed_test.mat#110,loso_supervised_raw_feature_logreg,learned_raw_feature_baseline,simWind_test.mat,simMed_test.mat
0.0001,0.9999982118606567,0.2698412698412698,9.164082904403341e-05,63,65473,6,6,23,loso_supervised_raw_feature_logreg_conservative_topk_strict_gt,simMed_test.mat,110,simMed_test.mat#110,loso_supervised_raw_feature_logreg,learned_raw_feature_baseline,simWind_test.mat,simMed_test.mat
0.0003,0.9999936819076538,0.3333333333333333,0.00029019595863943913,63,65473,19,19,40,loso_supervised_raw_feature_logreg_conservative_topk_strict_gt,simMed_test.mat,110,simMed_test.mat#110,loso_supervised_raw_feature_logreg,learned_raw_feature_baseline,simWind_test.mat,simMed_test.mat
0.001,0.9998636245727539,0.5079365079365079,0.0009927756479770288,63,65473,65,65,97,loso_supervised_raw_feature_logreg_conservative_topk_strict_gt,simMed_test.mat,110,simMed_test.mat#110,loso_supervised_raw_feature_logreg,learned_raw_feature_baseline,simWind_test.mat,simMed_test.mat
0.003,0.9935076236724854,0.7777777777777778,0.002993600415438425,63,65473,196,196,245,loso_supervised_raw_feature_logreg_conservative_topk_strict_gt,simMed_test.mat,110,simMed_test.mat#110,loso_supervised_raw_feature_logreg,learned_raw_feature_baseline,simWind_test.mat,simMed_test.mat
0.01,0.9687354564666748,0.8571428571428571,0.009988850365799643,63,65473,654,654,708,loso_supervised_raw_feature_logreg_conservative_topk_strict_gt,simMed_test.mat,110,simMed_test.mat#110,loso_supervised_raw_feature_logreg,learned_raw_feature_baseline,simWind_test.mat,simMed_test.mat
1e-05,0.9994034767150879,0.06976744186046512,0.0,43,65493,0,0,3,loso_supervised_raw_feature_logreg_conservative_topk_strict_gt,simMed_test.mat,111,simMed_test.mat#111,loso_supervised_raw_feature_logreg,learned_raw_feature_baseline,simWind_test.mat,simMed_test.mat
3e-05,0.9992283582687378,0.06976744186046512,1.526880735345762e-05,43,65493,1,1,4,loso_supervised_raw_feature_logreg_conservative_topk_strict_gt,simMed_test.mat,111,simMed_test.mat#111,loso_supervised_raw_feature_logreg,learned_raw_feature_baseline,simWind_test.mat,simMed_test.mat
0.0001,0.9988345503807068,0.13953488372093023,9.161284412074573e-05,43,65493,6,6,12,loso_supervised_raw_feature_logreg_conservative_topk_strict_gt,simMed_test.mat,111,simMed_test.mat#111,loso_supervised_raw_feature_logreg,learned_raw_feature_baseline,simWind_test.mat,simMed_test.mat
0.0003,0.9984857439994812,0.18604651162790697,0.0002901073397156948,43,65493,19,19,27,loso_supervised_raw_feature_logreg_conservative_topk_strict_gt,simMed_test.mat,111,simMed_test.mat#111,loso_supervised_raw_feature_logreg,learned_raw_feature_baseline,simWind_test.mat,simMed_test.mat
0.001,0.9966418743133545,0.3023255813953488,0.0009924724779747454,43,65493,65,65,78,loso_supervised_raw_feature_logreg_conservative_topk_strict_gt,simMed_test.mat,111,simMed_test.mat#111,loso_supervised_raw_feature_logreg,learned_raw_feature_baseline,simWind_test.mat,simMed_test.mat
0.003,0.9901746511459351,0.3953488372093023,0.0029926862412776936,43,65493,196,196,213,loso_supervised_raw_feature_logreg_conservative_topk_strict_gt,simMed_test.mat,111,simMed_test.mat#111,loso_supervised_raw_feature_logreg,learned_raw_feature_baseline,simWind_test.mat,simMed_test.mat
0.01,0.9505164623260498,0.7209302325581395,0.009985800009161284,43,65493,654,654,685,loso_supervised_raw_feature_logreg_conservative_topk_strict_gt,simMed_test.mat,111,simMed_test.mat#111,loso_supervised_raw_feature_logreg,learned_raw_feature_baseline,simWind_test.mat,simMed_test.mat
1e-05,0.9999996423721313,0.0425531914893617,0.0,47,65489,0,0,2,loso_supervised_raw_feature_logreg_conservative_topk_strict_gt,simMed_test.mat,112,simMed_test.mat#112,loso_supervised_raw_feature_logreg,learned_raw_feature_baseline,simWind_test.mat,simMed_test.mat
3e-05,0.9999995231628418,0.0425531914893617,1.5269739956328543e-05,47,65489,1,1,3,loso_supervised_raw_feature_logreg_conservative_topk_strict_gt,simMed_test.mat,112,simMed_test.mat#112,loso_supervised_raw_feature_logreg,learned_raw_feature_baseline,simWind_test.mat,simMed_test.mat
0.0001,0.9999966621398926,0.23404255319148937,9.161843973797126e-05,47,65489,6,6,17,loso_supervised_raw_feature_logreg_conservative_topk_strict_gt,simMed_test.mat,112,simMed_test.mat#112,loso_supervised_raw_feature_logreg,learned_raw_feature_baseline,simWind_test.mat,simMed_test.mat
0.0003,0.9999815225601196,0.3829787234042553,0.00029012505917024235,47,65489,19,19,37,loso_supervised_raw_feature_logreg_conservative_topk_strict_gt,simMed_test.mat,112,simMed_test.mat#112,loso_supervised_raw_feature_logreg,learned_raw_feature_baseline,simWind_test.mat,simMed_test.mat
0.001,0.9991623163223267,0.6170212765957447,0.0009925330971613554,47,65489,65,65,94,loso_supervised_raw_feature_logreg_conservative_topk_strict_gt,simMed_test.mat,112,simMed_test.mat#112,loso_supervised_raw_feature_logreg,learned_raw_feature_baseline,simWind_test.mat,simMed_test.mat
0.003,0.9927201271057129,0.7659574468085106,0.0029928690314403946,47,65489,196,196,232,loso_supervised_raw_feature_logreg_conservative_topk_strict_gt,simMed_test.mat,112,simMed_test.mat#112,loso_supervised_raw_feature_logreg,learned_raw_feature_baseline,simWind_test.mat,simMed_test.mat
0.01,0.967372477054596,0.8297872340425532,0.009986409931438867,47,65489,654,654,693,loso_supervised_raw_feature_logreg_conservative_topk_strict_gt,simMed_test.mat,112,simMed_test.mat#112,loso_supervised_raw_feature_logreg,learned_raw_feature_baseline,simWind_test.mat,simMed_test.mat
1e-05,0.9999996423721313,0.21428571428571427,0.0,14,65522,0,0,3,loso_supervised_raw_feature_logreg_conservative_topk_strict_gt,simMed_test.mat,113,simMed_test.mat#113,loso_supervised_raw_feature_logreg,learned_raw_feature_baseline,simWind_test.mat,simMed_test.mat
3e-05,0.9999995231628418,0.21428571428571427,1.5262049387991818e-05,14,65522,1,1,4,loso_supervised_raw_feature_logreg_conservative_topk_strict_gt,simMed_test.mat,113,simMed_test.mat#113,loso_supervised_raw_feature_logreg,learned_raw_feature_baseline,simWind_test.mat,simMed_test.mat
0.0001,0.9999945163726807,0.5,9.157229632795092e-05,14,65522,6,6,13,loso_supervised_raw_feature_logreg_conservative_topk_strict_gt,simMed_test.mat,113,simMed_test.mat#113,loso_supervised_raw_feature_logreg,learned_raw_feature_baseline,simWind_test.mat,simMed_test.mat
0.0003,0.9999401569366455,0.7142857142857143,0.00028997893837184456,14,65522,19,19,29,loso_supervised_raw_feature_logreg_conservative_topk_strict_gt,simMed_test.mat,113,simMed_test.mat#113,loso_supervised_raw_feature_logreg,learned_raw_feature_baseline,simWind_test.mat,simMed_test.mat
0.001,0.9977387189865112,0.9285714285714286,0.0009920332102194684,14,65522,65,65,78,loso_supervised_raw_feature_logreg_conservative_topk_strict_gt,simMed_test.mat,113,simMed_test.mat#113,loso_supervised_raw_feature_logreg,learned_raw_feature_baseline,simWind_test.mat,simMed_test.mat
0.003,0.9924277663230896,0.9285714285714286,0.0029913616800463965,14,65522,196,196,209,loso_supervised_raw_feature_logreg_conservative_topk_strict_gt,simMed_test.mat,113,simMed_test.mat#113,loso_supervised_raw_feature_logreg,learned_raw_feature_baseline,simWind_test.mat,simMed_test.mat
0.01,0.9463310837745667,0.9285714285714286,0.009996642349134641,14,65522,655,655,668,loso_supervised_raw_feature_logreg_conservative_topk_strict_gt,simMed_test.mat,113,simMed_test.mat#113,loso_supervised_raw_feature_logreg,learned_raw_feature_baseline,simWind_test.mat,simMed_test.mat
1e-05,0.9994908571243286,0.25,0.0,36,65500,0,0,9,loso_supervised_raw_feature_logreg_conservative_topk_strict_gt,simMed_test.mat,114,simMed_test.mat#114,loso_supervised_raw_feature_logreg,learned_raw_feature_baseline,simWind_test.mat,simMed_test.mat
3e-05,0.99920254945755,0.25,1.5267175572519083e-05,36,65500,1,1,10,loso_supervised_raw_feature_logreg_conservative_topk_strict_gt,simMed_test.mat,114,simMed_test.mat#114,loso_supervised_raw_feature_logreg,learned_raw_feature_baseline,simWind_test.mat,simMed_test.mat
0.0001,0.9990003705024719,0.25,9.16030534351145e-05,36,65500,6,6,15,loso_supervised_raw_feature_logreg_conservative_topk_strict_gt,simMed_test.mat,114,simMed_test.mat#114,loso_supervised_raw_feature_logreg,learned_raw_feature_baseline,simWind_test.mat,simMed_test.mat
0.0003,0.9982035160064697,0.3333333333333333,0.0002900763358778626,36,65500,19,19,31,loso_supervised_raw_feature_logreg_conservative_topk_strict_gt,simMed_test.mat,114,simMed_test.mat#114,loso_supervised_raw_feature_logreg,learned_raw_feature_baseline,simWind_test.mat,simMed_test.mat
0.001,0.9962232112884521,0.4166666666666667,0.0009923664122137405,36,65500,65,65,80,loso_supervised_raw_feature_logreg_conservative_topk_strict_gt,simMed_test.mat,114,simMed_test.mat#114,loso_supervised_raw_feature_logreg,learned_raw_feature_baseline,simWind_test.mat,simMed_test.mat
0.003,0.9915340542793274,0.5,0.0029923664122137403,36,65500,196,196,214,loso_supervised_raw_feature_logreg_conservative_topk_strict_gt,simMed_test.mat,114,simMed_test.mat#114,loso_supervised_raw_feature_logreg,learned_raw_feature_baseline,simWind_test.mat,simMed_test.mat
0.01,0.969685435295105,0.6388888888888888,0.01,36,65500,655,655,678,loso_supervised_raw_feature_logreg_conservative_topk_strict_gt,simMed_test.mat,114,simMed_test.mat#114,loso_supervised_raw_feature_logreg,learned_raw_feature_baseline,simWind_test.mat,simMed_test.mat
1e-05,0.9998199343681335,0.045454545454545456,0.0,22,65514,0,0,1,loso_supervised_raw_feature_logreg_conservative_topk_strict_gt,simMed_test.mat,115,simMed_test.mat#115,loso_supervised_raw_feature_logreg,learned_raw_feature_baseline,simWind_test.mat,simMed_test.mat
3e-05,0.9997013211250305,0.09090909090909091,1.5263913056751228e-05,22,65514,1,1,3,loso_supervised_raw_feature_logreg_conservative_topk_strict_gt,simMed_test.mat,115,simMed_test.mat#115,loso_supervised_raw_feature_logreg,learned_raw_feature_baseline,simWind_test.mat,simMed_test.mat
0.0001,0.9992499947547913,0.18181818181818182,9.158347834050737e-05,22,65514,6,6,10,loso_supervised_raw_feature_logreg_conservative_topk_strict_gt,simMed_test.mat,115,simMed_test.mat#115,loso_supervised_raw_feature_logreg,learned_raw_feature_baseline,simWind_test.mat,simMed_test.mat
0.0003,0.998620867729187,0.2727272727272727,0.00029001434807827335,22,65514,19,19,25,loso_supervised_raw_feature_logreg_conservative_topk_strict_gt,simMed_test.mat,115,simMed_test.mat#115,loso_supervised_raw_feature_logreg,learned_raw_feature_baseline,simWind_test.mat,simMed_test.mat
0.001,0.9962377548217773,0.3181818181818182,0.0009921543486888298,22,65514,65,65,72,loso_supervised_raw_feature_logreg_conservative_topk_strict_gt,simMed_test.mat,115,simMed_test.mat#115,loso_supervised_raw_feature_logreg,learned_raw_feature_baseline,simWind_test.mat,simMed_test.mat
0.003,0.9895468354225159,0.36363636363636365,0.002991726959123241,22,65514,196,196,204,loso_supervised_raw_feature_logreg_conservative_topk_strict_gt,simMed_test.mat,115,simMed_test.mat#115,loso_supervised_raw_feature_logreg,learned_raw_feature_baseline,simWind_test.mat,simMed_test.mat
0.01,0.9375437498092651,0.6363636363636364,0.009997863052172054,22,65514,655,655,669,loso_supervised_raw_feature_logreg_conservative_topk_strict_gt,simMed_test.mat,115,simMed_test.mat#115,loso_supervised_raw_feature_logreg,learned_raw_feature_baseline,simWind_test.mat,simMed_test.mat
1e-05,0.9996614456176758,0.037037037037037035,0.0,27,65509,0,0,1,loso_supervised_raw_feature_logreg_conservative_topk_strict_gt,simMed_test.mat,116,simMed_test.mat#116,loso_supervised_raw_feature_logreg,learned_raw_feature_baseline,simWind_test.mat,simMed_test.mat
3e-05,0.9995816349983215,0.037037037037037035,1.5265078080874384e-05,27,65509,1,1,2,loso_supervised_raw_feature_logreg_conservative_topk_strict_gt,simMed_test.mat,116,simMed_test.mat#116,loso_supervised_raw_feature_logreg,learned_raw_feature_baseline,simWind_test.mat,simMed_test.mat
0.0001,0.9990204572677612,0.037037037037037035,9.15904684852463e-05,27,65509,6,6,7,loso_supervised_raw_feature_logreg_conservative_topk_strict_gt,simMed_test.mat,116,simMed_test.mat#116,loso_supervised_raw_feature_logreg,learned_raw_feature_baseline,simWind_test.mat,simMed_test.mat
0.0003,0.9980499744415283,0.037037037037037035,0.0002900364835366133,27,65509,19,19,20,loso_supervised_raw_feature_logreg_conservative_topk_strict_gt,simMed_test.mat,116,simMed_test.mat#116,loso_supervised_raw_feature_logreg,learned_raw_feature_baseline,simWind_test.mat,simMed_test.mat
0.001,0.9957444071769714,0.2222222222222222,0.000992230075256835,27,65509,65,65,71,loso_supervised_raw_feature_logreg_conservative_topk_strict_gt,simMed_test.mat,116,simMed_test.mat#116,loso_supervised_raw_feature_logreg,learned_raw_feature_baseline,simWind_test.mat,simMed_test.mat
0.003,0.9892821311950684,0.2962962962962963,0.002991955303851379,27,65509,196,196,204,loso_supervised_raw_feature_logreg_conservative_topk_strict_gt,simMed_test.mat,116,simMed_test.mat#116,loso_supervised_raw_feature_logreg,learned_raw_feature_baseline,simWind_test.mat,simMed_test.mat
0.01,0.9607100486755371,0.5185185185185185,0.00999862614297272,27,65509,655,655,669,loso_supervised_raw_feature_logreg_conservative_topk_strict_gt,simMed_test.mat,116,simMed_test.mat#116,loso_supervised_raw_feature_logreg,learned_raw_feature_baseline,simWind_test.mat,simMed_test.mat
1e-05,0.9999996423721313,0.03571428571428571,0.0,56,65480,0,0,2,loso_supervised_raw_feature_logreg_conservative_topk_strict_gt,simMed_test.mat,117,simMed_test.mat#117,loso_supervised_raw_feature_logreg,learned_raw_feature_baseline,simWind_test.mat,simMed_test.mat
3e-05,0.9999995231628418,0.07142857142857142,1.5271838729383018e-05,56,65480,1,1,5,loso_supervised_raw_feature_logreg_conservative_topk_strict_gt,simMed_test.mat,117,simMed_test.mat#117,loso_supervised_raw_feature_logreg,learned_raw_feature_baseline,simWind_test.mat,simMed_test.mat
0.0001,0.9999977350234985,0.19642857142857142,9.163103237629811e-05,56,65480,6,6,17,loso_supervised_raw_feature_logreg_conservative_topk_strict_gt,simMed_test.mat,117,simMed_test.mat#117,loso_supervised_raw_feature_logreg,learned_raw_feature_baseline,simWind_test.mat,simMed_test.mat
0.0003,0.9999876022338867,0.3392857142857143,0.00029016493585827736,56,65480,19,19,38,loso_supervised_raw_feature_logreg_conservative_topk_strict_gt,simMed_test.mat,117,simMed_test.mat#117,loso_supervised_raw_feature_logreg,learned_raw_feature_baseline,simWind_test.mat,simMed_test.mat
0.001,0.9996387958526611,0.6428571428571429,0.0009926695174098962,56,65480,65,65,101,loso_supervised_raw_feature_logreg_conservative_topk_strict_gt,simMed_test.mat,117,simMed_test.mat#117,loso_supervised_raw_feature_logreg,learned_raw_feature_baseline,simWind_test.mat,simMed_test.mat
0.003,0.9915496110916138,0.8571428571428571,0.0029932803909590716,56,65480,196,196,244,loso_supervised_raw_feature_logreg_conservative_topk_strict_gt,simMed_test.mat,117,simMed_test.mat#117,loso_supervised_raw_feature_logreg,learned_raw_feature_baseline,simWind_test.mat,simMed_test.mat
0.01,0.9662363529205322,0.875,0.009987782529016494,56,65480,654,654,703,loso_supervised_raw_feature_logreg_conservative_topk_strict_gt,simMed_test.mat,117,simMed_test.mat#117,loso_supervised_raw_feature_logreg,learned_raw_feature_baseline,simWind_test.mat,simMed_test.mat
1e-05,0.9997820258140564,0.08771929824561403,0.0,57,65479,0,0,5,loso_supervised_raw_feature_logreg_conservative_topk_strict_gt,simMed_test.mat,118,simMed_test.mat#118,loso_supervised_raw_feature_logreg,learned_raw_feature_baseline,simWind_test.mat,simMed_test.mat
3e-05,0.9997010231018066,0.08771929824561403,1.5272071962003084e-05,57,65479,1,1,6,loso_supervised_raw_feature_logreg_conservative_topk_strict_gt,simMed_test.mat,118,simMed_test.mat#118,loso_supervised_raw_feature_logreg,learned_raw_feature_baseline,simWind_test.mat,simMed_test.mat
0.0001,0.9994326233863831,0.17543859649122806,9.163243177201851e-05,57,65479,6,6,16,loso_supervised_raw_feature_logreg_conservative_topk_strict_gt,simMed_test.mat,118,simMed_test.mat#118,loso_supervised_raw_feature_logreg,learned_raw_feature_baseline,simWind_test.mat,simMed_test.mat
0.0003,0.9986434578895569,0.21052631578947367,0.0002901693672780586,57,65479,19,19,31,loso_supervised_raw_feature_logreg_conservative_topk_strict_gt,simMed_test.mat,118,simMed_test.mat#118,loso_supervised_raw_feature_logreg,learned_raw_feature_baseline,simWind_test.mat,simMed_test.mat
0.001,0.9947587847709656,0.3508771929824561,0.0009926846775302005,57,65479,65,65,85,loso_supervised_raw_feature_logreg_conservative_topk_strict_gt,simMed_test.mat,118,simMed_test.mat#118,loso_supervised_raw_feature_logreg,learned_raw_feature_baseline,simWind_test.mat,simMed_test.mat
0.003,0.9875178933143616,0.5263157894736842,0.0029933261045526046,57,65479,196,196,226,loso_supervised_raw_feature_logreg_conservative_topk_strict_gt,simMed_test.mat,118,simMed_test.mat#118,loso_supervised_raw_feature_logreg,learned_raw_feature_baseline,simWind_test.mat,simMed_test.mat
0.01,0.9556660056114197,0.6666666666666666,0.009987935063150018,57,65479,654,654,692,loso_supervised_raw_feature_logreg_conservative_topk_strict_gt,simMed_test.mat,118,simMed_test.mat#118,loso_supervised_raw_feature_logreg,learned_raw_feature_baseline,simWind_test.mat,simMed_test.mat
1e-05,0.9999996423721313,0.05405405405405406,0.0,37,65499,0,0,2,loso_supervised_raw_feature_logreg_conservative_topk_strict_gt,simMed_test.mat,121,simMed_test.mat#121,loso_supervised_raw_feature_logreg,learned_raw_feature_baseline,simWind_test.mat,simMed_test.mat
3e-05,0.9999995231628418,0.16216216216216217,1.5267408662727676e-05,37,65499,1,1,7,loso_supervised_raw_feature_logreg_conservative_topk_strict_gt,simMed_test.mat,121,simMed_test.mat#121,loso_supervised_raw_feature_logreg,learned_raw_feature_baseline,simWind_test.mat,simMed_test.mat
0.0001,0.999997615814209,0.16216216216216217,9.160445197636606e-05,37,65499,6,6,12,loso_supervised_raw_feature_logreg_conservative_topk_strict_gt,simMed_test.mat,121,simMed_test.mat#121,loso_supervised_raw_feature_logreg,learned_raw_feature_baseline,simWind_test.mat,simMed_test.mat
0.0003,0.999963641166687,0.35135135135135137,0.00029008076459182585,37,65499,19,19,32,loso_supervised_raw_feature_logreg_conservative_topk_strict_gt,simMed_test.mat,121,simMed_test.mat#121,loso_supervised_raw_feature_logreg,learned_raw_feature_baseline,simWind_test.mat,simMed_test.mat
0.001,0.9984000325202942,0.8108108108108109,0.0009923815630772988,37,65499,65,65,95,loso_supervised_raw_feature_logreg_conservative_topk_strict_gt,simMed_test.mat,121,simMed_test.mat#121,loso_supervised_raw_feature_logreg,learned_raw_feature_baseline,simWind_test.mat,simMed_test.mat
0.003,0.9916316866874695,0.8648648648648649,0.0029924120978946245,37,65499,196,196,228,loso_supervised_raw_feature_logreg_conservative_topk_strict_gt,simMed_test.mat,121,simMed_test.mat#121,loso_supervised_raw_feature_logreg,learned_raw_feature_baseline,simWind_test.mat,simMed_test.mat
0.01,0.9672480821609497,0.9459459459459459,0.009984885265423899,37,65499,654,654,689,loso_supervised_raw_feature_logreg_conservative_topk_strict_gt,simMed_test.mat,121,simMed_test.mat#121,loso_supervised_raw_feature_logreg,learned_raw_feature_baseline,simWind_test.mat,simMed_test.mat
1e-05,0.9997803568840027,0.13333333333333333,0.0,15,65521,0,0,2,loso_supervised_raw_feature_logreg_conservative_topk_strict_gt,simMed_test.mat,122,simMed_test.mat#122,loso_supervised_raw_feature_logreg,learned_raw_feature_baseline,simWind_test.mat,simMed_test.mat
3e-05,0.9997149109840393,0.13333333333333333,1.5262282321698386e-05,15,65521,1,1,3,loso_supervised_raw_feature_logreg_conservative_topk_strict_gt,simMed_test.mat,122,simMed_test.mat#122,loso_supervised_raw_feature_logreg,learned_raw_feature_baseline,simWind_test.mat,simMed_test.mat
0.0001,0.9987377524375916,0.3333333333333333,9.157369393019033e-05,15,65521,6,6,11,loso_supervised_raw_feature_logreg_conservative_topk_strict_gt,simMed_test.mat,122,simMed_test.mat#122,loso_supervised_raw_feature_logreg,learned_raw_feature_baseline,simWind_test.mat,simMed_test.mat
0.0003,0.9970382452011108,0.3333333333333333,0.00028998336411226937,15,65521,19,19,24,loso_supervised_raw_feature_logreg_conservative_topk_strict_gt,simMed_test.mat,122,simMed_test.mat#122,loso_supervised_raw_feature_logreg,learned_raw_feature_baseline,simWind_test.mat,simMed_test.mat
0.001,0.9924768805503845,0.4666666666666667,0.000992048350910395,15,65521,65,65,72,loso_supervised_raw_feature_logreg_conservative_topk_strict_gt,simMed_test.mat,122,simMed_test.mat#122,loso_supervised_raw_feature_logreg,learned_raw_feature_baseline,simWind_test.mat,simMed_test.mat
0.003,0.9740273356437683,0.5333333333333333,0.0029914073350528836,15,65521,196,196,204,loso_supervised_raw_feature_logreg_conservative_topk_strict_gt,simMed_test.mat,122,simMed_test.mat#122,loso_supervised_raw_feature_logreg,learned_raw_feature_baseline,simWind_test.mat,simMed_test.mat
0.01,0.8410987854003906,0.7333333333333333,0.009996794920712444,15,65521,655,655,666,loso_supervised_raw_feature_logreg_conservative_topk_strict_gt,simMed_test.mat,122,simMed_test.mat#122,loso_supervised_raw_feature_logreg,learned_raw_feature_baseline,simWind_test.mat,simMed_test.mat
1e-05,0.9999995231628418,0.023809523809523808,0.0,42,65494,0,0,1,loso_supervised_raw_feature_logreg_conservative_topk_strict_gt,simMed_test.mat,123,simMed_test.mat#123,loso_supervised_raw_feature_logreg,learned_raw_feature_baseline,simWind_test.mat,simMed_test.mat
3e-05,0.9999970197677612,0.047619047619047616,1.5268574220539285e-05,42,65494,1,1,3,loso_supervised_raw_feature_logreg_conservative_topk_strict_gt,simMed_test.mat,123,simMed_test.mat#123,loso_supervised_raw_feature_logreg,learned_raw_feature_baseline,simWind_test.mat,simMed_test.mat
0.0001,0.9999815225601196,0.35714285714285715,9.161144532323571e-05,42,65494,6,6,21,loso_supervised_raw_feature_logreg_conservative_topk_strict_gt,simMed_test.mat,123,simMed_test.mat#123,loso_supervised_raw_feature_logreg,learned_raw_feature_baseline,simWind_test.mat,simMed_test.mat
0.0003,0.9999246597290039,0.40476190476190477,0.00029010291019024645,42,65494,19,19,36,loso_supervised_raw_feature_logreg_conservative_topk_strict_gt,simMed_test.mat,123,simMed_test.mat#123,loso_supervised_raw_feature_logreg,learned_raw_feature_baseline,simWind_test.mat,simMed_test.mat
0.001,0.9975334405899048,0.6428571428571429,0.0009924573243350536,42,65494,65,65,92,loso_supervised_raw_feature_logreg_conservative_topk_strict_gt,simMed_test.mat,123,simMed_test.mat#123,loso_supervised_raw_feature_logreg,learned_raw_feature_baseline,simWind_test.mat,simMed_test.mat
0.003,0.990119218826294,0.7619047619047619,0.0029926405472257,42,65494,196,196,228,loso_supervised_raw_feature_logreg_conservative_topk_strict_gt,simMed_test.mat,123,simMed_test.mat#123,loso_supervised_raw_feature_logreg,learned_raw_feature_baseline,simWind_test.mat,simMed_test.mat
0.01,0.961168110370636,0.8333333333333334,0.009985647540232694,42,65494,654,654,689,loso_supervised_raw_feature_logreg_conservative_topk_strict_gt,simMed_test.mat,123,simMed_test.mat#123,loso_supervised_raw_feature_logreg,learned_raw_feature_baseline,simWind_test.mat,simMed_test.mat
1e-05,0.9999939203262329,0.04,0.0,25,65511,0,0,1,loso_supervised_raw_feature_logreg_conservative_topk_strict_gt,simMed_test.mat,124,simMed_test.mat#124,loso_supervised_raw_feature_logreg,learned_raw_feature_baseline,simWind_test.mat,simMed_test.mat
3e-05,0.9999666213989258,0.08,1.526461204988475e-05,25,65511,1,1,3,loso_supervised_raw_feature_logreg_conservative_topk_strict_gt,simMed_test.mat,124,simMed_test.mat#124,loso_supervised_raw_feature_logreg,learned_raw_feature_baseline,simWind_test.mat,simMed_test.mat
0.0001,0.9999022483825684,0.4,9.158767229930851e-05,25,65511,6,6,16,loso_supervised_raw_feature_logreg_conservative_topk_strict_gt,simMed_test.mat,124,simMed_test.mat#124,loso_supervised_raw_feature_logreg,learned_raw_feature_baseline,simWind_test.mat,simMed_test.mat
0.0003,0.9994004964828491,0.4,0.0002900276289478103,25,65511,19,19,29,loso_supervised_raw_feature_logreg_conservative_topk_strict_gt,simMed_test.mat,124,simMed_test.mat#124,loso_supervised_raw_feature_logreg,learned_raw_feature_baseline,simWind_test.mat,simMed_test.mat
0.001,0.9962090253829956,0.6,0.0009921997832425089,25,65511,65,65,80,loso_supervised_raw_feature_logreg_conservative_topk_strict_gt,simMed_test.mat,124,simMed_test.mat#124,loso_supervised_raw_feature_logreg,learned_raw_feature_baseline,simWind_test.mat,simMed_test.mat
0.003,0.9873380661010742,0.64,0.0029918639617774116,25,65511,196,196,212,loso_supervised_raw_feature_logreg_conservative_topk_strict_gt,simMed_test.mat,124,simMed_test.mat#124,loso_supervised_raw_feature_logreg,learned_raw_feature_baseline,simWind_test.mat,simMed_test.mat
0.01,0.9225143790245056,0.76,0.009998320892674512,25,65511,655,655,674,loso_supervised_raw_feature_logreg_conservative_topk_strict_gt,simMed_test.mat,124,simMed_test.mat#124,loso_supervised_raw_feature_logreg,learned_raw_feature_baseline,simWind_test.mat,simMed_test.mat
1e-05,0.9998693466186523,0.05084745762711865,0.0,59,65477,0,0,3,loso_supervised_raw_feature_logreg_conservative_topk_strict_gt,simMed_test.mat,125,simMed_test.mat#125,loso_supervised_raw_feature_logreg,learned_raw_feature_baseline,simWind_test.mat,simMed_test.mat
3e-05,0.9997596144676208,0.0847457627118644,1.5272538448615544e-05,59,65477,1,1,6,loso_supervised_raw_feature_logreg_conservative_topk_strict_gt,simMed_test.mat,125,simMed_test.mat#125,loso_supervised_raw_feature_logreg,learned_raw_feature_baseline,simWind_test.mat,simMed_test.mat
0.0001,0.9993506073951721,0.1864406779661017,9.163523069169327e-05,59,65477,6,6,17,loso_supervised_raw_feature_logreg_conservative_topk_strict_gt,simMed_test.mat,125,simMed_test.mat#125,loso_supervised_raw_feature_logreg,learned_raw_feature_baseline,simWind_test.mat,simMed_test.mat
0.0003,0.9971117973327637,0.3898305084745763,0.00029017823052369533,59,65477,19,19,42,loso_supervised_raw_feature_logreg_conservative_topk_strict_gt,simMed_test.mat,125,simMed_test.mat#125,loso_supervised_raw_feature_logreg,learned_raw_feature_baseline,simWind_test.mat,simMed_test.mat
0.001,0.9931114912033081,0.5423728813559322,0.0009927149991600104,59,65477,65,65,97,loso_supervised_raw_feature_logreg_conservative_topk_strict_gt,simMed_test.mat,125,simMed_test.mat#125,loso_supervised_raw_feature_logreg,learned_raw_feature_baseline,simWind_test.mat,simMed_test.mat
0.003,0.983020007610321,0.7457627118644068,0.002993417535928647,59,65477,196,196,240,loso_supervised_raw_feature_logreg_conservative_topk_strict_gt,simMed_test.mat,125,simMed_test.mat#125,loso_supervised_raw_feature_logreg,learned_raw_feature_baseline,simWind_test.mat,simMed_test.mat
0.01,0.9510914087295532,0.847457627118644,0.009988240145394567,59,65477,654,654,704,loso_supervised_raw_feature_logreg_conservative_topk_strict_gt,simMed_test.mat,125,simMed_test.mat#125,loso_supervised_raw_feature_logreg,learned_raw_feature_baseline,simWind_test.mat,simMed_test.mat
1e-05,0.9998117089271545,0.07692307692307693,0.0,26,65510,0,0,2,loso_supervised_raw_feature_logreg_conservative_topk_strict_gt,simMed_test.mat,126,simMed_test.mat#126,loso_supervised_raw_feature_logreg,learned_raw_feature_baseline,simWind_test.mat,simMed_test.mat
3e-05,0.9997771382331848,0.07692307692307693,1.5264845061822624e-05,26,65510,1,1,3,loso_supervised_raw_feature_logreg_conservative_topk_strict_gt,simMed_test.mat,126,simMed_test.mat#126,loso_supervised_raw_feature_logreg,learned_raw_feature_baseline,simWind_test.mat,simMed_test.mat
0.0001,0.9993292093276978,0.34615384615384615,9.158907037093573e-05,26,65510,6,6,15,loso_supervised_raw_feature_logreg_conservative_topk_strict_gt,simMed_test.mat,126,simMed_test.mat#126,loso_supervised_raw_feature_logreg,learned_raw_feature_baseline,simWind_test.mat,simMed_test.mat
0.0003,0.9983410835266113,0.46153846153846156,0.00029003205617462985,26,65510,19,19,31,loso_supervised_raw_feature_logreg_conservative_topk_strict_gt,simMed_test.mat,126,simMed_test.mat#126,loso_supervised_raw_feature_logreg,learned_raw_feature_baseline,simWind_test.mat,simMed_test.mat
0.001,0.9968007802963257,0.5,0.0009922149290184704,26,65510,65,65,78,loso_supervised_raw_feature_logreg_conservative_topk_strict_gt,simMed_test.mat,126,simMed_test.mat#126,loso_supervised_raw_feature_logreg,learned_raw_feature_baseline,simWind_test.mat,simMed_test.mat
0.003,0.9911165237426758,0.6153846153846154,0.002991909632117234,26,65510,196,196,212,loso_supervised_raw_feature_logreg_conservative_topk_strict_gt,simMed_test.mat,126,simMed_test.mat#126,loso_supervised_raw_feature_logreg,learned_raw_feature_baseline,simWind_test.mat,simMed_test.mat
0.01,0.9604299068450928,0.6538461538461539,0.009998473515493819,26,65510,655,655,672,loso_supervised_raw_feature_logreg_conservative_topk_strict_gt,simMed_test.mat,126,simMed_test.mat#126,loso_supervised_raw_feature_logreg,learned_raw_feature_baseline,simWind_test.mat,simMed_test.mat
1e-05,0.9999992847442627,0.15151515151515152,0.0,33,65503,0,0,5,loso_supervised_raw_feature_logreg_conservative_topk_strict_gt,simMed_test.mat,127,simMed_test.mat#127,loso_supervised_raw_feature_logreg,learned_raw_feature_baseline,simWind_test.mat,simMed_test.mat
3e-05,0.9999992847442627,0.15151515151515152,0.0,33,65503,1,0,5,loso_supervised_raw_feature_logreg_conservative_topk_strict_gt,simMed_test.mat,127,simMed_test.mat#127,loso_supervised_raw_feature_logreg,learned_raw_feature_baseline,simWind_test.mat,simMed_test.mat
0.0001,0.9999978542327881,0.21212121212121213,9.159885806756943e-05,33,65503,6,6,13,loso_supervised_raw_feature_logreg_conservative_topk_strict_gt,simMed_test.mat,127,simMed_test.mat#127,loso_supervised_raw_feature_logreg,learned_raw_feature_baseline,simWind_test.mat,simMed_test.mat
0.0003,0.999972939491272,0.5454545454545454,0.0002900630505473032,33,65503,19,19,37,loso_supervised_raw_feature_logreg_conservative_topk_strict_gt,simMed_test.mat,127,simMed_test.mat#127,loso_supervised_raw_feature_logreg,learned_raw_feature_baseline,simWind_test.mat,simMed_test.mat
0.001,0.9985034465789795,0.8181818181818182,0.0009923209623986687,33,65503,65,65,92,loso_supervised_raw_feature_logreg_conservative_topk_strict_gt,simMed_test.mat,127,simMed_test.mat#127,loso_supervised_raw_feature_logreg,learned_raw_feature_baseline,simWind_test.mat,simMed_test.mat
0.003,0.9904252886772156,0.8484848484848485,0.002992229363540601,33,65503,196,196,224,loso_supervised_raw_feature_logreg_conservative_topk_strict_gt,simMed_test.mat,127,simMed_test.mat#127,loso_supervised_raw_feature_logreg,learned_raw_feature_baseline,simWind_test.mat,simMed_test.mat
0.01,0.9632758498191833,0.9393939393939394,0.009999542005709662,33,65503,655,655,686,loso_supervised_raw_feature_logreg_conservative_topk_strict_gt,simMed_test.mat,127,simMed_test.mat#127,loso_supervised_raw_feature_logreg,learned_raw_feature_baseline,simWind_test.mat,simMed_test.mat
