calibration_mode,residual_safety_factor,gate_margin_scale,asset,pfa_target,method,pd_mean,empirical_pfa_mean,empirical_pfa_max,false_alarms_total,background_count_total,n_items
cross_asset_target_free_conservative,1.0,0.0,combined,1e-05,low_rank_residual_k30,0.513331233955522,0.0008391188176972804,0.005222490303270928,11540,13754674,210
cross_asset_target_free_conservative,1.0,0.0,combined,1e-05,raw,0.12220554283184845,4.544282647510391e-05,0.0004428427450142015,625,13754674,210
cross_asset_target_free_conservative,1.0,0.0,combined,1e-05,tpsscs_finished_detector,0.6282695312620552,0.0008985216362404732,0.0052835720612039215,12357,13754674,210
cross_asset_target_free_conservative,1.0,0.0,combined,3e-05,low_rank_residual_k30,0.5613663454079485,0.0011501841367297623,0.009192804568915493,15818,13754674,210
cross_asset_target_free_conservative,1.0,0.0,combined,3e-05,raw,0.16700412319935337,9.953713382807898e-05,0.0009009559295116513,1369,13754674,210
cross_asset_target_free_conservative,1.0,0.0,combined,3e-05,tpsscs_finished_detector,0.6662504182182173,0.001204715315273057,0.009253886326848487,16568,13754674,210
cross_asset_target_free_conservative,1.0,0.0,combined,0.0001,low_rank_residual_k30,0.630310375659371,0.001965507611697268,0.02110374736584919,27031,13754674,210
cross_asset_target_free_conservative,1.0,0.0,combined,0.0001,raw,0.22923245012073215,0.0002884280544882893,0.0022142137250710076,3967,13754674,210
cross_asset_target_free_conservative,1.0,0.0,combined,0.0001,tpsscs_finished_detector,0.7216382937979516,0.002012549480513305,0.021134288244815686,27678,13754674,210
cross_asset_target_free_conservative,1.0,0.0,combined,0.0003,low_rank_residual_k30,0.6888662992191843,0.0036449398383919074,0.04503252603609932,50128,13754674,210
cross_asset_target_free_conservative,1.0,0.0,combined,0.0003,raw,0.29418924741081026,0.0006449064626953748,0.004718565800323734,8870,13754674,210
cross_asset_target_free_conservative,1.0,0.0,combined,0.0003,tpsscs_finished_detector,0.7698730848211511,0.003687328204156943,0.04504779647558257,50711,13754674,210
cross_asset_target_free_conservative,1.0,0.0,combined,0.001,low_rank_residual_k30,0.7553263807331801,0.008206406809212708,0.10014354213114253,112862,13754674,210
cross_asset_target_free_conservative,1.0,0.0,combined,0.001,raw,0.380548245630504,0.001681915118043382,0.009192804568915493,23133,13754674,210
cross_asset_target_free_conservative,1.0,0.0,combined,0.001,tpsscs_finished_detector,0.8252524119128815,0.008242396536499629,0.10015881257062578,113357,13754674,210
cross_asset_target_free_conservative,1.0,0.0,combined,0.003,low_rank_residual_k30,0.7983688821233255,0.01757990001793424,0.18323000335949668,241778,13754674,210
cross_asset_target_free_conservative,1.0,0.0,combined,0.003,raw,0.48396699030234486,0.004224808094696713,0.01727086705555386,58108,13754674,210
cross_asset_target_free_conservative,1.0,0.0,combined,0.003,tpsscs_finished_detector,0.8590817280990691,0.01761029091367011,0.18324527379897992,242196,13754674,210
cross_asset_target_free_conservative,1.0,0.0,combined,0.01,low_rank_residual_k30,0.8479265679755843,0.041924483673523104,0.32964297712488166,576602,13754674,210
cross_asset_target_free_conservative,1.0,0.0,combined,0.01,raw,0.6583200235528658,0.012027479069745767,0.03446696089061283,165426,13754674,210
cross_asset_target_free_conservative,1.0,0.0,combined,0.01,tpsscs_finished_detector,0.8998020307109299,0.04194985744763775,0.3296582475643649,576951,13754674,210
cross_asset_target_free_conservative,1.0,0.0,simMed_test.mat,1e-05,low_rank_residual_k30,0.48910183717549605,0.0007757120073590253,0.004153749828199685,5334,6877337,105
cross_asset_target_free_conservative,1.0,0.0,simMed_test.mat,1e-05,raw,0.13754819506410546,6.514651216398344e-05,0.0004428427450142015,448,6877337,105
cross_asset_target_free_conservative,1.0,0.0,simMed_test.mat,1e-05,tpsscs_finished_detector,0.6214431408645611,0.0008524921058462727,0.004291190079868058,5862,6877337,105
cross_asset_target_free_conservative,1.0,0.0,simMed_test.mat,3e-05,low_rank_residual_k30,0.5239605361500035,0.0009601111249166191,0.005070018172655498,6602,6877337,105
cross_asset_target_free_conservative,1.0,0.0,simMed_test.mat,3e-05,raw,0.18160627999140647,0.00014250664763630603,0.0009009559295116513,980,6877337,105
cross_asset_target_free_conservative,1.0,0.0,simMed_test.mat,3e-05,tpsscs_finished_detector,0.6466145420385699,0.0010309288110406248,0.005192187285249607,7089,6877337,105
cross_asset_target_free_conservative,1.0,0.0,simMed_test.mat,0.0001,low_rank_residual_k30,0.594211644415595,0.0014257579872761026,0.007895178901394255,9804,6877337,105
cross_asset_target_free_conservative,1.0,0.0,simMed_test.mat,0.0001,raw,0.250506756769571,0.00042271621690726717,0.0022142137250710076,2907,6877337,105
cross_asset_target_free_conservative,1.0,0.0,simMed_test.mat,0.0001,tpsscs_finished_detector,0.7009194345002275,0.0014878502362916284,0.0080020768749141,10231,6877337,105
cross_asset_target_free_conservative,1.0,0.0,simMed_test.mat,0.0003,low_rank_residual_k30,0.6537447867743857,0.002177018231763093,0.012675045431638747,14970,6877337,105
cross_asset_target_free_conservative,1.0,0.0,simMed_test.mat,0.0003,raw,0.3203369562677633,0.0009715048995873241,0.004718565800323734,6681,6877337,105
cross_asset_target_free_conservative,1.0,0.0,simMed_test.mat,0.0003,tpsscs_finished_detector,0.7496290331944823,0.002232566461759633,0.012781943405158591,15352,6877337,105
cross_asset_target_free_conservative,1.0,0.0,simMed_test.mat,0.001,low_rank_residual_k30,0.7145158195692578,0.0038714936082983025,0.023088904498671473,26622,6877337,105
cross_asset_target_free_conservative,1.0,0.0,simMed_test.mat,0.001,raw,0.4041410413752089,0.002407599490845176,0.009192804568915493,16557,6877337,105
cross_asset_target_free_conservative,1.0,0.0,simMed_test.mat,0.001,tpsscs_finished_detector,0.7961005495875318,0.0039193344548661265,0.02319579757505421,26951,6877337,105
cross_asset_target_free_conservative,1.0,0.0,simMed_test.mat,0.003,low_rank_residual_k30,0.7584830392097079,0.007180283235227429,0.043581834285190725,49375,6877337,105
cross_asset_target_free_conservative,1.0,0.0,simMed_test.mat,0.003,raw,0.5108081157703395,0.005741608073148579,0.01727086705555386,39485,6877337,105
cross_asset_target_free_conservative,1.0,0.0,simMed_test.mat,0.003,tpsscs_finished_detector,0.8299333792601997,0.00722041661844033,0.04365818648260697,49651,6877337,105
cross_asset_target_free_conservative,1.0,0.0,simMed_test.mat,0.01,low_rank_residual_k30,0.8194471753841114,0.016178014540570374,0.09076749228842806,111249,6877337,105
cross_asset_target_free_conservative,1.0,0.0,simMed_test.mat,0.01,raw,0.6845606050330818,0.014851827714264533,0.03446696089061283,102136,6877337,105
cross_asset_target_free_conservative,1.0,0.0,simMed_test.mat,0.01,tpsscs_finished_detector,0.8805122675617398,0.016211022244717915,0.09082857404636105,111476,6877337,105
cross_asset_target_free_conservative,1.0,0.0,simWind_test.mat,1e-05,low_rank_residual_k30,0.537560630735548,0.0009025256280355355,0.005222490303270928,6206,6877337,105
cross_asset_target_free_conservative,1.0,0.0,simWind_test.mat,1e-05,raw,0.10686289059959145,2.573914078622439e-05,0.00013738570272786945,177,6877337,105
cross_asset_target_free_conservative,1.0,0.0,simWind_test.mat,1e-05,tpsscs_finished_detector,0.6350959216595494,0.0009445511666346736,0.0052835720612039215,6495,6877337,105
cross_asset_target_free_conservative,1.0,0.0,simWind_test.mat,3e-05,low_rank_residual_k30,0.5987721546658935,0.0013402571485429055,0.009192804568915493,9216,6877337,105
cross_asset_target_free_conservative,1.0,0.0,simWind_test.mat,3e-05,raw,0.15240196640730022,5.65676200198519e-05,0.0003358317177792364,389,6877337,105
cross_asset_target_free_conservative,1.0,0.0,simWind_test.mat,3e-05,tpsscs_finished_detector,0.6858862943978645,0.0013785018195054892,0.009253886326848487,9479,6877337,105
cross_asset_target_free_conservative,1.0,0.0,simWind_test.mat,0.0001,low_rank_residual_k30,0.666409106903147,0.0025052572361184324,0.02110374736584919,17227,6877337,105
cross_asset_target_free_conservative,1.0,0.0,simWind_test.mat,0.0001,raw,0.20795814347189331,0.00015413989206931148,0.0007479888259628448,1060,6877337,105
cross_asset_target_free_conservative,1.0,0.0,simWind_test.mat,0.0001,tpsscs_finished_detector,0.7423571530956755,0.0025372487247349814,0.021134288244815686,17447,6877337,105
cross_asset_target_free_conservative,1.0,0.0,simWind_test.mat,0.0003,low_rank_residual_k30,0.7239878116639831,0.0051128614450207215,0.04503252603609932,35158,6877337,105
cross_asset_target_free_conservative,1.0,0.0,simWind_test.mat,0.0003,raw,0.2680415385538572,0.00031830802580342575,0.0014807125738448151,2189,6877337,105
cross_asset_target_free_conservative,1.0,0.0,simWind_test.mat,0.0003,tpsscs_finished_detector,0.79011713644782,0.005142089946554252,0.04504779647558257,35359,6877337,105
cross_asset_target_free_conservative,1.0,0.0,simWind_test.mat,0.001,low_rank_residual_k30,0.7961369418971025,0.012541320010127113,0.10014354213114253,86240,6877337,105
cross_asset_target_free_conservative,1.0,0.0,simWind_test.mat,0.001,raw,0.3569554498857991,0.0009562307452415877,0.0038330559076401507,6576,6877337,105
cross_asset_target_free_conservative,1.0,0.0,simWind_test.mat,0.001,tpsscs_finished_detector,0.8544042742382313,0.012565458618133133,0.10015881257062578,86406,6877337,105
cross_asset_target_free_conservative,1.0,0.0,simWind_test.mat,0.003,low_rank_residual_k30,0.8382547250369429,0.02797951680064105,0.18323000335949668,192403,6877337,105
cross_asset_target_free_conservative,1.0,0.0,simWind_test.mat,0.003,raw,0.45712586483435036,0.002708008116244847,0.009403001022729007,18623,6877337,105
cross_asset_target_free_conservative,1.0,0.0,simWind_test.mat,0.003,tpsscs_finished_detector,0.8882300769379385,0.028000165208899887,0.18324527379897992,192545,6877337,105
cross_asset_target_free_conservative,1.0,0.0,simWind_test.mat,0.01,low_rank_residual_k30,0.8764059605670572,0.06767095280647582,0.32964297712488166,465353,6877337,105
cross_asset_target_free_conservative,1.0,0.0,simWind_test.mat,0.01,raw,0.6320794420726498,0.009203130425227003,0.024342195684376098,63290,6877337,105
cross_asset_target_free_conservative,1.0,0.0,simWind_test.mat,0.01,tpsscs_finished_detector,0.9190917938601201,0.0676886926505576,0.3296582475643649,465475,6877337,105
cross_asset_target_free_conservative,1.0,0.25,combined,1e-05,low_rank_residual_k30,0.513331233955522,0.0008391188176972804,0.005222490303270928,11540,13754674,210
cross_asset_target_free_conservative,1.0,0.25,combined,1e-05,raw,0.12220554283184845,4.544282647510391e-05,0.0004428427450142015,625,13754674,210
cross_asset_target_free_conservative,1.0,0.25,combined,1e-05,tpsscs_finished_detector,0.6282695312620552,0.0008985216362404732,0.0052835720612039215,12357,13754674,210
cross_asset_target_free_conservative,1.0,0.25,combined,3e-05,low_rank_residual_k30,0.5613663454079485,0.0011501841367297623,0.009192804568915493,15818,13754674,210
cross_asset_target_free_conservative,1.0,0.25,combined,3e-05,raw,0.16700412319935337,9.953713382807898e-05,0.0009009559295116513,1369,13754674,210
cross_asset_target_free_conservative,1.0,0.25,combined,3e-05,tpsscs_finished_detector,0.6662504182182173,0.001204715315273057,0.009253886326848487,16568,13754674,210
cross_asset_target_free_conservative,1.0,0.25,combined,0.0001,low_rank_residual_k30,0.630310375659371,0.001965507611697268,0.02110374736584919,27031,13754674,210
cross_asset_target_free_conservative,1.0,0.25,combined,0.0001,raw,0.22923245012073215,0.0002884280544882893,0.0022142137250710076,3967,13754674,210
cross_asset_target_free_conservative,1.0,0.25,combined,0.0001,tpsscs_finished_detector,0.7216382937979516,0.002012549480513305,0.021134288244815686,27678,13754674,210
cross_asset_target_free_conservative,1.0,0.25,combined,0.0003,low_rank_residual_k30,0.6888662992191843,0.0036449398383919074,0.04503252603609932,50128,13754674,210
cross_asset_target_free_conservative,1.0,0.25,combined,0.0003,raw,0.29418924741081026,0.0006449064626953748,0.004718565800323734,8870,13754674,210
cross_asset_target_free_conservative,1.0,0.25,combined,0.0003,tpsscs_finished_detector,0.7698730848211511,0.003687328204156943,0.04504779647558257,50711,13754674,210
cross_asset_target_free_conservative,1.0,0.25,combined,0.001,low_rank_residual_k30,0.7553263807331801,0.008206406809212708,0.10014354213114253,112862,13754674,210
cross_asset_target_free_conservative,1.0,0.25,combined,0.001,raw,0.380548245630504,0.001681915118043382,0.009192804568915493,23133,13754674,210
cross_asset_target_free_conservative,1.0,0.25,combined,0.001,tpsscs_finished_detector,0.8252524119128815,0.008242396536499629,0.10015881257062578,113357,13754674,210
cross_asset_target_free_conservative,1.0,0.25,combined,0.003,low_rank_residual_k30,0.7983688821233255,0.01757990001793424,0.18323000335949668,241778,13754674,210
cross_asset_target_free_conservative,1.0,0.25,combined,0.003,raw,0.48396699030234486,0.004224808094696713,0.01727086705555386,58108,13754674,210
cross_asset_target_free_conservative,1.0,0.25,combined,0.003,tpsscs_finished_detector,0.8590817280990691,0.01761029091367011,0.18324527379897992,242196,13754674,210
cross_asset_target_free_conservative,1.0,0.25,combined,0.01,low_rank_residual_k30,0.8479265679755843,0.041924483673523104,0.32964297712488166,576602,13754674,210
cross_asset_target_free_conservative,1.0,0.25,combined,0.01,raw,0.6583200235528658,0.012027479069745767,0.03446696089061283,165426,13754674,210
cross_asset_target_free_conservative,1.0,0.25,combined,0.01,tpsscs_finished_detector,0.8998020307109299,0.04194985744763775,0.3296582475643649,576951,13754674,210
cross_asset_target_free_conservative,1.0,0.25,simMed_test.mat,1e-05,low_rank_residual_k30,0.48910183717549605,0.0007757120073590253,0.004153749828199685,5334,6877337,105
cross_asset_target_free_conservative,1.0,0.25,simMed_test.mat,1e-05,raw,0.13754819506410546,6.514651216398344e-05,0.0004428427450142015,448,6877337,105
cross_asset_target_free_conservative,1.0,0.25,simMed_test.mat,1e-05,tpsscs_finished_detector,0.6214431408645611,0.0008524921058462727,0.004291190079868058,5862,6877337,105
cross_asset_target_free_conservative,1.0,0.25,simMed_test.mat,3e-05,low_rank_residual_k30,0.5239605361500035,0.0009601111249166191,0.005070018172655498,6602,6877337,105
cross_asset_target_free_conservative,1.0,0.25,simMed_test.mat,3e-05,raw,0.18160627999140647,0.00014250664763630603,0.0009009559295116513,980,6877337,105
cross_asset_target_free_conservative,1.0,0.25,simMed_test.mat,3e-05,tpsscs_finished_detector,0.6466145420385699,0.0010309288110406248,0.005192187285249607,7089,6877337,105
cross_asset_target_free_conservative,1.0,0.25,simMed_test.mat,0.0001,low_rank_residual_k30,0.594211644415595,0.0014257579872761026,0.007895178901394255,9804,6877337,105
cross_asset_target_free_conservative,1.0,0.25,simMed_test.mat,0.0001,raw,0.250506756769571,0.00042271621690726717,0.0022142137250710076,2907,6877337,105
cross_asset_target_free_conservative,1.0,0.25,simMed_test.mat,0.0001,tpsscs_finished_detector,0.7009194345002275,0.0014878502362916284,0.0080020768749141,10231,6877337,105
cross_asset_target_free_conservative,1.0,0.25,simMed_test.mat,0.0003,low_rank_residual_k30,0.6537447867743857,0.002177018231763093,0.012675045431638747,14970,6877337,105
cross_asset_target_free_conservative,1.0,0.25,simMed_test.mat,0.0003,raw,0.3203369562677633,0.0009715048995873241,0.004718565800323734,6681,6877337,105
cross_asset_target_free_conservative,1.0,0.25,simMed_test.mat,0.0003,tpsscs_finished_detector,0.7496290331944823,0.002232566461759633,0.012781943405158591,15352,6877337,105
cross_asset_target_free_conservative,1.0,0.25,simMed_test.mat,0.001,low_rank_residual_k30,0.7145158195692578,0.0038714936082983025,0.023088904498671473,26622,6877337,105
cross_asset_target_free_conservative,1.0,0.25,simMed_test.mat,0.001,raw,0.4041410413752089,0.002407599490845176,0.009192804568915493,16557,6877337,105
cross_asset_target_free_conservative,1.0,0.25,simMed_test.mat,0.001,tpsscs_finished_detector,0.7961005495875318,0.0039193344548661265,0.02319579757505421,26951,6877337,105
cross_asset_target_free_conservative,1.0,0.25,simMed_test.mat,0.003,low_rank_residual_k30,0.7584830392097079,0.007180283235227429,0.043581834285190725,49375,6877337,105
cross_asset_target_free_conservative,1.0,0.25,simMed_test.mat,0.003,raw,0.5108081157703395,0.005741608073148579,0.01727086705555386,39485,6877337,105
cross_asset_target_free_conservative,1.0,0.25,simMed_test.mat,0.003,tpsscs_finished_detector,0.8299333792601997,0.00722041661844033,0.04365818648260697,49651,6877337,105
cross_asset_target_free_conservative,1.0,0.25,simMed_test.mat,0.01,low_rank_residual_k30,0.8194471753841114,0.016178014540570374,0.09076749228842806,111249,6877337,105
cross_asset_target_free_conservative,1.0,0.25,simMed_test.mat,0.01,raw,0.6845606050330818,0.014851827714264533,0.03446696089061283,102136,6877337,105
cross_asset_target_free_conservative,1.0,0.25,simMed_test.mat,0.01,tpsscs_finished_detector,0.8805122675617398,0.016211022244717915,0.09082857404636105,111476,6877337,105
cross_asset_target_free_conservative,1.0,0.25,simWind_test.mat,1e-05,low_rank_residual_k30,0.537560630735548,0.0009025256280355355,0.005222490303270928,6206,6877337,105
cross_asset_target_free_conservative,1.0,0.25,simWind_test.mat,1e-05,raw,0.10686289059959145,2.573914078622439e-05,0.00013738570272786945,177,6877337,105
cross_asset_target_free_conservative,1.0,0.25,simWind_test.mat,1e-05,tpsscs_finished_detector,0.6350959216595494,0.0009445511666346736,0.0052835720612039215,6495,6877337,105
cross_asset_target_free_conservative,1.0,0.25,simWind_test.mat,3e-05,low_rank_residual_k30,0.5987721546658935,0.0013402571485429055,0.009192804568915493,9216,6877337,105
cross_asset_target_free_conservative,1.0,0.25,simWind_test.mat,3e-05,raw,0.15240196640730022,5.65676200198519e-05,0.0003358317177792364,389,6877337,105
cross_asset_target_free_conservative,1.0,0.25,simWind_test.mat,3e-05,tpsscs_finished_detector,0.6858862943978645,0.0013785018195054892,0.009253886326848487,9479,6877337,105
cross_asset_target_free_conservative,1.0,0.25,simWind_test.mat,0.0001,low_rank_residual_k30,0.666409106903147,0.0025052572361184324,0.02110374736584919,17227,6877337,105
cross_asset_target_free_conservative,1.0,0.25,simWind_test.mat,0.0001,raw,0.20795814347189331,0.00015413989206931148,0.0007479888259628448,1060,6877337,105
cross_asset_target_free_conservative,1.0,0.25,simWind_test.mat,0.0001,tpsscs_finished_detector,0.7423571530956755,0.0025372487247349814,0.021134288244815686,17447,6877337,105
cross_asset_target_free_conservative,1.0,0.25,simWind_test.mat,0.0003,low_rank_residual_k30,0.7239878116639831,0.0051128614450207215,0.04503252603609932,35158,6877337,105
cross_asset_target_free_conservative,1.0,0.25,simWind_test.mat,0.0003,raw,0.2680415385538572,0.00031830802580342575,0.0014807125738448151,2189,6877337,105
cross_asset_target_free_conservative,1.0,0.25,simWind_test.mat,0.0003,tpsscs_finished_detector,0.79011713644782,0.005142089946554252,0.04504779647558257,35359,6877337,105
cross_asset_target_free_conservative,1.0,0.25,simWind_test.mat,0.001,low_rank_residual_k30,0.7961369418971025,0.012541320010127113,0.10014354213114253,86240,6877337,105
cross_asset_target_free_conservative,1.0,0.25,simWind_test.mat,0.001,raw,0.3569554498857991,0.0009562307452415877,0.0038330559076401507,6576,6877337,105
cross_asset_target_free_conservative,1.0,0.25,simWind_test.mat,0.001,tpsscs_finished_detector,0.8544042742382313,0.012565458618133133,0.10015881257062578,86406,6877337,105
cross_asset_target_free_conservative,1.0,0.25,simWind_test.mat,0.003,low_rank_residual_k30,0.8382547250369429,0.02797951680064105,0.18323000335949668,192403,6877337,105
cross_asset_target_free_conservative,1.0,0.25,simWind_test.mat,0.003,raw,0.45712586483435036,0.002708008116244847,0.009403001022729007,18623,6877337,105
cross_asset_target_free_conservative,1.0,0.25,simWind_test.mat,0.003,tpsscs_finished_detector,0.8882300769379385,0.028000165208899887,0.18324527379897992,192545,6877337,105
cross_asset_target_free_conservative,1.0,0.25,simWind_test.mat,0.01,low_rank_residual_k30,0.8764059605670572,0.06767095280647582,0.32964297712488166,465353,6877337,105
cross_asset_target_free_conservative,1.0,0.25,simWind_test.mat,0.01,raw,0.6320794420726498,0.009203130425227003,0.024342195684376098,63290,6877337,105
cross_asset_target_free_conservative,1.0,0.25,simWind_test.mat,0.01,tpsscs_finished_detector,0.9190917938601201,0.0676886926505576,0.3296582475643649,465475,6877337,105
cross_asset_target_free_conservative,1.0,1.0,combined,1e-05,low_rank_residual_k30,0.513331233955522,0.0008391188176972804,0.005222490303270928,11540,13754674,210
cross_asset_target_free_conservative,1.0,1.0,combined,1e-05,raw,0.12220554283184845,4.544282647510391e-05,0.0004428427450142015,625,13754674,210
cross_asset_target_free_conservative,1.0,1.0,combined,1e-05,tpsscs_finished_detector,0.6279894192172374,0.0008985216362404732,0.0052835720612039215,12357,13754674,210
cross_asset_target_free_conservative,1.0,1.0,combined,3e-05,low_rank_residual_k30,0.5613663454079485,0.0011501841367297623,0.009192804568915493,15818,13754674,210
cross_asset_target_free_conservative,1.0,1.0,combined,3e-05,raw,0.16700412319935337,9.953713382807898e-05,0.0009009559295116513,1369,13754674,210
cross_asset_target_free_conservative,1.0,1.0,combined,3e-05,tpsscs_finished_detector,0.6659703061733994,0.001204715315273057,0.009253886326848487,16568,13754674,210
cross_asset_target_free_conservative,1.0,1.0,combined,0.0001,low_rank_residual_k30,0.630310375659371,0.001965507611697268,0.02110374736584919,27031,13754674,210
cross_asset_target_free_conservative,1.0,1.0,combined,0.0001,raw,0.22923245012073215,0.0002884280544882893,0.0022142137250710076,3967,13754674,210
cross_asset_target_free_conservative,1.0,1.0,combined,0.0001,tpsscs_finished_detector,0.7213581817531337,0.002012549480513305,0.021134288244815686,27678,13754674,210
cross_asset_target_free_conservative,1.0,1.0,combined,0.0003,low_rank_residual_k30,0.6888662992191843,0.0036449398383919074,0.04503252603609932,50128,13754674,210
cross_asset_target_free_conservative,1.0,1.0,combined,0.0003,raw,0.29418924741081026,0.0006449064626953748,0.004718565800323734,8870,13754674,210
cross_asset_target_free_conservative,1.0,1.0,combined,0.0003,tpsscs_finished_detector,0.7695929727763332,0.003687328204156943,0.04504779647558257,50711,13754674,210
cross_asset_target_free_conservative,1.0,1.0,combined,0.001,low_rank_residual_k30,0.7553263807331801,0.008206406809212708,0.10014354213114253,112862,13754674,210
cross_asset_target_free_conservative,1.0,1.0,combined,0.001,raw,0.380548245630504,0.001681915118043382,0.009192804568915493,23133,13754674,210
cross_asset_target_free_conservative,1.0,1.0,combined,0.001,tpsscs_finished_detector,0.8249722998680635,0.008242396536499629,0.10015881257062578,113357,13754674,210
cross_asset_target_free_conservative,1.0,1.0,combined,0.003,low_rank_residual_k30,0.7983688821233255,0.01757990001793424,0.18323000335949668,241778,13754674,210
cross_asset_target_free_conservative,1.0,1.0,combined,0.003,raw,0.48396699030234486,0.004224808094696713,0.01727086705555386,58108,13754674,210
cross_asset_target_free_conservative,1.0,1.0,combined,0.003,tpsscs_finished_detector,0.8588016160542511,0.01761029091367011,0.18324527379897992,242196,13754674,210
cross_asset_target_free_conservative,1.0,1.0,combined,0.01,low_rank_residual_k30,0.8479265679755843,0.041924483673523104,0.32964297712488166,576602,13754674,210
cross_asset_target_free_conservative,1.0,1.0,combined,0.01,raw,0.6583200235528658,0.012027479069745767,0.03446696089061283,165426,13754674,210
cross_asset_target_free_conservative,1.0,1.0,combined,0.01,tpsscs_finished_detector,0.899521918666112,0.04194985744763775,0.3296582475643649,576951,13754674,210
cross_asset_target_free_conservative,1.0,1.0,simMed_test.mat,1e-05,low_rank_residual_k30,0.48910183717549605,0.0007757120073590253,0.004153749828199685,5334,6877337,105
cross_asset_target_free_conservative,1.0,1.0,simMed_test.mat,1e-05,raw,0.13754819506410546,6.514651216398344e-05,0.0004428427450142015,448,6877337,105
cross_asset_target_free_conservative,1.0,1.0,simMed_test.mat,1e-05,tpsscs_finished_detector,0.6208829167749252,0.0008524921058462727,0.004291190079868058,5862,6877337,105
cross_asset_target_free_conservative,1.0,1.0,simMed_test.mat,3e-05,low_rank_residual_k30,0.5239605361500035,0.0009601111249166191,0.005070018172655498,6602,6877337,105
cross_asset_target_free_conservative,1.0,1.0,simMed_test.mat,3e-05,raw,0.18160627999140647,0.00014250664763630603,0.0009009559295116513,980,6877337,105
cross_asset_target_free_conservative,1.0,1.0,simMed_test.mat,3e-05,tpsscs_finished_detector,0.6460543179489341,0.0010309288110406248,0.005192187285249607,7089,6877337,105
cross_asset_target_free_conservative,1.0,1.0,simMed_test.mat,0.0001,low_rank_residual_k30,0.594211644415595,0.0014257579872761026,0.007895178901394255,9804,6877337,105
cross_asset_target_free_conservative,1.0,1.0,simMed_test.mat,0.0001,raw,0.250506756769571,0.00042271621690726717,0.0022142137250710076,2907,6877337,105
cross_asset_target_free_conservative,1.0,1.0,simMed_test.mat,0.0001,tpsscs_finished_detector,0.7003592104105918,0.0014878502362916284,0.0080020768749141,10231,6877337,105
cross_asset_target_free_conservative,1.0,1.0,simMed_test.mat,0.0003,low_rank_residual_k30,0.6537447867743857,0.002177018231763093,0.012675045431638747,14970,6877337,105
cross_asset_target_free_conservative,1.0,1.0,simMed_test.mat,0.0003,raw,0.3203369562677633,0.0009715048995873241,0.004718565800323734,6681,6877337,105
cross_asset_target_free_conservative,1.0,1.0,simMed_test.mat,0.0003,tpsscs_finished_detector,0.7490688091048463,0.002232566461759633,0.012781943405158591,15352,6877337,105
cross_asset_target_free_conservative,1.0,1.0,simMed_test.mat,0.001,low_rank_residual_k30,0.7145158195692578,0.0038714936082983025,0.023088904498671473,26622,6877337,105
cross_asset_target_free_conservative,1.0,1.0,simMed_test.mat,0.001,raw,0.4041410413752089,0.002407599490845176,0.009192804568915493,16557,6877337,105
cross_asset_target_free_conservative,1.0,1.0,simMed_test.mat,0.001,tpsscs_finished_detector,0.795540325497896,0.0039193344548661265,0.02319579757505421,26951,6877337,105
cross_asset_target_free_conservative,1.0,1.0,simMed_test.mat,0.003,low_rank_residual_k30,0.7584830392097079,0.007180283235227429,0.043581834285190725,49375,6877337,105
cross_asset_target_free_conservative,1.0,1.0,simMed_test.mat,0.003,raw,0.5108081157703395,0.005741608073148579,0.01727086705555386,39485,6877337,105
cross_asset_target_free_conservative,1.0,1.0,simMed_test.mat,0.003,tpsscs_finished_detector,0.8293731551705639,0.00722041661844033,0.04365818648260697,49651,6877337,105
cross_asset_target_free_conservative,1.0,1.0,simMed_test.mat,0.01,low_rank_residual_k30,0.8194471753841114,0.016178014540570374,0.09076749228842806,111249,6877337,105
cross_asset_target_free_conservative,1.0,1.0,simMed_test.mat,0.01,raw,0.6845606050330818,0.014851827714264533,0.03446696089061283,102136,6877337,105
cross_asset_target_free_conservative,1.0,1.0,simMed_test.mat,0.01,tpsscs_finished_detector,0.879952043472104,0.016211022244717915,0.09082857404636105,111476,6877337,105
cross_asset_target_free_conservative,1.0,1.0,simWind_test.mat,1e-05,low_rank_residual_k30,0.537560630735548,0.0009025256280355355,0.005222490303270928,6206,6877337,105
cross_asset_target_free_conservative,1.0,1.0,simWind_test.mat,1e-05,raw,0.10686289059959145,2.573914078622439e-05,0.00013738570272786945,177,6877337,105
cross_asset_target_free_conservative,1.0,1.0,simWind_test.mat,1e-05,tpsscs_finished_detector,0.6350959216595494,0.0009445511666346736,0.0052835720612039215,6495,6877337,105
cross_asset_target_free_conservative,1.0,1.0,simWind_test.mat,3e-05,low_rank_residual_k30,0.5987721546658935,0.0013402571485429055,0.009192804568915493,9216,6877337,105
cross_asset_target_free_conservative,1.0,1.0,simWind_test.mat,3e-05,raw,0.15240196640730022,5.65676200198519e-05,0.0003358317177792364,389,6877337,105
cross_asset_target_free_conservative,1.0,1.0,simWind_test.mat,3e-05,tpsscs_finished_detector,0.6858862943978645,0.0013785018195054892,0.009253886326848487,9479,6877337,105
cross_asset_target_free_conservative,1.0,1.0,simWind_test.mat,0.0001,low_rank_residual_k30,0.666409106903147,0.0025052572361184324,0.02110374736584919,17227,6877337,105
cross_asset_target_free_conservative,1.0,1.0,simWind_test.mat,0.0001,raw,0.20795814347189331,0.00015413989206931148,0.0007479888259628448,1060,6877337,105
cross_asset_target_free_conservative,1.0,1.0,simWind_test.mat,0.0001,tpsscs_finished_detector,0.7423571530956755,0.0025372487247349814,0.021134288244815686,17447,6877337,105
cross_asset_target_free_conservative,1.0,1.0,simWind_test.mat,0.0003,low_rank_residual_k30,0.7239878116639831,0.0051128614450207215,0.04503252603609932,35158,6877337,105
cross_asset_target_free_conservative,1.0,1.0,simWind_test.mat,0.0003,raw,0.2680415385538572,0.00031830802580342575,0.0014807125738448151,2189,6877337,105
cross_asset_target_free_conservative,1.0,1.0,simWind_test.mat,0.0003,tpsscs_finished_detector,0.79011713644782,0.005142089946554252,0.04504779647558257,35359,6877337,105
cross_asset_target_free_conservative,1.0,1.0,simWind_test.mat,0.001,low_rank_residual_k30,0.7961369418971025,0.012541320010127113,0.10014354213114253,86240,6877337,105
cross_asset_target_free_conservative,1.0,1.0,simWind_test.mat,0.001,raw,0.3569554498857991,0.0009562307452415877,0.0038330559076401507,6576,6877337,105
cross_asset_target_free_conservative,1.0,1.0,simWind_test.mat,0.001,tpsscs_finished_detector,0.8544042742382313,0.012565458618133133,0.10015881257062578,86406,6877337,105
cross_asset_target_free_conservative,1.0,1.0,simWind_test.mat,0.003,low_rank_residual_k30,0.8382547250369429,0.02797951680064105,0.18323000335949668,192403,6877337,105
cross_asset_target_free_conservative,1.0,1.0,simWind_test.mat,0.003,raw,0.45712586483435036,0.002708008116244847,0.009403001022729007,18623,6877337,105
cross_asset_target_free_conservative,1.0,1.0,simWind_test.mat,0.003,tpsscs_finished_detector,0.8882300769379385,0.028000165208899887,0.18324527379897992,192545,6877337,105
cross_asset_target_free_conservative,1.0,1.0,simWind_test.mat,0.01,low_rank_residual_k30,0.8764059605670572,0.06767095280647582,0.32964297712488166,465353,6877337,105
cross_asset_target_free_conservative,1.0,1.0,simWind_test.mat,0.01,raw,0.6320794420726498,0.009203130425227003,0.024342195684376098,63290,6877337,105
cross_asset_target_free_conservative,1.0,1.0,simWind_test.mat,0.01,tpsscs_finished_detector,0.9190917938601201,0.0676886926505576,0.3296582475643649,465475,6877337,105
cross_asset_target_free_conservative,1.0,4.0,combined,1e-05,low_rank_residual_k30,0.513331233955522,0.0008391188176972804,0.005222490303270928,11540,13754674,210
cross_asset_target_free_conservative,1.0,4.0,combined,1e-05,raw,0.12220554283184845,4.544282647510391e-05,0.0004428427450142015,625,13754674,210
cross_asset_target_free_conservative,1.0,4.0,combined,1e-05,tpsscs_finished_detector,0.6277373183769013,0.0008979399351772772,0.0052835720612039215,12349,13754674,210
cross_asset_target_free_conservative,1.0,4.0,combined,3e-05,low_rank_residual_k30,0.5613663454079485,0.0011501841367297623,0.009192804568915493,15818,13754674,210
cross_asset_target_free_conservative,1.0,4.0,combined,3e-05,raw,0.16700412319935337,9.953713382807898e-05,0.0009009559295116513,1369,13754674,210
cross_asset_target_free_conservative,1.0,4.0,combined,3e-05,tpsscs_finished_detector,0.6657182053330631,0.0012041336142098612,0.009253886326848487,16560,13754674,210
cross_asset_target_free_conservative,1.0,4.0,combined,0.0001,low_rank_residual_k30,0.630310375659371,0.001965507611697268,0.02110374736584919,27031,13754674,210
cross_asset_target_free_conservative,1.0,4.0,combined,0.0001,raw,0.22923245012073215,0.0002884280544882893,0.0022142137250710076,3967,13754674,210
cross_asset_target_free_conservative,1.0,4.0,combined,0.0001,tpsscs_finished_detector,0.7211994515944036,0.0020120405102668107,0.021134288244815686,27671,13754674,210
cross_asset_target_free_conservative,1.0,4.0,combined,0.0003,low_rank_residual_k30,0.6888662992191843,0.0036449398383919074,0.04503252603609932,50128,13754674,210
cross_asset_target_free_conservative,1.0,4.0,combined,0.0003,raw,0.29418924741081026,0.0006449064626953748,0.004718565800323734,8870,13754674,210
cross_asset_target_free_conservative,1.0,4.0,combined,0.0003,tpsscs_finished_detector,0.7694342426176031,0.0036868192339104488,0.04504779647558257,50704,13754674,210
cross_asset_target_free_conservative,1.0,4.0,combined,0.001,low_rank_residual_k30,0.7553263807331801,0.008206406809212708,0.10014354213114253,112862,13754674,210
cross_asset_target_free_conservative,1.0,4.0,combined,0.001,raw,0.380548245630504,0.001681915118043382,0.009192804568915493,23133,13754674,210
cross_asset_target_free_conservative,1.0,4.0,combined,0.001,tpsscs_finished_detector,0.8248135697093334,0.008241887566253134,0.10015881257062578,113350,13754674,210
cross_asset_target_free_conservative,1.0,4.0,combined,0.003,low_rank_residual_k30,0.7983688821233255,0.01757990001793424,0.18323000335949668,241778,13754674,210
cross_asset_target_free_conservative,1.0,4.0,combined,0.003,raw,0.48396699030234486,0.004224808094696713,0.01727086705555386,58108,13754674,210
cross_asset_target_free_conservative,1.0,4.0,combined,0.003,tpsscs_finished_detector,0.858642885895521,0.017609781943423615,0.18324527379897992,242189,13754674,210
cross_asset_target_free_conservative,1.0,4.0,combined,0.01,low_rank_residual_k30,0.8479265679755843,0.041924483673523104,0.32964297712488166,576602,13754674,210
cross_asset_target_free_conservative,1.0,4.0,combined,0.01,raw,0.6583200235528658,0.012027479069745767,0.03446696089061283,165426,13754674,210
cross_asset_target_free_conservative,1.0,4.0,combined,0.01,tpsscs_finished_detector,0.899521918666112,0.04194934847739126,0.3296582475643649,576944,13754674,210
cross_asset_target_free_conservative,1.0,4.0,simMed_test.mat,1e-05,low_rank_residual_k30,0.48910183717549605,0.0007757120073590253,0.004153749828199685,5334,6877337,105
cross_asset_target_free_conservative,1.0,4.0,simMed_test.mat,1e-05,raw,0.13754819506410546,6.514651216398344e-05,0.0004428427450142015,448,6877337,105
cross_asset_target_free_conservative,1.0,4.0,simMed_test.mat,1e-05,tpsscs_finished_detector,0.620378715094253,0.0008516196158790152,0.004275918940793794,5856,6877337,105
cross_asset_target_free_conservative,1.0,4.0,simMed_test.mat,3e-05,low_rank_residual_k30,0.5239605361500035,0.0009601111249166191,0.005070018172655498,6602,6877337,105
cross_asset_target_free_conservative,1.0,4.0,simMed_test.mat,3e-05,raw,0.18160627999140647,0.00014250664763630603,0.0009009559295116513,980,6877337,105
cross_asset_target_free_conservative,1.0,4.0,simMed_test.mat,3e-05,tpsscs_finished_detector,0.6455501162682619,0.0010300563210733672,0.005176916146175343,7083,6877337,105
cross_asset_target_free_conservative,1.0,4.0,simMed_test.mat,0.0001,low_rank_residual_k30,0.594211644415595,0.0014257579872761026,0.007895178901394255,9804,6877337,105
cross_asset_target_free_conservative,1.0,4.0,simMed_test.mat,0.0001,raw,0.250506756769571,0.00042271621690726717,0.0022142137250710076,2907,6877337,105
cross_asset_target_free_conservative,1.0,4.0,simMed_test.mat,0.0001,tpsscs_finished_detector,0.7000417500931313,0.001486977746324371,0.007986805735839837,10225,6877337,105
cross_asset_target_free_conservative,1.0,4.0,simMed_test.mat,0.0003,low_rank_residual_k30,0.6537447867743857,0.002177018231763093,0.012675045431638747,14970,6877337,105
cross_asset_target_free_conservative,1.0,4.0,simMed_test.mat,0.0003,raw,0.3203369562677633,0.0009715048995873241,0.004718565800323734,6681,6877337,105
cross_asset_target_free_conservative,1.0,4.0,simMed_test.mat,0.0003,tpsscs_finished_detector,0.748751348787386,0.0022316939717923756,0.012766672266084328,15346,6877337,105
cross_asset_target_free_conservative,1.0,4.0,simMed_test.mat,0.001,low_rank_residual_k30,0.7145158195692578,0.0038714936082983025,0.023088904498671473,26622,6877337,105
cross_asset_target_free_conservative,1.0,4.0,simMed_test.mat,0.001,raw,0.4041410413752089,0.002407599490845176,0.009192804568915493,16557,6877337,105
cross_asset_target_free_conservative,1.0,4.0,simMed_test.mat,0.001,tpsscs_finished_detector,0.7952228651804357,0.003918461964898869,0.02319579757505421,26945,6877337,105
cross_asset_target_free_conservative,1.0,4.0,simMed_test.mat,0.003,low_rank_residual_k30,0.7584830392097079,0.007180283235227429,0.043581834285190725,49375,6877337,105
cross_asset_target_free_conservative,1.0,4.0,simMed_test.mat,0.003,raw,0.5108081157703395,0.005741608073148579,0.01727086705555386,39485,6877337,105
cross_asset_target_free_conservative,1.0,4.0,simMed_test.mat,0.003,tpsscs_finished_detector,0.8290556948531036,0.007219544128473072,0.04365818648260697,49645,6877337,105
cross_asset_target_free_conservative,1.0,4.0,simMed_test.mat,0.01,low_rank_residual_k30,0.8194471753841114,0.016178014540570374,0.09076749228842806,111249,6877337,105
cross_asset_target_free_conservative,1.0,4.0,simMed_test.mat,0.01,raw,0.6845606050330818,0.014851827714264533,0.03446696089061283,102136,6877337,105
cross_asset_target_free_conservative,1.0,4.0,simMed_test.mat,0.01,tpsscs_finished_detector,0.879952043472104,0.01621014975475066,0.09082857404636105,111470,6877337,105
cross_asset_target_free_conservative,1.0,4.0,simWind_test.mat,1e-05,low_rank_residual_k30,0.537560630735548,0.0009025256280355355,0.005222490303270928,6206,6877337,105
cross_asset_target_free_conservative,1.0,4.0,simWind_test.mat,1e-05,raw,0.10686289059959145,2.573914078622439e-05,0.00013738570272786945,177,6877337,105
cross_asset_target_free_conservative,1.0,4.0,simWind_test.mat,1e-05,tpsscs_finished_detector,0.6350959216595494,0.0009442602544755395,0.0052835720612039215,6493,6877337,105
cross_asset_target_free_conservative,1.0,4.0,simWind_test.mat,3e-05,low_rank_residual_k30,0.5987721546658935,0.0013402571485429055,0.009192804568915493,9216,6877337,105
cross_asset_target_free_conservative,1.0,4.0,simWind_test.mat,3e-05,raw,0.15240196640730022,5.65676200198519e-05,0.0003358317177792364,389,6877337,105
cross_asset_target_free_conservative,1.0,4.0,simWind_test.mat,3e-05,tpsscs_finished_detector,0.6858862943978645,0.001378210907346355,0.009253886326848487,9477,6877337,105
cross_asset_target_free_conservative,1.0,4.0,simWind_test.mat,0.0001,low_rank_residual_k30,0.666409106903147,0.0025052572361184324,0.02110374736584919,17227,6877337,105
cross_asset_target_free_conservative,1.0,4.0,simWind_test.mat,0.0001,raw,0.20795814347189331,0.00015413989206931148,0.0007479888259628448,1060,6877337,105
cross_asset_target_free_conservative,1.0,4.0,simWind_test.mat,0.0001,tpsscs_finished_detector,0.7423571530956755,0.002537103274209251,0.021134288244815686,17446,6877337,105
cross_asset_target_free_conservative,1.0,4.0,simWind_test.mat,0.0003,low_rank_residual_k30,0.7239878116639831,0.0051128614450207215,0.04503252603609932,35158,6877337,105
cross_asset_target_free_conservative,1.0,4.0,simWind_test.mat,0.0003,raw,0.2680415385538572,0.00031830802580342575,0.0014807125738448151,2189,6877337,105
cross_asset_target_free_conservative,1.0,4.0,simWind_test.mat,0.0003,tpsscs_finished_detector,0.79011713644782,0.005141944496028522,0.04504779647558257,35358,6877337,105
cross_asset_target_free_conservative,1.0,4.0,simWind_test.mat,0.001,low_rank_residual_k30,0.7961369418971025,0.012541320010127113,0.10014354213114253,86240,6877337,105
cross_asset_target_free_conservative,1.0,4.0,simWind_test.mat,0.001,raw,0.3569554498857991,0.0009562307452415877,0.0038330559076401507,6576,6877337,105
cross_asset_target_free_conservative,1.0,4.0,simWind_test.mat,0.001,tpsscs_finished_detector,0.8544042742382313,0.0125653131676074,0.10015881257062578,86405,6877337,105
cross_asset_target_free_conservative,1.0,4.0,simWind_test.mat,0.003,low_rank_residual_k30,0.8382547250369429,0.02797951680064105,0.18323000335949668,192403,6877337,105
cross_asset_target_free_conservative,1.0,4.0,simWind_test.mat,0.003,raw,0.45712586483435036,0.002708008116244847,0.009403001022729007,18623,6877337,105
cross_asset_target_free_conservative,1.0,4.0,simWind_test.mat,0.003,tpsscs_finished_detector,0.8882300769379385,0.028000019758374156,0.18324527379897992,192544,6877337,105
cross_asset_target_free_conservative,1.0,4.0,simWind_test.mat,0.01,low_rank_residual_k30,0.8764059605670572,0.06767095280647582,0.32964297712488166,465353,6877337,105
cross_asset_target_free_conservative,1.0,4.0,simWind_test.mat,0.01,raw,0.6320794420726498,0.009203130425227003,0.024342195684376098,63290,6877337,105
cross_asset_target_free_conservative,1.0,4.0,simWind_test.mat,0.01,tpsscs_finished_detector,0.9190917938601201,0.06768854720003187,0.3296582475643649,465474,6877337,105
cross_asset_target_free_conservative,1.0,16.0,combined,1e-05,low_rank_residual_k30,0.513331233955522,0.0008391188176972804,0.005222490303270928,11540,13754674,210
cross_asset_target_free_conservative,1.0,16.0,combined,1e-05,raw,0.12220554283184845,4.544282647510391e-05,0.0004428427450142015,625,13754674,210
cross_asset_target_free_conservative,1.0,16.0,combined,1e-05,tpsscs_finished_detector,0.6270568417692063,0.0008953952859188802,0.0052835720612039215,12314,13754674,210
cross_asset_target_free_conservative,1.0,16.0,combined,3e-05,low_rank_residual_k30,0.5613663454079485,0.0011501841367297623,0.009192804568915493,15818,13754674,210
cross_asset_target_free_conservative,1.0,16.0,combined,3e-05,raw,0.16700412319935337,9.953713382807898e-05,0.0009009559295116513,1369,13754674,210
cross_asset_target_free_conservative,1.0,16.0,combined,3e-05,tpsscs_finished_detector,0.6653551890428285,0.0012016616668974768,0.009253886326848487,16526,13754674,210
cross_asset_target_free_conservative,1.0,16.0,combined,0.0001,low_rank_residual_k30,0.630310375659371,0.001965507611697268,0.02110374736584919,27031,13754674,210
cross_asset_target_free_conservative,1.0,16.0,combined,0.0001,raw,0.22923245012073215,0.0002884280544882893,0.0022142137250710076,3967,13754674,210
cross_asset_target_free_conservative,1.0,16.0,combined,0.0001,tpsscs_finished_detector,0.7210253706625958,0.0020099321315275136,0.021134288244815686,27642,13754674,210
cross_asset_target_free_conservative,1.0,16.0,combined,0.0003,low_rank_residual_k30,0.6888662992191843,0.0036449398383919074,0.04503252603609932,50128,13754674,210
cross_asset_target_free_conservative,1.0,16.0,combined,0.0003,raw,0.29418924741081026,0.0006449064626953748,0.004718565800323734,8870,13754674,210
cross_asset_target_free_conservative,1.0,16.0,combined,0.0003,tpsscs_finished_detector,0.7693535323674012,0.0036849289554613893,0.04504779647558257,50678,13754674,210
cross_asset_target_free_conservative,1.0,16.0,combined,0.001,low_rank_residual_k30,0.7553263807331801,0.008206406809212708,0.10014354213114253,112862,13754674,210
cross_asset_target_free_conservative,1.0,16.0,combined,0.001,raw,0.380548245630504,0.001681915118043382,0.009192804568915493,23133,13754674,210
cross_asset_target_free_conservative,1.0,16.0,combined,0.001,tpsscs_finished_detector,0.8247328594591317,0.008240215403640677,0.10015881257062578,113327,13754674,210
cross_asset_target_free_conservative,1.0,16.0,combined,0.003,low_rank_residual_k30,0.7983688821233255,0.01757990001793424,0.18323000335949668,241778,13754674,210
cross_asset_target_free_conservative,1.0,16.0,combined,0.003,raw,0.48396699030234486,0.004224808094696713,0.01727086705555386,58108,13754674,210
cross_asset_target_free_conservative,1.0,16.0,combined,0.003,tpsscs_finished_detector,0.858642885895521,0.017608400588599717,0.18324527379897992,242170,13754674,210
cross_asset_target_free_conservative,1.0,16.0,combined,0.01,low_rank_residual_k30,0.8479265679755843,0.041924483673523104,0.32964297712488166,576602,13754674,210
cross_asset_target_free_conservative,1.0,16.0,combined,0.01,raw,0.6583200235528658,0.012027479069745767,0.03446696089061283,165426,13754674,210
cross_asset_target_free_conservative,1.0,16.0,combined,0.01,tpsscs_finished_detector,0.899521918666112,0.04194833065784463,0.3296582475643649,576930,13754674,210
cross_asset_target_free_conservative,1.0,16.0,simMed_test.mat,1e-05,low_rank_residual_k30,0.48910183717549605,0.0007757120073590253,0.004153749828199685,5334,6877337,105
cross_asset_target_free_conservative,1.0,16.0,simMed_test.mat,1e-05,raw,0.13754819506410546,6.514651216398344e-05,0.0004428427450142015,448,6877337,105
cross_asset_target_free_conservative,1.0,16.0,simMed_test.mat,1e-05,tpsscs_finished_detector,0.619017761878863,0.0008479844429338252,0.004275918940793794,5831,6877337,105
cross_asset_target_free_conservative,1.0,16.0,simMed_test.mat,3e-05,low_rank_residual_k30,0.5239605361500035,0.0009601111249166191,0.005070018172655498,6602,6877337,105
cross_asset_target_free_conservative,1.0,16.0,simMed_test.mat,3e-05,raw,0.18160627999140647,0.00014250664763630603,0.0009009559295116513,980,6877337,105
cross_asset_target_free_conservative,1.0,16.0,simMed_test.mat,3e-05,tpsscs_finished_detector,0.6448240836877925,0.0010264211481281773,0.005176916146175343,7058,6877337,105
cross_asset_target_free_conservative,1.0,16.0,simMed_test.mat,0.0001,low_rank_residual_k30,0.594211644415595,0.0014257579872761026,0.007895178901394255,9804,6877337,105
cross_asset_target_free_conservative,1.0,16.0,simMed_test.mat,0.0001,raw,0.250506756769571,0.00042271621690726717,0.0022142137250710076,2907,6877337,105
cross_asset_target_free_conservative,1.0,16.0,simMed_test.mat,0.0001,tpsscs_finished_detector,0.6996935882295159,0.0014839242933124652,0.007986805735839837,10204,6877337,105
cross_asset_target_free_conservative,1.0,16.0,simMed_test.mat,0.0003,low_rank_residual_k30,0.6537447867743857,0.002177018231763093,0.012675045431638747,14970,6877337,105
cross_asset_target_free_conservative,1.0,16.0,simMed_test.mat,0.0003,raw,0.3203369562677633,0.0009715048995873241,0.004718565800323734,6681,6877337,105
cross_asset_target_free_conservative,1.0,16.0,simMed_test.mat,0.0003,tpsscs_finished_detector,0.7485899282869825,0.0022289313199086655,0.012766672266084328,15327,6877337,105
cross_asset_target_free_conservative,1.0,16.0,simMed_test.mat,0.001,low_rank_residual_k30,0.7145158195692578,0.0038714936082983025,0.023088904498671473,26622,6877337,105
cross_asset_target_free_conservative,1.0,16.0,simMed_test.mat,0.001,raw,0.4041410413752089,0.002407599490845176,0.009192804568915493,16557,6877337,105
cross_asset_target_free_conservative,1.0,16.0,simMed_test.mat,0.001,tpsscs_finished_detector,0.7950614446800321,0.003915990096383964,0.02319579757505421,26928,6877337,105
cross_asset_target_free_conservative,1.0,16.0,simMed_test.mat,0.003,low_rank_residual_k30,0.7584830392097079,0.007180283235227429,0.043581834285190725,49375,6877337,105
cross_asset_target_free_conservative,1.0,16.0,simMed_test.mat,0.003,raw,0.5108081157703395,0.005741608073148579,0.01727086705555386,39485,6877337,105
cross_asset_target_free_conservative,1.0,16.0,simMed_test.mat,0.003,tpsscs_finished_detector,0.8290556948531036,0.007217653875535287,0.04365818648260697,49632,6877337,105
cross_asset_target_free_conservative,1.0,16.0,simMed_test.mat,0.01,low_rank_residual_k30,0.8194471753841114,0.016178014540570374,0.09076749228842806,111249,6877337,105
cross_asset_target_free_conservative,1.0,16.0,simMed_test.mat,0.01,raw,0.6845606050330818,0.014851827714264533,0.03446696089061283,102136,6877337,105
cross_asset_target_free_conservative,1.0,16.0,simMed_test.mat,0.01,tpsscs_finished_detector,0.879952043472104,0.016208986572367398,0.09082857404636105,111462,6877337,105
cross_asset_target_free_conservative,1.0,16.0,simWind_test.mat,1e-05,low_rank_residual_k30,0.537560630735548,0.0009025256280355355,0.005222490303270928,6206,6877337,105
cross_asset_target_free_conservative,1.0,16.0,simWind_test.mat,1e-05,raw,0.10686289059959145,2.573914078622439e-05,0.00013738570272786945,177,6877337,105
cross_asset_target_free_conservative,1.0,16.0,simWind_test.mat,1e-05,tpsscs_finished_detector,0.6350959216595494,0.0009428061289039349,0.0052835720612039215,6483,6877337,105
cross_asset_target_free_conservative,1.0,16.0,simWind_test.mat,3e-05,low_rank_residual_k30,0.5987721546658935,0.0013402571485429055,0.009192804568915493,9216,6877337,105
cross_asset_target_free_conservative,1.0,16.0,simWind_test.mat,3e-05,raw,0.15240196640730022,5.65676200198519e-05,0.0003358317177792364,389,6877337,105
cross_asset_target_free_conservative,1.0,16.0,simWind_test.mat,3e-05,tpsscs_finished_detector,0.6858862943978645,0.0013769021856667764,0.009253886326848487,9468,6877337,105
cross_asset_target_free_conservative,1.0,16.0,simWind_test.mat,0.0001,low_rank_residual_k30,0.666409106903147,0.0025052572361184324,0.02110374736584919,17227,6877337,105
cross_asset_target_free_conservative,1.0,16.0,simWind_test.mat,0.0001,raw,0.20795814347189331,0.00015413989206931148,0.0007479888259628448,1060,6877337,105
cross_asset_target_free_conservative,1.0,16.0,simWind_test.mat,0.0001,tpsscs_finished_detector,0.7423571530956755,0.0025359399697425624,0.021134288244815686,17438,6877337,105
cross_asset_target_free_conservative,1.0,16.0,simWind_test.mat,0.0003,low_rank_residual_k30,0.7239878116639831,0.0051128614450207215,0.04503252603609932,35158,6877337,105
cross_asset_target_free_conservative,1.0,16.0,simWind_test.mat,0.0003,raw,0.2680415385538572,0.00031830802580342575,0.0014807125738448151,2189,6877337,105
cross_asset_target_free_conservative,1.0,16.0,simWind_test.mat,0.0003,tpsscs_finished_detector,0.79011713644782,0.005140926591014113,0.04504779647558257,35351,6877337,105
cross_asset_target_free_conservative,1.0,16.0,simWind_test.mat,0.001,low_rank_residual_k30,0.7961369418971025,0.012541320010127113,0.10014354213114253,86240,6877337,105
cross_asset_target_free_conservative,1.0,16.0,simWind_test.mat,0.001,raw,0.3569554498857991,0.0009562307452415877,0.0038330559076401507,6576,6877337,105
cross_asset_target_free_conservative,1.0,16.0,simWind_test.mat,0.001,tpsscs_finished_detector,0.8544042742382313,0.012564440710897391,0.10015881257062578,86399,6877337,105
cross_asset_target_free_conservative,1.0,16.0,simWind_test.mat,0.003,low_rank_residual_k30,0.8382547250369429,0.02797951680064105,0.18323000335949668,192403,6877337,105
cross_asset_target_free_conservative,1.0,16.0,simWind_test.mat,0.003,raw,0.45712586483435036,0.002708008116244847,0.009403001022729007,18623,6877337,105
cross_asset_target_free_conservative,1.0,16.0,simWind_test.mat,0.003,tpsscs_finished_detector,0.8882300769379385,0.027999147301664147,0.18324527379897992,192538,6877337,105
cross_asset_target_free_conservative,1.0,16.0,simWind_test.mat,0.01,low_rank_residual_k30,0.8764059605670572,0.06767095280647582,0.32964297712488166,465353,6877337,105
cross_asset_target_free_conservative,1.0,16.0,simWind_test.mat,0.01,raw,0.6320794420726498,0.009203130425227003,0.024342195684376098,63290,6877337,105
cross_asset_target_free_conservative,1.0,16.0,simWind_test.mat,0.01,tpsscs_finished_detector,0.9190917938601201,0.06768767474332187,0.3296582475643649,465468,6877337,105
cross_asset_target_free_conservative,1.0,64.0,combined,1e-05,low_rank_residual_k30,0.513331233955522,0.0008391188176972804,0.005222490303270928,11540,13754674,210
cross_asset_target_free_conservative,1.0,64.0,combined,1e-05,raw,0.12220554283184845,4.544282647510391e-05,0.0004428427450142015,625,13754674,210
cross_asset_target_free_conservative,1.0,64.0,combined,1e-05,tpsscs_finished_detector,0.6215886018725908,0.000887615787738916,0.0052835720612039215,12207,13754674,210
cross_asset_target_free_conservative,1.0,64.0,combined,3e-05,low_rank_residual_k30,0.5613663454079485,0.0011501841367297623,0.009192804568915493,15818,13754674,210
cross_asset_target_free_conservative,1.0,64.0,combined,3e-05,raw,0.16700412319935337,9.953713382807898e-05,0.0009009559295116513,1369,13754674,210
cross_asset_target_free_conservative,1.0,64.0,combined,3e-05,tpsscs_finished_detector,0.6602251915057321,0.0011944639041981796,0.009253886326848487,16427,13754674,210
cross_asset_target_free_conservative,1.0,64.0,combined,0.0001,low_rank_residual_k30,0.630310375659371,0.001965507611697268,0.02110374736584919,27031,13754674,210
cross_asset_target_free_conservative,1.0,64.0,combined,0.0001,raw,0.22923245012073215,0.0002884280544882893,0.0022142137250710076,3967,13754674,210
cross_asset_target_free_conservative,1.0,64.0,combined,0.0001,tpsscs_finished_detector,0.7162735063607754,0.00200367954743181,0.021134288244815686,27556,13754674,210
cross_asset_target_free_conservative,1.0,64.0,combined,0.0003,low_rank_residual_k30,0.6888662992191843,0.0036449398383919074,0.04503252603609932,50128,13754674,210
cross_asset_target_free_conservative,1.0,64.0,combined,0.0003,raw,0.29418924741081026,0.0006449064626953748,0.004718565800323734,8870,13754674,210
cross_asset_target_free_conservative,1.0,64.0,combined,0.0003,tpsscs_finished_detector,0.7652323715324425,0.0036794034807741106,0.04504779647558257,50602,13754674,210
cross_asset_target_free_conservative,1.0,64.0,combined,0.001,low_rank_residual_k30,0.7553263807331801,0.008206406809212708,0.10014354213114253,112862,13754674,210
cross_asset_target_free_conservative,1.0,64.0,combined,0.001,raw,0.380548245630504,0.001681915118043382,0.009192804568915493,23133,13754674,210
cross_asset_target_free_conservative,1.0,64.0,combined,0.001,tpsscs_finished_detector,0.8215911808128361,0.00823599867836582,0.10015881257062578,113269,13754674,210
cross_asset_target_free_conservative,1.0,64.0,combined,0.003,low_rank_residual_k30,0.7983688821233255,0.01757990001793424,0.18323000335949668,241778,13754674,210
cross_asset_target_free_conservative,1.0,64.0,combined,0.003,raw,0.48396699030234486,0.004224808094696713,0.01727086705555386,58108,13754674,210
cross_asset_target_free_conservative,1.0,64.0,combined,0.003,tpsscs_finished_detector,0.856008731586151,0.017605274541297997,0.18324527379897992,242127,13754674,210
cross_asset_target_free_conservative,1.0,64.0,combined,0.01,low_rank_residual_k30,0.8479265679755843,0.041924483673523104,0.32964297712488166,576602,13754674,210
cross_asset_target_free_conservative,1.0,64.0,combined,0.01,raw,0.6583200235528658,0.012027479069745767,0.03446696089061283,165426,13754674,210
cross_asset_target_free_conservative,1.0,64.0,combined,0.01,tpsscs_finished_detector,0.8971996146685921,0.04194571357413286,0.3296582475643649,576894,13754674,210
cross_asset_target_free_conservative,1.0,64.0,simMed_test.mat,1e-05,low_rank_residual_k30,0.48910183717549605,0.0007757120073590253,0.004153749828199685,5334,6877337,105
cross_asset_target_free_conservative,1.0,64.0,simMed_test.mat,1e-05,raw,0.13754819506410546,6.514651216398344e-05,0.0004428427450142015,448,6877337,105
cross_asset_target_free_conservative,1.0,64.0,simMed_test.mat,1e-05,tpsscs_finished_detector,0.6131476490208254,0.000836351544968185,0.00426064780171953,5751,6877337,105
cross_asset_target_free_conservative,1.0,64.0,simMed_test.mat,3e-05,low_rank_residual_k30,0.5239605361500035,0.0009601111249166191,0.005070018172655498,6602,6877337,105
cross_asset_target_free_conservative,1.0,64.0,simMed_test.mat,3e-05,raw,0.18160627999140647,0.00014250664763630603,0.0009009559295116513,980,6877337,105
cross_asset_target_free_conservative,1.0,64.0,simMed_test.mat,3e-05,tpsscs_finished_detector,0.6393730552913927,0.0010153700100695353,0.00516164500710108,6982,6877337,105
cross_asset_target_free_conservative,1.0,64.0,simMed_test.mat,0.0001,low_rank_residual_k30,0.594211644415595,0.0014257579872761026,0.007895178901394255,9804,6877337,105
cross_asset_target_free_conservative,1.0,64.0,simMed_test.mat,0.0001,raw,0.250506756769571,0.00042271621690726717,0.0022142137250710076,2907,6877337,105
cross_asset_target_free_conservative,1.0,64.0,simMed_test.mat,0.0001,tpsscs_finished_detector,0.6947414260462679,0.0014741818924418396,0.007971534596765573,10137,6877337,105
cross_asset_target_free_conservative,1.0,64.0,simMed_test.mat,0.0003,low_rank_residual_k30,0.6537447867743857,0.002177018231763093,0.012675045431638747,14970,6877337,105
cross_asset_target_free_conservative,1.0,64.0,simMed_test.mat,0.0003,raw,0.3203369562677633,0.0009715048995873241,0.004718565800323734,6681,6877337,105
cross_asset_target_free_conservative,1.0,64.0,simMed_test.mat,0.0003,tpsscs_finished_detector,0.7447377525370541,0.002220497689550489,0.012751401127010063,15269,6877337,105
cross_asset_target_free_conservative,1.0,64.0,simMed_test.mat,0.001,low_rank_residual_k30,0.7145158195692578,0.0038714936082983025,0.023088904498671473,26622,6877337,105
cross_asset_target_free_conservative,1.0,64.0,simMed_test.mat,0.001,raw,0.4041410413752089,0.002407599490845176,0.009192804568915493,16557,6877337,105
cross_asset_target_free_conservative,1.0,64.0,simMed_test.mat,0.001,tpsscs_finished_detector,0.7927547050250493,0.003909446918721105,0.023165256696087714,26883,6877337,105
cross_asset_target_free_conservative,1.0,64.0,simMed_test.mat,0.003,low_rank_residual_k30,0.7584830392097079,0.007180283235227429,0.043581834285190725,49375,6877337,105
cross_asset_target_free_conservative,1.0,64.0,simMed_test.mat,0.003,raw,0.5108081157703395,0.005741608073148579,0.01727086705555386,39485,6877337,105
cross_asset_target_free_conservative,1.0,64.0,simMed_test.mat,0.003,tpsscs_finished_detector,0.8270802431882109,0.007212564903347663,0.043642916043123724,49597,6877337,105
cross_asset_target_free_conservative,1.0,64.0,simMed_test.mat,0.01,low_rank_residual_k30,0.8194471753841114,0.016178014540570374,0.09076749228842806,111249,6877337,105
cross_asset_target_free_conservative,1.0,64.0,simMed_test.mat,0.01,raw,0.6845606050330818,0.014851827714264533,0.03446696089061283,102136,6877337,105
cross_asset_target_free_conservative,1.0,64.0,simMed_test.mat,0.01,tpsscs_finished_detector,0.8786002924309119,0.016204915527359694,0.09082857404636105,111434,6877337,105
cross_asset_target_free_conservative,1.0,64.0,simWind_test.mat,1e-05,low_rank_residual_k30,0.537560630735548,0.0009025256280355355,0.005222490303270928,6206,6877337,105
cross_asset_target_free_conservative,1.0,64.0,simWind_test.mat,1e-05,raw,0.10686289059959145,2.573914078622439e-05,0.00013738570272786945,177,6877337,105
cross_asset_target_free_conservative,1.0,64.0,simWind_test.mat,1e-05,tpsscs_finished_detector,0.6300295547243563,0.0009388800305096468,0.0052835720612039215,6456,6877337,105
cross_asset_target_free_conservative,1.0,64.0,simWind_test.mat,3e-05,low_rank_residual_k30,0.5987721546658935,0.0013402571485429055,0.009192804568915493,9216,6877337,105
cross_asset_target_free_conservative,1.0,64.0,simWind_test.mat,3e-05,raw,0.15240196640730022,5.65676200198519e-05,0.0003358317177792364,389,6877337,105
cross_asset_target_free_conservative,1.0,64.0,simWind_test.mat,3e-05,tpsscs_finished_detector,0.6810773277200716,0.0013735577983268238,0.009253886326848487,9445,6877337,105
cross_asset_target_free_conservative,1.0,64.0,simWind_test.mat,0.0001,low_rank_residual_k30,0.666409106903147,0.0025052572361184324,0.02110374736584919,17227,6877337,105
cross_asset_target_free_conservative,1.0,64.0,simWind_test.mat,0.0001,raw,0.20795814347189331,0.00015413989206931148,0.0007479888259628448,1060,6877337,105
cross_asset_target_free_conservative,1.0,64.0,simWind_test.mat,0.0001,tpsscs_finished_detector,0.7378055866752831,0.0025331772024217805,0.021134288244815686,17419,6877337,105
cross_asset_target_free_conservative,1.0,64.0,simWind_test.mat,0.0003,low_rank_residual_k30,0.7239878116639831,0.0051128614450207215,0.04503252603609932,35158,6877337,105
cross_asset_target_free_conservative,1.0,64.0,simWind_test.mat,0.0003,raw,0.2680415385538572,0.00031830802580342575,0.0014807125738448151,2189,6877337,105
cross_asset_target_free_conservative,1.0,64.0,simWind_test.mat,0.0003,tpsscs_finished_detector,0.785726990527831,0.005138309271997732,0.04504779647558257,35333,6877337,105
cross_asset_target_free_conservative,1.0,64.0,simWind_test.mat,0.001,low_rank_residual_k30,0.7961369418971025,0.012541320010127113,0.10014354213114253,86240,6877337,105
cross_asset_target_free_conservative,1.0,64.0,simWind_test.mat,0.001,raw,0.3569554498857991,0.0009562307452415877,0.0038330559076401507,6576,6877337,105
cross_asset_target_free_conservative,1.0,64.0,simWind_test.mat,0.001,tpsscs_finished_detector,0.8504276566006229,0.012562550438010533,0.10015881257062578,86386,6877337,105
cross_asset_target_free_conservative,1.0,64.0,simWind_test.mat,0.003,low_rank_residual_k30,0.8382547250369429,0.02797951680064105,0.18323000335949668,192403,6877337,105
cross_asset_target_free_conservative,1.0,64.0,simWind_test.mat,0.003,raw,0.45712586483435036,0.002708008116244847,0.009403001022729007,18623,6877337,105
cross_asset_target_free_conservative,1.0,64.0,simWind_test.mat,0.003,tpsscs_finished_detector,0.8849372199840908,0.027997984179248328,0.18324527379897992,192530,6877337,105
cross_asset_target_free_conservative,1.0,64.0,simWind_test.mat,0.01,low_rank_residual_k30,0.8764059605670572,0.06767095280647582,0.32964297712488166,465353,6877337,105
cross_asset_target_free_conservative,1.0,64.0,simWind_test.mat,0.01,raw,0.6320794420726498,0.009203130425227003,0.024342195684376098,63290,6877337,105
cross_asset_target_free_conservative,1.0,64.0,simWind_test.mat,0.01,tpsscs_finished_detector,0.9157989369062723,0.06768651162090604,0.3296582475643649,465460,6877337,105
cross_asset_target_free_conservative,1.0,256.0,combined,1e-05,low_rank_residual_k30,0.513331233955522,0.0008391188176972804,0.005222490303270928,11540,13754674,210
cross_asset_target_free_conservative,1.0,256.0,combined,1e-05,raw,0.12220554283184845,4.544282647510391e-05,0.0004428427450142015,625,13754674,210
cross_asset_target_free_conservative,1.0,256.0,combined,1e-05,tpsscs_finished_detector,0.5965039094793286,0.0008690750167958427,0.005268301621720673,11952,13754674,210
cross_asset_target_free_conservative,1.0,256.0,combined,3e-05,low_rank_residual_k30,0.5613663454079485,0.0011501841367297623,0.009192804568915493,15818,13754674,210
cross_asset_target_free_conservative,1.0,256.0,combined,3e-05,raw,0.16700412319935337,9.953713382807898e-05,0.0009009559295116513,1369,13754674,210
cross_asset_target_free_conservative,1.0,256.0,combined,3e-05,tpsscs_finished_detector,0.6372266260997304,0.0011778863289765738,0.009238615887365239,16199,13754674,210
cross_asset_target_free_conservative,1.0,256.0,combined,0.0001,low_rank_residual_k30,0.630310375659371,0.001965507611697268,0.02110374736584919,27031,13754674,210
cross_asset_target_free_conservative,1.0,256.0,combined,0.0001,raw,0.22923245012073215,0.0002884280544882893,0.0022142137250710076,3967,13754674,210
cross_asset_target_free_conservative,1.0,256.0,combined,0.0001,tpsscs_finished_detector,0.6969259233752274,0.00198928338811122,0.021119017805332436,27358,13754674,210
cross_asset_target_free_conservative,1.0,256.0,combined,0.0003,low_rank_residual_k30,0.6888662992191843,0.0036449398383919074,0.04503252603609932,50128,13754674,210
cross_asset_target_free_conservative,1.0,256.0,combined,0.0003,raw,0.29418924741081026,0.0006449064626953748,0.004718565800323734,8870,13754674,210
cross_asset_target_free_conservative,1.0,256.0,combined,0.0003,tpsscs_finished_detector,0.7482075428010084,0.003666534307707806,0.04503252603609932,50425,13754674,210
cross_asset_target_free_conservative,1.0,256.0,combined,0.001,low_rank_residual_k30,0.7553263807331801,0.008206406809212708,0.10014354213114253,112862,13754674,210
cross_asset_target_free_conservative,1.0,256.0,combined,0.001,raw,0.380548245630504,0.001681915118043382,0.009192804568915493,23133,13754674,210
cross_asset_target_free_conservative,1.0,256.0,combined,0.001,tpsscs_finished_detector,0.8068996297125226,0.008224874558548041,0.10014354213114253,113116,13754674,210
cross_asset_target_free_conservative,1.0,256.0,combined,0.003,low_rank_residual_k30,0.7983688821233255,0.01757990001793424,0.18323000335949668,241778,13754674,210
cross_asset_target_free_conservative,1.0,256.0,combined,0.003,raw,0.48396699030234486,0.004224808094696713,0.01727086705555386,58108,13754674,210
cross_asset_target_free_conservative,1.0,256.0,combined,0.003,tpsscs_finished_detector,0.842837227724396,0.017595532002743913,0.18323000335949668,241993,13754674,210
cross_asset_target_free_conservative,1.0,256.0,combined,0.01,low_rank_residual_k30,0.8479265679755843,0.041924483673523104,0.32964297712488166,576602,13754674,210
cross_asset_target_free_conservative,1.0,256.0,combined,0.01,raw,0.6583200235528658,0.012027479069745767,0.03446696089061283,165426,13754674,210
cross_asset_target_free_conservative,1.0,256.0,combined,0.01,tpsscs_finished_detector,0.8859118650884034,0.0419377161210179,0.32964297712488166,576784,13754674,210
cross_asset_target_free_conservative,1.0,256.0,simMed_test.mat,1e-05,low_rank_residual_k30,0.48910183717549605,0.0007757120073590253,0.004153749828199685,5334,6877337,105
cross_asset_target_free_conservative,1.0,256.0,simMed_test.mat,1e-05,raw,0.13754819506410546,6.514651216398344e-05,0.0004428427450142015,448,6877337,105
cross_asset_target_free_conservative,1.0,256.0,simMed_test.mat,1e-05,tpsscs_finished_detector,0.5857742763320299,0.0008123575817033311,0.00421483438449674,5586,6877337,105
cross_asset_target_free_conservative,1.0,256.0,simMed_test.mat,3e-05,low_rank_residual_k30,0.5239605361500035,0.0009601111249166191,0.005070018172655498,6602,6877337,105
cross_asset_target_free_conservative,1.0,256.0,simMed_test.mat,3e-05,raw,0.18160627999140647,0.00014250664763630603,0.0009009559295116513,980,6877337,105
cross_asset_target_free_conservative,1.0,256.0,simMed_test.mat,3e-05,tpsscs_finished_detector,0.6135596474273518,0.0009937027711431792,0.005115831589878289,6833,6877337,105
cross_asset_target_free_conservative,1.0,256.0,simMed_test.mat,0.0001,low_rank_residual_k30,0.594211644415595,0.0014257579872761026,0.007895178901394255,9804,6877337,105
cross_asset_target_free_conservative,1.0,256.0,simMed_test.mat,0.0001,raw,0.250506756769571,0.00042271621690726717,0.0022142137250710076,2907,6877337,105
cross_asset_target_free_conservative,1.0,256.0,simMed_test.mat,0.0001,tpsscs_finished_detector,0.6723502207756552,0.0014560049664764873,0.007940992318617045,10012,6877337,105
cross_asset_target_free_conservative,1.0,256.0,simMed_test.mat,0.0003,low_rank_residual_k30,0.6537447867743857,0.002177018231763093,0.012675045431638747,14970,6877337,105
cross_asset_target_free_conservative,1.0,256.0,simMed_test.mat,0.0003,raw,0.3203369562677633,0.0009715048995873241,0.004718565800323734,6681,6877337,105
cross_asset_target_free_conservative,1.0,256.0,simMed_test.mat,0.0003,tpsscs_finished_detector,0.7244450159680291,0.0022042113206314014,0.012720858848861536,15157,6877337,105
cross_asset_target_free_conservative,1.0,256.0,simMed_test.mat,0.001,low_rank_residual_k30,0.7145158195692578,0.0038714936082983025,0.023088904498671473,26622,6877337,105
cross_asset_target_free_conservative,1.0,256.0,simMed_test.mat,0.001,raw,0.4041410413752089,0.002407599490845176,0.009192804568915493,16557,6877337,105
cross_asset_target_free_conservative,1.0,256.0,simMed_test.mat,0.001,tpsscs_finished_detector,0.7759113306359138,0.0038953419301823865,0.023134715817121218,26786,6877337,105
cross_asset_target_free_conservative,1.0,256.0,simMed_test.mat,0.003,low_rank_residual_k30,0.7584830392097079,0.007180283235227429,0.043581834285190725,49375,6877337,105
cross_asset_target_free_conservative,1.0,256.0,simMed_test.mat,0.003,raw,0.5108081157703395,0.005741608073148579,0.01727086705555386,39485,6877337,105
cross_asset_target_free_conservative,1.0,256.0,simMed_test.mat,0.003,tpsscs_finished_detector,0.8121543603888833,0.007200205008041425,0.04362764560364047,49512,6877337,105
cross_asset_target_free_conservative,1.0,256.0,simMed_test.mat,0.01,low_rank_residual_k30,0.8194471753841114,0.016178014540570374,0.09076749228842806,111249,6877337,105
cross_asset_target_free_conservative,1.0,256.0,simMed_test.mat,0.01,raw,0.6845606050330818,0.014851827714264533,0.03446696089061283,102136,6877337,105
cross_asset_target_free_conservative,1.0,256.0,simMed_test.mat,0.01,tpsscs_finished_detector,0.8659254469686057,0.01619531864357158,0.09081330360687781,111368,6877337,105
cross_asset_target_free_conservative,1.0,256.0,simWind_test.mat,1e-05,low_rank_residual_k30,0.537560630735548,0.0009025256280355355,0.005222490303270928,6206,6877337,105
cross_asset_target_free_conservative,1.0,256.0,simWind_test.mat,1e-05,raw,0.10686289059959145,2.573914078622439e-05,0.00013738570272786945,177,6877337,105
cross_asset_target_free_conservative,1.0,256.0,simWind_test.mat,1e-05,tpsscs_finished_detector,0.6072335426266274,0.0009257924518883546,0.005268301621720673,6366,6877337,105
cross_asset_target_free_conservative,1.0,256.0,simWind_test.mat,3e-05,low_rank_residual_k30,0.5987721546658935,0.0013402571485429055,0.009192804568915493,9216,6877337,105
cross_asset_target_free_conservative,1.0,256.0,simWind_test.mat,3e-05,raw,0.15240196640730022,5.65676200198519e-05,0.0003358317177792364,389,6877337,105
cross_asset_target_free_conservative,1.0,256.0,simWind_test.mat,3e-05,tpsscs_finished_detector,0.6608936047721091,0.001362069886809968,0.009238615887365239,9366,6877337,105
cross_asset_target_free_conservative,1.0,256.0,simWind_test.mat,0.0001,low_rank_residual_k30,0.666409106903147,0.0025052572361184324,0.02110374736584919,17227,6877337,105
cross_asset_target_free_conservative,1.0,256.0,simWind_test.mat,0.0001,raw,0.20795814347189331,0.00015413989206931148,0.0007479888259628448,1060,6877337,105
cross_asset_target_free_conservative,1.0,256.0,simWind_test.mat,0.0001,tpsscs_finished_detector,0.7215016259747996,0.002522561809745952,0.021119017805332436,17346,6877337,105
cross_asset_target_free_conservative,1.0,256.0,simWind_test.mat,0.0003,low_rank_residual_k30,0.7239878116639831,0.0051128614450207215,0.04503252603609932,35158,6877337,105
cross_asset_target_free_conservative,1.0,256.0,simWind_test.mat,0.0003,raw,0.2680415385538572,0.00031830802580342575,0.0014807125738448151,2189,6877337,105
cross_asset_target_free_conservative,1.0,256.0,simWind_test.mat,0.0003,tpsscs_finished_detector,0.771970069633988,0.0051288572947842115,0.04503252603609932,35268,6877337,105
cross_asset_target_free_conservative,1.0,256.0,simWind_test.mat,0.001,low_rank_residual_k30,0.7961369418971025,0.012541320010127113,0.10014354213114253,86240,6877337,105
cross_asset_target_free_conservative,1.0,256.0,simWind_test.mat,0.001,raw,0.3569554498857991,0.0009562307452415877,0.0038330559076401507,6576,6877337,105
cross_asset_target_free_conservative,1.0,256.0,simWind_test.mat,0.001,tpsscs_finished_detector,0.8378879287891317,0.012554407186913695,0.10014354213114253,86330,6877337,105
cross_asset_target_free_conservative,1.0,256.0,simWind_test.mat,0.003,low_rank_residual_k30,0.8382547250369429,0.02797951680064105,0.18323000335949668,192403,6877337,105
cross_asset_target_free_conservative,1.0,256.0,simWind_test.mat,0.003,raw,0.45712586483435036,0.002708008116244847,0.009403001022729007,18623,6877337,105
cross_asset_target_free_conservative,1.0,256.0,simWind_test.mat,0.003,tpsscs_finished_detector,0.8735200950599084,0.027990858997446397,0.18323000335949668,192481,6877337,105
cross_asset_target_free_conservative,1.0,256.0,simWind_test.mat,0.01,low_rank_residual_k30,0.8764059605670572,0.06767095280647582,0.32964297712488166,465353,6877337,105
cross_asset_target_free_conservative,1.0,256.0,simWind_test.mat,0.01,raw,0.6320794420726498,0.009203130425227003,0.024342195684376098,63290,6877337,105
cross_asset_target_free_conservative,1.0,256.0,simWind_test.mat,0.01,tpsscs_finished_detector,0.9058982832082011,0.0676801135984642,0.32964297712488166,465416,6877337,105
cross_asset_target_free_conservative,10.0,0.0,combined,1e-05,low_rank_residual_k30,0.42205691892953273,0.0005350332784699751,0.003161512027491409,7358,13754674,210
cross_asset_target_free_conservative,10.0,0.0,combined,1e-05,raw,0.0656630799637862,1.0979082111795175e-05,0.00012212062464699507,151,13754674,210
cross_asset_target_free_conservative,10.0,0.0,combined,1e-05,tpsscs_finished_detector,0.5624827259592946,0.0006050519757331937,0.0032531500572737684,8321,13754674,210
cross_asset_target_free_conservative,10.0,0.0,combined,3e-05,low_rank_residual_k30,0.4546006982513275,0.0006263615948425524,0.00352763312615488,8614,13754674,210
cross_asset_target_free_conservative,10.0,0.0,combined,3e-05,raw,0.08240637261303958,1.606880909289988e-05,0.00021378615276547658,221,13754674,210
cross_asset_target_free_conservative,10.0,0.0,combined,3e-05,tpsscs_finished_detector,0.5836091203261801,0.0006920175391329088,0.0036192599606004613,9517,13754674,210
cross_asset_target_free_conservative,10.0,0.0,combined,0.0001,low_rank_residual_k30,0.513331233955522,0.0008391188176972804,0.005222490303270928,11540,13754674,210
cross_asset_target_free_conservative,10.0,0.0,combined,0.0001,raw,0.12220554283184845,4.544282647510391e-05,0.0004428427450142015,625,13754674,210
cross_asset_target_free_conservative,10.0,0.0,combined,0.0001,tpsscs_finished_detector,0.6282695312620552,0.0008985216362404732,0.0052835720612039215,12357,13754674,210
cross_asset_target_free_conservative,10.0,0.0,combined,0.0003,low_rank_residual_k30,0.5613663454079485,0.0011501841367297623,0.009192804568915493,15818,13754674,210
cross_asset_target_free_conservative,10.0,0.0,combined,0.0003,raw,0.16700412319935337,9.953713382807898e-05,0.0009009559295116513,1369,13754674,210
cross_asset_target_free_conservative,10.0,0.0,combined,0.0003,tpsscs_finished_detector,0.6662504182182173,0.001204715315273057,0.009253886326848487,16568,13754674,210
cross_asset_target_free_conservative,10.0,0.0,combined,0.001,low_rank_residual_k30,0.630310375659371,0.001965507611697268,0.02110374736584919,27031,13754674,210
cross_asset_target_free_conservative,10.0,0.0,combined,0.001,raw,0.22923245012073215,0.0002884280544882893,0.0022142137250710076,3967,13754674,210
cross_asset_target_free_conservative,10.0,0.0,combined,0.001,tpsscs_finished_detector,0.7216382937979516,0.002012549480513305,0.021134288244815686,27678,13754674,210
cross_asset_target_free_conservative,10.0,0.0,combined,0.003,low_rank_residual_k30,0.6888662992191843,0.0036449398383919074,0.04503252603609932,50128,13754674,210
cross_asset_target_free_conservative,10.0,0.0,combined,0.003,raw,0.29418924741081026,0.0006449064626953748,0.004718565800323734,8870,13754674,210
cross_asset_target_free_conservative,10.0,0.0,combined,0.003,tpsscs_finished_detector,0.7698730848211511,0.003687328204156943,0.04504779647558257,50711,13754674,210
cross_asset_target_free_conservative,10.0,0.0,combined,0.01,low_rank_residual_k30,0.7553263807331801,0.008206406809212708,0.10014354213114253,112862,13754674,210
cross_asset_target_free_conservative,10.0,0.0,combined,0.01,raw,0.380548245630504,0.001681915118043382,0.009192804568915493,23133,13754674,210
cross_asset_target_free_conservative,10.0,0.0,combined,0.01,tpsscs_finished_detector,0.8252524119128815,0.008242396536499629,0.10015881257062578,113357,13754674,210
cross_asset_target_free_conservative,10.0,0.0,simMed_test.mat,1e-05,low_rank_residual_k30,0.384244731368935,0.0004592657611111655,0.002641907059847594,3158,6877337,105
cross_asset_target_free_conservative,10.0,0.0,simMed_test.mat,1e-05,raw,0.07833043472347202,1.614153767382694e-05,0.00012212062464699507,111,6877337,105
cross_asset_target_free_conservative,10.0,0.0,simMed_test.mat,1e-05,tpsscs_finished_detector,0.5493563642982101,0.0005500063521249278,0.002779347311515966,3782,6877337,105
cross_asset_target_free_conservative,10.0,0.0,simMed_test.mat,3e-05,low_rank_residual_k30,0.42597086160014863,0.0005673178858308256,0.003222210344669609,3901,6877337,105
cross_asset_target_free_conservative,10.0,0.0,simMed_test.mat,3e-05,raw,0.08800732803513589,2.0940416872995162e-05,0.00021378615276547658,144,6877337,105
cross_asset_target_free_conservative,10.0,0.0,simMed_test.mat,3e-05,tpsscs_finished_detector,0.5747912872594758,0.0006512235434718578,0.0033596505963379808,4478,6877337,105
cross_asset_target_free_conservative,10.0,0.0,simMed_test.mat,0.0001,low_rank_residual_k30,0.48910183717549605,0.0007757120073590253,0.004153749828199685,5334,6877337,105
cross_asset_target_free_conservative,10.0,0.0,simMed_test.mat,0.0001,raw,0.13754819506410546,6.514651216398344e-05,0.0004428427450142015,448,6877337,105
cross_asset_target_free_conservative,10.0,0.0,simMed_test.mat,0.0001,tpsscs_finished_detector,0.6214431408645611,0.0008524921058462727,0.004291190079868058,5862,6877337,105
cross_asset_target_free_conservative,10.0,0.0,simMed_test.mat,0.0003,low_rank_residual_k30,0.5239605361500035,0.0009601111249166191,0.005070018172655498,6602,6877337,105
cross_asset_target_free_conservative,10.0,0.0,simMed_test.mat,0.0003,raw,0.18160627999140647,0.00014250664763630603,0.0009009559295116513,980,6877337,105
cross_asset_target_free_conservative,10.0,0.0,simMed_test.mat,0.0003,tpsscs_finished_detector,0.6466145420385699,0.0010309288110406248,0.005192187285249607,7089,6877337,105
cross_asset_target_free_conservative,10.0,0.0,simMed_test.mat,0.001,low_rank_residual_k30,0.594211644415595,0.0014257579872761026,0.007895178901394255,9804,6877337,105
cross_asset_target_free_conservative,10.0,0.0,simMed_test.mat,0.001,raw,0.250506756769571,0.00042271621690726717,0.0022142137250710076,2907,6877337,105
cross_asset_target_free_conservative,10.0,0.0,simMed_test.mat,0.001,tpsscs_finished_detector,0.7009194345002275,0.0014878502362916284,0.0080020768749141,10231,6877337,105
cross_asset_target_free_conservative,10.0,0.0,simMed_test.mat,0.003,low_rank_residual_k30,0.6537447867743857,0.002177018231763093,0.012675045431638747,14970,6877337,105
cross_asset_target_free_conservative,10.0,0.0,simMed_test.mat,0.003,raw,0.3203369562677633,0.0009715048995873241,0.004718565800323734,6681,6877337,105
cross_asset_target_free_conservative,10.0,0.0,simMed_test.mat,0.003,tpsscs_finished_detector,0.7496290331944823,0.002232566461759633,0.012781943405158591,15352,6877337,105
cross_asset_target_free_conservative,10.0,0.0,simMed_test.mat,0.01,low_rank_residual_k30,0.7145158195692578,0.0038714936082983025,0.023088904498671473,26622,6877337,105
cross_asset_target_free_conservative,10.0,0.0,simMed_test.mat,0.01,raw,0.4041410413752089,0.002407599490845176,0.009192804568915493,16557,6877337,105
cross_asset_target_free_conservative,10.0,0.0,simMed_test.mat,0.01,tpsscs_finished_detector,0.7961005495875318,0.0039193344548661265,0.02319579757505421,26951,6877337,105
cross_asset_target_free_conservative,10.0,0.0,simWind_test.mat,1e-05,low_rank_residual_k30,0.45986910649013046,0.0006108007958287846,0.003161512027491409,4200,6877337,105
cross_asset_target_free_conservative,10.0,0.0,simWind_test.mat,1e-05,raw,0.05299572520410039,5.816626549763409e-06,3.054694301467781e-05,40,6877337,105
cross_asset_target_free_conservative,10.0,0.0,simWind_test.mat,1e-05,tpsscs_finished_detector,0.575609087620379,0.0006600975993414596,0.0032531500572737684,4539,6877337,105
cross_asset_target_free_conservative,10.0,0.0,simWind_test.mat,3e-05,low_rank_residual_k30,0.48323053490250634,0.0006854053038542792,0.00352763312615488,4713,6877337,105
cross_asset_target_free_conservative,10.0,0.0,simWind_test.mat,3e-05,raw,0.07680541719094329,1.1197201312804595e-05,6.109015379446218e-05,77,6877337,105
cross_asset_target_free_conservative,10.0,0.0,simWind_test.mat,3e-05,tpsscs_finished_detector,0.5924269533928844,0.0007328115347939601,0.0036192599606004613,5039,6877337,105
cross_asset_target_free_conservative,10.0,0.0,simWind_test.mat,0.0001,low_rank_residual_k30,0.537560630735548,0.0009025256280355355,0.005222490303270928,6206,6877337,105
cross_asset_target_free_conservative,10.0,0.0,simWind_test.mat,0.0001,raw,0.10686289059959145,2.573914078622439e-05,0.00013738570272786945,177,6877337,105
cross_asset_target_free_conservative,10.0,0.0,simWind_test.mat,0.0001,tpsscs_finished_detector,0.6350959216595494,0.0009445511666346736,0.0052835720612039215,6495,6877337,105
cross_asset_target_free_conservative,10.0,0.0,simWind_test.mat,0.0003,low_rank_residual_k30,0.5987721546658935,0.0013402571485429055,0.009192804568915493,9216,6877337,105
cross_asset_target_free_conservative,10.0,0.0,simWind_test.mat,0.0003,raw,0.15240196640730022,5.65676200198519e-05,0.0003358317177792364,389,6877337,105
cross_asset_target_free_conservative,10.0,0.0,simWind_test.mat,0.0003,tpsscs_finished_detector,0.6858862943978645,0.0013785018195054892,0.009253886326848487,9479,6877337,105
cross_asset_target_free_conservative,10.0,0.0,simWind_test.mat,0.001,low_rank_residual_k30,0.666409106903147,0.0025052572361184324,0.02110374736584919,17227,6877337,105
cross_asset_target_free_conservative,10.0,0.0,simWind_test.mat,0.001,raw,0.20795814347189331,0.00015413989206931148,0.0007479888259628448,1060,6877337,105
cross_asset_target_free_conservative,10.0,0.0,simWind_test.mat,0.001,tpsscs_finished_detector,0.7423571530956755,0.0025372487247349814,0.021134288244815686,17447,6877337,105
cross_asset_target_free_conservative,10.0,0.0,simWind_test.mat,0.003,low_rank_residual_k30,0.7239878116639831,0.0051128614450207215,0.04503252603609932,35158,6877337,105
cross_asset_target_free_conservative,10.0,0.0,simWind_test.mat,0.003,raw,0.2680415385538572,0.00031830802580342575,0.0014807125738448151,2189,6877337,105
cross_asset_target_free_conservative,10.0,0.0,simWind_test.mat,0.003,tpsscs_finished_detector,0.79011713644782,0.005142089946554252,0.04504779647558257,35359,6877337,105
cross_asset_target_free_conservative,10.0,0.0,simWind_test.mat,0.01,low_rank_residual_k30,0.7961369418971025,0.012541320010127113,0.10014354213114253,86240,6877337,105
cross_asset_target_free_conservative,10.0,0.0,simWind_test.mat,0.01,raw,0.3569554498857991,0.0009562307452415877,0.0038330559076401507,6576,6877337,105
cross_asset_target_free_conservative,10.0,0.0,simWind_test.mat,0.01,tpsscs_finished_detector,0.8544042742382313,0.012565458618133133,0.10015881257062578,86406,6877337,105
cross_asset_target_free_conservative,10.0,0.25,combined,1e-05,low_rank_residual_k30,0.42205691892953273,0.0005350332784699751,0.003161512027491409,7358,13754674,210
cross_asset_target_free_conservative,10.0,0.25,combined,1e-05,raw,0.0656630799637862,1.0979082111795175e-05,0.00012212062464699507,151,13754674,210
cross_asset_target_free_conservative,10.0,0.25,combined,1e-05,tpsscs_finished_detector,0.5624827259592946,0.0006050519757331937,0.0032531500572737684,8321,13754674,210
cross_asset_target_free_conservative,10.0,0.25,combined,3e-05,low_rank_residual_k30,0.4546006982513275,0.0006263615948425524,0.00352763312615488,8614,13754674,210
cross_asset_target_free_conservative,10.0,0.25,combined,3e-05,raw,0.08240637261303958,1.606880909289988e-05,0.00021378615276547658,221,13754674,210
cross_asset_target_free_conservative,10.0,0.25,combined,3e-05,tpsscs_finished_detector,0.5836091203261801,0.0006920175391329088,0.0036192599606004613,9517,13754674,210
cross_asset_target_free_conservative,10.0,0.25,combined,0.0001,low_rank_residual_k30,0.513331233955522,0.0008391188176972804,0.005222490303270928,11540,13754674,210
cross_asset_target_free_conservative,10.0,0.25,combined,0.0001,raw,0.12220554283184845,4.544282647510391e-05,0.0004428427450142015,625,13754674,210
cross_asset_target_free_conservative,10.0,0.25,combined,0.0001,tpsscs_finished_detector,0.6282695312620552,0.0008985216362404732,0.0052835720612039215,12357,13754674,210
cross_asset_target_free_conservative,10.0,0.25,combined,0.0003,low_rank_residual_k30,0.5613663454079485,0.0011501841367297623,0.009192804568915493,15818,13754674,210
cross_asset_target_free_conservative,10.0,0.25,combined,0.0003,raw,0.16700412319935337,9.953713382807898e-05,0.0009009559295116513,1369,13754674,210
cross_asset_target_free_conservative,10.0,0.25,combined,0.0003,tpsscs_finished_detector,0.6662504182182173,0.001204715315273057,0.009253886326848487,16568,13754674,210
cross_asset_target_free_conservative,10.0,0.25,combined,0.001,low_rank_residual_k30,0.630310375659371,0.001965507611697268,0.02110374736584919,27031,13754674,210
cross_asset_target_free_conservative,10.0,0.25,combined,0.001,raw,0.22923245012073215,0.0002884280544882893,0.0022142137250710076,3967,13754674,210
cross_asset_target_free_conservative,10.0,0.25,combined,0.001,tpsscs_finished_detector,0.7216382937979516,0.002012549480513305,0.021134288244815686,27678,13754674,210
cross_asset_target_free_conservative,10.0,0.25,combined,0.003,low_rank_residual_k30,0.6888662992191843,0.0036449398383919074,0.04503252603609932,50128,13754674,210
cross_asset_target_free_conservative,10.0,0.25,combined,0.003,raw,0.29418924741081026,0.0006449064626953748,0.004718565800323734,8870,13754674,210
cross_asset_target_free_conservative,10.0,0.25,combined,0.003,tpsscs_finished_detector,0.7698730848211511,0.003687328204156943,0.04504779647558257,50711,13754674,210
cross_asset_target_free_conservative,10.0,0.25,combined,0.01,low_rank_residual_k30,0.7553263807331801,0.008206406809212708,0.10014354213114253,112862,13754674,210
cross_asset_target_free_conservative,10.0,0.25,combined,0.01,raw,0.380548245630504,0.001681915118043382,0.009192804568915493,23133,13754674,210
cross_asset_target_free_conservative,10.0,0.25,combined,0.01,tpsscs_finished_detector,0.8252524119128815,0.008242396536499629,0.10015881257062578,113357,13754674,210
cross_asset_target_free_conservative,10.0,0.25,simMed_test.mat,1e-05,low_rank_residual_k30,0.384244731368935,0.0004592657611111655,0.002641907059847594,3158,6877337,105
cross_asset_target_free_conservative,10.0,0.25,simMed_test.mat,1e-05,raw,0.07833043472347202,1.614153767382694e-05,0.00012212062464699507,111,6877337,105
cross_asset_target_free_conservative,10.0,0.25,simMed_test.mat,1e-05,tpsscs_finished_detector,0.5493563642982101,0.0005500063521249278,0.002779347311515966,3782,6877337,105
cross_asset_target_free_conservative,10.0,0.25,simMed_test.mat,3e-05,low_rank_residual_k30,0.42597086160014863,0.0005673178858308256,0.003222210344669609,3901,6877337,105
cross_asset_target_free_conservative,10.0,0.25,simMed_test.mat,3e-05,raw,0.08800732803513589,2.0940416872995162e-05,0.00021378615276547658,144,6877337,105
cross_asset_target_free_conservative,10.0,0.25,simMed_test.mat,3e-05,tpsscs_finished_detector,0.5747912872594758,0.0006512235434718578,0.0033596505963379808,4478,6877337,105
cross_asset_target_free_conservative,10.0,0.25,simMed_test.mat,0.0001,low_rank_residual_k30,0.48910183717549605,0.0007757120073590253,0.004153749828199685,5334,6877337,105
cross_asset_target_free_conservative,10.0,0.25,simMed_test.mat,0.0001,raw,0.13754819506410546,6.514651216398344e-05,0.0004428427450142015,448,6877337,105
cross_asset_target_free_conservative,10.0,0.25,simMed_test.mat,0.0001,tpsscs_finished_detector,0.6214431408645611,0.0008524921058462727,0.004291190079868058,5862,6877337,105
cross_asset_target_free_conservative,10.0,0.25,simMed_test.mat,0.0003,low_rank_residual_k30,0.5239605361500035,0.0009601111249166191,0.005070018172655498,6602,6877337,105
cross_asset_target_free_conservative,10.0,0.25,simMed_test.mat,0.0003,raw,0.18160627999140647,0.00014250664763630603,0.0009009559295116513,980,6877337,105
cross_asset_target_free_conservative,10.0,0.25,simMed_test.mat,0.0003,tpsscs_finished_detector,0.6466145420385699,0.0010309288110406248,0.005192187285249607,7089,6877337,105
cross_asset_target_free_conservative,10.0,0.25,simMed_test.mat,0.001,low_rank_residual_k30,0.594211644415595,0.0014257579872761026,0.007895178901394255,9804,6877337,105
cross_asset_target_free_conservative,10.0,0.25,simMed_test.mat,0.001,raw,0.250506756769571,0.00042271621690726717,0.0022142137250710076,2907,6877337,105
cross_asset_target_free_conservative,10.0,0.25,simMed_test.mat,0.001,tpsscs_finished_detector,0.7009194345002275,0.0014878502362916284,0.0080020768749141,10231,6877337,105
cross_asset_target_free_conservative,10.0,0.25,simMed_test.mat,0.003,low_rank_residual_k30,0.6537447867743857,0.002177018231763093,0.012675045431638747,14970,6877337,105
cross_asset_target_free_conservative,10.0,0.25,simMed_test.mat,0.003,raw,0.3203369562677633,0.0009715048995873241,0.004718565800323734,6681,6877337,105
cross_asset_target_free_conservative,10.0,0.25,simMed_test.mat,0.003,tpsscs_finished_detector,0.7496290331944823,0.002232566461759633,0.012781943405158591,15352,6877337,105
cross_asset_target_free_conservative,10.0,0.25,simMed_test.mat,0.01,low_rank_residual_k30,0.7145158195692578,0.0038714936082983025,0.023088904498671473,26622,6877337,105
cross_asset_target_free_conservative,10.0,0.25,simMed_test.mat,0.01,raw,0.4041410413752089,0.002407599490845176,0.009192804568915493,16557,6877337,105
cross_asset_target_free_conservative,10.0,0.25,simMed_test.mat,0.01,tpsscs_finished_detector,0.7961005495875318,0.0039193344548661265,0.02319579757505421,26951,6877337,105
cross_asset_target_free_conservative,10.0,0.25,simWind_test.mat,1e-05,low_rank_residual_k30,0.45986910649013046,0.0006108007958287846,0.003161512027491409,4200,6877337,105
cross_asset_target_free_conservative,10.0,0.25,simWind_test.mat,1e-05,raw,0.05299572520410039,5.816626549763409e-06,3.054694301467781e-05,40,6877337,105
cross_asset_target_free_conservative,10.0,0.25,simWind_test.mat,1e-05,tpsscs_finished_detector,0.575609087620379,0.0006600975993414596,0.0032531500572737684,4539,6877337,105
cross_asset_target_free_conservative,10.0,0.25,simWind_test.mat,3e-05,low_rank_residual_k30,0.48323053490250634,0.0006854053038542792,0.00352763312615488,4713,6877337,105
cross_asset_target_free_conservative,10.0,0.25,simWind_test.mat,3e-05,raw,0.07680541719094329,1.1197201312804595e-05,6.109015379446218e-05,77,6877337,105
cross_asset_target_free_conservative,10.0,0.25,simWind_test.mat,3e-05,tpsscs_finished_detector,0.5924269533928844,0.0007328115347939601,0.0036192599606004613,5039,6877337,105
cross_asset_target_free_conservative,10.0,0.25,simWind_test.mat,0.0001,low_rank_residual_k30,0.537560630735548,0.0009025256280355355,0.005222490303270928,6206,6877337,105
cross_asset_target_free_conservative,10.0,0.25,simWind_test.mat,0.0001,raw,0.10686289059959145,2.573914078622439e-05,0.00013738570272786945,177,6877337,105
cross_asset_target_free_conservative,10.0,0.25,simWind_test.mat,0.0001,tpsscs_finished_detector,0.6350959216595494,0.0009445511666346736,0.0052835720612039215,6495,6877337,105
cross_asset_target_free_conservative,10.0,0.25,simWind_test.mat,0.0003,low_rank_residual_k30,0.5987721546658935,0.0013402571485429055,0.009192804568915493,9216,6877337,105
cross_asset_target_free_conservative,10.0,0.25,simWind_test.mat,0.0003,raw,0.15240196640730022,5.65676200198519e-05,0.0003358317177792364,389,6877337,105
cross_asset_target_free_conservative,10.0,0.25,simWind_test.mat,0.0003,tpsscs_finished_detector,0.6858862943978645,0.0013785018195054892,0.009253886326848487,9479,6877337,105
cross_asset_target_free_conservative,10.0,0.25,simWind_test.mat,0.001,low_rank_residual_k30,0.666409106903147,0.0025052572361184324,0.02110374736584919,17227,6877337,105
cross_asset_target_free_conservative,10.0,0.25,simWind_test.mat,0.001,raw,0.20795814347189331,0.00015413989206931148,0.0007479888259628448,1060,6877337,105
cross_asset_target_free_conservative,10.0,0.25,simWind_test.mat,0.001,tpsscs_finished_detector,0.7423571530956755,0.0025372487247349814,0.021134288244815686,17447,6877337,105
cross_asset_target_free_conservative,10.0,0.25,simWind_test.mat,0.003,low_rank_residual_k30,0.7239878116639831,0.0051128614450207215,0.04503252603609932,35158,6877337,105
cross_asset_target_free_conservative,10.0,0.25,simWind_test.mat,0.003,raw,0.2680415385538572,0.00031830802580342575,0.0014807125738448151,2189,6877337,105
cross_asset_target_free_conservative,10.0,0.25,simWind_test.mat,0.003,tpsscs_finished_detector,0.79011713644782,0.005142089946554252,0.04504779647558257,35359,6877337,105
cross_asset_target_free_conservative,10.0,0.25,simWind_test.mat,0.01,low_rank_residual_k30,0.7961369418971025,0.012541320010127113,0.10014354213114253,86240,6877337,105
cross_asset_target_free_conservative,10.0,0.25,simWind_test.mat,0.01,raw,0.3569554498857991,0.0009562307452415877,0.0038330559076401507,6576,6877337,105
cross_asset_target_free_conservative,10.0,0.25,simWind_test.mat,0.01,tpsscs_finished_detector,0.8544042742382313,0.012565458618133133,0.10015881257062578,86406,6877337,105
cross_asset_target_free_conservative,10.0,1.0,combined,1e-05,low_rank_residual_k30,0.42205691892953273,0.0005350332784699751,0.003161512027491409,7358,13754674,210
cross_asset_target_free_conservative,10.0,1.0,combined,1e-05,raw,0.0656630799637862,1.0979082111795175e-05,0.00012212062464699507,151,13754674,210
cross_asset_target_free_conservative,10.0,1.0,combined,1e-05,tpsscs_finished_detector,0.5622026139144767,0.0006049792493596289,0.0032531500572737684,8320,13754674,210
cross_asset_target_free_conservative,10.0,1.0,combined,3e-05,low_rank_residual_k30,0.4546006982513275,0.0006263615948425524,0.00352763312615488,8614,13754674,210
cross_asset_target_free_conservative,10.0,1.0,combined,3e-05,raw,0.08240637261303958,1.606880909289988e-05,0.00021378615276547658,221,13754674,210
cross_asset_target_free_conservative,10.0,1.0,combined,3e-05,tpsscs_finished_detector,0.5833290082813622,0.0006920175391329088,0.0036192599606004613,9517,13754674,210
cross_asset_target_free_conservative,10.0,1.0,combined,0.0001,low_rank_residual_k30,0.513331233955522,0.0008391188176972804,0.005222490303270928,11540,13754674,210
cross_asset_target_free_conservative,10.0,1.0,combined,0.0001,raw,0.12220554283184845,4.544282647510391e-05,0.0004428427450142015,625,13754674,210
cross_asset_target_free_conservative,10.0,1.0,combined,0.0001,tpsscs_finished_detector,0.6279894192172374,0.0008985216362404732,0.0052835720612039215,12357,13754674,210
cross_asset_target_free_conservative,10.0,1.0,combined,0.0003,low_rank_residual_k30,0.5613663454079485,0.0011501841367297623,0.009192804568915493,15818,13754674,210
cross_asset_target_free_conservative,10.0,1.0,combined,0.0003,raw,0.16700412319935337,9.953713382807898e-05,0.0009009559295116513,1369,13754674,210
cross_asset_target_free_conservative,10.0,1.0,combined,0.0003,tpsscs_finished_detector,0.6659703061733994,0.001204715315273057,0.009253886326848487,16568,13754674,210
cross_asset_target_free_conservative,10.0,1.0,combined,0.001,low_rank_residual_k30,0.630310375659371,0.001965507611697268,0.02110374736584919,27031,13754674,210
cross_asset_target_free_conservative,10.0,1.0,combined,0.001,raw,0.22923245012073215,0.0002884280544882893,0.0022142137250710076,3967,13754674,210
cross_asset_target_free_conservative,10.0,1.0,combined,0.001,tpsscs_finished_detector,0.7213581817531337,0.002012549480513305,0.021134288244815686,27678,13754674,210
cross_asset_target_free_conservative,10.0,1.0,combined,0.003,low_rank_residual_k30,0.6888662992191843,0.0036449398383919074,0.04503252603609932,50128,13754674,210
cross_asset_target_free_conservative,10.0,1.0,combined,0.003,raw,0.29418924741081026,0.0006449064626953748,0.004718565800323734,8870,13754674,210
cross_asset_target_free_conservative,10.0,1.0,combined,0.003,tpsscs_finished_detector,0.7695929727763332,0.003687328204156943,0.04504779647558257,50711,13754674,210
cross_asset_target_free_conservative,10.0,1.0,combined,0.01,low_rank_residual_k30,0.7553263807331801,0.008206406809212708,0.10014354213114253,112862,13754674,210
cross_asset_target_free_conservative,10.0,1.0,combined,0.01,raw,0.380548245630504,0.001681915118043382,0.009192804568915493,23133,13754674,210
cross_asset_target_free_conservative,10.0,1.0,combined,0.01,tpsscs_finished_detector,0.8249722998680635,0.008242396536499629,0.10015881257062578,113357,13754674,210
cross_asset_target_free_conservative,10.0,1.0,simMed_test.mat,1e-05,low_rank_residual_k30,0.384244731368935,0.0004592657611111655,0.002641907059847594,3158,6877337,105
cross_asset_target_free_conservative,10.0,1.0,simMed_test.mat,1e-05,raw,0.07833043472347202,1.614153767382694e-05,0.00012212062464699507,111,6877337,105
cross_asset_target_free_conservative,10.0,1.0,simMed_test.mat,1e-05,tpsscs_finished_detector,0.5487961402085744,0.0005498608993777981,0.002779347311515966,3781,6877337,105
cross_asset_target_free_conservative,10.0,1.0,simMed_test.mat,3e-05,low_rank_residual_k30,0.42597086160014863,0.0005673178858308256,0.003222210344669609,3901,6877337,105
cross_asset_target_free_conservative,10.0,1.0,simMed_test.mat,3e-05,raw,0.08800732803513589,2.0940416872995162e-05,0.00021378615276547658,144,6877337,105
cross_asset_target_free_conservative,10.0,1.0,simMed_test.mat,3e-05,tpsscs_finished_detector,0.57423106316984,0.0006512235434718578,0.0033596505963379808,4478,6877337,105
cross_asset_target_free_conservative,10.0,1.0,simMed_test.mat,0.0001,low_rank_residual_k30,0.48910183717549605,0.0007757120073590253,0.004153749828199685,5334,6877337,105
cross_asset_target_free_conservative,10.0,1.0,simMed_test.mat,0.0001,raw,0.13754819506410546,6.514651216398344e-05,0.0004428427450142015,448,6877337,105
cross_asset_target_free_conservative,10.0,1.0,simMed_test.mat,0.0001,tpsscs_finished_detector,0.6208829167749252,0.0008524921058462727,0.004291190079868058,5862,6877337,105
cross_asset_target_free_conservative,10.0,1.0,simMed_test.mat,0.0003,low_rank_residual_k30,0.5239605361500035,0.0009601111249166191,0.005070018172655498,6602,6877337,105
cross_asset_target_free_conservative,10.0,1.0,simMed_test.mat,0.0003,raw,0.18160627999140647,0.00014250664763630603,0.0009009559295116513,980,6877337,105
cross_asset_target_free_conservative,10.0,1.0,simMed_test.mat,0.0003,tpsscs_finished_detector,0.6460543179489341,0.0010309288110406248,0.005192187285249607,7089,6877337,105
cross_asset_target_free_conservative,10.0,1.0,simMed_test.mat,0.001,low_rank_residual_k30,0.594211644415595,0.0014257579872761026,0.007895178901394255,9804,6877337,105
cross_asset_target_free_conservative,10.0,1.0,simMed_test.mat,0.001,raw,0.250506756769571,0.00042271621690726717,0.0022142137250710076,2907,6877337,105
cross_asset_target_free_conservative,10.0,1.0,simMed_test.mat,0.001,tpsscs_finished_detector,0.7003592104105918,0.0014878502362916284,0.0080020768749141,10231,6877337,105
cross_asset_target_free_conservative,10.0,1.0,simMed_test.mat,0.003,low_rank_residual_k30,0.6537447867743857,0.002177018231763093,0.012675045431638747,14970,6877337,105
cross_asset_target_free_conservative,10.0,1.0,simMed_test.mat,0.003,raw,0.3203369562677633,0.0009715048995873241,0.004718565800323734,6681,6877337,105
cross_asset_target_free_conservative,10.0,1.0,simMed_test.mat,0.003,tpsscs_finished_detector,0.7490688091048463,0.002232566461759633,0.012781943405158591,15352,6877337,105
cross_asset_target_free_conservative,10.0,1.0,simMed_test.mat,0.01,low_rank_residual_k30,0.7145158195692578,0.0038714936082983025,0.023088904498671473,26622,6877337,105
cross_asset_target_free_conservative,10.0,1.0,simMed_test.mat,0.01,raw,0.4041410413752089,0.002407599490845176,0.009192804568915493,16557,6877337,105
cross_asset_target_free_conservative,10.0,1.0,simMed_test.mat,0.01,tpsscs_finished_detector,0.795540325497896,0.0039193344548661265,0.02319579757505421,26951,6877337,105
cross_asset_target_free_conservative,10.0,1.0,simWind_test.mat,1e-05,low_rank_residual_k30,0.45986910649013046,0.0006108007958287846,0.003161512027491409,4200,6877337,105
cross_asset_target_free_conservative,10.0,1.0,simWind_test.mat,1e-05,raw,0.05299572520410039,5.816626549763409e-06,3.054694301467781e-05,40,6877337,105
cross_asset_target_free_conservative,10.0,1.0,simWind_test.mat,1e-05,tpsscs_finished_detector,0.575609087620379,0.0006600975993414596,0.0032531500572737684,4539,6877337,105
cross_asset_target_free_conservative,10.0,1.0,simWind_test.mat,3e-05,low_rank_residual_k30,0.48323053490250634,0.0006854053038542792,0.00352763312615488,4713,6877337,105
cross_asset_target_free_conservative,10.0,1.0,simWind_test.mat,3e-05,raw,0.07680541719094329,1.1197201312804595e-05,6.109015379446218e-05,77,6877337,105
cross_asset_target_free_conservative,10.0,1.0,simWind_test.mat,3e-05,tpsscs_finished_detector,0.5924269533928844,0.0007328115347939601,0.0036192599606004613,5039,6877337,105
cross_asset_target_free_conservative,10.0,1.0,simWind_test.mat,0.0001,low_rank_residual_k30,0.537560630735548,0.0009025256280355355,0.005222490303270928,6206,6877337,105
cross_asset_target_free_conservative,10.0,1.0,simWind_test.mat,0.0001,raw,0.10686289059959145,2.573914078622439e-05,0.00013738570272786945,177,6877337,105
cross_asset_target_free_conservative,10.0,1.0,simWind_test.mat,0.0001,tpsscs_finished_detector,0.6350959216595494,0.0009445511666346736,0.0052835720612039215,6495,6877337,105
cross_asset_target_free_conservative,10.0,1.0,simWind_test.mat,0.0003,low_rank_residual_k30,0.5987721546658935,0.0013402571485429055,0.009192804568915493,9216,6877337,105
cross_asset_target_free_conservative,10.0,1.0,simWind_test.mat,0.0003,raw,0.15240196640730022,5.65676200198519e-05,0.0003358317177792364,389,6877337,105
cross_asset_target_free_conservative,10.0,1.0,simWind_test.mat,0.0003,tpsscs_finished_detector,0.6858862943978645,0.0013785018195054892,0.009253886326848487,9479,6877337,105
cross_asset_target_free_conservative,10.0,1.0,simWind_test.mat,0.001,low_rank_residual_k30,0.666409106903147,0.0025052572361184324,0.02110374736584919,17227,6877337,105
cross_asset_target_free_conservative,10.0,1.0,simWind_test.mat,0.001,raw,0.20795814347189331,0.00015413989206931148,0.0007479888259628448,1060,6877337,105
cross_asset_target_free_conservative,10.0,1.0,simWind_test.mat,0.001,tpsscs_finished_detector,0.7423571530956755,0.0025372487247349814,0.021134288244815686,17447,6877337,105
cross_asset_target_free_conservative,10.0,1.0,simWind_test.mat,0.003,low_rank_residual_k30,0.7239878116639831,0.0051128614450207215,0.04503252603609932,35158,6877337,105
cross_asset_target_free_conservative,10.0,1.0,simWind_test.mat,0.003,raw,0.2680415385538572,0.00031830802580342575,0.0014807125738448151,2189,6877337,105
cross_asset_target_free_conservative,10.0,1.0,simWind_test.mat,0.003,tpsscs_finished_detector,0.79011713644782,0.005142089946554252,0.04504779647558257,35359,6877337,105
cross_asset_target_free_conservative,10.0,1.0,simWind_test.mat,0.01,low_rank_residual_k30,0.7961369418971025,0.012541320010127113,0.10014354213114253,86240,6877337,105
cross_asset_target_free_conservative,10.0,1.0,simWind_test.mat,0.01,raw,0.3569554498857991,0.0009562307452415877,0.0038330559076401507,6576,6877337,105
cross_asset_target_free_conservative,10.0,1.0,simWind_test.mat,0.01,tpsscs_finished_detector,0.8544042742382313,0.012565458618133133,0.10015881257062578,86406,6877337,105
cross_asset_target_free_conservative,10.0,4.0,combined,1e-05,low_rank_residual_k30,0.42205691892953273,0.0005350332784699751,0.003161512027491409,7358,13754674,210
cross_asset_target_free_conservative,10.0,4.0,combined,1e-05,raw,0.0656630799637862,1.0979082111795175e-05,0.00012212062464699507,151,13754674,210
cross_asset_target_free_conservative,10.0,4.0,combined,1e-05,tpsscs_finished_detector,0.5616876873492607,0.0006042521144271225,0.0032531500572737684,8310,13754674,210
cross_asset_target_free_conservative,10.0,4.0,combined,3e-05,low_rank_residual_k30,0.4546006982513275,0.0006263615948425524,0.00352763312615488,8614,13754674,210
cross_asset_target_free_conservative,10.0,4.0,combined,3e-05,raw,0.08240637261303958,1.606880909289988e-05,0.00021378615276547658,221,13754674,210
cross_asset_target_free_conservative,10.0,4.0,combined,3e-05,tpsscs_finished_detector,0.5828140817161462,0.0006912904042004026,0.0036192599606004613,9507,13754674,210
cross_asset_target_free_conservative,10.0,4.0,combined,0.0001,low_rank_residual_k30,0.513331233955522,0.0008391188176972804,0.005222490303270928,11540,13754674,210
cross_asset_target_free_conservative,10.0,4.0,combined,0.0001,raw,0.12220554283184845,4.544282647510391e-05,0.0004428427450142015,625,13754674,210
cross_asset_target_free_conservative,10.0,4.0,combined,0.0001,tpsscs_finished_detector,0.6277373183769013,0.0008979399351772772,0.0052835720612039215,12349,13754674,210
cross_asset_target_free_conservative,10.0,4.0,combined,0.0003,low_rank_residual_k30,0.5613663454079485,0.0011501841367297623,0.009192804568915493,15818,13754674,210
cross_asset_target_free_conservative,10.0,4.0,combined,0.0003,raw,0.16700412319935337,9.953713382807898e-05,0.0009009559295116513,1369,13754674,210
cross_asset_target_free_conservative,10.0,4.0,combined,0.0003,tpsscs_finished_detector,0.6657182053330631,0.0012041336142098612,0.009253886326848487,16560,13754674,210
cross_asset_target_free_conservative,10.0,4.0,combined,0.001,low_rank_residual_k30,0.630310375659371,0.001965507611697268,0.02110374736584919,27031,13754674,210
cross_asset_target_free_conservative,10.0,4.0,combined,0.001,raw,0.22923245012073215,0.0002884280544882893,0.0022142137250710076,3967,13754674,210
cross_asset_target_free_conservative,10.0,4.0,combined,0.001,tpsscs_finished_detector,0.7211994515944036,0.0020120405102668107,0.021134288244815686,27671,13754674,210
cross_asset_target_free_conservative,10.0,4.0,combined,0.003,low_rank_residual_k30,0.6888662992191843,0.0036449398383919074,0.04503252603609932,50128,13754674,210
cross_asset_target_free_conservative,10.0,4.0,combined,0.003,raw,0.29418924741081026,0.0006449064626953748,0.004718565800323734,8870,13754674,210
cross_asset_target_free_conservative,10.0,4.0,combined,0.003,tpsscs_finished_detector,0.7694342426176031,0.0036868192339104488,0.04504779647558257,50704,13754674,210
cross_asset_target_free_conservative,10.0,4.0,combined,0.01,low_rank_residual_k30,0.7553263807331801,0.008206406809212708,0.10014354213114253,112862,13754674,210
cross_asset_target_free_conservative,10.0,4.0,combined,0.01,raw,0.380548245630504,0.001681915118043382,0.009192804568915493,23133,13754674,210
cross_asset_target_free_conservative,10.0,4.0,combined,0.01,tpsscs_finished_detector,0.8248135697093334,0.008241887566253134,0.10015881257062578,113350,13754674,210
cross_asset_target_free_conservative,10.0,4.0,simMed_test.mat,1e-05,low_rank_residual_k30,0.384244731368935,0.0004592657611111655,0.002641907059847594,3158,6877337,105
cross_asset_target_free_conservative,10.0,4.0,simMed_test.mat,1e-05,raw,0.07833043472347202,1.614153767382694e-05,0.00012212062464699507,111,6877337,105
cross_asset_target_free_conservative,10.0,4.0,simMed_test.mat,1e-05,tpsscs_finished_detector,0.5481277349154225,0.0005489884094105406,0.0027644983428283415,3775,6877337,105
cross_asset_target_free_conservative,10.0,4.0,simMed_test.mat,3e-05,low_rank_residual_k30,0.42597086160014863,0.0005673178858308256,0.003222210344669609,3901,6877337,105
cross_asset_target_free_conservative,10.0,4.0,simMed_test.mat,3e-05,raw,0.08800732803513589,2.0940416872995162e-05,0.00021378615276547658,144,6877337,105
cross_asset_target_free_conservative,10.0,4.0,simMed_test.mat,3e-05,tpsscs_finished_detector,0.5735626578766883,0.0006503510535046002,0.003344379457263717,4472,6877337,105
cross_asset_target_free_conservative,10.0,4.0,simMed_test.mat,0.0001,low_rank_residual_k30,0.48910183717549605,0.0007757120073590253,0.004153749828199685,5334,6877337,105
cross_asset_target_free_conservative,10.0,4.0,simMed_test.mat,0.0001,raw,0.13754819506410546,6.514651216398344e-05,0.0004428427450142015,448,6877337,105
cross_asset_target_free_conservative,10.0,4.0,simMed_test.mat,0.0001,tpsscs_finished_detector,0.620378715094253,0.0008516196158790152,0.004275918940793794,5856,6877337,105
cross_asset_target_free_conservative,10.0,4.0,simMed_test.mat,0.0003,low_rank_residual_k30,0.5239605361500035,0.0009601111249166191,0.005070018172655498,6602,6877337,105
cross_asset_target_free_conservative,10.0,4.0,simMed_test.mat,0.0003,raw,0.18160627999140647,0.00014250664763630603,0.0009009559295116513,980,6877337,105
cross_asset_target_free_conservative,10.0,4.0,simMed_test.mat,0.0003,tpsscs_finished_detector,0.6455501162682619,0.0010300563210733672,0.005176916146175343,7083,6877337,105
cross_asset_target_free_conservative,10.0,4.0,simMed_test.mat,0.001,low_rank_residual_k30,0.594211644415595,0.0014257579872761026,0.007895178901394255,9804,6877337,105
cross_asset_target_free_conservative,10.0,4.0,simMed_test.mat,0.001,raw,0.250506756769571,0.00042271621690726717,0.0022142137250710076,2907,6877337,105
cross_asset_target_free_conservative,10.0,4.0,simMed_test.mat,0.001,tpsscs_finished_detector,0.7000417500931313,0.001486977746324371,0.007986805735839837,10225,6877337,105
cross_asset_target_free_conservative,10.0,4.0,simMed_test.mat,0.003,low_rank_residual_k30,0.6537447867743857,0.002177018231763093,0.012675045431638747,14970,6877337,105
cross_asset_target_free_conservative,10.0,4.0,simMed_test.mat,0.003,raw,0.3203369562677633,0.0009715048995873241,0.004718565800323734,6681,6877337,105
cross_asset_target_free_conservative,10.0,4.0,simMed_test.mat,0.003,tpsscs_finished_detector,0.748751348787386,0.0022316939717923756,0.012766672266084328,15346,6877337,105
cross_asset_target_free_conservative,10.0,4.0,simMed_test.mat,0.01,low_rank_residual_k30,0.7145158195692578,0.0038714936082983025,0.023088904498671473,26622,6877337,105
cross_asset_target_free_conservative,10.0,4.0,simMed_test.mat,0.01,raw,0.4041410413752089,0.002407599490845176,0.009192804568915493,16557,6877337,105
cross_asset_target_free_conservative,10.0,4.0,simMed_test.mat,0.01,tpsscs_finished_detector,0.7952228651804357,0.003918461964898869,0.02319579757505421,26945,6877337,105
cross_asset_target_free_conservative,10.0,4.0,simWind_test.mat,1e-05,low_rank_residual_k30,0.45986910649013046,0.0006108007958287846,0.003161512027491409,4200,6877337,105
cross_asset_target_free_conservative,10.0,4.0,simWind_test.mat,1e-05,raw,0.05299572520410039,5.816626549763409e-06,3.054694301467781e-05,40,6877337,105
cross_asset_target_free_conservative,10.0,4.0,simWind_test.mat,1e-05,tpsscs_finished_detector,0.5752476397830987,0.0006595158194437045,0.0032531500572737684,4535,6877337,105
cross_asset_target_free_conservative,10.0,4.0,simWind_test.mat,3e-05,low_rank_residual_k30,0.48323053490250634,0.0006854053038542792,0.00352763312615488,4713,6877337,105
cross_asset_target_free_conservative,10.0,4.0,simWind_test.mat,3e-05,raw,0.07680541719094329,1.1197201312804595e-05,6.109015379446218e-05,77,6877337,105
cross_asset_target_free_conservative,10.0,4.0,simWind_test.mat,3e-05,tpsscs_finished_detector,0.5920655055556041,0.0007322297548962049,0.0036192599606004613,5035,6877337,105
cross_asset_target_free_conservative,10.0,4.0,simWind_test.mat,0.0001,low_rank_residual_k30,0.537560630735548,0.0009025256280355355,0.005222490303270928,6206,6877337,105
cross_asset_target_free_conservative,10.0,4.0,simWind_test.mat,0.0001,raw,0.10686289059959145,2.573914078622439e-05,0.00013738570272786945,177,6877337,105
cross_asset_target_free_conservative,10.0,4.0,simWind_test.mat,0.0001,tpsscs_finished_detector,0.6350959216595494,0.0009442602544755395,0.0052835720612039215,6493,6877337,105
cross_asset_target_free_conservative,10.0,4.0,simWind_test.mat,0.0003,low_rank_residual_k30,0.5987721546658935,0.0013402571485429055,0.009192804568915493,9216,6877337,105
cross_asset_target_free_conservative,10.0,4.0,simWind_test.mat,0.0003,raw,0.15240196640730022,5.65676200198519e-05,0.0003358317177792364,389,6877337,105
cross_asset_target_free_conservative,10.0,4.0,simWind_test.mat,0.0003,tpsscs_finished_detector,0.6858862943978645,0.001378210907346355,0.009253886326848487,9477,6877337,105
cross_asset_target_free_conservative,10.0,4.0,simWind_test.mat,0.001,low_rank_residual_k30,0.666409106903147,0.0025052572361184324,0.02110374736584919,17227,6877337,105
cross_asset_target_free_conservative,10.0,4.0,simWind_test.mat,0.001,raw,0.20795814347189331,0.00015413989206931148,0.0007479888259628448,1060,6877337,105
cross_asset_target_free_conservative,10.0,4.0,simWind_test.mat,0.001,tpsscs_finished_detector,0.7423571530956755,0.002537103274209251,0.021134288244815686,17446,6877337,105
cross_asset_target_free_conservative,10.0,4.0,simWind_test.mat,0.003,low_rank_residual_k30,0.7239878116639831,0.0051128614450207215,0.04503252603609932,35158,6877337,105
cross_asset_target_free_conservative,10.0,4.0,simWind_test.mat,0.003,raw,0.2680415385538572,0.00031830802580342575,0.0014807125738448151,2189,6877337,105
cross_asset_target_free_conservative,10.0,4.0,simWind_test.mat,0.003,tpsscs_finished_detector,0.79011713644782,0.005141944496028522,0.04504779647558257,35358,6877337,105
cross_asset_target_free_conservative,10.0,4.0,simWind_test.mat,0.01,low_rank_residual_k30,0.7961369418971025,0.012541320010127113,0.10014354213114253,86240,6877337,105
cross_asset_target_free_conservative,10.0,4.0,simWind_test.mat,0.01,raw,0.3569554498857991,0.0009562307452415877,0.0038330559076401507,6576,6877337,105
cross_asset_target_free_conservative,10.0,4.0,simWind_test.mat,0.01,tpsscs_finished_detector,0.8544042742382313,0.0125653131676074,0.10015881257062578,86405,6877337,105
cross_asset_target_free_conservative,10.0,16.0,combined,1e-05,low_rank_residual_k30,0.42205691892953273,0.0005350332784699751,0.003161512027491409,7358,13754674,210
cross_asset_target_free_conservative,10.0,16.0,combined,1e-05,raw,0.0656630799637862,1.0979082111795175e-05,0.00012212062464699507,151,13754674,210
cross_asset_target_free_conservative,10.0,16.0,combined,1e-05,tpsscs_finished_detector,0.5600819858874789,0.0006014166840174206,0.0032531500572737684,8271,13754674,210
cross_asset_target_free_conservative,10.0,16.0,combined,3e-05,low_rank_residual_k30,0.4546006982513275,0.0006263615948425524,0.00352763312615488,8614,13754674,210
cross_asset_target_free_conservative,10.0,16.0,combined,3e-05,raw,0.08240637261303958,1.606880909289988e-05,0.00021378615276547658,221,13754674,210
cross_asset_target_free_conservative,10.0,16.0,combined,3e-05,tpsscs_finished_detector,0.5815209565669408,0.0006885276624195096,0.0036039888215261976,9469,13754674,210
cross_asset_target_free_conservative,10.0,16.0,combined,0.0001,low_rank_residual_k30,0.513331233955522,0.0008391188176972804,0.005222490303270928,11540,13754674,210
cross_asset_target_free_conservative,10.0,16.0,combined,0.0001,raw,0.12220554283184845,4.544282647510391e-05,0.0004428427450142015,625,13754674,210
cross_asset_target_free_conservative,10.0,16.0,combined,0.0001,tpsscs_finished_detector,0.6270568417692063,0.0008953952859188802,0.0052835720612039215,12314,13754674,210
cross_asset_target_free_conservative,10.0,16.0,combined,0.0003,low_rank_residual_k30,0.5613663454079485,0.0011501841367297623,0.009192804568915493,15818,13754674,210
cross_asset_target_free_conservative,10.0,16.0,combined,0.0003,raw,0.16700412319935337,9.953713382807898e-05,0.0009009559295116513,1369,13754674,210
cross_asset_target_free_conservative,10.0,16.0,combined,0.0003,tpsscs_finished_detector,0.6653551890428285,0.0012016616668974768,0.009253886326848487,16526,13754674,210
cross_asset_target_free_conservative,10.0,16.0,combined,0.001,low_rank_residual_k30,0.630310375659371,0.001965507611697268,0.02110374736584919,27031,13754674,210
cross_asset_target_free_conservative,10.0,16.0,combined,0.001,raw,0.22923245012073215,0.0002884280544882893,0.0022142137250710076,3967,13754674,210
cross_asset_target_free_conservative,10.0,16.0,combined,0.001,tpsscs_finished_detector,0.7210253706625958,0.0020099321315275136,0.021134288244815686,27642,13754674,210
cross_asset_target_free_conservative,10.0,16.0,combined,0.003,low_rank_residual_k30,0.6888662992191843,0.0036449398383919074,0.04503252603609932,50128,13754674,210
cross_asset_target_free_conservative,10.0,16.0,combined,0.003,raw,0.29418924741081026,0.0006449064626953748,0.004718565800323734,8870,13754674,210
cross_asset_target_free_conservative,10.0,16.0,combined,0.003,tpsscs_finished_detector,0.7693535323674012,0.0036849289554613893,0.04504779647558257,50678,13754674,210
cross_asset_target_free_conservative,10.0,16.0,combined,0.01,low_rank_residual_k30,0.7553263807331801,0.008206406809212708,0.10014354213114253,112862,13754674,210
cross_asset_target_free_conservative,10.0,16.0,combined,0.01,raw,0.380548245630504,0.001681915118043382,0.009192804568915493,23133,13754674,210
cross_asset_target_free_conservative,10.0,16.0,combined,0.01,tpsscs_finished_detector,0.8247328594591317,0.008240215403640677,0.10015881257062578,113327,13754674,210
cross_asset_target_free_conservative,10.0,16.0,simMed_test.mat,1e-05,low_rank_residual_k30,0.384244731368935,0.0004592657611111655,0.002641907059847594,3158,6877337,105
cross_asset_target_free_conservative,10.0,16.0,simMed_test.mat,1e-05,raw,0.07833043472347202,1.614153767382694e-05,0.00012212062464699507,111,6877337,105
cross_asset_target_free_conservative,10.0,16.0,simMed_test.mat,1e-05,tpsscs_finished_detector,0.545667325035211,0.0005449170625168435,0.0027644983428283415,3747,6877337,105
cross_asset_target_free_conservative,10.0,16.0,simMed_test.mat,3e-05,low_rank_residual_k30,0.42597086160014863,0.0005673178858308256,0.003222210344669609,3901,6877337,105
cross_asset_target_free_conservative,10.0,16.0,simMed_test.mat,3e-05,raw,0.08800732803513589,2.0940416872995162e-05,0.00021378615276547658,144,6877337,105
cross_asset_target_free_conservative,10.0,16.0,simMed_test.mat,3e-05,tpsscs_finished_detector,0.5717274006216293,0.000646425083868521,0.003344379457263717,4445,6877337,105
cross_asset_target_free_conservative,10.0,16.0,simMed_test.mat,0.0001,low_rank_residual_k30,0.48910183717549605,0.0007757120073590253,0.004153749828199685,5334,6877337,105
cross_asset_target_free_conservative,10.0,16.0,simMed_test.mat,0.0001,raw,0.13754819506410546,6.514651216398344e-05,0.0004428427450142015,448,6877337,105
cross_asset_target_free_conservative,10.0,16.0,simMed_test.mat,0.0001,tpsscs_finished_detector,0.619017761878863,0.0008479844429338252,0.004275918940793794,5831,6877337,105
cross_asset_target_free_conservative,10.0,16.0,simMed_test.mat,0.0003,low_rank_residual_k30,0.5239605361500035,0.0009601111249166191,0.005070018172655498,6602,6877337,105
cross_asset_target_free_conservative,10.0,16.0,simMed_test.mat,0.0003,raw,0.18160627999140647,0.00014250664763630603,0.0009009559295116513,980,6877337,105
cross_asset_target_free_conservative,10.0,16.0,simMed_test.mat,0.0003,tpsscs_finished_detector,0.6448240836877925,0.0010264211481281773,0.005176916146175343,7058,6877337,105
cross_asset_target_free_conservative,10.0,16.0,simMed_test.mat,0.001,low_rank_residual_k30,0.594211644415595,0.0014257579872761026,0.007895178901394255,9804,6877337,105
cross_asset_target_free_conservative,10.0,16.0,simMed_test.mat,0.001,raw,0.250506756769571,0.00042271621690726717,0.0022142137250710076,2907,6877337,105
cross_asset_target_free_conservative,10.0,16.0,simMed_test.mat,0.001,tpsscs_finished_detector,0.6996935882295159,0.0014839242933124652,0.007986805735839837,10204,6877337,105
cross_asset_target_free_conservative,10.0,16.0,simMed_test.mat,0.003,low_rank_residual_k30,0.6537447867743857,0.002177018231763093,0.012675045431638747,14970,6877337,105
cross_asset_target_free_conservative,10.0,16.0,simMed_test.mat,0.003,raw,0.3203369562677633,0.0009715048995873241,0.004718565800323734,6681,6877337,105
cross_asset_target_free_conservative,10.0,16.0,simMed_test.mat,0.003,tpsscs_finished_detector,0.7485899282869825,0.0022289313199086655,0.012766672266084328,15327,6877337,105
cross_asset_target_free_conservative,10.0,16.0,simMed_test.mat,0.01,low_rank_residual_k30,0.7145158195692578,0.0038714936082983025,0.023088904498671473,26622,6877337,105
cross_asset_target_free_conservative,10.0,16.0,simMed_test.mat,0.01,raw,0.4041410413752089,0.002407599490845176,0.009192804568915493,16557,6877337,105
cross_asset_target_free_conservative,10.0,16.0,simMed_test.mat,0.01,tpsscs_finished_detector,0.7950614446800321,0.003915990096383964,0.02319579757505421,26928,6877337,105
cross_asset_target_free_conservative,10.0,16.0,simWind_test.mat,1e-05,low_rank_residual_k30,0.45986910649013046,0.0006108007958287846,0.003161512027491409,4200,6877337,105
cross_asset_target_free_conservative,10.0,16.0,simWind_test.mat,1e-05,raw,0.05299572520410039,5.816626549763409e-06,3.054694301467781e-05,40,6877337,105
cross_asset_target_free_conservative,10.0,16.0,simWind_test.mat,1e-05,tpsscs_finished_detector,0.5744966467397469,0.0006579163055179978,0.0032531500572737684,4524,6877337,105
cross_asset_target_free_conservative,10.0,16.0,simWind_test.mat,3e-05,low_rank_residual_k30,0.48323053490250634,0.0006854053038542792,0.00352763312615488,4713,6877337,105
cross_asset_target_free_conservative,10.0,16.0,simWind_test.mat,3e-05,raw,0.07680541719094329,1.1197201312804595e-05,6.109015379446218e-05,77,6877337,105
cross_asset_target_free_conservative,10.0,16.0,simWind_test.mat,3e-05,tpsscs_finished_detector,0.5913145125122523,0.0007306302409704982,0.0036039888215261976,5024,6877337,105
cross_asset_target_free_conservative,10.0,16.0,simWind_test.mat,0.0001,low_rank_residual_k30,0.537560630735548,0.0009025256280355355,0.005222490303270928,6206,6877337,105
cross_asset_target_free_conservative,10.0,16.0,simWind_test.mat,0.0001,raw,0.10686289059959145,2.573914078622439e-05,0.00013738570272786945,177,6877337,105
cross_asset_target_free_conservative,10.0,16.0,simWind_test.mat,0.0001,tpsscs_finished_detector,0.6350959216595494,0.0009428061289039349,0.0052835720612039215,6483,6877337,105
cross_asset_target_free_conservative,10.0,16.0,simWind_test.mat,0.0003,low_rank_residual_k30,0.5987721546658935,0.0013402571485429055,0.009192804568915493,9216,6877337,105
cross_asset_target_free_conservative,10.0,16.0,simWind_test.mat,0.0003,raw,0.15240196640730022,5.65676200198519e-05,0.0003358317177792364,389,6877337,105
cross_asset_target_free_conservative,10.0,16.0,simWind_test.mat,0.0003,tpsscs_finished_detector,0.6858862943978645,0.0013769021856667764,0.009253886326848487,9468,6877337,105
cross_asset_target_free_conservative,10.0,16.0,simWind_test.mat,0.001,low_rank_residual_k30,0.666409106903147,0.0025052572361184324,0.02110374736584919,17227,6877337,105
cross_asset_target_free_conservative,10.0,16.0,simWind_test.mat,0.001,raw,0.20795814347189331,0.00015413989206931148,0.0007479888259628448,1060,6877337,105
cross_asset_target_free_conservative,10.0,16.0,simWind_test.mat,0.001,tpsscs_finished_detector,0.7423571530956755,0.0025359399697425624,0.021134288244815686,17438,6877337,105
cross_asset_target_free_conservative,10.0,16.0,simWind_test.mat,0.003,low_rank_residual_k30,0.7239878116639831,0.0051128614450207215,0.04503252603609932,35158,6877337,105
cross_asset_target_free_conservative,10.0,16.0,simWind_test.mat,0.003,raw,0.2680415385538572,0.00031830802580342575,0.0014807125738448151,2189,6877337,105
cross_asset_target_free_conservative,10.0,16.0,simWind_test.mat,0.003,tpsscs_finished_detector,0.79011713644782,0.005140926591014113,0.04504779647558257,35351,6877337,105
cross_asset_target_free_conservative,10.0,16.0,simWind_test.mat,0.01,low_rank_residual_k30,0.7961369418971025,0.012541320010127113,0.10014354213114253,86240,6877337,105
cross_asset_target_free_conservative,10.0,16.0,simWind_test.mat,0.01,raw,0.3569554498857991,0.0009562307452415877,0.0038330559076401507,6576,6877337,105
cross_asset_target_free_conservative,10.0,16.0,simWind_test.mat,0.01,tpsscs_finished_detector,0.8544042742382313,0.012564440710897391,0.10015881257062578,86399,6877337,105
cross_asset_target_free_conservative,10.0,64.0,combined,1e-05,low_rank_residual_k30,0.42205691892953273,0.0005350332784699751,0.003161512027491409,7358,13754674,210
cross_asset_target_free_conservative,10.0,64.0,combined,1e-05,raw,0.0656630799637862,1.0979082111795175e-05,0.00012212062464699507,151,13754674,210
cross_asset_target_free_conservative,10.0,64.0,combined,1e-05,tpsscs_finished_detector,0.552929887853925,0.0005920375831143172,0.0032531500572737684,8142,13754674,210
cross_asset_target_free_conservative,10.0,64.0,combined,3e-05,low_rank_residual_k30,0.4546006982513275,0.0006263615948425524,0.00352763312615488,8614,13754674,210
cross_asset_target_free_conservative,10.0,64.0,combined,3e-05,raw,0.08240637261303958,1.606880909289988e-05,0.00021378615276547658,221,13754674,210
cross_asset_target_free_conservative,10.0,64.0,combined,3e-05,tpsscs_finished_detector,0.5752312138488226,0.0006795121101120617,0.0036039888215261976,9345,13754674,210
cross_asset_target_free_conservative,10.0,64.0,combined,0.0001,low_rank_residual_k30,0.513331233955522,0.0008391188176972804,0.005222490303270928,11540,13754674,210
cross_asset_target_free_conservative,10.0,64.0,combined,0.0001,raw,0.12220554283184845,4.544282647510391e-05,0.0004428427450142015,625,13754674,210
cross_asset_target_free_conservative,10.0,64.0,combined,0.0001,tpsscs_finished_detector,0.6215886018725908,0.000887615787738916,0.0052835720612039215,12207,13754674,210
cross_asset_target_free_conservative,10.0,64.0,combined,0.0003,low_rank_residual_k30,0.5613663454079485,0.0011501841367297623,0.009192804568915493,15818,13754674,210
cross_asset_target_free_conservative,10.0,64.0,combined,0.0003,raw,0.16700412319935337,9.953713382807898e-05,0.0009009559295116513,1369,13754674,210
cross_asset_target_free_conservative,10.0,64.0,combined,0.0003,tpsscs_finished_detector,0.6602251915057321,0.0011944639041981796,0.009253886326848487,16427,13754674,210
cross_asset_target_free_conservative,10.0,64.0,combined,0.001,low_rank_residual_k30,0.630310375659371,0.001965507611697268,0.02110374736584919,27031,13754674,210
cross_asset_target_free_conservative,10.0,64.0,combined,0.001,raw,0.22923245012073215,0.0002884280544882893,0.0022142137250710076,3967,13754674,210
cross_asset_target_free_conservative,10.0,64.0,combined,0.001,tpsscs_finished_detector,0.7162735063607754,0.00200367954743181,0.021134288244815686,27556,13754674,210
cross_asset_target_free_conservative,10.0,64.0,combined,0.003,low_rank_residual_k30,0.6888662992191843,0.0036449398383919074,0.04503252603609932,50128,13754674,210
cross_asset_target_free_conservative,10.0,64.0,combined,0.003,raw,0.29418924741081026,0.0006449064626953748,0.004718565800323734,8870,13754674,210
cross_asset_target_free_conservative,10.0,64.0,combined,0.003,tpsscs_finished_detector,0.7652323715324425,0.0036794034807741106,0.04504779647558257,50602,13754674,210
cross_asset_target_free_conservative,10.0,64.0,combined,0.01,low_rank_residual_k30,0.7553263807331801,0.008206406809212708,0.10014354213114253,112862,13754674,210
cross_asset_target_free_conservative,10.0,64.0,combined,0.01,raw,0.380548245630504,0.001681915118043382,0.009192804568915493,23133,13754674,210
cross_asset_target_free_conservative,10.0,64.0,combined,0.01,tpsscs_finished_detector,0.8215911808128361,0.00823599867836582,0.10015881257062578,113269,13754674,210
cross_asset_target_free_conservative,10.0,64.0,simMed_test.mat,1e-05,low_rank_residual_k30,0.384244731368935,0.0004592657611111655,0.002641907059847594,3158,6877337,105
cross_asset_target_free_conservative,10.0,64.0,simMed_test.mat,1e-05,raw,0.07833043472347202,1.614153767382694e-05,0.00012212062464699507,111,6877337,105
cross_asset_target_free_conservative,10.0,64.0,simMed_test.mat,1e-05,tpsscs_finished_detector,0.5376401389188175,0.0005312483168215184,0.002748805033367439,3653,6877337,105
cross_asset_target_free_conservative,10.0,64.0,simMed_test.mat,3e-05,low_rank_residual_k30,0.42597086160014863,0.0005673178858308256,0.003222210344669609,3901,6877337,105
cross_asset_target_free_conservative,10.0,64.0,simMed_test.mat,3e-05,raw,0.08800732803513589,2.0940416872995162e-05,0.00021378615276547658,144,6877337,105
cross_asset_target_free_conservative,10.0,64.0,simMed_test.mat,3e-05,tpsscs_finished_detector,0.5649761868824907,0.0006334834353645069,0.003329108318189454,4356,6877337,105
cross_asset_target_free_conservative,10.0,64.0,simMed_test.mat,0.0001,low_rank_residual_k30,0.48910183717549605,0.0007757120073590253,0.004153749828199685,5334,6877337,105
cross_asset_target_free_conservative,10.0,64.0,simMed_test.mat,0.0001,raw,0.13754819506410546,6.514651216398344e-05,0.0004428427450142015,448,6877337,105
cross_asset_target_free_conservative,10.0,64.0,simMed_test.mat,0.0001,tpsscs_finished_detector,0.6131476490208254,0.000836351544968185,0.00426064780171953,5751,6877337,105
cross_asset_target_free_conservative,10.0,64.0,simMed_test.mat,0.0003,low_rank_residual_k30,0.5239605361500035,0.0009601111249166191,0.005070018172655498,6602,6877337,105
cross_asset_target_free_conservative,10.0,64.0,simMed_test.mat,0.0003,raw,0.18160627999140647,0.00014250664763630603,0.0009009559295116513,980,6877337,105
cross_asset_target_free_conservative,10.0,64.0,simMed_test.mat,0.0003,tpsscs_finished_detector,0.6393730552913927,0.0010153700100695353,0.00516164500710108,6982,6877337,105
cross_asset_target_free_conservative,10.0,64.0,simMed_test.mat,0.001,low_rank_residual_k30,0.594211644415595,0.0014257579872761026,0.007895178901394255,9804,6877337,105
cross_asset_target_free_conservative,10.0,64.0,simMed_test.mat,0.001,raw,0.250506756769571,0.00042271621690726717,0.0022142137250710076,2907,6877337,105
cross_asset_target_free_conservative,10.0,64.0,simMed_test.mat,0.001,tpsscs_finished_detector,0.6947414260462679,0.0014741818924418396,0.007971534596765573,10137,6877337,105
cross_asset_target_free_conservative,10.0,64.0,simMed_test.mat,0.003,low_rank_residual_k30,0.6537447867743857,0.002177018231763093,0.012675045431638747,14970,6877337,105
cross_asset_target_free_conservative,10.0,64.0,simMed_test.mat,0.003,raw,0.3203369562677633,0.0009715048995873241,0.004718565800323734,6681,6877337,105
cross_asset_target_free_conservative,10.0,64.0,simMed_test.mat,0.003,tpsscs_finished_detector,0.7447377525370541,0.002220497689550489,0.012751401127010063,15269,6877337,105
cross_asset_target_free_conservative,10.0,64.0,simMed_test.mat,0.01,low_rank_residual_k30,0.7145158195692578,0.0038714936082983025,0.023088904498671473,26622,6877337,105
cross_asset_target_free_conservative,10.0,64.0,simMed_test.mat,0.01,raw,0.4041410413752089,0.002407599490845176,0.009192804568915493,16557,6877337,105
cross_asset_target_free_conservative,10.0,64.0,simMed_test.mat,0.01,tpsscs_finished_detector,0.7927547050250493,0.003909446918721105,0.023165256696087714,26883,6877337,105
cross_asset_target_free_conservative,10.0,64.0,simWind_test.mat,1e-05,low_rank_residual_k30,0.45986910649013046,0.0006108007958287846,0.003161512027491409,4200,6877337,105
cross_asset_target_free_conservative,10.0,64.0,simWind_test.mat,1e-05,raw,0.05299572520410039,5.816626549763409e-06,3.054694301467781e-05,40,6877337,105
cross_asset_target_free_conservative,10.0,64.0,simWind_test.mat,1e-05,tpsscs_finished_detector,0.5682196367890326,0.000652826849407116,0.0032531500572737684,4489,6877337,105
cross_asset_target_free_conservative,10.0,64.0,simWind_test.mat,3e-05,low_rank_residual_k30,0.48323053490250634,0.0006854053038542792,0.00352763312615488,4713,6877337,105
cross_asset_target_free_conservative,10.0,64.0,simWind_test.mat,3e-05,raw,0.07680541719094329,1.1197201312804595e-05,6.109015379446218e-05,77,6877337,105
cross_asset_target_free_conservative,10.0,64.0,simWind_test.mat,3e-05,tpsscs_finished_detector,0.5854862408151543,0.0007255407848596163,0.0036039888215261976,4989,6877337,105
cross_asset_target_free_conservative,10.0,64.0,simWind_test.mat,0.0001,low_rank_residual_k30,0.537560630735548,0.0009025256280355355,0.005222490303270928,6206,6877337,105
cross_asset_target_free_conservative,10.0,64.0,simWind_test.mat,0.0001,raw,0.10686289059959145,2.573914078622439e-05,0.00013738570272786945,177,6877337,105
cross_asset_target_free_conservative,10.0,64.0,simWind_test.mat,0.0001,tpsscs_finished_detector,0.6300295547243563,0.0009388800305096468,0.0052835720612039215,6456,6877337,105
cross_asset_target_free_conservative,10.0,64.0,simWind_test.mat,0.0003,low_rank_residual_k30,0.5987721546658935,0.0013402571485429055,0.009192804568915493,9216,6877337,105
cross_asset_target_free_conservative,10.0,64.0,simWind_test.mat,0.0003,raw,0.15240196640730022,5.65676200198519e-05,0.0003358317177792364,389,6877337,105
cross_asset_target_free_conservative,10.0,64.0,simWind_test.mat,0.0003,tpsscs_finished_detector,0.6810773277200716,0.0013735577983268238,0.009253886326848487,9445,6877337,105
cross_asset_target_free_conservative,10.0,64.0,simWind_test.mat,0.001,low_rank_residual_k30,0.666409106903147,0.0025052572361184324,0.02110374736584919,17227,6877337,105
cross_asset_target_free_conservative,10.0,64.0,simWind_test.mat,0.001,raw,0.20795814347189331,0.00015413989206931148,0.0007479888259628448,1060,6877337,105
cross_asset_target_free_conservative,10.0,64.0,simWind_test.mat,0.001,tpsscs_finished_detector,0.7378055866752831,0.0025331772024217805,0.021134288244815686,17419,6877337,105
cross_asset_target_free_conservative,10.0,64.0,simWind_test.mat,0.003,low_rank_residual_k30,0.7239878116639831,0.0051128614450207215,0.04503252603609932,35158,6877337,105
cross_asset_target_free_conservative,10.0,64.0,simWind_test.mat,0.003,raw,0.2680415385538572,0.00031830802580342575,0.0014807125738448151,2189,6877337,105
cross_asset_target_free_conservative,10.0,64.0,simWind_test.mat,0.003,tpsscs_finished_detector,0.785726990527831,0.005138309271997732,0.04504779647558257,35333,6877337,105
cross_asset_target_free_conservative,10.0,64.0,simWind_test.mat,0.01,low_rank_residual_k30,0.7961369418971025,0.012541320010127113,0.10014354213114253,86240,6877337,105
cross_asset_target_free_conservative,10.0,64.0,simWind_test.mat,0.01,raw,0.3569554498857991,0.0009562307452415877,0.0038330559076401507,6576,6877337,105
cross_asset_target_free_conservative,10.0,64.0,simWind_test.mat,0.01,tpsscs_finished_detector,0.8504276566006229,0.012562550438010533,0.10015881257062578,86386,6877337,105
cross_asset_target_free_conservative,10.0,256.0,combined,1e-05,low_rank_residual_k30,0.42205691892953273,0.0005350332784699751,0.003161512027491409,7358,13754674,210
cross_asset_target_free_conservative,10.0,256.0,combined,1e-05,raw,0.0656630799637862,1.0979082111795175e-05,0.00012212062464699507,151,13754674,210
cross_asset_target_free_conservative,10.0,256.0,combined,1e-05,tpsscs_finished_detector,0.5214081708928514,0.000569570351918379,0.003222210344669609,7833,13754674,210
cross_asset_target_free_conservative,10.0,256.0,combined,3e-05,low_rank_residual_k30,0.4546006982513275,0.0006263615948425524,0.00352763312615488,8614,13754674,210
cross_asset_target_free_conservative,10.0,256.0,combined,3e-05,raw,0.08240637261303958,1.606880909289988e-05,0.00021378615276547658,221,13754674,210
cross_asset_target_free_conservative,10.0,256.0,combined,3e-05,tpsscs_finished_detector,0.5471509460917753,0.0006586445504439274,0.003588717682451934,9058,13754674,210
cross_asset_target_free_conservative,10.0,256.0,combined,0.0001,low_rank_residual_k30,0.513331233955522,0.0008391188176972804,0.005222490303270928,11540,13754674,210
cross_asset_target_free_conservative,10.0,256.0,combined,0.0001,raw,0.12220554283184845,4.544282647510391e-05,0.0004428427450142015,625,13754674,210
cross_asset_target_free_conservative,10.0,256.0,combined,0.0001,tpsscs_finished_detector,0.5965039094793286,0.0008690750167958427,0.005268301621720673,11952,13754674,210
cross_asset_target_free_conservative,10.0,256.0,combined,0.0003,low_rank_residual_k30,0.5613663454079485,0.0011501841367297623,0.009192804568915493,15818,13754674,210
cross_asset_target_free_conservative,10.0,256.0,combined,0.0003,raw,0.16700412319935337,9.953713382807898e-05,0.0009009559295116513,1369,13754674,210
cross_asset_target_free_conservative,10.0,256.0,combined,0.0003,tpsscs_finished_detector,0.6372266260997304,0.0011778863289765738,0.009238615887365239,16199,13754674,210
cross_asset_target_free_conservative,10.0,256.0,combined,0.001,low_rank_residual_k30,0.630310375659371,0.001965507611697268,0.02110374736584919,27031,13754674,210
cross_asset_target_free_conservative,10.0,256.0,combined,0.001,raw,0.22923245012073215,0.0002884280544882893,0.0022142137250710076,3967,13754674,210
cross_asset_target_free_conservative,10.0,256.0,combined,0.001,tpsscs_finished_detector,0.6969259233752274,0.00198928338811122,0.021119017805332436,27358,13754674,210
cross_asset_target_free_conservative,10.0,256.0,combined,0.003,low_rank_residual_k30,0.6888662992191843,0.0036449398383919074,0.04503252603609932,50128,13754674,210
cross_asset_target_free_conservative,10.0,256.0,combined,0.003,raw,0.29418924741081026,0.0006449064626953748,0.004718565800323734,8870,13754674,210
cross_asset_target_free_conservative,10.0,256.0,combined,0.003,tpsscs_finished_detector,0.7482075428010084,0.003666534307707806,0.04503252603609932,50425,13754674,210
cross_asset_target_free_conservative,10.0,256.0,combined,0.01,low_rank_residual_k30,0.7553263807331801,0.008206406809212708,0.10014354213114253,112862,13754674,210
cross_asset_target_free_conservative,10.0,256.0,combined,0.01,raw,0.380548245630504,0.001681915118043382,0.009192804568915493,23133,13754674,210
cross_asset_target_free_conservative,10.0,256.0,combined,0.01,tpsscs_finished_detector,0.8068996297125226,0.008224874558548041,0.10014354213114253,113116,13754674,210
cross_asset_target_free_conservative,10.0,256.0,simMed_test.mat,1e-05,low_rank_residual_k30,0.384244731368935,0.0004592657611111655,0.002641907059847594,3158,6877337,105
cross_asset_target_free_conservative,10.0,256.0,simMed_test.mat,1e-05,raw,0.07833043472347202,1.614153767382694e-05,0.00012212062464699507,111,6877337,105
cross_asset_target_free_conservative,10.0,256.0,simMed_test.mat,1e-05,tpsscs_finished_detector,0.5021053728606372,0.0005011465684198787,0.0027029916161446484,3446,6877337,105
cross_asset_target_free_conservative,10.0,256.0,simMed_test.mat,3e-05,low_rank_residual_k30,0.42597086160014863,0.0005673178858308256,0.003222210344669609,3901,6877337,105
cross_asset_target_free_conservative,10.0,256.0,simMed_test.mat,3e-05,raw,0.08800732803513589,2.0940416872995162e-05,0.00021378615276547658,144,6877337,105
cross_asset_target_free_conservative,10.0,256.0,simMed_test.mat,3e-05,tpsscs_finished_detector,0.5338622719891813,0.000605999314530701,0.0032832949009666632,4167,6877337,105
cross_asset_target_free_conservative,10.0,256.0,simMed_test.mat,0.0001,low_rank_residual_k30,0.48910183717549605,0.0007757120073590253,0.004153749828199685,5334,6877337,105
cross_asset_target_free_conservative,10.0,256.0,simMed_test.mat,0.0001,raw,0.13754819506410546,6.514651216398344e-05,0.0004428427450142015,448,6877337,105
cross_asset_target_free_conservative,10.0,256.0,simMed_test.mat,0.0001,tpsscs_finished_detector,0.5857742763320299,0.0008123575817033311,0.00421483438449674,5586,6877337,105
cross_asset_target_free_conservative,10.0,256.0,simMed_test.mat,0.0003,low_rank_residual_k30,0.5239605361500035,0.0009601111249166191,0.005070018172655498,6602,6877337,105
cross_asset_target_free_conservative,10.0,256.0,simMed_test.mat,0.0003,raw,0.18160627999140647,0.00014250664763630603,0.0009009559295116513,980,6877337,105
cross_asset_target_free_conservative,10.0,256.0,simMed_test.mat,0.0003,tpsscs_finished_detector,0.6135596474273518,0.0009937027711431792,0.005115831589878289,6833,6877337,105
cross_asset_target_free_conservative,10.0,256.0,simMed_test.mat,0.001,low_rank_residual_k30,0.594211644415595,0.0014257579872761026,0.007895178901394255,9804,6877337,105
cross_asset_target_free_conservative,10.0,256.0,simMed_test.mat,0.001,raw,0.250506756769571,0.00042271621690726717,0.0022142137250710076,2907,6877337,105
cross_asset_target_free_conservative,10.0,256.0,simMed_test.mat,0.001,tpsscs_finished_detector,0.6723502207756552,0.0014560049664764873,0.007940992318617045,10012,6877337,105
cross_asset_target_free_conservative,10.0,256.0,simMed_test.mat,0.003,low_rank_residual_k30,0.6537447867743857,0.002177018231763093,0.012675045431638747,14970,6877337,105
cross_asset_target_free_conservative,10.0,256.0,simMed_test.mat,0.003,raw,0.3203369562677633,0.0009715048995873241,0.004718565800323734,6681,6877337,105
cross_asset_target_free_conservative,10.0,256.0,simMed_test.mat,0.003,tpsscs_finished_detector,0.7244450159680291,0.0022042113206314014,0.012720858848861536,15157,6877337,105
cross_asset_target_free_conservative,10.0,256.0,simMed_test.mat,0.01,low_rank_residual_k30,0.7145158195692578,0.0038714936082983025,0.023088904498671473,26622,6877337,105
cross_asset_target_free_conservative,10.0,256.0,simMed_test.mat,0.01,raw,0.4041410413752089,0.002407599490845176,0.009192804568915493,16557,6877337,105
cross_asset_target_free_conservative,10.0,256.0,simMed_test.mat,0.01,tpsscs_finished_detector,0.7759113306359138,0.0038953419301823865,0.023134715817121218,26786,6877337,105
cross_asset_target_free_conservative,10.0,256.0,simWind_test.mat,1e-05,low_rank_residual_k30,0.45986910649013046,0.0006108007958287846,0.003161512027491409,4200,6877337,105
cross_asset_target_free_conservative,10.0,256.0,simWind_test.mat,1e-05,raw,0.05299572520410039,5.816626549763409e-06,3.054694301467781e-05,40,6877337,105
cross_asset_target_free_conservative,10.0,256.0,simWind_test.mat,1e-05,tpsscs_finished_detector,0.5407109689250655,0.0006379941354168793,0.003222210344669609,4387,6877337,105
cross_asset_target_free_conservative,10.0,256.0,simWind_test.mat,3e-05,low_rank_residual_k30,0.48323053490250634,0.0006854053038542792,0.00352763312615488,4713,6877337,105
cross_asset_target_free_conservative,10.0,256.0,simWind_test.mat,3e-05,raw,0.07680541719094329,1.1197201312804595e-05,6.109015379446218e-05,77,6877337,105
cross_asset_target_free_conservative,10.0,256.0,simWind_test.mat,3e-05,tpsscs_finished_detector,0.5604396201943691,0.0007112897863571539,0.003588717682451934,4891,6877337,105
cross_asset_target_free_conservative,10.0,256.0,simWind_test.mat,0.0001,low_rank_residual_k30,0.537560630735548,0.0009025256280355355,0.005222490303270928,6206,6877337,105
cross_asset_target_free_conservative,10.0,256.0,simWind_test.mat,0.0001,raw,0.10686289059959145,2.573914078622439e-05,0.00013738570272786945,177,6877337,105
cross_asset_target_free_conservative,10.0,256.0,simWind_test.mat,0.0001,tpsscs_finished_detector,0.6072335426266274,0.0009257924518883546,0.005268301621720673,6366,6877337,105
cross_asset_target_free_conservative,10.0,256.0,simWind_test.mat,0.0003,low_rank_residual_k30,0.5987721546658935,0.0013402571485429055,0.009192804568915493,9216,6877337,105
cross_asset_target_free_conservative,10.0,256.0,simWind_test.mat,0.0003,raw,0.15240196640730022,5.65676200198519e-05,0.0003358317177792364,389,6877337,105
cross_asset_target_free_conservative,10.0,256.0,simWind_test.mat,0.0003,tpsscs_finished_detector,0.6608936047721091,0.001362069886809968,0.009238615887365239,9366,6877337,105
cross_asset_target_free_conservative,10.0,256.0,simWind_test.mat,0.001,low_rank_residual_k30,0.666409106903147,0.0025052572361184324,0.02110374736584919,17227,6877337,105
cross_asset_target_free_conservative,10.0,256.0,simWind_test.mat,0.001,raw,0.20795814347189331,0.00015413989206931148,0.0007479888259628448,1060,6877337,105
cross_asset_target_free_conservative,10.0,256.0,simWind_test.mat,0.001,tpsscs_finished_detector,0.7215016259747996,0.002522561809745952,0.021119017805332436,17346,6877337,105
cross_asset_target_free_conservative,10.0,256.0,simWind_test.mat,0.003,low_rank_residual_k30,0.7239878116639831,0.0051128614450207215,0.04503252603609932,35158,6877337,105
cross_asset_target_free_conservative,10.0,256.0,simWind_test.mat,0.003,raw,0.2680415385538572,0.00031830802580342575,0.0014807125738448151,2189,6877337,105
cross_asset_target_free_conservative,10.0,256.0,simWind_test.mat,0.003,tpsscs_finished_detector,0.771970069633988,0.0051288572947842115,0.04503252603609932,35268,6877337,105
cross_asset_target_free_conservative,10.0,256.0,simWind_test.mat,0.01,low_rank_residual_k30,0.7961369418971025,0.012541320010127113,0.10014354213114253,86240,6877337,105
cross_asset_target_free_conservative,10.0,256.0,simWind_test.mat,0.01,raw,0.3569554498857991,0.0009562307452415877,0.0038330559076401507,6576,6877337,105
cross_asset_target_free_conservative,10.0,256.0,simWind_test.mat,0.01,tpsscs_finished_detector,0.8378879287891317,0.012554407186913695,0.10014354213114253,86330,6877337,105
cross_asset_target_free_conservative,100.0,0.0,combined,1e-05,low_rank_residual_k30,0.41846706759468344,0.0005251444269687086,0.0031004200076365025,7222,13754674,210
cross_asset_target_free_conservative,100.0,0.0,combined,1e-05,raw,0.06353575246875087,9.961161586477536e-06,9.162263689948997e-05,137,13754674,210
cross_asset_target_free_conservative,100.0,0.0,combined,1e-05,tpsscs_finished_detector,0.5602027885156847,0.0005956720955892218,0.003192058037418862,8192,13754674,210
cross_asset_target_free_conservative,100.0,0.0,combined,3e-05,low_rank_residual_k30,0.41846706759468344,0.0005251444269687086,0.0031004200076365025,7222,13754674,210
cross_asset_target_free_conservative,100.0,0.0,combined,3e-05,raw,0.06353575246875087,9.961161586477536e-06,9.162263689948997e-05,137,13754674,210
cross_asset_target_free_conservative,100.0,0.0,combined,3e-05,tpsscs_finished_detector,0.5602027885156847,0.0005956720955892218,0.003192058037418862,8192,13754674,210
cross_asset_target_free_conservative,100.0,0.0,combined,0.0001,low_rank_residual_k30,0.42205691892953273,0.0005350332784699751,0.003161512027491409,7358,13754674,210
cross_asset_target_free_conservative,100.0,0.0,combined,0.0001,raw,0.0656630799637862,1.0979082111795175e-05,0.00012212062464699507,151,13754674,210
cross_asset_target_free_conservative,100.0,0.0,combined,0.0001,tpsscs_finished_detector,0.5624827259592946,0.0006050519757331937,0.0032531500572737684,8321,13754674,210
cross_asset_target_free_conservative,100.0,0.0,combined,0.0003,low_rank_residual_k30,0.4546006982513275,0.0006263615948425524,0.00352763312615488,8614,13754674,210
cross_asset_target_free_conservative,100.0,0.0,combined,0.0003,raw,0.08240637261303958,1.606880909289988e-05,0.00021378615276547658,221,13754674,210
cross_asset_target_free_conservative,100.0,0.0,combined,0.0003,tpsscs_finished_detector,0.5836091203261801,0.0006920175391329088,0.0036192599606004613,9517,13754674,210
cross_asset_target_free_conservative,100.0,0.0,combined,0.001,low_rank_residual_k30,0.513331233955522,0.0008391188176972804,0.005222490303270928,11540,13754674,210
cross_asset_target_free_conservative,100.0,0.0,combined,0.001,raw,0.12220554283184845,4.544282647510391e-05,0.0004428427450142015,625,13754674,210
cross_asset_target_free_conservative,100.0,0.0,combined,0.001,tpsscs_finished_detector,0.6282695312620552,0.0008985216362404732,0.0052835720612039215,12357,13754674,210
cross_asset_target_free_conservative,100.0,0.0,combined,0.003,low_rank_residual_k30,0.5613663454079485,0.0011501841367297623,0.009192804568915493,15818,13754674,210
cross_asset_target_free_conservative,100.0,0.0,combined,0.003,raw,0.16700412319935337,9.953713382807898e-05,0.0009009559295116513,1369,13754674,210
cross_asset_target_free_conservative,100.0,0.0,combined,0.003,tpsscs_finished_detector,0.6662504182182173,0.001204715315273057,0.009253886326848487,16568,13754674,210
cross_asset_target_free_conservative,100.0,0.0,combined,0.01,low_rank_residual_k30,0.630310375659371,0.001965507611697268,0.02110374736584919,27031,13754674,210
cross_asset_target_free_conservative,100.0,0.0,combined,0.01,raw,0.22923245012073215,0.0002884280544882893,0.0022142137250710076,3967,13754674,210
cross_asset_target_free_conservative,100.0,0.0,combined,0.01,tpsscs_finished_detector,0.7216382937979516,0.002012549480513305,0.021134288244815686,27678,13754674,210
cross_asset_target_free_conservative,100.0,0.0,simMed_test.mat,1e-05,low_rank_residual_k30,0.382876722927808,0.0004559209719533609,0.0026266359207733304,3135,6877337,105
cross_asset_target_free_conservative,100.0,0.0,simMed_test.mat,1e-05,raw,0.07447260513022674,1.410569662319166e-05,9.162263689948997e-05,97,6877337,105
cross_asset_target_free_conservative,100.0,0.0,simMed_test.mat,1e-05,tpsscs_finished_detector,0.5489405168961264,0.0005468069801800133,0.0027644983428283415,3760,6877337,105
cross_asset_target_free_conservative,100.0,0.0,simMed_test.mat,3e-05,low_rank_residual_k30,0.382876722927808,0.0004559209719533609,0.0026266359207733304,3135,6877337,105
cross_asset_target_free_conservative,100.0,0.0,simMed_test.mat,3e-05,raw,0.07447260513022674,1.410569662319166e-05,9.162263689948997e-05,97,6877337,105
cross_asset_target_free_conservative,100.0,0.0,simMed_test.mat,3e-05,tpsscs_finished_detector,0.5489405168961264,0.0005468069801800133,0.0027644983428283415,3760,6877337,105
cross_asset_target_free_conservative,100.0,0.0,simMed_test.mat,0.0001,low_rank_residual_k30,0.384244731368935,0.0004592657611111655,0.002641907059847594,3158,6877337,105
cross_asset_target_free_conservative,100.0,0.0,simMed_test.mat,0.0001,raw,0.07833043472347202,1.614153767382694e-05,0.00012212062464699507,111,6877337,105
cross_asset_target_free_conservative,100.0,0.0,simMed_test.mat,0.0001,tpsscs_finished_detector,0.5493563642982101,0.0005500063521249278,0.002779347311515966,3782,6877337,105
cross_asset_target_free_conservative,100.0,0.0,simMed_test.mat,0.0003,low_rank_residual_k30,0.42597086160014863,0.0005673178858308256,0.003222210344669609,3901,6877337,105
cross_asset_target_free_conservative,100.0,0.0,simMed_test.mat,0.0003,raw,0.08800732803513589,2.0940416872995162e-05,0.00021378615276547658,144,6877337,105
cross_asset_target_free_conservative,100.0,0.0,simMed_test.mat,0.0003,tpsscs_finished_detector,0.5747912872594758,0.0006512235434718578,0.0033596505963379808,4478,6877337,105
cross_asset_target_free_conservative,100.0,0.0,simMed_test.mat,0.001,low_rank_residual_k30,0.48910183717549605,0.0007757120073590253,0.004153749828199685,5334,6877337,105
cross_asset_target_free_conservative,100.0,0.0,simMed_test.mat,0.001,raw,0.13754819506410546,6.514651216398344e-05,0.0004428427450142015,448,6877337,105
cross_asset_target_free_conservative,100.0,0.0,simMed_test.mat,0.001,tpsscs_finished_detector,0.6214431408645611,0.0008524921058462727,0.004291190079868058,5862,6877337,105
cross_asset_target_free_conservative,100.0,0.0,simMed_test.mat,0.003,low_rank_residual_k30,0.5239605361500035,0.0009601111249166191,0.005070018172655498,6602,6877337,105
cross_asset_target_free_conservative,100.0,0.0,simMed_test.mat,0.003,raw,0.18160627999140647,0.00014250664763630603,0.0009009559295116513,980,6877337,105
cross_asset_target_free_conservative,100.0,0.0,simMed_test.mat,0.003,tpsscs_finished_detector,0.6466145420385699,0.0010309288110406248,0.005192187285249607,7089,6877337,105
cross_asset_target_free_conservative,100.0,0.0,simMed_test.mat,0.01,low_rank_residual_k30,0.594211644415595,0.0014257579872761026,0.007895178901394255,9804,6877337,105
cross_asset_target_free_conservative,100.0,0.0,simMed_test.mat,0.01,raw,0.250506756769571,0.00042271621690726717,0.0022142137250710076,2907,6877337,105
cross_asset_target_free_conservative,100.0,0.0,simMed_test.mat,0.01,tpsscs_finished_detector,0.7009194345002275,0.0014878502362916284,0.0080020768749141,10231,6877337,105
cross_asset_target_free_conservative,100.0,0.0,simWind_test.mat,1e-05,low_rank_residual_k30,0.4540574122615589,0.0005943678819840563,0.0031004200076365025,4087,6877337,105
cross_asset_target_free_conservative,100.0,0.0,simWind_test.mat,1e-05,raw,0.052598899807274994,5.816626549763409e-06,3.054694301467781e-05,40,6877337,105
cross_asset_target_free_conservative,100.0,0.0,simWind_test.mat,1e-05,tpsscs_finished_detector,0.5714650601352431,0.0006445372109984301,0.003192058037418862,4432,6877337,105
cross_asset_target_free_conservative,100.0,0.0,simWind_test.mat,3e-05,low_rank_residual_k30,0.4540574122615589,0.0005943678819840563,0.0031004200076365025,4087,6877337,105
cross_asset_target_free_conservative,100.0,0.0,simWind_test.mat,3e-05,raw,0.052598899807274994,5.816626549763409e-06,3.054694301467781e-05,40,6877337,105
cross_asset_target_free_conservative,100.0,0.0,simWind_test.mat,3e-05,tpsscs_finished_detector,0.5714650601352431,0.0006445372109984301,0.003192058037418862,4432,6877337,105
cross_asset_target_free_conservative,100.0,0.0,simWind_test.mat,0.0001,low_rank_residual_k30,0.45986910649013046,0.0006108007958287846,0.003161512027491409,4200,6877337,105
cross_asset_target_free_conservative,100.0,0.0,simWind_test.mat,0.0001,raw,0.05299572520410039,5.816626549763409e-06,3.054694301467781e-05,40,6877337,105
cross_asset_target_free_conservative,100.0,0.0,simWind_test.mat,0.0001,tpsscs_finished_detector,0.575609087620379,0.0006600975993414596,0.0032531500572737684,4539,6877337,105
cross_asset_target_free_conservative,100.0,0.0,simWind_test.mat,0.0003,low_rank_residual_k30,0.48323053490250634,0.0006854053038542792,0.00352763312615488,4713,6877337,105
cross_asset_target_free_conservative,100.0,0.0,simWind_test.mat,0.0003,raw,0.07680541719094329,1.1197201312804595e-05,6.109015379446218e-05,77,6877337,105
cross_asset_target_free_conservative,100.0,0.0,simWind_test.mat,0.0003,tpsscs_finished_detector,0.5924269533928844,0.0007328115347939601,0.0036192599606004613,5039,6877337,105
cross_asset_target_free_conservative,100.0,0.0,simWind_test.mat,0.001,low_rank_residual_k30,0.537560630735548,0.0009025256280355355,0.005222490303270928,6206,6877337,105
cross_asset_target_free_conservative,100.0,0.0,simWind_test.mat,0.001,raw,0.10686289059959145,2.573914078622439e-05,0.00013738570272786945,177,6877337,105
cross_asset_target_free_conservative,100.0,0.0,simWind_test.mat,0.001,tpsscs_finished_detector,0.6350959216595494,0.0009445511666346736,0.0052835720612039215,6495,6877337,105
cross_asset_target_free_conservative,100.0,0.0,simWind_test.mat,0.003,low_rank_residual_k30,0.5987721546658935,0.0013402571485429055,0.009192804568915493,9216,6877337,105
cross_asset_target_free_conservative,100.0,0.0,simWind_test.mat,0.003,raw,0.15240196640730022,5.65676200198519e-05,0.0003358317177792364,389,6877337,105
cross_asset_target_free_conservative,100.0,0.0,simWind_test.mat,0.003,tpsscs_finished_detector,0.6858862943978645,0.0013785018195054892,0.009253886326848487,9479,6877337,105
cross_asset_target_free_conservative,100.0,0.0,simWind_test.mat,0.01,low_rank_residual_k30,0.666409106903147,0.0025052572361184324,0.02110374736584919,17227,6877337,105
cross_asset_target_free_conservative,100.0,0.0,simWind_test.mat,0.01,raw,0.20795814347189331,0.00015413989206931148,0.0007479888259628448,1060,6877337,105
cross_asset_target_free_conservative,100.0,0.0,simWind_test.mat,0.01,tpsscs_finished_detector,0.7423571530956755,0.0025372487247349814,0.021134288244815686,17447,6877337,105
cross_asset_target_free_conservative,100.0,0.25,combined,1e-05,low_rank_residual_k30,0.41846706759468344,0.0005251444269687086,0.0031004200076365025,7222,13754674,210
cross_asset_target_free_conservative,100.0,0.25,combined,1e-05,raw,0.06353575246875087,9.961161586477536e-06,9.162263689948997e-05,137,13754674,210
cross_asset_target_free_conservative,100.0,0.25,combined,1e-05,tpsscs_finished_detector,0.5602027885156847,0.0005956720955892218,0.003192058037418862,8192,13754674,210
cross_asset_target_free_conservative,100.0,0.25,combined,3e-05,low_rank_residual_k30,0.41846706759468344,0.0005251444269687086,0.0031004200076365025,7222,13754674,210
cross_asset_target_free_conservative,100.0,0.25,combined,3e-05,raw,0.06353575246875087,9.961161586477536e-06,9.162263689948997e-05,137,13754674,210
cross_asset_target_free_conservative,100.0,0.25,combined,3e-05,tpsscs_finished_detector,0.5602027885156847,0.0005956720955892218,0.003192058037418862,8192,13754674,210
cross_asset_target_free_conservative,100.0,0.25,combined,0.0001,low_rank_residual_k30,0.42205691892953273,0.0005350332784699751,0.003161512027491409,7358,13754674,210
cross_asset_target_free_conservative,100.0,0.25,combined,0.0001,raw,0.0656630799637862,1.0979082111795175e-05,0.00012212062464699507,151,13754674,210
cross_asset_target_free_conservative,100.0,0.25,combined,0.0001,tpsscs_finished_detector,0.5624827259592946,0.0006050519757331937,0.0032531500572737684,8321,13754674,210
cross_asset_target_free_conservative,100.0,0.25,combined,0.0003,low_rank_residual_k30,0.4546006982513275,0.0006263615948425524,0.00352763312615488,8614,13754674,210
cross_asset_target_free_conservative,100.0,0.25,combined,0.0003,raw,0.08240637261303958,1.606880909289988e-05,0.00021378615276547658,221,13754674,210
cross_asset_target_free_conservative,100.0,0.25,combined,0.0003,tpsscs_finished_detector,0.5836091203261801,0.0006920175391329088,0.0036192599606004613,9517,13754674,210
cross_asset_target_free_conservative,100.0,0.25,combined,0.001,low_rank_residual_k30,0.513331233955522,0.0008391188176972804,0.005222490303270928,11540,13754674,210
cross_asset_target_free_conservative,100.0,0.25,combined,0.001,raw,0.12220554283184845,4.544282647510391e-05,0.0004428427450142015,625,13754674,210
cross_asset_target_free_conservative,100.0,0.25,combined,0.001,tpsscs_finished_detector,0.6282695312620552,0.0008985216362404732,0.0052835720612039215,12357,13754674,210
cross_asset_target_free_conservative,100.0,0.25,combined,0.003,low_rank_residual_k30,0.5613663454079485,0.0011501841367297623,0.009192804568915493,15818,13754674,210
cross_asset_target_free_conservative,100.0,0.25,combined,0.003,raw,0.16700412319935337,9.953713382807898e-05,0.0009009559295116513,1369,13754674,210
cross_asset_target_free_conservative,100.0,0.25,combined,0.003,tpsscs_finished_detector,0.6662504182182173,0.001204715315273057,0.009253886326848487,16568,13754674,210
cross_asset_target_free_conservative,100.0,0.25,combined,0.01,low_rank_residual_k30,0.630310375659371,0.001965507611697268,0.02110374736584919,27031,13754674,210
cross_asset_target_free_conservative,100.0,0.25,combined,0.01,raw,0.22923245012073215,0.0002884280544882893,0.0022142137250710076,3967,13754674,210
cross_asset_target_free_conservative,100.0,0.25,combined,0.01,tpsscs_finished_detector,0.7216382937979516,0.002012549480513305,0.021134288244815686,27678,13754674,210
cross_asset_target_free_conservative,100.0,0.25,simMed_test.mat,1e-05,low_rank_residual_k30,0.382876722927808,0.0004559209719533609,0.0026266359207733304,3135,6877337,105
cross_asset_target_free_conservative,100.0,0.25,simMed_test.mat,1e-05,raw,0.07447260513022674,1.410569662319166e-05,9.162263689948997e-05,97,6877337,105
cross_asset_target_free_conservative,100.0,0.25,simMed_test.mat,1e-05,tpsscs_finished_detector,0.5489405168961264,0.0005468069801800133,0.0027644983428283415,3760,6877337,105
cross_asset_target_free_conservative,100.0,0.25,simMed_test.mat,3e-05,low_rank_residual_k30,0.382876722927808,0.0004559209719533609,0.0026266359207733304,3135,6877337,105
cross_asset_target_free_conservative,100.0,0.25,simMed_test.mat,3e-05,raw,0.07447260513022674,1.410569662319166e-05,9.162263689948997e-05,97,6877337,105
cross_asset_target_free_conservative,100.0,0.25,simMed_test.mat,3e-05,tpsscs_finished_detector,0.5489405168961264,0.0005468069801800133,0.0027644983428283415,3760,6877337,105
cross_asset_target_free_conservative,100.0,0.25,simMed_test.mat,0.0001,low_rank_residual_k30,0.384244731368935,0.0004592657611111655,0.002641907059847594,3158,6877337,105
cross_asset_target_free_conservative,100.0,0.25,simMed_test.mat,0.0001,raw,0.07833043472347202,1.614153767382694e-05,0.00012212062464699507,111,6877337,105
cross_asset_target_free_conservative,100.0,0.25,simMed_test.mat,0.0001,tpsscs_finished_detector,0.5493563642982101,0.0005500063521249278,0.002779347311515966,3782,6877337,105
cross_asset_target_free_conservative,100.0,0.25,simMed_test.mat,0.0003,low_rank_residual_k30,0.42597086160014863,0.0005673178858308256,0.003222210344669609,3901,6877337,105
cross_asset_target_free_conservative,100.0,0.25,simMed_test.mat,0.0003,raw,0.08800732803513589,2.0940416872995162e-05,0.00021378615276547658,144,6877337,105
cross_asset_target_free_conservative,100.0,0.25,simMed_test.mat,0.0003,tpsscs_finished_detector,0.5747912872594758,0.0006512235434718578,0.0033596505963379808,4478,6877337,105
cross_asset_target_free_conservative,100.0,0.25,simMed_test.mat,0.001,low_rank_residual_k30,0.48910183717549605,0.0007757120073590253,0.004153749828199685,5334,6877337,105
cross_asset_target_free_conservative,100.0,0.25,simMed_test.mat,0.001,raw,0.13754819506410546,6.514651216398344e-05,0.0004428427450142015,448,6877337,105
cross_asset_target_free_conservative,100.0,0.25,simMed_test.mat,0.001,tpsscs_finished_detector,0.6214431408645611,0.0008524921058462727,0.004291190079868058,5862,6877337,105
cross_asset_target_free_conservative,100.0,0.25,simMed_test.mat,0.003,low_rank_residual_k30,0.5239605361500035,0.0009601111249166191,0.005070018172655498,6602,6877337,105
cross_asset_target_free_conservative,100.0,0.25,simMed_test.mat,0.003,raw,0.18160627999140647,0.00014250664763630603,0.0009009559295116513,980,6877337,105
cross_asset_target_free_conservative,100.0,0.25,simMed_test.mat,0.003,tpsscs_finished_detector,0.6466145420385699,0.0010309288110406248,0.005192187285249607,7089,6877337,105
cross_asset_target_free_conservative,100.0,0.25,simMed_test.mat,0.01,low_rank_residual_k30,0.594211644415595,0.0014257579872761026,0.007895178901394255,9804,6877337,105
cross_asset_target_free_conservative,100.0,0.25,simMed_test.mat,0.01,raw,0.250506756769571,0.00042271621690726717,0.0022142137250710076,2907,6877337,105
cross_asset_target_free_conservative,100.0,0.25,simMed_test.mat,0.01,tpsscs_finished_detector,0.7009194345002275,0.0014878502362916284,0.0080020768749141,10231,6877337,105
cross_asset_target_free_conservative,100.0,0.25,simWind_test.mat,1e-05,low_rank_residual_k30,0.4540574122615589,0.0005943678819840563,0.0031004200076365025,4087,6877337,105
cross_asset_target_free_conservative,100.0,0.25,simWind_test.mat,1e-05,raw,0.052598899807274994,5.816626549763409e-06,3.054694301467781e-05,40,6877337,105
cross_asset_target_free_conservative,100.0,0.25,simWind_test.mat,1e-05,tpsscs_finished_detector,0.5714650601352431,0.0006445372109984301,0.003192058037418862,4432,6877337,105
cross_asset_target_free_conservative,100.0,0.25,simWind_test.mat,3e-05,low_rank_residual_k30,0.4540574122615589,0.0005943678819840563,0.0031004200076365025,4087,6877337,105
cross_asset_target_free_conservative,100.0,0.25,simWind_test.mat,3e-05,raw,0.052598899807274994,5.816626549763409e-06,3.054694301467781e-05,40,6877337,105
cross_asset_target_free_conservative,100.0,0.25,simWind_test.mat,3e-05,tpsscs_finished_detector,0.5714650601352431,0.0006445372109984301,0.003192058037418862,4432,6877337,105
cross_asset_target_free_conservative,100.0,0.25,simWind_test.mat,0.0001,low_rank_residual_k30,0.45986910649013046,0.0006108007958287846,0.003161512027491409,4200,6877337,105
cross_asset_target_free_conservative,100.0,0.25,simWind_test.mat,0.0001,raw,0.05299572520410039,5.816626549763409e-06,3.054694301467781e-05,40,6877337,105
cross_asset_target_free_conservative,100.0,0.25,simWind_test.mat,0.0001,tpsscs_finished_detector,0.575609087620379,0.0006600975993414596,0.0032531500572737684,4539,6877337,105
cross_asset_target_free_conservative,100.0,0.25,simWind_test.mat,0.0003,low_rank_residual_k30,0.48323053490250634,0.0006854053038542792,0.00352763312615488,4713,6877337,105
cross_asset_target_free_conservative,100.0,0.25,simWind_test.mat,0.0003,raw,0.07680541719094329,1.1197201312804595e-05,6.109015379446218e-05,77,6877337,105
cross_asset_target_free_conservative,100.0,0.25,simWind_test.mat,0.0003,tpsscs_finished_detector,0.5924269533928844,0.0007328115347939601,0.0036192599606004613,5039,6877337,105
cross_asset_target_free_conservative,100.0,0.25,simWind_test.mat,0.001,low_rank_residual_k30,0.537560630735548,0.0009025256280355355,0.005222490303270928,6206,6877337,105
cross_asset_target_free_conservative,100.0,0.25,simWind_test.mat,0.001,raw,0.10686289059959145,2.573914078622439e-05,0.00013738570272786945,177,6877337,105
cross_asset_target_free_conservative,100.0,0.25,simWind_test.mat,0.001,tpsscs_finished_detector,0.6350959216595494,0.0009445511666346736,0.0052835720612039215,6495,6877337,105
cross_asset_target_free_conservative,100.0,0.25,simWind_test.mat,0.003,low_rank_residual_k30,0.5987721546658935,0.0013402571485429055,0.009192804568915493,9216,6877337,105
cross_asset_target_free_conservative,100.0,0.25,simWind_test.mat,0.003,raw,0.15240196640730022,5.65676200198519e-05,0.0003358317177792364,389,6877337,105
cross_asset_target_free_conservative,100.0,0.25,simWind_test.mat,0.003,tpsscs_finished_detector,0.6858862943978645,0.0013785018195054892,0.009253886326848487,9479,6877337,105
cross_asset_target_free_conservative,100.0,0.25,simWind_test.mat,0.01,low_rank_residual_k30,0.666409106903147,0.0025052572361184324,0.02110374736584919,17227,6877337,105
cross_asset_target_free_conservative,100.0,0.25,simWind_test.mat,0.01,raw,0.20795814347189331,0.00015413989206931148,0.0007479888259628448,1060,6877337,105
cross_asset_target_free_conservative,100.0,0.25,simWind_test.mat,0.01,tpsscs_finished_detector,0.7423571530956755,0.0025372487247349814,0.021134288244815686,17447,6877337,105
cross_asset_target_free_conservative,100.0,1.0,combined,1e-05,low_rank_residual_k30,0.41846706759468344,0.0005251444269687086,0.0031004200076365025,7222,13754674,210
cross_asset_target_free_conservative,100.0,1.0,combined,1e-05,raw,0.06353575246875087,9.961161586477536e-06,9.162263689948997e-05,137,13754674,210
cross_asset_target_free_conservative,100.0,1.0,combined,1e-05,tpsscs_finished_detector,0.5599226764708668,0.0005955993692156568,0.003192058037418862,8191,13754674,210
cross_asset_target_free_conservative,100.0,1.0,combined,3e-05,low_rank_residual_k30,0.41846706759468344,0.0005251444269687086,0.0031004200076365025,7222,13754674,210
cross_asset_target_free_conservative,100.0,1.0,combined,3e-05,raw,0.06353575246875087,9.961161586477536e-06,9.162263689948997e-05,137,13754674,210
cross_asset_target_free_conservative,100.0,1.0,combined,3e-05,tpsscs_finished_detector,0.5599226764708668,0.0005955993692156568,0.003192058037418862,8191,13754674,210
cross_asset_target_free_conservative,100.0,1.0,combined,0.0001,low_rank_residual_k30,0.42205691892953273,0.0005350332784699751,0.003161512027491409,7358,13754674,210
cross_asset_target_free_conservative,100.0,1.0,combined,0.0001,raw,0.0656630799637862,1.0979082111795175e-05,0.00012212062464699507,151,13754674,210
cross_asset_target_free_conservative,100.0,1.0,combined,0.0001,tpsscs_finished_detector,0.5622026139144767,0.0006049792493596289,0.0032531500572737684,8320,13754674,210
cross_asset_target_free_conservative,100.0,1.0,combined,0.0003,low_rank_residual_k30,0.4546006982513275,0.0006263615948425524,0.00352763312615488,8614,13754674,210
cross_asset_target_free_conservative,100.0,1.0,combined,0.0003,raw,0.08240637261303958,1.606880909289988e-05,0.00021378615276547658,221,13754674,210
cross_asset_target_free_conservative,100.0,1.0,combined,0.0003,tpsscs_finished_detector,0.5833290082813622,0.0006920175391329088,0.0036192599606004613,9517,13754674,210
cross_asset_target_free_conservative,100.0,1.0,combined,0.001,low_rank_residual_k30,0.513331233955522,0.0008391188176972804,0.005222490303270928,11540,13754674,210
cross_asset_target_free_conservative,100.0,1.0,combined,0.001,raw,0.12220554283184845,4.544282647510391e-05,0.0004428427450142015,625,13754674,210
cross_asset_target_free_conservative,100.0,1.0,combined,0.001,tpsscs_finished_detector,0.6279894192172374,0.0008985216362404732,0.0052835720612039215,12357,13754674,210
cross_asset_target_free_conservative,100.0,1.0,combined,0.003,low_rank_residual_k30,0.5613663454079485,0.0011501841367297623,0.009192804568915493,15818,13754674,210
cross_asset_target_free_conservative,100.0,1.0,combined,0.003,raw,0.16700412319935337,9.953713382807898e-05,0.0009009559295116513,1369,13754674,210
cross_asset_target_free_conservative,100.0,1.0,combined,0.003,tpsscs_finished_detector,0.6659703061733994,0.001204715315273057,0.009253886326848487,16568,13754674,210
cross_asset_target_free_conservative,100.0,1.0,combined,0.01,low_rank_residual_k30,0.630310375659371,0.001965507611697268,0.02110374736584919,27031,13754674,210
cross_asset_target_free_conservative,100.0,1.0,combined,0.01,raw,0.22923245012073215,0.0002884280544882893,0.0022142137250710076,3967,13754674,210
cross_asset_target_free_conservative,100.0,1.0,combined,0.01,tpsscs_finished_detector,0.7213581817531337,0.002012549480513305,0.021134288244815686,27678,13754674,210
cross_asset_target_free_conservative,100.0,1.0,simMed_test.mat,1e-05,low_rank_residual_k30,0.382876722927808,0.0004559209719533609,0.0026266359207733304,3135,6877337,105
cross_asset_target_free_conservative,100.0,1.0,simMed_test.mat,1e-05,raw,0.07447260513022674,1.410569662319166e-05,9.162263689948997e-05,97,6877337,105
cross_asset_target_free_conservative,100.0,1.0,simMed_test.mat,1e-05,tpsscs_finished_detector,0.5483802928064905,0.0005466615274328835,0.0027644983428283415,3759,6877337,105
cross_asset_target_free_conservative,100.0,1.0,simMed_test.mat,3e-05,low_rank_residual_k30,0.382876722927808,0.0004559209719533609,0.0026266359207733304,3135,6877337,105
cross_asset_target_free_conservative,100.0,1.0,simMed_test.mat,3e-05,raw,0.07447260513022674,1.410569662319166e-05,9.162263689948997e-05,97,6877337,105
cross_asset_target_free_conservative,100.0,1.0,simMed_test.mat,3e-05,tpsscs_finished_detector,0.5483802928064905,0.0005466615274328835,0.0027644983428283415,3759,6877337,105
cross_asset_target_free_conservative,100.0,1.0,simMed_test.mat,0.0001,low_rank_residual_k30,0.384244731368935,0.0004592657611111655,0.002641907059847594,3158,6877337,105
cross_asset_target_free_conservative,100.0,1.0,simMed_test.mat,0.0001,raw,0.07833043472347202,1.614153767382694e-05,0.00012212062464699507,111,6877337,105
cross_asset_target_free_conservative,100.0,1.0,simMed_test.mat,0.0001,tpsscs_finished_detector,0.5487961402085744,0.0005498608993777981,0.002779347311515966,3781,6877337,105
cross_asset_target_free_conservative,100.0,1.0,simMed_test.mat,0.0003,low_rank_residual_k30,0.42597086160014863,0.0005673178858308256,0.003222210344669609,3901,6877337,105
cross_asset_target_free_conservative,100.0,1.0,simMed_test.mat,0.0003,raw,0.08800732803513589,2.0940416872995162e-05,0.00021378615276547658,144,6877337,105
cross_asset_target_free_conservative,100.0,1.0,simMed_test.mat,0.0003,tpsscs_finished_detector,0.57423106316984,0.0006512235434718578,0.0033596505963379808,4478,6877337,105
cross_asset_target_free_conservative,100.0,1.0,simMed_test.mat,0.001,low_rank_residual_k30,0.48910183717549605,0.0007757120073590253,0.004153749828199685,5334,6877337,105
cross_asset_target_free_conservative,100.0,1.0,simMed_test.mat,0.001,raw,0.13754819506410546,6.514651216398344e-05,0.0004428427450142015,448,6877337,105
cross_asset_target_free_conservative,100.0,1.0,simMed_test.mat,0.001,tpsscs_finished_detector,0.6208829167749252,0.0008524921058462727,0.004291190079868058,5862,6877337,105
cross_asset_target_free_conservative,100.0,1.0,simMed_test.mat,0.003,low_rank_residual_k30,0.5239605361500035,0.0009601111249166191,0.005070018172655498,6602,6877337,105
cross_asset_target_free_conservative,100.0,1.0,simMed_test.mat,0.003,raw,0.18160627999140647,0.00014250664763630603,0.0009009559295116513,980,6877337,105
cross_asset_target_free_conservative,100.0,1.0,simMed_test.mat,0.003,tpsscs_finished_detector,0.6460543179489341,0.0010309288110406248,0.005192187285249607,7089,6877337,105
cross_asset_target_free_conservative,100.0,1.0,simMed_test.mat,0.01,low_rank_residual_k30,0.594211644415595,0.0014257579872761026,0.007895178901394255,9804,6877337,105
cross_asset_target_free_conservative,100.0,1.0,simMed_test.mat,0.01,raw,0.250506756769571,0.00042271621690726717,0.0022142137250710076,2907,6877337,105
cross_asset_target_free_conservative,100.0,1.0,simMed_test.mat,0.01,tpsscs_finished_detector,0.7003592104105918,0.0014878502362916284,0.0080020768749141,10231,6877337,105
cross_asset_target_free_conservative,100.0,1.0,simWind_test.mat,1e-05,low_rank_residual_k30,0.4540574122615589,0.0005943678819840563,0.0031004200076365025,4087,6877337,105
cross_asset_target_free_conservative,100.0,1.0,simWind_test.mat,1e-05,raw,0.052598899807274994,5.816626549763409e-06,3.054694301467781e-05,40,6877337,105
cross_asset_target_free_conservative,100.0,1.0,simWind_test.mat,1e-05,tpsscs_finished_detector,0.5714650601352431,0.0006445372109984301,0.003192058037418862,4432,6877337,105
cross_asset_target_free_conservative,100.0,1.0,simWind_test.mat,3e-05,low_rank_residual_k30,0.4540574122615589,0.0005943678819840563,0.0031004200076365025,4087,6877337,105
cross_asset_target_free_conservative,100.0,1.0,simWind_test.mat,3e-05,raw,0.052598899807274994,5.816626549763409e-06,3.054694301467781e-05,40,6877337,105
cross_asset_target_free_conservative,100.0,1.0,simWind_test.mat,3e-05,tpsscs_finished_detector,0.5714650601352431,0.0006445372109984301,0.003192058037418862,4432,6877337,105
cross_asset_target_free_conservative,100.0,1.0,simWind_test.mat,0.0001,low_rank_residual_k30,0.45986910649013046,0.0006108007958287846,0.003161512027491409,4200,6877337,105
cross_asset_target_free_conservative,100.0,1.0,simWind_test.mat,0.0001,raw,0.05299572520410039,5.816626549763409e-06,3.054694301467781e-05,40,6877337,105
cross_asset_target_free_conservative,100.0,1.0,simWind_test.mat,0.0001,tpsscs_finished_detector,0.575609087620379,0.0006600975993414596,0.0032531500572737684,4539,6877337,105
cross_asset_target_free_conservative,100.0,1.0,simWind_test.mat,0.0003,low_rank_residual_k30,0.48323053490250634,0.0006854053038542792,0.00352763312615488,4713,6877337,105
cross_asset_target_free_conservative,100.0,1.0,simWind_test.mat,0.0003,raw,0.07680541719094329,1.1197201312804595e-05,6.109015379446218e-05,77,6877337,105
cross_asset_target_free_conservative,100.0,1.0,simWind_test.mat,0.0003,tpsscs_finished_detector,0.5924269533928844,0.0007328115347939601,0.0036192599606004613,5039,6877337,105
cross_asset_target_free_conservative,100.0,1.0,simWind_test.mat,0.001,low_rank_residual_k30,0.537560630735548,0.0009025256280355355,0.005222490303270928,6206,6877337,105
cross_asset_target_free_conservative,100.0,1.0,simWind_test.mat,0.001,raw,0.10686289059959145,2.573914078622439e-05,0.00013738570272786945,177,6877337,105
cross_asset_target_free_conservative,100.0,1.0,simWind_test.mat,0.001,tpsscs_finished_detector,0.6350959216595494,0.0009445511666346736,0.0052835720612039215,6495,6877337,105
cross_asset_target_free_conservative,100.0,1.0,simWind_test.mat,0.003,low_rank_residual_k30,0.5987721546658935,0.0013402571485429055,0.009192804568915493,9216,6877337,105
cross_asset_target_free_conservative,100.0,1.0,simWind_test.mat,0.003,raw,0.15240196640730022,5.65676200198519e-05,0.0003358317177792364,389,6877337,105
cross_asset_target_free_conservative,100.0,1.0,simWind_test.mat,0.003,tpsscs_finished_detector,0.6858862943978645,0.0013785018195054892,0.009253886326848487,9479,6877337,105
cross_asset_target_free_conservative,100.0,1.0,simWind_test.mat,0.01,low_rank_residual_k30,0.666409106903147,0.0025052572361184324,0.02110374736584919,17227,6877337,105
cross_asset_target_free_conservative,100.0,1.0,simWind_test.mat,0.01,raw,0.20795814347189331,0.00015413989206931148,0.0007479888259628448,1060,6877337,105
cross_asset_target_free_conservative,100.0,1.0,simWind_test.mat,0.01,tpsscs_finished_detector,0.7423571530956755,0.0025372487247349814,0.021134288244815686,17447,6877337,105
cross_asset_target_free_conservative,100.0,4.0,combined,1e-05,low_rank_residual_k30,0.41846706759468344,0.0005251444269687086,0.0031004200076365025,7222,13754674,210
cross_asset_target_free_conservative,100.0,4.0,combined,1e-05,raw,0.06353575246875087,9.961161586477536e-06,9.162263689948997e-05,137,13754674,210
cross_asset_target_free_conservative,100.0,4.0,combined,1e-05,tpsscs_finished_detector,0.5594077499056508,0.0005948722342831506,0.003192058037418862,8181,13754674,210
cross_asset_target_free_conservative,100.0,4.0,combined,3e-05,low_rank_residual_k30,0.41846706759468344,0.0005251444269687086,0.0031004200076365025,7222,13754674,210
cross_asset_target_free_conservative,100.0,4.0,combined,3e-05,raw,0.06353575246875087,9.961161586477536e-06,9.162263689948997e-05,137,13754674,210
cross_asset_target_free_conservative,100.0,4.0,combined,3e-05,tpsscs_finished_detector,0.5594077499056508,0.0005948722342831506,0.003192058037418862,8181,13754674,210
cross_asset_target_free_conservative,100.0,4.0,combined,0.0001,low_rank_residual_k30,0.42205691892953273,0.0005350332784699751,0.003161512027491409,7358,13754674,210
cross_asset_target_free_conservative,100.0,4.0,combined,0.0001,raw,0.0656630799637862,1.0979082111795175e-05,0.00012212062464699507,151,13754674,210
cross_asset_target_free_conservative,100.0,4.0,combined,0.0001,tpsscs_finished_detector,0.5616876873492607,0.0006042521144271225,0.0032531500572737684,8310,13754674,210
cross_asset_target_free_conservative,100.0,4.0,combined,0.0003,low_rank_residual_k30,0.4546006982513275,0.0006263615948425524,0.00352763312615488,8614,13754674,210
cross_asset_target_free_conservative,100.0,4.0,combined,0.0003,raw,0.08240637261303958,1.606880909289988e-05,0.00021378615276547658,221,13754674,210
cross_asset_target_free_conservative,100.0,4.0,combined,0.0003,tpsscs_finished_detector,0.5828140817161462,0.0006912904042004026,0.0036192599606004613,9507,13754674,210
cross_asset_target_free_conservative,100.0,4.0,combined,0.001,low_rank_residual_k30,0.513331233955522,0.0008391188176972804,0.005222490303270928,11540,13754674,210
cross_asset_target_free_conservative,100.0,4.0,combined,0.001,raw,0.12220554283184845,4.544282647510391e-05,0.0004428427450142015,625,13754674,210
cross_asset_target_free_conservative,100.0,4.0,combined,0.001,tpsscs_finished_detector,0.6277373183769013,0.0008979399351772772,0.0052835720612039215,12349,13754674,210
cross_asset_target_free_conservative,100.0,4.0,combined,0.003,low_rank_residual_k30,0.5613663454079485,0.0011501841367297623,0.009192804568915493,15818,13754674,210
cross_asset_target_free_conservative,100.0,4.0,combined,0.003,raw,0.16700412319935337,9.953713382807898e-05,0.0009009559295116513,1369,13754674,210
cross_asset_target_free_conservative,100.0,4.0,combined,0.003,tpsscs_finished_detector,0.6657182053330631,0.0012041336142098612,0.009253886326848487,16560,13754674,210
cross_asset_target_free_conservative,100.0,4.0,combined,0.01,low_rank_residual_k30,0.630310375659371,0.001965507611697268,0.02110374736584919,27031,13754674,210
cross_asset_target_free_conservative,100.0,4.0,combined,0.01,raw,0.22923245012073215,0.0002884280544882893,0.0022142137250710076,3967,13754674,210
cross_asset_target_free_conservative,100.0,4.0,combined,0.01,tpsscs_finished_detector,0.7211994515944036,0.0020120405102668107,0.021134288244815686,27671,13754674,210
cross_asset_target_free_conservative,100.0,4.0,simMed_test.mat,1e-05,low_rank_residual_k30,0.382876722927808,0.0004559209719533609,0.0026266359207733304,3135,6877337,105
cross_asset_target_free_conservative,100.0,4.0,simMed_test.mat,1e-05,raw,0.07447260513022674,1.410569662319166e-05,9.162263689948997e-05,97,6877337,105
cross_asset_target_free_conservative,100.0,4.0,simMed_test.mat,1e-05,tpsscs_finished_detector,0.5477118875133388,0.0005457890374656261,0.0027644983428283415,3753,6877337,105
cross_asset_target_free_conservative,100.0,4.0,simMed_test.mat,3e-05,low_rank_residual_k30,0.382876722927808,0.0004559209719533609,0.0026266359207733304,3135,6877337,105
cross_asset_target_free_conservative,100.0,4.0,simMed_test.mat,3e-05,raw,0.07447260513022674,1.410569662319166e-05,9.162263689948997e-05,97,6877337,105
cross_asset_target_free_conservative,100.0,4.0,simMed_test.mat,3e-05,tpsscs_finished_detector,0.5477118875133388,0.0005457890374656261,0.0027644983428283415,3753,6877337,105
cross_asset_target_free_conservative,100.0,4.0,simMed_test.mat,0.0001,low_rank_residual_k30,0.384244731368935,0.0004592657611111655,0.002641907059847594,3158,6877337,105
cross_asset_target_free_conservative,100.0,4.0,simMed_test.mat,0.0001,raw,0.07833043472347202,1.614153767382694e-05,0.00012212062464699507,111,6877337,105
cross_asset_target_free_conservative,100.0,4.0,simMed_test.mat,0.0001,tpsscs_finished_detector,0.5481277349154225,0.0005489884094105406,0.0027644983428283415,3775,6877337,105
cross_asset_target_free_conservative,100.0,4.0,simMed_test.mat,0.0003,low_rank_residual_k30,0.42597086160014863,0.0005673178858308256,0.003222210344669609,3901,6877337,105
cross_asset_target_free_conservative,100.0,4.0,simMed_test.mat,0.0003,raw,0.08800732803513589,2.0940416872995162e-05,0.00021378615276547658,144,6877337,105
cross_asset_target_free_conservative,100.0,4.0,simMed_test.mat,0.0003,tpsscs_finished_detector,0.5735626578766883,0.0006503510535046002,0.003344379457263717,4472,6877337,105
cross_asset_target_free_conservative,100.0,4.0,simMed_test.mat,0.001,low_rank_residual_k30,0.48910183717549605,0.0007757120073590253,0.004153749828199685,5334,6877337,105
cross_asset_target_free_conservative,100.0,4.0,simMed_test.mat,0.001,raw,0.13754819506410546,6.514651216398344e-05,0.0004428427450142015,448,6877337,105
cross_asset_target_free_conservative,100.0,4.0,simMed_test.mat,0.001,tpsscs_finished_detector,0.620378715094253,0.0008516196158790152,0.004275918940793794,5856,6877337,105
cross_asset_target_free_conservative,100.0,4.0,simMed_test.mat,0.003,low_rank_residual_k30,0.5239605361500035,0.0009601111249166191,0.005070018172655498,6602,6877337,105
cross_asset_target_free_conservative,100.0,4.0,simMed_test.mat,0.003,raw,0.18160627999140647,0.00014250664763630603,0.0009009559295116513,980,6877337,105
cross_asset_target_free_conservative,100.0,4.0,simMed_test.mat,0.003,tpsscs_finished_detector,0.6455501162682619,0.0010300563210733672,0.005176916146175343,7083,6877337,105
cross_asset_target_free_conservative,100.0,4.0,simMed_test.mat,0.01,low_rank_residual_k30,0.594211644415595,0.0014257579872761026,0.007895178901394255,9804,6877337,105
cross_asset_target_free_conservative,100.0,4.0,simMed_test.mat,0.01,raw,0.250506756769571,0.00042271621690726717,0.0022142137250710076,2907,6877337,105
cross_asset_target_free_conservative,100.0,4.0,simMed_test.mat,0.01,tpsscs_finished_detector,0.7000417500931313,0.001486977746324371,0.007986805735839837,10225,6877337,105
cross_asset_target_free_conservative,100.0,4.0,simWind_test.mat,1e-05,low_rank_residual_k30,0.4540574122615589,0.0005943678819840563,0.0031004200076365025,4087,6877337,105
cross_asset_target_free_conservative,100.0,4.0,simWind_test.mat,1e-05,raw,0.052598899807274994,5.816626549763409e-06,3.054694301467781e-05,40,6877337,105
cross_asset_target_free_conservative,100.0,4.0,simWind_test.mat,1e-05,tpsscs_finished_detector,0.5711036122979628,0.000643955431100675,0.003192058037418862,4428,6877337,105
cross_asset_target_free_conservative,100.0,4.0,simWind_test.mat,3e-05,low_rank_residual_k30,0.4540574122615589,0.0005943678819840563,0.0031004200076365025,4087,6877337,105
cross_asset_target_free_conservative,100.0,4.0,simWind_test.mat,3e-05,raw,0.052598899807274994,5.816626549763409e-06,3.054694301467781e-05,40,6877337,105
cross_asset_target_free_conservative,100.0,4.0,simWind_test.mat,3e-05,tpsscs_finished_detector,0.5711036122979628,0.000643955431100675,0.003192058037418862,4428,6877337,105
cross_asset_target_free_conservative,100.0,4.0,simWind_test.mat,0.0001,low_rank_residual_k30,0.45986910649013046,0.0006108007958287846,0.003161512027491409,4200,6877337,105
cross_asset_target_free_conservative,100.0,4.0,simWind_test.mat,0.0001,raw,0.05299572520410039,5.816626549763409e-06,3.054694301467781e-05,40,6877337,105
cross_asset_target_free_conservative,100.0,4.0,simWind_test.mat,0.0001,tpsscs_finished_detector,0.5752476397830987,0.0006595158194437045,0.0032531500572737684,4535,6877337,105
cross_asset_target_free_conservative,100.0,4.0,simWind_test.mat,0.0003,low_rank_residual_k30,0.48323053490250634,0.0006854053038542792,0.00352763312615488,4713,6877337,105
cross_asset_target_free_conservative,100.0,4.0,simWind_test.mat,0.0003,raw,0.07680541719094329,1.1197201312804595e-05,6.109015379446218e-05,77,6877337,105
cross_asset_target_free_conservative,100.0,4.0,simWind_test.mat,0.0003,tpsscs_finished_detector,0.5920655055556041,0.0007322297548962049,0.0036192599606004613,5035,6877337,105
cross_asset_target_free_conservative,100.0,4.0,simWind_test.mat,0.001,low_rank_residual_k30,0.537560630735548,0.0009025256280355355,0.005222490303270928,6206,6877337,105
cross_asset_target_free_conservative,100.0,4.0,simWind_test.mat,0.001,raw,0.10686289059959145,2.573914078622439e-05,0.00013738570272786945,177,6877337,105
cross_asset_target_free_conservative,100.0,4.0,simWind_test.mat,0.001,tpsscs_finished_detector,0.6350959216595494,0.0009442602544755395,0.0052835720612039215,6493,6877337,105
cross_asset_target_free_conservative,100.0,4.0,simWind_test.mat,0.003,low_rank_residual_k30,0.5987721546658935,0.0013402571485429055,0.009192804568915493,9216,6877337,105
cross_asset_target_free_conservative,100.0,4.0,simWind_test.mat,0.003,raw,0.15240196640730022,5.65676200198519e-05,0.0003358317177792364,389,6877337,105
cross_asset_target_free_conservative,100.0,4.0,simWind_test.mat,0.003,tpsscs_finished_detector,0.6858862943978645,0.001378210907346355,0.009253886326848487,9477,6877337,105
cross_asset_target_free_conservative,100.0,4.0,simWind_test.mat,0.01,low_rank_residual_k30,0.666409106903147,0.0025052572361184324,0.02110374736584919,17227,6877337,105
cross_asset_target_free_conservative,100.0,4.0,simWind_test.mat,0.01,raw,0.20795814347189331,0.00015413989206931148,0.0007479888259628448,1060,6877337,105
cross_asset_target_free_conservative,100.0,4.0,simWind_test.mat,0.01,tpsscs_finished_detector,0.7423571530956755,0.002537103274209251,0.021134288244815686,17446,6877337,105
cross_asset_target_free_conservative,100.0,16.0,combined,1e-05,low_rank_residual_k30,0.41846706759468344,0.0005251444269687086,0.0031004200076365025,7222,13754674,210
cross_asset_target_free_conservative,100.0,16.0,combined,1e-05,raw,0.06353575246875087,9.961161586477536e-06,9.162263689948997e-05,137,13754674,210
cross_asset_target_free_conservative,100.0,16.0,combined,1e-05,tpsscs_finished_detector,0.5576047263860819,0.0005920368038734486,0.003192058037418862,8142,13754674,210
cross_asset_target_free_conservative,100.0,16.0,combined,3e-05,low_rank_residual_k30,0.41846706759468344,0.0005251444269687086,0.0031004200076365025,7222,13754674,210
cross_asset_target_free_conservative,100.0,16.0,combined,3e-05,raw,0.06353575246875087,9.961161586477536e-06,9.162263689948997e-05,137,13754674,210
cross_asset_target_free_conservative,100.0,16.0,combined,3e-05,tpsscs_finished_detector,0.5576047263860819,0.0005920368038734486,0.003192058037418862,8142,13754674,210
cross_asset_target_free_conservative,100.0,16.0,combined,0.0001,low_rank_residual_k30,0.42205691892953273,0.0005350332784699751,0.003161512027491409,7358,13754674,210
cross_asset_target_free_conservative,100.0,16.0,combined,0.0001,raw,0.0656630799637862,1.0979082111795175e-05,0.00012212062464699507,151,13754674,210
cross_asset_target_free_conservative,100.0,16.0,combined,0.0001,tpsscs_finished_detector,0.5600819858874789,0.0006014166840174206,0.0032531500572737684,8271,13754674,210
cross_asset_target_free_conservative,100.0,16.0,combined,0.0003,low_rank_residual_k30,0.4546006982513275,0.0006263615948425524,0.00352763312615488,8614,13754674,210
cross_asset_target_free_conservative,100.0,16.0,combined,0.0003,raw,0.08240637261303958,1.606880909289988e-05,0.00021378615276547658,221,13754674,210
cross_asset_target_free_conservative,100.0,16.0,combined,0.0003,tpsscs_finished_detector,0.5815209565669408,0.0006885276624195096,0.0036039888215261976,9469,13754674,210
cross_asset_target_free_conservative,100.0,16.0,combined,0.001,low_rank_residual_k30,0.513331233955522,0.0008391188176972804,0.005222490303270928,11540,13754674,210
cross_asset_target_free_conservative,100.0,16.0,combined,0.001,raw,0.12220554283184845,4.544282647510391e-05,0.0004428427450142015,625,13754674,210
cross_asset_target_free_conservative,100.0,16.0,combined,0.001,tpsscs_finished_detector,0.6270568417692063,0.0008953952859188802,0.0052835720612039215,12314,13754674,210
cross_asset_target_free_conservative,100.0,16.0,combined,0.003,low_rank_residual_k30,0.5613663454079485,0.0011501841367297623,0.009192804568915493,15818,13754674,210
cross_asset_target_free_conservative,100.0,16.0,combined,0.003,raw,0.16700412319935337,9.953713382807898e-05,0.0009009559295116513,1369,13754674,210
cross_asset_target_free_conservative,100.0,16.0,combined,0.003,tpsscs_finished_detector,0.6653551890428285,0.0012016616668974768,0.009253886326848487,16526,13754674,210
cross_asset_target_free_conservative,100.0,16.0,combined,0.01,low_rank_residual_k30,0.630310375659371,0.001965507611697268,0.02110374736584919,27031,13754674,210
cross_asset_target_free_conservative,100.0,16.0,combined,0.01,raw,0.22923245012073215,0.0002884280544882893,0.0022142137250710076,3967,13754674,210
cross_asset_target_free_conservative,100.0,16.0,combined,0.01,tpsscs_finished_detector,0.7210253706625958,0.0020099321315275136,0.021134288244815686,27642,13754674,210
cross_asset_target_free_conservative,100.0,16.0,simMed_test.mat,1e-05,low_rank_residual_k30,0.382876722927808,0.0004559209719533609,0.0026266359207733304,3135,6877337,105
cross_asset_target_free_conservative,100.0,16.0,simMed_test.mat,1e-05,raw,0.07447260513022674,1.410569662319166e-05,9.162263689948997e-05,97,6877337,105
cross_asset_target_free_conservative,100.0,16.0,simMed_test.mat,1e-05,tpsscs_finished_detector,0.545078317459967,0.000541717690571929,0.0027644983428283415,3725,6877337,105
cross_asset_target_free_conservative,100.0,16.0,simMed_test.mat,3e-05,low_rank_residual_k30,0.382876722927808,0.0004559209719533609,0.0026266359207733304,3135,6877337,105
cross_asset_target_free_conservative,100.0,16.0,simMed_test.mat,3e-05,raw,0.07447260513022674,1.410569662319166e-05,9.162263689948997e-05,97,6877337,105
cross_asset_target_free_conservative,100.0,16.0,simMed_test.mat,3e-05,tpsscs_finished_detector,0.545078317459967,0.000541717690571929,0.0027644983428283415,3725,6877337,105
cross_asset_target_free_conservative,100.0,16.0,simMed_test.mat,0.0001,low_rank_residual_k30,0.384244731368935,0.0004592657611111655,0.002641907059847594,3158,6877337,105
cross_asset_target_free_conservative,100.0,16.0,simMed_test.mat,0.0001,raw,0.07833043472347202,1.614153767382694e-05,0.00012212062464699507,111,6877337,105
cross_asset_target_free_conservative,100.0,16.0,simMed_test.mat,0.0001,tpsscs_finished_detector,0.545667325035211,0.0005449170625168435,0.0027644983428283415,3747,6877337,105
cross_asset_target_free_conservative,100.0,16.0,simMed_test.mat,0.0003,low_rank_residual_k30,0.42597086160014863,0.0005673178858308256,0.003222210344669609,3901,6877337,105
cross_asset_target_free_conservative,100.0,16.0,simMed_test.mat,0.0003,raw,0.08800732803513589,2.0940416872995162e-05,0.00021378615276547658,144,6877337,105
cross_asset_target_free_conservative,100.0,16.0,simMed_test.mat,0.0003,tpsscs_finished_detector,0.5717274006216293,0.000646425083868521,0.003344379457263717,4445,6877337,105
cross_asset_target_free_conservative,100.0,16.0,simMed_test.mat,0.001,low_rank_residual_k30,0.48910183717549605,0.0007757120073590253,0.004153749828199685,5334,6877337,105
cross_asset_target_free_conservative,100.0,16.0,simMed_test.mat,0.001,raw,0.13754819506410546,6.514651216398344e-05,0.0004428427450142015,448,6877337,105
cross_asset_target_free_conservative,100.0,16.0,simMed_test.mat,0.001,tpsscs_finished_detector,0.619017761878863,0.0008479844429338252,0.004275918940793794,5831,6877337,105
cross_asset_target_free_conservative,100.0,16.0,simMed_test.mat,0.003,low_rank_residual_k30,0.5239605361500035,0.0009601111249166191,0.005070018172655498,6602,6877337,105
cross_asset_target_free_conservative,100.0,16.0,simMed_test.mat,0.003,raw,0.18160627999140647,0.00014250664763630603,0.0009009559295116513,980,6877337,105
cross_asset_target_free_conservative,100.0,16.0,simMed_test.mat,0.003,tpsscs_finished_detector,0.6448240836877925,0.0010264211481281773,0.005176916146175343,7058,6877337,105
cross_asset_target_free_conservative,100.0,16.0,simMed_test.mat,0.01,low_rank_residual_k30,0.594211644415595,0.0014257579872761026,0.007895178901394255,9804,6877337,105
cross_asset_target_free_conservative,100.0,16.0,simMed_test.mat,0.01,raw,0.250506756769571,0.00042271621690726717,0.0022142137250710076,2907,6877337,105
cross_asset_target_free_conservative,100.0,16.0,simMed_test.mat,0.01,tpsscs_finished_detector,0.6996935882295159,0.0014839242933124652,0.007986805735839837,10204,6877337,105
cross_asset_target_free_conservative,100.0,16.0,simWind_test.mat,1e-05,low_rank_residual_k30,0.4540574122615589,0.0005943678819840563,0.0031004200076365025,4087,6877337,105
cross_asset_target_free_conservative,100.0,16.0,simWind_test.mat,1e-05,raw,0.052598899807274994,5.816626549763409e-06,3.054694301467781e-05,40,6877337,105
cross_asset_target_free_conservative,100.0,16.0,simWind_test.mat,1e-05,tpsscs_finished_detector,0.5701311353121968,0.0006423559171749683,0.003192058037418862,4417,6877337,105
cross_asset_target_free_conservative,100.0,16.0,simWind_test.mat,3e-05,low_rank_residual_k30,0.4540574122615589,0.0005943678819840563,0.0031004200076365025,4087,6877337,105
cross_asset_target_free_conservative,100.0,16.0,simWind_test.mat,3e-05,raw,0.052598899807274994,5.816626549763409e-06,3.054694301467781e-05,40,6877337,105
cross_asset_target_free_conservative,100.0,16.0,simWind_test.mat,3e-05,tpsscs_finished_detector,0.5701311353121968,0.0006423559171749683,0.003192058037418862,4417,6877337,105
cross_asset_target_free_conservative,100.0,16.0,simWind_test.mat,0.0001,low_rank_residual_k30,0.45986910649013046,0.0006108007958287846,0.003161512027491409,4200,6877337,105
cross_asset_target_free_conservative,100.0,16.0,simWind_test.mat,0.0001,raw,0.05299572520410039,5.816626549763409e-06,3.054694301467781e-05,40,6877337,105
cross_asset_target_free_conservative,100.0,16.0,simWind_test.mat,0.0001,tpsscs_finished_detector,0.5744966467397469,0.0006579163055179978,0.0032531500572737684,4524,6877337,105
cross_asset_target_free_conservative,100.0,16.0,simWind_test.mat,0.0003,low_rank_residual_k30,0.48323053490250634,0.0006854053038542792,0.00352763312615488,4713,6877337,105
cross_asset_target_free_conservative,100.0,16.0,simWind_test.mat,0.0003,raw,0.07680541719094329,1.1197201312804595e-05,6.109015379446218e-05,77,6877337,105
cross_asset_target_free_conservative,100.0,16.0,simWind_test.mat,0.0003,tpsscs_finished_detector,0.5913145125122523,0.0007306302409704982,0.0036039888215261976,5024,6877337,105
cross_asset_target_free_conservative,100.0,16.0,simWind_test.mat,0.001,low_rank_residual_k30,0.537560630735548,0.0009025256280355355,0.005222490303270928,6206,6877337,105
cross_asset_target_free_conservative,100.0,16.0,simWind_test.mat,0.001,raw,0.10686289059959145,2.573914078622439e-05,0.00013738570272786945,177,6877337,105
cross_asset_target_free_conservative,100.0,16.0,simWind_test.mat,0.001,tpsscs_finished_detector,0.6350959216595494,0.0009428061289039349,0.0052835720612039215,6483,6877337,105
cross_asset_target_free_conservative,100.0,16.0,simWind_test.mat,0.003,low_rank_residual_k30,0.5987721546658935,0.0013402571485429055,0.009192804568915493,9216,6877337,105
cross_asset_target_free_conservative,100.0,16.0,simWind_test.mat,0.003,raw,0.15240196640730022,5.65676200198519e-05,0.0003358317177792364,389,6877337,105
cross_asset_target_free_conservative,100.0,16.0,simWind_test.mat,0.003,tpsscs_finished_detector,0.6858862943978645,0.0013769021856667764,0.009253886326848487,9468,6877337,105
cross_asset_target_free_conservative,100.0,16.0,simWind_test.mat,0.01,low_rank_residual_k30,0.666409106903147,0.0025052572361184324,0.02110374736584919,17227,6877337,105
cross_asset_target_free_conservative,100.0,16.0,simWind_test.mat,0.01,raw,0.20795814347189331,0.00015413989206931148,0.0007479888259628448,1060,6877337,105
cross_asset_target_free_conservative,100.0,16.0,simWind_test.mat,0.01,tpsscs_finished_detector,0.7423571530956755,0.0025359399697425624,0.021134288244815686,17438,6877337,105
cross_asset_target_free_conservative,100.0,64.0,combined,1e-05,low_rank_residual_k30,0.41846706759468344,0.0005251444269687086,0.0031004200076365025,7222,13754674,210
cross_asset_target_free_conservative,100.0,64.0,combined,1e-05,raw,0.06353575246875087,9.961161586477536e-06,9.162263689948997e-05,137,13754674,210
cross_asset_target_free_conservative,100.0,64.0,combined,1e-05,tpsscs_finished_detector,0.5504526283525281,0.0005825850110126925,0.003192058037418862,8012,13754674,210
cross_asset_target_free_conservative,100.0,64.0,combined,3e-05,low_rank_residual_k30,0.41846706759468344,0.0005251444269687086,0.0031004200076365025,7222,13754674,210
cross_asset_target_free_conservative,100.0,64.0,combined,3e-05,raw,0.06353575246875087,9.961161586477536e-06,9.162263689948997e-05,137,13754674,210
cross_asset_target_free_conservative,100.0,64.0,combined,3e-05,tpsscs_finished_detector,0.5504526283525281,0.0005825850110126925,0.003192058037418862,8012,13754674,210
cross_asset_target_free_conservative,100.0,64.0,combined,0.0001,low_rank_residual_k30,0.42205691892953273,0.0005350332784699751,0.003161512027491409,7358,13754674,210
cross_asset_target_free_conservative,100.0,64.0,combined,0.0001,raw,0.0656630799637862,1.0979082111795175e-05,0.00012212062464699507,151,13754674,210
cross_asset_target_free_conservative,100.0,64.0,combined,0.0001,tpsscs_finished_detector,0.552929887853925,0.0005920375831143172,0.0032531500572737684,8142,13754674,210
cross_asset_target_free_conservative,100.0,64.0,combined,0.0003,low_rank_residual_k30,0.4546006982513275,0.0006263615948425524,0.00352763312615488,8614,13754674,210
cross_asset_target_free_conservative,100.0,64.0,combined,0.0003,raw,0.08240637261303958,1.606880909289988e-05,0.00021378615276547658,221,13754674,210
cross_asset_target_free_conservative,100.0,64.0,combined,0.0003,tpsscs_finished_detector,0.5752312138488226,0.0006795121101120617,0.0036039888215261976,9345,13754674,210
cross_asset_target_free_conservative,100.0,64.0,combined,0.001,low_rank_residual_k30,0.513331233955522,0.0008391188176972804,0.005222490303270928,11540,13754674,210
cross_asset_target_free_conservative,100.0,64.0,combined,0.001,raw,0.12220554283184845,4.544282647510391e-05,0.0004428427450142015,625,13754674,210
cross_asset_target_free_conservative,100.0,64.0,combined,0.001,tpsscs_finished_detector,0.6215886018725908,0.000887615787738916,0.0052835720612039215,12207,13754674,210
cross_asset_target_free_conservative,100.0,64.0,combined,0.003,low_rank_residual_k30,0.5613663454079485,0.0011501841367297623,0.009192804568915493,15818,13754674,210
cross_asset_target_free_conservative,100.0,64.0,combined,0.003,raw,0.16700412319935337,9.953713382807898e-05,0.0009009559295116513,1369,13754674,210
cross_asset_target_free_conservative,100.0,64.0,combined,0.003,tpsscs_finished_detector,0.6602251915057321,0.0011944639041981796,0.009253886326848487,16427,13754674,210
cross_asset_target_free_conservative,100.0,64.0,combined,0.01,low_rank_residual_k30,0.630310375659371,0.001965507611697268,0.02110374736584919,27031,13754674,210
cross_asset_target_free_conservative,100.0,64.0,combined,0.01,raw,0.22923245012073215,0.0002884280544882893,0.0022142137250710076,3967,13754674,210
cross_asset_target_free_conservative,100.0,64.0,combined,0.01,tpsscs_finished_detector,0.7162735063607754,0.00200367954743181,0.021134288244815686,27556,13754674,210
cross_asset_target_free_conservative,100.0,64.0,simMed_test.mat,1e-05,low_rank_residual_k30,0.382876722927808,0.0004559209719533609,0.0026266359207733304,3135,6877337,105
cross_asset_target_free_conservative,100.0,64.0,simMed_test.mat,1e-05,raw,0.07447260513022674,1.410569662319166e-05,9.162263689948997e-05,97,6877337,105
cross_asset_target_free_conservative,100.0,64.0,simMed_test.mat,1e-05,tpsscs_finished_detector,0.5370511313435735,0.0005280489448766039,0.0027335338942931753,3631,6877337,105
cross_asset_target_free_conservative,100.0,64.0,simMed_test.mat,3e-05,low_rank_residual_k30,0.382876722927808,0.0004559209719533609,0.0026266359207733304,3135,6877337,105
cross_asset_target_free_conservative,100.0,64.0,simMed_test.mat,3e-05,raw,0.07447260513022674,1.410569662319166e-05,9.162263689948997e-05,97,6877337,105
cross_asset_target_free_conservative,100.0,64.0,simMed_test.mat,3e-05,tpsscs_finished_detector,0.5370511313435735,0.0005280489448766039,0.0027335338942931753,3631,6877337,105
cross_asset_target_free_conservative,100.0,64.0,simMed_test.mat,0.0001,low_rank_residual_k30,0.384244731368935,0.0004592657611111655,0.002641907059847594,3158,6877337,105
cross_asset_target_free_conservative,100.0,64.0,simMed_test.mat,0.0001,raw,0.07833043472347202,1.614153767382694e-05,0.00012212062464699507,111,6877337,105
cross_asset_target_free_conservative,100.0,64.0,simMed_test.mat,0.0001,tpsscs_finished_detector,0.5376401389188175,0.0005312483168215184,0.002748805033367439,3653,6877337,105
cross_asset_target_free_conservative,100.0,64.0,simMed_test.mat,0.0003,low_rank_residual_k30,0.42597086160014863,0.0005673178858308256,0.003222210344669609,3901,6877337,105
cross_asset_target_free_conservative,100.0,64.0,simMed_test.mat,0.0003,raw,0.08800732803513589,2.0940416872995162e-05,0.00021378615276547658,144,6877337,105
cross_asset_target_free_conservative,100.0,64.0,simMed_test.mat,0.0003,tpsscs_finished_detector,0.5649761868824907,0.0006334834353645069,0.003329108318189454,4356,6877337,105
cross_asset_target_free_conservative,100.0,64.0,simMed_test.mat,0.001,low_rank_residual_k30,0.48910183717549605,0.0007757120073590253,0.004153749828199685,5334,6877337,105
cross_asset_target_free_conservative,100.0,64.0,simMed_test.mat,0.001,raw,0.13754819506410546,6.514651216398344e-05,0.0004428427450142015,448,6877337,105
cross_asset_target_free_conservative,100.0,64.0,simMed_test.mat,0.001,tpsscs_finished_detector,0.6131476490208254,0.000836351544968185,0.00426064780171953,5751,6877337,105
cross_asset_target_free_conservative,100.0,64.0,simMed_test.mat,0.003,low_rank_residual_k30,0.5239605361500035,0.0009601111249166191,0.005070018172655498,6602,6877337,105
cross_asset_target_free_conservative,100.0,64.0,simMed_test.mat,0.003,raw,0.18160627999140647,0.00014250664763630603,0.0009009559295116513,980,6877337,105
cross_asset_target_free_conservative,100.0,64.0,simMed_test.mat,0.003,tpsscs_finished_detector,0.6393730552913927,0.0010153700100695353,0.00516164500710108,6982,6877337,105
cross_asset_target_free_conservative,100.0,64.0,simMed_test.mat,0.01,low_rank_residual_k30,0.594211644415595,0.0014257579872761026,0.007895178901394255,9804,6877337,105
cross_asset_target_free_conservative,100.0,64.0,simMed_test.mat,0.01,raw,0.250506756769571,0.00042271621690726717,0.0022142137250710076,2907,6877337,105
cross_asset_target_free_conservative,100.0,64.0,simMed_test.mat,0.01,tpsscs_finished_detector,0.6947414260462679,0.0014741818924418396,0.007971534596765573,10137,6877337,105
cross_asset_target_free_conservative,100.0,64.0,simWind_test.mat,1e-05,low_rank_residual_k30,0.4540574122615589,0.0005943678819840563,0.0031004200076365025,4087,6877337,105
cross_asset_target_free_conservative,100.0,64.0,simWind_test.mat,1e-05,raw,0.052598899807274994,5.816626549763409e-06,3.054694301467781e-05,40,6877337,105
cross_asset_target_free_conservative,100.0,64.0,simWind_test.mat,1e-05,tpsscs_finished_detector,0.5638541253614826,0.0006371210771487813,0.003192058037418862,4381,6877337,105
cross_asset_target_free_conservative,100.0,64.0,simWind_test.mat,3e-05,low_rank_residual_k30,0.4540574122615589,0.0005943678819840563,0.0031004200076365025,4087,6877337,105
cross_asset_target_free_conservative,100.0,64.0,simWind_test.mat,3e-05,raw,0.052598899807274994,5.816626549763409e-06,3.054694301467781e-05,40,6877337,105
cross_asset_target_free_conservative,100.0,64.0,simWind_test.mat,3e-05,tpsscs_finished_detector,0.5638541253614826,0.0006371210771487813,0.003192058037418862,4381,6877337,105
cross_asset_target_free_conservative,100.0,64.0,simWind_test.mat,0.0001,low_rank_residual_k30,0.45986910649013046,0.0006108007958287846,0.003161512027491409,4200,6877337,105
cross_asset_target_free_conservative,100.0,64.0,simWind_test.mat,0.0001,raw,0.05299572520410039,5.816626549763409e-06,3.054694301467781e-05,40,6877337,105
cross_asset_target_free_conservative,100.0,64.0,simWind_test.mat,0.0001,tpsscs_finished_detector,0.5682196367890326,0.000652826849407116,0.0032531500572737684,4489,6877337,105
cross_asset_target_free_conservative,100.0,64.0,simWind_test.mat,0.0003,low_rank_residual_k30,0.48323053490250634,0.0006854053038542792,0.00352763312615488,4713,6877337,105
cross_asset_target_free_conservative,100.0,64.0,simWind_test.mat,0.0003,raw,0.07680541719094329,1.1197201312804595e-05,6.109015379446218e-05,77,6877337,105
cross_asset_target_free_conservative,100.0,64.0,simWind_test.mat,0.0003,tpsscs_finished_detector,0.5854862408151543,0.0007255407848596163,0.0036039888215261976,4989,6877337,105
cross_asset_target_free_conservative,100.0,64.0,simWind_test.mat,0.001,low_rank_residual_k30,0.537560630735548,0.0009025256280355355,0.005222490303270928,6206,6877337,105
cross_asset_target_free_conservative,100.0,64.0,simWind_test.mat,0.001,raw,0.10686289059959145,2.573914078622439e-05,0.00013738570272786945,177,6877337,105
cross_asset_target_free_conservative,100.0,64.0,simWind_test.mat,0.001,tpsscs_finished_detector,0.6300295547243563,0.0009388800305096468,0.0052835720612039215,6456,6877337,105
cross_asset_target_free_conservative,100.0,64.0,simWind_test.mat,0.003,low_rank_residual_k30,0.5987721546658935,0.0013402571485429055,0.009192804568915493,9216,6877337,105
cross_asset_target_free_conservative,100.0,64.0,simWind_test.mat,0.003,raw,0.15240196640730022,5.65676200198519e-05,0.0003358317177792364,389,6877337,105
cross_asset_target_free_conservative,100.0,64.0,simWind_test.mat,0.003,tpsscs_finished_detector,0.6810773277200716,0.0013735577983268238,0.009253886326848487,9445,6877337,105
cross_asset_target_free_conservative,100.0,64.0,simWind_test.mat,0.01,low_rank_residual_k30,0.666409106903147,0.0025052572361184324,0.02110374736584919,17227,6877337,105
cross_asset_target_free_conservative,100.0,64.0,simWind_test.mat,0.01,raw,0.20795814347189331,0.00015413989206931148,0.0007479888259628448,1060,6877337,105
cross_asset_target_free_conservative,100.0,64.0,simWind_test.mat,0.01,tpsscs_finished_detector,0.7378055866752831,0.0025331772024217805,0.021134288244815686,17419,6877337,105
cross_asset_target_free_conservative,100.0,256.0,combined,1e-05,low_rank_residual_k30,0.41846706759468344,0.0005251444269687086,0.0031004200076365025,7222,13754674,210
cross_asset_target_free_conservative,100.0,256.0,combined,1e-05,raw,0.06353575246875087,9.961161586477536e-06,9.162263689948997e-05,137,13754674,210
cross_asset_target_free_conservative,100.0,256.0,combined,1e-05,tpsscs_finished_detector,0.5187141467194838,0.0005598269265122399,0.0031462390225276823,7699,13754674,210
cross_asset_target_free_conservative,100.0,256.0,combined,3e-05,low_rank_residual_k30,0.41846706759468344,0.0005251444269687086,0.0031004200076365025,7222,13754674,210
cross_asset_target_free_conservative,100.0,256.0,combined,3e-05,raw,0.06353575246875087,9.961161586477536e-06,9.162263689948997e-05,137,13754674,210
cross_asset_target_free_conservative,100.0,256.0,combined,3e-05,tpsscs_finished_detector,0.5187141467194838,0.0005598269265122399,0.0031462390225276823,7699,13754674,210
cross_asset_target_free_conservative,100.0,256.0,combined,0.0001,low_rank_residual_k30,0.42205691892953273,0.0005350332784699751,0.003161512027491409,7358,13754674,210
cross_asset_target_free_conservative,100.0,256.0,combined,0.0001,raw,0.0656630799637862,1.0979082111795175e-05,0.00012212062464699507,151,13754674,210
cross_asset_target_free_conservative,100.0,256.0,combined,0.0001,tpsscs_finished_detector,0.5214081708928514,0.000569570351918379,0.003222210344669609,7833,13754674,210
cross_asset_target_free_conservative,100.0,256.0,combined,0.0003,low_rank_residual_k30,0.4546006982513275,0.0006263615948425524,0.00352763312615488,8614,13754674,210
cross_asset_target_free_conservative,100.0,256.0,combined,0.0003,raw,0.08240637261303958,1.606880909289988e-05,0.00021378615276547658,221,13754674,210
cross_asset_target_free_conservative,100.0,256.0,combined,0.0003,tpsscs_finished_detector,0.5471509460917753,0.0006586445504439274,0.003588717682451934,9058,13754674,210
cross_asset_target_free_conservative,100.0,256.0,combined,0.001,low_rank_residual_k30,0.513331233955522,0.0008391188176972804,0.005222490303270928,11540,13754674,210
cross_asset_target_free_conservative,100.0,256.0,combined,0.001,raw,0.12220554283184845,4.544282647510391e-05,0.0004428427450142015,625,13754674,210
cross_asset_target_free_conservative,100.0,256.0,combined,0.001,tpsscs_finished_detector,0.5965039094793286,0.0008690750167958427,0.005268301621720673,11952,13754674,210
cross_asset_target_free_conservative,100.0,256.0,combined,0.003,low_rank_residual_k30,0.5613663454079485,0.0011501841367297623,0.009192804568915493,15818,13754674,210
cross_asset_target_free_conservative,100.0,256.0,combined,0.003,raw,0.16700412319935337,9.953713382807898e-05,0.0009009559295116513,1369,13754674,210
cross_asset_target_free_conservative,100.0,256.0,combined,0.003,tpsscs_finished_detector,0.6372266260997304,0.0011778863289765738,0.009238615887365239,16199,13754674,210
cross_asset_target_free_conservative,100.0,256.0,combined,0.01,low_rank_residual_k30,0.630310375659371,0.001965507611697268,0.02110374736584919,27031,13754674,210
cross_asset_target_free_conservative,100.0,256.0,combined,0.01,raw,0.22923245012073215,0.0002884280544882893,0.0022142137250710076,3967,13754674,210
cross_asset_target_free_conservative,100.0,256.0,combined,0.01,tpsscs_finished_detector,0.6969259233752274,0.00198928338811122,0.021119017805332436,27358,13754674,210
cross_asset_target_free_conservative,100.0,256.0,simMed_test.mat,1e-05,low_rank_residual_k30,0.382876722927808,0.0004559209719533609,0.0026266359207733304,3135,6877337,105
cross_asset_target_free_conservative,100.0,256.0,simMed_test.mat,1e-05,raw,0.07447260513022674,1.410569662319166e-05,9.162263689948997e-05,97,6877337,105
cross_asset_target_free_conservative,100.0,256.0,simMed_test.mat,1e-05,tpsscs_finished_detector,0.5010828359414523,0.0004978017792620741,0.0026877204770703847,3423,6877337,105
cross_asset_target_free_conservative,100.0,256.0,simMed_test.mat,3e-05,low_rank_residual_k30,0.382876722927808,0.0004559209719533609,0.0026266359207733304,3135,6877337,105
cross_asset_target_free_conservative,100.0,256.0,simMed_test.mat,3e-05,raw,0.07447260513022674,1.410569662319166e-05,9.162263689948997e-05,97,6877337,105
cross_asset_target_free_conservative,100.0,256.0,simMed_test.mat,3e-05,tpsscs_finished_detector,0.5010828359414523,0.0004978017792620741,0.0026877204770703847,3423,6877337,105
cross_asset_target_free_conservative,100.0,256.0,simMed_test.mat,0.0001,low_rank_residual_k30,0.384244731368935,0.0004592657611111655,0.002641907059847594,3158,6877337,105
cross_asset_target_free_conservative,100.0,256.0,simMed_test.mat,0.0001,raw,0.07833043472347202,1.614153767382694e-05,0.00012212062464699507,111,6877337,105
cross_asset_target_free_conservative,100.0,256.0,simMed_test.mat,0.0001,tpsscs_finished_detector,0.5021053728606372,0.0005011465684198787,0.0027029916161446484,3446,6877337,105
cross_asset_target_free_conservative,100.0,256.0,simMed_test.mat,0.0003,low_rank_residual_k30,0.42597086160014863,0.0005673178858308256,0.003222210344669609,3901,6877337,105
cross_asset_target_free_conservative,100.0,256.0,simMed_test.mat,0.0003,raw,0.08800732803513589,2.0940416872995162e-05,0.00021378615276547658,144,6877337,105
cross_asset_target_free_conservative,100.0,256.0,simMed_test.mat,0.0003,tpsscs_finished_detector,0.5338622719891813,0.000605999314530701,0.0032832949009666632,4167,6877337,105
cross_asset_target_free_conservative,100.0,256.0,simMed_test.mat,0.001,low_rank_residual_k30,0.48910183717549605,0.0007757120073590253,0.004153749828199685,5334,6877337,105
cross_asset_target_free_conservative,100.0,256.0,simMed_test.mat,0.001,raw,0.13754819506410546,6.514651216398344e-05,0.0004428427450142015,448,6877337,105
cross_asset_target_free_conservative,100.0,256.0,simMed_test.mat,0.001,tpsscs_finished_detector,0.5857742763320299,0.0008123575817033311,0.00421483438449674,5586,6877337,105
cross_asset_target_free_conservative,100.0,256.0,simMed_test.mat,0.003,low_rank_residual_k30,0.5239605361500035,0.0009601111249166191,0.005070018172655498,6602,6877337,105
cross_asset_target_free_conservative,100.0,256.0,simMed_test.mat,0.003,raw,0.18160627999140647,0.00014250664763630603,0.0009009559295116513,980,6877337,105
cross_asset_target_free_conservative,100.0,256.0,simMed_test.mat,0.003,tpsscs_finished_detector,0.6135596474273518,0.0009937027711431792,0.005115831589878289,6833,6877337,105
cross_asset_target_free_conservative,100.0,256.0,simMed_test.mat,0.01,low_rank_residual_k30,0.594211644415595,0.0014257579872761026,0.007895178901394255,9804,6877337,105
cross_asset_target_free_conservative,100.0,256.0,simMed_test.mat,0.01,raw,0.250506756769571,0.00042271621690726717,0.0022142137250710076,2907,6877337,105
cross_asset_target_free_conservative,100.0,256.0,simMed_test.mat,0.01,tpsscs_finished_detector,0.6723502207756552,0.0014560049664764873,0.007940992318617045,10012,6877337,105
cross_asset_target_free_conservative,100.0,256.0,simWind_test.mat,1e-05,low_rank_residual_k30,0.4540574122615589,0.0005943678819840563,0.0031004200076365025,4087,6877337,105
cross_asset_target_free_conservative,100.0,256.0,simWind_test.mat,1e-05,raw,0.052598899807274994,5.816626549763409e-06,3.054694301467781e-05,40,6877337,105
cross_asset_target_free_conservative,100.0,256.0,simWind_test.mat,1e-05,tpsscs_finished_detector,0.5363454574975154,0.0006218520737624058,0.0031462390225276823,4276,6877337,105
cross_asset_target_free_conservative,100.0,256.0,simWind_test.mat,3e-05,low_rank_residual_k30,0.4540574122615589,0.0005943678819840563,0.0031004200076365025,4087,6877337,105
cross_asset_target_free_conservative,100.0,256.0,simWind_test.mat,3e-05,raw,0.052598899807274994,5.816626549763409e-06,3.054694301467781e-05,40,6877337,105
cross_asset_target_free_conservative,100.0,256.0,simWind_test.mat,3e-05,tpsscs_finished_detector,0.5363454574975154,0.0006218520737624058,0.0031462390225276823,4276,6877337,105
cross_asset_target_free_conservative,100.0,256.0,simWind_test.mat,0.0001,low_rank_residual_k30,0.45986910649013046,0.0006108007958287846,0.003161512027491409,4200,6877337,105
cross_asset_target_free_conservative,100.0,256.0,simWind_test.mat,0.0001,raw,0.05299572520410039,5.816626549763409e-06,3.054694301467781e-05,40,6877337,105
cross_asset_target_free_conservative,100.0,256.0,simWind_test.mat,0.0001,tpsscs_finished_detector,0.5407109689250655,0.0006379941354168793,0.003222210344669609,4387,6877337,105
cross_asset_target_free_conservative,100.0,256.0,simWind_test.mat,0.0003,low_rank_residual_k30,0.48323053490250634,0.0006854053038542792,0.00352763312615488,4713,6877337,105
cross_asset_target_free_conservative,100.0,256.0,simWind_test.mat,0.0003,raw,0.07680541719094329,1.1197201312804595e-05,6.109015379446218e-05,77,6877337,105
cross_asset_target_free_conservative,100.0,256.0,simWind_test.mat,0.0003,tpsscs_finished_detector,0.5604396201943691,0.0007112897863571539,0.003588717682451934,4891,6877337,105
cross_asset_target_free_conservative,100.0,256.0,simWind_test.mat,0.001,low_rank_residual_k30,0.537560630735548,0.0009025256280355355,0.005222490303270928,6206,6877337,105
cross_asset_target_free_conservative,100.0,256.0,simWind_test.mat,0.001,raw,0.10686289059959145,2.573914078622439e-05,0.00013738570272786945,177,6877337,105
cross_asset_target_free_conservative,100.0,256.0,simWind_test.mat,0.001,tpsscs_finished_detector,0.6072335426266274,0.0009257924518883546,0.005268301621720673,6366,6877337,105
cross_asset_target_free_conservative,100.0,256.0,simWind_test.mat,0.003,low_rank_residual_k30,0.5987721546658935,0.0013402571485429055,0.009192804568915493,9216,6877337,105
cross_asset_target_free_conservative,100.0,256.0,simWind_test.mat,0.003,raw,0.15240196640730022,5.65676200198519e-05,0.0003358317177792364,389,6877337,105
cross_asset_target_free_conservative,100.0,256.0,simWind_test.mat,0.003,tpsscs_finished_detector,0.6608936047721091,0.001362069886809968,0.009238615887365239,9366,6877337,105
cross_asset_target_free_conservative,100.0,256.0,simWind_test.mat,0.01,low_rank_residual_k30,0.666409106903147,0.0025052572361184324,0.02110374736584919,17227,6877337,105
cross_asset_target_free_conservative,100.0,256.0,simWind_test.mat,0.01,raw,0.20795814347189331,0.00015413989206931148,0.0007479888259628448,1060,6877337,105
cross_asset_target_free_conservative,100.0,256.0,simWind_test.mat,0.01,tpsscs_finished_detector,0.7215016259747996,0.002522561809745952,0.021119017805332436,17346,6877337,105
cross_asset_target_free_conservative,1000.0,0.0,combined,1e-05,low_rank_residual_k30,0.41846706759468344,0.0005251444269687086,0.0031004200076365025,7222,13754674,210
cross_asset_target_free_conservative,1000.0,0.0,combined,1e-05,raw,0.06353575246875087,9.961161586477536e-06,9.162263689948997e-05,137,13754674,210
cross_asset_target_free_conservative,1000.0,0.0,combined,1e-05,tpsscs_finished_detector,0.5602027885156847,0.0005956720955892218,0.003192058037418862,8192,13754674,210
cross_asset_target_free_conservative,1000.0,0.0,combined,3e-05,low_rank_residual_k30,0.41846706759468344,0.0005251444269687086,0.0031004200076365025,7222,13754674,210
cross_asset_target_free_conservative,1000.0,0.0,combined,3e-05,raw,0.06353575246875087,9.961161586477536e-06,9.162263689948997e-05,137,13754674,210
cross_asset_target_free_conservative,1000.0,0.0,combined,3e-05,tpsscs_finished_detector,0.5602027885156847,0.0005956720955892218,0.003192058037418862,8192,13754674,210
cross_asset_target_free_conservative,1000.0,0.0,combined,0.0001,low_rank_residual_k30,0.41846706759468344,0.0005251444269687086,0.0031004200076365025,7222,13754674,210
cross_asset_target_free_conservative,1000.0,0.0,combined,0.0001,raw,0.06353575246875087,9.961161586477536e-06,9.162263689948997e-05,137,13754674,210
cross_asset_target_free_conservative,1000.0,0.0,combined,0.0001,tpsscs_finished_detector,0.5602027885156847,0.0005956720955892218,0.003192058037418862,8192,13754674,210
cross_asset_target_free_conservative,1000.0,0.0,combined,0.0003,low_rank_residual_k30,0.41846706759468344,0.0005251444269687086,0.0031004200076365025,7222,13754674,210
cross_asset_target_free_conservative,1000.0,0.0,combined,0.0003,raw,0.06353575246875087,9.961161586477536e-06,9.162263689948997e-05,137,13754674,210
cross_asset_target_free_conservative,1000.0,0.0,combined,0.0003,tpsscs_finished_detector,0.5602027885156847,0.0005956720955892218,0.003192058037418862,8192,13754674,210
cross_asset_target_free_conservative,1000.0,0.0,combined,0.001,low_rank_residual_k30,0.42205691892953273,0.0005350332784699751,0.003161512027491409,7358,13754674,210
cross_asset_target_free_conservative,1000.0,0.0,combined,0.001,raw,0.0656630799637862,1.0979082111795175e-05,0.00012212062464699507,151,13754674,210
cross_asset_target_free_conservative,1000.0,0.0,combined,0.001,tpsscs_finished_detector,0.5624827259592946,0.0006050519757331937,0.0032531500572737684,8321,13754674,210
cross_asset_target_free_conservative,1000.0,0.0,combined,0.003,low_rank_residual_k30,0.4546006982513275,0.0006263615948425524,0.00352763312615488,8614,13754674,210
cross_asset_target_free_conservative,1000.0,0.0,combined,0.003,raw,0.08240637261303958,1.606880909289988e-05,0.00021378615276547658,221,13754674,210
cross_asset_target_free_conservative,1000.0,0.0,combined,0.003,tpsscs_finished_detector,0.5836091203261801,0.0006920175391329088,0.0036192599606004613,9517,13754674,210
cross_asset_target_free_conservative,1000.0,0.0,combined,0.01,low_rank_residual_k30,0.513331233955522,0.0008391188176972804,0.005222490303270928,11540,13754674,210
cross_asset_target_free_conservative,1000.0,0.0,combined,0.01,raw,0.12220554283184845,4.544282647510391e-05,0.0004428427450142015,625,13754674,210
cross_asset_target_free_conservative,1000.0,0.0,combined,0.01,tpsscs_finished_detector,0.6282695312620552,0.0008985216362404732,0.0052835720612039215,12357,13754674,210
cross_asset_target_free_conservative,1000.0,0.0,simMed_test.mat,1e-05,low_rank_residual_k30,0.382876722927808,0.0004559209719533609,0.0026266359207733304,3135,6877337,105
cross_asset_target_free_conservative,1000.0,0.0,simMed_test.mat,1e-05,raw,0.07447260513022674,1.410569662319166e-05,9.162263689948997e-05,97,6877337,105
cross_asset_target_free_conservative,1000.0,0.0,simMed_test.mat,1e-05,tpsscs_finished_detector,0.5489405168961264,0.0005468069801800133,0.0027644983428283415,3760,6877337,105
cross_asset_target_free_conservative,1000.0,0.0,simMed_test.mat,3e-05,low_rank_residual_k30,0.382876722927808,0.0004559209719533609,0.0026266359207733304,3135,6877337,105
cross_asset_target_free_conservative,1000.0,0.0,simMed_test.mat,3e-05,raw,0.07447260513022674,1.410569662319166e-05,9.162263689948997e-05,97,6877337,105
cross_asset_target_free_conservative,1000.0,0.0,simMed_test.mat,3e-05,tpsscs_finished_detector,0.5489405168961264,0.0005468069801800133,0.0027644983428283415,3760,6877337,105
cross_asset_target_free_conservative,1000.0,0.0,simMed_test.mat,0.0001,low_rank_residual_k30,0.382876722927808,0.0004559209719533609,0.0026266359207733304,3135,6877337,105
cross_asset_target_free_conservative,1000.0,0.0,simMed_test.mat,0.0001,raw,0.07447260513022674,1.410569662319166e-05,9.162263689948997e-05,97,6877337,105
cross_asset_target_free_conservative,1000.0,0.0,simMed_test.mat,0.0001,tpsscs_finished_detector,0.5489405168961264,0.0005468069801800133,0.0027644983428283415,3760,6877337,105
cross_asset_target_free_conservative,1000.0,0.0,simMed_test.mat,0.0003,low_rank_residual_k30,0.382876722927808,0.0004559209719533609,0.0026266359207733304,3135,6877337,105
cross_asset_target_free_conservative,1000.0,0.0,simMed_test.mat,0.0003,raw,0.07447260513022674,1.410569662319166e-05,9.162263689948997e-05,97,6877337,105
cross_asset_target_free_conservative,1000.0,0.0,simMed_test.mat,0.0003,tpsscs_finished_detector,0.5489405168961264,0.0005468069801800133,0.0027644983428283415,3760,6877337,105
cross_asset_target_free_conservative,1000.0,0.0,simMed_test.mat,0.001,low_rank_residual_k30,0.384244731368935,0.0004592657611111655,0.002641907059847594,3158,6877337,105
cross_asset_target_free_conservative,1000.0,0.0,simMed_test.mat,0.001,raw,0.07833043472347202,1.614153767382694e-05,0.00012212062464699507,111,6877337,105
cross_asset_target_free_conservative,1000.0,0.0,simMed_test.mat,0.001,tpsscs_finished_detector,0.5493563642982101,0.0005500063521249278,0.002779347311515966,3782,6877337,105
cross_asset_target_free_conservative,1000.0,0.0,simMed_test.mat,0.003,low_rank_residual_k30,0.42597086160014863,0.0005673178858308256,0.003222210344669609,3901,6877337,105
cross_asset_target_free_conservative,1000.0,0.0,simMed_test.mat,0.003,raw,0.08800732803513589,2.0940416872995162e-05,0.00021378615276547658,144,6877337,105
cross_asset_target_free_conservative,1000.0,0.0,simMed_test.mat,0.003,tpsscs_finished_detector,0.5747912872594758,0.0006512235434718578,0.0033596505963379808,4478,6877337,105
cross_asset_target_free_conservative,1000.0,0.0,simMed_test.mat,0.01,low_rank_residual_k30,0.48910183717549605,0.0007757120073590253,0.004153749828199685,5334,6877337,105
cross_asset_target_free_conservative,1000.0,0.0,simMed_test.mat,0.01,raw,0.13754819506410546,6.514651216398344e-05,0.0004428427450142015,448,6877337,105
cross_asset_target_free_conservative,1000.0,0.0,simMed_test.mat,0.01,tpsscs_finished_detector,0.6214431408645611,0.0008524921058462727,0.004291190079868058,5862,6877337,105
cross_asset_target_free_conservative,1000.0,0.0,simWind_test.mat,1e-05,low_rank_residual_k30,0.4540574122615589,0.0005943678819840563,0.0031004200076365025,4087,6877337,105
cross_asset_target_free_conservative,1000.0,0.0,simWind_test.mat,1e-05,raw,0.052598899807274994,5.816626549763409e-06,3.054694301467781e-05,40,6877337,105
cross_asset_target_free_conservative,1000.0,0.0,simWind_test.mat,1e-05,tpsscs_finished_detector,0.5714650601352431,0.0006445372109984301,0.003192058037418862,4432,6877337,105
cross_asset_target_free_conservative,1000.0,0.0,simWind_test.mat,3e-05,low_rank_residual_k30,0.4540574122615589,0.0005943678819840563,0.0031004200076365025,4087,6877337,105
cross_asset_target_free_conservative,1000.0,0.0,simWind_test.mat,3e-05,raw,0.052598899807274994,5.816626549763409e-06,3.054694301467781e-05,40,6877337,105
cross_asset_target_free_conservative,1000.0,0.0,simWind_test.mat,3e-05,tpsscs_finished_detector,0.5714650601352431,0.0006445372109984301,0.003192058037418862,4432,6877337,105
cross_asset_target_free_conservative,1000.0,0.0,simWind_test.mat,0.0001,low_rank_residual_k30,0.4540574122615589,0.0005943678819840563,0.0031004200076365025,4087,6877337,105
cross_asset_target_free_conservative,1000.0,0.0,simWind_test.mat,0.0001,raw,0.052598899807274994,5.816626549763409e-06,3.054694301467781e-05,40,6877337,105
cross_asset_target_free_conservative,1000.0,0.0,simWind_test.mat,0.0001,tpsscs_finished_detector,0.5714650601352431,0.0006445372109984301,0.003192058037418862,4432,6877337,105
cross_asset_target_free_conservative,1000.0,0.0,simWind_test.mat,0.0003,low_rank_residual_k30,0.4540574122615589,0.0005943678819840563,0.0031004200076365025,4087,6877337,105
cross_asset_target_free_conservative,1000.0,0.0,simWind_test.mat,0.0003,raw,0.052598899807274994,5.816626549763409e-06,3.054694301467781e-05,40,6877337,105
cross_asset_target_free_conservative,1000.0,0.0,simWind_test.mat,0.0003,tpsscs_finished_detector,0.5714650601352431,0.0006445372109984301,0.003192058037418862,4432,6877337,105
cross_asset_target_free_conservative,1000.0,0.0,simWind_test.mat,0.001,low_rank_residual_k30,0.45986910649013046,0.0006108007958287846,0.003161512027491409,4200,6877337,105
cross_asset_target_free_conservative,1000.0,0.0,simWind_test.mat,0.001,raw,0.05299572520410039,5.816626549763409e-06,3.054694301467781e-05,40,6877337,105
cross_asset_target_free_conservative,1000.0,0.0,simWind_test.mat,0.001,tpsscs_finished_detector,0.575609087620379,0.0006600975993414596,0.0032531500572737684,4539,6877337,105
cross_asset_target_free_conservative,1000.0,0.0,simWind_test.mat,0.003,low_rank_residual_k30,0.48323053490250634,0.0006854053038542792,0.00352763312615488,4713,6877337,105
cross_asset_target_free_conservative,1000.0,0.0,simWind_test.mat,0.003,raw,0.07680541719094329,1.1197201312804595e-05,6.109015379446218e-05,77,6877337,105
cross_asset_target_free_conservative,1000.0,0.0,simWind_test.mat,0.003,tpsscs_finished_detector,0.5924269533928844,0.0007328115347939601,0.0036192599606004613,5039,6877337,105
cross_asset_target_free_conservative,1000.0,0.0,simWind_test.mat,0.01,low_rank_residual_k30,0.537560630735548,0.0009025256280355355,0.005222490303270928,6206,6877337,105
cross_asset_target_free_conservative,1000.0,0.0,simWind_test.mat,0.01,raw,0.10686289059959145,2.573914078622439e-05,0.00013738570272786945,177,6877337,105
cross_asset_target_free_conservative,1000.0,0.0,simWind_test.mat,0.01,tpsscs_finished_detector,0.6350959216595494,0.0009445511666346736,0.0052835720612039215,6495,6877337,105
cross_asset_target_free_conservative,1000.0,0.25,combined,1e-05,low_rank_residual_k30,0.41846706759468344,0.0005251444269687086,0.0031004200076365025,7222,13754674,210
cross_asset_target_free_conservative,1000.0,0.25,combined,1e-05,raw,0.06353575246875087,9.961161586477536e-06,9.162263689948997e-05,137,13754674,210
cross_asset_target_free_conservative,1000.0,0.25,combined,1e-05,tpsscs_finished_detector,0.5602027885156847,0.0005956720955892218,0.003192058037418862,8192,13754674,210
cross_asset_target_free_conservative,1000.0,0.25,combined,3e-05,low_rank_residual_k30,0.41846706759468344,0.0005251444269687086,0.0031004200076365025,7222,13754674,210
cross_asset_target_free_conservative,1000.0,0.25,combined,3e-05,raw,0.06353575246875087,9.961161586477536e-06,9.162263689948997e-05,137,13754674,210
cross_asset_target_free_conservative,1000.0,0.25,combined,3e-05,tpsscs_finished_detector,0.5602027885156847,0.0005956720955892218,0.003192058037418862,8192,13754674,210
cross_asset_target_free_conservative,1000.0,0.25,combined,0.0001,low_rank_residual_k30,0.41846706759468344,0.0005251444269687086,0.0031004200076365025,7222,13754674,210
cross_asset_target_free_conservative,1000.0,0.25,combined,0.0001,raw,0.06353575246875087,9.961161586477536e-06,9.162263689948997e-05,137,13754674,210
cross_asset_target_free_conservative,1000.0,0.25,combined,0.0001,tpsscs_finished_detector,0.5602027885156847,0.0005956720955892218,0.003192058037418862,8192,13754674,210
cross_asset_target_free_conservative,1000.0,0.25,combined,0.0003,low_rank_residual_k30,0.41846706759468344,0.0005251444269687086,0.0031004200076365025,7222,13754674,210
cross_asset_target_free_conservative,1000.0,0.25,combined,0.0003,raw,0.06353575246875087,9.961161586477536e-06,9.162263689948997e-05,137,13754674,210
cross_asset_target_free_conservative,1000.0,0.25,combined,0.0003,tpsscs_finished_detector,0.5602027885156847,0.0005956720955892218,0.003192058037418862,8192,13754674,210
cross_asset_target_free_conservative,1000.0,0.25,combined,0.001,low_rank_residual_k30,0.42205691892953273,0.0005350332784699751,0.003161512027491409,7358,13754674,210
cross_asset_target_free_conservative,1000.0,0.25,combined,0.001,raw,0.0656630799637862,1.0979082111795175e-05,0.00012212062464699507,151,13754674,210
cross_asset_target_free_conservative,1000.0,0.25,combined,0.001,tpsscs_finished_detector,0.5624827259592946,0.0006050519757331937,0.0032531500572737684,8321,13754674,210
cross_asset_target_free_conservative,1000.0,0.25,combined,0.003,low_rank_residual_k30,0.4546006982513275,0.0006263615948425524,0.00352763312615488,8614,13754674,210
cross_asset_target_free_conservative,1000.0,0.25,combined,0.003,raw,0.08240637261303958,1.606880909289988e-05,0.00021378615276547658,221,13754674,210
cross_asset_target_free_conservative,1000.0,0.25,combined,0.003,tpsscs_finished_detector,0.5836091203261801,0.0006920175391329088,0.0036192599606004613,9517,13754674,210
cross_asset_target_free_conservative,1000.0,0.25,combined,0.01,low_rank_residual_k30,0.513331233955522,0.0008391188176972804,0.005222490303270928,11540,13754674,210
cross_asset_target_free_conservative,1000.0,0.25,combined,0.01,raw,0.12220554283184845,4.544282647510391e-05,0.0004428427450142015,625,13754674,210
cross_asset_target_free_conservative,1000.0,0.25,combined,0.01,tpsscs_finished_detector,0.6282695312620552,0.0008985216362404732,0.0052835720612039215,12357,13754674,210
cross_asset_target_free_conservative,1000.0,0.25,simMed_test.mat,1e-05,low_rank_residual_k30,0.382876722927808,0.0004559209719533609,0.0026266359207733304,3135,6877337,105
cross_asset_target_free_conservative,1000.0,0.25,simMed_test.mat,1e-05,raw,0.07447260513022674,1.410569662319166e-05,9.162263689948997e-05,97,6877337,105
cross_asset_target_free_conservative,1000.0,0.25,simMed_test.mat,1e-05,tpsscs_finished_detector,0.5489405168961264,0.0005468069801800133,0.0027644983428283415,3760,6877337,105
cross_asset_target_free_conservative,1000.0,0.25,simMed_test.mat,3e-05,low_rank_residual_k30,0.382876722927808,0.0004559209719533609,0.0026266359207733304,3135,6877337,105
cross_asset_target_free_conservative,1000.0,0.25,simMed_test.mat,3e-05,raw,0.07447260513022674,1.410569662319166e-05,9.162263689948997e-05,97,6877337,105
cross_asset_target_free_conservative,1000.0,0.25,simMed_test.mat,3e-05,tpsscs_finished_detector,0.5489405168961264,0.0005468069801800133,0.0027644983428283415,3760,6877337,105
cross_asset_target_free_conservative,1000.0,0.25,simMed_test.mat,0.0001,low_rank_residual_k30,0.382876722927808,0.0004559209719533609,0.0026266359207733304,3135,6877337,105
cross_asset_target_free_conservative,1000.0,0.25,simMed_test.mat,0.0001,raw,0.07447260513022674,1.410569662319166e-05,9.162263689948997e-05,97,6877337,105
cross_asset_target_free_conservative,1000.0,0.25,simMed_test.mat,0.0001,tpsscs_finished_detector,0.5489405168961264,0.0005468069801800133,0.0027644983428283415,3760,6877337,105
cross_asset_target_free_conservative,1000.0,0.25,simMed_test.mat,0.0003,low_rank_residual_k30,0.382876722927808,0.0004559209719533609,0.0026266359207733304,3135,6877337,105
cross_asset_target_free_conservative,1000.0,0.25,simMed_test.mat,0.0003,raw,0.07447260513022674,1.410569662319166e-05,9.162263689948997e-05,97,6877337,105
cross_asset_target_free_conservative,1000.0,0.25,simMed_test.mat,0.0003,tpsscs_finished_detector,0.5489405168961264,0.0005468069801800133,0.0027644983428283415,3760,6877337,105
cross_asset_target_free_conservative,1000.0,0.25,simMed_test.mat,0.001,low_rank_residual_k30,0.384244731368935,0.0004592657611111655,0.002641907059847594,3158,6877337,105
cross_asset_target_free_conservative,1000.0,0.25,simMed_test.mat,0.001,raw,0.07833043472347202,1.614153767382694e-05,0.00012212062464699507,111,6877337,105
cross_asset_target_free_conservative,1000.0,0.25,simMed_test.mat,0.001,tpsscs_finished_detector,0.5493563642982101,0.0005500063521249278,0.002779347311515966,3782,6877337,105
cross_asset_target_free_conservative,1000.0,0.25,simMed_test.mat,0.003,low_rank_residual_k30,0.42597086160014863,0.0005673178858308256,0.003222210344669609,3901,6877337,105
cross_asset_target_free_conservative,1000.0,0.25,simMed_test.mat,0.003,raw,0.08800732803513589,2.0940416872995162e-05,0.00021378615276547658,144,6877337,105
cross_asset_target_free_conservative,1000.0,0.25,simMed_test.mat,0.003,tpsscs_finished_detector,0.5747912872594758,0.0006512235434718578,0.0033596505963379808,4478,6877337,105
cross_asset_target_free_conservative,1000.0,0.25,simMed_test.mat,0.01,low_rank_residual_k30,0.48910183717549605,0.0007757120073590253,0.004153749828199685,5334,6877337,105
cross_asset_target_free_conservative,1000.0,0.25,simMed_test.mat,0.01,raw,0.13754819506410546,6.514651216398344e-05,0.0004428427450142015,448,6877337,105
cross_asset_target_free_conservative,1000.0,0.25,simMed_test.mat,0.01,tpsscs_finished_detector,0.6214431408645611,0.0008524921058462727,0.004291190079868058,5862,6877337,105
cross_asset_target_free_conservative,1000.0,0.25,simWind_test.mat,1e-05,low_rank_residual_k30,0.4540574122615589,0.0005943678819840563,0.0031004200076365025,4087,6877337,105
cross_asset_target_free_conservative,1000.0,0.25,simWind_test.mat,1e-05,raw,0.052598899807274994,5.816626549763409e-06,3.054694301467781e-05,40,6877337,105
cross_asset_target_free_conservative,1000.0,0.25,simWind_test.mat,1e-05,tpsscs_finished_detector,0.5714650601352431,0.0006445372109984301,0.003192058037418862,4432,6877337,105
cross_asset_target_free_conservative,1000.0,0.25,simWind_test.mat,3e-05,low_rank_residual_k30,0.4540574122615589,0.0005943678819840563,0.0031004200076365025,4087,6877337,105
cross_asset_target_free_conservative,1000.0,0.25,simWind_test.mat,3e-05,raw,0.052598899807274994,5.816626549763409e-06,3.054694301467781e-05,40,6877337,105
cross_asset_target_free_conservative,1000.0,0.25,simWind_test.mat,3e-05,tpsscs_finished_detector,0.5714650601352431,0.0006445372109984301,0.003192058037418862,4432,6877337,105
cross_asset_target_free_conservative,1000.0,0.25,simWind_test.mat,0.0001,low_rank_residual_k30,0.4540574122615589,0.0005943678819840563,0.0031004200076365025,4087,6877337,105
cross_asset_target_free_conservative,1000.0,0.25,simWind_test.mat,0.0001,raw,0.052598899807274994,5.816626549763409e-06,3.054694301467781e-05,40,6877337,105
cross_asset_target_free_conservative,1000.0,0.25,simWind_test.mat,0.0001,tpsscs_finished_detector,0.5714650601352431,0.0006445372109984301,0.003192058037418862,4432,6877337,105
cross_asset_target_free_conservative,1000.0,0.25,simWind_test.mat,0.0003,low_rank_residual_k30,0.4540574122615589,0.0005943678819840563,0.0031004200076365025,4087,6877337,105
cross_asset_target_free_conservative,1000.0,0.25,simWind_test.mat,0.0003,raw,0.052598899807274994,5.816626549763409e-06,3.054694301467781e-05,40,6877337,105
cross_asset_target_free_conservative,1000.0,0.25,simWind_test.mat,0.0003,tpsscs_finished_detector,0.5714650601352431,0.0006445372109984301,0.003192058037418862,4432,6877337,105
cross_asset_target_free_conservative,1000.0,0.25,simWind_test.mat,0.001,low_rank_residual_k30,0.45986910649013046,0.0006108007958287846,0.003161512027491409,4200,6877337,105
cross_asset_target_free_conservative,1000.0,0.25,simWind_test.mat,0.001,raw,0.05299572520410039,5.816626549763409e-06,3.054694301467781e-05,40,6877337,105
cross_asset_target_free_conservative,1000.0,0.25,simWind_test.mat,0.001,tpsscs_finished_detector,0.575609087620379,0.0006600975993414596,0.0032531500572737684,4539,6877337,105
cross_asset_target_free_conservative,1000.0,0.25,simWind_test.mat,0.003,low_rank_residual_k30,0.48323053490250634,0.0006854053038542792,0.00352763312615488,4713,6877337,105
cross_asset_target_free_conservative,1000.0,0.25,simWind_test.mat,0.003,raw,0.07680541719094329,1.1197201312804595e-05,6.109015379446218e-05,77,6877337,105
cross_asset_target_free_conservative,1000.0,0.25,simWind_test.mat,0.003,tpsscs_finished_detector,0.5924269533928844,0.0007328115347939601,0.0036192599606004613,5039,6877337,105
cross_asset_target_free_conservative,1000.0,0.25,simWind_test.mat,0.01,low_rank_residual_k30,0.537560630735548,0.0009025256280355355,0.005222490303270928,6206,6877337,105
cross_asset_target_free_conservative,1000.0,0.25,simWind_test.mat,0.01,raw,0.10686289059959145,2.573914078622439e-05,0.00013738570272786945,177,6877337,105
cross_asset_target_free_conservative,1000.0,0.25,simWind_test.mat,0.01,tpsscs_finished_detector,0.6350959216595494,0.0009445511666346736,0.0052835720612039215,6495,6877337,105
cross_asset_target_free_conservative,1000.0,1.0,combined,1e-05,low_rank_residual_k30,0.41846706759468344,0.0005251444269687086,0.0031004200076365025,7222,13754674,210
cross_asset_target_free_conservative,1000.0,1.0,combined,1e-05,raw,0.06353575246875087,9.961161586477536e-06,9.162263689948997e-05,137,13754674,210
cross_asset_target_free_conservative,1000.0,1.0,combined,1e-05,tpsscs_finished_detector,0.5599226764708668,0.0005955993692156568,0.003192058037418862,8191,13754674,210
cross_asset_target_free_conservative,1000.0,1.0,combined,3e-05,low_rank_residual_k30,0.41846706759468344,0.0005251444269687086,0.0031004200076365025,7222,13754674,210
cross_asset_target_free_conservative,1000.0,1.0,combined,3e-05,raw,0.06353575246875087,9.961161586477536e-06,9.162263689948997e-05,137,13754674,210
cross_asset_target_free_conservative,1000.0,1.0,combined,3e-05,tpsscs_finished_detector,0.5599226764708668,0.0005955993692156568,0.003192058037418862,8191,13754674,210
cross_asset_target_free_conservative,1000.0,1.0,combined,0.0001,low_rank_residual_k30,0.41846706759468344,0.0005251444269687086,0.0031004200076365025,7222,13754674,210
cross_asset_target_free_conservative,1000.0,1.0,combined,0.0001,raw,0.06353575246875087,9.961161586477536e-06,9.162263689948997e-05,137,13754674,210
cross_asset_target_free_conservative,1000.0,1.0,combined,0.0001,tpsscs_finished_detector,0.5599226764708668,0.0005955993692156568,0.003192058037418862,8191,13754674,210
cross_asset_target_free_conservative,1000.0,1.0,combined,0.0003,low_rank_residual_k30,0.41846706759468344,0.0005251444269687086,0.0031004200076365025,7222,13754674,210
cross_asset_target_free_conservative,1000.0,1.0,combined,0.0003,raw,0.06353575246875087,9.961161586477536e-06,9.162263689948997e-05,137,13754674,210
cross_asset_target_free_conservative,1000.0,1.0,combined,0.0003,tpsscs_finished_detector,0.5599226764708668,0.0005955993692156568,0.003192058037418862,8191,13754674,210
cross_asset_target_free_conservative,1000.0,1.0,combined,0.001,low_rank_residual_k30,0.42205691892953273,0.0005350332784699751,0.003161512027491409,7358,13754674,210
cross_asset_target_free_conservative,1000.0,1.0,combined,0.001,raw,0.0656630799637862,1.0979082111795175e-05,0.00012212062464699507,151,13754674,210
cross_asset_target_free_conservative,1000.0,1.0,combined,0.001,tpsscs_finished_detector,0.5622026139144767,0.0006049792493596289,0.0032531500572737684,8320,13754674,210
cross_asset_target_free_conservative,1000.0,1.0,combined,0.003,low_rank_residual_k30,0.4546006982513275,0.0006263615948425524,0.00352763312615488,8614,13754674,210
cross_asset_target_free_conservative,1000.0,1.0,combined,0.003,raw,0.08240637261303958,1.606880909289988e-05,0.00021378615276547658,221,13754674,210
cross_asset_target_free_conservative,1000.0,1.0,combined,0.003,tpsscs_finished_detector,0.5833290082813622,0.0006920175391329088,0.0036192599606004613,9517,13754674,210
cross_asset_target_free_conservative,1000.0,1.0,combined,0.01,low_rank_residual_k30,0.513331233955522,0.0008391188176972804,0.005222490303270928,11540,13754674,210
cross_asset_target_free_conservative,1000.0,1.0,combined,0.01,raw,0.12220554283184845,4.544282647510391e-05,0.0004428427450142015,625,13754674,210
cross_asset_target_free_conservative,1000.0,1.0,combined,0.01,tpsscs_finished_detector,0.6279894192172374,0.0008985216362404732,0.0052835720612039215,12357,13754674,210
cross_asset_target_free_conservative,1000.0,1.0,simMed_test.mat,1e-05,low_rank_residual_k30,0.382876722927808,0.0004559209719533609,0.0026266359207733304,3135,6877337,105
cross_asset_target_free_conservative,1000.0,1.0,simMed_test.mat,1e-05,raw,0.07447260513022674,1.410569662319166e-05,9.162263689948997e-05,97,6877337,105
cross_asset_target_free_conservative,1000.0,1.0,simMed_test.mat,1e-05,tpsscs_finished_detector,0.5483802928064905,0.0005466615274328835,0.0027644983428283415,3759,6877337,105
cross_asset_target_free_conservative,1000.0,1.0,simMed_test.mat,3e-05,low_rank_residual_k30,0.382876722927808,0.0004559209719533609,0.0026266359207733304,3135,6877337,105
cross_asset_target_free_conservative,1000.0,1.0,simMed_test.mat,3e-05,raw,0.07447260513022674,1.410569662319166e-05,9.162263689948997e-05,97,6877337,105
cross_asset_target_free_conservative,1000.0,1.0,simMed_test.mat,3e-05,tpsscs_finished_detector,0.5483802928064905,0.0005466615274328835,0.0027644983428283415,3759,6877337,105
cross_asset_target_free_conservative,1000.0,1.0,simMed_test.mat,0.0001,low_rank_residual_k30,0.382876722927808,0.0004559209719533609,0.0026266359207733304,3135,6877337,105
cross_asset_target_free_conservative,1000.0,1.0,simMed_test.mat,0.0001,raw,0.07447260513022674,1.410569662319166e-05,9.162263689948997e-05,97,6877337,105
cross_asset_target_free_conservative,1000.0,1.0,simMed_test.mat,0.0001,tpsscs_finished_detector,0.5483802928064905,0.0005466615274328835,0.0027644983428283415,3759,6877337,105
cross_asset_target_free_conservative,1000.0,1.0,simMed_test.mat,0.0003,low_rank_residual_k30,0.382876722927808,0.0004559209719533609,0.0026266359207733304,3135,6877337,105
cross_asset_target_free_conservative,1000.0,1.0,simMed_test.mat,0.0003,raw,0.07447260513022674,1.410569662319166e-05,9.162263689948997e-05,97,6877337,105
cross_asset_target_free_conservative,1000.0,1.0,simMed_test.mat,0.0003,tpsscs_finished_detector,0.5483802928064905,0.0005466615274328835,0.0027644983428283415,3759,6877337,105
cross_asset_target_free_conservative,1000.0,1.0,simMed_test.mat,0.001,low_rank_residual_k30,0.384244731368935,0.0004592657611111655,0.002641907059847594,3158,6877337,105
cross_asset_target_free_conservative,1000.0,1.0,simMed_test.mat,0.001,raw,0.07833043472347202,1.614153767382694e-05,0.00012212062464699507,111,6877337,105
cross_asset_target_free_conservative,1000.0,1.0,simMed_test.mat,0.001,tpsscs_finished_detector,0.5487961402085744,0.0005498608993777981,0.002779347311515966,3781,6877337,105
cross_asset_target_free_conservative,1000.0,1.0,simMed_test.mat,0.003,low_rank_residual_k30,0.42597086160014863,0.0005673178858308256,0.003222210344669609,3901,6877337,105
cross_asset_target_free_conservative,1000.0,1.0,simMed_test.mat,0.003,raw,0.08800732803513589,2.0940416872995162e-05,0.00021378615276547658,144,6877337,105
cross_asset_target_free_conservative,1000.0,1.0,simMed_test.mat,0.003,tpsscs_finished_detector,0.57423106316984,0.0006512235434718578,0.0033596505963379808,4478,6877337,105
cross_asset_target_free_conservative,1000.0,1.0,simMed_test.mat,0.01,low_rank_residual_k30,0.48910183717549605,0.0007757120073590253,0.004153749828199685,5334,6877337,105
cross_asset_target_free_conservative,1000.0,1.0,simMed_test.mat,0.01,raw,0.13754819506410546,6.514651216398344e-05,0.0004428427450142015,448,6877337,105
cross_asset_target_free_conservative,1000.0,1.0,simMed_test.mat,0.01,tpsscs_finished_detector,0.6208829167749252,0.0008524921058462727,0.004291190079868058,5862,6877337,105
cross_asset_target_free_conservative,1000.0,1.0,simWind_test.mat,1e-05,low_rank_residual_k30,0.4540574122615589,0.0005943678819840563,0.0031004200076365025,4087,6877337,105
cross_asset_target_free_conservative,1000.0,1.0,simWind_test.mat,1e-05,raw,0.052598899807274994,5.816626549763409e-06,3.054694301467781e-05,40,6877337,105
cross_asset_target_free_conservative,1000.0,1.0,simWind_test.mat,1e-05,tpsscs_finished_detector,0.5714650601352431,0.0006445372109984301,0.003192058037418862,4432,6877337,105
cross_asset_target_free_conservative,1000.0,1.0,simWind_test.mat,3e-05,low_rank_residual_k30,0.4540574122615589,0.0005943678819840563,0.0031004200076365025,4087,6877337,105
cross_asset_target_free_conservative,1000.0,1.0,simWind_test.mat,3e-05,raw,0.052598899807274994,5.816626549763409e-06,3.054694301467781e-05,40,6877337,105
cross_asset_target_free_conservative,1000.0,1.0,simWind_test.mat,3e-05,tpsscs_finished_detector,0.5714650601352431,0.0006445372109984301,0.003192058037418862,4432,6877337,105
cross_asset_target_free_conservative,1000.0,1.0,simWind_test.mat,0.0001,low_rank_residual_k30,0.4540574122615589,0.0005943678819840563,0.0031004200076365025,4087,6877337,105
cross_asset_target_free_conservative,1000.0,1.0,simWind_test.mat,0.0001,raw,0.052598899807274994,5.816626549763409e-06,3.054694301467781e-05,40,6877337,105
cross_asset_target_free_conservative,1000.0,1.0,simWind_test.mat,0.0001,tpsscs_finished_detector,0.5714650601352431,0.0006445372109984301,0.003192058037418862,4432,6877337,105
cross_asset_target_free_conservative,1000.0,1.0,simWind_test.mat,0.0003,low_rank_residual_k30,0.4540574122615589,0.0005943678819840563,0.0031004200076365025,4087,6877337,105
cross_asset_target_free_conservative,1000.0,1.0,simWind_test.mat,0.0003,raw,0.052598899807274994,5.816626549763409e-06,3.054694301467781e-05,40,6877337,105
cross_asset_target_free_conservative,1000.0,1.0,simWind_test.mat,0.0003,tpsscs_finished_detector,0.5714650601352431,0.0006445372109984301,0.003192058037418862,4432,6877337,105
cross_asset_target_free_conservative,1000.0,1.0,simWind_test.mat,0.001,low_rank_residual_k30,0.45986910649013046,0.0006108007958287846,0.003161512027491409,4200,6877337,105
cross_asset_target_free_conservative,1000.0,1.0,simWind_test.mat,0.001,raw,0.05299572520410039,5.816626549763409e-06,3.054694301467781e-05,40,6877337,105
cross_asset_target_free_conservative,1000.0,1.0,simWind_test.mat,0.001,tpsscs_finished_detector,0.575609087620379,0.0006600975993414596,0.0032531500572737684,4539,6877337,105
cross_asset_target_free_conservative,1000.0,1.0,simWind_test.mat,0.003,low_rank_residual_k30,0.48323053490250634,0.0006854053038542792,0.00352763312615488,4713,6877337,105
cross_asset_target_free_conservative,1000.0,1.0,simWind_test.mat,0.003,raw,0.07680541719094329,1.1197201312804595e-05,6.109015379446218e-05,77,6877337,105
cross_asset_target_free_conservative,1000.0,1.0,simWind_test.mat,0.003,tpsscs_finished_detector,0.5924269533928844,0.0007328115347939601,0.0036192599606004613,5039,6877337,105
cross_asset_target_free_conservative,1000.0,1.0,simWind_test.mat,0.01,low_rank_residual_k30,0.537560630735548,0.0009025256280355355,0.005222490303270928,6206,6877337,105
cross_asset_target_free_conservative,1000.0,1.0,simWind_test.mat,0.01,raw,0.10686289059959145,2.573914078622439e-05,0.00013738570272786945,177,6877337,105
cross_asset_target_free_conservative,1000.0,1.0,simWind_test.mat,0.01,tpsscs_finished_detector,0.6350959216595494,0.0009445511666346736,0.0052835720612039215,6495,6877337,105
cross_asset_target_free_conservative,1000.0,4.0,combined,1e-05,low_rank_residual_k30,0.41846706759468344,0.0005251444269687086,0.0031004200076365025,7222,13754674,210
cross_asset_target_free_conservative,1000.0,4.0,combined,1e-05,raw,0.06353575246875087,9.961161586477536e-06,9.162263689948997e-05,137,13754674,210
cross_asset_target_free_conservative,1000.0,4.0,combined,1e-05,tpsscs_finished_detector,0.5594077499056508,0.0005948722342831506,0.003192058037418862,8181,13754674,210
cross_asset_target_free_conservative,1000.0,4.0,combined,3e-05,low_rank_residual_k30,0.41846706759468344,0.0005251444269687086,0.0031004200076365025,7222,13754674,210
cross_asset_target_free_conservative,1000.0,4.0,combined,3e-05,raw,0.06353575246875087,9.961161586477536e-06,9.162263689948997e-05,137,13754674,210
cross_asset_target_free_conservative,1000.0,4.0,combined,3e-05,tpsscs_finished_detector,0.5594077499056508,0.0005948722342831506,0.003192058037418862,8181,13754674,210
cross_asset_target_free_conservative,1000.0,4.0,combined,0.0001,low_rank_residual_k30,0.41846706759468344,0.0005251444269687086,0.0031004200076365025,7222,13754674,210
cross_asset_target_free_conservative,1000.0,4.0,combined,0.0001,raw,0.06353575246875087,9.961161586477536e-06,9.162263689948997e-05,137,13754674,210
cross_asset_target_free_conservative,1000.0,4.0,combined,0.0001,tpsscs_finished_detector,0.5594077499056508,0.0005948722342831506,0.003192058037418862,8181,13754674,210
cross_asset_target_free_conservative,1000.0,4.0,combined,0.0003,low_rank_residual_k30,0.41846706759468344,0.0005251444269687086,0.0031004200076365025,7222,13754674,210
cross_asset_target_free_conservative,1000.0,4.0,combined,0.0003,raw,0.06353575246875087,9.961161586477536e-06,9.162263689948997e-05,137,13754674,210
cross_asset_target_free_conservative,1000.0,4.0,combined,0.0003,tpsscs_finished_detector,0.5594077499056508,0.0005948722342831506,0.003192058037418862,8181,13754674,210
cross_asset_target_free_conservative,1000.0,4.0,combined,0.001,low_rank_residual_k30,0.42205691892953273,0.0005350332784699751,0.003161512027491409,7358,13754674,210
cross_asset_target_free_conservative,1000.0,4.0,combined,0.001,raw,0.0656630799637862,1.0979082111795175e-05,0.00012212062464699507,151,13754674,210
cross_asset_target_free_conservative,1000.0,4.0,combined,0.001,tpsscs_finished_detector,0.5616876873492607,0.0006042521144271225,0.0032531500572737684,8310,13754674,210
cross_asset_target_free_conservative,1000.0,4.0,combined,0.003,low_rank_residual_k30,0.4546006982513275,0.0006263615948425524,0.00352763312615488,8614,13754674,210
cross_asset_target_free_conservative,1000.0,4.0,combined,0.003,raw,0.08240637261303958,1.606880909289988e-05,0.00021378615276547658,221,13754674,210
cross_asset_target_free_conservative,1000.0,4.0,combined,0.003,tpsscs_finished_detector,0.5828140817161462,0.0006912904042004026,0.0036192599606004613,9507,13754674,210
cross_asset_target_free_conservative,1000.0,4.0,combined,0.01,low_rank_residual_k30,0.513331233955522,0.0008391188176972804,0.005222490303270928,11540,13754674,210
cross_asset_target_free_conservative,1000.0,4.0,combined,0.01,raw,0.12220554283184845,4.544282647510391e-05,0.0004428427450142015,625,13754674,210
cross_asset_target_free_conservative,1000.0,4.0,combined,0.01,tpsscs_finished_detector,0.6277373183769013,0.0008979399351772772,0.0052835720612039215,12349,13754674,210
cross_asset_target_free_conservative,1000.0,4.0,simMed_test.mat,1e-05,low_rank_residual_k30,0.382876722927808,0.0004559209719533609,0.0026266359207733304,3135,6877337,105
cross_asset_target_free_conservative,1000.0,4.0,simMed_test.mat,1e-05,raw,0.07447260513022674,1.410569662319166e-05,9.162263689948997e-05,97,6877337,105
cross_asset_target_free_conservative,1000.0,4.0,simMed_test.mat,1e-05,tpsscs_finished_detector,0.5477118875133388,0.0005457890374656261,0.0027644983428283415,3753,6877337,105
cross_asset_target_free_conservative,1000.0,4.0,simMed_test.mat,3e-05,low_rank_residual_k30,0.382876722927808,0.0004559209719533609,0.0026266359207733304,3135,6877337,105
cross_asset_target_free_conservative,1000.0,4.0,simMed_test.mat,3e-05,raw,0.07447260513022674,1.410569662319166e-05,9.162263689948997e-05,97,6877337,105
cross_asset_target_free_conservative,1000.0,4.0,simMed_test.mat,3e-05,tpsscs_finished_detector,0.5477118875133388,0.0005457890374656261,0.0027644983428283415,3753,6877337,105
cross_asset_target_free_conservative,1000.0,4.0,simMed_test.mat,0.0001,low_rank_residual_k30,0.382876722927808,0.0004559209719533609,0.0026266359207733304,3135,6877337,105
cross_asset_target_free_conservative,1000.0,4.0,simMed_test.mat,0.0001,raw,0.07447260513022674,1.410569662319166e-05,9.162263689948997e-05,97,6877337,105
cross_asset_target_free_conservative,1000.0,4.0,simMed_test.mat,0.0001,tpsscs_finished_detector,0.5477118875133388,0.0005457890374656261,0.0027644983428283415,3753,6877337,105
cross_asset_target_free_conservative,1000.0,4.0,simMed_test.mat,0.0003,low_rank_residual_k30,0.382876722927808,0.0004559209719533609,0.0026266359207733304,3135,6877337,105
cross_asset_target_free_conservative,1000.0,4.0,simMed_test.mat,0.0003,raw,0.07447260513022674,1.410569662319166e-05,9.162263689948997e-05,97,6877337,105
cross_asset_target_free_conservative,1000.0,4.0,simMed_test.mat,0.0003,tpsscs_finished_detector,0.5477118875133388,0.0005457890374656261,0.0027644983428283415,3753,6877337,105
cross_asset_target_free_conservative,1000.0,4.0,simMed_test.mat,0.001,low_rank_residual_k30,0.384244731368935,0.0004592657611111655,0.002641907059847594,3158,6877337,105
cross_asset_target_free_conservative,1000.0,4.0,simMed_test.mat,0.001,raw,0.07833043472347202,1.614153767382694e-05,0.00012212062464699507,111,6877337,105
cross_asset_target_free_conservative,1000.0,4.0,simMed_test.mat,0.001,tpsscs_finished_detector,0.5481277349154225,0.0005489884094105406,0.0027644983428283415,3775,6877337,105
cross_asset_target_free_conservative,1000.0,4.0,simMed_test.mat,0.003,low_rank_residual_k30,0.42597086160014863,0.0005673178858308256,0.003222210344669609,3901,6877337,105
cross_asset_target_free_conservative,1000.0,4.0,simMed_test.mat,0.003,raw,0.08800732803513589,2.0940416872995162e-05,0.00021378615276547658,144,6877337,105
cross_asset_target_free_conservative,1000.0,4.0,simMed_test.mat,0.003,tpsscs_finished_detector,0.5735626578766883,0.0006503510535046002,0.003344379457263717,4472,6877337,105
cross_asset_target_free_conservative,1000.0,4.0,simMed_test.mat,0.01,low_rank_residual_k30,0.48910183717549605,0.0007757120073590253,0.004153749828199685,5334,6877337,105
cross_asset_target_free_conservative,1000.0,4.0,simMed_test.mat,0.01,raw,0.13754819506410546,6.514651216398344e-05,0.0004428427450142015,448,6877337,105
cross_asset_target_free_conservative,1000.0,4.0,simMed_test.mat,0.01,tpsscs_finished_detector,0.620378715094253,0.0008516196158790152,0.004275918940793794,5856,6877337,105
cross_asset_target_free_conservative,1000.0,4.0,simWind_test.mat,1e-05,low_rank_residual_k30,0.4540574122615589,0.0005943678819840563,0.0031004200076365025,4087,6877337,105
cross_asset_target_free_conservative,1000.0,4.0,simWind_test.mat,1e-05,raw,0.052598899807274994,5.816626549763409e-06,3.054694301467781e-05,40,6877337,105
cross_asset_target_free_conservative,1000.0,4.0,simWind_test.mat,1e-05,tpsscs_finished_detector,0.5711036122979628,0.000643955431100675,0.003192058037418862,4428,6877337,105
cross_asset_target_free_conservative,1000.0,4.0,simWind_test.mat,3e-05,low_rank_residual_k30,0.4540574122615589,0.0005943678819840563,0.0031004200076365025,4087,6877337,105
cross_asset_target_free_conservative,1000.0,4.0,simWind_test.mat,3e-05,raw,0.052598899807274994,5.816626549763409e-06,3.054694301467781e-05,40,6877337,105
cross_asset_target_free_conservative,1000.0,4.0,simWind_test.mat,3e-05,tpsscs_finished_detector,0.5711036122979628,0.000643955431100675,0.003192058037418862,4428,6877337,105
cross_asset_target_free_conservative,1000.0,4.0,simWind_test.mat,0.0001,low_rank_residual_k30,0.4540574122615589,0.0005943678819840563,0.0031004200076365025,4087,6877337,105
cross_asset_target_free_conservative,1000.0,4.0,simWind_test.mat,0.0001,raw,0.052598899807274994,5.816626549763409e-06,3.054694301467781e-05,40,6877337,105
cross_asset_target_free_conservative,1000.0,4.0,simWind_test.mat,0.0001,tpsscs_finished_detector,0.5711036122979628,0.000643955431100675,0.003192058037418862,4428,6877337,105
cross_asset_target_free_conservative,1000.0,4.0,simWind_test.mat,0.0003,low_rank_residual_k30,0.4540574122615589,0.0005943678819840563,0.0031004200076365025,4087,6877337,105
cross_asset_target_free_conservative,1000.0,4.0,simWind_test.mat,0.0003,raw,0.052598899807274994,5.816626549763409e-06,3.054694301467781e-05,40,6877337,105
cross_asset_target_free_conservative,1000.0,4.0,simWind_test.mat,0.0003,tpsscs_finished_detector,0.5711036122979628,0.000643955431100675,0.003192058037418862,4428,6877337,105
cross_asset_target_free_conservative,1000.0,4.0,simWind_test.mat,0.001,low_rank_residual_k30,0.45986910649013046,0.0006108007958287846,0.003161512027491409,4200,6877337,105
cross_asset_target_free_conservative,1000.0,4.0,simWind_test.mat,0.001,raw,0.05299572520410039,5.816626549763409e-06,3.054694301467781e-05,40,6877337,105
cross_asset_target_free_conservative,1000.0,4.0,simWind_test.mat,0.001,tpsscs_finished_detector,0.5752476397830987,0.0006595158194437045,0.0032531500572737684,4535,6877337,105
cross_asset_target_free_conservative,1000.0,4.0,simWind_test.mat,0.003,low_rank_residual_k30,0.48323053490250634,0.0006854053038542792,0.00352763312615488,4713,6877337,105
cross_asset_target_free_conservative,1000.0,4.0,simWind_test.mat,0.003,raw,0.07680541719094329,1.1197201312804595e-05,6.109015379446218e-05,77,6877337,105
cross_asset_target_free_conservative,1000.0,4.0,simWind_test.mat,0.003,tpsscs_finished_detector,0.5920655055556041,0.0007322297548962049,0.0036192599606004613,5035,6877337,105
cross_asset_target_free_conservative,1000.0,4.0,simWind_test.mat,0.01,low_rank_residual_k30,0.537560630735548,0.0009025256280355355,0.005222490303270928,6206,6877337,105
cross_asset_target_free_conservative,1000.0,4.0,simWind_test.mat,0.01,raw,0.10686289059959145,2.573914078622439e-05,0.00013738570272786945,177,6877337,105
cross_asset_target_free_conservative,1000.0,4.0,simWind_test.mat,0.01,tpsscs_finished_detector,0.6350959216595494,0.0009442602544755395,0.0052835720612039215,6493,6877337,105
cross_asset_target_free_conservative,1000.0,16.0,combined,1e-05,low_rank_residual_k30,0.41846706759468344,0.0005251444269687086,0.0031004200076365025,7222,13754674,210
cross_asset_target_free_conservative,1000.0,16.0,combined,1e-05,raw,0.06353575246875087,9.961161586477536e-06,9.162263689948997e-05,137,13754674,210
cross_asset_target_free_conservative,1000.0,16.0,combined,1e-05,tpsscs_finished_detector,0.5576047263860819,0.0005920368038734486,0.003192058037418862,8142,13754674,210
cross_asset_target_free_conservative,1000.0,16.0,combined,3e-05,low_rank_residual_k30,0.41846706759468344,0.0005251444269687086,0.0031004200076365025,7222,13754674,210
cross_asset_target_free_conservative,1000.0,16.0,combined,3e-05,raw,0.06353575246875087,9.961161586477536e-06,9.162263689948997e-05,137,13754674,210
cross_asset_target_free_conservative,1000.0,16.0,combined,3e-05,tpsscs_finished_detector,0.5576047263860819,0.0005920368038734486,0.003192058037418862,8142,13754674,210
cross_asset_target_free_conservative,1000.0,16.0,combined,0.0001,low_rank_residual_k30,0.41846706759468344,0.0005251444269687086,0.0031004200076365025,7222,13754674,210
cross_asset_target_free_conservative,1000.0,16.0,combined,0.0001,raw,0.06353575246875087,9.961161586477536e-06,9.162263689948997e-05,137,13754674,210
cross_asset_target_free_conservative,1000.0,16.0,combined,0.0001,tpsscs_finished_detector,0.5576047263860819,0.0005920368038734486,0.003192058037418862,8142,13754674,210
cross_asset_target_free_conservative,1000.0,16.0,combined,0.0003,low_rank_residual_k30,0.41846706759468344,0.0005251444269687086,0.0031004200076365025,7222,13754674,210
cross_asset_target_free_conservative,1000.0,16.0,combined,0.0003,raw,0.06353575246875087,9.961161586477536e-06,9.162263689948997e-05,137,13754674,210
cross_asset_target_free_conservative,1000.0,16.0,combined,0.0003,tpsscs_finished_detector,0.5576047263860819,0.0005920368038734486,0.003192058037418862,8142,13754674,210
cross_asset_target_free_conservative,1000.0,16.0,combined,0.001,low_rank_residual_k30,0.42205691892953273,0.0005350332784699751,0.003161512027491409,7358,13754674,210
cross_asset_target_free_conservative,1000.0,16.0,combined,0.001,raw,0.0656630799637862,1.0979082111795175e-05,0.00012212062464699507,151,13754674,210
cross_asset_target_free_conservative,1000.0,16.0,combined,0.001,tpsscs_finished_detector,0.5600819858874789,0.0006014166840174206,0.0032531500572737684,8271,13754674,210
cross_asset_target_free_conservative,1000.0,16.0,combined,0.003,low_rank_residual_k30,0.4546006982513275,0.0006263615948425524,0.00352763312615488,8614,13754674,210
cross_asset_target_free_conservative,1000.0,16.0,combined,0.003,raw,0.08240637261303958,1.606880909289988e-05,0.00021378615276547658,221,13754674,210
cross_asset_target_free_conservative,1000.0,16.0,combined,0.003,tpsscs_finished_detector,0.5815209565669408,0.0006885276624195096,0.0036039888215261976,9469,13754674,210
cross_asset_target_free_conservative,1000.0,16.0,combined,0.01,low_rank_residual_k30,0.513331233955522,0.0008391188176972804,0.005222490303270928,11540,13754674,210
cross_asset_target_free_conservative,1000.0,16.0,combined,0.01,raw,0.12220554283184845,4.544282647510391e-05,0.0004428427450142015,625,13754674,210
cross_asset_target_free_conservative,1000.0,16.0,combined,0.01,tpsscs_finished_detector,0.6270568417692063,0.0008953952859188802,0.0052835720612039215,12314,13754674,210
cross_asset_target_free_conservative,1000.0,16.0,simMed_test.mat,1e-05,low_rank_residual_k30,0.382876722927808,0.0004559209719533609,0.0026266359207733304,3135,6877337,105
cross_asset_target_free_conservative,1000.0,16.0,simMed_test.mat,1e-05,raw,0.07447260513022674,1.410569662319166e-05,9.162263689948997e-05,97,6877337,105
cross_asset_target_free_conservative,1000.0,16.0,simMed_test.mat,1e-05,tpsscs_finished_detector,0.545078317459967,0.000541717690571929,0.0027644983428283415,3725,6877337,105
cross_asset_target_free_conservative,1000.0,16.0,simMed_test.mat,3e-05,low_rank_residual_k30,0.382876722927808,0.0004559209719533609,0.0026266359207733304,3135,6877337,105
cross_asset_target_free_conservative,1000.0,16.0,simMed_test.mat,3e-05,raw,0.07447260513022674,1.410569662319166e-05,9.162263689948997e-05,97,6877337,105
cross_asset_target_free_conservative,1000.0,16.0,simMed_test.mat,3e-05,tpsscs_finished_detector,0.545078317459967,0.000541717690571929,0.0027644983428283415,3725,6877337,105
cross_asset_target_free_conservative,1000.0,16.0,simMed_test.mat,0.0001,low_rank_residual_k30,0.382876722927808,0.0004559209719533609,0.0026266359207733304,3135,6877337,105
cross_asset_target_free_conservative,1000.0,16.0,simMed_test.mat,0.0001,raw,0.07447260513022674,1.410569662319166e-05,9.162263689948997e-05,97,6877337,105
cross_asset_target_free_conservative,1000.0,16.0,simMed_test.mat,0.0001,tpsscs_finished_detector,0.545078317459967,0.000541717690571929,0.0027644983428283415,3725,6877337,105
cross_asset_target_free_conservative,1000.0,16.0,simMed_test.mat,0.0003,low_rank_residual_k30,0.382876722927808,0.0004559209719533609,0.0026266359207733304,3135,6877337,105
cross_asset_target_free_conservative,1000.0,16.0,simMed_test.mat,0.0003,raw,0.07447260513022674,1.410569662319166e-05,9.162263689948997e-05,97,6877337,105
cross_asset_target_free_conservative,1000.0,16.0,simMed_test.mat,0.0003,tpsscs_finished_detector,0.545078317459967,0.000541717690571929,0.0027644983428283415,3725,6877337,105
cross_asset_target_free_conservative,1000.0,16.0,simMed_test.mat,0.001,low_rank_residual_k30,0.384244731368935,0.0004592657611111655,0.002641907059847594,3158,6877337,105
cross_asset_target_free_conservative,1000.0,16.0,simMed_test.mat,0.001,raw,0.07833043472347202,1.614153767382694e-05,0.00012212062464699507,111,6877337,105
cross_asset_target_free_conservative,1000.0,16.0,simMed_test.mat,0.001,tpsscs_finished_detector,0.545667325035211,0.0005449170625168435,0.0027644983428283415,3747,6877337,105
cross_asset_target_free_conservative,1000.0,16.0,simMed_test.mat,0.003,low_rank_residual_k30,0.42597086160014863,0.0005673178858308256,0.003222210344669609,3901,6877337,105
cross_asset_target_free_conservative,1000.0,16.0,simMed_test.mat,0.003,raw,0.08800732803513589,2.0940416872995162e-05,0.00021378615276547658,144,6877337,105
cross_asset_target_free_conservative,1000.0,16.0,simMed_test.mat,0.003,tpsscs_finished_detector,0.5717274006216293,0.000646425083868521,0.003344379457263717,4445,6877337,105
cross_asset_target_free_conservative,1000.0,16.0,simMed_test.mat,0.01,low_rank_residual_k30,0.48910183717549605,0.0007757120073590253,0.004153749828199685,5334,6877337,105
cross_asset_target_free_conservative,1000.0,16.0,simMed_test.mat,0.01,raw,0.13754819506410546,6.514651216398344e-05,0.0004428427450142015,448,6877337,105
cross_asset_target_free_conservative,1000.0,16.0,simMed_test.mat,0.01,tpsscs_finished_detector,0.619017761878863,0.0008479844429338252,0.004275918940793794,5831,6877337,105
cross_asset_target_free_conservative,1000.0,16.0,simWind_test.mat,1e-05,low_rank_residual_k30,0.4540574122615589,0.0005943678819840563,0.0031004200076365025,4087,6877337,105
cross_asset_target_free_conservative,1000.0,16.0,simWind_test.mat,1e-05,raw,0.052598899807274994,5.816626549763409e-06,3.054694301467781e-05,40,6877337,105
cross_asset_target_free_conservative,1000.0,16.0,simWind_test.mat,1e-05,tpsscs_finished_detector,0.5701311353121968,0.0006423559171749683,0.003192058037418862,4417,6877337,105
cross_asset_target_free_conservative,1000.0,16.0,simWind_test.mat,3e-05,low_rank_residual_k30,0.4540574122615589,0.0005943678819840563,0.0031004200076365025,4087,6877337,105
cross_asset_target_free_conservative,1000.0,16.0,simWind_test.mat,3e-05,raw,0.052598899807274994,5.816626549763409e-06,3.054694301467781e-05,40,6877337,105
cross_asset_target_free_conservative,1000.0,16.0,simWind_test.mat,3e-05,tpsscs_finished_detector,0.5701311353121968,0.0006423559171749683,0.003192058037418862,4417,6877337,105
cross_asset_target_free_conservative,1000.0,16.0,simWind_test.mat,0.0001,low_rank_residual_k30,0.4540574122615589,0.0005943678819840563,0.0031004200076365025,4087,6877337,105
cross_asset_target_free_conservative,1000.0,16.0,simWind_test.mat,0.0001,raw,0.052598899807274994,5.816626549763409e-06,3.054694301467781e-05,40,6877337,105
cross_asset_target_free_conservative,1000.0,16.0,simWind_test.mat,0.0001,tpsscs_finished_detector,0.5701311353121968,0.0006423559171749683,0.003192058037418862,4417,6877337,105
cross_asset_target_free_conservative,1000.0,16.0,simWind_test.mat,0.0003,low_rank_residual_k30,0.4540574122615589,0.0005943678819840563,0.0031004200076365025,4087,6877337,105
cross_asset_target_free_conservative,1000.0,16.0,simWind_test.mat,0.0003,raw,0.052598899807274994,5.816626549763409e-06,3.054694301467781e-05,40,6877337,105
cross_asset_target_free_conservative,1000.0,16.0,simWind_test.mat,0.0003,tpsscs_finished_detector,0.5701311353121968,0.0006423559171749683,0.003192058037418862,4417,6877337,105
cross_asset_target_free_conservative,1000.0,16.0,simWind_test.mat,0.001,low_rank_residual_k30,0.45986910649013046,0.0006108007958287846,0.003161512027491409,4200,6877337,105
cross_asset_target_free_conservative,1000.0,16.0,simWind_test.mat,0.001,raw,0.05299572520410039,5.816626549763409e-06,3.054694301467781e-05,40,6877337,105
cross_asset_target_free_conservative,1000.0,16.0,simWind_test.mat,0.001,tpsscs_finished_detector,0.5744966467397469,0.0006579163055179978,0.0032531500572737684,4524,6877337,105
cross_asset_target_free_conservative,1000.0,16.0,simWind_test.mat,0.003,low_rank_residual_k30,0.48323053490250634,0.0006854053038542792,0.00352763312615488,4713,6877337,105
cross_asset_target_free_conservative,1000.0,16.0,simWind_test.mat,0.003,raw,0.07680541719094329,1.1197201312804595e-05,6.109015379446218e-05,77,6877337,105
cross_asset_target_free_conservative,1000.0,16.0,simWind_test.mat,0.003,tpsscs_finished_detector,0.5913145125122523,0.0007306302409704982,0.0036039888215261976,5024,6877337,105
cross_asset_target_free_conservative,1000.0,16.0,simWind_test.mat,0.01,low_rank_residual_k30,0.537560630735548,0.0009025256280355355,0.005222490303270928,6206,6877337,105
cross_asset_target_free_conservative,1000.0,16.0,simWind_test.mat,0.01,raw,0.10686289059959145,2.573914078622439e-05,0.00013738570272786945,177,6877337,105
cross_asset_target_free_conservative,1000.0,16.0,simWind_test.mat,0.01,tpsscs_finished_detector,0.6350959216595494,0.0009428061289039349,0.0052835720612039215,6483,6877337,105
cross_asset_target_free_conservative,1000.0,64.0,combined,1e-05,low_rank_residual_k30,0.41846706759468344,0.0005251444269687086,0.0031004200076365025,7222,13754674,210
cross_asset_target_free_conservative,1000.0,64.0,combined,1e-05,raw,0.06353575246875087,9.961161586477536e-06,9.162263689948997e-05,137,13754674,210
cross_asset_target_free_conservative,1000.0,64.0,combined,1e-05,tpsscs_finished_detector,0.5504526283525281,0.0005825850110126925,0.003192058037418862,8012,13754674,210
cross_asset_target_free_conservative,1000.0,64.0,combined,3e-05,low_rank_residual_k30,0.41846706759468344,0.0005251444269687086,0.0031004200076365025,7222,13754674,210
cross_asset_target_free_conservative,1000.0,64.0,combined,3e-05,raw,0.06353575246875087,9.961161586477536e-06,9.162263689948997e-05,137,13754674,210
cross_asset_target_free_conservative,1000.0,64.0,combined,3e-05,tpsscs_finished_detector,0.5504526283525281,0.0005825850110126925,0.003192058037418862,8012,13754674,210
cross_asset_target_free_conservative,1000.0,64.0,combined,0.0001,low_rank_residual_k30,0.41846706759468344,0.0005251444269687086,0.0031004200076365025,7222,13754674,210
cross_asset_target_free_conservative,1000.0,64.0,combined,0.0001,raw,0.06353575246875087,9.961161586477536e-06,9.162263689948997e-05,137,13754674,210
cross_asset_target_free_conservative,1000.0,64.0,combined,0.0001,tpsscs_finished_detector,0.5504526283525281,0.0005825850110126925,0.003192058037418862,8012,13754674,210
cross_asset_target_free_conservative,1000.0,64.0,combined,0.0003,low_rank_residual_k30,0.41846706759468344,0.0005251444269687086,0.0031004200076365025,7222,13754674,210
cross_asset_target_free_conservative,1000.0,64.0,combined,0.0003,raw,0.06353575246875087,9.961161586477536e-06,9.162263689948997e-05,137,13754674,210
cross_asset_target_free_conservative,1000.0,64.0,combined,0.0003,tpsscs_finished_detector,0.5504526283525281,0.0005825850110126925,0.003192058037418862,8012,13754674,210
cross_asset_target_free_conservative,1000.0,64.0,combined,0.001,low_rank_residual_k30,0.42205691892953273,0.0005350332784699751,0.003161512027491409,7358,13754674,210
cross_asset_target_free_conservative,1000.0,64.0,combined,0.001,raw,0.0656630799637862,1.0979082111795175e-05,0.00012212062464699507,151,13754674,210
cross_asset_target_free_conservative,1000.0,64.0,combined,0.001,tpsscs_finished_detector,0.552929887853925,0.0005920375831143172,0.0032531500572737684,8142,13754674,210
cross_asset_target_free_conservative,1000.0,64.0,combined,0.003,low_rank_residual_k30,0.4546006982513275,0.0006263615948425524,0.00352763312615488,8614,13754674,210
cross_asset_target_free_conservative,1000.0,64.0,combined,0.003,raw,0.08240637261303958,1.606880909289988e-05,0.00021378615276547658,221,13754674,210
cross_asset_target_free_conservative,1000.0,64.0,combined,0.003,tpsscs_finished_detector,0.5752312138488226,0.0006795121101120617,0.0036039888215261976,9345,13754674,210
cross_asset_target_free_conservative,1000.0,64.0,combined,0.01,low_rank_residual_k30,0.513331233955522,0.0008391188176972804,0.005222490303270928,11540,13754674,210
cross_asset_target_free_conservative,1000.0,64.0,combined,0.01,raw,0.12220554283184845,4.544282647510391e-05,0.0004428427450142015,625,13754674,210
cross_asset_target_free_conservative,1000.0,64.0,combined,0.01,tpsscs_finished_detector,0.6215886018725908,0.000887615787738916,0.0052835720612039215,12207,13754674,210
cross_asset_target_free_conservative,1000.0,64.0,simMed_test.mat,1e-05,low_rank_residual_k30,0.382876722927808,0.0004559209719533609,0.0026266359207733304,3135,6877337,105
cross_asset_target_free_conservative,1000.0,64.0,simMed_test.mat,1e-05,raw,0.07447260513022674,1.410569662319166e-05,9.162263689948997e-05,97,6877337,105
cross_asset_target_free_conservative,1000.0,64.0,simMed_test.mat,1e-05,tpsscs_finished_detector,0.5370511313435735,0.0005280489448766039,0.0027335338942931753,3631,6877337,105
cross_asset_target_free_conservative,1000.0,64.0,simMed_test.mat,3e-05,low_rank_residual_k30,0.382876722927808,0.0004559209719533609,0.0026266359207733304,3135,6877337,105
cross_asset_target_free_conservative,1000.0,64.0,simMed_test.mat,3e-05,raw,0.07447260513022674,1.410569662319166e-05,9.162263689948997e-05,97,6877337,105
cross_asset_target_free_conservative,1000.0,64.0,simMed_test.mat,3e-05,tpsscs_finished_detector,0.5370511313435735,0.0005280489448766039,0.0027335338942931753,3631,6877337,105
cross_asset_target_free_conservative,1000.0,64.0,simMed_test.mat,0.0001,low_rank_residual_k30,0.382876722927808,0.0004559209719533609,0.0026266359207733304,3135,6877337,105
cross_asset_target_free_conservative,1000.0,64.0,simMed_test.mat,0.0001,raw,0.07447260513022674,1.410569662319166e-05,9.162263689948997e-05,97,6877337,105
cross_asset_target_free_conservative,1000.0,64.0,simMed_test.mat,0.0001,tpsscs_finished_detector,0.5370511313435735,0.0005280489448766039,0.0027335338942931753,3631,6877337,105
cross_asset_target_free_conservative,1000.0,64.0,simMed_test.mat,0.0003,low_rank_residual_k30,0.382876722927808,0.0004559209719533609,0.0026266359207733304,3135,6877337,105
cross_asset_target_free_conservative,1000.0,64.0,simMed_test.mat,0.0003,raw,0.07447260513022674,1.410569662319166e-05,9.162263689948997e-05,97,6877337,105
cross_asset_target_free_conservative,1000.0,64.0,simMed_test.mat,0.0003,tpsscs_finished_detector,0.5370511313435735,0.0005280489448766039,0.0027335338942931753,3631,6877337,105
cross_asset_target_free_conservative,1000.0,64.0,simMed_test.mat,0.001,low_rank_residual_k30,0.384244731368935,0.0004592657611111655,0.002641907059847594,3158,6877337,105
cross_asset_target_free_conservative,1000.0,64.0,simMed_test.mat,0.001,raw,0.07833043472347202,1.614153767382694e-05,0.00012212062464699507,111,6877337,105
cross_asset_target_free_conservative,1000.0,64.0,simMed_test.mat,0.001,tpsscs_finished_detector,0.5376401389188175,0.0005312483168215184,0.002748805033367439,3653,6877337,105
cross_asset_target_free_conservative,1000.0,64.0,simMed_test.mat,0.003,low_rank_residual_k30,0.42597086160014863,0.0005673178858308256,0.003222210344669609,3901,6877337,105
cross_asset_target_free_conservative,1000.0,64.0,simMed_test.mat,0.003,raw,0.08800732803513589,2.0940416872995162e-05,0.00021378615276547658,144,6877337,105
cross_asset_target_free_conservative,1000.0,64.0,simMed_test.mat,0.003,tpsscs_finished_detector,0.5649761868824907,0.0006334834353645069,0.003329108318189454,4356,6877337,105
cross_asset_target_free_conservative,1000.0,64.0,simMed_test.mat,0.01,low_rank_residual_k30,0.48910183717549605,0.0007757120073590253,0.004153749828199685,5334,6877337,105
cross_asset_target_free_conservative,1000.0,64.0,simMed_test.mat,0.01,raw,0.13754819506410546,6.514651216398344e-05,0.0004428427450142015,448,6877337,105
cross_asset_target_free_conservative,1000.0,64.0,simMed_test.mat,0.01,tpsscs_finished_detector,0.6131476490208254,0.000836351544968185,0.00426064780171953,5751,6877337,105
cross_asset_target_free_conservative,1000.0,64.0,simWind_test.mat,1e-05,low_rank_residual_k30,0.4540574122615589,0.0005943678819840563,0.0031004200076365025,4087,6877337,105
cross_asset_target_free_conservative,1000.0,64.0,simWind_test.mat,1e-05,raw,0.052598899807274994,5.816626549763409e-06,3.054694301467781e-05,40,6877337,105
cross_asset_target_free_conservative,1000.0,64.0,simWind_test.mat,1e-05,tpsscs_finished_detector,0.5638541253614826,0.0006371210771487813,0.003192058037418862,4381,6877337,105
cross_asset_target_free_conservative,1000.0,64.0,simWind_test.mat,3e-05,low_rank_residual_k30,0.4540574122615589,0.0005943678819840563,0.0031004200076365025,4087,6877337,105
cross_asset_target_free_conservative,1000.0,64.0,simWind_test.mat,3e-05,raw,0.052598899807274994,5.816626549763409e-06,3.054694301467781e-05,40,6877337,105
cross_asset_target_free_conservative,1000.0,64.0,simWind_test.mat,3e-05,tpsscs_finished_detector,0.5638541253614826,0.0006371210771487813,0.003192058037418862,4381,6877337,105
cross_asset_target_free_conservative,1000.0,64.0,simWind_test.mat,0.0001,low_rank_residual_k30,0.4540574122615589,0.0005943678819840563,0.0031004200076365025,4087,6877337,105
cross_asset_target_free_conservative,1000.0,64.0,simWind_test.mat,0.0001,raw,0.052598899807274994,5.816626549763409e-06,3.054694301467781e-05,40,6877337,105
cross_asset_target_free_conservative,1000.0,64.0,simWind_test.mat,0.0001,tpsscs_finished_detector,0.5638541253614826,0.0006371210771487813,0.003192058037418862,4381,6877337,105
cross_asset_target_free_conservative,1000.0,64.0,simWind_test.mat,0.0003,low_rank_residual_k30,0.4540574122615589,0.0005943678819840563,0.0031004200076365025,4087,6877337,105
cross_asset_target_free_conservative,1000.0,64.0,simWind_test.mat,0.0003,raw,0.052598899807274994,5.816626549763409e-06,3.054694301467781e-05,40,6877337,105
cross_asset_target_free_conservative,1000.0,64.0,simWind_test.mat,0.0003,tpsscs_finished_detector,0.5638541253614826,0.0006371210771487813,0.003192058037418862,4381,6877337,105
cross_asset_target_free_conservative,1000.0,64.0,simWind_test.mat,0.001,low_rank_residual_k30,0.45986910649013046,0.0006108007958287846,0.003161512027491409,4200,6877337,105
cross_asset_target_free_conservative,1000.0,64.0,simWind_test.mat,0.001,raw,0.05299572520410039,5.816626549763409e-06,3.054694301467781e-05,40,6877337,105
cross_asset_target_free_conservative,1000.0,64.0,simWind_test.mat,0.001,tpsscs_finished_detector,0.5682196367890326,0.000652826849407116,0.0032531500572737684,4489,6877337,105
cross_asset_target_free_conservative,1000.0,64.0,simWind_test.mat,0.003,low_rank_residual_k30,0.48323053490250634,0.0006854053038542792,0.00352763312615488,4713,6877337,105
cross_asset_target_free_conservative,1000.0,64.0,simWind_test.mat,0.003,raw,0.07680541719094329,1.1197201312804595e-05,6.109015379446218e-05,77,6877337,105
cross_asset_target_free_conservative,1000.0,64.0,simWind_test.mat,0.003,tpsscs_finished_detector,0.5854862408151543,0.0007255407848596163,0.0036039888215261976,4989,6877337,105
cross_asset_target_free_conservative,1000.0,64.0,simWind_test.mat,0.01,low_rank_residual_k30,0.537560630735548,0.0009025256280355355,0.005222490303270928,6206,6877337,105
cross_asset_target_free_conservative,1000.0,64.0,simWind_test.mat,0.01,raw,0.10686289059959145,2.573914078622439e-05,0.00013738570272786945,177,6877337,105
cross_asset_target_free_conservative,1000.0,64.0,simWind_test.mat,0.01,tpsscs_finished_detector,0.6300295547243563,0.0009388800305096468,0.0052835720612039215,6456,6877337,105
cross_asset_target_free_conservative,1000.0,256.0,combined,1e-05,low_rank_residual_k30,0.41846706759468344,0.0005251444269687086,0.0031004200076365025,7222,13754674,210
cross_asset_target_free_conservative,1000.0,256.0,combined,1e-05,raw,0.06353575246875087,9.961161586477536e-06,9.162263689948997e-05,137,13754674,210
cross_asset_target_free_conservative,1000.0,256.0,combined,1e-05,tpsscs_finished_detector,0.5187141467194838,0.0005598269265122399,0.0031462390225276823,7699,13754674,210
cross_asset_target_free_conservative,1000.0,256.0,combined,3e-05,low_rank_residual_k30,0.41846706759468344,0.0005251444269687086,0.0031004200076365025,7222,13754674,210
cross_asset_target_free_conservative,1000.0,256.0,combined,3e-05,raw,0.06353575246875087,9.961161586477536e-06,9.162263689948997e-05,137,13754674,210
cross_asset_target_free_conservative,1000.0,256.0,combined,3e-05,tpsscs_finished_detector,0.5187141467194838,0.0005598269265122399,0.0031462390225276823,7699,13754674,210
cross_asset_target_free_conservative,1000.0,256.0,combined,0.0001,low_rank_residual_k30,0.41846706759468344,0.0005251444269687086,0.0031004200076365025,7222,13754674,210
cross_asset_target_free_conservative,1000.0,256.0,combined,0.0001,raw,0.06353575246875087,9.961161586477536e-06,9.162263689948997e-05,137,13754674,210
cross_asset_target_free_conservative,1000.0,256.0,combined,0.0001,tpsscs_finished_detector,0.5187141467194838,0.0005598269265122399,0.0031462390225276823,7699,13754674,210
cross_asset_target_free_conservative,1000.0,256.0,combined,0.0003,low_rank_residual_k30,0.41846706759468344,0.0005251444269687086,0.0031004200076365025,7222,13754674,210
cross_asset_target_free_conservative,1000.0,256.0,combined,0.0003,raw,0.06353575246875087,9.961161586477536e-06,9.162263689948997e-05,137,13754674,210
cross_asset_target_free_conservative,1000.0,256.0,combined,0.0003,tpsscs_finished_detector,0.5187141467194838,0.0005598269265122399,0.0031462390225276823,7699,13754674,210
cross_asset_target_free_conservative,1000.0,256.0,combined,0.001,low_rank_residual_k30,0.42205691892953273,0.0005350332784699751,0.003161512027491409,7358,13754674,210
cross_asset_target_free_conservative,1000.0,256.0,combined,0.001,raw,0.0656630799637862,1.0979082111795175e-05,0.00012212062464699507,151,13754674,210
cross_asset_target_free_conservative,1000.0,256.0,combined,0.001,tpsscs_finished_detector,0.5214081708928514,0.000569570351918379,0.003222210344669609,7833,13754674,210
cross_asset_target_free_conservative,1000.0,256.0,combined,0.003,low_rank_residual_k30,0.4546006982513275,0.0006263615948425524,0.00352763312615488,8614,13754674,210
cross_asset_target_free_conservative,1000.0,256.0,combined,0.003,raw,0.08240637261303958,1.606880909289988e-05,0.00021378615276547658,221,13754674,210
cross_asset_target_free_conservative,1000.0,256.0,combined,0.003,tpsscs_finished_detector,0.5471509460917753,0.0006586445504439274,0.003588717682451934,9058,13754674,210
cross_asset_target_free_conservative,1000.0,256.0,combined,0.01,low_rank_residual_k30,0.513331233955522,0.0008391188176972804,0.005222490303270928,11540,13754674,210
cross_asset_target_free_conservative,1000.0,256.0,combined,0.01,raw,0.12220554283184845,4.544282647510391e-05,0.0004428427450142015,625,13754674,210
cross_asset_target_free_conservative,1000.0,256.0,combined,0.01,tpsscs_finished_detector,0.5965039094793286,0.0008690750167958427,0.005268301621720673,11952,13754674,210
cross_asset_target_free_conservative,1000.0,256.0,simMed_test.mat,1e-05,low_rank_residual_k30,0.382876722927808,0.0004559209719533609,0.0026266359207733304,3135,6877337,105
cross_asset_target_free_conservative,1000.0,256.0,simMed_test.mat,1e-05,raw,0.07447260513022674,1.410569662319166e-05,9.162263689948997e-05,97,6877337,105
cross_asset_target_free_conservative,1000.0,256.0,simMed_test.mat,1e-05,tpsscs_finished_detector,0.5010828359414523,0.0004978017792620741,0.0026877204770703847,3423,6877337,105
cross_asset_target_free_conservative,1000.0,256.0,simMed_test.mat,3e-05,low_rank_residual_k30,0.382876722927808,0.0004559209719533609,0.0026266359207733304,3135,6877337,105
cross_asset_target_free_conservative,1000.0,256.0,simMed_test.mat,3e-05,raw,0.07447260513022674,1.410569662319166e-05,9.162263689948997e-05,97,6877337,105
cross_asset_target_free_conservative,1000.0,256.0,simMed_test.mat,3e-05,tpsscs_finished_detector,0.5010828359414523,0.0004978017792620741,0.0026877204770703847,3423,6877337,105
cross_asset_target_free_conservative,1000.0,256.0,simMed_test.mat,0.0001,low_rank_residual_k30,0.382876722927808,0.0004559209719533609,0.0026266359207733304,3135,6877337,105
cross_asset_target_free_conservative,1000.0,256.0,simMed_test.mat,0.0001,raw,0.07447260513022674,1.410569662319166e-05,9.162263689948997e-05,97,6877337,105
cross_asset_target_free_conservative,1000.0,256.0,simMed_test.mat,0.0001,tpsscs_finished_detector,0.5010828359414523,0.0004978017792620741,0.0026877204770703847,3423,6877337,105
cross_asset_target_free_conservative,1000.0,256.0,simMed_test.mat,0.0003,low_rank_residual_k30,0.382876722927808,0.0004559209719533609,0.0026266359207733304,3135,6877337,105
cross_asset_target_free_conservative,1000.0,256.0,simMed_test.mat,0.0003,raw,0.07447260513022674,1.410569662319166e-05,9.162263689948997e-05,97,6877337,105
cross_asset_target_free_conservative,1000.0,256.0,simMed_test.mat,0.0003,tpsscs_finished_detector,0.5010828359414523,0.0004978017792620741,0.0026877204770703847,3423,6877337,105
cross_asset_target_free_conservative,1000.0,256.0,simMed_test.mat,0.001,low_rank_residual_k30,0.384244731368935,0.0004592657611111655,0.002641907059847594,3158,6877337,105
cross_asset_target_free_conservative,1000.0,256.0,simMed_test.mat,0.001,raw,0.07833043472347202,1.614153767382694e-05,0.00012212062464699507,111,6877337,105
cross_asset_target_free_conservative,1000.0,256.0,simMed_test.mat,0.001,tpsscs_finished_detector,0.5021053728606372,0.0005011465684198787,0.0027029916161446484,3446,6877337,105
cross_asset_target_free_conservative,1000.0,256.0,simMed_test.mat,0.003,low_rank_residual_k30,0.42597086160014863,0.0005673178858308256,0.003222210344669609,3901,6877337,105
cross_asset_target_free_conservative,1000.0,256.0,simMed_test.mat,0.003,raw,0.08800732803513589,2.0940416872995162e-05,0.00021378615276547658,144,6877337,105
cross_asset_target_free_conservative,1000.0,256.0,simMed_test.mat,0.003,tpsscs_finished_detector,0.5338622719891813,0.000605999314530701,0.0032832949009666632,4167,6877337,105
cross_asset_target_free_conservative,1000.0,256.0,simMed_test.mat,0.01,low_rank_residual_k30,0.48910183717549605,0.0007757120073590253,0.004153749828199685,5334,6877337,105
cross_asset_target_free_conservative,1000.0,256.0,simMed_test.mat,0.01,raw,0.13754819506410546,6.514651216398344e-05,0.0004428427450142015,448,6877337,105
cross_asset_target_free_conservative,1000.0,256.0,simMed_test.mat,0.01,tpsscs_finished_detector,0.5857742763320299,0.0008123575817033311,0.00421483438449674,5586,6877337,105
cross_asset_target_free_conservative,1000.0,256.0,simWind_test.mat,1e-05,low_rank_residual_k30,0.4540574122615589,0.0005943678819840563,0.0031004200076365025,4087,6877337,105
cross_asset_target_free_conservative,1000.0,256.0,simWind_test.mat,1e-05,raw,0.052598899807274994,5.816626549763409e-06,3.054694301467781e-05,40,6877337,105
cross_asset_target_free_conservative,1000.0,256.0,simWind_test.mat,1e-05,tpsscs_finished_detector,0.5363454574975154,0.0006218520737624058,0.0031462390225276823,4276,6877337,105
cross_asset_target_free_conservative,1000.0,256.0,simWind_test.mat,3e-05,low_rank_residual_k30,0.4540574122615589,0.0005943678819840563,0.0031004200076365025,4087,6877337,105
cross_asset_target_free_conservative,1000.0,256.0,simWind_test.mat,3e-05,raw,0.052598899807274994,5.816626549763409e-06,3.054694301467781e-05,40,6877337,105
cross_asset_target_free_conservative,1000.0,256.0,simWind_test.mat,3e-05,tpsscs_finished_detector,0.5363454574975154,0.0006218520737624058,0.0031462390225276823,4276,6877337,105
cross_asset_target_free_conservative,1000.0,256.0,simWind_test.mat,0.0001,low_rank_residual_k30,0.4540574122615589,0.0005943678819840563,0.0031004200076365025,4087,6877337,105
cross_asset_target_free_conservative,1000.0,256.0,simWind_test.mat,0.0001,raw,0.052598899807274994,5.816626549763409e-06,3.054694301467781e-05,40,6877337,105
cross_asset_target_free_conservative,1000.0,256.0,simWind_test.mat,0.0001,tpsscs_finished_detector,0.5363454574975154,0.0006218520737624058,0.0031462390225276823,4276,6877337,105
cross_asset_target_free_conservative,1000.0,256.0,simWind_test.mat,0.0003,low_rank_residual_k30,0.4540574122615589,0.0005943678819840563,0.0031004200076365025,4087,6877337,105
cross_asset_target_free_conservative,1000.0,256.0,simWind_test.mat,0.0003,raw,0.052598899807274994,5.816626549763409e-06,3.054694301467781e-05,40,6877337,105
cross_asset_target_free_conservative,1000.0,256.0,simWind_test.mat,0.0003,tpsscs_finished_detector,0.5363454574975154,0.0006218520737624058,0.0031462390225276823,4276,6877337,105
cross_asset_target_free_conservative,1000.0,256.0,simWind_test.mat,0.001,low_rank_residual_k30,0.45986910649013046,0.0006108007958287846,0.003161512027491409,4200,6877337,105
cross_asset_target_free_conservative,1000.0,256.0,simWind_test.mat,0.001,raw,0.05299572520410039,5.816626549763409e-06,3.054694301467781e-05,40,6877337,105
cross_asset_target_free_conservative,1000.0,256.0,simWind_test.mat,0.001,tpsscs_finished_detector,0.5407109689250655,0.0006379941354168793,0.003222210344669609,4387,6877337,105
cross_asset_target_free_conservative,1000.0,256.0,simWind_test.mat,0.003,low_rank_residual_k30,0.48323053490250634,0.0006854053038542792,0.00352763312615488,4713,6877337,105
cross_asset_target_free_conservative,1000.0,256.0,simWind_test.mat,0.003,raw,0.07680541719094329,1.1197201312804595e-05,6.109015379446218e-05,77,6877337,105
cross_asset_target_free_conservative,1000.0,256.0,simWind_test.mat,0.003,tpsscs_finished_detector,0.5604396201943691,0.0007112897863571539,0.003588717682451934,4891,6877337,105
cross_asset_target_free_conservative,1000.0,256.0,simWind_test.mat,0.01,low_rank_residual_k30,0.537560630735548,0.0009025256280355355,0.005222490303270928,6206,6877337,105
cross_asset_target_free_conservative,1000.0,256.0,simWind_test.mat,0.01,raw,0.10686289059959145,2.573914078622439e-05,0.00013738570272786945,177,6877337,105
cross_asset_target_free_conservative,1000.0,256.0,simWind_test.mat,0.01,tpsscs_finished_detector,0.6072335426266274,0.0009257924518883546,0.005268301621720673,6366,6877337,105
same_asset_target_free_conservative,1.0,0.0,combined,1e-05,low_rank_residual_k30,0.5102623905974354,0.0008301025008071062,0.004657697417650383,11416,13754674,210
same_asset_target_free_conservative,1.0,0.0,combined,1e-05,raw,0.12159898094895295,4.0789765138511033e-05,0.00032067922914821487,561,13754674,210
same_asset_target_free_conservative,1.0,0.0,combined,1e-05,tpsscs_finished_detector,0.6234848202391009,0.0008892872434633234,0.004749324252095964,12230,13754674,210
same_asset_target_free_conservative,1.0,0.0,combined,3e-05,low_rank_residual_k30,0.5610536679146784,0.0011016108208633116,0.006337522715819373,15150,13754674,210
same_asset_target_free_conservative,1.0,0.0,combined,3e-05,raw,0.1683596570954903,8.81948571719326e-05,0.0005650062608801882,1213,13754674,210
same_asset_target_free_conservative,1.0,0.0,combined,3e-05,tpsscs_finished_detector,0.664239340338256,0.0011550512859057512,0.0064138784111906905,15885,13754674,210
same_asset_target_free_conservative,1.0,0.0,combined,0.0001,low_rank_residual_k30,0.6310924225408134,0.0018095379985008564,0.013117307516110314,24886,13754674,210
same_asset_target_free_conservative,1.0,0.0,combined,0.0001,raw,0.2294593583535087,0.00024829334936168863,0.0013896099929755978,3415,13754674,210
same_asset_target_free_conservative,1.0,0.0,combined,0.0001,tpsscs_finished_detector,0.7206721810173542,0.0018557801581123557,0.013208930153009803,25522,13754674,210
same_asset_target_free_conservative,1.0,0.0,combined,0.0003,low_rank_residual_k30,0.6884616151538321,0.0031507133364180495,0.02620407415325413,43331,13754674,210
same_asset_target_free_conservative,1.0,0.0,combined,0.0003,raw,0.2945886820418752,0.0005590392832661693,0.0028250313044009406,7689,13754674,210
same_asset_target_free_conservative,1.0,0.0,combined,0.0003,tpsscs_finished_detector,0.7673263222485921,0.003191502140556549,0.026249885471703874,43892,13754674,210
same_asset_target_free_conservative,1.0,0.0,combined,0.001,low_rank_residual_k30,0.7507174783795032,0.006588445223172415,0.05504993433711022,90610,13754674,210
same_asset_target_free_conservative,1.0,0.0,combined,0.001,raw,0.3797036559475925,0.0015333025022732513,0.006520477659347036,21089,13754674,210
same_asset_target_free_conservative,1.0,0.0,combined,0.001,tpsscs_finished_detector,0.8189516785013716,0.0066235625304228865,0.05509574565555997,91093,13754674,210
same_asset_target_free_conservative,1.0,0.0,combined,0.003,low_rank_residual_k30,0.8047380295962294,0.013721064141986764,0.10522859847906423,188706,13754674,210
same_asset_target_free_conservative,1.0,0.0,combined,0.003,raw,0.4852970262338184,0.004035918314185886,0.013544879821641266,55510,13754674,210
same_asset_target_free_conservative,1.0,0.0,combined,0.003,tpsscs_finished_detector,0.8643156053185871,0.013750728199175942,0.10525913935803072,189114,13754674,210
same_asset_target_free_conservative,1.0,0.0,combined,0.01,low_rank_residual_k30,0.8500215785612514,0.03324795554905062,0.20298995205082002,457267,13754674,210
same_asset_target_free_conservative,1.0,0.0,combined,0.01,raw,0.6581362441958765,0.01186898320840281,0.029503840691477178,163246,13754674,210
same_asset_target_free_conservative,1.0,0.0,combined,0.01,tpsscs_finished_detector,0.9012180113342105,0.03327282047611399,0.20300522249030328,457609,13754674,210
same_asset_target_free_conservative,1.0,0.0,simMed_test.mat,1e-05,low_rank_residual_k30,0.5058578438401101,0.0008641310647307332,0.004657697417650383,5942,6877337,105
same_asset_target_free_conservative,1.0,0.0,simMed_test.mat,1e-05,raw,0.10756648816697639,3.722715648196352e-05,0.00032067922914821487,256,6877337,105
same_asset_target_free_conservative,1.0,0.0,simMed_test.mat,1e-05,tpsscs_finished_detector,0.6117584070163372,0.0009102287094515099,0.004749324252095964,6259,6877337,105
same_asset_target_free_conservative,1.0,0.0,simMed_test.mat,3e-05,low_rank_residual_k30,0.5625909891620389,0.0011719939805895229,0.006337522715819373,8059,6877337,105
same_asset_target_free_conservative,1.0,0.0,simMed_test.mat,3e-05,raw,0.15562154018553298,8.594089017915495e-05,0.0005650062608801882,591,6877337,105
same_asset_target_free_conservative,1.0,0.0,simMed_test.mat,3e-05,tpsscs_finished_detector,0.6590511543907068,0.0012137288467696304,0.0064138784111906905,8346,6877337,105
same_asset_target_free_conservative,1.0,0.0,simMed_test.mat,0.0001,low_rank_residual_k30,0.6348799098149865,0.0018844251586887034,0.010628712795687431,12958,6877337,105
same_asset_target_free_conservative,1.0,0.0,simMed_test.mat,0.0001,raw,0.21193421477767457,0.00024342275173026146,0.0013896099929755978,1674,6877337,105
same_asset_target_free_conservative,1.0,0.0,simMed_test.mat,0.0001,tpsscs_finished_detector,0.7187517899228977,0.0019204885380638677,0.010705068491058747,13206,6877337,105
same_asset_target_free_conservative,1.0,0.0,simMed_test.mat,0.0003,low_rank_residual_k30,0.6955290520465752,0.003249664412204036,0.01918055067727502,22346,6877337,105
same_asset_target_free_conservative,1.0,0.0,simMed_test.mat,0.0003,raw,0.27226115710582666,0.0005301766263308646,0.0028250313044009406,3646,6877337,105
same_asset_target_free_conservative,1.0,0.0,simMed_test.mat,0.0003,tpsscs_finished_detector,0.7685700754250505,0.003281655902985435,0.019256906372646335,22566,6877337,105
same_asset_target_free_conservative,1.0,0.0,simMed_test.mat,0.001,low_rank_residual_k30,0.7560615226764654,0.006786339081300921,0.04115383440735424,46666,6877337,105
same_asset_target_free_conservative,1.0,0.0,simMed_test.mat,0.001,raw,0.36070301889035294,0.0015271243818366577,0.006520477659347036,10502,6877337,105
same_asset_target_free_conservative,1.0,0.0,simMed_test.mat,0.001,tpsscs_finished_detector,0.8193163596384844,0.00681251358804661,0.04121491616528724,46846,6877337,105
same_asset_target_free_conservative,1.0,0.0,simMed_test.mat,0.003,low_rank_residual_k30,0.8094213034402946,0.014035552401467023,0.08052102739516843,96516,6877337,105
same_asset_target_free_conservative,1.0,0.0,simMed_test.mat,0.003,raw,0.46503395446457113,0.004042180580306112,0.013544879821641266,27798,6877337,105
same_asset_target_free_conservative,1.0,0.0,simMed_test.mat,0.003,tpsscs_finished_detector,0.8643574539276566,0.014057800616659611,0.08058210915310142,96669,6877337,105
same_asset_target_free_conservative,1.0,0.0,simMed_test.mat,0.01,low_rank_residual_k30,0.8555976100278461,0.03408129105273032,0.16637143816999053,234365,6877337,105
same_asset_target_free_conservative,1.0,0.0,simMed_test.mat,0.01,raw,0.6385749137510481,0.011965257684078724,0.02921368904906617,82285,6877337,105
same_asset_target_free_conservative,1.0,0.0,simMed_test.mat,0.01,tpsscs_finished_detector,0.9038321645381988,0.034100485348711435,0.16643251992792352,234497,6877337,105
same_asset_target_free_conservative,1.0,0.0,simWind_test.mat,1e-05,low_rank_residual_k30,0.5146669373547608,0.000796073936883479,0.004214641297376538,5474,6877337,105
same_asset_target_free_conservative,1.0,0.0,simWind_test.mat,1e-05,raw,0.1356314737309295,4.435237379505854e-05,0.0002900364835366133,305,6877337,105
same_asset_target_free_conservative,1.0,0.0,simWind_test.mat,1e-05,tpsscs_finished_detector,0.6352112334618645,0.0008683457774751371,0.004321534373759277,5971,6877337,105
same_asset_target_free_conservative,1.0,0.0,simWind_test.mat,3e-05,low_rank_residual_k30,0.5595163466673178,0.0010312276611371004,0.006306691506581559,7091,6877337,105
same_asset_target_free_conservative,1.0,0.0,simWind_test.mat,3e-05,raw,0.1810977740054476,9.044882416471023e-05,0.0005037475766688546,622,6877337,105
same_asset_target_free_conservative,1.0,0.0,simWind_test.mat,3e-05,tpsscs_finished_detector,0.6694275262858052,0.0010963737250418717,0.0064135845829642974,7539,6877337,105
same_asset_target_free_conservative,1.0,0.0,simWind_test.mat,0.0001,low_rank_residual_k30,0.6273049352666404,0.0017346508383130094,0.013117307516110314,11928,6877337,105
same_asset_target_free_conservative,1.0,0.0,simWind_test.mat,0.0001,raw,0.24698450192934282,0.0002531639469931158,0.0012822665587934481,1741,6877337,105
same_asset_target_free_conservative,1.0,0.0,simWind_test.mat,0.0001,tpsscs_finished_detector,0.7225925721118106,0.0017910717781608437,0.013208930153009803,12316,6877337,105
same_asset_target_free_conservative,1.0,0.0,simWind_test.mat,0.0003,low_rank_residual_k30,0.6813941782610888,0.0030517622606320636,0.02620407415325413,20985,6877337,105
same_asset_target_free_conservative,1.0,0.0,simWind_test.mat,0.0003,raw,0.3169162069779237,0.0005879019402014741,0.0025960936426248035,4043,6877337,105
same_asset_target_free_conservative,1.0,0.0,simWind_test.mat,0.0003,tpsscs_finished_detector,0.7660825690721336,0.003101348378127662,0.026249885471703874,21326,6877337,105
same_asset_target_free_conservative,1.0,0.0,simWind_test.mat,0.001,low_rank_residual_k30,0.7453734340825409,0.006390551365043908,0.05504993433711022,43944,6877337,105
same_asset_target_free_conservative,1.0,0.0,simWind_test.mat,0.001,raw,0.3987042930048319,0.0015394806227098448,0.0057572194309973585,10587,6877337,105
same_asset_target_free_conservative,1.0,0.0,simWind_test.mat,0.001,tpsscs_finished_detector,0.8185869973642589,0.006434611472799163,0.05509574565555997,44247,6877337,105
same_asset_target_free_conservative,1.0,0.0,simWind_test.mat,0.003,low_rank_residual_k30,0.8000547557521641,0.013406575882506504,0.10522859847906423,92190,6877337,105
same_asset_target_free_conservative,1.0,0.0,simWind_test.mat,0.003,raw,0.5055600980030657,0.0040296560480656595,0.01294439101830227,27712,6877337,105
same_asset_target_free_conservative,1.0,0.0,simWind_test.mat,0.003,tpsscs_finished_detector,0.8642737567095174,0.01344365578169227,0.10525913935803072,92445,6877337,105
same_asset_target_free_conservative,1.0,0.0,simWind_test.mat,0.01,low_rank_residual_k30,0.8444455470946568,0.03241462004537092,0.20298995205082002,222902,6877337,105
same_asset_target_free_conservative,1.0,0.0,simWind_test.mat,0.01,raw,0.677697574640705,0.0117727087327269,0.029503840691477178,80961,6877337,105
same_asset_target_free_conservative,1.0,0.0,simWind_test.mat,0.01,tpsscs_finished_detector,0.8986038581302221,0.03244515560351655,0.20300522249030328,223112,6877337,105
same_asset_target_free_conservative,1.0,0.25,combined,1e-05,low_rank_residual_k30,0.5102623905974354,0.0008301025008071062,0.004657697417650383,11416,13754674,210
same_asset_target_free_conservative,1.0,0.25,combined,1e-05,raw,0.12159898094895295,4.0789765138511033e-05,0.00032067922914821487,561,13754674,210
same_asset_target_free_conservative,1.0,0.25,combined,1e-05,tpsscs_finished_detector,0.6234848202391009,0.0008892872434633234,0.004749324252095964,12230,13754674,210
same_asset_target_free_conservative,1.0,0.25,combined,3e-05,low_rank_residual_k30,0.5610536679146784,0.0011016108208633116,0.006337522715819373,15150,13754674,210
same_asset_target_free_conservative,1.0,0.25,combined,3e-05,raw,0.1683596570954903,8.81948571719326e-05,0.0005650062608801882,1213,13754674,210
same_asset_target_free_conservative,1.0,0.25,combined,3e-05,tpsscs_finished_detector,0.664239340338256,0.0011550512859057512,0.0064138784111906905,15885,13754674,210
same_asset_target_free_conservative,1.0,0.25,combined,0.0001,low_rank_residual_k30,0.6310924225408134,0.0018095379985008564,0.013117307516110314,24886,13754674,210
same_asset_target_free_conservative,1.0,0.25,combined,0.0001,raw,0.2294593583535087,0.00024829334936168863,0.0013896099929755978,3415,13754674,210
same_asset_target_free_conservative,1.0,0.25,combined,0.0001,tpsscs_finished_detector,0.7206721810173542,0.0018557801581123557,0.013208930153009803,25522,13754674,210
same_asset_target_free_conservative,1.0,0.25,combined,0.0003,low_rank_residual_k30,0.6884616151538321,0.0031507133364180495,0.02620407415325413,43331,13754674,210
same_asset_target_free_conservative,1.0,0.25,combined,0.0003,raw,0.2945886820418752,0.0005590392832661693,0.0028250313044009406,7689,13754674,210
same_asset_target_free_conservative,1.0,0.25,combined,0.0003,tpsscs_finished_detector,0.7673263222485921,0.003191502140556549,0.026249885471703874,43892,13754674,210
same_asset_target_free_conservative,1.0,0.25,combined,0.001,low_rank_residual_k30,0.7507174783795032,0.006588445223172415,0.05504993433711022,90610,13754674,210
same_asset_target_free_conservative,1.0,0.25,combined,0.001,raw,0.3797036559475925,0.0015333025022732513,0.006520477659347036,21089,13754674,210
same_asset_target_free_conservative,1.0,0.25,combined,0.001,tpsscs_finished_detector,0.8189516785013716,0.0066235625304228865,0.05509574565555997,91093,13754674,210
same_asset_target_free_conservative,1.0,0.25,combined,0.003,low_rank_residual_k30,0.8047380295962294,0.013721064141986764,0.10522859847906423,188706,13754674,210
same_asset_target_free_conservative,1.0,0.25,combined,0.003,raw,0.4852970262338184,0.004035918314185886,0.013544879821641266,55510,13754674,210
same_asset_target_free_conservative,1.0,0.25,combined,0.003,tpsscs_finished_detector,0.8643156053185871,0.013750728199175942,0.10525913935803072,189114,13754674,210
same_asset_target_free_conservative,1.0,0.25,combined,0.01,low_rank_residual_k30,0.8500215785612514,0.03324795554905062,0.20298995205082002,457267,13754674,210
same_asset_target_free_conservative,1.0,0.25,combined,0.01,raw,0.6581362441958765,0.01186898320840281,0.029503840691477178,163246,13754674,210
same_asset_target_free_conservative,1.0,0.25,combined,0.01,tpsscs_finished_detector,0.9012180113342105,0.03327282047611399,0.20300522249030328,457609,13754674,210
same_asset_target_free_conservative,1.0,0.25,simMed_test.mat,1e-05,low_rank_residual_k30,0.5058578438401101,0.0008641310647307332,0.004657697417650383,5942,6877337,105
same_asset_target_free_conservative,1.0,0.25,simMed_test.mat,1e-05,raw,0.10756648816697639,3.722715648196352e-05,0.00032067922914821487,256,6877337,105
same_asset_target_free_conservative,1.0,0.25,simMed_test.mat,1e-05,tpsscs_finished_detector,0.6117584070163372,0.0009102287094515099,0.004749324252095964,6259,6877337,105
same_asset_target_free_conservative,1.0,0.25,simMed_test.mat,3e-05,low_rank_residual_k30,0.5625909891620389,0.0011719939805895229,0.006337522715819373,8059,6877337,105
same_asset_target_free_conservative,1.0,0.25,simMed_test.mat,3e-05,raw,0.15562154018553298,8.594089017915495e-05,0.0005650062608801882,591,6877337,105
same_asset_target_free_conservative,1.0,0.25,simMed_test.mat,3e-05,tpsscs_finished_detector,0.6590511543907068,0.0012137288467696304,0.0064138784111906905,8346,6877337,105
same_asset_target_free_conservative,1.0,0.25,simMed_test.mat,0.0001,low_rank_residual_k30,0.6348799098149865,0.0018844251586887034,0.010628712795687431,12958,6877337,105
same_asset_target_free_conservative,1.0,0.25,simMed_test.mat,0.0001,raw,0.21193421477767457,0.00024342275173026146,0.0013896099929755978,1674,6877337,105
same_asset_target_free_conservative,1.0,0.25,simMed_test.mat,0.0001,tpsscs_finished_detector,0.7187517899228977,0.0019204885380638677,0.010705068491058747,13206,6877337,105
same_asset_target_free_conservative,1.0,0.25,simMed_test.mat,0.0003,low_rank_residual_k30,0.6955290520465752,0.003249664412204036,0.01918055067727502,22346,6877337,105
same_asset_target_free_conservative,1.0,0.25,simMed_test.mat,0.0003,raw,0.27226115710582666,0.0005301766263308646,0.0028250313044009406,3646,6877337,105
same_asset_target_free_conservative,1.0,0.25,simMed_test.mat,0.0003,tpsscs_finished_detector,0.7685700754250505,0.003281655902985435,0.019256906372646335,22566,6877337,105
same_asset_target_free_conservative,1.0,0.25,simMed_test.mat,0.001,low_rank_residual_k30,0.7560615226764654,0.006786339081300921,0.04115383440735424,46666,6877337,105
same_asset_target_free_conservative,1.0,0.25,simMed_test.mat,0.001,raw,0.36070301889035294,0.0015271243818366577,0.006520477659347036,10502,6877337,105
same_asset_target_free_conservative,1.0,0.25,simMed_test.mat,0.001,tpsscs_finished_detector,0.8193163596384844,0.00681251358804661,0.04121491616528724,46846,6877337,105
same_asset_target_free_conservative,1.0,0.25,simMed_test.mat,0.003,low_rank_residual_k30,0.8094213034402946,0.014035552401467023,0.08052102739516843,96516,6877337,105
same_asset_target_free_conservative,1.0,0.25,simMed_test.mat,0.003,raw,0.46503395446457113,0.004042180580306112,0.013544879821641266,27798,6877337,105
same_asset_target_free_conservative,1.0,0.25,simMed_test.mat,0.003,tpsscs_finished_detector,0.8643574539276566,0.014057800616659611,0.08058210915310142,96669,6877337,105
same_asset_target_free_conservative,1.0,0.25,simMed_test.mat,0.01,low_rank_residual_k30,0.8555976100278461,0.03408129105273032,0.16637143816999053,234365,6877337,105
same_asset_target_free_conservative,1.0,0.25,simMed_test.mat,0.01,raw,0.6385749137510481,0.011965257684078724,0.02921368904906617,82285,6877337,105
same_asset_target_free_conservative,1.0,0.25,simMed_test.mat,0.01,tpsscs_finished_detector,0.9038321645381988,0.034100485348711435,0.16643251992792352,234497,6877337,105
same_asset_target_free_conservative,1.0,0.25,simWind_test.mat,1e-05,low_rank_residual_k30,0.5146669373547608,0.000796073936883479,0.004214641297376538,5474,6877337,105
same_asset_target_free_conservative,1.0,0.25,simWind_test.mat,1e-05,raw,0.1356314737309295,4.435237379505854e-05,0.0002900364835366133,305,6877337,105
same_asset_target_free_conservative,1.0,0.25,simWind_test.mat,1e-05,tpsscs_finished_detector,0.6352112334618645,0.0008683457774751371,0.004321534373759277,5971,6877337,105
same_asset_target_free_conservative,1.0,0.25,simWind_test.mat,3e-05,low_rank_residual_k30,0.5595163466673178,0.0010312276611371004,0.006306691506581559,7091,6877337,105
same_asset_target_free_conservative,1.0,0.25,simWind_test.mat,3e-05,raw,0.1810977740054476,9.044882416471023e-05,0.0005037475766688546,622,6877337,105
same_asset_target_free_conservative,1.0,0.25,simWind_test.mat,3e-05,tpsscs_finished_detector,0.6694275262858052,0.0010963737250418717,0.0064135845829642974,7539,6877337,105
same_asset_target_free_conservative,1.0,0.25,simWind_test.mat,0.0001,low_rank_residual_k30,0.6273049352666404,0.0017346508383130094,0.013117307516110314,11928,6877337,105
same_asset_target_free_conservative,1.0,0.25,simWind_test.mat,0.0001,raw,0.24698450192934282,0.0002531639469931158,0.0012822665587934481,1741,6877337,105
same_asset_target_free_conservative,1.0,0.25,simWind_test.mat,0.0001,tpsscs_finished_detector,0.7225925721118106,0.0017910717781608437,0.013208930153009803,12316,6877337,105
same_asset_target_free_conservative,1.0,0.25,simWind_test.mat,0.0003,low_rank_residual_k30,0.6813941782610888,0.0030517622606320636,0.02620407415325413,20985,6877337,105
same_asset_target_free_conservative,1.0,0.25,simWind_test.mat,0.0003,raw,0.3169162069779237,0.0005879019402014741,0.0025960936426248035,4043,6877337,105
same_asset_target_free_conservative,1.0,0.25,simWind_test.mat,0.0003,tpsscs_finished_detector,0.7660825690721336,0.003101348378127662,0.026249885471703874,21326,6877337,105
same_asset_target_free_conservative,1.0,0.25,simWind_test.mat,0.001,low_rank_residual_k30,0.7453734340825409,0.006390551365043908,0.05504993433711022,43944,6877337,105
same_asset_target_free_conservative,1.0,0.25,simWind_test.mat,0.001,raw,0.3987042930048319,0.0015394806227098448,0.0057572194309973585,10587,6877337,105
same_asset_target_free_conservative,1.0,0.25,simWind_test.mat,0.001,tpsscs_finished_detector,0.8185869973642589,0.006434611472799163,0.05509574565555997,44247,6877337,105
same_asset_target_free_conservative,1.0,0.25,simWind_test.mat,0.003,low_rank_residual_k30,0.8000547557521641,0.013406575882506504,0.10522859847906423,92190,6877337,105
same_asset_target_free_conservative,1.0,0.25,simWind_test.mat,0.003,raw,0.5055600980030657,0.0040296560480656595,0.01294439101830227,27712,6877337,105
same_asset_target_free_conservative,1.0,0.25,simWind_test.mat,0.003,tpsscs_finished_detector,0.8642737567095174,0.01344365578169227,0.10525913935803072,92445,6877337,105
same_asset_target_free_conservative,1.0,0.25,simWind_test.mat,0.01,low_rank_residual_k30,0.8444455470946568,0.03241462004537092,0.20298995205082002,222902,6877337,105
same_asset_target_free_conservative,1.0,0.25,simWind_test.mat,0.01,raw,0.677697574640705,0.0117727087327269,0.029503840691477178,80961,6877337,105
same_asset_target_free_conservative,1.0,0.25,simWind_test.mat,0.01,tpsscs_finished_detector,0.8986038581302221,0.03244515560351655,0.20300522249030328,223112,6877337,105
same_asset_target_free_conservative,1.0,1.0,combined,1e-05,low_rank_residual_k30,0.5102623905974354,0.0008301025008071062,0.004657697417650383,11416,13754674,210
same_asset_target_free_conservative,1.0,1.0,combined,1e-05,raw,0.12159898094895295,4.0789765138511033e-05,0.00032067922914821487,561,13754674,210
same_asset_target_free_conservative,1.0,1.0,combined,1e-05,tpsscs_finished_detector,0.6233813005703638,0.0008892872434633234,0.004749324252095964,12230,13754674,210
same_asset_target_free_conservative,1.0,1.0,combined,3e-05,low_rank_residual_k30,0.5610536679146784,0.0011016108208633116,0.006337522715819373,15150,13754674,210
same_asset_target_free_conservative,1.0,1.0,combined,3e-05,raw,0.1683596570954903,8.81948571719326e-05,0.0005650062608801882,1213,13754674,210
same_asset_target_free_conservative,1.0,1.0,combined,3e-05,tpsscs_finished_detector,0.6641358206695189,0.0011550512859057512,0.0064138784111906905,15885,13754674,210
same_asset_target_free_conservative,1.0,1.0,combined,0.0001,low_rank_residual_k30,0.6310924225408134,0.0018095379985008564,0.013117307516110314,24886,13754674,210
same_asset_target_free_conservative,1.0,1.0,combined,0.0001,raw,0.2294593583535087,0.00024829334936168863,0.0013896099929755978,3415,13754674,210
same_asset_target_free_conservative,1.0,1.0,combined,0.0001,tpsscs_finished_detector,0.7206721810173542,0.0018557801581123557,0.013208930153009803,25522,13754674,210
same_asset_target_free_conservative,1.0,1.0,combined,0.0003,low_rank_residual_k30,0.6884616151538321,0.0031507133364180495,0.02620407415325413,43331,13754674,210
same_asset_target_free_conservative,1.0,1.0,combined,0.0003,raw,0.2945886820418752,0.0005590392832661693,0.0028250313044009406,7689,13754674,210
same_asset_target_free_conservative,1.0,1.0,combined,0.0003,tpsscs_finished_detector,0.7673263222485921,0.003191502140556549,0.026249885471703874,43892,13754674,210
same_asset_target_free_conservative,1.0,1.0,combined,0.001,low_rank_residual_k30,0.7507174783795032,0.006588445223172415,0.05504993433711022,90610,13754674,210
same_asset_target_free_conservative,1.0,1.0,combined,0.001,raw,0.3797036559475925,0.0015333025022732513,0.006520477659347036,21089,13754674,210
same_asset_target_free_conservative,1.0,1.0,combined,0.001,tpsscs_finished_detector,0.8189516785013716,0.0066235625304228865,0.05509574565555997,91093,13754674,210
same_asset_target_free_conservative,1.0,1.0,combined,0.003,low_rank_residual_k30,0.8047380295962294,0.013721064141986764,0.10522859847906423,188706,13754674,210
same_asset_target_free_conservative,1.0,1.0,combined,0.003,raw,0.4852970262338184,0.004035918314185886,0.013544879821641266,55510,13754674,210
same_asset_target_free_conservative,1.0,1.0,combined,0.003,tpsscs_finished_detector,0.8643156053185871,0.013750728199175942,0.10525913935803072,189114,13754674,210
same_asset_target_free_conservative,1.0,1.0,combined,0.01,low_rank_residual_k30,0.8500215785612514,0.03324795554905062,0.20298995205082002,457267,13754674,210
same_asset_target_free_conservative,1.0,1.0,combined,0.01,raw,0.6581362441958765,0.01186898320840281,0.029503840691477178,163246,13754674,210
same_asset_target_free_conservative,1.0,1.0,combined,0.01,tpsscs_finished_detector,0.9012180113342105,0.03327282047611399,0.20300522249030328,457609,13754674,210
same_asset_target_free_conservative,1.0,1.0,simMed_test.mat,1e-05,low_rank_residual_k30,0.5058578438401101,0.0008641310647307332,0.004657697417650383,5942,6877337,105
same_asset_target_free_conservative,1.0,1.0,simMed_test.mat,1e-05,raw,0.10756648816697639,3.722715648196352e-05,0.00032067922914821487,256,6877337,105
same_asset_target_free_conservative,1.0,1.0,simMed_test.mat,1e-05,tpsscs_finished_detector,0.6117584070163372,0.0009102287094515099,0.004749324252095964,6259,6877337,105
same_asset_target_free_conservative,1.0,1.0,simMed_test.mat,3e-05,low_rank_residual_k30,0.5625909891620389,0.0011719939805895229,0.006337522715819373,8059,6877337,105
same_asset_target_free_conservative,1.0,1.0,simMed_test.mat,3e-05,raw,0.15562154018553298,8.594089017915495e-05,0.0005650062608801882,591,6877337,105
same_asset_target_free_conservative,1.0,1.0,simMed_test.mat,3e-05,tpsscs_finished_detector,0.6590511543907068,0.0012137288467696304,0.0064138784111906905,8346,6877337,105
same_asset_target_free_conservative,1.0,1.0,simMed_test.mat,0.0001,low_rank_residual_k30,0.6348799098149865,0.0018844251586887034,0.010628712795687431,12958,6877337,105
same_asset_target_free_conservative,1.0,1.0,simMed_test.mat,0.0001,raw,0.21193421477767457,0.00024342275173026146,0.0013896099929755978,1674,6877337,105
same_asset_target_free_conservative,1.0,1.0,simMed_test.mat,0.0001,tpsscs_finished_detector,0.7187517899228977,0.0019204885380638677,0.010705068491058747,13206,6877337,105
same_asset_target_free_conservative,1.0,1.0,simMed_test.mat,0.0003,low_rank_residual_k30,0.6955290520465752,0.003249664412204036,0.01918055067727502,22346,6877337,105
same_asset_target_free_conservative,1.0,1.0,simMed_test.mat,0.0003,raw,0.27226115710582666,0.0005301766263308646,0.0028250313044009406,3646,6877337,105
same_asset_target_free_conservative,1.0,1.0,simMed_test.mat,0.0003,tpsscs_finished_detector,0.7685700754250505,0.003281655902985435,0.019256906372646335,22566,6877337,105
same_asset_target_free_conservative,1.0,1.0,simMed_test.mat,0.001,low_rank_residual_k30,0.7560615226764654,0.006786339081300921,0.04115383440735424,46666,6877337,105
same_asset_target_free_conservative,1.0,1.0,simMed_test.mat,0.001,raw,0.36070301889035294,0.0015271243818366577,0.006520477659347036,10502,6877337,105
same_asset_target_free_conservative,1.0,1.0,simMed_test.mat,0.001,tpsscs_finished_detector,0.8193163596384844,0.00681251358804661,0.04121491616528724,46846,6877337,105
same_asset_target_free_conservative,1.0,1.0,simMed_test.mat,0.003,low_rank_residual_k30,0.8094213034402946,0.014035552401467023,0.08052102739516843,96516,6877337,105
same_asset_target_free_conservative,1.0,1.0,simMed_test.mat,0.003,raw,0.46503395446457113,0.004042180580306112,0.013544879821641266,27798,6877337,105
same_asset_target_free_conservative,1.0,1.0,simMed_test.mat,0.003,tpsscs_finished_detector,0.8643574539276566,0.014057800616659611,0.08058210915310142,96669,6877337,105
same_asset_target_free_conservative,1.0,1.0,simMed_test.mat,0.01,low_rank_residual_k30,0.8555976100278461,0.03408129105273032,0.16637143816999053,234365,6877337,105
same_asset_target_free_conservative,1.0,1.0,simMed_test.mat,0.01,raw,0.6385749137510481,0.011965257684078724,0.02921368904906617,82285,6877337,105
same_asset_target_free_conservative,1.0,1.0,simMed_test.mat,0.01,tpsscs_finished_detector,0.9038321645381988,0.034100485348711435,0.16643251992792352,234497,6877337,105
same_asset_target_free_conservative,1.0,1.0,simWind_test.mat,1e-05,low_rank_residual_k30,0.5146669373547608,0.000796073936883479,0.004214641297376538,5474,6877337,105
same_asset_target_free_conservative,1.0,1.0,simWind_test.mat,1e-05,raw,0.1356314737309295,4.435237379505854e-05,0.0002900364835366133,305,6877337,105
same_asset_target_free_conservative,1.0,1.0,simWind_test.mat,1e-05,tpsscs_finished_detector,0.6350041941243904,0.0008683457774751371,0.004321534373759277,5971,6877337,105
same_asset_target_free_conservative,1.0,1.0,simWind_test.mat,3e-05,low_rank_residual_k30,0.5595163466673178,0.0010312276611371004,0.006306691506581559,7091,6877337,105
same_asset_target_free_conservative,1.0,1.0,simWind_test.mat,3e-05,raw,0.1810977740054476,9.044882416471023e-05,0.0005037475766688546,622,6877337,105
same_asset_target_free_conservative,1.0,1.0,simWind_test.mat,3e-05,tpsscs_finished_detector,0.6692204869483309,0.0010963737250418717,0.0064135845829642974,7539,6877337,105
same_asset_target_free_conservative,1.0,1.0,simWind_test.mat,0.0001,low_rank_residual_k30,0.6273049352666404,0.0017346508383130094,0.013117307516110314,11928,6877337,105
same_asset_target_free_conservative,1.0,1.0,simWind_test.mat,0.0001,raw,0.24698450192934282,0.0002531639469931158,0.0012822665587934481,1741,6877337,105
same_asset_target_free_conservative,1.0,1.0,simWind_test.mat,0.0001,tpsscs_finished_detector,0.7225925721118106,0.0017910717781608437,0.013208930153009803,12316,6877337,105
same_asset_target_free_conservative,1.0,1.0,simWind_test.mat,0.0003,low_rank_residual_k30,0.6813941782610888,0.0030517622606320636,0.02620407415325413,20985,6877337,105
same_asset_target_free_conservative,1.0,1.0,simWind_test.mat,0.0003,raw,0.3169162069779237,0.0005879019402014741,0.0025960936426248035,4043,6877337,105
same_asset_target_free_conservative,1.0,1.0,simWind_test.mat,0.0003,tpsscs_finished_detector,0.7660825690721336,0.003101348378127662,0.026249885471703874,21326,6877337,105
same_asset_target_free_conservative,1.0,1.0,simWind_test.mat,0.001,low_rank_residual_k30,0.7453734340825409,0.006390551365043908,0.05504993433711022,43944,6877337,105
same_asset_target_free_conservative,1.0,1.0,simWind_test.mat,0.001,raw,0.3987042930048319,0.0015394806227098448,0.0057572194309973585,10587,6877337,105
same_asset_target_free_conservative,1.0,1.0,simWind_test.mat,0.001,tpsscs_finished_detector,0.8185869973642589,0.006434611472799163,0.05509574565555997,44247,6877337,105
same_asset_target_free_conservative,1.0,1.0,simWind_test.mat,0.003,low_rank_residual_k30,0.8000547557521641,0.013406575882506504,0.10522859847906423,92190,6877337,105
same_asset_target_free_conservative,1.0,1.0,simWind_test.mat,0.003,raw,0.5055600980030657,0.0040296560480656595,0.01294439101830227,27712,6877337,105
same_asset_target_free_conservative,1.0,1.0,simWind_test.mat,0.003,tpsscs_finished_detector,0.8642737567095174,0.01344365578169227,0.10525913935803072,92445,6877337,105
same_asset_target_free_conservative,1.0,1.0,simWind_test.mat,0.01,low_rank_residual_k30,0.8444455470946568,0.03241462004537092,0.20298995205082002,222902,6877337,105
same_asset_target_free_conservative,1.0,1.0,simWind_test.mat,0.01,raw,0.677697574640705,0.0117727087327269,0.029503840691477178,80961,6877337,105
same_asset_target_free_conservative,1.0,1.0,simWind_test.mat,0.01,tpsscs_finished_detector,0.8986038581302221,0.03244515560351655,0.20300522249030328,223112,6877337,105
same_asset_target_free_conservative,1.0,4.0,combined,1e-05,low_rank_residual_k30,0.5102623905974354,0.0008301025008071062,0.004657697417650383,11416,13754674,210
same_asset_target_free_conservative,1.0,4.0,combined,1e-05,raw,0.12159898094895295,4.0789765138511033e-05,0.00032067922914821487,561,13754674,210
same_asset_target_free_conservative,1.0,4.0,combined,1e-05,tpsscs_finished_detector,0.6230715692507802,0.0008890691076385087,0.004749324252095964,12227,13754674,210
same_asset_target_free_conservative,1.0,4.0,combined,3e-05,low_rank_residual_k30,0.5610536679146784,0.0011016108208633116,0.006337522715819373,15150,13754674,210
same_asset_target_free_conservative,1.0,4.0,combined,3e-05,raw,0.1683596570954903,8.81948571719326e-05,0.0005650062608801882,1213,13754674,210
same_asset_target_free_conservative,1.0,4.0,combined,3e-05,tpsscs_finished_detector,0.6638260893499355,0.0011548331500809363,0.0064138784111906905,15882,13754674,210
same_asset_target_free_conservative,1.0,4.0,combined,0.0001,low_rank_residual_k30,0.6310924225408134,0.0018095379985008564,0.013117307516110314,24886,13754674,210
same_asset_target_free_conservative,1.0,4.0,combined,0.0001,raw,0.2294593583535087,0.00024829334936168863,0.0013896099929755978,3415,13754674,210
same_asset_target_free_conservative,1.0,4.0,combined,0.0001,tpsscs_finished_detector,0.7206721810173542,0.0018556347464397408,0.013208930153009803,25520,13754674,210
same_asset_target_free_conservative,1.0,4.0,combined,0.0003,low_rank_residual_k30,0.6884616151538321,0.0031507133364180495,0.02620407415325413,43331,13754674,210
same_asset_target_free_conservative,1.0,4.0,combined,0.0003,raw,0.2945886820418752,0.0005590392832661693,0.0028250313044009406,7689,13754674,210
same_asset_target_free_conservative,1.0,4.0,combined,0.0003,tpsscs_finished_detector,0.7673263222485921,0.0031913567288839343,0.026249885471703874,43890,13754674,210
same_asset_target_free_conservative,1.0,4.0,combined,0.001,low_rank_residual_k30,0.7507174783795032,0.006588445223172415,0.05504993433711022,90610,13754674,210
same_asset_target_free_conservative,1.0,4.0,combined,0.001,raw,0.3797036559475925,0.0015333025022732513,0.006520477659347036,21089,13754674,210
same_asset_target_free_conservative,1.0,4.0,combined,0.001,tpsscs_finished_detector,0.8189516785013716,0.006623417118750271,0.05509574565555997,91091,13754674,210
same_asset_target_free_conservative,1.0,4.0,combined,0.003,low_rank_residual_k30,0.8047380295962294,0.013721064141986764,0.10522859847906423,188706,13754674,210
same_asset_target_free_conservative,1.0,4.0,combined,0.003,raw,0.4852970262338184,0.004035918314185886,0.013544879821641266,55510,13754674,210
same_asset_target_free_conservative,1.0,4.0,combined,0.003,tpsscs_finished_detector,0.8643156053185871,0.013750582787503325,0.10525913935803072,189112,13754674,210
same_asset_target_free_conservative,1.0,4.0,combined,0.01,low_rank_residual_k30,0.8500215785612514,0.03324795554905062,0.20298995205082002,457267,13754674,210
same_asset_target_free_conservative,1.0,4.0,combined,0.01,raw,0.6581362441958765,0.01186898320840281,0.029503840691477178,163246,13754674,210
same_asset_target_free_conservative,1.0,4.0,combined,0.01,tpsscs_finished_detector,0.9012180113342105,0.03327267506444138,0.20300522249030328,457607,13754674,210
same_asset_target_free_conservative,1.0,4.0,simMed_test.mat,1e-05,low_rank_residual_k30,0.5058578438401101,0.0008641310647307332,0.004657697417650383,5942,6877337,105
same_asset_target_free_conservative,1.0,4.0,simMed_test.mat,1e-05,raw,0.10756648816697639,3.722715648196352e-05,0.00032067922914821487,256,6877337,105
same_asset_target_free_conservative,1.0,4.0,simMed_test.mat,1e-05,tpsscs_finished_detector,0.6114862981727998,0.0009099378861062805,0.004749324252095964,6257,6877337,105
same_asset_target_free_conservative,1.0,4.0,simMed_test.mat,3e-05,low_rank_residual_k30,0.5625909891620389,0.0011719939805895229,0.006337522715819373,8059,6877337,105
same_asset_target_free_conservative,1.0,4.0,simMed_test.mat,3e-05,raw,0.15562154018553298,8.594089017915495e-05,0.0005650062608801882,591,6877337,105
same_asset_target_free_conservative,1.0,4.0,simMed_test.mat,3e-05,tpsscs_finished_detector,0.6587790455471695,0.0012134380234244012,0.0064138784111906905,8344,6877337,105
same_asset_target_free_conservative,1.0,4.0,simMed_test.mat,0.0001,low_rank_residual_k30,0.6348799098149865,0.0018844251586887034,0.010628712795687431,12958,6877337,105
same_asset_target_free_conservative,1.0,4.0,simMed_test.mat,0.0001,raw,0.21193421477767457,0.00024342275173026146,0.0013896099929755978,1674,6877337,105
same_asset_target_free_conservative,1.0,4.0,simMed_test.mat,0.0001,tpsscs_finished_detector,0.7187517899228977,0.0019201977147186382,0.010705068491058747,13204,6877337,105
same_asset_target_free_conservative,1.0,4.0,simMed_test.mat,0.0003,low_rank_residual_k30,0.6955290520465752,0.003249664412204036,0.01918055067727502,22346,6877337,105
same_asset_target_free_conservative,1.0,4.0,simMed_test.mat,0.0003,raw,0.27226115710582666,0.0005301766263308646,0.0028250313044009406,3646,6877337,105
same_asset_target_free_conservative,1.0,4.0,simMed_test.mat,0.0003,tpsscs_finished_detector,0.7685700754250505,0.0032813650796402064,0.019256906372646335,22564,6877337,105
same_asset_target_free_conservative,1.0,4.0,simMed_test.mat,0.001,low_rank_residual_k30,0.7560615226764654,0.006786339081300921,0.04115383440735424,46666,6877337,105
same_asset_target_free_conservative,1.0,4.0,simMed_test.mat,0.001,raw,0.36070301889035294,0.0015271243818366577,0.006520477659347036,10502,6877337,105
same_asset_target_free_conservative,1.0,4.0,simMed_test.mat,0.001,tpsscs_finished_detector,0.8193163596384844,0.006812222764701379,0.04121491616528724,46844,6877337,105
same_asset_target_free_conservative,1.0,4.0,simMed_test.mat,0.003,low_rank_residual_k30,0.8094213034402946,0.014035552401467023,0.08052102739516843,96516,6877337,105
same_asset_target_free_conservative,1.0,4.0,simMed_test.mat,0.003,raw,0.46503395446457113,0.004042180580306112,0.013544879821641266,27798,6877337,105
same_asset_target_free_conservative,1.0,4.0,simMed_test.mat,0.003,tpsscs_finished_detector,0.8643574539276566,0.01405750979331438,0.08058210915310142,96667,6877337,105
same_asset_target_free_conservative,1.0,4.0,simMed_test.mat,0.01,low_rank_residual_k30,0.8555976100278461,0.03408129105273032,0.16637143816999053,234365,6877337,105
same_asset_target_free_conservative,1.0,4.0,simMed_test.mat,0.01,raw,0.6385749137510481,0.011965257684078724,0.02921368904906617,82285,6877337,105
same_asset_target_free_conservative,1.0,4.0,simMed_test.mat,0.01,tpsscs_finished_detector,0.9038321645381988,0.0341001945253662,0.16643251992792352,234495,6877337,105
same_asset_target_free_conservative,1.0,4.0,simWind_test.mat,1e-05,low_rank_residual_k30,0.5146669373547608,0.000796073936883479,0.004214641297376538,5474,6877337,105
same_asset_target_free_conservative,1.0,4.0,simWind_test.mat,1e-05,raw,0.1356314737309295,4.435237379505854e-05,0.0002900364835366133,305,6877337,105
same_asset_target_free_conservative,1.0,4.0,simWind_test.mat,1e-05,tpsscs_finished_detector,0.6346568403287606,0.0008682003291707369,0.004321534373759277,5970,6877337,105
same_asset_target_free_conservative,1.0,4.0,simWind_test.mat,3e-05,low_rank_residual_k30,0.5595163466673178,0.0010312276611371004,0.006306691506581559,7091,6877337,105
same_asset_target_free_conservative,1.0,4.0,simWind_test.mat,3e-05,raw,0.1810977740054476,9.044882416471023e-05,0.0005037475766688546,622,6877337,105
same_asset_target_free_conservative,1.0,4.0,simWind_test.mat,3e-05,tpsscs_finished_detector,0.6688731331527014,0.0010962282767374716,0.0064135845829642974,7538,6877337,105
same_asset_target_free_conservative,1.0,4.0,simWind_test.mat,0.0001,low_rank_residual_k30,0.6273049352666404,0.0017346508383130094,0.013117307516110314,11928,6877337,105
same_asset_target_free_conservative,1.0,4.0,simWind_test.mat,0.0001,raw,0.24698450192934282,0.0002531639469931158,0.0012822665587934481,1741,6877337,105
same_asset_target_free_conservative,1.0,4.0,simWind_test.mat,0.0001,tpsscs_finished_detector,0.7225925721118106,0.0017910717781608437,0.013208930153009803,12316,6877337,105
same_asset_target_free_conservative,1.0,4.0,simWind_test.mat,0.0003,low_rank_residual_k30,0.6813941782610888,0.0030517622606320636,0.02620407415325413,20985,6877337,105
same_asset_target_free_conservative,1.0,4.0,simWind_test.mat,0.0003,raw,0.3169162069779237,0.0005879019402014741,0.0025960936426248035,4043,6877337,105
same_asset_target_free_conservative,1.0,4.0,simWind_test.mat,0.0003,tpsscs_finished_detector,0.7660825690721336,0.003101348378127662,0.026249885471703874,21326,6877337,105
same_asset_target_free_conservative,1.0,4.0,simWind_test.mat,0.001,low_rank_residual_k30,0.7453734340825409,0.006390551365043908,0.05504993433711022,43944,6877337,105
same_asset_target_free_conservative,1.0,4.0,simWind_test.mat,0.001,raw,0.3987042930048319,0.0015394806227098448,0.0057572194309973585,10587,6877337,105
same_asset_target_free_conservative,1.0,4.0,simWind_test.mat,0.001,tpsscs_finished_detector,0.8185869973642589,0.006434611472799163,0.05509574565555997,44247,6877337,105
same_asset_target_free_conservative,1.0,4.0,simWind_test.mat,0.003,low_rank_residual_k30,0.8000547557521641,0.013406575882506504,0.10522859847906423,92190,6877337,105
same_asset_target_free_conservative,1.0,4.0,simWind_test.mat,0.003,raw,0.5055600980030657,0.0040296560480656595,0.01294439101830227,27712,6877337,105
same_asset_target_free_conservative,1.0,4.0,simWind_test.mat,0.003,tpsscs_finished_detector,0.8642737567095174,0.01344365578169227,0.10525913935803072,92445,6877337,105
same_asset_target_free_conservative,1.0,4.0,simWind_test.mat,0.01,low_rank_residual_k30,0.8444455470946568,0.03241462004537092,0.20298995205082002,222902,6877337,105
same_asset_target_free_conservative,1.0,4.0,simWind_test.mat,0.01,raw,0.677697574640705,0.0117727087327269,0.029503840691477178,80961,6877337,105
same_asset_target_free_conservative,1.0,4.0,simWind_test.mat,0.01,tpsscs_finished_detector,0.8986038581302221,0.03244515560351655,0.20300522249030328,223112,6877337,105
same_asset_target_free_conservative,1.0,16.0,combined,1e-05,low_rank_residual_k30,0.5102623905974354,0.0008301025008071062,0.004657697417650383,11416,13754674,210
same_asset_target_free_conservative,1.0,16.0,combined,1e-05,raw,0.12159898094895295,4.0789765138511033e-05,0.00032067922914821487,561,13754674,210
same_asset_target_free_conservative,1.0,16.0,combined,1e-05,tpsscs_finished_detector,0.6204369521120568,0.0008869606012605958,0.004749324252095964,12198,13754674,210
same_asset_target_free_conservative,1.0,16.0,combined,3e-05,low_rank_residual_k30,0.5610536679146784,0.0011016108208633116,0.006337522715819373,15150,13754674,210
same_asset_target_free_conservative,1.0,16.0,combined,3e-05,raw,0.1683596570954903,8.81948571719326e-05,0.0005650062608801882,1213,13754674,210
same_asset_target_free_conservative,1.0,16.0,combined,3e-05,tpsscs_finished_detector,0.6616574220320006,0.0011529427606463923,0.0064138784111906905,15856,13754674,210
same_asset_target_free_conservative,1.0,16.0,combined,0.0001,low_rank_residual_k30,0.6310924225408134,0.0018095379985008564,0.013117307516110314,24886,13754674,210
same_asset_target_free_conservative,1.0,16.0,combined,0.0001,raw,0.2294593583535087,0.00024829334936168863,0.0013896099929755978,3415,13754674,210
same_asset_target_free_conservative,1.0,16.0,combined,0.0001,tpsscs_finished_detector,0.7188943479992409,0.0018538170611712183,0.013208930153009803,25495,13754674,210
same_asset_target_free_conservative,1.0,16.0,combined,0.0003,low_rank_residual_k30,0.6884616151538321,0.0031507133364180495,0.02620407415325413,43331,13754674,210
same_asset_target_free_conservative,1.0,16.0,combined,0.0003,raw,0.2945886820418752,0.0005590392832661693,0.0028250313044009406,7689,13754674,210
same_asset_target_free_conservative,1.0,16.0,combined,0.0003,tpsscs_finished_detector,0.765707219389209,0.0031898298969228415,0.026249885471703874,43869,13754674,210
same_asset_target_free_conservative,1.0,16.0,combined,0.001,low_rank_residual_k30,0.7507174783795032,0.006588445223172415,0.05504993433711022,90610,13754674,210
same_asset_target_free_conservative,1.0,16.0,combined,0.001,raw,0.3797036559475925,0.0015333025022732513,0.006520477659347036,21089,13754674,210
same_asset_target_free_conservative,1.0,16.0,combined,0.001,tpsscs_finished_detector,0.8176041805802601,0.006622035668487355,0.05509574565555997,91072,13754674,210
same_asset_target_free_conservative,1.0,16.0,combined,0.003,low_rank_residual_k30,0.8047380295962294,0.013721064141986764,0.10522859847906423,188706,13754674,210
same_asset_target_free_conservative,1.0,16.0,combined,0.003,raw,0.4852970262338184,0.004035918314185886,0.013544879821641266,55510,13754674,210
same_asset_target_free_conservative,1.0,16.0,combined,0.003,tpsscs_finished_detector,0.8631735142355355,0.013749419418663067,0.10525913935803072,189096,13754674,210
same_asset_target_free_conservative,1.0,16.0,combined,0.01,low_rank_residual_k30,0.8500215785612514,0.03324795554905062,0.20298995205082002,457267,13754674,210
same_asset_target_free_conservative,1.0,16.0,combined,0.01,raw,0.6581362441958765,0.01186898320840281,0.029503840691477178,163246,13754674,210
same_asset_target_free_conservative,1.0,16.0,combined,0.01,tpsscs_finished_detector,0.9003453923810962,0.03327187531636405,0.20300522249030328,457596,13754674,210
same_asset_target_free_conservative,1.0,16.0,simMed_test.mat,1e-05,low_rank_residual_k30,0.5058578438401101,0.0008641310647307332,0.004657697417650383,5942,6877337,105
same_asset_target_free_conservative,1.0,16.0,simMed_test.mat,1e-05,raw,0.10756648816697639,3.722715648196352e-05,0.00032067922914821487,256,6877337,105
same_asset_target_free_conservative,1.0,16.0,simMed_test.mat,1e-05,tpsscs_finished_detector,0.6097004342259451,0.0009086292576904514,0.004749324252095964,6248,6877337,105
same_asset_target_free_conservative,1.0,16.0,simMed_test.mat,3e-05,low_rank_residual_k30,0.5625909891620389,0.0011719939805895229,0.006337522715819373,8059,6877337,105
same_asset_target_free_conservative,1.0,16.0,simMed_test.mat,3e-05,raw,0.15562154018553298,8.594089017915495e-05,0.0005650062608801882,591,6877337,105
same_asset_target_free_conservative,1.0,16.0,simMed_test.mat,3e-05,tpsscs_finished_detector,0.6569931816003147,0.0012122748122214623,0.0064138784111906905,8336,6877337,105
same_asset_target_free_conservative,1.0,16.0,simMed_test.mat,0.0001,low_rank_residual_k30,0.6348799098149865,0.0018844251586887034,0.010628712795687431,12958,6877337,105
same_asset_target_free_conservative,1.0,16.0,simMed_test.mat,0.0001,raw,0.21193421477767457,0.00024342275173026146,0.0013896099929755978,1674,6877337,105
same_asset_target_free_conservative,1.0,16.0,simMed_test.mat,0.0001,tpsscs_finished_detector,0.7169659259760431,0.0019191799118477423,0.010705068491058747,13197,6877337,105
same_asset_target_free_conservative,1.0,16.0,simMed_test.mat,0.0003,low_rank_residual_k30,0.6955290520465752,0.003249664412204036,0.01918055067727502,22346,6877337,105
same_asset_target_free_conservative,1.0,16.0,simMed_test.mat,0.0003,raw,0.27226115710582666,0.0005301766263308646,0.0028250313044009406,3646,6877337,105
same_asset_target_free_conservative,1.0,16.0,simMed_test.mat,0.0003,tpsscs_finished_detector,0.7671016717956561,0.00328034727676931,0.019256906372646335,22557,6877337,105
same_asset_target_free_conservative,1.0,16.0,simMed_test.mat,0.001,low_rank_residual_k30,0.7560615226764654,0.006786339081300921,0.04115383440735424,46666,6877337,105
same_asset_target_free_conservative,1.0,16.0,simMed_test.mat,0.001,raw,0.36070301889035294,0.0015271243818366577,0.006520477659347036,10502,6877337,105
same_asset_target_free_conservative,1.0,16.0,simMed_test.mat,0.001,tpsscs_finished_detector,0.8180384321995662,0.006811495725226837,0.04121491616528724,46839,6877337,105
same_asset_target_free_conservative,1.0,16.0,simMed_test.mat,0.003,low_rank_residual_k30,0.8094213034402946,0.014035552401467023,0.08052102739516843,96516,6877337,105
same_asset_target_free_conservative,1.0,16.0,simMed_test.mat,0.003,raw,0.46503395446457113,0.004042180580306112,0.013544879821641266,27798,6877337,105
same_asset_target_free_conservative,1.0,16.0,simMed_test.mat,0.003,tpsscs_finished_detector,0.8632959767051887,0.014056928128878363,0.08058210915310142,96663,6877337,105
same_asset_target_free_conservative,1.0,16.0,simMed_test.mat,0.01,low_rank_residual_k30,0.8555976100278461,0.03408129105273032,0.16637143816999053,234365,6877337,105
same_asset_target_free_conservative,1.0,16.0,simMed_test.mat,0.01,raw,0.6385749137510481,0.011965257684078724,0.02921368904906617,82285,6877337,105
same_asset_target_free_conservative,1.0,16.0,simMed_test.mat,0.01,tpsscs_finished_detector,0.9027706873157308,0.03409975831145591,0.16643251992792352,234492,6877337,105
same_asset_target_free_conservative,1.0,16.0,simWind_test.mat,1e-05,low_rank_residual_k30,0.5146669373547608,0.000796073936883479,0.004214641297376538,5474,6877337,105
same_asset_target_free_conservative,1.0,16.0,simWind_test.mat,1e-05,raw,0.1356314737309295,4.435237379505854e-05,0.0002900364835366133,305,6877337,105
same_asset_target_free_conservative,1.0,16.0,simWind_test.mat,1e-05,tpsscs_finished_detector,0.6311734699981686,0.0008652919448307401,0.004321534373759277,5950,6877337,105
same_asset_target_free_conservative,1.0,16.0,simWind_test.mat,3e-05,low_rank_residual_k30,0.5595163466673178,0.0010312276611371004,0.006306691506581559,7091,6877337,105
same_asset_target_free_conservative,1.0,16.0,simWind_test.mat,3e-05,raw,0.1810977740054476,9.044882416471023e-05,0.0005037475766688546,622,6877337,105
same_asset_target_free_conservative,1.0,16.0,simWind_test.mat,3e-05,tpsscs_finished_detector,0.6663216624636863,0.0010936107090713223,0.0064135845829642974,7520,6877337,105
same_asset_target_free_conservative,1.0,16.0,simWind_test.mat,0.0001,low_rank_residual_k30,0.6273049352666404,0.0017346508383130094,0.013117307516110314,11928,6877337,105
same_asset_target_free_conservative,1.0,16.0,simWind_test.mat,0.0001,raw,0.24698450192934282,0.0002531639469931158,0.0012822665587934481,1741,6877337,105
same_asset_target_free_conservative,1.0,16.0,simWind_test.mat,0.0001,tpsscs_finished_detector,0.7208227700224389,0.0017884542104946947,0.013208930153009803,12298,6877337,105
same_asset_target_free_conservative,1.0,16.0,simWind_test.mat,0.0003,low_rank_residual_k30,0.6813941782610888,0.0030517622606320636,0.02620407415325413,20985,6877337,105
same_asset_target_free_conservative,1.0,16.0,simWind_test.mat,0.0003,raw,0.3169162069779237,0.0005879019402014741,0.0025960936426248035,4043,6877337,105
same_asset_target_free_conservative,1.0,16.0,simWind_test.mat,0.0003,tpsscs_finished_detector,0.7643127669827618,0.003099312517076373,0.026249885471703874,21312,6877337,105
same_asset_target_free_conservative,1.0,16.0,simWind_test.mat,0.001,low_rank_residual_k30,0.7453734340825409,0.006390551365043908,0.05504993433711022,43944,6877337,105
same_asset_target_free_conservative,1.0,16.0,simWind_test.mat,0.001,raw,0.3987042930048319,0.0015394806227098448,0.0057572194309973585,10587,6877337,105
same_asset_target_free_conservative,1.0,16.0,simWind_test.mat,0.001,tpsscs_finished_detector,0.817169928960954,0.006432575611747873,0.05509574565555997,44233,6877337,105
same_asset_target_free_conservative,1.0,16.0,simWind_test.mat,0.003,low_rank_residual_k30,0.8000547557521641,0.013406575882506504,0.10522859847906423,92190,6877337,105
same_asset_target_free_conservative,1.0,16.0,simWind_test.mat,0.003,raw,0.5055600980030657,0.0040296560480656595,0.01294439101830227,27712,6877337,105
same_asset_target_free_conservative,1.0,16.0,simWind_test.mat,0.003,tpsscs_finished_detector,0.8630510517658823,0.013441910708447772,0.10525913935803072,92433,6877337,105
same_asset_target_free_conservative,1.0,16.0,simWind_test.mat,0.01,low_rank_residual_k30,0.8444455470946568,0.03241462004537092,0.20298995205082002,222902,6877337,105
same_asset_target_free_conservative,1.0,16.0,simWind_test.mat,0.01,raw,0.677697574640705,0.0117727087327269,0.029503840691477178,80961,6877337,105
same_asset_target_free_conservative,1.0,16.0,simWind_test.mat,0.01,tpsscs_finished_detector,0.8979200974464615,0.03244399232127219,0.20300522249030328,223104,6877337,105
same_asset_target_free_conservative,1.0,64.0,combined,1e-05,low_rank_residual_k30,0.5102623905974354,0.0008301025008071062,0.004657697417650383,11416,13754674,210
same_asset_target_free_conservative,1.0,64.0,combined,1e-05,raw,0.12159898094895295,4.0789765138511033e-05,0.00032067922914821487,561,13754674,210
same_asset_target_free_conservative,1.0,64.0,combined,1e-05,tpsscs_finished_detector,0.6148142530083403,0.0008784540158911712,0.0047340531130217,12081,13754674,210
same_asset_target_free_conservative,1.0,64.0,combined,3e-05,low_rank_residual_k30,0.5610536679146784,0.0011016108208633116,0.006337522715819373,15150,13754674,210
same_asset_target_free_conservative,1.0,64.0,combined,3e-05,raw,0.1683596570954903,8.81948571719326e-05,0.0005650062608801882,1213,13754674,210
same_asset_target_free_conservative,1.0,64.0,combined,3e-05,tpsscs_finished_detector,0.6565506858929474,0.0011454542112647327,0.006398607272116427,15753,13754674,210
same_asset_target_free_conservative,1.0,64.0,combined,0.0001,low_rank_residual_k30,0.6310924225408134,0.0018095379985008564,0.013117307516110314,24886,13754674,210
same_asset_target_free_conservative,1.0,64.0,combined,0.0001,raw,0.2294593583535087,0.00024829334936168863,0.0013896099929755978,3415,13754674,210
same_asset_target_free_conservative,1.0,64.0,combined,0.0001,tpsscs_finished_detector,0.7142893835548324,0.0018472737558930807,0.013193659713526555,25405,13754674,210
same_asset_target_free_conservative,1.0,64.0,combined,0.0003,low_rank_residual_k30,0.6884616151538321,0.0031507133364180495,0.02620407415325413,43331,13754674,210
same_asset_target_free_conservative,1.0,64.0,combined,0.0003,raw,0.2945886820418752,0.0005590392832661693,0.0028250313044009406,7689,13754674,210
same_asset_target_free_conservative,1.0,64.0,combined,0.0003,tpsscs_finished_detector,0.7617185292416593,0.003184304534363024,0.02623461503222063,43793,13754674,210
same_asset_target_free_conservative,1.0,64.0,combined,0.001,low_rank_residual_k30,0.7507174783795032,0.006588445223172415,0.05504993433711022,90610,13754674,210
same_asset_target_free_conservative,1.0,64.0,combined,0.001,raw,0.3797036559475925,0.0015333025022732513,0.006520477659347036,21089,13754674,210
same_asset_target_free_conservative,1.0,64.0,combined,0.001,tpsscs_finished_detector,0.8139309157481357,0.006616873868960487,0.055080475216076716,91001,13754674,210
same_asset_target_free_conservative,1.0,64.0,combined,0.003,low_rank_residual_k30,0.8047380295962294,0.013721064141986764,0.10522859847906423,188706,13754674,210
same_asset_target_free_conservative,1.0,64.0,combined,0.003,raw,0.4852970262338184,0.004035918314185886,0.013544879821641266,55510,13754674,210
same_asset_target_free_conservative,1.0,64.0,combined,0.003,tpsscs_finished_detector,0.8602114616856721,0.013745857076425233,0.10524386891854748,189047,13754674,210
same_asset_target_free_conservative,1.0,64.0,combined,0.01,low_rank_residual_k30,0.8500215785612514,0.03324795554905062,0.20298995205082002,457267,13754674,210
same_asset_target_free_conservative,1.0,64.0,combined,0.01,raw,0.6581362441958765,0.01186898320840281,0.029503840691477178,163246,13754674,210
same_asset_target_free_conservative,1.0,64.0,combined,0.01,tpsscs_finished_detector,0.8974640500814346,0.033268894656308674,0.20300522249030328,457555,13754674,210
same_asset_target_free_conservative,1.0,64.0,simMed_test.mat,1e-05,low_rank_residual_k30,0.5058578438401101,0.0008641310647307332,0.004657697417650383,5942,6877337,105
same_asset_target_free_conservative,1.0,64.0,simMed_test.mat,1e-05,raw,0.10756648816697639,3.722715648196352e-05,0.00032067922914821487,256,6877337,105
same_asset_target_free_conservative,1.0,64.0,simMed_test.mat,1e-05,tpsscs_finished_detector,0.6036415438853454,0.0009033941090422286,0.0047340531130217,6212,6877337,105
same_asset_target_free_conservative,1.0,64.0,simMed_test.mat,3e-05,low_rank_residual_k30,0.5625909891620389,0.0011719939805895229,0.006337522715819373,8059,6877337,105
same_asset_target_free_conservative,1.0,64.0,simMed_test.mat,3e-05,raw,0.15562154018553298,8.594089017915495e-05,0.0005650062608801882,591,6877337,105
same_asset_target_free_conservative,1.0,64.0,simMed_test.mat,3e-05,tpsscs_finished_detector,0.6511557752021293,0.0012079123045479947,0.006398607272116427,8306,6877337,105
same_asset_target_free_conservative,1.0,64.0,simMed_test.mat,0.0001,low_rank_residual_k30,0.6348799098149865,0.0018844251586887034,0.010628712795687431,12958,6877337,105
same_asset_target_free_conservative,1.0,64.0,simMed_test.mat,0.0001,raw,0.21193421477767457,0.00024342275173026146,0.0013896099929755978,1674,6877337,105
same_asset_target_free_conservative,1.0,64.0,simMed_test.mat,0.0001,tpsscs_finished_detector,0.711663422804685,0.0019151082408242332,0.010689797351984484,13169,6877337,105
same_asset_target_free_conservative,1.0,64.0,simMed_test.mat,0.0003,low_rank_residual_k30,0.6955290520465752,0.003249664412204036,0.01918055067727502,22346,6877337,105
same_asset_target_free_conservative,1.0,64.0,simMed_test.mat,0.0003,raw,0.27226115710582666,0.0005301766263308646,0.0028250313044009406,3646,6877337,105
same_asset_target_free_conservative,1.0,64.0,simMed_test.mat,0.0003,tpsscs_finished_detector,0.7626789835319486,0.0032770027406765446,0.01924163523357207,22534,6877337,105
same_asset_target_free_conservative,1.0,64.0,simMed_test.mat,0.001,low_rank_residual_k30,0.7560615226764654,0.006786339081300921,0.04115383440735424,46666,6877337,105
same_asset_target_free_conservative,1.0,64.0,simMed_test.mat,0.001,raw,0.36070301889035294,0.0015271243818366577,0.006520477659347036,10502,6877337,105
same_asset_target_free_conservative,1.0,64.0,simMed_test.mat,0.001,tpsscs_finished_detector,0.8136157439358587,0.006808587494090172,0.04121491616528724,46819,6877337,105
same_asset_target_free_conservative,1.0,64.0,simMed_test.mat,0.003,low_rank_residual_k30,0.8094213034402946,0.014035552401467023,0.08052102739516843,96516,6877337,105
same_asset_target_free_conservative,1.0,64.0,simMed_test.mat,0.003,raw,0.46503395446457113,0.004042180580306112,0.013544879821641266,27798,6877337,105
same_asset_target_free_conservative,1.0,64.0,simMed_test.mat,0.003,tpsscs_finished_detector,0.8598189173133773,0.014055183142223988,0.08058210915310142,96651,6877337,105
same_asset_target_free_conservative,1.0,64.0,simMed_test.mat,0.01,low_rank_residual_k30,0.8555976100278461,0.03408129105273032,0.16637143816999053,234365,6877337,105
same_asset_target_free_conservative,1.0,64.0,simMed_test.mat,0.01,raw,0.6385749137510481,0.011965257684078724,0.02921368904906617,82285,6877337,105
same_asset_target_free_conservative,1.0,64.0,simMed_test.mat,0.01,tpsscs_finished_detector,0.899455048424323,0.03409830415700836,0.16643251992792352,234482,6877337,105
same_asset_target_free_conservative,1.0,64.0,simWind_test.mat,1e-05,low_rank_residual_k30,0.5146669373547608,0.000796073936883479,0.004214641297376538,5474,6877337,105
same_asset_target_free_conservative,1.0,64.0,simWind_test.mat,1e-05,raw,0.1356314737309295,4.435237379505854e-05,0.0002900364835366133,305,6877337,105
same_asset_target_free_conservative,1.0,64.0,simWind_test.mat,1e-05,tpsscs_finished_detector,0.6259869621313351,0.0008535139227401138,0.00429099349479278,5869,6877337,105
same_asset_target_free_conservative,1.0,64.0,simWind_test.mat,3e-05,low_rank_residual_k30,0.5595163466673178,0.0010312276611371004,0.006306691506581559,7091,6877337,105
same_asset_target_free_conservative,1.0,64.0,simWind_test.mat,3e-05,raw,0.1810977740054476,9.044882416471023e-05,0.0005037475766688546,622,6877337,105
same_asset_target_free_conservative,1.0,64.0,simWind_test.mat,3e-05,tpsscs_finished_detector,0.6619455965837654,0.0010829961179814709,0.006383043703997801,7447,6877337,105
same_asset_target_free_conservative,1.0,64.0,simWind_test.mat,0.0001,low_rank_residual_k30,0.6273049352666404,0.0017346508383130094,0.013117307516110314,11928,6877337,105
same_asset_target_free_conservative,1.0,64.0,simWind_test.mat,0.0001,raw,0.24698450192934282,0.0002531639469931158,0.0012822665587934481,1741,6877337,105
same_asset_target_free_conservative,1.0,64.0,simWind_test.mat,0.0001,tpsscs_finished_detector,0.7169153443049799,0.0017794392709619287,0.013193659713526555,12236,6877337,105
same_asset_target_free_conservative,1.0,64.0,simWind_test.mat,0.0003,low_rank_residual_k30,0.6813941782610888,0.0030517622606320636,0.02620407415325413,20985,6877337,105
same_asset_target_free_conservative,1.0,64.0,simWind_test.mat,0.0003,raw,0.3169162069779237,0.0005879019402014741,0.0025960936426248035,4043,6877337,105
same_asset_target_free_conservative,1.0,64.0,simWind_test.mat,0.0003,tpsscs_finished_detector,0.7607580749513699,0.003091606328049503,0.02623461503222063,21259,6877337,105
same_asset_target_free_conservative,1.0,64.0,simWind_test.mat,0.001,low_rank_residual_k30,0.7453734340825409,0.006390551365043908,0.05504993433711022,43944,6877337,105
same_asset_target_free_conservative,1.0,64.0,simWind_test.mat,0.001,raw,0.3987042930048319,0.0015394806227098448,0.0057572194309973585,10587,6877337,105
same_asset_target_free_conservative,1.0,64.0,simWind_test.mat,0.001,tpsscs_finished_detector,0.8142460875604127,0.0064251602438308,0.055080475216076716,44182,6877337,105
same_asset_target_free_conservative,1.0,64.0,simWind_test.mat,0.003,low_rank_residual_k30,0.8000547557521641,0.013406575882506504,0.10522859847906423,92190,6877337,105
same_asset_target_free_conservative,1.0,64.0,simWind_test.mat,0.003,raw,0.5055600980030657,0.0040296560480656595,0.01294439101830227,27712,6877337,105
same_asset_target_free_conservative,1.0,64.0,simWind_test.mat,0.003,tpsscs_finished_detector,0.8606040060579669,0.013436531010626475,0.10524386891854748,92396,6877337,105
same_asset_target_free_conservative,1.0,64.0,simWind_test.mat,0.01,low_rank_residual_k30,0.8444455470946568,0.03241462004537092,0.20298995205082002,222902,6877337,105
same_asset_target_free_conservative,1.0,64.0,simWind_test.mat,0.01,raw,0.677697574640705,0.0117727087327269,0.029503840691477178,80961,6877337,105
same_asset_target_free_conservative,1.0,64.0,simWind_test.mat,0.01,tpsscs_finished_detector,0.8954730517385462,0.03243948515560899,0.20300522249030328,223073,6877337,105
same_asset_target_free_conservative,1.0,256.0,combined,1e-05,low_rank_residual_k30,0.5102623905974354,0.0008301025008071062,0.004657697417650383,11416,13754674,210
same_asset_target_free_conservative,1.0,256.0,combined,1e-05,raw,0.12159898094895295,4.0789765138511033e-05,0.00032067922914821487,561,13754674,210
same_asset_target_free_conservative,1.0,256.0,combined,1e-05,tpsscs_finished_detector,0.591645746078917,0.0008598407583447742,0.004718781973947437,11825,13754674,210
same_asset_target_free_conservative,1.0,256.0,combined,3e-05,low_rank_residual_k30,0.5610536679146784,0.0011016108208633116,0.006337522715819373,15150,13754674,210
same_asset_target_free_conservative,1.0,256.0,combined,3e-05,raw,0.1683596570954903,8.81948571719326e-05,0.0005650062608801882,1213,13754674,210
same_asset_target_free_conservative,1.0,256.0,combined,3e-05,tpsscs_finished_detector,0.6360997053787161,0.0011288041671882148,0.006383336133042164,15524,13754674,210
same_asset_target_free_conservative,1.0,256.0,combined,0.0001,low_rank_residual_k30,0.6310924225408134,0.0018095379985008564,0.013117307516110314,24886,13754674,210
same_asset_target_free_conservative,1.0,256.0,combined,0.0001,raw,0.2294593583535087,0.00024829334936168863,0.0013896099929755978,3415,13754674,210
same_asset_target_free_conservative,1.0,256.0,combined,0.0001,tpsscs_finished_detector,0.6960321096310321,0.0018332412616736936,0.013163118834560058,25212,13754674,210
same_asset_target_free_conservative,1.0,256.0,combined,0.0003,low_rank_residual_k30,0.6884616151538321,0.0031507133364180495,0.02620407415325413,43331,13754674,210
same_asset_target_free_conservative,1.0,256.0,combined,0.0003,raw,0.2945886820418752,0.0005590392832661693,0.0028250313044009406,7689,13754674,210
same_asset_target_free_conservative,1.0,256.0,combined,0.0003,tpsscs_finished_detector,0.7460693440911982,0.003171726172367749,0.02620407415325413,43620,13754674,210
same_asset_target_free_conservative,1.0,256.0,combined,0.001,low_rank_residual_k30,0.7507174783795032,0.006588445223172415,0.05504993433711022,90610,13754674,210
same_asset_target_free_conservative,1.0,256.0,combined,0.001,raw,0.3797036559475925,0.0015333025022732513,0.006520477659347036,21089,13754674,210
same_asset_target_free_conservative,1.0,256.0,combined,0.001,tpsscs_finished_detector,0.800454956415206,0.006606476831859979,0.05504993433711022,90858,13754674,210
same_asset_target_free_conservative,1.0,256.0,combined,0.003,low_rank_residual_k30,0.8047380295962294,0.013721064141986764,0.10522859847906423,188706,13754674,210
same_asset_target_free_conservative,1.0,256.0,combined,0.003,raw,0.4852970262338184,0.004035918314185886,0.013544879821641266,55510,13754674,210
same_asset_target_free_conservative,1.0,256.0,combined,0.003,tpsscs_finished_detector,0.8484308002822366,0.013736623495874869,0.10522859847906423,188920,13754674,210
same_asset_target_free_conservative,1.0,256.0,combined,0.01,low_rank_residual_k30,0.8500215785612514,0.03324795554905062,0.20298995205082002,457267,13754674,210
same_asset_target_free_conservative,1.0,256.0,combined,0.01,raw,0.6581362441958765,0.01186898320840281,0.029503840691477178,163246,13754674,210
same_asset_target_free_conservative,1.0,256.0,combined,0.01,tpsscs_finished_detector,0.8878879798678451,0.033261333533643,0.20298995205082002,457451,13754674,210
same_asset_target_free_conservative,1.0,256.0,simMed_test.mat,1e-05,low_rank_residual_k30,0.5058578438401101,0.0008641310647307332,0.004657697417650383,5942,6877337,105
same_asset_target_free_conservative,1.0,256.0,simMed_test.mat,1e-05,raw,0.10756648816697639,3.722715648196352e-05,0.00032067922914821487,256,6877337,105
same_asset_target_free_conservative,1.0,256.0,simMed_test.mat,1e-05,tpsscs_finished_detector,0.5825420597725897,0.0008895795065366577,0.004718781973947437,6117,6877337,105
same_asset_target_free_conservative,1.0,256.0,simMed_test.mat,3e-05,low_rank_residual_k30,0.5625909891620389,0.0011719939805895229,0.006337522715819373,8059,6877337,105
same_asset_target_free_conservative,1.0,256.0,simMed_test.mat,3e-05,raw,0.15562154018553298,8.594089017915495e-05,0.0005650062608801882,591,6877337,105
same_asset_target_free_conservative,1.0,256.0,simMed_test.mat,3e-05,tpsscs_finished_detector,0.6324448103889412,0.0011949702364299213,0.006383336133042164,8217,6877337,105
same_asset_target_free_conservative,1.0,256.0,simMed_test.mat,0.0001,low_rank_residual_k30,0.6348799098149865,0.0018844251586887034,0.010628712795687431,12958,6877337,105
same_asset_target_free_conservative,1.0,256.0,simMed_test.mat,0.0001,raw,0.21193421477767457,0.00024342275173026146,0.0013896099929755978,1674,6877337,105
same_asset_target_free_conservative,1.0,256.0,simMed_test.mat,0.0001,tpsscs_finished_detector,0.6952369371247631,0.001904347553055814,0.01067452621291022,13095,6877337,105
same_asset_target_free_conservative,1.0,256.0,simMed_test.mat,0.0003,low_rank_residual_k30,0.6955290520465752,0.003249664412204036,0.01918055067727502,22346,6877337,105
same_asset_target_free_conservative,1.0,256.0,simMed_test.mat,0.0003,raw,0.27226115710582666,0.0005301766263308646,0.0028250313044009406,3646,6877337,105
same_asset_target_free_conservative,1.0,256.0,simMed_test.mat,0.0003,tpsscs_finished_detector,0.7487455083467183,0.0032675507834590664,0.019226364094497808,22469,6877337,105
same_asset_target_free_conservative,1.0,256.0,simMed_test.mat,0.001,low_rank_residual_k30,0.7560615226764654,0.006786339081300921,0.04115383440735424,46666,6877337,105
same_asset_target_free_conservative,1.0,256.0,simMed_test.mat,0.001,raw,0.36070301889035294,0.0015271243818366577,0.006520477659347036,10502,6877337,105
same_asset_target_free_conservative,1.0,256.0,simMed_test.mat,0.001,tpsscs_finished_detector,0.8016907528628012,0.006800735299456987,0.041199645725803986,46765,6877337,105
same_asset_target_free_conservative,1.0,256.0,simMed_test.mat,0.003,low_rank_residual_k30,0.8094213034402946,0.014035552401467023,0.08052102739516843,96516,6877337,105
same_asset_target_free_conservative,1.0,256.0,simMed_test.mat,0.003,raw,0.46503395446457113,0.004042180580306112,0.013544879821641266,27798,6877337,105
same_asset_target_free_conservative,1.0,256.0,simMed_test.mat,0.003,tpsscs_finished_detector,0.8489509886316722,0.014047912707502818,0.08056683871361818,96601,6877337,105
same_asset_target_free_conservative,1.0,256.0,simMed_test.mat,0.01,low_rank_residual_k30,0.8555976100278461,0.03408129105273032,0.16637143816999053,234365,6877337,105
same_asset_target_free_conservative,1.0,256.0,simMed_test.mat,0.01,raw,0.6385749137510481,0.011965257684078724,0.02921368904906617,82285,6877337,105
same_asset_target_free_conservative,1.0,256.0,simMed_test.mat,0.01,tpsscs_finished_detector,0.8907137937740538,0.034092197126639315,0.16641724948844028,234440,6877337,105
same_asset_target_free_conservative,1.0,256.0,simWind_test.mat,1e-05,low_rank_residual_k30,0.5146669373547608,0.000796073936883479,0.004214641297376538,5474,6877337,105
same_asset_target_free_conservative,1.0,256.0,simWind_test.mat,1e-05,raw,0.1356314737309295,4.435237379505854e-05,0.0002900364835366133,305,6877337,105
same_asset_target_free_conservative,1.0,256.0,simWind_test.mat,1e-05,tpsscs_finished_detector,0.600749432385244,0.0008301020101528906,0.004260452615826284,5708,6877337,105
same_asset_target_free_conservative,1.0,256.0,simWind_test.mat,3e-05,low_rank_residual_k30,0.5595163466673178,0.0010312276611371004,0.006306691506581559,7091,6877337,105
same_asset_target_free_conservative,1.0,256.0,simWind_test.mat,3e-05,raw,0.1810977740054476,9.044882416471023e-05,0.0005037475766688546,622,6877337,105
same_asset_target_free_conservative,1.0,256.0,simWind_test.mat,3e-05,tpsscs_finished_detector,0.6397546003684909,0.0010626380979465082,0.006352502825031304,7307,6877337,105
same_asset_target_free_conservative,1.0,256.0,simWind_test.mat,0.0001,low_rank_residual_k30,0.6273049352666404,0.0017346508383130094,0.013117307516110314,11928,6877337,105
same_asset_target_free_conservative,1.0,256.0,simWind_test.mat,0.0001,raw,0.24698450192934282,0.0002531639469931158,0.0012822665587934481,1741,6877337,105
same_asset_target_free_conservative,1.0,256.0,simWind_test.mat,0.0001,tpsscs_finished_detector,0.6968272821373013,0.0017621349702915728,0.013163118834560058,12117,6877337,105
same_asset_target_free_conservative,1.0,256.0,simWind_test.mat,0.0003,low_rank_residual_k30,0.6813941782610888,0.0030517622606320636,0.02620407415325413,20985,6877337,105
same_asset_target_free_conservative,1.0,256.0,simWind_test.mat,0.0003,raw,0.3169162069779237,0.0005879019402014741,0.0025960936426248035,4043,6877337,105
same_asset_target_free_conservative,1.0,256.0,simWind_test.mat,0.0003,tpsscs_finished_detector,0.7433931798356782,0.003075901561276432,0.02620407415325413,21151,6877337,105
same_asset_target_free_conservative,1.0,256.0,simWind_test.mat,0.001,low_rank_residual_k30,0.7453734340825409,0.006390551365043908,0.05504993433711022,43944,6877337,105
same_asset_target_free_conservative,1.0,256.0,simWind_test.mat,0.001,raw,0.3987042930048319,0.0015394806227098448,0.0057572194309973585,10587,6877337,105
same_asset_target_free_conservative,1.0,256.0,simWind_test.mat,0.001,tpsscs_finished_detector,0.7992191599676107,0.006412218364262973,0.05504993433711022,44093,6877337,105
same_asset_target_free_conservative,1.0,256.0,simWind_test.mat,0.003,low_rank_residual_k30,0.8000547557521641,0.013406575882506504,0.10522859847906423,92190,6877337,105
same_asset_target_free_conservative,1.0,256.0,simWind_test.mat,0.003,raw,0.5055600980030657,0.0040296560480656595,0.01294439101830227,27712,6877337,105
same_asset_target_free_conservative,1.0,256.0,simWind_test.mat,0.003,tpsscs_finished_detector,0.8479106119328012,0.01342533428424692,0.10522859847906423,92319,6877337,105
same_asset_target_free_conservative,1.0,256.0,simWind_test.mat,0.01,low_rank_residual_k30,0.8444455470946568,0.03241462004537092,0.20298995205082002,222902,6877337,105
same_asset_target_free_conservative,1.0,256.0,simWind_test.mat,0.01,raw,0.677697574640705,0.0117727087327269,0.029503840691477178,80961,6877337,105
same_asset_target_free_conservative,1.0,256.0,simWind_test.mat,0.01,tpsscs_finished_detector,0.8850621659616364,0.03243046994064669,0.20298995205082002,223011,6877337,105
same_asset_target_free_conservative,10.0,0.0,combined,1e-05,low_rank_residual_k30,0.4204893445126785,0.0005296526737485884,0.0033749217354122445,7284,13754674,210
same_asset_target_free_conservative,10.0,0.0,combined,1e-05,raw,0.0657531516085371,1.0033906841795108e-05,6.109015379446218e-05,138,13754674,210
same_asset_target_free_conservative,10.0,0.0,combined,1e-05,tpsscs_finished_detector,0.5618297237968743,0.0005993080899874257,0.0034665485698578257,8242,13754674,210
same_asset_target_free_conservative,10.0,0.0,combined,3e-05,low_rank_residual_k30,0.45303542482175946,0.0006186535164987059,0.003726157934120306,8508,13754674,210
same_asset_target_free_conservative,10.0,0.0,combined,3e-05,raw,0.08171806214533062,1.5341757422292066e-05,0.00012212062464699507,211,13754674,210
same_asset_target_free_conservative,10.0,0.0,combined,3e-05,tpsscs_finished_detector,0.5840330595852641,0.0006843825035493351,0.0038177847685658874,9412,13754674,210
same_asset_target_free_conservative,10.0,0.0,combined,0.0001,low_rank_residual_k30,0.5102623905974354,0.0008301025008071062,0.004657697417650383,11416,13754674,210
same_asset_target_free_conservative,10.0,0.0,combined,0.0001,raw,0.12159898094895295,4.0789765138511033e-05,0.00032067922914821487,561,13754674,210
same_asset_target_free_conservative,10.0,0.0,combined,0.0001,tpsscs_finished_detector,0.6234848202391009,0.0008892872434633234,0.004749324252095964,12230,13754674,210
same_asset_target_free_conservative,10.0,0.0,combined,0.0003,low_rank_residual_k30,0.5610536679146784,0.0011016108208633116,0.006337522715819373,15150,13754674,210
same_asset_target_free_conservative,10.0,0.0,combined,0.0003,raw,0.1683596570954903,8.81948571719326e-05,0.0005650062608801882,1213,13754674,210
same_asset_target_free_conservative,10.0,0.0,combined,0.0003,tpsscs_finished_detector,0.664239340338256,0.0011550512859057512,0.0064138784111906905,15885,13754674,210
same_asset_target_free_conservative,10.0,0.0,combined,0.001,low_rank_residual_k30,0.6310924225408134,0.0018095379985008564,0.013117307516110314,24886,13754674,210
same_asset_target_free_conservative,10.0,0.0,combined,0.001,raw,0.2294593583535087,0.00024829334936168863,0.0013896099929755978,3415,13754674,210
same_asset_target_free_conservative,10.0,0.0,combined,0.001,tpsscs_finished_detector,0.7206721810173542,0.0018557801581123557,0.013208930153009803,25522,13754674,210
same_asset_target_free_conservative,10.0,0.0,combined,0.003,low_rank_residual_k30,0.6884616151538321,0.0031507133364180495,0.02620407415325413,43331,13754674,210
same_asset_target_free_conservative,10.0,0.0,combined,0.003,raw,0.2945886820418752,0.0005590392832661693,0.0028250313044009406,7689,13754674,210
same_asset_target_free_conservative,10.0,0.0,combined,0.003,tpsscs_finished_detector,0.7673263222485921,0.003191502140556549,0.026249885471703874,43892,13754674,210
same_asset_target_free_conservative,10.0,0.0,combined,0.01,low_rank_residual_k30,0.7507174783795032,0.006588445223172415,0.05504993433711022,90610,13754674,210
same_asset_target_free_conservative,10.0,0.0,combined,0.01,raw,0.3797036559475925,0.0015333025022732513,0.006520477659347036,21089,13754674,210
same_asset_target_free_conservative,10.0,0.0,combined,0.01,tpsscs_finished_detector,0.8189516785013716,0.0066235625304228865,0.05509574565555997,91093,13754674,210
same_asset_target_free_conservative,10.0,0.0,simMed_test.mat,1e-05,low_rank_residual_k30,0.4459745610781645,0.000619961585356831,0.0033749217354122445,4263,6877337,105
same_asset_target_free_conservative,10.0,0.0,simMed_test.mat,1e-05,raw,0.05470088602613092,8.434294105823042e-06,6.107522941383048e-05,58,6877337,105
same_asset_target_free_conservative,10.0,0.0,simMed_test.mat,1e-05,tpsscs_finished_detector,0.5658219650894367,0.0006695494120468901,0.0034665485698578257,4604,6877337,105
same_asset_target_free_conservative,10.0,0.0,simMed_test.mat,3e-05,low_rank_residual_k30,0.4657849457505103,0.0006833675312517056,0.003726157934120306,4699,6877337,105
same_asset_target_free_conservative,10.0,0.0,simMed_test.mat,3e-05,raw,0.0781139845070218,1.5850725438369646e-05,0.00012212062464699507,109,6877337,105
same_asset_target_free_conservative,10.0,0.0,simMed_test.mat,3e-05,tpsscs_finished_detector,0.582372602734481,0.0007323737201552028,0.0038177847685658874,5036,6877337,105
same_asset_target_free_conservative,10.0,0.0,simMed_test.mat,0.0001,low_rank_residual_k30,0.5058578438401101,0.0008641310647307332,0.004657697417650383,5942,6877337,105
same_asset_target_free_conservative,10.0,0.0,simMed_test.mat,0.0001,raw,0.10756648816697639,3.722715648196352e-05,0.00032067922914821487,256,6877337,105
same_asset_target_free_conservative,10.0,0.0,simMed_test.mat,0.0001,tpsscs_finished_detector,0.6117584070163372,0.0009102287094515099,0.004749324252095964,6259,6877337,105
same_asset_target_free_conservative,10.0,0.0,simMed_test.mat,0.0003,low_rank_residual_k30,0.5625909891620389,0.0011719939805895229,0.006337522715819373,8059,6877337,105
same_asset_target_free_conservative,10.0,0.0,simMed_test.mat,0.0003,raw,0.15562154018553298,8.594089017915495e-05,0.0005650062608801882,591,6877337,105
same_asset_target_free_conservative,10.0,0.0,simMed_test.mat,0.0003,tpsscs_finished_detector,0.6590511543907068,0.0012137288467696304,0.0064138784111906905,8346,6877337,105
same_asset_target_free_conservative,10.0,0.0,simMed_test.mat,0.001,low_rank_residual_k30,0.6348799098149865,0.0018844251586887034,0.010628712795687431,12958,6877337,105
same_asset_target_free_conservative,10.0,0.0,simMed_test.mat,0.001,raw,0.21193421477767457,0.00024342275173026146,0.0013896099929755978,1674,6877337,105
same_asset_target_free_conservative,10.0,0.0,simMed_test.mat,0.001,tpsscs_finished_detector,0.7187517899228977,0.0019204885380638677,0.010705068491058747,13206,6877337,105
same_asset_target_free_conservative,10.0,0.0,simMed_test.mat,0.003,low_rank_residual_k30,0.6955290520465752,0.003249664412204036,0.01918055067727502,22346,6877337,105
same_asset_target_free_conservative,10.0,0.0,simMed_test.mat,0.003,raw,0.27226115710582666,0.0005301766263308646,0.0028250313044009406,3646,6877337,105
same_asset_target_free_conservative,10.0,0.0,simMed_test.mat,0.003,tpsscs_finished_detector,0.7685700754250505,0.003281655902985435,0.019256906372646335,22566,6877337,105
same_asset_target_free_conservative,10.0,0.0,simMed_test.mat,0.01,low_rank_residual_k30,0.7560615226764654,0.006786339081300921,0.04115383440735424,46666,6877337,105
same_asset_target_free_conservative,10.0,0.0,simMed_test.mat,0.01,raw,0.36070301889035294,0.0015271243818366577,0.006520477659347036,10502,6877337,105
same_asset_target_free_conservative,10.0,0.0,simMed_test.mat,0.01,tpsscs_finished_detector,0.8193163596384844,0.00681251358804661,0.04121491616528724,46846,6877337,105
same_asset_target_free_conservative,10.0,0.0,simWind_test.mat,1e-05,low_rank_residual_k30,0.39500412794719236,0.0004393437621403459,0.002443494196701283,3021,6877337,105
same_asset_target_free_conservative,10.0,0.0,simWind_test.mat,1e-05,raw,0.07680541719094329,1.1633519577767175e-05,6.109015379446218e-05,80,6877337,105
same_asset_target_free_conservative,10.0,0.0,simWind_test.mat,1e-05,tpsscs_finished_detector,0.5578374825043119,0.0005290667679279614,0.002657584042276969,3638,6877337,105
same_asset_target_free_conservative,10.0,0.0,simWind_test.mat,3e-05,low_rank_residual_k30,0.44028590389300853,0.0005539395017457062,0.0029324169530355096,3809,6877337,105
same_asset_target_free_conservative,10.0,0.0,simWind_test.mat,3e-05,raw,0.08532213978363944,1.4832789406214485e-05,7.636269224307772e-05,102,6877337,105
same_asset_target_free_conservative,10.0,0.0,simWind_test.mat,3e-05,tpsscs_finished_detector,0.5856935164360473,0.0006363912869434674,0.0030698739977090494,4376,6877337,105
same_asset_target_free_conservative,10.0,0.0,simWind_test.mat,0.0001,low_rank_residual_k30,0.5146669373547608,0.000796073936883479,0.004214641297376538,5474,6877337,105
same_asset_target_free_conservative,10.0,0.0,simWind_test.mat,0.0001,raw,0.1356314737309295,4.435237379505854e-05,0.0002900364835366133,305,6877337,105
same_asset_target_free_conservative,10.0,0.0,simWind_test.mat,0.0001,tpsscs_finished_detector,0.6352112334618645,0.0008683457774751371,0.004321534373759277,5971,6877337,105
same_asset_target_free_conservative,10.0,0.0,simWind_test.mat,0.0003,low_rank_residual_k30,0.5595163466673178,0.0010312276611371004,0.006306691506581559,7091,6877337,105
same_asset_target_free_conservative,10.0,0.0,simWind_test.mat,0.0003,raw,0.1810977740054476,9.044882416471023e-05,0.0005037475766688546,622,6877337,105
same_asset_target_free_conservative,10.0,0.0,simWind_test.mat,0.0003,tpsscs_finished_detector,0.6694275262858052,0.0010963737250418717,0.0064135845829642974,7539,6877337,105
same_asset_target_free_conservative,10.0,0.0,simWind_test.mat,0.001,low_rank_residual_k30,0.6273049352666404,0.0017346508383130094,0.013117307516110314,11928,6877337,105
same_asset_target_free_conservative,10.0,0.0,simWind_test.mat,0.001,raw,0.24698450192934282,0.0002531639469931158,0.0012822665587934481,1741,6877337,105
same_asset_target_free_conservative,10.0,0.0,simWind_test.mat,0.001,tpsscs_finished_detector,0.7225925721118106,0.0017910717781608437,0.013208930153009803,12316,6877337,105
same_asset_target_free_conservative,10.0,0.0,simWind_test.mat,0.003,low_rank_residual_k30,0.6813941782610888,0.0030517622606320636,0.02620407415325413,20985,6877337,105
same_asset_target_free_conservative,10.0,0.0,simWind_test.mat,0.003,raw,0.3169162069779237,0.0005879019402014741,0.0025960936426248035,4043,6877337,105
same_asset_target_free_conservative,10.0,0.0,simWind_test.mat,0.003,tpsscs_finished_detector,0.7660825690721336,0.003101348378127662,0.026249885471703874,21326,6877337,105
same_asset_target_free_conservative,10.0,0.0,simWind_test.mat,0.01,low_rank_residual_k30,0.7453734340825409,0.006390551365043908,0.05504993433711022,43944,6877337,105
same_asset_target_free_conservative,10.0,0.0,simWind_test.mat,0.01,raw,0.3987042930048319,0.0015394806227098448,0.0057572194309973585,10587,6877337,105
same_asset_target_free_conservative,10.0,0.0,simWind_test.mat,0.01,tpsscs_finished_detector,0.8185869973642589,0.006434611472799163,0.05509574565555997,44247,6877337,105
same_asset_target_free_conservative,10.0,0.25,combined,1e-05,low_rank_residual_k30,0.4204893445126785,0.0005296526737485884,0.0033749217354122445,7284,13754674,210
same_asset_target_free_conservative,10.0,0.25,combined,1e-05,raw,0.0657531516085371,1.0033906841795108e-05,6.109015379446218e-05,138,13754674,210
same_asset_target_free_conservative,10.0,0.25,combined,1e-05,tpsscs_finished_detector,0.5618297237968743,0.0005993080899874257,0.0034665485698578257,8242,13754674,210
same_asset_target_free_conservative,10.0,0.25,combined,3e-05,low_rank_residual_k30,0.45303542482175946,0.0006186535164987059,0.003726157934120306,8508,13754674,210
same_asset_target_free_conservative,10.0,0.25,combined,3e-05,raw,0.08171806214533062,1.5341757422292066e-05,0.00012212062464699507,211,13754674,210
same_asset_target_free_conservative,10.0,0.25,combined,3e-05,tpsscs_finished_detector,0.5840330595852641,0.0006843825035493351,0.0038177847685658874,9412,13754674,210
same_asset_target_free_conservative,10.0,0.25,combined,0.0001,low_rank_residual_k30,0.5102623905974354,0.0008301025008071062,0.004657697417650383,11416,13754674,210
same_asset_target_free_conservative,10.0,0.25,combined,0.0001,raw,0.12159898094895295,4.0789765138511033e-05,0.00032067922914821487,561,13754674,210
same_asset_target_free_conservative,10.0,0.25,combined,0.0001,tpsscs_finished_detector,0.6234848202391009,0.0008892872434633234,0.004749324252095964,12230,13754674,210
same_asset_target_free_conservative,10.0,0.25,combined,0.0003,low_rank_residual_k30,0.5610536679146784,0.0011016108208633116,0.006337522715819373,15150,13754674,210
same_asset_target_free_conservative,10.0,0.25,combined,0.0003,raw,0.1683596570954903,8.81948571719326e-05,0.0005650062608801882,1213,13754674,210
same_asset_target_free_conservative,10.0,0.25,combined,0.0003,tpsscs_finished_detector,0.664239340338256,0.0011550512859057512,0.0064138784111906905,15885,13754674,210
same_asset_target_free_conservative,10.0,0.25,combined,0.001,low_rank_residual_k30,0.6310924225408134,0.0018095379985008564,0.013117307516110314,24886,13754674,210
same_asset_target_free_conservative,10.0,0.25,combined,0.001,raw,0.2294593583535087,0.00024829334936168863,0.0013896099929755978,3415,13754674,210
same_asset_target_free_conservative,10.0,0.25,combined,0.001,tpsscs_finished_detector,0.7206721810173542,0.0018557801581123557,0.013208930153009803,25522,13754674,210
same_asset_target_free_conservative,10.0,0.25,combined,0.003,low_rank_residual_k30,0.6884616151538321,0.0031507133364180495,0.02620407415325413,43331,13754674,210
same_asset_target_free_conservative,10.0,0.25,combined,0.003,raw,0.2945886820418752,0.0005590392832661693,0.0028250313044009406,7689,13754674,210
same_asset_target_free_conservative,10.0,0.25,combined,0.003,tpsscs_finished_detector,0.7673263222485921,0.003191502140556549,0.026249885471703874,43892,13754674,210
same_asset_target_free_conservative,10.0,0.25,combined,0.01,low_rank_residual_k30,0.7507174783795032,0.006588445223172415,0.05504993433711022,90610,13754674,210
same_asset_target_free_conservative,10.0,0.25,combined,0.01,raw,0.3797036559475925,0.0015333025022732513,0.006520477659347036,21089,13754674,210
same_asset_target_free_conservative,10.0,0.25,combined,0.01,tpsscs_finished_detector,0.8189516785013716,0.0066235625304228865,0.05509574565555997,91093,13754674,210
same_asset_target_free_conservative,10.0,0.25,simMed_test.mat,1e-05,low_rank_residual_k30,0.4459745610781645,0.000619961585356831,0.0033749217354122445,4263,6877337,105
same_asset_target_free_conservative,10.0,0.25,simMed_test.mat,1e-05,raw,0.05470088602613092,8.434294105823042e-06,6.107522941383048e-05,58,6877337,105
same_asset_target_free_conservative,10.0,0.25,simMed_test.mat,1e-05,tpsscs_finished_detector,0.5658219650894367,0.0006695494120468901,0.0034665485698578257,4604,6877337,105
same_asset_target_free_conservative,10.0,0.25,simMed_test.mat,3e-05,low_rank_residual_k30,0.4657849457505103,0.0006833675312517056,0.003726157934120306,4699,6877337,105
same_asset_target_free_conservative,10.0,0.25,simMed_test.mat,3e-05,raw,0.0781139845070218,1.5850725438369646e-05,0.00012212062464699507,109,6877337,105
same_asset_target_free_conservative,10.0,0.25,simMed_test.mat,3e-05,tpsscs_finished_detector,0.582372602734481,0.0007323737201552028,0.0038177847685658874,5036,6877337,105
same_asset_target_free_conservative,10.0,0.25,simMed_test.mat,0.0001,low_rank_residual_k30,0.5058578438401101,0.0008641310647307332,0.004657697417650383,5942,6877337,105
same_asset_target_free_conservative,10.0,0.25,simMed_test.mat,0.0001,raw,0.10756648816697639,3.722715648196352e-05,0.00032067922914821487,256,6877337,105
same_asset_target_free_conservative,10.0,0.25,simMed_test.mat,0.0001,tpsscs_finished_detector,0.6117584070163372,0.0009102287094515099,0.004749324252095964,6259,6877337,105
same_asset_target_free_conservative,10.0,0.25,simMed_test.mat,0.0003,low_rank_residual_k30,0.5625909891620389,0.0011719939805895229,0.006337522715819373,8059,6877337,105
same_asset_target_free_conservative,10.0,0.25,simMed_test.mat,0.0003,raw,0.15562154018553298,8.594089017915495e-05,0.0005650062608801882,591,6877337,105
same_asset_target_free_conservative,10.0,0.25,simMed_test.mat,0.0003,tpsscs_finished_detector,0.6590511543907068,0.0012137288467696304,0.0064138784111906905,8346,6877337,105
same_asset_target_free_conservative,10.0,0.25,simMed_test.mat,0.001,low_rank_residual_k30,0.6348799098149865,0.0018844251586887034,0.010628712795687431,12958,6877337,105
same_asset_target_free_conservative,10.0,0.25,simMed_test.mat,0.001,raw,0.21193421477767457,0.00024342275173026146,0.0013896099929755978,1674,6877337,105
same_asset_target_free_conservative,10.0,0.25,simMed_test.mat,0.001,tpsscs_finished_detector,0.7187517899228977,0.0019204885380638677,0.010705068491058747,13206,6877337,105
same_asset_target_free_conservative,10.0,0.25,simMed_test.mat,0.003,low_rank_residual_k30,0.6955290520465752,0.003249664412204036,0.01918055067727502,22346,6877337,105
same_asset_target_free_conservative,10.0,0.25,simMed_test.mat,0.003,raw,0.27226115710582666,0.0005301766263308646,0.0028250313044009406,3646,6877337,105
same_asset_target_free_conservative,10.0,0.25,simMed_test.mat,0.003,tpsscs_finished_detector,0.7685700754250505,0.003281655902985435,0.019256906372646335,22566,6877337,105
same_asset_target_free_conservative,10.0,0.25,simMed_test.mat,0.01,low_rank_residual_k30,0.7560615226764654,0.006786339081300921,0.04115383440735424,46666,6877337,105
same_asset_target_free_conservative,10.0,0.25,simMed_test.mat,0.01,raw,0.36070301889035294,0.0015271243818366577,0.006520477659347036,10502,6877337,105
same_asset_target_free_conservative,10.0,0.25,simMed_test.mat,0.01,tpsscs_finished_detector,0.8193163596384844,0.00681251358804661,0.04121491616528724,46846,6877337,105
same_asset_target_free_conservative,10.0,0.25,simWind_test.mat,1e-05,low_rank_residual_k30,0.39500412794719236,0.0004393437621403459,0.002443494196701283,3021,6877337,105
same_asset_target_free_conservative,10.0,0.25,simWind_test.mat,1e-05,raw,0.07680541719094329,1.1633519577767175e-05,6.109015379446218e-05,80,6877337,105
same_asset_target_free_conservative,10.0,0.25,simWind_test.mat,1e-05,tpsscs_finished_detector,0.5578374825043119,0.0005290667679279614,0.002657584042276969,3638,6877337,105
same_asset_target_free_conservative,10.0,0.25,simWind_test.mat,3e-05,low_rank_residual_k30,0.44028590389300853,0.0005539395017457062,0.0029324169530355096,3809,6877337,105
same_asset_target_free_conservative,10.0,0.25,simWind_test.mat,3e-05,raw,0.08532213978363944,1.4832789406214485e-05,7.636269224307772e-05,102,6877337,105
same_asset_target_free_conservative,10.0,0.25,simWind_test.mat,3e-05,tpsscs_finished_detector,0.5856935164360473,0.0006363912869434674,0.0030698739977090494,4376,6877337,105
same_asset_target_free_conservative,10.0,0.25,simWind_test.mat,0.0001,low_rank_residual_k30,0.5146669373547608,0.000796073936883479,0.004214641297376538,5474,6877337,105
same_asset_target_free_conservative,10.0,0.25,simWind_test.mat,0.0001,raw,0.1356314737309295,4.435237379505854e-05,0.0002900364835366133,305,6877337,105
same_asset_target_free_conservative,10.0,0.25,simWind_test.mat,0.0001,tpsscs_finished_detector,0.6352112334618645,0.0008683457774751371,0.004321534373759277,5971,6877337,105
same_asset_target_free_conservative,10.0,0.25,simWind_test.mat,0.0003,low_rank_residual_k30,0.5595163466673178,0.0010312276611371004,0.006306691506581559,7091,6877337,105
same_asset_target_free_conservative,10.0,0.25,simWind_test.mat,0.0003,raw,0.1810977740054476,9.044882416471023e-05,0.0005037475766688546,622,6877337,105
same_asset_target_free_conservative,10.0,0.25,simWind_test.mat,0.0003,tpsscs_finished_detector,0.6694275262858052,0.0010963737250418717,0.0064135845829642974,7539,6877337,105
same_asset_target_free_conservative,10.0,0.25,simWind_test.mat,0.001,low_rank_residual_k30,0.6273049352666404,0.0017346508383130094,0.013117307516110314,11928,6877337,105
same_asset_target_free_conservative,10.0,0.25,simWind_test.mat,0.001,raw,0.24698450192934282,0.0002531639469931158,0.0012822665587934481,1741,6877337,105
same_asset_target_free_conservative,10.0,0.25,simWind_test.mat,0.001,tpsscs_finished_detector,0.7225925721118106,0.0017910717781608437,0.013208930153009803,12316,6877337,105
same_asset_target_free_conservative,10.0,0.25,simWind_test.mat,0.003,low_rank_residual_k30,0.6813941782610888,0.0030517622606320636,0.02620407415325413,20985,6877337,105
same_asset_target_free_conservative,10.0,0.25,simWind_test.mat,0.003,raw,0.3169162069779237,0.0005879019402014741,0.0025960936426248035,4043,6877337,105
same_asset_target_free_conservative,10.0,0.25,simWind_test.mat,0.003,tpsscs_finished_detector,0.7660825690721336,0.003101348378127662,0.026249885471703874,21326,6877337,105
same_asset_target_free_conservative,10.0,0.25,simWind_test.mat,0.01,low_rank_residual_k30,0.7453734340825409,0.006390551365043908,0.05504993433711022,43944,6877337,105
same_asset_target_free_conservative,10.0,0.25,simWind_test.mat,0.01,raw,0.3987042930048319,0.0015394806227098448,0.0057572194309973585,10587,6877337,105
same_asset_target_free_conservative,10.0,0.25,simWind_test.mat,0.01,tpsscs_finished_detector,0.8185869973642589,0.006434611472799163,0.05509574565555997,44247,6877337,105
same_asset_target_free_conservative,10.0,1.0,combined,1e-05,low_rank_residual_k30,0.4204893445126785,0.0005296526737485884,0.0033749217354122445,7284,13754674,210
same_asset_target_free_conservative,10.0,1.0,combined,1e-05,raw,0.0657531516085371,1.0033906841795108e-05,6.109015379446218e-05,138,13754674,210
same_asset_target_free_conservative,10.0,1.0,combined,1e-05,tpsscs_finished_detector,0.5617262041281372,0.0005993080899874257,0.0034665485698578257,8242,13754674,210
same_asset_target_free_conservative,10.0,1.0,combined,3e-05,low_rank_residual_k30,0.45303542482175946,0.0006186535164987059,0.003726157934120306,8508,13754674,210
same_asset_target_free_conservative,10.0,1.0,combined,3e-05,raw,0.08171806214533062,1.5341757422292066e-05,0.00012212062464699507,211,13754674,210
same_asset_target_free_conservative,10.0,1.0,combined,3e-05,tpsscs_finished_detector,0.5839295399165271,0.0006843825035493351,0.0038177847685658874,9412,13754674,210
same_asset_target_free_conservative,10.0,1.0,combined,0.0001,low_rank_residual_k30,0.5102623905974354,0.0008301025008071062,0.004657697417650383,11416,13754674,210
same_asset_target_free_conservative,10.0,1.0,combined,0.0001,raw,0.12159898094895295,4.0789765138511033e-05,0.00032067922914821487,561,13754674,210
same_asset_target_free_conservative,10.0,1.0,combined,0.0001,tpsscs_finished_detector,0.6233813005703638,0.0008892872434633234,0.004749324252095964,12230,13754674,210
same_asset_target_free_conservative,10.0,1.0,combined,0.0003,low_rank_residual_k30,0.5610536679146784,0.0011016108208633116,0.006337522715819373,15150,13754674,210
same_asset_target_free_conservative,10.0,1.0,combined,0.0003,raw,0.1683596570954903,8.81948571719326e-05,0.0005650062608801882,1213,13754674,210
same_asset_target_free_conservative,10.0,1.0,combined,0.0003,tpsscs_finished_detector,0.6641358206695189,0.0011550512859057512,0.0064138784111906905,15885,13754674,210
same_asset_target_free_conservative,10.0,1.0,combined,0.001,low_rank_residual_k30,0.6310924225408134,0.0018095379985008564,0.013117307516110314,24886,13754674,210
same_asset_target_free_conservative,10.0,1.0,combined,0.001,raw,0.2294593583535087,0.00024829334936168863,0.0013896099929755978,3415,13754674,210
same_asset_target_free_conservative,10.0,1.0,combined,0.001,tpsscs_finished_detector,0.7206721810173542,0.0018557801581123557,0.013208930153009803,25522,13754674,210
same_asset_target_free_conservative,10.0,1.0,combined,0.003,low_rank_residual_k30,0.6884616151538321,0.0031507133364180495,0.02620407415325413,43331,13754674,210
same_asset_target_free_conservative,10.0,1.0,combined,0.003,raw,0.2945886820418752,0.0005590392832661693,0.0028250313044009406,7689,13754674,210
same_asset_target_free_conservative,10.0,1.0,combined,0.003,tpsscs_finished_detector,0.7673263222485921,0.003191502140556549,0.026249885471703874,43892,13754674,210
same_asset_target_free_conservative,10.0,1.0,combined,0.01,low_rank_residual_k30,0.7507174783795032,0.006588445223172415,0.05504993433711022,90610,13754674,210
same_asset_target_free_conservative,10.0,1.0,combined,0.01,raw,0.3797036559475925,0.0015333025022732513,0.006520477659347036,21089,13754674,210
same_asset_target_free_conservative,10.0,1.0,combined,0.01,tpsscs_finished_detector,0.8189516785013716,0.0066235625304228865,0.05509574565555997,91093,13754674,210
same_asset_target_free_conservative,10.0,1.0,simMed_test.mat,1e-05,low_rank_residual_k30,0.4459745610781645,0.000619961585356831,0.0033749217354122445,4263,6877337,105
same_asset_target_free_conservative,10.0,1.0,simMed_test.mat,1e-05,raw,0.05470088602613092,8.434294105823042e-06,6.107522941383048e-05,58,6877337,105
same_asset_target_free_conservative,10.0,1.0,simMed_test.mat,1e-05,tpsscs_finished_detector,0.5658219650894367,0.0006695494120468901,0.0034665485698578257,4604,6877337,105
same_asset_target_free_conservative,10.0,1.0,simMed_test.mat,3e-05,low_rank_residual_k30,0.4657849457505103,0.0006833675312517056,0.003726157934120306,4699,6877337,105
same_asset_target_free_conservative,10.0,1.0,simMed_test.mat,3e-05,raw,0.0781139845070218,1.5850725438369646e-05,0.00012212062464699507,109,6877337,105
same_asset_target_free_conservative,10.0,1.0,simMed_test.mat,3e-05,tpsscs_finished_detector,0.582372602734481,0.0007323737201552028,0.0038177847685658874,5036,6877337,105
same_asset_target_free_conservative,10.0,1.0,simMed_test.mat,0.0001,low_rank_residual_k30,0.5058578438401101,0.0008641310647307332,0.004657697417650383,5942,6877337,105
same_asset_target_free_conservative,10.0,1.0,simMed_test.mat,0.0001,raw,0.10756648816697639,3.722715648196352e-05,0.00032067922914821487,256,6877337,105
same_asset_target_free_conservative,10.0,1.0,simMed_test.mat,0.0001,tpsscs_finished_detector,0.6117584070163372,0.0009102287094515099,0.004749324252095964,6259,6877337,105
same_asset_target_free_conservative,10.0,1.0,simMed_test.mat,0.0003,low_rank_residual_k30,0.5625909891620389,0.0011719939805895229,0.006337522715819373,8059,6877337,105
same_asset_target_free_conservative,10.0,1.0,simMed_test.mat,0.0003,raw,0.15562154018553298,8.594089017915495e-05,0.0005650062608801882,591,6877337,105
same_asset_target_free_conservative,10.0,1.0,simMed_test.mat,0.0003,tpsscs_finished_detector,0.6590511543907068,0.0012137288467696304,0.0064138784111906905,8346,6877337,105
same_asset_target_free_conservative,10.0,1.0,simMed_test.mat,0.001,low_rank_residual_k30,0.6348799098149865,0.0018844251586887034,0.010628712795687431,12958,6877337,105
same_asset_target_free_conservative,10.0,1.0,simMed_test.mat,0.001,raw,0.21193421477767457,0.00024342275173026146,0.0013896099929755978,1674,6877337,105
same_asset_target_free_conservative,10.0,1.0,simMed_test.mat,0.001,tpsscs_finished_detector,0.7187517899228977,0.0019204885380638677,0.010705068491058747,13206,6877337,105
same_asset_target_free_conservative,10.0,1.0,simMed_test.mat,0.003,low_rank_residual_k30,0.6955290520465752,0.003249664412204036,0.01918055067727502,22346,6877337,105
same_asset_target_free_conservative,10.0,1.0,simMed_test.mat,0.003,raw,0.27226115710582666,0.0005301766263308646,0.0028250313044009406,3646,6877337,105
same_asset_target_free_conservative,10.0,1.0,simMed_test.mat,0.003,tpsscs_finished_detector,0.7685700754250505,0.003281655902985435,0.019256906372646335,22566,6877337,105
same_asset_target_free_conservative,10.0,1.0,simMed_test.mat,0.01,low_rank_residual_k30,0.7560615226764654,0.006786339081300921,0.04115383440735424,46666,6877337,105
same_asset_target_free_conservative,10.0,1.0,simMed_test.mat,0.01,raw,0.36070301889035294,0.0015271243818366577,0.006520477659347036,10502,6877337,105
same_asset_target_free_conservative,10.0,1.0,simMed_test.mat,0.01,tpsscs_finished_detector,0.8193163596384844,0.00681251358804661,0.04121491616528724,46846,6877337,105
same_asset_target_free_conservative,10.0,1.0,simWind_test.mat,1e-05,low_rank_residual_k30,0.39500412794719236,0.0004393437621403459,0.002443494196701283,3021,6877337,105
same_asset_target_free_conservative,10.0,1.0,simWind_test.mat,1e-05,raw,0.07680541719094329,1.1633519577767175e-05,6.109015379446218e-05,80,6877337,105
same_asset_target_free_conservative,10.0,1.0,simWind_test.mat,1e-05,tpsscs_finished_detector,0.5576304431668379,0.0005290667679279614,0.002657584042276969,3638,6877337,105
same_asset_target_free_conservative,10.0,1.0,simWind_test.mat,3e-05,low_rank_residual_k30,0.44028590389300853,0.0005539395017457062,0.0029324169530355096,3809,6877337,105
same_asset_target_free_conservative,10.0,1.0,simWind_test.mat,3e-05,raw,0.08532213978363944,1.4832789406214485e-05,7.636269224307772e-05,102,6877337,105
same_asset_target_free_conservative,10.0,1.0,simWind_test.mat,3e-05,tpsscs_finished_detector,0.5854864770985732,0.0006363912869434674,0.0030698739977090494,4376,6877337,105
same_asset_target_free_conservative,10.0,1.0,simWind_test.mat,0.0001,low_rank_residual_k30,0.5146669373547608,0.000796073936883479,0.004214641297376538,5474,6877337,105
same_asset_target_free_conservative,10.0,1.0,simWind_test.mat,0.0001,raw,0.1356314737309295,4.435237379505854e-05,0.0002900364835366133,305,6877337,105
same_asset_target_free_conservative,10.0,1.0,simWind_test.mat,0.0001,tpsscs_finished_detector,0.6350041941243904,0.0008683457774751371,0.004321534373759277,5971,6877337,105
same_asset_target_free_conservative,10.0,1.0,simWind_test.mat,0.0003,low_rank_residual_k30,0.5595163466673178,0.0010312276611371004,0.006306691506581559,7091,6877337,105
same_asset_target_free_conservative,10.0,1.0,simWind_test.mat,0.0003,raw,0.1810977740054476,9.044882416471023e-05,0.0005037475766688546,622,6877337,105
same_asset_target_free_conservative,10.0,1.0,simWind_test.mat,0.0003,tpsscs_finished_detector,0.6692204869483309,0.0010963737250418717,0.0064135845829642974,7539,6877337,105
same_asset_target_free_conservative,10.0,1.0,simWind_test.mat,0.001,low_rank_residual_k30,0.6273049352666404,0.0017346508383130094,0.013117307516110314,11928,6877337,105
same_asset_target_free_conservative,10.0,1.0,simWind_test.mat,0.001,raw,0.24698450192934282,0.0002531639469931158,0.0012822665587934481,1741,6877337,105
same_asset_target_free_conservative,10.0,1.0,simWind_test.mat,0.001,tpsscs_finished_detector,0.7225925721118106,0.0017910717781608437,0.013208930153009803,12316,6877337,105
same_asset_target_free_conservative,10.0,1.0,simWind_test.mat,0.003,low_rank_residual_k30,0.6813941782610888,0.0030517622606320636,0.02620407415325413,20985,6877337,105
same_asset_target_free_conservative,10.0,1.0,simWind_test.mat,0.003,raw,0.3169162069779237,0.0005879019402014741,0.0025960936426248035,4043,6877337,105
same_asset_target_free_conservative,10.0,1.0,simWind_test.mat,0.003,tpsscs_finished_detector,0.7660825690721336,0.003101348378127662,0.026249885471703874,21326,6877337,105
same_asset_target_free_conservative,10.0,1.0,simWind_test.mat,0.01,low_rank_residual_k30,0.7453734340825409,0.006390551365043908,0.05504993433711022,43944,6877337,105
same_asset_target_free_conservative,10.0,1.0,simWind_test.mat,0.01,raw,0.3987042930048319,0.0015394806227098448,0.0057572194309973585,10587,6877337,105
same_asset_target_free_conservative,10.0,1.0,simWind_test.mat,0.01,tpsscs_finished_detector,0.8185869973642589,0.006434611472799163,0.05509574565555997,44247,6877337,105
same_asset_target_free_conservative,10.0,4.0,combined,1e-05,low_rank_residual_k30,0.4204893445126785,0.0005296526737485884,0.0033749217354122445,7284,13754674,210
same_asset_target_free_conservative,10.0,4.0,combined,1e-05,raw,0.0657531516085371,1.0033906841795108e-05,6.109015379446218e-05,138,13754674,210
same_asset_target_free_conservative,10.0,4.0,combined,1e-05,tpsscs_finished_detector,0.5613192910787189,0.0005989445635877891,0.0034665485698578257,8237,13754674,210
same_asset_target_free_conservative,10.0,4.0,combined,3e-05,low_rank_residual_k30,0.45303542482175946,0.0006186535164987059,0.003726157934120306,8508,13754674,210
same_asset_target_free_conservative,10.0,4.0,combined,3e-05,raw,0.08171806214533062,1.5341757422292066e-05,0.00012212062464699507,211,13754674,210
same_asset_target_free_conservative,10.0,4.0,combined,3e-05,tpsscs_finished_detector,0.5835226268671088,0.0006840189771496983,0.0038177847685658874,9407,13754674,210
same_asset_target_free_conservative,10.0,4.0,combined,0.0001,low_rank_residual_k30,0.5102623905974354,0.0008301025008071062,0.004657697417650383,11416,13754674,210
same_asset_target_free_conservative,10.0,4.0,combined,0.0001,raw,0.12159898094895295,4.0789765138511033e-05,0.00032067922914821487,561,13754674,210
same_asset_target_free_conservative,10.0,4.0,combined,0.0001,tpsscs_finished_detector,0.6230715692507802,0.0008890691076385087,0.004749324252095964,12227,13754674,210
same_asset_target_free_conservative,10.0,4.0,combined,0.0003,low_rank_residual_k30,0.5610536679146784,0.0011016108208633116,0.006337522715819373,15150,13754674,210
same_asset_target_free_conservative,10.0,4.0,combined,0.0003,raw,0.1683596570954903,8.81948571719326e-05,0.0005650062608801882,1213,13754674,210
same_asset_target_free_conservative,10.0,4.0,combined,0.0003,tpsscs_finished_detector,0.6638260893499355,0.0011548331500809363,0.0064138784111906905,15882,13754674,210
same_asset_target_free_conservative,10.0,4.0,combined,0.001,low_rank_residual_k30,0.6310924225408134,0.0018095379985008564,0.013117307516110314,24886,13754674,210
same_asset_target_free_conservative,10.0,4.0,combined,0.001,raw,0.2294593583535087,0.00024829334936168863,0.0013896099929755978,3415,13754674,210
same_asset_target_free_conservative,10.0,4.0,combined,0.001,tpsscs_finished_detector,0.7206721810173542,0.0018556347464397408,0.013208930153009803,25520,13754674,210
same_asset_target_free_conservative,10.0,4.0,combined,0.003,low_rank_residual_k30,0.6884616151538321,0.0031507133364180495,0.02620407415325413,43331,13754674,210
same_asset_target_free_conservative,10.0,4.0,combined,0.003,raw,0.2945886820418752,0.0005590392832661693,0.0028250313044009406,7689,13754674,210
same_asset_target_free_conservative,10.0,4.0,combined,0.003,tpsscs_finished_detector,0.7673263222485921,0.0031913567288839343,0.026249885471703874,43890,13754674,210
same_asset_target_free_conservative,10.0,4.0,combined,0.01,low_rank_residual_k30,0.7507174783795032,0.006588445223172415,0.05504993433711022,90610,13754674,210
same_asset_target_free_conservative,10.0,4.0,combined,0.01,raw,0.3797036559475925,0.0015333025022732513,0.006520477659347036,21089,13754674,210
same_asset_target_free_conservative,10.0,4.0,combined,0.01,tpsscs_finished_detector,0.8189516785013716,0.006623417118750271,0.05509574565555997,91091,13754674,210
same_asset_target_free_conservative,10.0,4.0,simMed_test.mat,1e-05,low_rank_residual_k30,0.4459745610781645,0.000619961585356831,0.0033749217354122445,4263,6877337,105
same_asset_target_free_conservative,10.0,4.0,simMed_test.mat,1e-05,raw,0.05470088602613092,8.434294105823042e-06,6.107522941383048e-05,58,6877337,105
same_asset_target_free_conservative,10.0,4.0,simMed_test.mat,1e-05,tpsscs_finished_detector,0.5655498562458993,0.0006691131848096347,0.0034665485698578257,4601,6877337,105
same_asset_target_free_conservative,10.0,4.0,simMed_test.mat,3e-05,low_rank_residual_k30,0.4657849457505103,0.0006833675312517056,0.003726157934120306,4699,6877337,105
same_asset_target_free_conservative,10.0,4.0,simMed_test.mat,3e-05,raw,0.0781139845070218,1.5850725438369646e-05,0.00012212062464699507,109,6877337,105
same_asset_target_free_conservative,10.0,4.0,simMed_test.mat,3e-05,tpsscs_finished_detector,0.5821004938909436,0.0007319374929179473,0.0038177847685658874,5033,6877337,105
same_asset_target_free_conservative,10.0,4.0,simMed_test.mat,0.0001,low_rank_residual_k30,0.5058578438401101,0.0008641310647307332,0.004657697417650383,5942,6877337,105
same_asset_target_free_conservative,10.0,4.0,simMed_test.mat,0.0001,raw,0.10756648816697639,3.722715648196352e-05,0.00032067922914821487,256,6877337,105
same_asset_target_free_conservative,10.0,4.0,simMed_test.mat,0.0001,tpsscs_finished_detector,0.6114862981727998,0.0009099378861062805,0.004749324252095964,6257,6877337,105
same_asset_target_free_conservative,10.0,4.0,simMed_test.mat,0.0003,low_rank_residual_k30,0.5625909891620389,0.0011719939805895229,0.006337522715819373,8059,6877337,105
same_asset_target_free_conservative,10.0,4.0,simMed_test.mat,0.0003,raw,0.15562154018553298,8.594089017915495e-05,0.0005650062608801882,591,6877337,105
same_asset_target_free_conservative,10.0,4.0,simMed_test.mat,0.0003,tpsscs_finished_detector,0.6587790455471695,0.0012134380234244012,0.0064138784111906905,8344,6877337,105
same_asset_target_free_conservative,10.0,4.0,simMed_test.mat,0.001,low_rank_residual_k30,0.6348799098149865,0.0018844251586887034,0.010628712795687431,12958,6877337,105
same_asset_target_free_conservative,10.0,4.0,simMed_test.mat,0.001,raw,0.21193421477767457,0.00024342275173026146,0.0013896099929755978,1674,6877337,105
same_asset_target_free_conservative,10.0,4.0,simMed_test.mat,0.001,tpsscs_finished_detector,0.7187517899228977,0.0019201977147186382,0.010705068491058747,13204,6877337,105
same_asset_target_free_conservative,10.0,4.0,simMed_test.mat,0.003,low_rank_residual_k30,0.6955290520465752,0.003249664412204036,0.01918055067727502,22346,6877337,105
same_asset_target_free_conservative,10.0,4.0,simMed_test.mat,0.003,raw,0.27226115710582666,0.0005301766263308646,0.0028250313044009406,3646,6877337,105
same_asset_target_free_conservative,10.0,4.0,simMed_test.mat,0.003,tpsscs_finished_detector,0.7685700754250505,0.0032813650796402064,0.019256906372646335,22564,6877337,105
same_asset_target_free_conservative,10.0,4.0,simMed_test.mat,0.01,low_rank_residual_k30,0.7560615226764654,0.006786339081300921,0.04115383440735424,46666,6877337,105
same_asset_target_free_conservative,10.0,4.0,simMed_test.mat,0.01,raw,0.36070301889035294,0.0015271243818366577,0.006520477659347036,10502,6877337,105
same_asset_target_free_conservative,10.0,4.0,simMed_test.mat,0.01,tpsscs_finished_detector,0.8193163596384844,0.006812222764701379,0.04121491616528724,46844,6877337,105
same_asset_target_free_conservative,10.0,4.0,simWind_test.mat,1e-05,low_rank_residual_k30,0.39500412794719236,0.0004393437621403459,0.002443494196701283,3021,6877337,105
same_asset_target_free_conservative,10.0,4.0,simWind_test.mat,1e-05,raw,0.07680541719094329,1.1633519577767175e-05,6.109015379446218e-05,80,6877337,105
same_asset_target_free_conservative,10.0,4.0,simWind_test.mat,1e-05,tpsscs_finished_detector,0.5570887259115386,0.0005287759423659434,0.002657584042276969,3636,6877337,105
same_asset_target_free_conservative,10.0,4.0,simWind_test.mat,3e-05,low_rank_residual_k30,0.44028590389300853,0.0005539395017457062,0.0029324169530355096,3809,6877337,105
same_asset_target_free_conservative,10.0,4.0,simWind_test.mat,3e-05,raw,0.08532213978363944,1.4832789406214485e-05,7.636269224307772e-05,102,6877337,105
same_asset_target_free_conservative,10.0,4.0,simWind_test.mat,3e-05,tpsscs_finished_detector,0.5849447598432739,0.0006361004613814494,0.0030698739977090494,4374,6877337,105
same_asset_target_free_conservative,10.0,4.0,simWind_test.mat,0.0001,low_rank_residual_k30,0.5146669373547608,0.000796073936883479,0.004214641297376538,5474,6877337,105
same_asset_target_free_conservative,10.0,4.0,simWind_test.mat,0.0001,raw,0.1356314737309295,4.435237379505854e-05,0.0002900364835366133,305,6877337,105
same_asset_target_free_conservative,10.0,4.0,simWind_test.mat,0.0001,tpsscs_finished_detector,0.6346568403287606,0.0008682003291707369,0.004321534373759277,5970,6877337,105
same_asset_target_free_conservative,10.0,4.0,simWind_test.mat,0.0003,low_rank_residual_k30,0.5595163466673178,0.0010312276611371004,0.006306691506581559,7091,6877337,105
same_asset_target_free_conservative,10.0,4.0,simWind_test.mat,0.0003,raw,0.1810977740054476,9.044882416471023e-05,0.0005037475766688546,622,6877337,105
same_asset_target_free_conservative,10.0,4.0,simWind_test.mat,0.0003,tpsscs_finished_detector,0.6688731331527014,0.0010962282767374716,0.0064135845829642974,7538,6877337,105
same_asset_target_free_conservative,10.0,4.0,simWind_test.mat,0.001,low_rank_residual_k30,0.6273049352666404,0.0017346508383130094,0.013117307516110314,11928,6877337,105
same_asset_target_free_conservative,10.0,4.0,simWind_test.mat,0.001,raw,0.24698450192934282,0.0002531639469931158,0.0012822665587934481,1741,6877337,105
same_asset_target_free_conservative,10.0,4.0,simWind_test.mat,0.001,tpsscs_finished_detector,0.7225925721118106,0.0017910717781608437,0.013208930153009803,12316,6877337,105
same_asset_target_free_conservative,10.0,4.0,simWind_test.mat,0.003,low_rank_residual_k30,0.6813941782610888,0.0030517622606320636,0.02620407415325413,20985,6877337,105
same_asset_target_free_conservative,10.0,4.0,simWind_test.mat,0.003,raw,0.3169162069779237,0.0005879019402014741,0.0025960936426248035,4043,6877337,105
same_asset_target_free_conservative,10.0,4.0,simWind_test.mat,0.003,tpsscs_finished_detector,0.7660825690721336,0.003101348378127662,0.026249885471703874,21326,6877337,105
same_asset_target_free_conservative,10.0,4.0,simWind_test.mat,0.01,low_rank_residual_k30,0.7453734340825409,0.006390551365043908,0.05504993433711022,43944,6877337,105
same_asset_target_free_conservative,10.0,4.0,simWind_test.mat,0.01,raw,0.3987042930048319,0.0015394806227098448,0.0057572194309973585,10587,6877337,105
same_asset_target_free_conservative,10.0,4.0,simWind_test.mat,0.01,tpsscs_finished_detector,0.8185869973642589,0.006434611472799163,0.05509574565555997,44247,6877337,105
same_asset_target_free_conservative,10.0,16.0,combined,1e-05,low_rank_residual_k30,0.4204893445126785,0.0005296526737485884,0.0033749217354122445,7284,13754674,210
same_asset_target_free_conservative,10.0,16.0,combined,1e-05,raw,0.0657531516085371,1.0033906841795108e-05,6.109015379446218e-05,138,13754674,210
same_asset_target_free_conservative,10.0,16.0,combined,1e-05,tpsscs_finished_detector,0.5576374103973175,0.0005963998022128337,0.0034665485698578257,8202,13754674,210
same_asset_target_free_conservative,10.0,16.0,combined,3e-05,low_rank_residual_k30,0.45303542482175946,0.0006186535164987059,0.003726157934120306,8508,13754674,210
same_asset_target_free_conservative,10.0,16.0,combined,3e-05,raw,0.08171806214533062,1.5341757422292066e-05,0.00012212062464699507,211,13754674,210
same_asset_target_free_conservative,10.0,16.0,combined,3e-05,tpsscs_finished_detector,0.5802574886237263,0.0006816196352166938,0.0038177847685658874,9374,13754674,210
same_asset_target_free_conservative,10.0,16.0,combined,0.0001,low_rank_residual_k30,0.5102623905974354,0.0008301025008071062,0.004657697417650383,11416,13754674,210
same_asset_target_free_conservative,10.0,16.0,combined,0.0001,raw,0.12159898094895295,4.0789765138511033e-05,0.00032067922914821487,561,13754674,210
same_asset_target_free_conservative,10.0,16.0,combined,0.0001,tpsscs_finished_detector,0.6204369521120568,0.0008869606012605958,0.004749324252095964,12198,13754674,210
same_asset_target_free_conservative,10.0,16.0,combined,0.0003,low_rank_residual_k30,0.5610536679146784,0.0011016108208633116,0.006337522715819373,15150,13754674,210
same_asset_target_free_conservative,10.0,16.0,combined,0.0003,raw,0.1683596570954903,8.81948571719326e-05,0.0005650062608801882,1213,13754674,210
same_asset_target_free_conservative,10.0,16.0,combined,0.0003,tpsscs_finished_detector,0.6616574220320006,0.0011529427606463923,0.0064138784111906905,15856,13754674,210
same_asset_target_free_conservative,10.0,16.0,combined,0.001,low_rank_residual_k30,0.6310924225408134,0.0018095379985008564,0.013117307516110314,24886,13754674,210
same_asset_target_free_conservative,10.0,16.0,combined,0.001,raw,0.2294593583535087,0.00024829334936168863,0.0013896099929755978,3415,13754674,210
same_asset_target_free_conservative,10.0,16.0,combined,0.001,tpsscs_finished_detector,0.7188943479992409,0.0018538170611712183,0.013208930153009803,25495,13754674,210
same_asset_target_free_conservative,10.0,16.0,combined,0.003,low_rank_residual_k30,0.6884616151538321,0.0031507133364180495,0.02620407415325413,43331,13754674,210
same_asset_target_free_conservative,10.0,16.0,combined,0.003,raw,0.2945886820418752,0.0005590392832661693,0.0028250313044009406,7689,13754674,210
same_asset_target_free_conservative,10.0,16.0,combined,0.003,tpsscs_finished_detector,0.765707219389209,0.0031898298969228415,0.026249885471703874,43869,13754674,210
same_asset_target_free_conservative,10.0,16.0,combined,0.01,low_rank_residual_k30,0.7507174783795032,0.006588445223172415,0.05504993433711022,90610,13754674,210
same_asset_target_free_conservative,10.0,16.0,combined,0.01,raw,0.3797036559475925,0.0015333025022732513,0.006520477659347036,21089,13754674,210
same_asset_target_free_conservative,10.0,16.0,combined,0.01,tpsscs_finished_detector,0.8176041805802601,0.006622035668487355,0.05509574565555997,91072,13754674,210
same_asset_target_free_conservative,10.0,16.0,simMed_test.mat,1e-05,low_rank_residual_k30,0.4459745610781645,0.000619961585356831,0.0033749217354122445,4263,6877337,105
same_asset_target_free_conservative,10.0,16.0,simMed_test.mat,1e-05,raw,0.05470088602613092,8.434294105823042e-06,6.107522941383048e-05,58,6877337,105
same_asset_target_free_conservative,10.0,16.0,simMed_test.mat,1e-05,tpsscs_finished_detector,0.5633976919327442,0.0006676591724785006,0.0034665485698578257,4591,6877337,105
same_asset_target_free_conservative,10.0,16.0,simMed_test.mat,3e-05,low_rank_residual_k30,0.4657849457505103,0.0006833675312517056,0.003726157934120306,4699,6877337,105
same_asset_target_free_conservative,10.0,16.0,simMed_test.mat,3e-05,raw,0.0781139845070218,1.5850725438369646e-05,0.00012212062464699507,109,6877337,105
same_asset_target_free_conservative,10.0,16.0,simMed_test.mat,3e-05,tpsscs_finished_detector,0.5803146299440889,0.0007304834805868133,0.0038177847685658874,5023,6877337,105
same_asset_target_free_conservative,10.0,16.0,simMed_test.mat,0.0001,low_rank_residual_k30,0.5058578438401101,0.0008641310647307332,0.004657697417650383,5942,6877337,105
same_asset_target_free_conservative,10.0,16.0,simMed_test.mat,0.0001,raw,0.10756648816697639,3.722715648196352e-05,0.00032067922914821487,256,6877337,105
same_asset_target_free_conservative,10.0,16.0,simMed_test.mat,0.0001,tpsscs_finished_detector,0.6097004342259451,0.0009086292576904514,0.004749324252095964,6248,6877337,105
same_asset_target_free_conservative,10.0,16.0,simMed_test.mat,0.0003,low_rank_residual_k30,0.5625909891620389,0.0011719939805895229,0.006337522715819373,8059,6877337,105
same_asset_target_free_conservative,10.0,16.0,simMed_test.mat,0.0003,raw,0.15562154018553298,8.594089017915495e-05,0.0005650062608801882,591,6877337,105
same_asset_target_free_conservative,10.0,16.0,simMed_test.mat,0.0003,tpsscs_finished_detector,0.6569931816003147,0.0012122748122214623,0.0064138784111906905,8336,6877337,105
same_asset_target_free_conservative,10.0,16.0,simMed_test.mat,0.001,low_rank_residual_k30,0.6348799098149865,0.0018844251586887034,0.010628712795687431,12958,6877337,105
same_asset_target_free_conservative,10.0,16.0,simMed_test.mat,0.001,raw,0.21193421477767457,0.00024342275173026146,0.0013896099929755978,1674,6877337,105
same_asset_target_free_conservative,10.0,16.0,simMed_test.mat,0.001,tpsscs_finished_detector,0.7169659259760431,0.0019191799118477423,0.010705068491058747,13197,6877337,105
same_asset_target_free_conservative,10.0,16.0,simMed_test.mat,0.003,low_rank_residual_k30,0.6955290520465752,0.003249664412204036,0.01918055067727502,22346,6877337,105
same_asset_target_free_conservative,10.0,16.0,simMed_test.mat,0.003,raw,0.27226115710582666,0.0005301766263308646,0.0028250313044009406,3646,6877337,105
same_asset_target_free_conservative,10.0,16.0,simMed_test.mat,0.003,tpsscs_finished_detector,0.7671016717956561,0.00328034727676931,0.019256906372646335,22557,6877337,105
same_asset_target_free_conservative,10.0,16.0,simMed_test.mat,0.01,low_rank_residual_k30,0.7560615226764654,0.006786339081300921,0.04115383440735424,46666,6877337,105
same_asset_target_free_conservative,10.0,16.0,simMed_test.mat,0.01,raw,0.36070301889035294,0.0015271243818366577,0.006520477659347036,10502,6877337,105
same_asset_target_free_conservative,10.0,16.0,simMed_test.mat,0.01,tpsscs_finished_detector,0.8180384321995662,0.006811495725226837,0.04121491616528724,46839,6877337,105
same_asset_target_free_conservative,10.0,16.0,simWind_test.mat,1e-05,low_rank_residual_k30,0.39500412794719236,0.0004393437621403459,0.002443494196701283,3021,6877337,105
same_asset_target_free_conservative,10.0,16.0,simWind_test.mat,1e-05,raw,0.07680541719094329,1.1633519577767175e-05,6.109015379446218e-05,80,6877337,105
same_asset_target_free_conservative,10.0,16.0,simWind_test.mat,1e-05,tpsscs_finished_detector,0.5518771288618908,0.0005251404319471668,0.0026572999389126452,3611,6877337,105
same_asset_target_free_conservative,10.0,16.0,simWind_test.mat,3e-05,low_rank_residual_k30,0.44028590389300853,0.0005539395017457062,0.0029324169530355096,3809,6877337,105
same_asset_target_free_conservative,10.0,16.0,simWind_test.mat,3e-05,raw,0.08532213978363944,1.4832789406214485e-05,7.636269224307772e-05,102,6877337,105
same_asset_target_free_conservative,10.0,16.0,simWind_test.mat,3e-05,tpsscs_finished_detector,0.5802003473033637,0.0006327557898465744,0.0030546009927453228,4351,6877337,105
same_asset_target_free_conservative,10.0,16.0,simWind_test.mat,0.0001,low_rank_residual_k30,0.5146669373547608,0.000796073936883479,0.004214641297376538,5474,6877337,105
same_asset_target_free_conservative,10.0,16.0,simWind_test.mat,0.0001,raw,0.1356314737309295,4.435237379505854e-05,0.0002900364835366133,305,6877337,105
same_asset_target_free_conservative,10.0,16.0,simWind_test.mat,0.0001,tpsscs_finished_detector,0.6311734699981686,0.0008652919448307401,0.004321534373759277,5950,6877337,105
same_asset_target_free_conservative,10.0,16.0,simWind_test.mat,0.0003,low_rank_residual_k30,0.5595163466673178,0.0010312276611371004,0.006306691506581559,7091,6877337,105
same_asset_target_free_conservative,10.0,16.0,simWind_test.mat,0.0003,raw,0.1810977740054476,9.044882416471023e-05,0.0005037475766688546,622,6877337,105
same_asset_target_free_conservative,10.0,16.0,simWind_test.mat,0.0003,tpsscs_finished_detector,0.6663216624636863,0.0010936107090713223,0.0064135845829642974,7520,6877337,105
same_asset_target_free_conservative,10.0,16.0,simWind_test.mat,0.001,low_rank_residual_k30,0.6273049352666404,0.0017346508383130094,0.013117307516110314,11928,6877337,105
same_asset_target_free_conservative,10.0,16.0,simWind_test.mat,0.001,raw,0.24698450192934282,0.0002531639469931158,0.0012822665587934481,1741,6877337,105
same_asset_target_free_conservative,10.0,16.0,simWind_test.mat,0.001,tpsscs_finished_detector,0.7208227700224389,0.0017884542104946947,0.013208930153009803,12298,6877337,105
same_asset_target_free_conservative,10.0,16.0,simWind_test.mat,0.003,low_rank_residual_k30,0.6813941782610888,0.0030517622606320636,0.02620407415325413,20985,6877337,105
same_asset_target_free_conservative,10.0,16.0,simWind_test.mat,0.003,raw,0.3169162069779237,0.0005879019402014741,0.0025960936426248035,4043,6877337,105
same_asset_target_free_conservative,10.0,16.0,simWind_test.mat,0.003,tpsscs_finished_detector,0.7643127669827618,0.003099312517076373,0.026249885471703874,21312,6877337,105
same_asset_target_free_conservative,10.0,16.0,simWind_test.mat,0.01,low_rank_residual_k30,0.7453734340825409,0.006390551365043908,0.05504993433711022,43944,6877337,105
same_asset_target_free_conservative,10.0,16.0,simWind_test.mat,0.01,raw,0.3987042930048319,0.0015394806227098448,0.0057572194309973585,10587,6877337,105
same_asset_target_free_conservative,10.0,16.0,simWind_test.mat,0.01,tpsscs_finished_detector,0.817169928960954,0.006432575611747873,0.05509574565555997,44233,6877337,105
same_asset_target_free_conservative,10.0,64.0,combined,1e-05,low_rank_residual_k30,0.4204893445126785,0.0005296526737485884,0.0033749217354122445,7284,13754674,210
same_asset_target_free_conservative,10.0,64.0,combined,1e-05,raw,0.0657531516085371,1.0033906841795108e-05,6.109015379446218e-05,138,13754674,210
same_asset_target_free_conservative,10.0,64.0,combined,1e-05,tpsscs_finished_detector,0.5496773028531325,0.000586366203945596,0.003451277430783562,8064,13754674,210
same_asset_target_free_conservative,10.0,64.0,combined,3e-05,low_rank_residual_k30,0.45303542482175946,0.0006186535164987059,0.003726157934120306,8508,13754674,210
same_asset_target_free_conservative,10.0,64.0,combined,3e-05,raw,0.08171806214533062,1.5341757422292066e-05,0.00012212062464699507,211,13754674,210
same_asset_target_free_conservative,10.0,64.0,combined,3e-05,tpsscs_finished_detector,0.573598428710357,0.0006722404621734985,0.0038025136294916237,9245,13754674,210
same_asset_target_free_conservative,10.0,64.0,combined,0.0001,low_rank_residual_k30,0.5102623905974354,0.0008301025008071062,0.004657697417650383,11416,13754674,210
same_asset_target_free_conservative,10.0,64.0,combined,0.0001,raw,0.12159898094895295,4.0789765138511033e-05,0.00032067922914821487,561,13754674,210
same_asset_target_free_conservative,10.0,64.0,combined,0.0001,tpsscs_finished_detector,0.6148142530083403,0.0008784540158911712,0.0047340531130217,12081,13754674,210
same_asset_target_free_conservative,10.0,64.0,combined,0.0003,low_rank_residual_k30,0.5610536679146784,0.0011016108208633116,0.006337522715819373,15150,13754674,210
same_asset_target_free_conservative,10.0,64.0,combined,0.0003,raw,0.1683596570954903,8.81948571719326e-05,0.0005650062608801882,1213,13754674,210
same_asset_target_free_conservative,10.0,64.0,combined,0.0003,tpsscs_finished_detector,0.6565506858929474,0.0011454542112647327,0.006398607272116427,15753,13754674,210
same_asset_target_free_conservative,10.0,64.0,combined,0.001,low_rank_residual_k30,0.6310924225408134,0.0018095379985008564,0.013117307516110314,24886,13754674,210
same_asset_target_free_conservative,10.0,64.0,combined,0.001,raw,0.2294593583535087,0.00024829334936168863,0.0013896099929755978,3415,13754674,210
same_asset_target_free_conservative,10.0,64.0,combined,0.001,tpsscs_finished_detector,0.7142893835548324,0.0018472737558930807,0.013193659713526555,25405,13754674,210
same_asset_target_free_conservative,10.0,64.0,combined,0.003,low_rank_residual_k30,0.6884616151538321,0.0031507133364180495,0.02620407415325413,43331,13754674,210
same_asset_target_free_conservative,10.0,64.0,combined,0.003,raw,0.2945886820418752,0.0005590392832661693,0.0028250313044009406,7689,13754674,210
same_asset_target_free_conservative,10.0,64.0,combined,0.003,tpsscs_finished_detector,0.7617185292416593,0.003184304534363024,0.02623461503222063,43793,13754674,210
same_asset_target_free_conservative,10.0,64.0,combined,0.01,low_rank_residual_k30,0.7507174783795032,0.006588445223172415,0.05504993433711022,90610,13754674,210
same_asset_target_free_conservative,10.0,64.0,combined,0.01,raw,0.3797036559475925,0.0015333025022732513,0.006520477659347036,21089,13754674,210
same_asset_target_free_conservative,10.0,64.0,combined,0.01,tpsscs_finished_detector,0.8139309157481357,0.006616873868960487,0.055080475216076716,91001,13754674,210
same_asset_target_free_conservative,10.0,64.0,simMed_test.mat,1e-05,low_rank_residual_k30,0.4459745610781645,0.000619961585356831,0.0033749217354122445,4263,6877337,105
same_asset_target_free_conservative,10.0,64.0,simMed_test.mat,1e-05,raw,0.05470088602613092,8.434294105823042e-06,6.107522941383048e-05,58,6877337,105
same_asset_target_free_conservative,10.0,64.0,simMed_test.mat,1e-05,tpsscs_finished_detector,0.5560730802855769,0.0006621331072282781,0.003451277430783562,4553,6877337,105
same_asset_target_free_conservative,10.0,64.0,simMed_test.mat,3e-05,low_rank_residual_k30,0.4657849457505103,0.0006833675312517056,0.003726157934120306,4699,6877337,105
same_asset_target_free_conservative,10.0,64.0,simMed_test.mat,3e-05,raw,0.0781139845070218,1.5850725438369646e-05,0.00012212062464699507,109,6877337,105
same_asset_target_free_conservative,10.0,64.0,simMed_test.mat,3e-05,tpsscs_finished_detector,0.5731514387973251,0.0007249574153365907,0.0038025136294916237,4985,6877337,105
same_asset_target_free_conservative,10.0,64.0,simMed_test.mat,0.0001,low_rank_residual_k30,0.5058578438401101,0.0008641310647307332,0.004657697417650383,5942,6877337,105
same_asset_target_free_conservative,10.0,64.0,simMed_test.mat,0.0001,raw,0.10756648816697639,3.722715648196352e-05,0.00032067922914821487,256,6877337,105
same_asset_target_free_conservative,10.0,64.0,simMed_test.mat,0.0001,tpsscs_finished_detector,0.6036415438853454,0.0009033941090422286,0.0047340531130217,6212,6877337,105
same_asset_target_free_conservative,10.0,64.0,simMed_test.mat,0.0003,low_rank_residual_k30,0.5625909891620389,0.0011719939805895229,0.006337522715819373,8059,6877337,105
same_asset_target_free_conservative,10.0,64.0,simMed_test.mat,0.0003,raw,0.15562154018553298,8.594089017915495e-05,0.0005650062608801882,591,6877337,105
same_asset_target_free_conservative,10.0,64.0,simMed_test.mat,0.0003,tpsscs_finished_detector,0.6511557752021293,0.0012079123045479947,0.006398607272116427,8306,6877337,105
same_asset_target_free_conservative,10.0,64.0,simMed_test.mat,0.001,low_rank_residual_k30,0.6348799098149865,0.0018844251586887034,0.010628712795687431,12958,6877337,105
same_asset_target_free_conservative,10.0,64.0,simMed_test.mat,0.001,raw,0.21193421477767457,0.00024342275173026146,0.0013896099929755978,1674,6877337,105
same_asset_target_free_conservative,10.0,64.0,simMed_test.mat,0.001,tpsscs_finished_detector,0.711663422804685,0.0019151082408242332,0.010689797351984484,13169,6877337,105
same_asset_target_free_conservative,10.0,64.0,simMed_test.mat,0.003,low_rank_residual_k30,0.6955290520465752,0.003249664412204036,0.01918055067727502,22346,6877337,105
same_asset_target_free_conservative,10.0,64.0,simMed_test.mat,0.003,raw,0.27226115710582666,0.0005301766263308646,0.0028250313044009406,3646,6877337,105
same_asset_target_free_conservative,10.0,64.0,simMed_test.mat,0.003,tpsscs_finished_detector,0.7626789835319486,0.0032770027406765446,0.01924163523357207,22534,6877337,105
same_asset_target_free_conservative,10.0,64.0,simMed_test.mat,0.01,low_rank_residual_k30,0.7560615226764654,0.006786339081300921,0.04115383440735424,46666,6877337,105
same_asset_target_free_conservative,10.0,64.0,simMed_test.mat,0.01,raw,0.36070301889035294,0.0015271243818366577,0.006520477659347036,10502,6877337,105
same_asset_target_free_conservative,10.0,64.0,simMed_test.mat,0.01,tpsscs_finished_detector,0.8136157439358587,0.006808587494090172,0.04121491616528724,46819,6877337,105
same_asset_target_free_conservative,10.0,64.0,simWind_test.mat,1e-05,low_rank_residual_k30,0.39500412794719236,0.0004393437621403459,0.002443494196701283,3021,6877337,105
same_asset_target_free_conservative,10.0,64.0,simWind_test.mat,1e-05,raw,0.07680541719094329,1.1633519577767175e-05,6.109015379446218e-05,80,6877337,105
same_asset_target_free_conservative,10.0,64.0,simWind_test.mat,1e-05,tpsscs_finished_detector,0.5432815254206882,0.0005105993006629139,0.002626756261453879,3511,6877337,105
same_asset_target_free_conservative,10.0,64.0,simWind_test.mat,3e-05,low_rank_residual_k30,0.44028590389300853,0.0005539395017457062,0.0029324169530355096,3809,6877337,105
same_asset_target_free_conservative,10.0,64.0,simWind_test.mat,3e-05,raw,0.08532213978363944,1.4832789406214485e-05,7.636269224307772e-05,102,6877337,105
same_asset_target_free_conservative,10.0,64.0,simWind_test.mat,3e-05,tpsscs_finished_detector,0.574045418623389,0.0006195235090104066,0.003039327987781596,4260,6877337,105
same_asset_target_free_conservative,10.0,64.0,simWind_test.mat,0.0001,low_rank_residual_k30,0.5146669373547608,0.000796073936883479,0.004214641297376538,5474,6877337,105
same_asset_target_free_conservative,10.0,64.0,simWind_test.mat,0.0001,raw,0.1356314737309295,4.435237379505854e-05,0.0002900364835366133,305,6877337,105
same_asset_target_free_conservative,10.0,64.0,simWind_test.mat,0.0001,tpsscs_finished_detector,0.6259869621313351,0.0008535139227401138,0.00429099349479278,5869,6877337,105
same_asset_target_free_conservative,10.0,64.0,simWind_test.mat,0.0003,low_rank_residual_k30,0.5595163466673178,0.0010312276611371004,0.006306691506581559,7091,6877337,105
same_asset_target_free_conservative,10.0,64.0,simWind_test.mat,0.0003,raw,0.1810977740054476,9.044882416471023e-05,0.0005037475766688546,622,6877337,105
same_asset_target_free_conservative,10.0,64.0,simWind_test.mat,0.0003,tpsscs_finished_detector,0.6619455965837654,0.0010829961179814709,0.006383043703997801,7447,6877337,105
same_asset_target_free_conservative,10.0,64.0,simWind_test.mat,0.001,low_rank_residual_k30,0.6273049352666404,0.0017346508383130094,0.013117307516110314,11928,6877337,105
same_asset_target_free_conservative,10.0,64.0,simWind_test.mat,0.001,raw,0.24698450192934282,0.0002531639469931158,0.0012822665587934481,1741,6877337,105
same_asset_target_free_conservative,10.0,64.0,simWind_test.mat,0.001,tpsscs_finished_detector,0.7169153443049799,0.0017794392709619287,0.013193659713526555,12236,6877337,105
same_asset_target_free_conservative,10.0,64.0,simWind_test.mat,0.003,low_rank_residual_k30,0.6813941782610888,0.0030517622606320636,0.02620407415325413,20985,6877337,105
same_asset_target_free_conservative,10.0,64.0,simWind_test.mat,0.003,raw,0.3169162069779237,0.0005879019402014741,0.0025960936426248035,4043,6877337,105
same_asset_target_free_conservative,10.0,64.0,simWind_test.mat,0.003,tpsscs_finished_detector,0.7607580749513699,0.003091606328049503,0.02623461503222063,21259,6877337,105
same_asset_target_free_conservative,10.0,64.0,simWind_test.mat,0.01,low_rank_residual_k30,0.7453734340825409,0.006390551365043908,0.05504993433711022,43944,6877337,105
same_asset_target_free_conservative,10.0,64.0,simWind_test.mat,0.01,raw,0.3987042930048319,0.0015394806227098448,0.0057572194309973585,10587,6877337,105
same_asset_target_free_conservative,10.0,64.0,simWind_test.mat,0.01,tpsscs_finished_detector,0.8142460875604127,0.0064251602438308,0.055080475216076716,44182,6877337,105
same_asset_target_free_conservative,10.0,256.0,combined,1e-05,low_rank_residual_k30,0.4204893445126785,0.0005296526737485884,0.0033749217354122445,7284,13754674,210
same_asset_target_free_conservative,10.0,256.0,combined,1e-05,raw,0.0657531516085371,1.0033906841795108e-05,6.109015379446218e-05,138,13754674,210
same_asset_target_free_conservative,10.0,256.0,combined,1e-05,tpsscs_finished_detector,0.5206814669996523,0.0005640445431335038,0.0034360062917092988,7757,13754674,210
same_asset_target_free_conservative,10.0,256.0,combined,3e-05,low_rank_residual_k30,0.45303542482175946,0.0006186535164987059,0.003726157934120306,8508,13754674,210
same_asset_target_free_conservative,10.0,256.0,combined,3e-05,raw,0.08171806214533062,1.5341757422292066e-05,0.00012212062464699507,211,13754674,210
same_asset_target_free_conservative,10.0,256.0,combined,3e-05,tpsscs_finished_detector,0.5466016263175663,0.0006510094093903582,0.00378724249041736,8953,13754674,210
same_asset_target_free_conservative,10.0,256.0,combined,0.0001,low_rank_residual_k30,0.5102623905974354,0.0008301025008071062,0.004657697417650383,11416,13754674,210
same_asset_target_free_conservative,10.0,256.0,combined,0.0001,raw,0.12159898094895295,4.0789765138511033e-05,0.00032067922914821487,561,13754674,210
same_asset_target_free_conservative,10.0,256.0,combined,0.0001,tpsscs_finished_detector,0.591645746078917,0.0008598407583447742,0.004718781973947437,11825,13754674,210
same_asset_target_free_conservative,10.0,256.0,combined,0.0003,low_rank_residual_k30,0.5610536679146784,0.0011016108208633116,0.006337522715819373,15150,13754674,210
same_asset_target_free_conservative,10.0,256.0,combined,0.0003,raw,0.1683596570954903,8.81948571719326e-05,0.0005650062608801882,1213,13754674,210
same_asset_target_free_conservative,10.0,256.0,combined,0.0003,tpsscs_finished_detector,0.6360997053787161,0.0011288041671882148,0.006383336133042164,15524,13754674,210
same_asset_target_free_conservative,10.0,256.0,combined,0.001,low_rank_residual_k30,0.6310924225408134,0.0018095379985008564,0.013117307516110314,24886,13754674,210
same_asset_target_free_conservative,10.0,256.0,combined,0.001,raw,0.2294593583535087,0.00024829334936168863,0.0013896099929755978,3415,13754674,210
same_asset_target_free_conservative,10.0,256.0,combined,0.001,tpsscs_finished_detector,0.6960321096310321,0.0018332412616736936,0.013163118834560058,25212,13754674,210
same_asset_target_free_conservative,10.0,256.0,combined,0.003,low_rank_residual_k30,0.6884616151538321,0.0031507133364180495,0.02620407415325413,43331,13754674,210
same_asset_target_free_conservative,10.0,256.0,combined,0.003,raw,0.2945886820418752,0.0005590392832661693,0.0028250313044009406,7689,13754674,210
same_asset_target_free_conservative,10.0,256.0,combined,0.003,tpsscs_finished_detector,0.7460693440911982,0.003171726172367749,0.02620407415325413,43620,13754674,210
same_asset_target_free_conservative,10.0,256.0,combined,0.01,low_rank_residual_k30,0.7507174783795032,0.006588445223172415,0.05504993433711022,90610,13754674,210
same_asset_target_free_conservative,10.0,256.0,combined,0.01,raw,0.3797036559475925,0.0015333025022732513,0.006520477659347036,21089,13754674,210
same_asset_target_free_conservative,10.0,256.0,combined,0.01,tpsscs_finished_detector,0.800454956415206,0.006606476831859979,0.05504993433711022,90858,13754674,210
same_asset_target_free_conservative,10.0,256.0,simMed_test.mat,1e-05,low_rank_residual_k30,0.4459745610781645,0.000619961585356831,0.0033749217354122445,4263,6877337,105
same_asset_target_free_conservative,10.0,256.0,simMed_test.mat,1e-05,raw,0.05470088602613092,8.434294105823042e-06,6.107522941383048e-05,58,6877337,105
same_asset_target_free_conservative,10.0,256.0,simMed_test.mat,1e-05,tpsscs_finished_detector,0.5328250974462493,0.0006474459192688093,0.0034360062917092988,4452,6877337,105
same_asset_target_free_conservative,10.0,256.0,simMed_test.mat,3e-05,low_rank_residual_k30,0.4657849457505103,0.0006833675312517056,0.003726157934120306,4699,6877337,105
same_asset_target_free_conservative,10.0,256.0,simMed_test.mat,3e-05,raw,0.0781139845070218,1.5850725438369646e-05,0.00012212062464699507,109,6877337,105
same_asset_target_free_conservative,10.0,256.0,simMed_test.mat,3e-05,tpsscs_finished_detector,0.5507087881919012,0.0007104156312691479,0.00378724249041736,4885,6877337,105
same_asset_target_free_conservative,10.0,256.0,simMed_test.mat,0.0001,low_rank_residual_k30,0.5058578438401101,0.0008641310647307332,0.004657697417650383,5942,6877337,105
same_asset_target_free_conservative,10.0,256.0,simMed_test.mat,0.0001,raw,0.10756648816697639,3.722715648196352e-05,0.00032067922914821487,256,6877337,105
same_asset_target_free_conservative,10.0,256.0,simMed_test.mat,0.0001,tpsscs_finished_detector,0.5825420597725897,0.0008895795065366577,0.004718781973947437,6117,6877337,105
same_asset_target_free_conservative,10.0,256.0,simMed_test.mat,0.0003,low_rank_residual_k30,0.5625909891620389,0.0011719939805895229,0.006337522715819373,8059,6877337,105
same_asset_target_free_conservative,10.0,256.0,simMed_test.mat,0.0003,raw,0.15562154018553298,8.594089017915495e-05,0.0005650062608801882,591,6877337,105
same_asset_target_free_conservative,10.0,256.0,simMed_test.mat,0.0003,tpsscs_finished_detector,0.6324448103889412,0.0011949702364299213,0.006383336133042164,8217,6877337,105
same_asset_target_free_conservative,10.0,256.0,simMed_test.mat,0.001,low_rank_residual_k30,0.6348799098149865,0.0018844251586887034,0.010628712795687431,12958,6877337,105
same_asset_target_free_conservative,10.0,256.0,simMed_test.mat,0.001,raw,0.21193421477767457,0.00024342275173026146,0.0013896099929755978,1674,6877337,105
same_asset_target_free_conservative,10.0,256.0,simMed_test.mat,0.001,tpsscs_finished_detector,0.6952369371247631,0.001904347553055814,0.01067452621291022,13095,6877337,105
same_asset_target_free_conservative,10.0,256.0,simMed_test.mat,0.003,low_rank_residual_k30,0.6955290520465752,0.003249664412204036,0.01918055067727502,22346,6877337,105
same_asset_target_free_conservative,10.0,256.0,simMed_test.mat,0.003,raw,0.27226115710582666,0.0005301766263308646,0.0028250313044009406,3646,6877337,105
same_asset_target_free_conservative,10.0,256.0,simMed_test.mat,0.003,tpsscs_finished_detector,0.7487455083467183,0.0032675507834590664,0.019226364094497808,22469,6877337,105
same_asset_target_free_conservative,10.0,256.0,simMed_test.mat,0.01,low_rank_residual_k30,0.7560615226764654,0.006786339081300921,0.04115383440735424,46666,6877337,105
same_asset_target_free_conservative,10.0,256.0,simMed_test.mat,0.01,raw,0.36070301889035294,0.0015271243818366577,0.006520477659347036,10502,6877337,105
same_asset_target_free_conservative,10.0,256.0,simMed_test.mat,0.01,tpsscs_finished_detector,0.8016907528628012,0.006800735299456987,0.041199645725803986,46765,6877337,105
same_asset_target_free_conservative,10.0,256.0,simWind_test.mat,1e-05,low_rank_residual_k30,0.39500412794719236,0.0004393437621403459,0.002443494196701283,3021,6877337,105
same_asset_target_free_conservative,10.0,256.0,simWind_test.mat,1e-05,raw,0.07680541719094329,1.1633519577767175e-05,6.109015379446218e-05,80,6877337,105
same_asset_target_free_conservative,10.0,256.0,simWind_test.mat,1e-05,tpsscs_finished_detector,0.5085378365530553,0.0004806431669981982,0.002565668906536347,3305,6877337,105
same_asset_target_free_conservative,10.0,256.0,simWind_test.mat,3e-05,low_rank_residual_k30,0.44028590389300853,0.0005539395017457062,0.0029324169530355096,3809,6877337,105
same_asset_target_free_conservative,10.0,256.0,simWind_test.mat,3e-05,raw,0.08532213978363944,1.4832789406214485e-05,7.636269224307772e-05,102,6877337,105
same_asset_target_free_conservative,10.0,256.0,simWind_test.mat,3e-05,tpsscs_finished_detector,0.5424944644432312,0.0005916031875115687,0.0030240549828178696,4068,6877337,105
same_asset_target_free_conservative,10.0,256.0,simWind_test.mat,0.0001,low_rank_residual_k30,0.5146669373547608,0.000796073936883479,0.004214641297376538,5474,6877337,105
same_asset_target_free_conservative,10.0,256.0,simWind_test.mat,0.0001,raw,0.1356314737309295,4.435237379505854e-05,0.0002900364835366133,305,6877337,105
same_asset_target_free_conservative,10.0,256.0,simWind_test.mat,0.0001,tpsscs_finished_detector,0.600749432385244,0.0008301020101528906,0.004260452615826284,5708,6877337,105
same_asset_target_free_conservative,10.0,256.0,simWind_test.mat,0.0003,low_rank_residual_k30,0.5595163466673178,0.0010312276611371004,0.006306691506581559,7091,6877337,105
same_asset_target_free_conservative,10.0,256.0,simWind_test.mat,0.0003,raw,0.1810977740054476,9.044882416471023e-05,0.0005037475766688546,622,6877337,105
same_asset_target_free_conservative,10.0,256.0,simWind_test.mat,0.0003,tpsscs_finished_detector,0.6397546003684909,0.0010626380979465082,0.006352502825031304,7307,6877337,105
same_asset_target_free_conservative,10.0,256.0,simWind_test.mat,0.001,low_rank_residual_k30,0.6273049352666404,0.0017346508383130094,0.013117307516110314,11928,6877337,105
same_asset_target_free_conservative,10.0,256.0,simWind_test.mat,0.001,raw,0.24698450192934282,0.0002531639469931158,0.0012822665587934481,1741,6877337,105
same_asset_target_free_conservative,10.0,256.0,simWind_test.mat,0.001,tpsscs_finished_detector,0.6968272821373013,0.0017621349702915728,0.013163118834560058,12117,6877337,105
same_asset_target_free_conservative,10.0,256.0,simWind_test.mat,0.003,low_rank_residual_k30,0.6813941782610888,0.0030517622606320636,0.02620407415325413,20985,6877337,105
same_asset_target_free_conservative,10.0,256.0,simWind_test.mat,0.003,raw,0.3169162069779237,0.0005879019402014741,0.0025960936426248035,4043,6877337,105
same_asset_target_free_conservative,10.0,256.0,simWind_test.mat,0.003,tpsscs_finished_detector,0.7433931798356782,0.003075901561276432,0.02620407415325413,21151,6877337,105
same_asset_target_free_conservative,10.0,256.0,simWind_test.mat,0.01,low_rank_residual_k30,0.7453734340825409,0.006390551365043908,0.05504993433711022,43944,6877337,105
same_asset_target_free_conservative,10.0,256.0,simWind_test.mat,0.01,raw,0.3987042930048319,0.0015394806227098448,0.0057572194309973585,10587,6877337,105
same_asset_target_free_conservative,10.0,256.0,simWind_test.mat,0.01,tpsscs_finished_detector,0.7992191599676107,0.006412218364262973,0.05504993433711022,44093,6877337,105
same_asset_target_free_conservative,100.0,0.0,combined,1e-05,low_rank_residual_k30,0.41671392376906374,0.000519254736461002,0.0033749217354122445,7141,13754674,210
same_asset_target_free_conservative,100.0,0.0,combined,1e-05,raw,0.06329340133139344,9.452212440864415e-06,6.109015379446218e-05,130,13754674,210
same_asset_target_free_conservative,100.0,0.0,combined,1e-05,tpsscs_finished_detector,0.5589046595993902,0.0005893463810321673,0.0034665485698578257,8105,13754674,210
same_asset_target_free_conservative,100.0,0.0,combined,3e-05,low_rank_residual_k30,0.41671392376906374,0.000519254736461002,0.0033749217354122445,7141,13754674,210
same_asset_target_free_conservative,100.0,0.0,combined,3e-05,raw,0.06329340133139344,9.452212440864415e-06,6.109015379446218e-05,130,13754674,210
same_asset_target_free_conservative,100.0,0.0,combined,3e-05,tpsscs_finished_detector,0.5589046595993902,0.0005893463810321673,0.0034665485698578257,8105,13754674,210
same_asset_target_free_conservative,100.0,0.0,combined,0.0001,low_rank_residual_k30,0.4204893445126785,0.0005296526737485884,0.0033749217354122445,7284,13754674,210
same_asset_target_free_conservative,100.0,0.0,combined,0.0001,raw,0.0657531516085371,1.0033906841795108e-05,6.109015379446218e-05,138,13754674,210
same_asset_target_free_conservative,100.0,0.0,combined,0.0001,tpsscs_finished_detector,0.5618297237968743,0.0005993080899874257,0.0034665485698578257,8242,13754674,210
same_asset_target_free_conservative,100.0,0.0,combined,0.0003,low_rank_residual_k30,0.45303542482175946,0.0006186535164987059,0.003726157934120306,8508,13754674,210
same_asset_target_free_conservative,100.0,0.0,combined,0.0003,raw,0.08171806214533062,1.5341757422292066e-05,0.00012212062464699507,211,13754674,210
same_asset_target_free_conservative,100.0,0.0,combined,0.0003,tpsscs_finished_detector,0.5840330595852641,0.0006843825035493351,0.0038177847685658874,9412,13754674,210
same_asset_target_free_conservative,100.0,0.0,combined,0.001,low_rank_residual_k30,0.5102623905974354,0.0008301025008071062,0.004657697417650383,11416,13754674,210
same_asset_target_free_conservative,100.0,0.0,combined,0.001,raw,0.12159898094895295,4.0789765138511033e-05,0.00032067922914821487,561,13754674,210
same_asset_target_free_conservative,100.0,0.0,combined,0.001,tpsscs_finished_detector,0.6234848202391009,0.0008892872434633234,0.004749324252095964,12230,13754674,210
same_asset_target_free_conservative,100.0,0.0,combined,0.003,low_rank_residual_k30,0.5610536679146784,0.0011016108208633116,0.006337522715819373,15150,13754674,210
same_asset_target_free_conservative,100.0,0.0,combined,0.003,raw,0.1683596570954903,8.81948571719326e-05,0.0005650062608801882,1213,13754674,210
same_asset_target_free_conservative,100.0,0.0,combined,0.003,tpsscs_finished_detector,0.664239340338256,0.0011550512859057512,0.0064138784111906905,15885,13754674,210
same_asset_target_free_conservative,100.0,0.0,combined,0.01,low_rank_residual_k30,0.6310924225408134,0.0018095379985008564,0.013117307516110314,24886,13754674,210
same_asset_target_free_conservative,100.0,0.0,combined,0.01,raw,0.2294593583535087,0.00024829334936168863,0.0013896099929755978,3415,13754674,210
same_asset_target_free_conservative,100.0,0.0,combined,0.01,tpsscs_finished_detector,0.7206721810173542,0.0018557801581123557,0.013208930153009803,25522,13754674,210
same_asset_target_free_conservative,100.0,0.0,simMed_test.mat,1e-05,low_rank_residual_k30,0.4399277634056081,0.000602656074826218,0.0033749217354122445,4144,6877337,105
same_asset_target_free_conservative,100.0,0.0,simMed_test.mat,1e-05,raw,0.05445668578193068,8.434294105823042e-06,6.107522941383048e-05,58,6877337,105
same_asset_target_free_conservative,100.0,0.0,simMed_test.mat,1e-05,tpsscs_finished_detector,0.5614758805091413,0.0006526801043145581,0.0034665485698578257,4488,6877337,105
same_asset_target_free_conservative,100.0,0.0,simMed_test.mat,3e-05,low_rank_residual_k30,0.4399277634056081,0.000602656074826218,0.0033749217354122445,4144,6877337,105
same_asset_target_free_conservative,100.0,0.0,simMed_test.mat,3e-05,raw,0.05445668578193068,8.434294105823042e-06,6.107522941383048e-05,58,6877337,105
same_asset_target_free_conservative,100.0,0.0,simMed_test.mat,3e-05,tpsscs_finished_detector,0.5614758805091413,0.0006526801043145581,0.0034665485698578257,4488,6877337,105
same_asset_target_free_conservative,100.0,0.0,simMed_test.mat,0.0001,low_rank_residual_k30,0.4459745610781645,0.000619961585356831,0.0033749217354122445,4263,6877337,105
same_asset_target_free_conservative,100.0,0.0,simMed_test.mat,0.0001,raw,0.05470088602613092,8.434294105823042e-06,6.107522941383048e-05,58,6877337,105
same_asset_target_free_conservative,100.0,0.0,simMed_test.mat,0.0001,tpsscs_finished_detector,0.5658219650894367,0.0006695494120468901,0.0034665485698578257,4604,6877337,105
same_asset_target_free_conservative,100.0,0.0,simMed_test.mat,0.0003,low_rank_residual_k30,0.4657849457505103,0.0006833675312517056,0.003726157934120306,4699,6877337,105
same_asset_target_free_conservative,100.0,0.0,simMed_test.mat,0.0003,raw,0.0781139845070218,1.5850725438369646e-05,0.00012212062464699507,109,6877337,105
same_asset_target_free_conservative,100.0,0.0,simMed_test.mat,0.0003,tpsscs_finished_detector,0.582372602734481,0.0007323737201552028,0.0038177847685658874,5036,6877337,105
same_asset_target_free_conservative,100.0,0.0,simMed_test.mat,0.001,low_rank_residual_k30,0.5058578438401101,0.0008641310647307332,0.004657697417650383,5942,6877337,105
same_asset_target_free_conservative,100.0,0.0,simMed_test.mat,0.001,raw,0.10756648816697639,3.722715648196352e-05,0.00032067922914821487,256,6877337,105
same_asset_target_free_conservative,100.0,0.0,simMed_test.mat,0.001,tpsscs_finished_detector,0.6117584070163372,0.0009102287094515099,0.004749324252095964,6259,6877337,105
same_asset_target_free_conservative,100.0,0.0,simMed_test.mat,0.003,low_rank_residual_k30,0.5625909891620389,0.0011719939805895229,0.006337522715819373,8059,6877337,105
same_asset_target_free_conservative,100.0,0.0,simMed_test.mat,0.003,raw,0.15562154018553298,8.594089017915495e-05,0.0005650062608801882,591,6877337,105
same_asset_target_free_conservative,100.0,0.0,simMed_test.mat,0.003,tpsscs_finished_detector,0.6590511543907068,0.0012137288467696304,0.0064138784111906905,8346,6877337,105
same_asset_target_free_conservative,100.0,0.0,simMed_test.mat,0.01,low_rank_residual_k30,0.6348799098149865,0.0018844251586887034,0.010628712795687431,12958,6877337,105
same_asset_target_free_conservative,100.0,0.0,simMed_test.mat,0.01,raw,0.21193421477767457,0.00024342275173026146,0.0013896099929755978,1674,6877337,105
same_asset_target_free_conservative,100.0,0.0,simMed_test.mat,0.01,tpsscs_finished_detector,0.7187517899228977,0.0019204885380638677,0.010705068491058747,13206,6877337,105
same_asset_target_free_conservative,100.0,0.0,simWind_test.mat,1e-05,low_rank_residual_k30,0.3935000841325194,0.00043585339809578603,0.0024129505192425167,2997,6877337,105
same_asset_target_free_conservative,100.0,0.0,simWind_test.mat,1e-05,raw,0.0721301168808562,1.0470130775905792e-05,6.109015379446218e-05,72,6877337,105
same_asset_target_free_conservative,100.0,0.0,simWind_test.mat,1e-05,tpsscs_finished_detector,0.5563334386896389,0.0005260126577497765,0.002626756261453879,3617,6877337,105
same_asset_target_free_conservative,100.0,0.0,simWind_test.mat,3e-05,low_rank_residual_k30,0.3935000841325194,0.00043585339809578603,0.0024129505192425167,2997,6877337,105
same_asset_target_free_conservative,100.0,0.0,simWind_test.mat,3e-05,raw,0.0721301168808562,1.0470130775905792e-05,6.109015379446218e-05,72,6877337,105
same_asset_target_free_conservative,100.0,0.0,simWind_test.mat,3e-05,tpsscs_finished_detector,0.5563334386896389,0.0005260126577497765,0.002626756261453879,3617,6877337,105
same_asset_target_free_conservative,100.0,0.0,simWind_test.mat,0.0001,low_rank_residual_k30,0.39500412794719236,0.0004393437621403459,0.002443494196701283,3021,6877337,105
same_asset_target_free_conservative,100.0,0.0,simWind_test.mat,0.0001,raw,0.07680541719094329,1.1633519577767175e-05,6.109015379446218e-05,80,6877337,105
same_asset_target_free_conservative,100.0,0.0,simWind_test.mat,0.0001,tpsscs_finished_detector,0.5578374825043119,0.0005290667679279614,0.002657584042276969,3638,6877337,105
same_asset_target_free_conservative,100.0,0.0,simWind_test.mat,0.0003,low_rank_residual_k30,0.44028590389300853,0.0005539395017457062,0.0029324169530355096,3809,6877337,105
same_asset_target_free_conservative,100.0,0.0,simWind_test.mat,0.0003,raw,0.08532213978363944,1.4832789406214485e-05,7.636269224307772e-05,102,6877337,105
same_asset_target_free_conservative,100.0,0.0,simWind_test.mat,0.0003,tpsscs_finished_detector,0.5856935164360473,0.0006363912869434674,0.0030698739977090494,4376,6877337,105
same_asset_target_free_conservative,100.0,0.0,simWind_test.mat,0.001,low_rank_residual_k30,0.5146669373547608,0.000796073936883479,0.004214641297376538,5474,6877337,105
same_asset_target_free_conservative,100.0,0.0,simWind_test.mat,0.001,raw,0.1356314737309295,4.435237379505854e-05,0.0002900364835366133,305,6877337,105
same_asset_target_free_conservative,100.0,0.0,simWind_test.mat,0.001,tpsscs_finished_detector,0.6352112334618645,0.0008683457774751371,0.004321534373759277,5971,6877337,105
same_asset_target_free_conservative,100.0,0.0,simWind_test.mat,0.003,low_rank_residual_k30,0.5595163466673178,0.0010312276611371004,0.006306691506581559,7091,6877337,105
same_asset_target_free_conservative,100.0,0.0,simWind_test.mat,0.003,raw,0.1810977740054476,9.044882416471023e-05,0.0005037475766688546,622,6877337,105
same_asset_target_free_conservative,100.0,0.0,simWind_test.mat,0.003,tpsscs_finished_detector,0.6694275262858052,0.0010963737250418717,0.0064135845829642974,7539,6877337,105
same_asset_target_free_conservative,100.0,0.0,simWind_test.mat,0.01,low_rank_residual_k30,0.6273049352666404,0.0017346508383130094,0.013117307516110314,11928,6877337,105
same_asset_target_free_conservative,100.0,0.0,simWind_test.mat,0.01,raw,0.24698450192934282,0.0002531639469931158,0.0012822665587934481,1741,6877337,105
same_asset_target_free_conservative,100.0,0.0,simWind_test.mat,0.01,tpsscs_finished_detector,0.7225925721118106,0.0017910717781608437,0.013208930153009803,12316,6877337,105
same_asset_target_free_conservative,100.0,0.25,combined,1e-05,low_rank_residual_k30,0.41671392376906374,0.000519254736461002,0.0033749217354122445,7141,13754674,210
same_asset_target_free_conservative,100.0,0.25,combined,1e-05,raw,0.06329340133139344,9.452212440864415e-06,6.109015379446218e-05,130,13754674,210
same_asset_target_free_conservative,100.0,0.25,combined,1e-05,tpsscs_finished_detector,0.5589046595993902,0.0005893463810321673,0.0034665485698578257,8105,13754674,210
same_asset_target_free_conservative,100.0,0.25,combined,3e-05,low_rank_residual_k30,0.41671392376906374,0.000519254736461002,0.0033749217354122445,7141,13754674,210
same_asset_target_free_conservative,100.0,0.25,combined,3e-05,raw,0.06329340133139344,9.452212440864415e-06,6.109015379446218e-05,130,13754674,210
same_asset_target_free_conservative,100.0,0.25,combined,3e-05,tpsscs_finished_detector,0.5589046595993902,0.0005893463810321673,0.0034665485698578257,8105,13754674,210
same_asset_target_free_conservative,100.0,0.25,combined,0.0001,low_rank_residual_k30,0.4204893445126785,0.0005296526737485884,0.0033749217354122445,7284,13754674,210
same_asset_target_free_conservative,100.0,0.25,combined,0.0001,raw,0.0657531516085371,1.0033906841795108e-05,6.109015379446218e-05,138,13754674,210
same_asset_target_free_conservative,100.0,0.25,combined,0.0001,tpsscs_finished_detector,0.5618297237968743,0.0005993080899874257,0.0034665485698578257,8242,13754674,210
same_asset_target_free_conservative,100.0,0.25,combined,0.0003,low_rank_residual_k30,0.45303542482175946,0.0006186535164987059,0.003726157934120306,8508,13754674,210
same_asset_target_free_conservative,100.0,0.25,combined,0.0003,raw,0.08171806214533062,1.5341757422292066e-05,0.00012212062464699507,211,13754674,210
same_asset_target_free_conservative,100.0,0.25,combined,0.0003,tpsscs_finished_detector,0.5840330595852641,0.0006843825035493351,0.0038177847685658874,9412,13754674,210
same_asset_target_free_conservative,100.0,0.25,combined,0.001,low_rank_residual_k30,0.5102623905974354,0.0008301025008071062,0.004657697417650383,11416,13754674,210
same_asset_target_free_conservative,100.0,0.25,combined,0.001,raw,0.12159898094895295,4.0789765138511033e-05,0.00032067922914821487,561,13754674,210
same_asset_target_free_conservative,100.0,0.25,combined,0.001,tpsscs_finished_detector,0.6234848202391009,0.0008892872434633234,0.004749324252095964,12230,13754674,210
same_asset_target_free_conservative,100.0,0.25,combined,0.003,low_rank_residual_k30,0.5610536679146784,0.0011016108208633116,0.006337522715819373,15150,13754674,210
same_asset_target_free_conservative,100.0,0.25,combined,0.003,raw,0.1683596570954903,8.81948571719326e-05,0.0005650062608801882,1213,13754674,210
same_asset_target_free_conservative,100.0,0.25,combined,0.003,tpsscs_finished_detector,0.664239340338256,0.0011550512859057512,0.0064138784111906905,15885,13754674,210
same_asset_target_free_conservative,100.0,0.25,combined,0.01,low_rank_residual_k30,0.6310924225408134,0.0018095379985008564,0.013117307516110314,24886,13754674,210
same_asset_target_free_conservative,100.0,0.25,combined,0.01,raw,0.2294593583535087,0.00024829334936168863,0.0013896099929755978,3415,13754674,210
same_asset_target_free_conservative,100.0,0.25,combined,0.01,tpsscs_finished_detector,0.7206721810173542,0.0018557801581123557,0.013208930153009803,25522,13754674,210
same_asset_target_free_conservative,100.0,0.25,simMed_test.mat,1e-05,low_rank_residual_k30,0.4399277634056081,0.000602656074826218,0.0033749217354122445,4144,6877337,105
same_asset_target_free_conservative,100.0,0.25,simMed_test.mat,1e-05,raw,0.05445668578193068,8.434294105823042e-06,6.107522941383048e-05,58,6877337,105
same_asset_target_free_conservative,100.0,0.25,simMed_test.mat,1e-05,tpsscs_finished_detector,0.5614758805091413,0.0006526801043145581,0.0034665485698578257,4488,6877337,105
same_asset_target_free_conservative,100.0,0.25,simMed_test.mat,3e-05,low_rank_residual_k30,0.4399277634056081,0.000602656074826218,0.0033749217354122445,4144,6877337,105
same_asset_target_free_conservative,100.0,0.25,simMed_test.mat,3e-05,raw,0.05445668578193068,8.434294105823042e-06,6.107522941383048e-05,58,6877337,105
same_asset_target_free_conservative,100.0,0.25,simMed_test.mat,3e-05,tpsscs_finished_detector,0.5614758805091413,0.0006526801043145581,0.0034665485698578257,4488,6877337,105
same_asset_target_free_conservative,100.0,0.25,simMed_test.mat,0.0001,low_rank_residual_k30,0.4459745610781645,0.000619961585356831,0.0033749217354122445,4263,6877337,105
same_asset_target_free_conservative,100.0,0.25,simMed_test.mat,0.0001,raw,0.05470088602613092,8.434294105823042e-06,6.107522941383048e-05,58,6877337,105
same_asset_target_free_conservative,100.0,0.25,simMed_test.mat,0.0001,tpsscs_finished_detector,0.5658219650894367,0.0006695494120468901,0.0034665485698578257,4604,6877337,105
same_asset_target_free_conservative,100.0,0.25,simMed_test.mat,0.0003,low_rank_residual_k30,0.4657849457505103,0.0006833675312517056,0.003726157934120306,4699,6877337,105
same_asset_target_free_conservative,100.0,0.25,simMed_test.mat,0.0003,raw,0.0781139845070218,1.5850725438369646e-05,0.00012212062464699507,109,6877337,105
same_asset_target_free_conservative,100.0,0.25,simMed_test.mat,0.0003,tpsscs_finished_detector,0.582372602734481,0.0007323737201552028,0.0038177847685658874,5036,6877337,105
same_asset_target_free_conservative,100.0,0.25,simMed_test.mat,0.001,low_rank_residual_k30,0.5058578438401101,0.0008641310647307332,0.004657697417650383,5942,6877337,105
same_asset_target_free_conservative,100.0,0.25,simMed_test.mat,0.001,raw,0.10756648816697639,3.722715648196352e-05,0.00032067922914821487,256,6877337,105
same_asset_target_free_conservative,100.0,0.25,simMed_test.mat,0.001,tpsscs_finished_detector,0.6117584070163372,0.0009102287094515099,0.004749324252095964,6259,6877337,105
same_asset_target_free_conservative,100.0,0.25,simMed_test.mat,0.003,low_rank_residual_k30,0.5625909891620389,0.0011719939805895229,0.006337522715819373,8059,6877337,105
same_asset_target_free_conservative,100.0,0.25,simMed_test.mat,0.003,raw,0.15562154018553298,8.594089017915495e-05,0.0005650062608801882,591,6877337,105
same_asset_target_free_conservative,100.0,0.25,simMed_test.mat,0.003,tpsscs_finished_detector,0.6590511543907068,0.0012137288467696304,0.0064138784111906905,8346,6877337,105
same_asset_target_free_conservative,100.0,0.25,simMed_test.mat,0.01,low_rank_residual_k30,0.6348799098149865,0.0018844251586887034,0.010628712795687431,12958,6877337,105
same_asset_target_free_conservative,100.0,0.25,simMed_test.mat,0.01,raw,0.21193421477767457,0.00024342275173026146,0.0013896099929755978,1674,6877337,105
same_asset_target_free_conservative,100.0,0.25,simMed_test.mat,0.01,tpsscs_finished_detector,0.7187517899228977,0.0019204885380638677,0.010705068491058747,13206,6877337,105
same_asset_target_free_conservative,100.0,0.25,simWind_test.mat,1e-05,low_rank_residual_k30,0.3935000841325194,0.00043585339809578603,0.0024129505192425167,2997,6877337,105
same_asset_target_free_conservative,100.0,0.25,simWind_test.mat,1e-05,raw,0.0721301168808562,1.0470130775905792e-05,6.109015379446218e-05,72,6877337,105
same_asset_target_free_conservative,100.0,0.25,simWind_test.mat,1e-05,tpsscs_finished_detector,0.5563334386896389,0.0005260126577497765,0.002626756261453879,3617,6877337,105
same_asset_target_free_conservative,100.0,0.25,simWind_test.mat,3e-05,low_rank_residual_k30,0.3935000841325194,0.00043585339809578603,0.0024129505192425167,2997,6877337,105
same_asset_target_free_conservative,100.0,0.25,simWind_test.mat,3e-05,raw,0.0721301168808562,1.0470130775905792e-05,6.109015379446218e-05,72,6877337,105
same_asset_target_free_conservative,100.0,0.25,simWind_test.mat,3e-05,tpsscs_finished_detector,0.5563334386896389,0.0005260126577497765,0.002626756261453879,3617,6877337,105
same_asset_target_free_conservative,100.0,0.25,simWind_test.mat,0.0001,low_rank_residual_k30,0.39500412794719236,0.0004393437621403459,0.002443494196701283,3021,6877337,105
same_asset_target_free_conservative,100.0,0.25,simWind_test.mat,0.0001,raw,0.07680541719094329,1.1633519577767175e-05,6.109015379446218e-05,80,6877337,105
same_asset_target_free_conservative,100.0,0.25,simWind_test.mat,0.0001,tpsscs_finished_detector,0.5578374825043119,0.0005290667679279614,0.002657584042276969,3638,6877337,105
same_asset_target_free_conservative,100.0,0.25,simWind_test.mat,0.0003,low_rank_residual_k30,0.44028590389300853,0.0005539395017457062,0.0029324169530355096,3809,6877337,105
same_asset_target_free_conservative,100.0,0.25,simWind_test.mat,0.0003,raw,0.08532213978363944,1.4832789406214485e-05,7.636269224307772e-05,102,6877337,105
same_asset_target_free_conservative,100.0,0.25,simWind_test.mat,0.0003,tpsscs_finished_detector,0.5856935164360473,0.0006363912869434674,0.0030698739977090494,4376,6877337,105
same_asset_target_free_conservative,100.0,0.25,simWind_test.mat,0.001,low_rank_residual_k30,0.5146669373547608,0.000796073936883479,0.004214641297376538,5474,6877337,105
same_asset_target_free_conservative,100.0,0.25,simWind_test.mat,0.001,raw,0.1356314737309295,4.435237379505854e-05,0.0002900364835366133,305,6877337,105
same_asset_target_free_conservative,100.0,0.25,simWind_test.mat,0.001,tpsscs_finished_detector,0.6352112334618645,0.0008683457774751371,0.004321534373759277,5971,6877337,105
same_asset_target_free_conservative,100.0,0.25,simWind_test.mat,0.003,low_rank_residual_k30,0.5595163466673178,0.0010312276611371004,0.006306691506581559,7091,6877337,105
same_asset_target_free_conservative,100.0,0.25,simWind_test.mat,0.003,raw,0.1810977740054476,9.044882416471023e-05,0.0005037475766688546,622,6877337,105
same_asset_target_free_conservative,100.0,0.25,simWind_test.mat,0.003,tpsscs_finished_detector,0.6694275262858052,0.0010963737250418717,0.0064135845829642974,7539,6877337,105
same_asset_target_free_conservative,100.0,0.25,simWind_test.mat,0.01,low_rank_residual_k30,0.6273049352666404,0.0017346508383130094,0.013117307516110314,11928,6877337,105
same_asset_target_free_conservative,100.0,0.25,simWind_test.mat,0.01,raw,0.24698450192934282,0.0002531639469931158,0.0012822665587934481,1741,6877337,105
same_asset_target_free_conservative,100.0,0.25,simWind_test.mat,0.01,tpsscs_finished_detector,0.7225925721118106,0.0017910717781608437,0.013208930153009803,12316,6877337,105
same_asset_target_free_conservative,100.0,1.0,combined,1e-05,low_rank_residual_k30,0.41671392376906374,0.000519254736461002,0.0033749217354122445,7141,13754674,210
same_asset_target_free_conservative,100.0,1.0,combined,1e-05,raw,0.06329340133139344,9.452212440864415e-06,6.109015379446218e-05,130,13754674,210
same_asset_target_free_conservative,100.0,1.0,combined,1e-05,tpsscs_finished_detector,0.5588011399306532,0.0005893463810321673,0.0034665485698578257,8105,13754674,210
same_asset_target_free_conservative,100.0,1.0,combined,3e-05,low_rank_residual_k30,0.41671392376906374,0.000519254736461002,0.0033749217354122445,7141,13754674,210
same_asset_target_free_conservative,100.0,1.0,combined,3e-05,raw,0.06329340133139344,9.452212440864415e-06,6.109015379446218e-05,130,13754674,210
same_asset_target_free_conservative,100.0,1.0,combined,3e-05,tpsscs_finished_detector,0.5588011399306532,0.0005893463810321673,0.0034665485698578257,8105,13754674,210
same_asset_target_free_conservative,100.0,1.0,combined,0.0001,low_rank_residual_k30,0.4204893445126785,0.0005296526737485884,0.0033749217354122445,7284,13754674,210
same_asset_target_free_conservative,100.0,1.0,combined,0.0001,raw,0.0657531516085371,1.0033906841795108e-05,6.109015379446218e-05,138,13754674,210
same_asset_target_free_conservative,100.0,1.0,combined,0.0001,tpsscs_finished_detector,0.5617262041281372,0.0005993080899874257,0.0034665485698578257,8242,13754674,210
same_asset_target_free_conservative,100.0,1.0,combined,0.0003,low_rank_residual_k30,0.45303542482175946,0.0006186535164987059,0.003726157934120306,8508,13754674,210
same_asset_target_free_conservative,100.0,1.0,combined,0.0003,raw,0.08171806214533062,1.5341757422292066e-05,0.00012212062464699507,211,13754674,210
same_asset_target_free_conservative,100.0,1.0,combined,0.0003,tpsscs_finished_detector,0.5839295399165271,0.0006843825035493351,0.0038177847685658874,9412,13754674,210
same_asset_target_free_conservative,100.0,1.0,combined,0.001,low_rank_residual_k30,0.5102623905974354,0.0008301025008071062,0.004657697417650383,11416,13754674,210
same_asset_target_free_conservative,100.0,1.0,combined,0.001,raw,0.12159898094895295,4.0789765138511033e-05,0.00032067922914821487,561,13754674,210
same_asset_target_free_conservative,100.0,1.0,combined,0.001,tpsscs_finished_detector,0.6233813005703638,0.0008892872434633234,0.004749324252095964,12230,13754674,210
same_asset_target_free_conservative,100.0,1.0,combined,0.003,low_rank_residual_k30,0.5610536679146784,0.0011016108208633116,0.006337522715819373,15150,13754674,210
same_asset_target_free_conservative,100.0,1.0,combined,0.003,raw,0.1683596570954903,8.81948571719326e-05,0.0005650062608801882,1213,13754674,210
same_asset_target_free_conservative,100.0,1.0,combined,0.003,tpsscs_finished_detector,0.6641358206695189,0.0011550512859057512,0.0064138784111906905,15885,13754674,210
same_asset_target_free_conservative,100.0,1.0,combined,0.01,low_rank_residual_k30,0.6310924225408134,0.0018095379985008564,0.013117307516110314,24886,13754674,210
same_asset_target_free_conservative,100.0,1.0,combined,0.01,raw,0.2294593583535087,0.00024829334936168863,0.0013896099929755978,3415,13754674,210
same_asset_target_free_conservative,100.0,1.0,combined,0.01,tpsscs_finished_detector,0.7206721810173542,0.0018557801581123557,0.013208930153009803,25522,13754674,210
same_asset_target_free_conservative,100.0,1.0,simMed_test.mat,1e-05,low_rank_residual_k30,0.4399277634056081,0.000602656074826218,0.0033749217354122445,4144,6877337,105
same_asset_target_free_conservative,100.0,1.0,simMed_test.mat,1e-05,raw,0.05445668578193068,8.434294105823042e-06,6.107522941383048e-05,58,6877337,105
same_asset_target_free_conservative,100.0,1.0,simMed_test.mat,1e-05,tpsscs_finished_detector,0.5614758805091413,0.0006526801043145581,0.0034665485698578257,4488,6877337,105
same_asset_target_free_conservative,100.0,1.0,simMed_test.mat,3e-05,low_rank_residual_k30,0.4399277634056081,0.000602656074826218,0.0033749217354122445,4144,6877337,105
same_asset_target_free_conservative,100.0,1.0,simMed_test.mat,3e-05,raw,0.05445668578193068,8.434294105823042e-06,6.107522941383048e-05,58,6877337,105
same_asset_target_free_conservative,100.0,1.0,simMed_test.mat,3e-05,tpsscs_finished_detector,0.5614758805091413,0.0006526801043145581,0.0034665485698578257,4488,6877337,105
same_asset_target_free_conservative,100.0,1.0,simMed_test.mat,0.0001,low_rank_residual_k30,0.4459745610781645,0.000619961585356831,0.0033749217354122445,4263,6877337,105
same_asset_target_free_conservative,100.0,1.0,simMed_test.mat,0.0001,raw,0.05470088602613092,8.434294105823042e-06,6.107522941383048e-05,58,6877337,105
same_asset_target_free_conservative,100.0,1.0,simMed_test.mat,0.0001,tpsscs_finished_detector,0.5658219650894367,0.0006695494120468901,0.0034665485698578257,4604,6877337,105
same_asset_target_free_conservative,100.0,1.0,simMed_test.mat,0.0003,low_rank_residual_k30,0.4657849457505103,0.0006833675312517056,0.003726157934120306,4699,6877337,105
same_asset_target_free_conservative,100.0,1.0,simMed_test.mat,0.0003,raw,0.0781139845070218,1.5850725438369646e-05,0.00012212062464699507,109,6877337,105
same_asset_target_free_conservative,100.0,1.0,simMed_test.mat,0.0003,tpsscs_finished_detector,0.582372602734481,0.0007323737201552028,0.0038177847685658874,5036,6877337,105
same_asset_target_free_conservative,100.0,1.0,simMed_test.mat,0.001,low_rank_residual_k30,0.5058578438401101,0.0008641310647307332,0.004657697417650383,5942,6877337,105
same_asset_target_free_conservative,100.0,1.0,simMed_test.mat,0.001,raw,0.10756648816697639,3.722715648196352e-05,0.00032067922914821487,256,6877337,105
same_asset_target_free_conservative,100.0,1.0,simMed_test.mat,0.001,tpsscs_finished_detector,0.6117584070163372,0.0009102287094515099,0.004749324252095964,6259,6877337,105
same_asset_target_free_conservative,100.0,1.0,simMed_test.mat,0.003,low_rank_residual_k30,0.5625909891620389,0.0011719939805895229,0.006337522715819373,8059,6877337,105
same_asset_target_free_conservative,100.0,1.0,simMed_test.mat,0.003,raw,0.15562154018553298,8.594089017915495e-05,0.0005650062608801882,591,6877337,105
same_asset_target_free_conservative,100.0,1.0,simMed_test.mat,0.003,tpsscs_finished_detector,0.6590511543907068,0.0012137288467696304,0.0064138784111906905,8346,6877337,105
same_asset_target_free_conservative,100.0,1.0,simMed_test.mat,0.01,low_rank_residual_k30,0.6348799098149865,0.0018844251586887034,0.010628712795687431,12958,6877337,105
same_asset_target_free_conservative,100.0,1.0,simMed_test.mat,0.01,raw,0.21193421477767457,0.00024342275173026146,0.0013896099929755978,1674,6877337,105
same_asset_target_free_conservative,100.0,1.0,simMed_test.mat,0.01,tpsscs_finished_detector,0.7187517899228977,0.0019204885380638677,0.010705068491058747,13206,6877337,105
same_asset_target_free_conservative,100.0,1.0,simWind_test.mat,1e-05,low_rank_residual_k30,0.3935000841325194,0.00043585339809578603,0.0024129505192425167,2997,6877337,105
same_asset_target_free_conservative,100.0,1.0,simWind_test.mat,1e-05,raw,0.0721301168808562,1.0470130775905792e-05,6.109015379446218e-05,72,6877337,105
same_asset_target_free_conservative,100.0,1.0,simWind_test.mat,1e-05,tpsscs_finished_detector,0.5561263993521649,0.0005260126577497765,0.002626756261453879,3617,6877337,105
same_asset_target_free_conservative,100.0,1.0,simWind_test.mat,3e-05,low_rank_residual_k30,0.3935000841325194,0.00043585339809578603,0.0024129505192425167,2997,6877337,105
same_asset_target_free_conservative,100.0,1.0,simWind_test.mat,3e-05,raw,0.0721301168808562,1.0470130775905792e-05,6.109015379446218e-05,72,6877337,105
same_asset_target_free_conservative,100.0,1.0,simWind_test.mat,3e-05,tpsscs_finished_detector,0.5561263993521649,0.0005260126577497765,0.002626756261453879,3617,6877337,105
same_asset_target_free_conservative,100.0,1.0,simWind_test.mat,0.0001,low_rank_residual_k30,0.39500412794719236,0.0004393437621403459,0.002443494196701283,3021,6877337,105
same_asset_target_free_conservative,100.0,1.0,simWind_test.mat,0.0001,raw,0.07680541719094329,1.1633519577767175e-05,6.109015379446218e-05,80,6877337,105
same_asset_target_free_conservative,100.0,1.0,simWind_test.mat,0.0001,tpsscs_finished_detector,0.5576304431668379,0.0005290667679279614,0.002657584042276969,3638,6877337,105
same_asset_target_free_conservative,100.0,1.0,simWind_test.mat,0.0003,low_rank_residual_k30,0.44028590389300853,0.0005539395017457062,0.0029324169530355096,3809,6877337,105
same_asset_target_free_conservative,100.0,1.0,simWind_test.mat,0.0003,raw,0.08532213978363944,1.4832789406214485e-05,7.636269224307772e-05,102,6877337,105
same_asset_target_free_conservative,100.0,1.0,simWind_test.mat,0.0003,tpsscs_finished_detector,0.5854864770985732,0.0006363912869434674,0.0030698739977090494,4376,6877337,105
same_asset_target_free_conservative,100.0,1.0,simWind_test.mat,0.001,low_rank_residual_k30,0.5146669373547608,0.000796073936883479,0.004214641297376538,5474,6877337,105
same_asset_target_free_conservative,100.0,1.0,simWind_test.mat,0.001,raw,0.1356314737309295,4.435237379505854e-05,0.0002900364835366133,305,6877337,105
same_asset_target_free_conservative,100.0,1.0,simWind_test.mat,0.001,tpsscs_finished_detector,0.6350041941243904,0.0008683457774751371,0.004321534373759277,5971,6877337,105
same_asset_target_free_conservative,100.0,1.0,simWind_test.mat,0.003,low_rank_residual_k30,0.5595163466673178,0.0010312276611371004,0.006306691506581559,7091,6877337,105
same_asset_target_free_conservative,100.0,1.0,simWind_test.mat,0.003,raw,0.1810977740054476,9.044882416471023e-05,0.0005037475766688546,622,6877337,105
same_asset_target_free_conservative,100.0,1.0,simWind_test.mat,0.003,tpsscs_finished_detector,0.6692204869483309,0.0010963737250418717,0.0064135845829642974,7539,6877337,105
same_asset_target_free_conservative,100.0,1.0,simWind_test.mat,0.01,low_rank_residual_k30,0.6273049352666404,0.0017346508383130094,0.013117307516110314,11928,6877337,105
same_asset_target_free_conservative,100.0,1.0,simWind_test.mat,0.01,raw,0.24698450192934282,0.0002531639469931158,0.0012822665587934481,1741,6877337,105
same_asset_target_free_conservative,100.0,1.0,simWind_test.mat,0.01,tpsscs_finished_detector,0.7225925721118106,0.0017910717781608437,0.013208930153009803,12316,6877337,105
same_asset_target_free_conservative,100.0,4.0,combined,1e-05,low_rank_residual_k30,0.41671392376906374,0.000519254736461002,0.0033749217354122445,7141,13754674,210
same_asset_target_free_conservative,100.0,4.0,combined,1e-05,raw,0.06329340133139344,9.452212440864415e-06,6.109015379446218e-05,130,13754674,210
same_asset_target_free_conservative,100.0,4.0,combined,1e-05,tpsscs_finished_detector,0.5583942268812347,0.0005889828546325306,0.0034665485698578257,8100,13754674,210
same_asset_target_free_conservative,100.0,4.0,combined,3e-05,low_rank_residual_k30,0.41671392376906374,0.000519254736461002,0.0033749217354122445,7141,13754674,210
same_asset_target_free_conservative,100.0,4.0,combined,3e-05,raw,0.06329340133139344,9.452212440864415e-06,6.109015379446218e-05,130,13754674,210
same_asset_target_free_conservative,100.0,4.0,combined,3e-05,tpsscs_finished_detector,0.5583942268812347,0.0005889828546325306,0.0034665485698578257,8100,13754674,210
same_asset_target_free_conservative,100.0,4.0,combined,0.0001,low_rank_residual_k30,0.4204893445126785,0.0005296526737485884,0.0033749217354122445,7284,13754674,210
same_asset_target_free_conservative,100.0,4.0,combined,0.0001,raw,0.0657531516085371,1.0033906841795108e-05,6.109015379446218e-05,138,13754674,210
same_asset_target_free_conservative,100.0,4.0,combined,0.0001,tpsscs_finished_detector,0.5613192910787189,0.0005989445635877891,0.0034665485698578257,8237,13754674,210
same_asset_target_free_conservative,100.0,4.0,combined,0.0003,low_rank_residual_k30,0.45303542482175946,0.0006186535164987059,0.003726157934120306,8508,13754674,210
same_asset_target_free_conservative,100.0,4.0,combined,0.0003,raw,0.08171806214533062,1.5341757422292066e-05,0.00012212062464699507,211,13754674,210
same_asset_target_free_conservative,100.0,4.0,combined,0.0003,tpsscs_finished_detector,0.5835226268671088,0.0006840189771496983,0.0038177847685658874,9407,13754674,210
same_asset_target_free_conservative,100.0,4.0,combined,0.001,low_rank_residual_k30,0.5102623905974354,0.0008301025008071062,0.004657697417650383,11416,13754674,210
same_asset_target_free_conservative,100.0,4.0,combined,0.001,raw,0.12159898094895295,4.0789765138511033e-05,0.00032067922914821487,561,13754674,210
same_asset_target_free_conservative,100.0,4.0,combined,0.001,tpsscs_finished_detector,0.6230715692507802,0.0008890691076385087,0.004749324252095964,12227,13754674,210
same_asset_target_free_conservative,100.0,4.0,combined,0.003,low_rank_residual_k30,0.5610536679146784,0.0011016108208633116,0.006337522715819373,15150,13754674,210
same_asset_target_free_conservative,100.0,4.0,combined,0.003,raw,0.1683596570954903,8.81948571719326e-05,0.0005650062608801882,1213,13754674,210
same_asset_target_free_conservative,100.0,4.0,combined,0.003,tpsscs_finished_detector,0.6638260893499355,0.0011548331500809363,0.0064138784111906905,15882,13754674,210
same_asset_target_free_conservative,100.0,4.0,combined,0.01,low_rank_residual_k30,0.6310924225408134,0.0018095379985008564,0.013117307516110314,24886,13754674,210
same_asset_target_free_conservative,100.0,4.0,combined,0.01,raw,0.2294593583535087,0.00024829334936168863,0.0013896099929755978,3415,13754674,210
same_asset_target_free_conservative,100.0,4.0,combined,0.01,tpsscs_finished_detector,0.7206721810173542,0.0018556347464397408,0.013208930153009803,25520,13754674,210
same_asset_target_free_conservative,100.0,4.0,simMed_test.mat,1e-05,low_rank_residual_k30,0.4399277634056081,0.000602656074826218,0.0033749217354122445,4144,6877337,105
same_asset_target_free_conservative,100.0,4.0,simMed_test.mat,1e-05,raw,0.05445668578193068,8.434294105823042e-06,6.107522941383048e-05,58,6877337,105
same_asset_target_free_conservative,100.0,4.0,simMed_test.mat,1e-05,tpsscs_finished_detector,0.561203771665604,0.0006522438770773025,0.0034665485698578257,4485,6877337,105
same_asset_target_free_conservative,100.0,4.0,simMed_test.mat,3e-05,low_rank_residual_k30,0.4399277634056081,0.000602656074826218,0.0033749217354122445,4144,6877337,105
same_asset_target_free_conservative,100.0,4.0,simMed_test.mat,3e-05,raw,0.05445668578193068,8.434294105823042e-06,6.107522941383048e-05,58,6877337,105
same_asset_target_free_conservative,100.0,4.0,simMed_test.mat,3e-05,tpsscs_finished_detector,0.561203771665604,0.0006522438770773025,0.0034665485698578257,4485,6877337,105
same_asset_target_free_conservative,100.0,4.0,simMed_test.mat,0.0001,low_rank_residual_k30,0.4459745610781645,0.000619961585356831,0.0033749217354122445,4263,6877337,105
same_asset_target_free_conservative,100.0,4.0,simMed_test.mat,0.0001,raw,0.05470088602613092,8.434294105823042e-06,6.107522941383048e-05,58,6877337,105
same_asset_target_free_conservative,100.0,4.0,simMed_test.mat,0.0001,tpsscs_finished_detector,0.5655498562458993,0.0006691131848096347,0.0034665485698578257,4601,6877337,105
same_asset_target_free_conservative,100.0,4.0,simMed_test.mat,0.0003,low_rank_residual_k30,0.4657849457505103,0.0006833675312517056,0.003726157934120306,4699,6877337,105
same_asset_target_free_conservative,100.0,4.0,simMed_test.mat,0.0003,raw,0.0781139845070218,1.5850725438369646e-05,0.00012212062464699507,109,6877337,105
same_asset_target_free_conservative,100.0,4.0,simMed_test.mat,0.0003,tpsscs_finished_detector,0.5821004938909436,0.0007319374929179473,0.0038177847685658874,5033,6877337,105
same_asset_target_free_conservative,100.0,4.0,simMed_test.mat,0.001,low_rank_residual_k30,0.5058578438401101,0.0008641310647307332,0.004657697417650383,5942,6877337,105
same_asset_target_free_conservative,100.0,4.0,simMed_test.mat,0.001,raw,0.10756648816697639,3.722715648196352e-05,0.00032067922914821487,256,6877337,105
same_asset_target_free_conservative,100.0,4.0,simMed_test.mat,0.001,tpsscs_finished_detector,0.6114862981727998,0.0009099378861062805,0.004749324252095964,6257,6877337,105
same_asset_target_free_conservative,100.0,4.0,simMed_test.mat,0.003,low_rank_residual_k30,0.5625909891620389,0.0011719939805895229,0.006337522715819373,8059,6877337,105
same_asset_target_free_conservative,100.0,4.0,simMed_test.mat,0.003,raw,0.15562154018553298,8.594089017915495e-05,0.0005650062608801882,591,6877337,105
same_asset_target_free_conservative,100.0,4.0,simMed_test.mat,0.003,tpsscs_finished_detector,0.6587790455471695,0.0012134380234244012,0.0064138784111906905,8344,6877337,105
same_asset_target_free_conservative,100.0,4.0,simMed_test.mat,0.01,low_rank_residual_k30,0.6348799098149865,0.0018844251586887034,0.010628712795687431,12958,6877337,105
same_asset_target_free_conservative,100.0,4.0,simMed_test.mat,0.01,raw,0.21193421477767457,0.00024342275173026146,0.0013896099929755978,1674,6877337,105
same_asset_target_free_conservative,100.0,4.0,simMed_test.mat,0.01,tpsscs_finished_detector,0.7187517899228977,0.0019201977147186382,0.010705068491058747,13204,6877337,105
same_asset_target_free_conservative,100.0,4.0,simWind_test.mat,1e-05,low_rank_residual_k30,0.3935000841325194,0.00043585339809578603,0.0024129505192425167,2997,6877337,105
same_asset_target_free_conservative,100.0,4.0,simWind_test.mat,1e-05,raw,0.0721301168808562,1.0470130775905792e-05,6.109015379446218e-05,72,6877337,105
same_asset_target_free_conservative,100.0,4.0,simWind_test.mat,1e-05,tpsscs_finished_detector,0.5555846820968656,0.0005257218321877585,0.002626756261453879,3615,6877337,105
same_asset_target_free_conservative,100.0,4.0,simWind_test.mat,3e-05,low_rank_residual_k30,0.3935000841325194,0.00043585339809578603,0.0024129505192425167,2997,6877337,105
same_asset_target_free_conservative,100.0,4.0,simWind_test.mat,3e-05,raw,0.0721301168808562,1.0470130775905792e-05,6.109015379446218e-05,72,6877337,105
same_asset_target_free_conservative,100.0,4.0,simWind_test.mat,3e-05,tpsscs_finished_detector,0.5555846820968656,0.0005257218321877585,0.002626756261453879,3615,6877337,105
same_asset_target_free_conservative,100.0,4.0,simWind_test.mat,0.0001,low_rank_residual_k30,0.39500412794719236,0.0004393437621403459,0.002443494196701283,3021,6877337,105
same_asset_target_free_conservative,100.0,4.0,simWind_test.mat,0.0001,raw,0.07680541719094329,1.1633519577767175e-05,6.109015379446218e-05,80,6877337,105
same_asset_target_free_conservative,100.0,4.0,simWind_test.mat,0.0001,tpsscs_finished_detector,0.5570887259115386,0.0005287759423659434,0.002657584042276969,3636,6877337,105
same_asset_target_free_conservative,100.0,4.0,simWind_test.mat,0.0003,low_rank_residual_k30,0.44028590389300853,0.0005539395017457062,0.0029324169530355096,3809,6877337,105
same_asset_target_free_conservative,100.0,4.0,simWind_test.mat,0.0003,raw,0.08532213978363944,1.4832789406214485e-05,7.636269224307772e-05,102,6877337,105
same_asset_target_free_conservative,100.0,4.0,simWind_test.mat,0.0003,tpsscs_finished_detector,0.5849447598432739,0.0006361004613814494,0.0030698739977090494,4374,6877337,105
same_asset_target_free_conservative,100.0,4.0,simWind_test.mat,0.001,low_rank_residual_k30,0.5146669373547608,0.000796073936883479,0.004214641297376538,5474,6877337,105
same_asset_target_free_conservative,100.0,4.0,simWind_test.mat,0.001,raw,0.1356314737309295,4.435237379505854e-05,0.0002900364835366133,305,6877337,105
same_asset_target_free_conservative,100.0,4.0,simWind_test.mat,0.001,tpsscs_finished_detector,0.6346568403287606,0.0008682003291707369,0.004321534373759277,5970,6877337,105
same_asset_target_free_conservative,100.0,4.0,simWind_test.mat,0.003,low_rank_residual_k30,0.5595163466673178,0.0010312276611371004,0.006306691506581559,7091,6877337,105
same_asset_target_free_conservative,100.0,4.0,simWind_test.mat,0.003,raw,0.1810977740054476,9.044882416471023e-05,0.0005037475766688546,622,6877337,105
same_asset_target_free_conservative,100.0,4.0,simWind_test.mat,0.003,tpsscs_finished_detector,0.6688731331527014,0.0010962282767374716,0.0064135845829642974,7538,6877337,105
same_asset_target_free_conservative,100.0,4.0,simWind_test.mat,0.01,low_rank_residual_k30,0.6273049352666404,0.0017346508383130094,0.013117307516110314,11928,6877337,105
same_asset_target_free_conservative,100.0,4.0,simWind_test.mat,0.01,raw,0.24698450192934282,0.0002531639469931158,0.0012822665587934481,1741,6877337,105
same_asset_target_free_conservative,100.0,4.0,simWind_test.mat,0.01,tpsscs_finished_detector,0.7225925721118106,0.0017910717781608437,0.013208930153009803,12316,6877337,105
same_asset_target_free_conservative,100.0,16.0,combined,1e-05,low_rank_residual_k30,0.41671392376906374,0.000519254736461002,0.0033749217354122445,7141,13754674,210
same_asset_target_free_conservative,100.0,16.0,combined,1e-05,raw,0.06329340133139344,9.452212440864415e-06,6.109015379446218e-05,130,13754674,210
same_asset_target_free_conservative,100.0,16.0,combined,1e-05,tpsscs_finished_detector,0.5547123461998333,0.0005864380932575753,0.0034665485698578257,8065,13754674,210
same_asset_target_free_conservative,100.0,16.0,combined,3e-05,low_rank_residual_k30,0.41671392376906374,0.000519254736461002,0.0033749217354122445,7141,13754674,210
same_asset_target_free_conservative,100.0,16.0,combined,3e-05,raw,0.06329340133139344,9.452212440864415e-06,6.109015379446218e-05,130,13754674,210
same_asset_target_free_conservative,100.0,16.0,combined,3e-05,tpsscs_finished_detector,0.5547123461998333,0.0005864380932575753,0.0034665485698578257,8065,13754674,210
same_asset_target_free_conservative,100.0,16.0,combined,0.0001,low_rank_residual_k30,0.4204893445126785,0.0005296526737485884,0.0033749217354122445,7284,13754674,210
same_asset_target_free_conservative,100.0,16.0,combined,0.0001,raw,0.0657531516085371,1.0033906841795108e-05,6.109015379446218e-05,138,13754674,210
same_asset_target_free_conservative,100.0,16.0,combined,0.0001,tpsscs_finished_detector,0.5576374103973175,0.0005963998022128337,0.0034665485698578257,8202,13754674,210
same_asset_target_free_conservative,100.0,16.0,combined,0.0003,low_rank_residual_k30,0.45303542482175946,0.0006186535164987059,0.003726157934120306,8508,13754674,210
same_asset_target_free_conservative,100.0,16.0,combined,0.0003,raw,0.08171806214533062,1.5341757422292066e-05,0.00012212062464699507,211,13754674,210
same_asset_target_free_conservative,100.0,16.0,combined,0.0003,tpsscs_finished_detector,0.5802574886237263,0.0006816196352166938,0.0038177847685658874,9374,13754674,210
same_asset_target_free_conservative,100.0,16.0,combined,0.001,low_rank_residual_k30,0.5102623905974354,0.0008301025008071062,0.004657697417650383,11416,13754674,210
same_asset_target_free_conservative,100.0,16.0,combined,0.001,raw,0.12159898094895295,4.0789765138511033e-05,0.00032067922914821487,561,13754674,210
same_asset_target_free_conservative,100.0,16.0,combined,0.001,tpsscs_finished_detector,0.6204369521120568,0.0008869606012605958,0.004749324252095964,12198,13754674,210
same_asset_target_free_conservative,100.0,16.0,combined,0.003,low_rank_residual_k30,0.5610536679146784,0.0011016108208633116,0.006337522715819373,15150,13754674,210
same_asset_target_free_conservative,100.0,16.0,combined,0.003,raw,0.1683596570954903,8.81948571719326e-05,0.0005650062608801882,1213,13754674,210
same_asset_target_free_conservative,100.0,16.0,combined,0.003,tpsscs_finished_detector,0.6616574220320006,0.0011529427606463923,0.0064138784111906905,15856,13754674,210
same_asset_target_free_conservative,100.0,16.0,combined,0.01,low_rank_residual_k30,0.6310924225408134,0.0018095379985008564,0.013117307516110314,24886,13754674,210
same_asset_target_free_conservative,100.0,16.0,combined,0.01,raw,0.2294593583535087,0.00024829334936168863,0.0013896099929755978,3415,13754674,210
same_asset_target_free_conservative,100.0,16.0,combined,0.01,tpsscs_finished_detector,0.7188943479992409,0.0018538170611712183,0.013208930153009803,25495,13754674,210
same_asset_target_free_conservative,100.0,16.0,simMed_test.mat,1e-05,low_rank_residual_k30,0.4399277634056081,0.000602656074826218,0.0033749217354122445,4144,6877337,105
same_asset_target_free_conservative,100.0,16.0,simMed_test.mat,1e-05,raw,0.05445668578193068,8.434294105823042e-06,6.107522941383048e-05,58,6877337,105
same_asset_target_free_conservative,100.0,16.0,simMed_test.mat,1e-05,tpsscs_finished_detector,0.559051607352449,0.0006507898647461685,0.0034665485698578257,4475,6877337,105
same_asset_target_free_conservative,100.0,16.0,simMed_test.mat,3e-05,low_rank_residual_k30,0.4399277634056081,0.000602656074826218,0.0033749217354122445,4144,6877337,105
same_asset_target_free_conservative,100.0,16.0,simMed_test.mat,3e-05,raw,0.05445668578193068,8.434294105823042e-06,6.107522941383048e-05,58,6877337,105
same_asset_target_free_conservative,100.0,16.0,simMed_test.mat,3e-05,tpsscs_finished_detector,0.559051607352449,0.0006507898647461685,0.0034665485698578257,4475,6877337,105
same_asset_target_free_conservative,100.0,16.0,simMed_test.mat,0.0001,low_rank_residual_k30,0.4459745610781645,0.000619961585356831,0.0033749217354122445,4263,6877337,105
same_asset_target_free_conservative,100.0,16.0,simMed_test.mat,0.0001,raw,0.05470088602613092,8.434294105823042e-06,6.107522941383048e-05,58,6877337,105
same_asset_target_free_conservative,100.0,16.0,simMed_test.mat,0.0001,tpsscs_finished_detector,0.5633976919327442,0.0006676591724785006,0.0034665485698578257,4591,6877337,105
same_asset_target_free_conservative,100.0,16.0,simMed_test.mat,0.0003,low_rank_residual_k30,0.4657849457505103,0.0006833675312517056,0.003726157934120306,4699,6877337,105
same_asset_target_free_conservative,100.0,16.0,simMed_test.mat,0.0003,raw,0.0781139845070218,1.5850725438369646e-05,0.00012212062464699507,109,6877337,105
same_asset_target_free_conservative,100.0,16.0,simMed_test.mat,0.0003,tpsscs_finished_detector,0.5803146299440889,0.0007304834805868133,0.0038177847685658874,5023,6877337,105
same_asset_target_free_conservative,100.0,16.0,simMed_test.mat,0.001,low_rank_residual_k30,0.5058578438401101,0.0008641310647307332,0.004657697417650383,5942,6877337,105
same_asset_target_free_conservative,100.0,16.0,simMed_test.mat,0.001,raw,0.10756648816697639,3.722715648196352e-05,0.00032067922914821487,256,6877337,105
same_asset_target_free_conservative,100.0,16.0,simMed_test.mat,0.001,tpsscs_finished_detector,0.6097004342259451,0.0009086292576904514,0.004749324252095964,6248,6877337,105
same_asset_target_free_conservative,100.0,16.0,simMed_test.mat,0.003,low_rank_residual_k30,0.5625909891620389,0.0011719939805895229,0.006337522715819373,8059,6877337,105
same_asset_target_free_conservative,100.0,16.0,simMed_test.mat,0.003,raw,0.15562154018553298,8.594089017915495e-05,0.0005650062608801882,591,6877337,105
same_asset_target_free_conservative,100.0,16.0,simMed_test.mat,0.003,tpsscs_finished_detector,0.6569931816003147,0.0012122748122214623,0.0064138784111906905,8336,6877337,105
same_asset_target_free_conservative,100.0,16.0,simMed_test.mat,0.01,low_rank_residual_k30,0.6348799098149865,0.0018844251586887034,0.010628712795687431,12958,6877337,105
same_asset_target_free_conservative,100.0,16.0,simMed_test.mat,0.01,raw,0.21193421477767457,0.00024342275173026146,0.0013896099929755978,1674,6877337,105
same_asset_target_free_conservative,100.0,16.0,simMed_test.mat,0.01,tpsscs_finished_detector,0.7169659259760431,0.0019191799118477423,0.010705068491058747,13197,6877337,105
same_asset_target_free_conservative,100.0,16.0,simWind_test.mat,1e-05,low_rank_residual_k30,0.3935000841325194,0.00043585339809578603,0.0024129505192425167,2997,6877337,105
same_asset_target_free_conservative,100.0,16.0,simWind_test.mat,1e-05,raw,0.0721301168808562,1.0470130775905792e-05,6.109015379446218e-05,72,6877337,105
same_asset_target_free_conservative,100.0,16.0,simWind_test.mat,1e-05,tpsscs_finished_detector,0.5503730850472177,0.000522086321768982,0.002626756261453879,3590,6877337,105
same_asset_target_free_conservative,100.0,16.0,simWind_test.mat,3e-05,low_rank_residual_k30,0.3935000841325194,0.00043585339809578603,0.0024129505192425167,2997,6877337,105
same_asset_target_free_conservative,100.0,16.0,simWind_test.mat,3e-05,raw,0.0721301168808562,1.0470130775905792e-05,6.109015379446218e-05,72,6877337,105
same_asset_target_free_conservative,100.0,16.0,simWind_test.mat,3e-05,tpsscs_finished_detector,0.5503730850472177,0.000522086321768982,0.002626756261453879,3590,6877337,105
same_asset_target_free_conservative,100.0,16.0,simWind_test.mat,0.0001,low_rank_residual_k30,0.39500412794719236,0.0004393437621403459,0.002443494196701283,3021,6877337,105
same_asset_target_free_conservative,100.0,16.0,simWind_test.mat,0.0001,raw,0.07680541719094329,1.1633519577767175e-05,6.109015379446218e-05,80,6877337,105
same_asset_target_free_conservative,100.0,16.0,simWind_test.mat,0.0001,tpsscs_finished_detector,0.5518771288618908,0.0005251404319471668,0.0026572999389126452,3611,6877337,105
same_asset_target_free_conservative,100.0,16.0,simWind_test.mat,0.0003,low_rank_residual_k30,0.44028590389300853,0.0005539395017457062,0.0029324169530355096,3809,6877337,105
same_asset_target_free_conservative,100.0,16.0,simWind_test.mat,0.0003,raw,0.08532213978363944,1.4832789406214485e-05,7.636269224307772e-05,102,6877337,105
same_asset_target_free_conservative,100.0,16.0,simWind_test.mat,0.0003,tpsscs_finished_detector,0.5802003473033637,0.0006327557898465744,0.0030546009927453228,4351,6877337,105
same_asset_target_free_conservative,100.0,16.0,simWind_test.mat,0.001,low_rank_residual_k30,0.5146669373547608,0.000796073936883479,0.004214641297376538,5474,6877337,105
same_asset_target_free_conservative,100.0,16.0,simWind_test.mat,0.001,raw,0.1356314737309295,4.435237379505854e-05,0.0002900364835366133,305,6877337,105
same_asset_target_free_conservative,100.0,16.0,simWind_test.mat,0.001,tpsscs_finished_detector,0.6311734699981686,0.0008652919448307401,0.004321534373759277,5950,6877337,105
same_asset_target_free_conservative,100.0,16.0,simWind_test.mat,0.003,low_rank_residual_k30,0.5595163466673178,0.0010312276611371004,0.006306691506581559,7091,6877337,105
same_asset_target_free_conservative,100.0,16.0,simWind_test.mat,0.003,raw,0.1810977740054476,9.044882416471023e-05,0.0005037475766688546,622,6877337,105
same_asset_target_free_conservative,100.0,16.0,simWind_test.mat,0.003,tpsscs_finished_detector,0.6663216624636863,0.0010936107090713223,0.0064135845829642974,7520,6877337,105
same_asset_target_free_conservative,100.0,16.0,simWind_test.mat,0.01,low_rank_residual_k30,0.6273049352666404,0.0017346508383130094,0.013117307516110314,11928,6877337,105
same_asset_target_free_conservative,100.0,16.0,simWind_test.mat,0.01,raw,0.24698450192934282,0.0002531639469931158,0.0012822665587934481,1741,6877337,105
same_asset_target_free_conservative,100.0,16.0,simWind_test.mat,0.01,tpsscs_finished_detector,0.7208227700224389,0.0017884542104946947,0.013208930153009803,12298,6877337,105
same_asset_target_free_conservative,100.0,64.0,combined,1e-05,low_rank_residual_k30,0.41671392376906374,0.000519254736461002,0.0033749217354122445,7141,13754674,210
same_asset_target_free_conservative,100.0,64.0,combined,1e-05,raw,0.06329340133139344,9.452212440864415e-06,6.109015379446218e-05,130,13754674,210
same_asset_target_free_conservative,100.0,64.0,combined,1e-05,tpsscs_finished_detector,0.5465617624651722,0.0005763317730593667,0.003451277430783562,7926,13754674,210
same_asset_target_free_conservative,100.0,64.0,combined,3e-05,low_rank_residual_k30,0.41671392376906374,0.000519254736461002,0.0033749217354122445,7141,13754674,210
same_asset_target_free_conservative,100.0,64.0,combined,3e-05,raw,0.06329340133139344,9.452212440864415e-06,6.109015379446218e-05,130,13754674,210
same_asset_target_free_conservative,100.0,64.0,combined,3e-05,tpsscs_finished_detector,0.5465617624651722,0.0005763317730593667,0.003451277430783562,7926,13754674,210
same_asset_target_free_conservative,100.0,64.0,combined,0.0001,low_rank_residual_k30,0.4204893445126785,0.0005296526737485884,0.0033749217354122445,7284,13754674,210
same_asset_target_free_conservative,100.0,64.0,combined,0.0001,raw,0.0657531516085371,1.0033906841795108e-05,6.109015379446218e-05,138,13754674,210
same_asset_target_free_conservative,100.0,64.0,combined,0.0001,tpsscs_finished_detector,0.5496773028531325,0.000586366203945596,0.003451277430783562,8064,13754674,210
same_asset_target_free_conservative,100.0,64.0,combined,0.0003,low_rank_residual_k30,0.45303542482175946,0.0006186535164987059,0.003726157934120306,8508,13754674,210
same_asset_target_free_conservative,100.0,64.0,combined,0.0003,raw,0.08171806214533062,1.5341757422292066e-05,0.00012212062464699507,211,13754674,210
same_asset_target_free_conservative,100.0,64.0,combined,0.0003,tpsscs_finished_detector,0.573598428710357,0.0006722404621734985,0.0038025136294916237,9245,13754674,210
same_asset_target_free_conservative,100.0,64.0,combined,0.001,low_rank_residual_k30,0.5102623905974354,0.0008301025008071062,0.004657697417650383,11416,13754674,210
same_asset_target_free_conservative,100.0,64.0,combined,0.001,raw,0.12159898094895295,4.0789765138511033e-05,0.00032067922914821487,561,13754674,210
same_asset_target_free_conservative,100.0,64.0,combined,0.001,tpsscs_finished_detector,0.6148142530083403,0.0008784540158911712,0.0047340531130217,12081,13754674,210
same_asset_target_free_conservative,100.0,64.0,combined,0.003,low_rank_residual_k30,0.5610536679146784,0.0011016108208633116,0.006337522715819373,15150,13754674,210
same_asset_target_free_conservative,100.0,64.0,combined,0.003,raw,0.1683596570954903,8.81948571719326e-05,0.0005650062608801882,1213,13754674,210
same_asset_target_free_conservative,100.0,64.0,combined,0.003,tpsscs_finished_detector,0.6565506858929474,0.0011454542112647327,0.006398607272116427,15753,13754674,210
same_asset_target_free_conservative,100.0,64.0,combined,0.01,low_rank_residual_k30,0.6310924225408134,0.0018095379985008564,0.013117307516110314,24886,13754674,210
same_asset_target_free_conservative,100.0,64.0,combined,0.01,raw,0.2294593583535087,0.00024829334936168863,0.0013896099929755978,3415,13754674,210
same_asset_target_free_conservative,100.0,64.0,combined,0.01,tpsscs_finished_detector,0.7142893835548324,0.0018472737558930807,0.013193659713526555,25405,13754674,210
same_asset_target_free_conservative,100.0,64.0,simMed_test.mat,1e-05,low_rank_residual_k30,0.4399277634056081,0.000602656074826218,0.0033749217354122445,4144,6877337,105
same_asset_target_free_conservative,100.0,64.0,simMed_test.mat,1e-05,raw,0.05445668578193068,8.434294105823042e-06,6.107522941383048e-05,58,6877337,105
same_asset_target_free_conservative,100.0,64.0,simMed_test.mat,1e-05,tpsscs_finished_detector,0.5513460433243291,0.0006452637994959459,0.003451277430783562,4437,6877337,105
same_asset_target_free_conservative,100.0,64.0,simMed_test.mat,3e-05,low_rank_residual_k30,0.4399277634056081,0.000602656074826218,0.0033749217354122445,4144,6877337,105
same_asset_target_free_conservative,100.0,64.0,simMed_test.mat,3e-05,raw,0.05445668578193068,8.434294105823042e-06,6.107522941383048e-05,58,6877337,105
same_asset_target_free_conservative,100.0,64.0,simMed_test.mat,3e-05,tpsscs_finished_detector,0.5513460433243291,0.0006452637994959459,0.003451277430783562,4437,6877337,105
same_asset_target_free_conservative,100.0,64.0,simMed_test.mat,0.0001,low_rank_residual_k30,0.4459745610781645,0.000619961585356831,0.0033749217354122445,4263,6877337,105
same_asset_target_free_conservative,100.0,64.0,simMed_test.mat,0.0001,raw,0.05470088602613092,8.434294105823042e-06,6.107522941383048e-05,58,6877337,105
same_asset_target_free_conservative,100.0,64.0,simMed_test.mat,0.0001,tpsscs_finished_detector,0.5560730802855769,0.0006621331072282781,0.003451277430783562,4553,6877337,105
same_asset_target_free_conservative,100.0,64.0,simMed_test.mat,0.0003,low_rank_residual_k30,0.4657849457505103,0.0006833675312517056,0.003726157934120306,4699,6877337,105
same_asset_target_free_conservative,100.0,64.0,simMed_test.mat,0.0003,raw,0.0781139845070218,1.5850725438369646e-05,0.00012212062464699507,109,6877337,105
same_asset_target_free_conservative,100.0,64.0,simMed_test.mat,0.0003,tpsscs_finished_detector,0.5731514387973251,0.0007249574153365907,0.0038025136294916237,4985,6877337,105
same_asset_target_free_conservative,100.0,64.0,simMed_test.mat,0.001,low_rank_residual_k30,0.5058578438401101,0.0008641310647307332,0.004657697417650383,5942,6877337,105
same_asset_target_free_conservative,100.0,64.0,simMed_test.mat,0.001,raw,0.10756648816697639,3.722715648196352e-05,0.00032067922914821487,256,6877337,105
same_asset_target_free_conservative,100.0,64.0,simMed_test.mat,0.001,tpsscs_finished_detector,0.6036415438853454,0.0009033941090422286,0.0047340531130217,6212,6877337,105
same_asset_target_free_conservative,100.0,64.0,simMed_test.mat,0.003,low_rank_residual_k30,0.5625909891620389,0.0011719939805895229,0.006337522715819373,8059,6877337,105
same_asset_target_free_conservative,100.0,64.0,simMed_test.mat,0.003,raw,0.15562154018553298,8.594089017915495e-05,0.0005650062608801882,591,6877337,105
same_asset_target_free_conservative,100.0,64.0,simMed_test.mat,0.003,tpsscs_finished_detector,0.6511557752021293,0.0012079123045479947,0.006398607272116427,8306,6877337,105
same_asset_target_free_conservative,100.0,64.0,simMed_test.mat,0.01,low_rank_residual_k30,0.6348799098149865,0.0018844251586887034,0.010628712795687431,12958,6877337,105
same_asset_target_free_conservative,100.0,64.0,simMed_test.mat,0.01,raw,0.21193421477767457,0.00024342275173026146,0.0013896099929755978,1674,6877337,105
same_asset_target_free_conservative,100.0,64.0,simMed_test.mat,0.01,tpsscs_finished_detector,0.711663422804685,0.0019151082408242332,0.010689797351984484,13169,6877337,105
same_asset_target_free_conservative,100.0,64.0,simWind_test.mat,1e-05,low_rank_residual_k30,0.3935000841325194,0.00043585339809578603,0.0024129505192425167,2997,6877337,105
same_asset_target_free_conservative,100.0,64.0,simWind_test.mat,1e-05,raw,0.0721301168808562,1.0470130775905792e-05,6.109015379446218e-05,72,6877337,105
same_asset_target_free_conservative,100.0,64.0,simWind_test.mat,1e-05,tpsscs_finished_detector,0.5417774816060152,0.0005073997466227872,0.002596212583995113,3489,6877337,105
same_asset_target_free_conservative,100.0,64.0,simWind_test.mat,3e-05,low_rank_residual_k30,0.3935000841325194,0.00043585339809578603,0.0024129505192425167,2997,6877337,105
same_asset_target_free_conservative,100.0,64.0,simWind_test.mat,3e-05,raw,0.0721301168808562,1.0470130775905792e-05,6.109015379446218e-05,72,6877337,105
same_asset_target_free_conservative,100.0,64.0,simWind_test.mat,3e-05,tpsscs_finished_detector,0.5417774816060152,0.0005073997466227872,0.002596212583995113,3489,6877337,105
same_asset_target_free_conservative,100.0,64.0,simWind_test.mat,0.0001,low_rank_residual_k30,0.39500412794719236,0.0004393437621403459,0.002443494196701283,3021,6877337,105
same_asset_target_free_conservative,100.0,64.0,simWind_test.mat,0.0001,raw,0.07680541719094329,1.1633519577767175e-05,6.109015379446218e-05,80,6877337,105
same_asset_target_free_conservative,100.0,64.0,simWind_test.mat,0.0001,tpsscs_finished_detector,0.5432815254206882,0.0005105993006629139,0.002626756261453879,3511,6877337,105
same_asset_target_free_conservative,100.0,64.0,simWind_test.mat,0.0003,low_rank_residual_k30,0.44028590389300853,0.0005539395017457062,0.0029324169530355096,3809,6877337,105
same_asset_target_free_conservative,100.0,64.0,simWind_test.mat,0.0003,raw,0.08532213978363944,1.4832789406214485e-05,7.636269224307772e-05,102,6877337,105
same_asset_target_free_conservative,100.0,64.0,simWind_test.mat,0.0003,tpsscs_finished_detector,0.574045418623389,0.0006195235090104066,0.003039327987781596,4260,6877337,105
same_asset_target_free_conservative,100.0,64.0,simWind_test.mat,0.001,low_rank_residual_k30,0.5146669373547608,0.000796073936883479,0.004214641297376538,5474,6877337,105
same_asset_target_free_conservative,100.0,64.0,simWind_test.mat,0.001,raw,0.1356314737309295,4.435237379505854e-05,0.0002900364835366133,305,6877337,105
same_asset_target_free_conservative,100.0,64.0,simWind_test.mat,0.001,tpsscs_finished_detector,0.6259869621313351,0.0008535139227401138,0.00429099349479278,5869,6877337,105
same_asset_target_free_conservative,100.0,64.0,simWind_test.mat,0.003,low_rank_residual_k30,0.5595163466673178,0.0010312276611371004,0.006306691506581559,7091,6877337,105
same_asset_target_free_conservative,100.0,64.0,simWind_test.mat,0.003,raw,0.1810977740054476,9.044882416471023e-05,0.0005037475766688546,622,6877337,105
same_asset_target_free_conservative,100.0,64.0,simWind_test.mat,0.003,tpsscs_finished_detector,0.6619455965837654,0.0010829961179814709,0.006383043703997801,7447,6877337,105
same_asset_target_free_conservative,100.0,64.0,simWind_test.mat,0.01,low_rank_residual_k30,0.6273049352666404,0.0017346508383130094,0.013117307516110314,11928,6877337,105
same_asset_target_free_conservative,100.0,64.0,simWind_test.mat,0.01,raw,0.24698450192934282,0.0002531639469931158,0.0012822665587934481,1741,6877337,105
same_asset_target_free_conservative,100.0,64.0,simWind_test.mat,0.01,tpsscs_finished_detector,0.7169153443049799,0.0017794392709619287,0.013193659713526555,12236,6877337,105
same_asset_target_free_conservative,100.0,256.0,combined,1e-05,low_rank_residual_k30,0.41671392376906374,0.000519254736461002,0.0033749217354122445,7141,13754674,210
same_asset_target_free_conservative,100.0,256.0,combined,1e-05,raw,0.06329340133139344,9.452212440864415e-06,6.109015379446218e-05,130,13754674,210
same_asset_target_free_conservative,100.0,256.0,combined,1e-05,tpsscs_finished_detector,0.5172467502925157,0.0005537920163980703,0.0034360062917092988,7616,13754674,210
same_asset_target_free_conservative,100.0,256.0,combined,3e-05,low_rank_residual_k30,0.41671392376906374,0.000519254736461002,0.0033749217354122445,7141,13754674,210
same_asset_target_free_conservative,100.0,256.0,combined,3e-05,raw,0.06329340133139344,9.452212440864415e-06,6.109015379446218e-05,130,13754674,210
same_asset_target_free_conservative,100.0,256.0,combined,3e-05,tpsscs_finished_detector,0.5172467502925157,0.0005537920163980703,0.0034360062917092988,7616,13754674,210
same_asset_target_free_conservative,100.0,256.0,combined,0.0001,low_rank_residual_k30,0.4204893445126785,0.0005296526737485884,0.0033749217354122445,7284,13754674,210
same_asset_target_free_conservative,100.0,256.0,combined,0.0001,raw,0.0657531516085371,1.0033906841795108e-05,6.109015379446218e-05,138,13754674,210
same_asset_target_free_conservative,100.0,256.0,combined,0.0001,tpsscs_finished_detector,0.5206814669996523,0.0005640445431335038,0.0034360062917092988,7757,13754674,210
same_asset_target_free_conservative,100.0,256.0,combined,0.0003,low_rank_residual_k30,0.45303542482175946,0.0006186535164987059,0.003726157934120306,8508,13754674,210
same_asset_target_free_conservative,100.0,256.0,combined,0.0003,raw,0.08171806214533062,1.5341757422292066e-05,0.00012212062464699507,211,13754674,210
same_asset_target_free_conservative,100.0,256.0,combined,0.0003,tpsscs_finished_detector,0.5466016263175663,0.0006510094093903582,0.00378724249041736,8953,13754674,210
same_asset_target_free_conservative,100.0,256.0,combined,0.001,low_rank_residual_k30,0.5102623905974354,0.0008301025008071062,0.004657697417650383,11416,13754674,210
same_asset_target_free_conservative,100.0,256.0,combined,0.001,raw,0.12159898094895295,4.0789765138511033e-05,0.00032067922914821487,561,13754674,210
same_asset_target_free_conservative,100.0,256.0,combined,0.001,tpsscs_finished_detector,0.591645746078917,0.0008598407583447742,0.004718781973947437,11825,13754674,210
same_asset_target_free_conservative,100.0,256.0,combined,0.003,low_rank_residual_k30,0.5610536679146784,0.0011016108208633116,0.006337522715819373,15150,13754674,210
same_asset_target_free_conservative,100.0,256.0,combined,0.003,raw,0.1683596570954903,8.81948571719326e-05,0.0005650062608801882,1213,13754674,210
same_asset_target_free_conservative,100.0,256.0,combined,0.003,tpsscs_finished_detector,0.6360997053787161,0.0011288041671882148,0.006383336133042164,15524,13754674,210
same_asset_target_free_conservative,100.0,256.0,combined,0.01,low_rank_residual_k30,0.6310924225408134,0.0018095379985008564,0.013117307516110314,24886,13754674,210
same_asset_target_free_conservative,100.0,256.0,combined,0.01,raw,0.2294593583535087,0.00024829334936168863,0.0013896099929755978,3415,13754674,210
same_asset_target_free_conservative,100.0,256.0,combined,0.01,tpsscs_finished_detector,0.6960321096310321,0.0018332412616736936,0.013163118834560058,25212,13754674,210
same_asset_target_free_conservative,100.0,256.0,simMed_test.mat,1e-05,low_rank_residual_k30,0.4399277634056081,0.000602656074826218,0.0033749217354122445,4144,6877337,105
same_asset_target_free_conservative,100.0,256.0,simMed_test.mat,1e-05,raw,0.05445668578193068,8.434294105823042e-06,6.107522941383048e-05,58,6877337,105
same_asset_target_free_conservative,100.0,256.0,simMed_test.mat,1e-05,tpsscs_finished_detector,0.527459707846649,0.0006302858192903492,0.0034360062917092988,4334,6877337,105
same_asset_target_free_conservative,100.0,256.0,simMed_test.mat,3e-05,low_rank_residual_k30,0.4399277634056081,0.000602656074826218,0.0033749217354122445,4144,6877337,105
same_asset_target_free_conservative,100.0,256.0,simMed_test.mat,3e-05,raw,0.05445668578193068,8.434294105823042e-06,6.107522941383048e-05,58,6877337,105
same_asset_target_free_conservative,100.0,256.0,simMed_test.mat,3e-05,tpsscs_finished_detector,0.527459707846649,0.0006302858192903492,0.0034360062917092988,4334,6877337,105
same_asset_target_free_conservative,100.0,256.0,simMed_test.mat,0.0001,low_rank_residual_k30,0.4459745610781645,0.000619961585356831,0.0033749217354122445,4263,6877337,105
same_asset_target_free_conservative,100.0,256.0,simMed_test.mat,0.0001,raw,0.05470088602613092,8.434294105823042e-06,6.107522941383048e-05,58,6877337,105
same_asset_target_free_conservative,100.0,256.0,simMed_test.mat,0.0001,tpsscs_finished_detector,0.5328250974462493,0.0006474459192688093,0.0034360062917092988,4452,6877337,105
same_asset_target_free_conservative,100.0,256.0,simMed_test.mat,0.0003,low_rank_residual_k30,0.4657849457505103,0.0006833675312517056,0.003726157934120306,4699,6877337,105
same_asset_target_free_conservative,100.0,256.0,simMed_test.mat,0.0003,raw,0.0781139845070218,1.5850725438369646e-05,0.00012212062464699507,109,6877337,105
same_asset_target_free_conservative,100.0,256.0,simMed_test.mat,0.0003,tpsscs_finished_detector,0.5507087881919012,0.0007104156312691479,0.00378724249041736,4885,6877337,105
same_asset_target_free_conservative,100.0,256.0,simMed_test.mat,0.001,low_rank_residual_k30,0.5058578438401101,0.0008641310647307332,0.004657697417650383,5942,6877337,105
same_asset_target_free_conservative,100.0,256.0,simMed_test.mat,0.001,raw,0.10756648816697639,3.722715648196352e-05,0.00032067922914821487,256,6877337,105
same_asset_target_free_conservative,100.0,256.0,simMed_test.mat,0.001,tpsscs_finished_detector,0.5825420597725897,0.0008895795065366577,0.004718781973947437,6117,6877337,105
same_asset_target_free_conservative,100.0,256.0,simMed_test.mat,0.003,low_rank_residual_k30,0.5625909891620389,0.0011719939805895229,0.006337522715819373,8059,6877337,105
same_asset_target_free_conservative,100.0,256.0,simMed_test.mat,0.003,raw,0.15562154018553298,8.594089017915495e-05,0.0005650062608801882,591,6877337,105
same_asset_target_free_conservative,100.0,256.0,simMed_test.mat,0.003,tpsscs_finished_detector,0.6324448103889412,0.0011949702364299213,0.006383336133042164,8217,6877337,105
same_asset_target_free_conservative,100.0,256.0,simMed_test.mat,0.01,low_rank_residual_k30,0.6348799098149865,0.0018844251586887034,0.010628712795687431,12958,6877337,105
same_asset_target_free_conservative,100.0,256.0,simMed_test.mat,0.01,raw,0.21193421477767457,0.00024342275173026146,0.0013896099929755978,1674,6877337,105
same_asset_target_free_conservative,100.0,256.0,simMed_test.mat,0.01,tpsscs_finished_detector,0.6952369371247631,0.001904347553055814,0.01067452621291022,13095,6877337,105
same_asset_target_free_conservative,100.0,256.0,simWind_test.mat,1e-05,low_rank_residual_k30,0.3935000841325194,0.00043585339809578603,0.0024129505192425167,2997,6877337,105
same_asset_target_free_conservative,100.0,256.0,simWind_test.mat,1e-05,raw,0.0721301168808562,1.0470130775905792e-05,6.109015379446218e-05,72,6877337,105
same_asset_target_free_conservative,100.0,256.0,simWind_test.mat,1e-05,tpsscs_finished_detector,0.5070337927383822,0.0004772982135057913,0.0025351252290775807,3282,6877337,105
same_asset_target_free_conservative,100.0,256.0,simWind_test.mat,3e-05,low_rank_residual_k30,0.3935000841325194,0.00043585339809578603,0.0024129505192425167,2997,6877337,105
same_asset_target_free_conservative,100.0,256.0,simWind_test.mat,3e-05,raw,0.0721301168808562,1.0470130775905792e-05,6.109015379446218e-05,72,6877337,105
same_asset_target_free_conservative,100.0,256.0,simWind_test.mat,3e-05,tpsscs_finished_detector,0.5070337927383822,0.0004772982135057913,0.0025351252290775807,3282,6877337,105
same_asset_target_free_conservative,100.0,256.0,simWind_test.mat,0.0001,low_rank_residual_k30,0.39500412794719236,0.0004393437621403459,0.002443494196701283,3021,6877337,105
same_asset_target_free_conservative,100.0,256.0,simWind_test.mat,0.0001,raw,0.07680541719094329,1.1633519577767175e-05,6.109015379446218e-05,80,6877337,105
same_asset_target_free_conservative,100.0,256.0,simWind_test.mat,0.0001,tpsscs_finished_detector,0.5085378365530553,0.0004806431669981982,0.002565668906536347,3305,6877337,105
same_asset_target_free_conservative,100.0,256.0,simWind_test.mat,0.0003,low_rank_residual_k30,0.44028590389300853,0.0005539395017457062,0.0029324169530355096,3809,6877337,105
same_asset_target_free_conservative,100.0,256.0,simWind_test.mat,0.0003,raw,0.08532213978363944,1.4832789406214485e-05,7.636269224307772e-05,102,6877337,105
same_asset_target_free_conservative,100.0,256.0,simWind_test.mat,0.0003,tpsscs_finished_detector,0.5424944644432312,0.0005916031875115687,0.0030240549828178696,4068,6877337,105
same_asset_target_free_conservative,100.0,256.0,simWind_test.mat,0.001,low_rank_residual_k30,0.5146669373547608,0.000796073936883479,0.004214641297376538,5474,6877337,105
same_asset_target_free_conservative,100.0,256.0,simWind_test.mat,0.001,raw,0.1356314737309295,4.435237379505854e-05,0.0002900364835366133,305,6877337,105
same_asset_target_free_conservative,100.0,256.0,simWind_test.mat,0.001,tpsscs_finished_detector,0.600749432385244,0.0008301020101528906,0.004260452615826284,5708,6877337,105
same_asset_target_free_conservative,100.0,256.0,simWind_test.mat,0.003,low_rank_residual_k30,0.5595163466673178,0.0010312276611371004,0.006306691506581559,7091,6877337,105
same_asset_target_free_conservative,100.0,256.0,simWind_test.mat,0.003,raw,0.1810977740054476,9.044882416471023e-05,0.0005037475766688546,622,6877337,105
same_asset_target_free_conservative,100.0,256.0,simWind_test.mat,0.003,tpsscs_finished_detector,0.6397546003684909,0.0010626380979465082,0.006352502825031304,7307,6877337,105
same_asset_target_free_conservative,100.0,256.0,simWind_test.mat,0.01,low_rank_residual_k30,0.6273049352666404,0.0017346508383130094,0.013117307516110314,11928,6877337,105
same_asset_target_free_conservative,100.0,256.0,simWind_test.mat,0.01,raw,0.24698450192934282,0.0002531639469931158,0.0012822665587934481,1741,6877337,105
same_asset_target_free_conservative,100.0,256.0,simWind_test.mat,0.01,tpsscs_finished_detector,0.6968272821373013,0.0017621349702915728,0.013163118834560058,12117,6877337,105
same_asset_target_free_conservative,1000.0,0.0,combined,1e-05,low_rank_residual_k30,0.41671392376906374,0.000519254736461002,0.0033749217354122445,7141,13754674,210
same_asset_target_free_conservative,1000.0,0.0,combined,1e-05,raw,0.06329340133139344,9.452212440864415e-06,6.109015379446218e-05,130,13754674,210
same_asset_target_free_conservative,1000.0,0.0,combined,1e-05,tpsscs_finished_detector,0.5589046595993902,0.0005893463810321673,0.0034665485698578257,8105,13754674,210
same_asset_target_free_conservative,1000.0,0.0,combined,3e-05,low_rank_residual_k30,0.41671392376906374,0.000519254736461002,0.0033749217354122445,7141,13754674,210
same_asset_target_free_conservative,1000.0,0.0,combined,3e-05,raw,0.06329340133139344,9.452212440864415e-06,6.109015379446218e-05,130,13754674,210
same_asset_target_free_conservative,1000.0,0.0,combined,3e-05,tpsscs_finished_detector,0.5589046595993902,0.0005893463810321673,0.0034665485698578257,8105,13754674,210
same_asset_target_free_conservative,1000.0,0.0,combined,0.0001,low_rank_residual_k30,0.41671392376906374,0.000519254736461002,0.0033749217354122445,7141,13754674,210
same_asset_target_free_conservative,1000.0,0.0,combined,0.0001,raw,0.06329340133139344,9.452212440864415e-06,6.109015379446218e-05,130,13754674,210
same_asset_target_free_conservative,1000.0,0.0,combined,0.0001,tpsscs_finished_detector,0.5589046595993902,0.0005893463810321673,0.0034665485698578257,8105,13754674,210
same_asset_target_free_conservative,1000.0,0.0,combined,0.0003,low_rank_residual_k30,0.41671392376906374,0.000519254736461002,0.0033749217354122445,7141,13754674,210
same_asset_target_free_conservative,1000.0,0.0,combined,0.0003,raw,0.06329340133139344,9.452212440864415e-06,6.109015379446218e-05,130,13754674,210
same_asset_target_free_conservative,1000.0,0.0,combined,0.0003,tpsscs_finished_detector,0.5589046595993902,0.0005893463810321673,0.0034665485698578257,8105,13754674,210
same_asset_target_free_conservative,1000.0,0.0,combined,0.001,low_rank_residual_k30,0.4204893445126785,0.0005296526737485884,0.0033749217354122445,7284,13754674,210
same_asset_target_free_conservative,1000.0,0.0,combined,0.001,raw,0.0657531516085371,1.0033906841795108e-05,6.109015379446218e-05,138,13754674,210
same_asset_target_free_conservative,1000.0,0.0,combined,0.001,tpsscs_finished_detector,0.5618297237968743,0.0005993080899874257,0.0034665485698578257,8242,13754674,210
same_asset_target_free_conservative,1000.0,0.0,combined,0.003,low_rank_residual_k30,0.45303542482175946,0.0006186535164987059,0.003726157934120306,8508,13754674,210
same_asset_target_free_conservative,1000.0,0.0,combined,0.003,raw,0.08171806214533062,1.5341757422292066e-05,0.00012212062464699507,211,13754674,210
same_asset_target_free_conservative,1000.0,0.0,combined,0.003,tpsscs_finished_detector,0.5840330595852641,0.0006843825035493351,0.0038177847685658874,9412,13754674,210
same_asset_target_free_conservative,1000.0,0.0,combined,0.01,low_rank_residual_k30,0.5102623905974354,0.0008301025008071062,0.004657697417650383,11416,13754674,210
same_asset_target_free_conservative,1000.0,0.0,combined,0.01,raw,0.12159898094895295,4.0789765138511033e-05,0.00032067922914821487,561,13754674,210
same_asset_target_free_conservative,1000.0,0.0,combined,0.01,tpsscs_finished_detector,0.6234848202391009,0.0008892872434633234,0.004749324252095964,12230,13754674,210
same_asset_target_free_conservative,1000.0,0.0,simMed_test.mat,1e-05,low_rank_residual_k30,0.4399277634056081,0.000602656074826218,0.0033749217354122445,4144,6877337,105
same_asset_target_free_conservative,1000.0,0.0,simMed_test.mat,1e-05,raw,0.05445668578193068,8.434294105823042e-06,6.107522941383048e-05,58,6877337,105
same_asset_target_free_conservative,1000.0,0.0,simMed_test.mat,1e-05,tpsscs_finished_detector,0.5614758805091413,0.0006526801043145581,0.0034665485698578257,4488,6877337,105
same_asset_target_free_conservative,1000.0,0.0,simMed_test.mat,3e-05,low_rank_residual_k30,0.4399277634056081,0.000602656074826218,0.0033749217354122445,4144,6877337,105
same_asset_target_free_conservative,1000.0,0.0,simMed_test.mat,3e-05,raw,0.05445668578193068,8.434294105823042e-06,6.107522941383048e-05,58,6877337,105
same_asset_target_free_conservative,1000.0,0.0,simMed_test.mat,3e-05,tpsscs_finished_detector,0.5614758805091413,0.0006526801043145581,0.0034665485698578257,4488,6877337,105
same_asset_target_free_conservative,1000.0,0.0,simMed_test.mat,0.0001,low_rank_residual_k30,0.4399277634056081,0.000602656074826218,0.0033749217354122445,4144,6877337,105
same_asset_target_free_conservative,1000.0,0.0,simMed_test.mat,0.0001,raw,0.05445668578193068,8.434294105823042e-06,6.107522941383048e-05,58,6877337,105
same_asset_target_free_conservative,1000.0,0.0,simMed_test.mat,0.0001,tpsscs_finished_detector,0.5614758805091413,0.0006526801043145581,0.0034665485698578257,4488,6877337,105
same_asset_target_free_conservative,1000.0,0.0,simMed_test.mat,0.0003,low_rank_residual_k30,0.4399277634056081,0.000602656074826218,0.0033749217354122445,4144,6877337,105
same_asset_target_free_conservative,1000.0,0.0,simMed_test.mat,0.0003,raw,0.05445668578193068,8.434294105823042e-06,6.107522941383048e-05,58,6877337,105
same_asset_target_free_conservative,1000.0,0.0,simMed_test.mat,0.0003,tpsscs_finished_detector,0.5614758805091413,0.0006526801043145581,0.0034665485698578257,4488,6877337,105
same_asset_target_free_conservative,1000.0,0.0,simMed_test.mat,0.001,low_rank_residual_k30,0.4459745610781645,0.000619961585356831,0.0033749217354122445,4263,6877337,105
same_asset_target_free_conservative,1000.0,0.0,simMed_test.mat,0.001,raw,0.05470088602613092,8.434294105823042e-06,6.107522941383048e-05,58,6877337,105
same_asset_target_free_conservative,1000.0,0.0,simMed_test.mat,0.001,tpsscs_finished_detector,0.5658219650894367,0.0006695494120468901,0.0034665485698578257,4604,6877337,105
same_asset_target_free_conservative,1000.0,0.0,simMed_test.mat,0.003,low_rank_residual_k30,0.4657849457505103,0.0006833675312517056,0.003726157934120306,4699,6877337,105
same_asset_target_free_conservative,1000.0,0.0,simMed_test.mat,0.003,raw,0.0781139845070218,1.5850725438369646e-05,0.00012212062464699507,109,6877337,105
same_asset_target_free_conservative,1000.0,0.0,simMed_test.mat,0.003,tpsscs_finished_detector,0.582372602734481,0.0007323737201552028,0.0038177847685658874,5036,6877337,105
same_asset_target_free_conservative,1000.0,0.0,simMed_test.mat,0.01,low_rank_residual_k30,0.5058578438401101,0.0008641310647307332,0.004657697417650383,5942,6877337,105
same_asset_target_free_conservative,1000.0,0.0,simMed_test.mat,0.01,raw,0.10756648816697639,3.722715648196352e-05,0.00032067922914821487,256,6877337,105
same_asset_target_free_conservative,1000.0,0.0,simMed_test.mat,0.01,tpsscs_finished_detector,0.6117584070163372,0.0009102287094515099,0.004749324252095964,6259,6877337,105
same_asset_target_free_conservative,1000.0,0.0,simWind_test.mat,1e-05,low_rank_residual_k30,0.3935000841325194,0.00043585339809578603,0.0024129505192425167,2997,6877337,105
same_asset_target_free_conservative,1000.0,0.0,simWind_test.mat,1e-05,raw,0.0721301168808562,1.0470130775905792e-05,6.109015379446218e-05,72,6877337,105
same_asset_target_free_conservative,1000.0,0.0,simWind_test.mat,1e-05,tpsscs_finished_detector,0.5563334386896389,0.0005260126577497765,0.002626756261453879,3617,6877337,105
same_asset_target_free_conservative,1000.0,0.0,simWind_test.mat,3e-05,low_rank_residual_k30,0.3935000841325194,0.00043585339809578603,0.0024129505192425167,2997,6877337,105
same_asset_target_free_conservative,1000.0,0.0,simWind_test.mat,3e-05,raw,0.0721301168808562,1.0470130775905792e-05,6.109015379446218e-05,72,6877337,105
same_asset_target_free_conservative,1000.0,0.0,simWind_test.mat,3e-05,tpsscs_finished_detector,0.5563334386896389,0.0005260126577497765,0.002626756261453879,3617,6877337,105
same_asset_target_free_conservative,1000.0,0.0,simWind_test.mat,0.0001,low_rank_residual_k30,0.3935000841325194,0.00043585339809578603,0.0024129505192425167,2997,6877337,105
same_asset_target_free_conservative,1000.0,0.0,simWind_test.mat,0.0001,raw,0.0721301168808562,1.0470130775905792e-05,6.109015379446218e-05,72,6877337,105
same_asset_target_free_conservative,1000.0,0.0,simWind_test.mat,0.0001,tpsscs_finished_detector,0.5563334386896389,0.0005260126577497765,0.002626756261453879,3617,6877337,105
same_asset_target_free_conservative,1000.0,0.0,simWind_test.mat,0.0003,low_rank_residual_k30,0.3935000841325194,0.00043585339809578603,0.0024129505192425167,2997,6877337,105
same_asset_target_free_conservative,1000.0,0.0,simWind_test.mat,0.0003,raw,0.0721301168808562,1.0470130775905792e-05,6.109015379446218e-05,72,6877337,105
same_asset_target_free_conservative,1000.0,0.0,simWind_test.mat,0.0003,tpsscs_finished_detector,0.5563334386896389,0.0005260126577497765,0.002626756261453879,3617,6877337,105
same_asset_target_free_conservative,1000.0,0.0,simWind_test.mat,0.001,low_rank_residual_k30,0.39500412794719236,0.0004393437621403459,0.002443494196701283,3021,6877337,105
same_asset_target_free_conservative,1000.0,0.0,simWind_test.mat,0.001,raw,0.07680541719094329,1.1633519577767175e-05,6.109015379446218e-05,80,6877337,105
same_asset_target_free_conservative,1000.0,0.0,simWind_test.mat,0.001,tpsscs_finished_detector,0.5578374825043119,0.0005290667679279614,0.002657584042276969,3638,6877337,105
same_asset_target_free_conservative,1000.0,0.0,simWind_test.mat,0.003,low_rank_residual_k30,0.44028590389300853,0.0005539395017457062,0.0029324169530355096,3809,6877337,105
same_asset_target_free_conservative,1000.0,0.0,simWind_test.mat,0.003,raw,0.08532213978363944,1.4832789406214485e-05,7.636269224307772e-05,102,6877337,105
same_asset_target_free_conservative,1000.0,0.0,simWind_test.mat,0.003,tpsscs_finished_detector,0.5856935164360473,0.0006363912869434674,0.0030698739977090494,4376,6877337,105
same_asset_target_free_conservative,1000.0,0.0,simWind_test.mat,0.01,low_rank_residual_k30,0.5146669373547608,0.000796073936883479,0.004214641297376538,5474,6877337,105
same_asset_target_free_conservative,1000.0,0.0,simWind_test.mat,0.01,raw,0.1356314737309295,4.435237379505854e-05,0.0002900364835366133,305,6877337,105
same_asset_target_free_conservative,1000.0,0.0,simWind_test.mat,0.01,tpsscs_finished_detector,0.6352112334618645,0.0008683457774751371,0.004321534373759277,5971,6877337,105
same_asset_target_free_conservative,1000.0,0.25,combined,1e-05,low_rank_residual_k30,0.41671392376906374,0.000519254736461002,0.0033749217354122445,7141,13754674,210
same_asset_target_free_conservative,1000.0,0.25,combined,1e-05,raw,0.06329340133139344,9.452212440864415e-06,6.109015379446218e-05,130,13754674,210
same_asset_target_free_conservative,1000.0,0.25,combined,1e-05,tpsscs_finished_detector,0.5589046595993902,0.0005893463810321673,0.0034665485698578257,8105,13754674,210
same_asset_target_free_conservative,1000.0,0.25,combined,3e-05,low_rank_residual_k30,0.41671392376906374,0.000519254736461002,0.0033749217354122445,7141,13754674,210
same_asset_target_free_conservative,1000.0,0.25,combined,3e-05,raw,0.06329340133139344,9.452212440864415e-06,6.109015379446218e-05,130,13754674,210
same_asset_target_free_conservative,1000.0,0.25,combined,3e-05,tpsscs_finished_detector,0.5589046595993902,0.0005893463810321673,0.0034665485698578257,8105,13754674,210
same_asset_target_free_conservative,1000.0,0.25,combined,0.0001,low_rank_residual_k30,0.41671392376906374,0.000519254736461002,0.0033749217354122445,7141,13754674,210
same_asset_target_free_conservative,1000.0,0.25,combined,0.0001,raw,0.06329340133139344,9.452212440864415e-06,6.109015379446218e-05,130,13754674,210
same_asset_target_free_conservative,1000.0,0.25,combined,0.0001,tpsscs_finished_detector,0.5589046595993902,0.0005893463810321673,0.0034665485698578257,8105,13754674,210
same_asset_target_free_conservative,1000.0,0.25,combined,0.0003,low_rank_residual_k30,0.41671392376906374,0.000519254736461002,0.0033749217354122445,7141,13754674,210
same_asset_target_free_conservative,1000.0,0.25,combined,0.0003,raw,0.06329340133139344,9.452212440864415e-06,6.109015379446218e-05,130,13754674,210
same_asset_target_free_conservative,1000.0,0.25,combined,0.0003,tpsscs_finished_detector,0.5589046595993902,0.0005893463810321673,0.0034665485698578257,8105,13754674,210
same_asset_target_free_conservative,1000.0,0.25,combined,0.001,low_rank_residual_k30,0.4204893445126785,0.0005296526737485884,0.0033749217354122445,7284,13754674,210
same_asset_target_free_conservative,1000.0,0.25,combined,0.001,raw,0.0657531516085371,1.0033906841795108e-05,6.109015379446218e-05,138,13754674,210
same_asset_target_free_conservative,1000.0,0.25,combined,0.001,tpsscs_finished_detector,0.5618297237968743,0.0005993080899874257,0.0034665485698578257,8242,13754674,210
same_asset_target_free_conservative,1000.0,0.25,combined,0.003,low_rank_residual_k30,0.45303542482175946,0.0006186535164987059,0.003726157934120306,8508,13754674,210
same_asset_target_free_conservative,1000.0,0.25,combined,0.003,raw,0.08171806214533062,1.5341757422292066e-05,0.00012212062464699507,211,13754674,210
same_asset_target_free_conservative,1000.0,0.25,combined,0.003,tpsscs_finished_detector,0.5840330595852641,0.0006843825035493351,0.0038177847685658874,9412,13754674,210
same_asset_target_free_conservative,1000.0,0.25,combined,0.01,low_rank_residual_k30,0.5102623905974354,0.0008301025008071062,0.004657697417650383,11416,13754674,210
same_asset_target_free_conservative,1000.0,0.25,combined,0.01,raw,0.12159898094895295,4.0789765138511033e-05,0.00032067922914821487,561,13754674,210
same_asset_target_free_conservative,1000.0,0.25,combined,0.01,tpsscs_finished_detector,0.6234848202391009,0.0008892872434633234,0.004749324252095964,12230,13754674,210
same_asset_target_free_conservative,1000.0,0.25,simMed_test.mat,1e-05,low_rank_residual_k30,0.4399277634056081,0.000602656074826218,0.0033749217354122445,4144,6877337,105
same_asset_target_free_conservative,1000.0,0.25,simMed_test.mat,1e-05,raw,0.05445668578193068,8.434294105823042e-06,6.107522941383048e-05,58,6877337,105
same_asset_target_free_conservative,1000.0,0.25,simMed_test.mat,1e-05,tpsscs_finished_detector,0.5614758805091413,0.0006526801043145581,0.0034665485698578257,4488,6877337,105
same_asset_target_free_conservative,1000.0,0.25,simMed_test.mat,3e-05,low_rank_residual_k30,0.4399277634056081,0.000602656074826218,0.0033749217354122445,4144,6877337,105
same_asset_target_free_conservative,1000.0,0.25,simMed_test.mat,3e-05,raw,0.05445668578193068,8.434294105823042e-06,6.107522941383048e-05,58,6877337,105
same_asset_target_free_conservative,1000.0,0.25,simMed_test.mat,3e-05,tpsscs_finished_detector,0.5614758805091413,0.0006526801043145581,0.0034665485698578257,4488,6877337,105
same_asset_target_free_conservative,1000.0,0.25,simMed_test.mat,0.0001,low_rank_residual_k30,0.4399277634056081,0.000602656074826218,0.0033749217354122445,4144,6877337,105
same_asset_target_free_conservative,1000.0,0.25,simMed_test.mat,0.0001,raw,0.05445668578193068,8.434294105823042e-06,6.107522941383048e-05,58,6877337,105
same_asset_target_free_conservative,1000.0,0.25,simMed_test.mat,0.0001,tpsscs_finished_detector,0.5614758805091413,0.0006526801043145581,0.0034665485698578257,4488,6877337,105
same_asset_target_free_conservative,1000.0,0.25,simMed_test.mat,0.0003,low_rank_residual_k30,0.4399277634056081,0.000602656074826218,0.0033749217354122445,4144,6877337,105
same_asset_target_free_conservative,1000.0,0.25,simMed_test.mat,0.0003,raw,0.05445668578193068,8.434294105823042e-06,6.107522941383048e-05,58,6877337,105
same_asset_target_free_conservative,1000.0,0.25,simMed_test.mat,0.0003,tpsscs_finished_detector,0.5614758805091413,0.0006526801043145581,0.0034665485698578257,4488,6877337,105
same_asset_target_free_conservative,1000.0,0.25,simMed_test.mat,0.001,low_rank_residual_k30,0.4459745610781645,0.000619961585356831,0.0033749217354122445,4263,6877337,105
same_asset_target_free_conservative,1000.0,0.25,simMed_test.mat,0.001,raw,0.05470088602613092,8.434294105823042e-06,6.107522941383048e-05,58,6877337,105
same_asset_target_free_conservative,1000.0,0.25,simMed_test.mat,0.001,tpsscs_finished_detector,0.5658219650894367,0.0006695494120468901,0.0034665485698578257,4604,6877337,105
same_asset_target_free_conservative,1000.0,0.25,simMed_test.mat,0.003,low_rank_residual_k30,0.4657849457505103,0.0006833675312517056,0.003726157934120306,4699,6877337,105
same_asset_target_free_conservative,1000.0,0.25,simMed_test.mat,0.003,raw,0.0781139845070218,1.5850725438369646e-05,0.00012212062464699507,109,6877337,105
same_asset_target_free_conservative,1000.0,0.25,simMed_test.mat,0.003,tpsscs_finished_detector,0.582372602734481,0.0007323737201552028,0.0038177847685658874,5036,6877337,105
same_asset_target_free_conservative,1000.0,0.25,simMed_test.mat,0.01,low_rank_residual_k30,0.5058578438401101,0.0008641310647307332,0.004657697417650383,5942,6877337,105
same_asset_target_free_conservative,1000.0,0.25,simMed_test.mat,0.01,raw,0.10756648816697639,3.722715648196352e-05,0.00032067922914821487,256,6877337,105
same_asset_target_free_conservative,1000.0,0.25,simMed_test.mat,0.01,tpsscs_finished_detector,0.6117584070163372,0.0009102287094515099,0.004749324252095964,6259,6877337,105
same_asset_target_free_conservative,1000.0,0.25,simWind_test.mat,1e-05,low_rank_residual_k30,0.3935000841325194,0.00043585339809578603,0.0024129505192425167,2997,6877337,105
same_asset_target_free_conservative,1000.0,0.25,simWind_test.mat,1e-05,raw,0.0721301168808562,1.0470130775905792e-05,6.109015379446218e-05,72,6877337,105
same_asset_target_free_conservative,1000.0,0.25,simWind_test.mat,1e-05,tpsscs_finished_detector,0.5563334386896389,0.0005260126577497765,0.002626756261453879,3617,6877337,105
same_asset_target_free_conservative,1000.0,0.25,simWind_test.mat,3e-05,low_rank_residual_k30,0.3935000841325194,0.00043585339809578603,0.0024129505192425167,2997,6877337,105
same_asset_target_free_conservative,1000.0,0.25,simWind_test.mat,3e-05,raw,0.0721301168808562,1.0470130775905792e-05,6.109015379446218e-05,72,6877337,105
same_asset_target_free_conservative,1000.0,0.25,simWind_test.mat,3e-05,tpsscs_finished_detector,0.5563334386896389,0.0005260126577497765,0.002626756261453879,3617,6877337,105
same_asset_target_free_conservative,1000.0,0.25,simWind_test.mat,0.0001,low_rank_residual_k30,0.3935000841325194,0.00043585339809578603,0.0024129505192425167,2997,6877337,105
same_asset_target_free_conservative,1000.0,0.25,simWind_test.mat,0.0001,raw,0.0721301168808562,1.0470130775905792e-05,6.109015379446218e-05,72,6877337,105
same_asset_target_free_conservative,1000.0,0.25,simWind_test.mat,0.0001,tpsscs_finished_detector,0.5563334386896389,0.0005260126577497765,0.002626756261453879,3617,6877337,105
same_asset_target_free_conservative,1000.0,0.25,simWind_test.mat,0.0003,low_rank_residual_k30,0.3935000841325194,0.00043585339809578603,0.0024129505192425167,2997,6877337,105
same_asset_target_free_conservative,1000.0,0.25,simWind_test.mat,0.0003,raw,0.0721301168808562,1.0470130775905792e-05,6.109015379446218e-05,72,6877337,105
same_asset_target_free_conservative,1000.0,0.25,simWind_test.mat,0.0003,tpsscs_finished_detector,0.5563334386896389,0.0005260126577497765,0.002626756261453879,3617,6877337,105
same_asset_target_free_conservative,1000.0,0.25,simWind_test.mat,0.001,low_rank_residual_k30,0.39500412794719236,0.0004393437621403459,0.002443494196701283,3021,6877337,105
same_asset_target_free_conservative,1000.0,0.25,simWind_test.mat,0.001,raw,0.07680541719094329,1.1633519577767175e-05,6.109015379446218e-05,80,6877337,105
same_asset_target_free_conservative,1000.0,0.25,simWind_test.mat,0.001,tpsscs_finished_detector,0.5578374825043119,0.0005290667679279614,0.002657584042276969,3638,6877337,105
same_asset_target_free_conservative,1000.0,0.25,simWind_test.mat,0.003,low_rank_residual_k30,0.44028590389300853,0.0005539395017457062,0.0029324169530355096,3809,6877337,105
same_asset_target_free_conservative,1000.0,0.25,simWind_test.mat,0.003,raw,0.08532213978363944,1.4832789406214485e-05,7.636269224307772e-05,102,6877337,105
same_asset_target_free_conservative,1000.0,0.25,simWind_test.mat,0.003,tpsscs_finished_detector,0.5856935164360473,0.0006363912869434674,0.0030698739977090494,4376,6877337,105
same_asset_target_free_conservative,1000.0,0.25,simWind_test.mat,0.01,low_rank_residual_k30,0.5146669373547608,0.000796073936883479,0.004214641297376538,5474,6877337,105
same_asset_target_free_conservative,1000.0,0.25,simWind_test.mat,0.01,raw,0.1356314737309295,4.435237379505854e-05,0.0002900364835366133,305,6877337,105
same_asset_target_free_conservative,1000.0,0.25,simWind_test.mat,0.01,tpsscs_finished_detector,0.6352112334618645,0.0008683457774751371,0.004321534373759277,5971,6877337,105
same_asset_target_free_conservative,1000.0,1.0,combined,1e-05,low_rank_residual_k30,0.41671392376906374,0.000519254736461002,0.0033749217354122445,7141,13754674,210
same_asset_target_free_conservative,1000.0,1.0,combined,1e-05,raw,0.06329340133139344,9.452212440864415e-06,6.109015379446218e-05,130,13754674,210
same_asset_target_free_conservative,1000.0,1.0,combined,1e-05,tpsscs_finished_detector,0.5588011399306532,0.0005893463810321673,0.0034665485698578257,8105,13754674,210
same_asset_target_free_conservative,1000.0,1.0,combined,3e-05,low_rank_residual_k30,0.41671392376906374,0.000519254736461002,0.0033749217354122445,7141,13754674,210
same_asset_target_free_conservative,1000.0,1.0,combined,3e-05,raw,0.06329340133139344,9.452212440864415e-06,6.109015379446218e-05,130,13754674,210
same_asset_target_free_conservative,1000.0,1.0,combined,3e-05,tpsscs_finished_detector,0.5588011399306532,0.0005893463810321673,0.0034665485698578257,8105,13754674,210
same_asset_target_free_conservative,1000.0,1.0,combined,0.0001,low_rank_residual_k30,0.41671392376906374,0.000519254736461002,0.0033749217354122445,7141,13754674,210
same_asset_target_free_conservative,1000.0,1.0,combined,0.0001,raw,0.06329340133139344,9.452212440864415e-06,6.109015379446218e-05,130,13754674,210
same_asset_target_free_conservative,1000.0,1.0,combined,0.0001,tpsscs_finished_detector,0.5588011399306532,0.0005893463810321673,0.0034665485698578257,8105,13754674,210
same_asset_target_free_conservative,1000.0,1.0,combined,0.0003,low_rank_residual_k30,0.41671392376906374,0.000519254736461002,0.0033749217354122445,7141,13754674,210
same_asset_target_free_conservative,1000.0,1.0,combined,0.0003,raw,0.06329340133139344,9.452212440864415e-06,6.109015379446218e-05,130,13754674,210
same_asset_target_free_conservative,1000.0,1.0,combined,0.0003,tpsscs_finished_detector,0.5588011399306532,0.0005893463810321673,0.0034665485698578257,8105,13754674,210
same_asset_target_free_conservative,1000.0,1.0,combined,0.001,low_rank_residual_k30,0.4204893445126785,0.0005296526737485884,0.0033749217354122445,7284,13754674,210
same_asset_target_free_conservative,1000.0,1.0,combined,0.001,raw,0.0657531516085371,1.0033906841795108e-05,6.109015379446218e-05,138,13754674,210
same_asset_target_free_conservative,1000.0,1.0,combined,0.001,tpsscs_finished_detector,0.5617262041281372,0.0005993080899874257,0.0034665485698578257,8242,13754674,210
same_asset_target_free_conservative,1000.0,1.0,combined,0.003,low_rank_residual_k30,0.45303542482175946,0.0006186535164987059,0.003726157934120306,8508,13754674,210
same_asset_target_free_conservative,1000.0,1.0,combined,0.003,raw,0.08171806214533062,1.5341757422292066e-05,0.00012212062464699507,211,13754674,210
same_asset_target_free_conservative,1000.0,1.0,combined,0.003,tpsscs_finished_detector,0.5839295399165271,0.0006843825035493351,0.0038177847685658874,9412,13754674,210
same_asset_target_free_conservative,1000.0,1.0,combined,0.01,low_rank_residual_k30,0.5102623905974354,0.0008301025008071062,0.004657697417650383,11416,13754674,210
same_asset_target_free_conservative,1000.0,1.0,combined,0.01,raw,0.12159898094895295,4.0789765138511033e-05,0.00032067922914821487,561,13754674,210
same_asset_target_free_conservative,1000.0,1.0,combined,0.01,tpsscs_finished_detector,0.6233813005703638,0.0008892872434633234,0.004749324252095964,12230,13754674,210
same_asset_target_free_conservative,1000.0,1.0,simMed_test.mat,1e-05,low_rank_residual_k30,0.4399277634056081,0.000602656074826218,0.0033749217354122445,4144,6877337,105
same_asset_target_free_conservative,1000.0,1.0,simMed_test.mat,1e-05,raw,0.05445668578193068,8.434294105823042e-06,6.107522941383048e-05,58,6877337,105
same_asset_target_free_conservative,1000.0,1.0,simMed_test.mat,1e-05,tpsscs_finished_detector,0.5614758805091413,0.0006526801043145581,0.0034665485698578257,4488,6877337,105
same_asset_target_free_conservative,1000.0,1.0,simMed_test.mat,3e-05,low_rank_residual_k30,0.4399277634056081,0.000602656074826218,0.0033749217354122445,4144,6877337,105
same_asset_target_free_conservative,1000.0,1.0,simMed_test.mat,3e-05,raw,0.05445668578193068,8.434294105823042e-06,6.107522941383048e-05,58,6877337,105
same_asset_target_free_conservative,1000.0,1.0,simMed_test.mat,3e-05,tpsscs_finished_detector,0.5614758805091413,0.0006526801043145581,0.0034665485698578257,4488,6877337,105
same_asset_target_free_conservative,1000.0,1.0,simMed_test.mat,0.0001,low_rank_residual_k30,0.4399277634056081,0.000602656074826218,0.0033749217354122445,4144,6877337,105
same_asset_target_free_conservative,1000.0,1.0,simMed_test.mat,0.0001,raw,0.05445668578193068,8.434294105823042e-06,6.107522941383048e-05,58,6877337,105
same_asset_target_free_conservative,1000.0,1.0,simMed_test.mat,0.0001,tpsscs_finished_detector,0.5614758805091413,0.0006526801043145581,0.0034665485698578257,4488,6877337,105
same_asset_target_free_conservative,1000.0,1.0,simMed_test.mat,0.0003,low_rank_residual_k30,0.4399277634056081,0.000602656074826218,0.0033749217354122445,4144,6877337,105
same_asset_target_free_conservative,1000.0,1.0,simMed_test.mat,0.0003,raw,0.05445668578193068,8.434294105823042e-06,6.107522941383048e-05,58,6877337,105
same_asset_target_free_conservative,1000.0,1.0,simMed_test.mat,0.0003,tpsscs_finished_detector,0.5614758805091413,0.0006526801043145581,0.0034665485698578257,4488,6877337,105
same_asset_target_free_conservative,1000.0,1.0,simMed_test.mat,0.001,low_rank_residual_k30,0.4459745610781645,0.000619961585356831,0.0033749217354122445,4263,6877337,105
same_asset_target_free_conservative,1000.0,1.0,simMed_test.mat,0.001,raw,0.05470088602613092,8.434294105823042e-06,6.107522941383048e-05,58,6877337,105
same_asset_target_free_conservative,1000.0,1.0,simMed_test.mat,0.001,tpsscs_finished_detector,0.5658219650894367,0.0006695494120468901,0.0034665485698578257,4604,6877337,105
same_asset_target_free_conservative,1000.0,1.0,simMed_test.mat,0.003,low_rank_residual_k30,0.4657849457505103,0.0006833675312517056,0.003726157934120306,4699,6877337,105
same_asset_target_free_conservative,1000.0,1.0,simMed_test.mat,0.003,raw,0.0781139845070218,1.5850725438369646e-05,0.00012212062464699507,109,6877337,105
same_asset_target_free_conservative,1000.0,1.0,simMed_test.mat,0.003,tpsscs_finished_detector,0.582372602734481,0.0007323737201552028,0.0038177847685658874,5036,6877337,105
same_asset_target_free_conservative,1000.0,1.0,simMed_test.mat,0.01,low_rank_residual_k30,0.5058578438401101,0.0008641310647307332,0.004657697417650383,5942,6877337,105
same_asset_target_free_conservative,1000.0,1.0,simMed_test.mat,0.01,raw,0.10756648816697639,3.722715648196352e-05,0.00032067922914821487,256,6877337,105
same_asset_target_free_conservative,1000.0,1.0,simMed_test.mat,0.01,tpsscs_finished_detector,0.6117584070163372,0.0009102287094515099,0.004749324252095964,6259,6877337,105
same_asset_target_free_conservative,1000.0,1.0,simWind_test.mat,1e-05,low_rank_residual_k30,0.3935000841325194,0.00043585339809578603,0.0024129505192425167,2997,6877337,105
same_asset_target_free_conservative,1000.0,1.0,simWind_test.mat,1e-05,raw,0.0721301168808562,1.0470130775905792e-05,6.109015379446218e-05,72,6877337,105
same_asset_target_free_conservative,1000.0,1.0,simWind_test.mat,1e-05,tpsscs_finished_detector,0.5561263993521649,0.0005260126577497765,0.002626756261453879,3617,6877337,105
same_asset_target_free_conservative,1000.0,1.0,simWind_test.mat,3e-05,low_rank_residual_k30,0.3935000841325194,0.00043585339809578603,0.0024129505192425167,2997,6877337,105
same_asset_target_free_conservative,1000.0,1.0,simWind_test.mat,3e-05,raw,0.0721301168808562,1.0470130775905792e-05,6.109015379446218e-05,72,6877337,105
same_asset_target_free_conservative,1000.0,1.0,simWind_test.mat,3e-05,tpsscs_finished_detector,0.5561263993521649,0.0005260126577497765,0.002626756261453879,3617,6877337,105
same_asset_target_free_conservative,1000.0,1.0,simWind_test.mat,0.0001,low_rank_residual_k30,0.3935000841325194,0.00043585339809578603,0.0024129505192425167,2997,6877337,105
same_asset_target_free_conservative,1000.0,1.0,simWind_test.mat,0.0001,raw,0.0721301168808562,1.0470130775905792e-05,6.109015379446218e-05,72,6877337,105
same_asset_target_free_conservative,1000.0,1.0,simWind_test.mat,0.0001,tpsscs_finished_detector,0.5561263993521649,0.0005260126577497765,0.002626756261453879,3617,6877337,105
same_asset_target_free_conservative,1000.0,1.0,simWind_test.mat,0.0003,low_rank_residual_k30,0.3935000841325194,0.00043585339809578603,0.0024129505192425167,2997,6877337,105
same_asset_target_free_conservative,1000.0,1.0,simWind_test.mat,0.0003,raw,0.0721301168808562,1.0470130775905792e-05,6.109015379446218e-05,72,6877337,105
same_asset_target_free_conservative,1000.0,1.0,simWind_test.mat,0.0003,tpsscs_finished_detector,0.5561263993521649,0.0005260126577497765,0.002626756261453879,3617,6877337,105
same_asset_target_free_conservative,1000.0,1.0,simWind_test.mat,0.001,low_rank_residual_k30,0.39500412794719236,0.0004393437621403459,0.002443494196701283,3021,6877337,105
same_asset_target_free_conservative,1000.0,1.0,simWind_test.mat,0.001,raw,0.07680541719094329,1.1633519577767175e-05,6.109015379446218e-05,80,6877337,105
same_asset_target_free_conservative,1000.0,1.0,simWind_test.mat,0.001,tpsscs_finished_detector,0.5576304431668379,0.0005290667679279614,0.002657584042276969,3638,6877337,105
same_asset_target_free_conservative,1000.0,1.0,simWind_test.mat,0.003,low_rank_residual_k30,0.44028590389300853,0.0005539395017457062,0.0029324169530355096,3809,6877337,105
same_asset_target_free_conservative,1000.0,1.0,simWind_test.mat,0.003,raw,0.08532213978363944,1.4832789406214485e-05,7.636269224307772e-05,102,6877337,105
same_asset_target_free_conservative,1000.0,1.0,simWind_test.mat,0.003,tpsscs_finished_detector,0.5854864770985732,0.0006363912869434674,0.0030698739977090494,4376,6877337,105
same_asset_target_free_conservative,1000.0,1.0,simWind_test.mat,0.01,low_rank_residual_k30,0.5146669373547608,0.000796073936883479,0.004214641297376538,5474,6877337,105
same_asset_target_free_conservative,1000.0,1.0,simWind_test.mat,0.01,raw,0.1356314737309295,4.435237379505854e-05,0.0002900364835366133,305,6877337,105
same_asset_target_free_conservative,1000.0,1.0,simWind_test.mat,0.01,tpsscs_finished_detector,0.6350041941243904,0.0008683457774751371,0.004321534373759277,5971,6877337,105
same_asset_target_free_conservative,1000.0,4.0,combined,1e-05,low_rank_residual_k30,0.41671392376906374,0.000519254736461002,0.0033749217354122445,7141,13754674,210
same_asset_target_free_conservative,1000.0,4.0,combined,1e-05,raw,0.06329340133139344,9.452212440864415e-06,6.109015379446218e-05,130,13754674,210
same_asset_target_free_conservative,1000.0,4.0,combined,1e-05,tpsscs_finished_detector,0.5583942268812347,0.0005889828546325306,0.0034665485698578257,8100,13754674,210
same_asset_target_free_conservative,1000.0,4.0,combined,3e-05,low_rank_residual_k30,0.41671392376906374,0.000519254736461002,0.0033749217354122445,7141,13754674,210
same_asset_target_free_conservative,1000.0,4.0,combined,3e-05,raw,0.06329340133139344,9.452212440864415e-06,6.109015379446218e-05,130,13754674,210
same_asset_target_free_conservative,1000.0,4.0,combined,3e-05,tpsscs_finished_detector,0.5583942268812347,0.0005889828546325306,0.0034665485698578257,8100,13754674,210
same_asset_target_free_conservative,1000.0,4.0,combined,0.0001,low_rank_residual_k30,0.41671392376906374,0.000519254736461002,0.0033749217354122445,7141,13754674,210
same_asset_target_free_conservative,1000.0,4.0,combined,0.0001,raw,0.06329340133139344,9.452212440864415e-06,6.109015379446218e-05,130,13754674,210
same_asset_target_free_conservative,1000.0,4.0,combined,0.0001,tpsscs_finished_detector,0.5583942268812347,0.0005889828546325306,0.0034665485698578257,8100,13754674,210
same_asset_target_free_conservative,1000.0,4.0,combined,0.0003,low_rank_residual_k30,0.41671392376906374,0.000519254736461002,0.0033749217354122445,7141,13754674,210
same_asset_target_free_conservative,1000.0,4.0,combined,0.0003,raw,0.06329340133139344,9.452212440864415e-06,6.109015379446218e-05,130,13754674,210
same_asset_target_free_conservative,1000.0,4.0,combined,0.0003,tpsscs_finished_detector,0.5583942268812347,0.0005889828546325306,0.0034665485698578257,8100,13754674,210
same_asset_target_free_conservative,1000.0,4.0,combined,0.001,low_rank_residual_k30,0.4204893445126785,0.0005296526737485884,0.0033749217354122445,7284,13754674,210
same_asset_target_free_conservative,1000.0,4.0,combined,0.001,raw,0.0657531516085371,1.0033906841795108e-05,6.109015379446218e-05,138,13754674,210
same_asset_target_free_conservative,1000.0,4.0,combined,0.001,tpsscs_finished_detector,0.5613192910787189,0.0005989445635877891,0.0034665485698578257,8237,13754674,210
same_asset_target_free_conservative,1000.0,4.0,combined,0.003,low_rank_residual_k30,0.45303542482175946,0.0006186535164987059,0.003726157934120306,8508,13754674,210
same_asset_target_free_conservative,1000.0,4.0,combined,0.003,raw,0.08171806214533062,1.5341757422292066e-05,0.00012212062464699507,211,13754674,210
same_asset_target_free_conservative,1000.0,4.0,combined,0.003,tpsscs_finished_detector,0.5835226268671088,0.0006840189771496983,0.0038177847685658874,9407,13754674,210
same_asset_target_free_conservative,1000.0,4.0,combined,0.01,low_rank_residual_k30,0.5102623905974354,0.0008301025008071062,0.004657697417650383,11416,13754674,210
same_asset_target_free_conservative,1000.0,4.0,combined,0.01,raw,0.12159898094895295,4.0789765138511033e-05,0.00032067922914821487,561,13754674,210
same_asset_target_free_conservative,1000.0,4.0,combined,0.01,tpsscs_finished_detector,0.6230715692507802,0.0008890691076385087,0.004749324252095964,12227,13754674,210
same_asset_target_free_conservative,1000.0,4.0,simMed_test.mat,1e-05,low_rank_residual_k30,0.4399277634056081,0.000602656074826218,0.0033749217354122445,4144,6877337,105
same_asset_target_free_conservative,1000.0,4.0,simMed_test.mat,1e-05,raw,0.05445668578193068,8.434294105823042e-06,6.107522941383048e-05,58,6877337,105
same_asset_target_free_conservative,1000.0,4.0,simMed_test.mat,1e-05,tpsscs_finished_detector,0.561203771665604,0.0006522438770773025,0.0034665485698578257,4485,6877337,105
same_asset_target_free_conservative,1000.0,4.0,simMed_test.mat,3e-05,low_rank_residual_k30,0.4399277634056081,0.000602656074826218,0.0033749217354122445,4144,6877337,105
same_asset_target_free_conservative,1000.0,4.0,simMed_test.mat,3e-05,raw,0.05445668578193068,8.434294105823042e-06,6.107522941383048e-05,58,6877337,105
same_asset_target_free_conservative,1000.0,4.0,simMed_test.mat,3e-05,tpsscs_finished_detector,0.561203771665604,0.0006522438770773025,0.0034665485698578257,4485,6877337,105
same_asset_target_free_conservative,1000.0,4.0,simMed_test.mat,0.0001,low_rank_residual_k30,0.4399277634056081,0.000602656074826218,0.0033749217354122445,4144,6877337,105
same_asset_target_free_conservative,1000.0,4.0,simMed_test.mat,0.0001,raw,0.05445668578193068,8.434294105823042e-06,6.107522941383048e-05,58,6877337,105
same_asset_target_free_conservative,1000.0,4.0,simMed_test.mat,0.0001,tpsscs_finished_detector,0.561203771665604,0.0006522438770773025,0.0034665485698578257,4485,6877337,105
same_asset_target_free_conservative,1000.0,4.0,simMed_test.mat,0.0003,low_rank_residual_k30,0.4399277634056081,0.000602656074826218,0.0033749217354122445,4144,6877337,105
same_asset_target_free_conservative,1000.0,4.0,simMed_test.mat,0.0003,raw,0.05445668578193068,8.434294105823042e-06,6.107522941383048e-05,58,6877337,105
same_asset_target_free_conservative,1000.0,4.0,simMed_test.mat,0.0003,tpsscs_finished_detector,0.561203771665604,0.0006522438770773025,0.0034665485698578257,4485,6877337,105
same_asset_target_free_conservative,1000.0,4.0,simMed_test.mat,0.001,low_rank_residual_k30,0.4459745610781645,0.000619961585356831,0.0033749217354122445,4263,6877337,105
same_asset_target_free_conservative,1000.0,4.0,simMed_test.mat,0.001,raw,0.05470088602613092,8.434294105823042e-06,6.107522941383048e-05,58,6877337,105
same_asset_target_free_conservative,1000.0,4.0,simMed_test.mat,0.001,tpsscs_finished_detector,0.5655498562458993,0.0006691131848096347,0.0034665485698578257,4601,6877337,105
same_asset_target_free_conservative,1000.0,4.0,simMed_test.mat,0.003,low_rank_residual_k30,0.4657849457505103,0.0006833675312517056,0.003726157934120306,4699,6877337,105
same_asset_target_free_conservative,1000.0,4.0,simMed_test.mat,0.003,raw,0.0781139845070218,1.5850725438369646e-05,0.00012212062464699507,109,6877337,105
same_asset_target_free_conservative,1000.0,4.0,simMed_test.mat,0.003,tpsscs_finished_detector,0.5821004938909436,0.0007319374929179473,0.0038177847685658874,5033,6877337,105
same_asset_target_free_conservative,1000.0,4.0,simMed_test.mat,0.01,low_rank_residual_k30,0.5058578438401101,0.0008641310647307332,0.004657697417650383,5942,6877337,105
same_asset_target_free_conservative,1000.0,4.0,simMed_test.mat,0.01,raw,0.10756648816697639,3.722715648196352e-05,0.00032067922914821487,256,6877337,105
same_asset_target_free_conservative,1000.0,4.0,simMed_test.mat,0.01,tpsscs_finished_detector,0.6114862981727998,0.0009099378861062805,0.004749324252095964,6257,6877337,105
same_asset_target_free_conservative,1000.0,4.0,simWind_test.mat,1e-05,low_rank_residual_k30,0.3935000841325194,0.00043585339809578603,0.0024129505192425167,2997,6877337,105
same_asset_target_free_conservative,1000.0,4.0,simWind_test.mat,1e-05,raw,0.0721301168808562,1.0470130775905792e-05,6.109015379446218e-05,72,6877337,105
same_asset_target_free_conservative,1000.0,4.0,simWind_test.mat,1e-05,tpsscs_finished_detector,0.5555846820968656,0.0005257218321877585,0.002626756261453879,3615,6877337,105
same_asset_target_free_conservative,1000.0,4.0,simWind_test.mat,3e-05,low_rank_residual_k30,0.3935000841325194,0.00043585339809578603,0.0024129505192425167,2997,6877337,105
same_asset_target_free_conservative,1000.0,4.0,simWind_test.mat,3e-05,raw,0.0721301168808562,1.0470130775905792e-05,6.109015379446218e-05,72,6877337,105
same_asset_target_free_conservative,1000.0,4.0,simWind_test.mat,3e-05,tpsscs_finished_detector,0.5555846820968656,0.0005257218321877585,0.002626756261453879,3615,6877337,105
same_asset_target_free_conservative,1000.0,4.0,simWind_test.mat,0.0001,low_rank_residual_k30,0.3935000841325194,0.00043585339809578603,0.0024129505192425167,2997,6877337,105
same_asset_target_free_conservative,1000.0,4.0,simWind_test.mat,0.0001,raw,0.0721301168808562,1.0470130775905792e-05,6.109015379446218e-05,72,6877337,105
same_asset_target_free_conservative,1000.0,4.0,simWind_test.mat,0.0001,tpsscs_finished_detector,0.5555846820968656,0.0005257218321877585,0.002626756261453879,3615,6877337,105
same_asset_target_free_conservative,1000.0,4.0,simWind_test.mat,0.0003,low_rank_residual_k30,0.3935000841325194,0.00043585339809578603,0.0024129505192425167,2997,6877337,105
same_asset_target_free_conservative,1000.0,4.0,simWind_test.mat,0.0003,raw,0.0721301168808562,1.0470130775905792e-05,6.109015379446218e-05,72,6877337,105
same_asset_target_free_conservative,1000.0,4.0,simWind_test.mat,0.0003,tpsscs_finished_detector,0.5555846820968656,0.0005257218321877585,0.002626756261453879,3615,6877337,105
same_asset_target_free_conservative,1000.0,4.0,simWind_test.mat,0.001,low_rank_residual_k30,0.39500412794719236,0.0004393437621403459,0.002443494196701283,3021,6877337,105
same_asset_target_free_conservative,1000.0,4.0,simWind_test.mat,0.001,raw,0.07680541719094329,1.1633519577767175e-05,6.109015379446218e-05,80,6877337,105
same_asset_target_free_conservative,1000.0,4.0,simWind_test.mat,0.001,tpsscs_finished_detector,0.5570887259115386,0.0005287759423659434,0.002657584042276969,3636,6877337,105
same_asset_target_free_conservative,1000.0,4.0,simWind_test.mat,0.003,low_rank_residual_k30,0.44028590389300853,0.0005539395017457062,0.0029324169530355096,3809,6877337,105
same_asset_target_free_conservative,1000.0,4.0,simWind_test.mat,0.003,raw,0.08532213978363944,1.4832789406214485e-05,7.636269224307772e-05,102,6877337,105
same_asset_target_free_conservative,1000.0,4.0,simWind_test.mat,0.003,tpsscs_finished_detector,0.5849447598432739,0.0006361004613814494,0.0030698739977090494,4374,6877337,105
same_asset_target_free_conservative,1000.0,4.0,simWind_test.mat,0.01,low_rank_residual_k30,0.5146669373547608,0.000796073936883479,0.004214641297376538,5474,6877337,105
same_asset_target_free_conservative,1000.0,4.0,simWind_test.mat,0.01,raw,0.1356314737309295,4.435237379505854e-05,0.0002900364835366133,305,6877337,105
same_asset_target_free_conservative,1000.0,4.0,simWind_test.mat,0.01,tpsscs_finished_detector,0.6346568403287606,0.0008682003291707369,0.004321534373759277,5970,6877337,105
same_asset_target_free_conservative,1000.0,16.0,combined,1e-05,low_rank_residual_k30,0.41671392376906374,0.000519254736461002,0.0033749217354122445,7141,13754674,210
same_asset_target_free_conservative,1000.0,16.0,combined,1e-05,raw,0.06329340133139344,9.452212440864415e-06,6.109015379446218e-05,130,13754674,210
same_asset_target_free_conservative,1000.0,16.0,combined,1e-05,tpsscs_finished_detector,0.5547123461998333,0.0005864380932575753,0.0034665485698578257,8065,13754674,210
same_asset_target_free_conservative,1000.0,16.0,combined,3e-05,low_rank_residual_k30,0.41671392376906374,0.000519254736461002,0.0033749217354122445,7141,13754674,210
same_asset_target_free_conservative,1000.0,16.0,combined,3e-05,raw,0.06329340133139344,9.452212440864415e-06,6.109015379446218e-05,130,13754674,210
same_asset_target_free_conservative,1000.0,16.0,combined,3e-05,tpsscs_finished_detector,0.5547123461998333,0.0005864380932575753,0.0034665485698578257,8065,13754674,210
same_asset_target_free_conservative,1000.0,16.0,combined,0.0001,low_rank_residual_k30,0.41671392376906374,0.000519254736461002,0.0033749217354122445,7141,13754674,210
same_asset_target_free_conservative,1000.0,16.0,combined,0.0001,raw,0.06329340133139344,9.452212440864415e-06,6.109015379446218e-05,130,13754674,210
same_asset_target_free_conservative,1000.0,16.0,combined,0.0001,tpsscs_finished_detector,0.5547123461998333,0.0005864380932575753,0.0034665485698578257,8065,13754674,210
same_asset_target_free_conservative,1000.0,16.0,combined,0.0003,low_rank_residual_k30,0.41671392376906374,0.000519254736461002,0.0033749217354122445,7141,13754674,210
same_asset_target_free_conservative,1000.0,16.0,combined,0.0003,raw,0.06329340133139344,9.452212440864415e-06,6.109015379446218e-05,130,13754674,210
same_asset_target_free_conservative,1000.0,16.0,combined,0.0003,tpsscs_finished_detector,0.5547123461998333,0.0005864380932575753,0.0034665485698578257,8065,13754674,210
same_asset_target_free_conservative,1000.0,16.0,combined,0.001,low_rank_residual_k30,0.4204893445126785,0.0005296526737485884,0.0033749217354122445,7284,13754674,210
same_asset_target_free_conservative,1000.0,16.0,combined,0.001,raw,0.0657531516085371,1.0033906841795108e-05,6.109015379446218e-05,138,13754674,210
same_asset_target_free_conservative,1000.0,16.0,combined,0.001,tpsscs_finished_detector,0.5576374103973175,0.0005963998022128337,0.0034665485698578257,8202,13754674,210
same_asset_target_free_conservative,1000.0,16.0,combined,0.003,low_rank_residual_k30,0.45303542482175946,0.0006186535164987059,0.003726157934120306,8508,13754674,210
same_asset_target_free_conservative,1000.0,16.0,combined,0.003,raw,0.08171806214533062,1.5341757422292066e-05,0.00012212062464699507,211,13754674,210
same_asset_target_free_conservative,1000.0,16.0,combined,0.003,tpsscs_finished_detector,0.5802574886237263,0.0006816196352166938,0.0038177847685658874,9374,13754674,210
same_asset_target_free_conservative,1000.0,16.0,combined,0.01,low_rank_residual_k30,0.5102623905974354,0.0008301025008071062,0.004657697417650383,11416,13754674,210
same_asset_target_free_conservative,1000.0,16.0,combined,0.01,raw,0.12159898094895295,4.0789765138511033e-05,0.00032067922914821487,561,13754674,210
same_asset_target_free_conservative,1000.0,16.0,combined,0.01,tpsscs_finished_detector,0.6204369521120568,0.0008869606012605958,0.004749324252095964,12198,13754674,210
same_asset_target_free_conservative,1000.0,16.0,simMed_test.mat,1e-05,low_rank_residual_k30,0.4399277634056081,0.000602656074826218,0.0033749217354122445,4144,6877337,105
same_asset_target_free_conservative,1000.0,16.0,simMed_test.mat,1e-05,raw,0.05445668578193068,8.434294105823042e-06,6.107522941383048e-05,58,6877337,105
same_asset_target_free_conservative,1000.0,16.0,simMed_test.mat,1e-05,tpsscs_finished_detector,0.559051607352449,0.0006507898647461685,0.0034665485698578257,4475,6877337,105
same_asset_target_free_conservative,1000.0,16.0,simMed_test.mat,3e-05,low_rank_residual_k30,0.4399277634056081,0.000602656074826218,0.0033749217354122445,4144,6877337,105
same_asset_target_free_conservative,1000.0,16.0,simMed_test.mat,3e-05,raw,0.05445668578193068,8.434294105823042e-06,6.107522941383048e-05,58,6877337,105
same_asset_target_free_conservative,1000.0,16.0,simMed_test.mat,3e-05,tpsscs_finished_detector,0.559051607352449,0.0006507898647461685,0.0034665485698578257,4475,6877337,105
same_asset_target_free_conservative,1000.0,16.0,simMed_test.mat,0.0001,low_rank_residual_k30,0.4399277634056081,0.000602656074826218,0.0033749217354122445,4144,6877337,105
same_asset_target_free_conservative,1000.0,16.0,simMed_test.mat,0.0001,raw,0.05445668578193068,8.434294105823042e-06,6.107522941383048e-05,58,6877337,105
same_asset_target_free_conservative,1000.0,16.0,simMed_test.mat,0.0001,tpsscs_finished_detector,0.559051607352449,0.0006507898647461685,0.0034665485698578257,4475,6877337,105
same_asset_target_free_conservative,1000.0,16.0,simMed_test.mat,0.0003,low_rank_residual_k30,0.4399277634056081,0.000602656074826218,0.0033749217354122445,4144,6877337,105
same_asset_target_free_conservative,1000.0,16.0,simMed_test.mat,0.0003,raw,0.05445668578193068,8.434294105823042e-06,6.107522941383048e-05,58,6877337,105
same_asset_target_free_conservative,1000.0,16.0,simMed_test.mat,0.0003,tpsscs_finished_detector,0.559051607352449,0.0006507898647461685,0.0034665485698578257,4475,6877337,105
same_asset_target_free_conservative,1000.0,16.0,simMed_test.mat,0.001,low_rank_residual_k30,0.4459745610781645,0.000619961585356831,0.0033749217354122445,4263,6877337,105
same_asset_target_free_conservative,1000.0,16.0,simMed_test.mat,0.001,raw,0.05470088602613092,8.434294105823042e-06,6.107522941383048e-05,58,6877337,105
same_asset_target_free_conservative,1000.0,16.0,simMed_test.mat,0.001,tpsscs_finished_detector,0.5633976919327442,0.0006676591724785006,0.0034665485698578257,4591,6877337,105
same_asset_target_free_conservative,1000.0,16.0,simMed_test.mat,0.003,low_rank_residual_k30,0.4657849457505103,0.0006833675312517056,0.003726157934120306,4699,6877337,105
same_asset_target_free_conservative,1000.0,16.0,simMed_test.mat,0.003,raw,0.0781139845070218,1.5850725438369646e-05,0.00012212062464699507,109,6877337,105
same_asset_target_free_conservative,1000.0,16.0,simMed_test.mat,0.003,tpsscs_finished_detector,0.5803146299440889,0.0007304834805868133,0.0038177847685658874,5023,6877337,105
same_asset_target_free_conservative,1000.0,16.0,simMed_test.mat,0.01,low_rank_residual_k30,0.5058578438401101,0.0008641310647307332,0.004657697417650383,5942,6877337,105
same_asset_target_free_conservative,1000.0,16.0,simMed_test.mat,0.01,raw,0.10756648816697639,3.722715648196352e-05,0.00032067922914821487,256,6877337,105
same_asset_target_free_conservative,1000.0,16.0,simMed_test.mat,0.01,tpsscs_finished_detector,0.6097004342259451,0.0009086292576904514,0.004749324252095964,6248,6877337,105
same_asset_target_free_conservative,1000.0,16.0,simWind_test.mat,1e-05,low_rank_residual_k30,0.3935000841325194,0.00043585339809578603,0.0024129505192425167,2997,6877337,105
same_asset_target_free_conservative,1000.0,16.0,simWind_test.mat,1e-05,raw,0.0721301168808562,1.0470130775905792e-05,6.109015379446218e-05,72,6877337,105
same_asset_target_free_conservative,1000.0,16.0,simWind_test.mat,1e-05,tpsscs_finished_detector,0.5503730850472177,0.000522086321768982,0.002626756261453879,3590,6877337,105
same_asset_target_free_conservative,1000.0,16.0,simWind_test.mat,3e-05,low_rank_residual_k30,0.3935000841325194,0.00043585339809578603,0.0024129505192425167,2997,6877337,105
same_asset_target_free_conservative,1000.0,16.0,simWind_test.mat,3e-05,raw,0.0721301168808562,1.0470130775905792e-05,6.109015379446218e-05,72,6877337,105
same_asset_target_free_conservative,1000.0,16.0,simWind_test.mat,3e-05,tpsscs_finished_detector,0.5503730850472177,0.000522086321768982,0.002626756261453879,3590,6877337,105
same_asset_target_free_conservative,1000.0,16.0,simWind_test.mat,0.0001,low_rank_residual_k30,0.3935000841325194,0.00043585339809578603,0.0024129505192425167,2997,6877337,105
same_asset_target_free_conservative,1000.0,16.0,simWind_test.mat,0.0001,raw,0.0721301168808562,1.0470130775905792e-05,6.109015379446218e-05,72,6877337,105
same_asset_target_free_conservative,1000.0,16.0,simWind_test.mat,0.0001,tpsscs_finished_detector,0.5503730850472177,0.000522086321768982,0.002626756261453879,3590,6877337,105
same_asset_target_free_conservative,1000.0,16.0,simWind_test.mat,0.0003,low_rank_residual_k30,0.3935000841325194,0.00043585339809578603,0.0024129505192425167,2997,6877337,105
same_asset_target_free_conservative,1000.0,16.0,simWind_test.mat,0.0003,raw,0.0721301168808562,1.0470130775905792e-05,6.109015379446218e-05,72,6877337,105
same_asset_target_free_conservative,1000.0,16.0,simWind_test.mat,0.0003,tpsscs_finished_detector,0.5503730850472177,0.000522086321768982,0.002626756261453879,3590,6877337,105
same_asset_target_free_conservative,1000.0,16.0,simWind_test.mat,0.001,low_rank_residual_k30,0.39500412794719236,0.0004393437621403459,0.002443494196701283,3021,6877337,105
same_asset_target_free_conservative,1000.0,16.0,simWind_test.mat,0.001,raw,0.07680541719094329,1.1633519577767175e-05,6.109015379446218e-05,80,6877337,105
same_asset_target_free_conservative,1000.0,16.0,simWind_test.mat,0.001,tpsscs_finished_detector,0.5518771288618908,0.0005251404319471668,0.0026572999389126452,3611,6877337,105
same_asset_target_free_conservative,1000.0,16.0,simWind_test.mat,0.003,low_rank_residual_k30,0.44028590389300853,0.0005539395017457062,0.0029324169530355096,3809,6877337,105
same_asset_target_free_conservative,1000.0,16.0,simWind_test.mat,0.003,raw,0.08532213978363944,1.4832789406214485e-05,7.636269224307772e-05,102,6877337,105
same_asset_target_free_conservative,1000.0,16.0,simWind_test.mat,0.003,tpsscs_finished_detector,0.5802003473033637,0.0006327557898465744,0.0030546009927453228,4351,6877337,105
same_asset_target_free_conservative,1000.0,16.0,simWind_test.mat,0.01,low_rank_residual_k30,0.5146669373547608,0.000796073936883479,0.004214641297376538,5474,6877337,105
same_asset_target_free_conservative,1000.0,16.0,simWind_test.mat,0.01,raw,0.1356314737309295,4.435237379505854e-05,0.0002900364835366133,305,6877337,105
same_asset_target_free_conservative,1000.0,16.0,simWind_test.mat,0.01,tpsscs_finished_detector,0.6311734699981686,0.0008652919448307401,0.004321534373759277,5950,6877337,105
same_asset_target_free_conservative,1000.0,64.0,combined,1e-05,low_rank_residual_k30,0.41671392376906374,0.000519254736461002,0.0033749217354122445,7141,13754674,210
same_asset_target_free_conservative,1000.0,64.0,combined,1e-05,raw,0.06329340133139344,9.452212440864415e-06,6.109015379446218e-05,130,13754674,210
same_asset_target_free_conservative,1000.0,64.0,combined,1e-05,tpsscs_finished_detector,0.5465617624651722,0.0005763317730593667,0.003451277430783562,7926,13754674,210
same_asset_target_free_conservative,1000.0,64.0,combined,3e-05,low_rank_residual_k30,0.41671392376906374,0.000519254736461002,0.0033749217354122445,7141,13754674,210
same_asset_target_free_conservative,1000.0,64.0,combined,3e-05,raw,0.06329340133139344,9.452212440864415e-06,6.109015379446218e-05,130,13754674,210
same_asset_target_free_conservative,1000.0,64.0,combined,3e-05,tpsscs_finished_detector,0.5465617624651722,0.0005763317730593667,0.003451277430783562,7926,13754674,210
same_asset_target_free_conservative,1000.0,64.0,combined,0.0001,low_rank_residual_k30,0.41671392376906374,0.000519254736461002,0.0033749217354122445,7141,13754674,210
same_asset_target_free_conservative,1000.0,64.0,combined,0.0001,raw,0.06329340133139344,9.452212440864415e-06,6.109015379446218e-05,130,13754674,210
same_asset_target_free_conservative,1000.0,64.0,combined,0.0001,tpsscs_finished_detector,0.5465617624651722,0.0005763317730593667,0.003451277430783562,7926,13754674,210
same_asset_target_free_conservative,1000.0,64.0,combined,0.0003,low_rank_residual_k30,0.41671392376906374,0.000519254736461002,0.0033749217354122445,7141,13754674,210
same_asset_target_free_conservative,1000.0,64.0,combined,0.0003,raw,0.06329340133139344,9.452212440864415e-06,6.109015379446218e-05,130,13754674,210
same_asset_target_free_conservative,1000.0,64.0,combined,0.0003,tpsscs_finished_detector,0.5465617624651722,0.0005763317730593667,0.003451277430783562,7926,13754674,210
same_asset_target_free_conservative,1000.0,64.0,combined,0.001,low_rank_residual_k30,0.4204893445126785,0.0005296526737485884,0.0033749217354122445,7284,13754674,210
same_asset_target_free_conservative,1000.0,64.0,combined,0.001,raw,0.0657531516085371,1.0033906841795108e-05,6.109015379446218e-05,138,13754674,210
same_asset_target_free_conservative,1000.0,64.0,combined,0.001,tpsscs_finished_detector,0.5496773028531325,0.000586366203945596,0.003451277430783562,8064,13754674,210
same_asset_target_free_conservative,1000.0,64.0,combined,0.003,low_rank_residual_k30,0.45303542482175946,0.0006186535164987059,0.003726157934120306,8508,13754674,210
same_asset_target_free_conservative,1000.0,64.0,combined,0.003,raw,0.08171806214533062,1.5341757422292066e-05,0.00012212062464699507,211,13754674,210
same_asset_target_free_conservative,1000.0,64.0,combined,0.003,tpsscs_finished_detector,0.573598428710357,0.0006722404621734985,0.0038025136294916237,9245,13754674,210
same_asset_target_free_conservative,1000.0,64.0,combined,0.01,low_rank_residual_k30,0.5102623905974354,0.0008301025008071062,0.004657697417650383,11416,13754674,210
same_asset_target_free_conservative,1000.0,64.0,combined,0.01,raw,0.12159898094895295,4.0789765138511033e-05,0.00032067922914821487,561,13754674,210
same_asset_target_free_conservative,1000.0,64.0,combined,0.01,tpsscs_finished_detector,0.6148142530083403,0.0008784540158911712,0.0047340531130217,12081,13754674,210
same_asset_target_free_conservative,1000.0,64.0,simMed_test.mat,1e-05,low_rank_residual_k30,0.4399277634056081,0.000602656074826218,0.0033749217354122445,4144,6877337,105
same_asset_target_free_conservative,1000.0,64.0,simMed_test.mat,1e-05,raw,0.05445668578193068,8.434294105823042e-06,6.107522941383048e-05,58,6877337,105
same_asset_target_free_conservative,1000.0,64.0,simMed_test.mat,1e-05,tpsscs_finished_detector,0.5513460433243291,0.0006452637994959459,0.003451277430783562,4437,6877337,105
same_asset_target_free_conservative,1000.0,64.0,simMed_test.mat,3e-05,low_rank_residual_k30,0.4399277634056081,0.000602656074826218,0.0033749217354122445,4144,6877337,105
same_asset_target_free_conservative,1000.0,64.0,simMed_test.mat,3e-05,raw,0.05445668578193068,8.434294105823042e-06,6.107522941383048e-05,58,6877337,105
same_asset_target_free_conservative,1000.0,64.0,simMed_test.mat,3e-05,tpsscs_finished_detector,0.5513460433243291,0.0006452637994959459,0.003451277430783562,4437,6877337,105
same_asset_target_free_conservative,1000.0,64.0,simMed_test.mat,0.0001,low_rank_residual_k30,0.4399277634056081,0.000602656074826218,0.0033749217354122445,4144,6877337,105
same_asset_target_free_conservative,1000.0,64.0,simMed_test.mat,0.0001,raw,0.05445668578193068,8.434294105823042e-06,6.107522941383048e-05,58,6877337,105
same_asset_target_free_conservative,1000.0,64.0,simMed_test.mat,0.0001,tpsscs_finished_detector,0.5513460433243291,0.0006452637994959459,0.003451277430783562,4437,6877337,105
same_asset_target_free_conservative,1000.0,64.0,simMed_test.mat,0.0003,low_rank_residual_k30,0.4399277634056081,0.000602656074826218,0.0033749217354122445,4144,6877337,105
same_asset_target_free_conservative,1000.0,64.0,simMed_test.mat,0.0003,raw,0.05445668578193068,8.434294105823042e-06,6.107522941383048e-05,58,6877337,105
same_asset_target_free_conservative,1000.0,64.0,simMed_test.mat,0.0003,tpsscs_finished_detector,0.5513460433243291,0.0006452637994959459,0.003451277430783562,4437,6877337,105
same_asset_target_free_conservative,1000.0,64.0,simMed_test.mat,0.001,low_rank_residual_k30,0.4459745610781645,0.000619961585356831,0.0033749217354122445,4263,6877337,105
same_asset_target_free_conservative,1000.0,64.0,simMed_test.mat,0.001,raw,0.05470088602613092,8.434294105823042e-06,6.107522941383048e-05,58,6877337,105
same_asset_target_free_conservative,1000.0,64.0,simMed_test.mat,0.001,tpsscs_finished_detector,0.5560730802855769,0.0006621331072282781,0.003451277430783562,4553,6877337,105
same_asset_target_free_conservative,1000.0,64.0,simMed_test.mat,0.003,low_rank_residual_k30,0.4657849457505103,0.0006833675312517056,0.003726157934120306,4699,6877337,105
same_asset_target_free_conservative,1000.0,64.0,simMed_test.mat,0.003,raw,0.0781139845070218,1.5850725438369646e-05,0.00012212062464699507,109,6877337,105
same_asset_target_free_conservative,1000.0,64.0,simMed_test.mat,0.003,tpsscs_finished_detector,0.5731514387973251,0.0007249574153365907,0.0038025136294916237,4985,6877337,105
same_asset_target_free_conservative,1000.0,64.0,simMed_test.mat,0.01,low_rank_residual_k30,0.5058578438401101,0.0008641310647307332,0.004657697417650383,5942,6877337,105
same_asset_target_free_conservative,1000.0,64.0,simMed_test.mat,0.01,raw,0.10756648816697639,3.722715648196352e-05,0.00032067922914821487,256,6877337,105
same_asset_target_free_conservative,1000.0,64.0,simMed_test.mat,0.01,tpsscs_finished_detector,0.6036415438853454,0.0009033941090422286,0.0047340531130217,6212,6877337,105
same_asset_target_free_conservative,1000.0,64.0,simWind_test.mat,1e-05,low_rank_residual_k30,0.3935000841325194,0.00043585339809578603,0.0024129505192425167,2997,6877337,105
same_asset_target_free_conservative,1000.0,64.0,simWind_test.mat,1e-05,raw,0.0721301168808562,1.0470130775905792e-05,6.109015379446218e-05,72,6877337,105
same_asset_target_free_conservative,1000.0,64.0,simWind_test.mat,1e-05,tpsscs_finished_detector,0.5417774816060152,0.0005073997466227872,0.002596212583995113,3489,6877337,105
same_asset_target_free_conservative,1000.0,64.0,simWind_test.mat,3e-05,low_rank_residual_k30,0.3935000841325194,0.00043585339809578603,0.0024129505192425167,2997,6877337,105
same_asset_target_free_conservative,1000.0,64.0,simWind_test.mat,3e-05,raw,0.0721301168808562,1.0470130775905792e-05,6.109015379446218e-05,72,6877337,105
same_asset_target_free_conservative,1000.0,64.0,simWind_test.mat,3e-05,tpsscs_finished_detector,0.5417774816060152,0.0005073997466227872,0.002596212583995113,3489,6877337,105
same_asset_target_free_conservative,1000.0,64.0,simWind_test.mat,0.0001,low_rank_residual_k30,0.3935000841325194,0.00043585339809578603,0.0024129505192425167,2997,6877337,105
same_asset_target_free_conservative,1000.0,64.0,simWind_test.mat,0.0001,raw,0.0721301168808562,1.0470130775905792e-05,6.109015379446218e-05,72,6877337,105
same_asset_target_free_conservative,1000.0,64.0,simWind_test.mat,0.0001,tpsscs_finished_detector,0.5417774816060152,0.0005073997466227872,0.002596212583995113,3489,6877337,105
same_asset_target_free_conservative,1000.0,64.0,simWind_test.mat,0.0003,low_rank_residual_k30,0.3935000841325194,0.00043585339809578603,0.0024129505192425167,2997,6877337,105
same_asset_target_free_conservative,1000.0,64.0,simWind_test.mat,0.0003,raw,0.0721301168808562,1.0470130775905792e-05,6.109015379446218e-05,72,6877337,105
same_asset_target_free_conservative,1000.0,64.0,simWind_test.mat,0.0003,tpsscs_finished_detector,0.5417774816060152,0.0005073997466227872,0.002596212583995113,3489,6877337,105
same_asset_target_free_conservative,1000.0,64.0,simWind_test.mat,0.001,low_rank_residual_k30,0.39500412794719236,0.0004393437621403459,0.002443494196701283,3021,6877337,105
same_asset_target_free_conservative,1000.0,64.0,simWind_test.mat,0.001,raw,0.07680541719094329,1.1633519577767175e-05,6.109015379446218e-05,80,6877337,105
same_asset_target_free_conservative,1000.0,64.0,simWind_test.mat,0.001,tpsscs_finished_detector,0.5432815254206882,0.0005105993006629139,0.002626756261453879,3511,6877337,105
same_asset_target_free_conservative,1000.0,64.0,simWind_test.mat,0.003,low_rank_residual_k30,0.44028590389300853,0.0005539395017457062,0.0029324169530355096,3809,6877337,105
same_asset_target_free_conservative,1000.0,64.0,simWind_test.mat,0.003,raw,0.08532213978363944,1.4832789406214485e-05,7.636269224307772e-05,102,6877337,105
same_asset_target_free_conservative,1000.0,64.0,simWind_test.mat,0.003,tpsscs_finished_detector,0.574045418623389,0.0006195235090104066,0.003039327987781596,4260,6877337,105
same_asset_target_free_conservative,1000.0,64.0,simWind_test.mat,0.01,low_rank_residual_k30,0.5146669373547608,0.000796073936883479,0.004214641297376538,5474,6877337,105
same_asset_target_free_conservative,1000.0,64.0,simWind_test.mat,0.01,raw,0.1356314737309295,4.435237379505854e-05,0.0002900364835366133,305,6877337,105
same_asset_target_free_conservative,1000.0,64.0,simWind_test.mat,0.01,tpsscs_finished_detector,0.6259869621313351,0.0008535139227401138,0.00429099349479278,5869,6877337,105
same_asset_target_free_conservative,1000.0,256.0,combined,1e-05,low_rank_residual_k30,0.41671392376906374,0.000519254736461002,0.0033749217354122445,7141,13754674,210
same_asset_target_free_conservative,1000.0,256.0,combined,1e-05,raw,0.06329340133139344,9.452212440864415e-06,6.109015379446218e-05,130,13754674,210
same_asset_target_free_conservative,1000.0,256.0,combined,1e-05,tpsscs_finished_detector,0.5172467502925157,0.0005537920163980703,0.0034360062917092988,7616,13754674,210
same_asset_target_free_conservative,1000.0,256.0,combined,3e-05,low_rank_residual_k30,0.41671392376906374,0.000519254736461002,0.0033749217354122445,7141,13754674,210
same_asset_target_free_conservative,1000.0,256.0,combined,3e-05,raw,0.06329340133139344,9.452212440864415e-06,6.109015379446218e-05,130,13754674,210
same_asset_target_free_conservative,1000.0,256.0,combined,3e-05,tpsscs_finished_detector,0.5172467502925157,0.0005537920163980703,0.0034360062917092988,7616,13754674,210
same_asset_target_free_conservative,1000.0,256.0,combined,0.0001,low_rank_residual_k30,0.41671392376906374,0.000519254736461002,0.0033749217354122445,7141,13754674,210
same_asset_target_free_conservative,1000.0,256.0,combined,0.0001,raw,0.06329340133139344,9.452212440864415e-06,6.109015379446218e-05,130,13754674,210
same_asset_target_free_conservative,1000.0,256.0,combined,0.0001,tpsscs_finished_detector,0.5172467502925157,0.0005537920163980703,0.0034360062917092988,7616,13754674,210
same_asset_target_free_conservative,1000.0,256.0,combined,0.0003,low_rank_residual_k30,0.41671392376906374,0.000519254736461002,0.0033749217354122445,7141,13754674,210
same_asset_target_free_conservative,1000.0,256.0,combined,0.0003,raw,0.06329340133139344,9.452212440864415e-06,6.109015379446218e-05,130,13754674,210
same_asset_target_free_conservative,1000.0,256.0,combined,0.0003,tpsscs_finished_detector,0.5172467502925157,0.0005537920163980703,0.0034360062917092988,7616,13754674,210
same_asset_target_free_conservative,1000.0,256.0,combined,0.001,low_rank_residual_k30,0.4204893445126785,0.0005296526737485884,0.0033749217354122445,7284,13754674,210
same_asset_target_free_conservative,1000.0,256.0,combined,0.001,raw,0.0657531516085371,1.0033906841795108e-05,6.109015379446218e-05,138,13754674,210
same_asset_target_free_conservative,1000.0,256.0,combined,0.001,tpsscs_finished_detector,0.5206814669996523,0.0005640445431335038,0.0034360062917092988,7757,13754674,210
same_asset_target_free_conservative,1000.0,256.0,combined,0.003,low_rank_residual_k30,0.45303542482175946,0.0006186535164987059,0.003726157934120306,8508,13754674,210
same_asset_target_free_conservative,1000.0,256.0,combined,0.003,raw,0.08171806214533062,1.5341757422292066e-05,0.00012212062464699507,211,13754674,210
same_asset_target_free_conservative,1000.0,256.0,combined,0.003,tpsscs_finished_detector,0.5466016263175663,0.0006510094093903582,0.00378724249041736,8953,13754674,210
same_asset_target_free_conservative,1000.0,256.0,combined,0.01,low_rank_residual_k30,0.5102623905974354,0.0008301025008071062,0.004657697417650383,11416,13754674,210
same_asset_target_free_conservative,1000.0,256.0,combined,0.01,raw,0.12159898094895295,4.0789765138511033e-05,0.00032067922914821487,561,13754674,210
same_asset_target_free_conservative,1000.0,256.0,combined,0.01,tpsscs_finished_detector,0.591645746078917,0.0008598407583447742,0.004718781973947437,11825,13754674,210
same_asset_target_free_conservative,1000.0,256.0,simMed_test.mat,1e-05,low_rank_residual_k30,0.4399277634056081,0.000602656074826218,0.0033749217354122445,4144,6877337,105
same_asset_target_free_conservative,1000.0,256.0,simMed_test.mat,1e-05,raw,0.05445668578193068,8.434294105823042e-06,6.107522941383048e-05,58,6877337,105
same_asset_target_free_conservative,1000.0,256.0,simMed_test.mat,1e-05,tpsscs_finished_detector,0.527459707846649,0.0006302858192903492,0.0034360062917092988,4334,6877337,105
same_asset_target_free_conservative,1000.0,256.0,simMed_test.mat,3e-05,low_rank_residual_k30,0.4399277634056081,0.000602656074826218,0.0033749217354122445,4144,6877337,105
same_asset_target_free_conservative,1000.0,256.0,simMed_test.mat,3e-05,raw,0.05445668578193068,8.434294105823042e-06,6.107522941383048e-05,58,6877337,105
same_asset_target_free_conservative,1000.0,256.0,simMed_test.mat,3e-05,tpsscs_finished_detector,0.527459707846649,0.0006302858192903492,0.0034360062917092988,4334,6877337,105
same_asset_target_free_conservative,1000.0,256.0,simMed_test.mat,0.0001,low_rank_residual_k30,0.4399277634056081,0.000602656074826218,0.0033749217354122445,4144,6877337,105
same_asset_target_free_conservative,1000.0,256.0,simMed_test.mat,0.0001,raw,0.05445668578193068,8.434294105823042e-06,6.107522941383048e-05,58,6877337,105
same_asset_target_free_conservative,1000.0,256.0,simMed_test.mat,0.0001,tpsscs_finished_detector,0.527459707846649,0.0006302858192903492,0.0034360062917092988,4334,6877337,105
same_asset_target_free_conservative,1000.0,256.0,simMed_test.mat,0.0003,low_rank_residual_k30,0.4399277634056081,0.000602656074826218,0.0033749217354122445,4144,6877337,105
same_asset_target_free_conservative,1000.0,256.0,simMed_test.mat,0.0003,raw,0.05445668578193068,8.434294105823042e-06,6.107522941383048e-05,58,6877337,105
same_asset_target_free_conservative,1000.0,256.0,simMed_test.mat,0.0003,tpsscs_finished_detector,0.527459707846649,0.0006302858192903492,0.0034360062917092988,4334,6877337,105
same_asset_target_free_conservative,1000.0,256.0,simMed_test.mat,0.001,low_rank_residual_k30,0.4459745610781645,0.000619961585356831,0.0033749217354122445,4263,6877337,105
same_asset_target_free_conservative,1000.0,256.0,simMed_test.mat,0.001,raw,0.05470088602613092,8.434294105823042e-06,6.107522941383048e-05,58,6877337,105
same_asset_target_free_conservative,1000.0,256.0,simMed_test.mat,0.001,tpsscs_finished_detector,0.5328250974462493,0.0006474459192688093,0.0034360062917092988,4452,6877337,105
same_asset_target_free_conservative,1000.0,256.0,simMed_test.mat,0.003,low_rank_residual_k30,0.4657849457505103,0.0006833675312517056,0.003726157934120306,4699,6877337,105
same_asset_target_free_conservative,1000.0,256.0,simMed_test.mat,0.003,raw,0.0781139845070218,1.5850725438369646e-05,0.00012212062464699507,109,6877337,105
same_asset_target_free_conservative,1000.0,256.0,simMed_test.mat,0.003,tpsscs_finished_detector,0.5507087881919012,0.0007104156312691479,0.00378724249041736,4885,6877337,105
same_asset_target_free_conservative,1000.0,256.0,simMed_test.mat,0.01,low_rank_residual_k30,0.5058578438401101,0.0008641310647307332,0.004657697417650383,5942,6877337,105
same_asset_target_free_conservative,1000.0,256.0,simMed_test.mat,0.01,raw,0.10756648816697639,3.722715648196352e-05,0.00032067922914821487,256,6877337,105
same_asset_target_free_conservative,1000.0,256.0,simMed_test.mat,0.01,tpsscs_finished_detector,0.5825420597725897,0.0008895795065366577,0.004718781973947437,6117,6877337,105
same_asset_target_free_conservative,1000.0,256.0,simWind_test.mat,1e-05,low_rank_residual_k30,0.3935000841325194,0.00043585339809578603,0.0024129505192425167,2997,6877337,105
same_asset_target_free_conservative,1000.0,256.0,simWind_test.mat,1e-05,raw,0.0721301168808562,1.0470130775905792e-05,6.109015379446218e-05,72,6877337,105
same_asset_target_free_conservative,1000.0,256.0,simWind_test.mat,1e-05,tpsscs_finished_detector,0.5070337927383822,0.0004772982135057913,0.0025351252290775807,3282,6877337,105
same_asset_target_free_conservative,1000.0,256.0,simWind_test.mat,3e-05,low_rank_residual_k30,0.3935000841325194,0.00043585339809578603,0.0024129505192425167,2997,6877337,105
same_asset_target_free_conservative,1000.0,256.0,simWind_test.mat,3e-05,raw,0.0721301168808562,1.0470130775905792e-05,6.109015379446218e-05,72,6877337,105
same_asset_target_free_conservative,1000.0,256.0,simWind_test.mat,3e-05,tpsscs_finished_detector,0.5070337927383822,0.0004772982135057913,0.0025351252290775807,3282,6877337,105
same_asset_target_free_conservative,1000.0,256.0,simWind_test.mat,0.0001,low_rank_residual_k30,0.3935000841325194,0.00043585339809578603,0.0024129505192425167,2997,6877337,105
same_asset_target_free_conservative,1000.0,256.0,simWind_test.mat,0.0001,raw,0.0721301168808562,1.0470130775905792e-05,6.109015379446218e-05,72,6877337,105
same_asset_target_free_conservative,1000.0,256.0,simWind_test.mat,0.0001,tpsscs_finished_detector,0.5070337927383822,0.0004772982135057913,0.0025351252290775807,3282,6877337,105
same_asset_target_free_conservative,1000.0,256.0,simWind_test.mat,0.0003,low_rank_residual_k30,0.3935000841325194,0.00043585339809578603,0.0024129505192425167,2997,6877337,105
same_asset_target_free_conservative,1000.0,256.0,simWind_test.mat,0.0003,raw,0.0721301168808562,1.0470130775905792e-05,6.109015379446218e-05,72,6877337,105
same_asset_target_free_conservative,1000.0,256.0,simWind_test.mat,0.0003,tpsscs_finished_detector,0.5070337927383822,0.0004772982135057913,0.0025351252290775807,3282,6877337,105
same_asset_target_free_conservative,1000.0,256.0,simWind_test.mat,0.001,low_rank_residual_k30,0.39500412794719236,0.0004393437621403459,0.002443494196701283,3021,6877337,105
same_asset_target_free_conservative,1000.0,256.0,simWind_test.mat,0.001,raw,0.07680541719094329,1.1633519577767175e-05,6.109015379446218e-05,80,6877337,105
same_asset_target_free_conservative,1000.0,256.0,simWind_test.mat,0.001,tpsscs_finished_detector,0.5085378365530553,0.0004806431669981982,0.002565668906536347,3305,6877337,105
same_asset_target_free_conservative,1000.0,256.0,simWind_test.mat,0.003,low_rank_residual_k30,0.44028590389300853,0.0005539395017457062,0.0029324169530355096,3809,6877337,105
same_asset_target_free_conservative,1000.0,256.0,simWind_test.mat,0.003,raw,0.08532213978363944,1.4832789406214485e-05,7.636269224307772e-05,102,6877337,105
same_asset_target_free_conservative,1000.0,256.0,simWind_test.mat,0.003,tpsscs_finished_detector,0.5424944644432312,0.0005916031875115687,0.0030240549828178696,4068,6877337,105
same_asset_target_free_conservative,1000.0,256.0,simWind_test.mat,0.01,low_rank_residual_k30,0.5146669373547608,0.000796073936883479,0.004214641297376538,5474,6877337,105
same_asset_target_free_conservative,1000.0,256.0,simWind_test.mat,0.01,raw,0.1356314737309295,4.435237379505854e-05,0.0002900364835366133,305,6877337,105
same_asset_target_free_conservative,1000.0,256.0,simWind_test.mat,0.01,tpsscs_finished_detector,0.600749432385244,0.0008301020101528906,0.004260452615826284,5708,6877337,105
