calibration_mode,residual_safety_factor,gate_margin_scale,asset,pfa_target,method,pd_mean,empirical_pfa_mean,empirical_pfa_max,false_alarms_total,background_count_total,n_items
cross_asset_target_free_conservative,1000.0,256.0,combined,1e-05,low_rank_residual_k30,0.41846706759468344,0.0005251444269687086,0.0031004200076365025,7222,13754674,210
cross_asset_target_free_conservative,1000.0,256.0,combined,1e-05,raw,0.06353575246875087,9.961161586477536e-06,9.162263689948997e-05,137,13754674,210
cross_asset_target_free_conservative,1000.0,256.0,combined,1e-05,tpsscs_finished_detector,0.5187141467194838,0.0005598269265122399,0.0031462390225276823,7699,13754674,210
cross_asset_target_free_conservative,1000.0,256.0,combined,3e-05,low_rank_residual_k30,0.41846706759468344,0.0005251444269687086,0.0031004200076365025,7222,13754674,210
cross_asset_target_free_conservative,1000.0,256.0,combined,3e-05,raw,0.06353575246875087,9.961161586477536e-06,9.162263689948997e-05,137,13754674,210
cross_asset_target_free_conservative,1000.0,256.0,combined,3e-05,tpsscs_finished_detector,0.5187141467194838,0.0005598269265122399,0.0031462390225276823,7699,13754674,210
cross_asset_target_free_conservative,1000.0,256.0,combined,0.0001,low_rank_residual_k30,0.41846706759468344,0.0005251444269687086,0.0031004200076365025,7222,13754674,210
cross_asset_target_free_conservative,1000.0,256.0,combined,0.0001,raw,0.06353575246875087,9.961161586477536e-06,9.162263689948997e-05,137,13754674,210
cross_asset_target_free_conservative,1000.0,256.0,combined,0.0001,tpsscs_finished_detector,0.5187141467194838,0.0005598269265122399,0.0031462390225276823,7699,13754674,210
cross_asset_target_free_conservative,1000.0,256.0,combined,0.0003,low_rank_residual_k30,0.41846706759468344,0.0005251444269687086,0.0031004200076365025,7222,13754674,210
cross_asset_target_free_conservative,1000.0,256.0,combined,0.0003,raw,0.06353575246875087,9.961161586477536e-06,9.162263689948997e-05,137,13754674,210
cross_asset_target_free_conservative,1000.0,256.0,combined,0.0003,tpsscs_finished_detector,0.5187141467194838,0.0005598269265122399,0.0031462390225276823,7699,13754674,210
cross_asset_target_free_conservative,1000.0,256.0,combined,0.001,low_rank_residual_k30,0.42205691892953273,0.0005350332784699751,0.003161512027491409,7358,13754674,210
cross_asset_target_free_conservative,1000.0,256.0,combined,0.001,raw,0.0656630799637862,1.0979082111795175e-05,0.00012212062464699507,151,13754674,210
cross_asset_target_free_conservative,1000.0,256.0,combined,0.001,tpsscs_finished_detector,0.5214081708928514,0.000569570351918379,0.003222210344669609,7833,13754674,210
cross_asset_target_free_conservative,1000.0,256.0,combined,0.003,low_rank_residual_k30,0.4546006982513275,0.0006263615948425524,0.00352763312615488,8614,13754674,210
cross_asset_target_free_conservative,1000.0,256.0,combined,0.003,raw,0.08240637261303958,1.606880909289988e-05,0.00021378615276547658,221,13754674,210
cross_asset_target_free_conservative,1000.0,256.0,combined,0.003,tpsscs_finished_detector,0.5471509460917753,0.0006586445504439274,0.003588717682451934,9058,13754674,210
cross_asset_target_free_conservative,1000.0,256.0,combined,0.01,low_rank_residual_k30,0.513331233955522,0.0008391188176972804,0.005222490303270928,11540,13754674,210
cross_asset_target_free_conservative,1000.0,256.0,combined,0.01,raw,0.12220554283184845,4.544282647510391e-05,0.0004428427450142015,625,13754674,210
cross_asset_target_free_conservative,1000.0,256.0,combined,0.01,tpsscs_finished_detector,0.5965039094793286,0.0008690750167958427,0.005268301621720673,11952,13754674,210
cross_asset_target_free_conservative,1000.0,256.0,simMed_test.mat,1e-05,low_rank_residual_k30,0.382876722927808,0.0004559209719533609,0.0026266359207733304,3135,6877337,105
cross_asset_target_free_conservative,1000.0,256.0,simMed_test.mat,1e-05,raw,0.07447260513022674,1.410569662319166e-05,9.162263689948997e-05,97,6877337,105
cross_asset_target_free_conservative,1000.0,256.0,simMed_test.mat,1e-05,tpsscs_finished_detector,0.5010828359414523,0.0004978017792620741,0.0026877204770703847,3423,6877337,105
cross_asset_target_free_conservative,1000.0,256.0,simMed_test.mat,3e-05,low_rank_residual_k30,0.382876722927808,0.0004559209719533609,0.0026266359207733304,3135,6877337,105
cross_asset_target_free_conservative,1000.0,256.0,simMed_test.mat,3e-05,raw,0.07447260513022674,1.410569662319166e-05,9.162263689948997e-05,97,6877337,105
cross_asset_target_free_conservative,1000.0,256.0,simMed_test.mat,3e-05,tpsscs_finished_detector,0.5010828359414523,0.0004978017792620741,0.0026877204770703847,3423,6877337,105
cross_asset_target_free_conservative,1000.0,256.0,simMed_test.mat,0.0001,low_rank_residual_k30,0.382876722927808,0.0004559209719533609,0.0026266359207733304,3135,6877337,105
cross_asset_target_free_conservative,1000.0,256.0,simMed_test.mat,0.0001,raw,0.07447260513022674,1.410569662319166e-05,9.162263689948997e-05,97,6877337,105
cross_asset_target_free_conservative,1000.0,256.0,simMed_test.mat,0.0001,tpsscs_finished_detector,0.5010828359414523,0.0004978017792620741,0.0026877204770703847,3423,6877337,105
cross_asset_target_free_conservative,1000.0,256.0,simMed_test.mat,0.0003,low_rank_residual_k30,0.382876722927808,0.0004559209719533609,0.0026266359207733304,3135,6877337,105
cross_asset_target_free_conservative,1000.0,256.0,simMed_test.mat,0.0003,raw,0.07447260513022674,1.410569662319166e-05,9.162263689948997e-05,97,6877337,105
cross_asset_target_free_conservative,1000.0,256.0,simMed_test.mat,0.0003,tpsscs_finished_detector,0.5010828359414523,0.0004978017792620741,0.0026877204770703847,3423,6877337,105
cross_asset_target_free_conservative,1000.0,256.0,simMed_test.mat,0.001,low_rank_residual_k30,0.384244731368935,0.0004592657611111655,0.002641907059847594,3158,6877337,105
cross_asset_target_free_conservative,1000.0,256.0,simMed_test.mat,0.001,raw,0.07833043472347202,1.614153767382694e-05,0.00012212062464699507,111,6877337,105
cross_asset_target_free_conservative,1000.0,256.0,simMed_test.mat,0.001,tpsscs_finished_detector,0.5021053728606372,0.0005011465684198787,0.0027029916161446484,3446,6877337,105
cross_asset_target_free_conservative,1000.0,256.0,simMed_test.mat,0.003,low_rank_residual_k30,0.42597086160014863,0.0005673178858308256,0.003222210344669609,3901,6877337,105
cross_asset_target_free_conservative,1000.0,256.0,simMed_test.mat,0.003,raw,0.08800732803513589,2.0940416872995162e-05,0.00021378615276547658,144,6877337,105
cross_asset_target_free_conservative,1000.0,256.0,simMed_test.mat,0.003,tpsscs_finished_detector,0.5338622719891813,0.000605999314530701,0.0032832949009666632,4167,6877337,105
cross_asset_target_free_conservative,1000.0,256.0,simMed_test.mat,0.01,low_rank_residual_k30,0.48910183717549605,0.0007757120073590253,0.004153749828199685,5334,6877337,105
cross_asset_target_free_conservative,1000.0,256.0,simMed_test.mat,0.01,raw,0.13754819506410546,6.514651216398344e-05,0.0004428427450142015,448,6877337,105
cross_asset_target_free_conservative,1000.0,256.0,simMed_test.mat,0.01,tpsscs_finished_detector,0.5857742763320299,0.0008123575817033311,0.00421483438449674,5586,6877337,105
cross_asset_target_free_conservative,1000.0,256.0,simWind_test.mat,1e-05,low_rank_residual_k30,0.4540574122615589,0.0005943678819840563,0.0031004200076365025,4087,6877337,105
cross_asset_target_free_conservative,1000.0,256.0,simWind_test.mat,1e-05,raw,0.052598899807274994,5.816626549763409e-06,3.054694301467781e-05,40,6877337,105
cross_asset_target_free_conservative,1000.0,256.0,simWind_test.mat,1e-05,tpsscs_finished_detector,0.5363454574975154,0.0006218520737624058,0.0031462390225276823,4276,6877337,105
cross_asset_target_free_conservative,1000.0,256.0,simWind_test.mat,3e-05,low_rank_residual_k30,0.4540574122615589,0.0005943678819840563,0.0031004200076365025,4087,6877337,105
cross_asset_target_free_conservative,1000.0,256.0,simWind_test.mat,3e-05,raw,0.052598899807274994,5.816626549763409e-06,3.054694301467781e-05,40,6877337,105
cross_asset_target_free_conservative,1000.0,256.0,simWind_test.mat,3e-05,tpsscs_finished_detector,0.5363454574975154,0.0006218520737624058,0.0031462390225276823,4276,6877337,105
cross_asset_target_free_conservative,1000.0,256.0,simWind_test.mat,0.0001,low_rank_residual_k30,0.4540574122615589,0.0005943678819840563,0.0031004200076365025,4087,6877337,105
cross_asset_target_free_conservative,1000.0,256.0,simWind_test.mat,0.0001,raw,0.052598899807274994,5.816626549763409e-06,3.054694301467781e-05,40,6877337,105
cross_asset_target_free_conservative,1000.0,256.0,simWind_test.mat,0.0001,tpsscs_finished_detector,0.5363454574975154,0.0006218520737624058,0.0031462390225276823,4276,6877337,105
cross_asset_target_free_conservative,1000.0,256.0,simWind_test.mat,0.0003,low_rank_residual_k30,0.4540574122615589,0.0005943678819840563,0.0031004200076365025,4087,6877337,105
cross_asset_target_free_conservative,1000.0,256.0,simWind_test.mat,0.0003,raw,0.052598899807274994,5.816626549763409e-06,3.054694301467781e-05,40,6877337,105
cross_asset_target_free_conservative,1000.0,256.0,simWind_test.mat,0.0003,tpsscs_finished_detector,0.5363454574975154,0.0006218520737624058,0.0031462390225276823,4276,6877337,105
cross_asset_target_free_conservative,1000.0,256.0,simWind_test.mat,0.001,low_rank_residual_k30,0.45986910649013046,0.0006108007958287846,0.003161512027491409,4200,6877337,105
cross_asset_target_free_conservative,1000.0,256.0,simWind_test.mat,0.001,raw,0.05299572520410039,5.816626549763409e-06,3.054694301467781e-05,40,6877337,105
cross_asset_target_free_conservative,1000.0,256.0,simWind_test.mat,0.001,tpsscs_finished_detector,0.5407109689250655,0.0006379941354168793,0.003222210344669609,4387,6877337,105
cross_asset_target_free_conservative,1000.0,256.0,simWind_test.mat,0.003,low_rank_residual_k30,0.48323053490250634,0.0006854053038542792,0.00352763312615488,4713,6877337,105
cross_asset_target_free_conservative,1000.0,256.0,simWind_test.mat,0.003,raw,0.07680541719094329,1.1197201312804595e-05,6.109015379446218e-05,77,6877337,105
cross_asset_target_free_conservative,1000.0,256.0,simWind_test.mat,0.003,tpsscs_finished_detector,0.5604396201943691,0.0007112897863571539,0.003588717682451934,4891,6877337,105
cross_asset_target_free_conservative,1000.0,256.0,simWind_test.mat,0.01,low_rank_residual_k30,0.537560630735548,0.0009025256280355355,0.005222490303270928,6206,6877337,105
cross_asset_target_free_conservative,1000.0,256.0,simWind_test.mat,0.01,raw,0.10686289059959145,2.573914078622439e-05,0.00013738570272786945,177,6877337,105
cross_asset_target_free_conservative,1000.0,256.0,simWind_test.mat,0.01,tpsscs_finished_detector,0.6072335426266274,0.0009257924518883546,0.005268301621720673,6366,6877337,105
cross_asset_target_free_conservative,1000.0,1024.0,combined,1e-05,low_rank_residual_k30,0.41846706759468344,0.0005251444269687086,0.0031004200076365025,7222,13754674,210
cross_asset_target_free_conservative,1000.0,1024.0,combined,1e-05,raw,0.06353575246875087,9.961161586477536e-06,9.162263689948997e-05,137,13754674,210
cross_asset_target_free_conservative,1000.0,1024.0,combined,1e-05,tpsscs_finished_detector,0.458897581453492,0.00052878008612867,0.0031004200076365025,7272,13754674,210
cross_asset_target_free_conservative,1000.0,1024.0,combined,3e-05,low_rank_residual_k30,0.41846706759468344,0.0005251444269687086,0.0031004200076365025,7222,13754674,210
cross_asset_target_free_conservative,1000.0,1024.0,combined,3e-05,raw,0.06353575246875087,9.961161586477536e-06,9.162263689948997e-05,137,13754674,210
cross_asset_target_free_conservative,1000.0,1024.0,combined,3e-05,tpsscs_finished_detector,0.458897581453492,0.00052878008612867,0.0031004200076365025,7272,13754674,210
cross_asset_target_free_conservative,1000.0,1024.0,combined,0.0001,low_rank_residual_k30,0.41846706759468344,0.0005251444269687086,0.0031004200076365025,7222,13754674,210
cross_asset_target_free_conservative,1000.0,1024.0,combined,0.0001,raw,0.06353575246875087,9.961161586477536e-06,9.162263689948997e-05,137,13754674,210
cross_asset_target_free_conservative,1000.0,1024.0,combined,0.0001,tpsscs_finished_detector,0.458897581453492,0.00052878008612867,0.0031004200076365025,7272,13754674,210
cross_asset_target_free_conservative,1000.0,1024.0,combined,0.0003,low_rank_residual_k30,0.41846706759468344,0.0005251444269687086,0.0031004200076365025,7222,13754674,210
cross_asset_target_free_conservative,1000.0,1024.0,combined,0.0003,raw,0.06353575246875087,9.961161586477536e-06,9.162263689948997e-05,137,13754674,210
cross_asset_target_free_conservative,1000.0,1024.0,combined,0.0003,tpsscs_finished_detector,0.458897581453492,0.00052878008612867,0.0031004200076365025,7272,13754674,210
cross_asset_target_free_conservative,1000.0,1024.0,combined,0.001,low_rank_residual_k30,0.42205691892953273,0.0005350332784699751,0.003161512027491409,7358,13754674,210
cross_asset_target_free_conservative,1000.0,1024.0,combined,0.001,raw,0.0656630799637862,1.0979082111795175e-05,0.00012212062464699507,151,13754674,210
cross_asset_target_free_conservative,1000.0,1024.0,combined,0.001,tpsscs_finished_detector,0.46190525152874073,0.0005386689376299364,0.003161512027491409,7408,13754674,210
cross_asset_target_free_conservative,1000.0,1024.0,combined,0.003,low_rank_residual_k30,0.4546006982513275,0.0006263615948425524,0.00352763312615488,8614,13754674,210
cross_asset_target_free_conservative,1000.0,1024.0,combined,0.003,raw,0.08240637261303958,1.606880909289988e-05,0.00021378615276547658,221,13754674,210
cross_asset_target_free_conservative,1000.0,1024.0,combined,0.003,tpsscs_finished_detector,0.4920893090585049,0.0006297791081945584,0.00352763312615488,8661,13754674,210
cross_asset_target_free_conservative,1000.0,1024.0,combined,0.01,low_rank_residual_k30,0.513331233955522,0.0008391188176972804,0.005222490303270928,11540,13754674,210
cross_asset_target_free_conservative,1000.0,1024.0,combined,0.01,raw,0.12220554283184845,4.544282647510391e-05,0.0004428427450142015,625,13754674,210
cross_asset_target_free_conservative,1000.0,1024.0,combined,0.01,tpsscs_finished_detector,0.5476028541926818,0.0008423909127243071,0.005253031182237425,11585,13754674,210
cross_asset_target_free_conservative,1000.0,1024.0,simMed_test.mat,1e-05,low_rank_residual_k30,0.382876722927808,0.0004559209719533609,0.0026266359207733304,3135,6877337,105
cross_asset_target_free_conservative,1000.0,1024.0,simMed_test.mat,1e-05,raw,0.07447260513022674,1.410569662319166e-05,9.162263689948997e-05,97,6877337,105
cross_asset_target_free_conservative,1000.0,1024.0,simMed_test.mat,1e-05,tpsscs_finished_detector,0.4263700768907633,0.00045970201946332346,0.0026266359207733304,3161,6877337,105
cross_asset_target_free_conservative,1000.0,1024.0,simMed_test.mat,3e-05,low_rank_residual_k30,0.382876722927808,0.0004559209719533609,0.0026266359207733304,3135,6877337,105
cross_asset_target_free_conservative,1000.0,1024.0,simMed_test.mat,3e-05,raw,0.07447260513022674,1.410569662319166e-05,9.162263689948997e-05,97,6877337,105
cross_asset_target_free_conservative,1000.0,1024.0,simMed_test.mat,3e-05,tpsscs_finished_detector,0.4263700768907633,0.00045970201946332346,0.0026266359207733304,3161,6877337,105
cross_asset_target_free_conservative,1000.0,1024.0,simMed_test.mat,0.0001,low_rank_residual_k30,0.382876722927808,0.0004559209719533609,0.0026266359207733304,3135,6877337,105
cross_asset_target_free_conservative,1000.0,1024.0,simMed_test.mat,0.0001,raw,0.07447260513022674,1.410569662319166e-05,9.162263689948997e-05,97,6877337,105
cross_asset_target_free_conservative,1000.0,1024.0,simMed_test.mat,0.0001,tpsscs_finished_detector,0.4263700768907633,0.00045970201946332346,0.0026266359207733304,3161,6877337,105
cross_asset_target_free_conservative,1000.0,1024.0,simMed_test.mat,0.0003,low_rank_residual_k30,0.382876722927808,0.0004559209719533609,0.0026266359207733304,3135,6877337,105
cross_asset_target_free_conservative,1000.0,1024.0,simMed_test.mat,0.0003,raw,0.07447260513022674,1.410569662319166e-05,9.162263689948997e-05,97,6877337,105
cross_asset_target_free_conservative,1000.0,1024.0,simMed_test.mat,0.0003,tpsscs_finished_detector,0.4263700768907633,0.00045970201946332346,0.0026266359207733304,3161,6877337,105
cross_asset_target_free_conservative,1000.0,1024.0,simMed_test.mat,0.001,low_rank_residual_k30,0.384244731368935,0.0004592657611111655,0.002641907059847594,3158,6877337,105
cross_asset_target_free_conservative,1000.0,1024.0,simMed_test.mat,0.001,raw,0.07833043472347202,1.614153767382694e-05,0.00012212062464699507,111,6877337,105
cross_asset_target_free_conservative,1000.0,1024.0,simMed_test.mat,0.001,tpsscs_finished_detector,0.4275793551731601,0.00046304680862112806,0.002641907059847594,3184,6877337,105
cross_asset_target_free_conservative,1000.0,1024.0,simMed_test.mat,0.003,low_rank_residual_k30,0.42597086160014863,0.0005673178858308256,0.003222210344669609,3901,6877337,105
cross_asset_target_free_conservative,1000.0,1024.0,simMed_test.mat,0.003,raw,0.08800732803513589,2.0940416872995162e-05,0.00021378615276547658,144,6877337,105
cross_asset_target_free_conservative,1000.0,1024.0,simMed_test.mat,0.003,tpsscs_finished_detector,0.46637640661928254,0.0005708080589377673,0.003222210344669609,3925,6877337,105
cross_asset_target_free_conservative,1000.0,1024.0,simMed_test.mat,0.01,low_rank_residual_k30,0.48910183717549605,0.0007757120073590253,0.004153749828199685,5334,6877337,105
cross_asset_target_free_conservative,1000.0,1024.0,simMed_test.mat,0.01,raw,0.13754819506410546,6.514651216398344e-05,0.0004428427450142015,448,6877337,105
cross_asset_target_free_conservative,1000.0,1024.0,simMed_test.mat,0.01,tpsscs_finished_detector,0.526596945808361,0.0007790567787938477,0.004153749828199685,5357,6877337,105
cross_asset_target_free_conservative,1000.0,1024.0,simWind_test.mat,1e-05,low_rank_residual_k30,0.4540574122615589,0.0005943678819840563,0.0031004200076365025,4087,6877337,105
cross_asset_target_free_conservative,1000.0,1024.0,simWind_test.mat,1e-05,raw,0.052598899807274994,5.816626549763409e-06,3.054694301467781e-05,40,6877337,105
cross_asset_target_free_conservative,1000.0,1024.0,simWind_test.mat,1e-05,tpsscs_finished_detector,0.49142508601622087,0.0005978581527940166,0.0031004200076365025,4111,6877337,105
cross_asset_target_free_conservative,1000.0,1024.0,simWind_test.mat,3e-05,low_rank_residual_k30,0.4540574122615589,0.0005943678819840563,0.0031004200076365025,4087,6877337,105
cross_asset_target_free_conservative,1000.0,1024.0,simWind_test.mat,3e-05,raw,0.052598899807274994,5.816626549763409e-06,3.054694301467781e-05,40,6877337,105
cross_asset_target_free_conservative,1000.0,1024.0,simWind_test.mat,3e-05,tpsscs_finished_detector,0.49142508601622087,0.0005978581527940166,0.0031004200076365025,4111,6877337,105
cross_asset_target_free_conservative,1000.0,1024.0,simWind_test.mat,0.0001,low_rank_residual_k30,0.4540574122615589,0.0005943678819840563,0.0031004200076365025,4087,6877337,105
cross_asset_target_free_conservative,1000.0,1024.0,simWind_test.mat,0.0001,raw,0.052598899807274994,5.816626549763409e-06,3.054694301467781e-05,40,6877337,105
cross_asset_target_free_conservative,1000.0,1024.0,simWind_test.mat,0.0001,tpsscs_finished_detector,0.49142508601622087,0.0005978581527940166,0.0031004200076365025,4111,6877337,105
cross_asset_target_free_conservative,1000.0,1024.0,simWind_test.mat,0.0003,low_rank_residual_k30,0.4540574122615589,0.0005943678819840563,0.0031004200076365025,4087,6877337,105
cross_asset_target_free_conservative,1000.0,1024.0,simWind_test.mat,0.0003,raw,0.052598899807274994,5.816626549763409e-06,3.054694301467781e-05,40,6877337,105
cross_asset_target_free_conservative,1000.0,1024.0,simWind_test.mat,0.0003,tpsscs_finished_detector,0.49142508601622087,0.0005978581527940166,0.0031004200076365025,4111,6877337,105
cross_asset_target_free_conservative,1000.0,1024.0,simWind_test.mat,0.001,low_rank_residual_k30,0.45986910649013046,0.0006108007958287846,0.003161512027491409,4200,6877337,105
cross_asset_target_free_conservative,1000.0,1024.0,simWind_test.mat,0.001,raw,0.05299572520410039,5.816626549763409e-06,3.054694301467781e-05,40,6877337,105
cross_asset_target_free_conservative,1000.0,1024.0,simWind_test.mat,0.001,tpsscs_finished_detector,0.4962311478843214,0.0006142910666387448,0.003161512027491409,4224,6877337,105
cross_asset_target_free_conservative,1000.0,1024.0,simWind_test.mat,0.003,low_rank_residual_k30,0.48323053490250634,0.0006854053038542792,0.00352763312615488,4713,6877337,105
cross_asset_target_free_conservative,1000.0,1024.0,simWind_test.mat,0.003,raw,0.07680541719094329,1.1197201312804595e-05,6.109015379446218e-05,77,6877337,105
cross_asset_target_free_conservative,1000.0,1024.0,simWind_test.mat,0.003,tpsscs_finished_detector,0.5178022114977272,0.0006887501574513493,0.00352763312615488,4736,6877337,105
cross_asset_target_free_conservative,1000.0,1024.0,simWind_test.mat,0.01,low_rank_residual_k30,0.537560630735548,0.0009025256280355355,0.005222490303270928,6206,6877337,105
cross_asset_target_free_conservative,1000.0,1024.0,simWind_test.mat,0.01,raw,0.10686289059959145,2.573914078622439e-05,0.00013738570272786945,177,6877337,105
cross_asset_target_free_conservative,1000.0,1024.0,simWind_test.mat,0.01,tpsscs_finished_detector,0.5686087625770027,0.0009057250466547663,0.005253031182237425,6228,6877337,105
cross_asset_target_free_conservative,1000.0,4096.0,combined,1e-05,low_rank_residual_k30,0.41846706759468344,0.0005251444269687086,0.0031004200076365025,7222,13754674,210
cross_asset_target_free_conservative,1000.0,4096.0,combined,1e-05,raw,0.06353575246875087,9.961161586477536e-06,9.162263689948997e-05,137,13754674,210
cross_asset_target_free_conservative,1000.0,4096.0,combined,1e-05,tpsscs_finished_detector,0.41846706759468344,0.0005251444269687086,0.0031004200076365025,7222,13754674,210
cross_asset_target_free_conservative,1000.0,4096.0,combined,3e-05,low_rank_residual_k30,0.41846706759468344,0.0005251444269687086,0.0031004200076365025,7222,13754674,210
cross_asset_target_free_conservative,1000.0,4096.0,combined,3e-05,raw,0.06353575246875087,9.961161586477536e-06,9.162263689948997e-05,137,13754674,210
cross_asset_target_free_conservative,1000.0,4096.0,combined,3e-05,tpsscs_finished_detector,0.41846706759468344,0.0005251444269687086,0.0031004200076365025,7222,13754674,210
cross_asset_target_free_conservative,1000.0,4096.0,combined,0.0001,low_rank_residual_k30,0.41846706759468344,0.0005251444269687086,0.0031004200076365025,7222,13754674,210
cross_asset_target_free_conservative,1000.0,4096.0,combined,0.0001,raw,0.06353575246875087,9.961161586477536e-06,9.162263689948997e-05,137,13754674,210
cross_asset_target_free_conservative,1000.0,4096.0,combined,0.0001,tpsscs_finished_detector,0.41846706759468344,0.0005251444269687086,0.0031004200076365025,7222,13754674,210
cross_asset_target_free_conservative,1000.0,4096.0,combined,0.0003,low_rank_residual_k30,0.41846706759468344,0.0005251444269687086,0.0031004200076365025,7222,13754674,210
cross_asset_target_free_conservative,1000.0,4096.0,combined,0.0003,raw,0.06353575246875087,9.961161586477536e-06,9.162263689948997e-05,137,13754674,210
cross_asset_target_free_conservative,1000.0,4096.0,combined,0.0003,tpsscs_finished_detector,0.41846706759468344,0.0005251444269687086,0.0031004200076365025,7222,13754674,210
cross_asset_target_free_conservative,1000.0,4096.0,combined,0.001,low_rank_residual_k30,0.42205691892953273,0.0005350332784699751,0.003161512027491409,7358,13754674,210
cross_asset_target_free_conservative,1000.0,4096.0,combined,0.001,raw,0.0656630799637862,1.0979082111795175e-05,0.00012212062464699507,151,13754674,210
cross_asset_target_free_conservative,1000.0,4096.0,combined,0.001,tpsscs_finished_detector,0.42205691892953273,0.0005350332784699751,0.003161512027491409,7358,13754674,210
cross_asset_target_free_conservative,1000.0,4096.0,combined,0.003,low_rank_residual_k30,0.4546006982513275,0.0006263615948425524,0.00352763312615488,8614,13754674,210
cross_asset_target_free_conservative,1000.0,4096.0,combined,0.003,raw,0.08240637261303958,1.606880909289988e-05,0.00021378615276547658,221,13754674,210
cross_asset_target_free_conservative,1000.0,4096.0,combined,0.003,tpsscs_finished_detector,0.4546006982513275,0.0006263615948425524,0.00352763312615488,8614,13754674,210
cross_asset_target_free_conservative,1000.0,4096.0,combined,0.01,low_rank_residual_k30,0.513331233955522,0.0008391188176972804,0.005222490303270928,11540,13754674,210
cross_asset_target_free_conservative,1000.0,4096.0,combined,0.01,raw,0.12220554283184845,4.544282647510391e-05,0.0004428427450142015,625,13754674,210
cross_asset_target_free_conservative,1000.0,4096.0,combined,0.01,tpsscs_finished_detector,0.513331233955522,0.0008391188176972804,0.005222490303270928,11540,13754674,210
cross_asset_target_free_conservative,1000.0,4096.0,simMed_test.mat,1e-05,low_rank_residual_k30,0.382876722927808,0.0004559209719533609,0.0026266359207733304,3135,6877337,105
cross_asset_target_free_conservative,1000.0,4096.0,simMed_test.mat,1e-05,raw,0.07447260513022674,1.410569662319166e-05,9.162263689948997e-05,97,6877337,105
cross_asset_target_free_conservative,1000.0,4096.0,simMed_test.mat,1e-05,tpsscs_finished_detector,0.382876722927808,0.0004559209719533609,0.0026266359207733304,3135,6877337,105
cross_asset_target_free_conservative,1000.0,4096.0,simMed_test.mat,3e-05,low_rank_residual_k30,0.382876722927808,0.0004559209719533609,0.0026266359207733304,3135,6877337,105
cross_asset_target_free_conservative,1000.0,4096.0,simMed_test.mat,3e-05,raw,0.07447260513022674,1.410569662319166e-05,9.162263689948997e-05,97,6877337,105
cross_asset_target_free_conservative,1000.0,4096.0,simMed_test.mat,3e-05,tpsscs_finished_detector,0.382876722927808,0.0004559209719533609,0.0026266359207733304,3135,6877337,105
cross_asset_target_free_conservative,1000.0,4096.0,simMed_test.mat,0.0001,low_rank_residual_k30,0.382876722927808,0.0004559209719533609,0.0026266359207733304,3135,6877337,105
cross_asset_target_free_conservative,1000.0,4096.0,simMed_test.mat,0.0001,raw,0.07447260513022674,1.410569662319166e-05,9.162263689948997e-05,97,6877337,105
cross_asset_target_free_conservative,1000.0,4096.0,simMed_test.mat,0.0001,tpsscs_finished_detector,0.382876722927808,0.0004559209719533609,0.0026266359207733304,3135,6877337,105
cross_asset_target_free_conservative,1000.0,4096.0,simMed_test.mat,0.0003,low_rank_residual_k30,0.382876722927808,0.0004559209719533609,0.0026266359207733304,3135,6877337,105
cross_asset_target_free_conservative,1000.0,4096.0,simMed_test.mat,0.0003,raw,0.07447260513022674,1.410569662319166e-05,9.162263689948997e-05,97,6877337,105
cross_asset_target_free_conservative,1000.0,4096.0,simMed_test.mat,0.0003,tpsscs_finished_detector,0.382876722927808,0.0004559209719533609,0.0026266359207733304,3135,6877337,105
cross_asset_target_free_conservative,1000.0,4096.0,simMed_test.mat,0.001,low_rank_residual_k30,0.384244731368935,0.0004592657611111655,0.002641907059847594,3158,6877337,105
cross_asset_target_free_conservative,1000.0,4096.0,simMed_test.mat,0.001,raw,0.07833043472347202,1.614153767382694e-05,0.00012212062464699507,111,6877337,105
cross_asset_target_free_conservative,1000.0,4096.0,simMed_test.mat,0.001,tpsscs_finished_detector,0.384244731368935,0.0004592657611111655,0.002641907059847594,3158,6877337,105
cross_asset_target_free_conservative,1000.0,4096.0,simMed_test.mat,0.003,low_rank_residual_k30,0.42597086160014863,0.0005673178858308256,0.003222210344669609,3901,6877337,105
cross_asset_target_free_conservative,1000.0,4096.0,simMed_test.mat,0.003,raw,0.08800732803513589,2.0940416872995162e-05,0.00021378615276547658,144,6877337,105
cross_asset_target_free_conservative,1000.0,4096.0,simMed_test.mat,0.003,tpsscs_finished_detector,0.42597086160014863,0.0005673178858308256,0.003222210344669609,3901,6877337,105
cross_asset_target_free_conservative,1000.0,4096.0,simMed_test.mat,0.01,low_rank_residual_k30,0.48910183717549605,0.0007757120073590253,0.004153749828199685,5334,6877337,105
cross_asset_target_free_conservative,1000.0,4096.0,simMed_test.mat,0.01,raw,0.13754819506410546,6.514651216398344e-05,0.0004428427450142015,448,6877337,105
cross_asset_target_free_conservative,1000.0,4096.0,simMed_test.mat,0.01,tpsscs_finished_detector,0.48910183717549605,0.0007757120073590253,0.004153749828199685,5334,6877337,105
cross_asset_target_free_conservative,1000.0,4096.0,simWind_test.mat,1e-05,low_rank_residual_k30,0.4540574122615589,0.0005943678819840563,0.0031004200076365025,4087,6877337,105
cross_asset_target_free_conservative,1000.0,4096.0,simWind_test.mat,1e-05,raw,0.052598899807274994,5.816626549763409e-06,3.054694301467781e-05,40,6877337,105
cross_asset_target_free_conservative,1000.0,4096.0,simWind_test.mat,1e-05,tpsscs_finished_detector,0.4540574122615589,0.0005943678819840563,0.0031004200076365025,4087,6877337,105
cross_asset_target_free_conservative,1000.0,4096.0,simWind_test.mat,3e-05,low_rank_residual_k30,0.4540574122615589,0.0005943678819840563,0.0031004200076365025,4087,6877337,105
cross_asset_target_free_conservative,1000.0,4096.0,simWind_test.mat,3e-05,raw,0.052598899807274994,5.816626549763409e-06,3.054694301467781e-05,40,6877337,105
cross_asset_target_free_conservative,1000.0,4096.0,simWind_test.mat,3e-05,tpsscs_finished_detector,0.4540574122615589,0.0005943678819840563,0.0031004200076365025,4087,6877337,105
cross_asset_target_free_conservative,1000.0,4096.0,simWind_test.mat,0.0001,low_rank_residual_k30,0.4540574122615589,0.0005943678819840563,0.0031004200076365025,4087,6877337,105
cross_asset_target_free_conservative,1000.0,4096.0,simWind_test.mat,0.0001,raw,0.052598899807274994,5.816626549763409e-06,3.054694301467781e-05,40,6877337,105
cross_asset_target_free_conservative,1000.0,4096.0,simWind_test.mat,0.0001,tpsscs_finished_detector,0.4540574122615589,0.0005943678819840563,0.0031004200076365025,4087,6877337,105
cross_asset_target_free_conservative,1000.0,4096.0,simWind_test.mat,0.0003,low_rank_residual_k30,0.4540574122615589,0.0005943678819840563,0.0031004200076365025,4087,6877337,105
cross_asset_target_free_conservative,1000.0,4096.0,simWind_test.mat,0.0003,raw,0.052598899807274994,5.816626549763409e-06,3.054694301467781e-05,40,6877337,105
cross_asset_target_free_conservative,1000.0,4096.0,simWind_test.mat,0.0003,tpsscs_finished_detector,0.4540574122615589,0.0005943678819840563,0.0031004200076365025,4087,6877337,105
cross_asset_target_free_conservative,1000.0,4096.0,simWind_test.mat,0.001,low_rank_residual_k30,0.45986910649013046,0.0006108007958287846,0.003161512027491409,4200,6877337,105
cross_asset_target_free_conservative,1000.0,4096.0,simWind_test.mat,0.001,raw,0.05299572520410039,5.816626549763409e-06,3.054694301467781e-05,40,6877337,105
cross_asset_target_free_conservative,1000.0,4096.0,simWind_test.mat,0.001,tpsscs_finished_detector,0.45986910649013046,0.0006108007958287846,0.003161512027491409,4200,6877337,105
cross_asset_target_free_conservative,1000.0,4096.0,simWind_test.mat,0.003,low_rank_residual_k30,0.48323053490250634,0.0006854053038542792,0.00352763312615488,4713,6877337,105
cross_asset_target_free_conservative,1000.0,4096.0,simWind_test.mat,0.003,raw,0.07680541719094329,1.1197201312804595e-05,6.109015379446218e-05,77,6877337,105
cross_asset_target_free_conservative,1000.0,4096.0,simWind_test.mat,0.003,tpsscs_finished_detector,0.48323053490250634,0.0006854053038542792,0.00352763312615488,4713,6877337,105
cross_asset_target_free_conservative,1000.0,4096.0,simWind_test.mat,0.01,low_rank_residual_k30,0.537560630735548,0.0009025256280355355,0.005222490303270928,6206,6877337,105
cross_asset_target_free_conservative,1000.0,4096.0,simWind_test.mat,0.01,raw,0.10686289059959145,2.573914078622439e-05,0.00013738570272786945,177,6877337,105
cross_asset_target_free_conservative,1000.0,4096.0,simWind_test.mat,0.01,tpsscs_finished_detector,0.537560630735548,0.0009025256280355355,0.005222490303270928,6206,6877337,105
cross_asset_target_free_conservative,1000.0,16384.0,combined,1e-05,low_rank_residual_k30,0.41846706759468344,0.0005251444269687086,0.0031004200076365025,7222,13754674,210
cross_asset_target_free_conservative,1000.0,16384.0,combined,1e-05,raw,0.06353575246875087,9.961161586477536e-06,9.162263689948997e-05,137,13754674,210
cross_asset_target_free_conservative,1000.0,16384.0,combined,1e-05,tpsscs_finished_detector,0.41846706759468344,0.0005251444269687086,0.0031004200076365025,7222,13754674,210
cross_asset_target_free_conservative,1000.0,16384.0,combined,3e-05,low_rank_residual_k30,0.41846706759468344,0.0005251444269687086,0.0031004200076365025,7222,13754674,210
cross_asset_target_free_conservative,1000.0,16384.0,combined,3e-05,raw,0.06353575246875087,9.961161586477536e-06,9.162263689948997e-05,137,13754674,210
cross_asset_target_free_conservative,1000.0,16384.0,combined,3e-05,tpsscs_finished_detector,0.41846706759468344,0.0005251444269687086,0.0031004200076365025,7222,13754674,210
cross_asset_target_free_conservative,1000.0,16384.0,combined,0.0001,low_rank_residual_k30,0.41846706759468344,0.0005251444269687086,0.0031004200076365025,7222,13754674,210
cross_asset_target_free_conservative,1000.0,16384.0,combined,0.0001,raw,0.06353575246875087,9.961161586477536e-06,9.162263689948997e-05,137,13754674,210
cross_asset_target_free_conservative,1000.0,16384.0,combined,0.0001,tpsscs_finished_detector,0.41846706759468344,0.0005251444269687086,0.0031004200076365025,7222,13754674,210
cross_asset_target_free_conservative,1000.0,16384.0,combined,0.0003,low_rank_residual_k30,0.41846706759468344,0.0005251444269687086,0.0031004200076365025,7222,13754674,210
cross_asset_target_free_conservative,1000.0,16384.0,combined,0.0003,raw,0.06353575246875087,9.961161586477536e-06,9.162263689948997e-05,137,13754674,210
cross_asset_target_free_conservative,1000.0,16384.0,combined,0.0003,tpsscs_finished_detector,0.41846706759468344,0.0005251444269687086,0.0031004200076365025,7222,13754674,210
cross_asset_target_free_conservative,1000.0,16384.0,combined,0.001,low_rank_residual_k30,0.42205691892953273,0.0005350332784699751,0.003161512027491409,7358,13754674,210
cross_asset_target_free_conservative,1000.0,16384.0,combined,0.001,raw,0.0656630799637862,1.0979082111795175e-05,0.00012212062464699507,151,13754674,210
cross_asset_target_free_conservative,1000.0,16384.0,combined,0.001,tpsscs_finished_detector,0.42205691892953273,0.0005350332784699751,0.003161512027491409,7358,13754674,210
cross_asset_target_free_conservative,1000.0,16384.0,combined,0.003,low_rank_residual_k30,0.4546006982513275,0.0006263615948425524,0.00352763312615488,8614,13754674,210
cross_asset_target_free_conservative,1000.0,16384.0,combined,0.003,raw,0.08240637261303958,1.606880909289988e-05,0.00021378615276547658,221,13754674,210
cross_asset_target_free_conservative,1000.0,16384.0,combined,0.003,tpsscs_finished_detector,0.4546006982513275,0.0006263615948425524,0.00352763312615488,8614,13754674,210
cross_asset_target_free_conservative,1000.0,16384.0,combined,0.01,low_rank_residual_k30,0.513331233955522,0.0008391188176972804,0.005222490303270928,11540,13754674,210
cross_asset_target_free_conservative,1000.0,16384.0,combined,0.01,raw,0.12220554283184845,4.544282647510391e-05,0.0004428427450142015,625,13754674,210
cross_asset_target_free_conservative,1000.0,16384.0,combined,0.01,tpsscs_finished_detector,0.513331233955522,0.0008391188176972804,0.005222490303270928,11540,13754674,210
cross_asset_target_free_conservative,1000.0,16384.0,simMed_test.mat,1e-05,low_rank_residual_k30,0.382876722927808,0.0004559209719533609,0.0026266359207733304,3135,6877337,105
cross_asset_target_free_conservative,1000.0,16384.0,simMed_test.mat,1e-05,raw,0.07447260513022674,1.410569662319166e-05,9.162263689948997e-05,97,6877337,105
cross_asset_target_free_conservative,1000.0,16384.0,simMed_test.mat,1e-05,tpsscs_finished_detector,0.382876722927808,0.0004559209719533609,0.0026266359207733304,3135,6877337,105
cross_asset_target_free_conservative,1000.0,16384.0,simMed_test.mat,3e-05,low_rank_residual_k30,0.382876722927808,0.0004559209719533609,0.0026266359207733304,3135,6877337,105
cross_asset_target_free_conservative,1000.0,16384.0,simMed_test.mat,3e-05,raw,0.07447260513022674,1.410569662319166e-05,9.162263689948997e-05,97,6877337,105
cross_asset_target_free_conservative,1000.0,16384.0,simMed_test.mat,3e-05,tpsscs_finished_detector,0.382876722927808,0.0004559209719533609,0.0026266359207733304,3135,6877337,105
cross_asset_target_free_conservative,1000.0,16384.0,simMed_test.mat,0.0001,low_rank_residual_k30,0.382876722927808,0.0004559209719533609,0.0026266359207733304,3135,6877337,105
cross_asset_target_free_conservative,1000.0,16384.0,simMed_test.mat,0.0001,raw,0.07447260513022674,1.410569662319166e-05,9.162263689948997e-05,97,6877337,105
cross_asset_target_free_conservative,1000.0,16384.0,simMed_test.mat,0.0001,tpsscs_finished_detector,0.382876722927808,0.0004559209719533609,0.0026266359207733304,3135,6877337,105
cross_asset_target_free_conservative,1000.0,16384.0,simMed_test.mat,0.0003,low_rank_residual_k30,0.382876722927808,0.0004559209719533609,0.0026266359207733304,3135,6877337,105
cross_asset_target_free_conservative,1000.0,16384.0,simMed_test.mat,0.0003,raw,0.07447260513022674,1.410569662319166e-05,9.162263689948997e-05,97,6877337,105
cross_asset_target_free_conservative,1000.0,16384.0,simMed_test.mat,0.0003,tpsscs_finished_detector,0.382876722927808,0.0004559209719533609,0.0026266359207733304,3135,6877337,105
cross_asset_target_free_conservative,1000.0,16384.0,simMed_test.mat,0.001,low_rank_residual_k30,0.384244731368935,0.0004592657611111655,0.002641907059847594,3158,6877337,105
cross_asset_target_free_conservative,1000.0,16384.0,simMed_test.mat,0.001,raw,0.07833043472347202,1.614153767382694e-05,0.00012212062464699507,111,6877337,105
cross_asset_target_free_conservative,1000.0,16384.0,simMed_test.mat,0.001,tpsscs_finished_detector,0.384244731368935,0.0004592657611111655,0.002641907059847594,3158,6877337,105
cross_asset_target_free_conservative,1000.0,16384.0,simMed_test.mat,0.003,low_rank_residual_k30,0.42597086160014863,0.0005673178858308256,0.003222210344669609,3901,6877337,105
cross_asset_target_free_conservative,1000.0,16384.0,simMed_test.mat,0.003,raw,0.08800732803513589,2.0940416872995162e-05,0.00021378615276547658,144,6877337,105
cross_asset_target_free_conservative,1000.0,16384.0,simMed_test.mat,0.003,tpsscs_finished_detector,0.42597086160014863,0.0005673178858308256,0.003222210344669609,3901,6877337,105
cross_asset_target_free_conservative,1000.0,16384.0,simMed_test.mat,0.01,low_rank_residual_k30,0.48910183717549605,0.0007757120073590253,0.004153749828199685,5334,6877337,105
cross_asset_target_free_conservative,1000.0,16384.0,simMed_test.mat,0.01,raw,0.13754819506410546,6.514651216398344e-05,0.0004428427450142015,448,6877337,105
cross_asset_target_free_conservative,1000.0,16384.0,simMed_test.mat,0.01,tpsscs_finished_detector,0.48910183717549605,0.0007757120073590253,0.004153749828199685,5334,6877337,105
cross_asset_target_free_conservative,1000.0,16384.0,simWind_test.mat,1e-05,low_rank_residual_k30,0.4540574122615589,0.0005943678819840563,0.0031004200076365025,4087,6877337,105
cross_asset_target_free_conservative,1000.0,16384.0,simWind_test.mat,1e-05,raw,0.052598899807274994,5.816626549763409e-06,3.054694301467781e-05,40,6877337,105
cross_asset_target_free_conservative,1000.0,16384.0,simWind_test.mat,1e-05,tpsscs_finished_detector,0.4540574122615589,0.0005943678819840563,0.0031004200076365025,4087,6877337,105
cross_asset_target_free_conservative,1000.0,16384.0,simWind_test.mat,3e-05,low_rank_residual_k30,0.4540574122615589,0.0005943678819840563,0.0031004200076365025,4087,6877337,105
cross_asset_target_free_conservative,1000.0,16384.0,simWind_test.mat,3e-05,raw,0.052598899807274994,5.816626549763409e-06,3.054694301467781e-05,40,6877337,105
cross_asset_target_free_conservative,1000.0,16384.0,simWind_test.mat,3e-05,tpsscs_finished_detector,0.4540574122615589,0.0005943678819840563,0.0031004200076365025,4087,6877337,105
cross_asset_target_free_conservative,1000.0,16384.0,simWind_test.mat,0.0001,low_rank_residual_k30,0.4540574122615589,0.0005943678819840563,0.0031004200076365025,4087,6877337,105
cross_asset_target_free_conservative,1000.0,16384.0,simWind_test.mat,0.0001,raw,0.052598899807274994,5.816626549763409e-06,3.054694301467781e-05,40,6877337,105
cross_asset_target_free_conservative,1000.0,16384.0,simWind_test.mat,0.0001,tpsscs_finished_detector,0.4540574122615589,0.0005943678819840563,0.0031004200076365025,4087,6877337,105
cross_asset_target_free_conservative,1000.0,16384.0,simWind_test.mat,0.0003,low_rank_residual_k30,0.4540574122615589,0.0005943678819840563,0.0031004200076365025,4087,6877337,105
cross_asset_target_free_conservative,1000.0,16384.0,simWind_test.mat,0.0003,raw,0.052598899807274994,5.816626549763409e-06,3.054694301467781e-05,40,6877337,105
cross_asset_target_free_conservative,1000.0,16384.0,simWind_test.mat,0.0003,tpsscs_finished_detector,0.4540574122615589,0.0005943678819840563,0.0031004200076365025,4087,6877337,105
cross_asset_target_free_conservative,1000.0,16384.0,simWind_test.mat,0.001,low_rank_residual_k30,0.45986910649013046,0.0006108007958287846,0.003161512027491409,4200,6877337,105
cross_asset_target_free_conservative,1000.0,16384.0,simWind_test.mat,0.001,raw,0.05299572520410039,5.816626549763409e-06,3.054694301467781e-05,40,6877337,105
cross_asset_target_free_conservative,1000.0,16384.0,simWind_test.mat,0.001,tpsscs_finished_detector,0.45986910649013046,0.0006108007958287846,0.003161512027491409,4200,6877337,105
cross_asset_target_free_conservative,1000.0,16384.0,simWind_test.mat,0.003,low_rank_residual_k30,0.48323053490250634,0.0006854053038542792,0.00352763312615488,4713,6877337,105
cross_asset_target_free_conservative,1000.0,16384.0,simWind_test.mat,0.003,raw,0.07680541719094329,1.1197201312804595e-05,6.109015379446218e-05,77,6877337,105
cross_asset_target_free_conservative,1000.0,16384.0,simWind_test.mat,0.003,tpsscs_finished_detector,0.48323053490250634,0.0006854053038542792,0.00352763312615488,4713,6877337,105
cross_asset_target_free_conservative,1000.0,16384.0,simWind_test.mat,0.01,low_rank_residual_k30,0.537560630735548,0.0009025256280355355,0.005222490303270928,6206,6877337,105
cross_asset_target_free_conservative,1000.0,16384.0,simWind_test.mat,0.01,raw,0.10686289059959145,2.573914078622439e-05,0.00013738570272786945,177,6877337,105
cross_asset_target_free_conservative,1000.0,16384.0,simWind_test.mat,0.01,tpsscs_finished_detector,0.537560630735548,0.0009025256280355355,0.005222490303270928,6206,6877337,105
cross_asset_target_free_conservative,1000.0,65536.0,combined,1e-05,low_rank_residual_k30,0.41846706759468344,0.0005251444269687086,0.0031004200076365025,7222,13754674,210
cross_asset_target_free_conservative,1000.0,65536.0,combined,1e-05,raw,0.06353575246875087,9.961161586477536e-06,9.162263689948997e-05,137,13754674,210
cross_asset_target_free_conservative,1000.0,65536.0,combined,1e-05,tpsscs_finished_detector,0.41846706759468344,0.0005251444269687086,0.0031004200076365025,7222,13754674,210
cross_asset_target_free_conservative,1000.0,65536.0,combined,3e-05,low_rank_residual_k30,0.41846706759468344,0.0005251444269687086,0.0031004200076365025,7222,13754674,210
cross_asset_target_free_conservative,1000.0,65536.0,combined,3e-05,raw,0.06353575246875087,9.961161586477536e-06,9.162263689948997e-05,137,13754674,210
cross_asset_target_free_conservative,1000.0,65536.0,combined,3e-05,tpsscs_finished_detector,0.41846706759468344,0.0005251444269687086,0.0031004200076365025,7222,13754674,210
cross_asset_target_free_conservative,1000.0,65536.0,combined,0.0001,low_rank_residual_k30,0.41846706759468344,0.0005251444269687086,0.0031004200076365025,7222,13754674,210
cross_asset_target_free_conservative,1000.0,65536.0,combined,0.0001,raw,0.06353575246875087,9.961161586477536e-06,9.162263689948997e-05,137,13754674,210
cross_asset_target_free_conservative,1000.0,65536.0,combined,0.0001,tpsscs_finished_detector,0.41846706759468344,0.0005251444269687086,0.0031004200076365025,7222,13754674,210
cross_asset_target_free_conservative,1000.0,65536.0,combined,0.0003,low_rank_residual_k30,0.41846706759468344,0.0005251444269687086,0.0031004200076365025,7222,13754674,210
cross_asset_target_free_conservative,1000.0,65536.0,combined,0.0003,raw,0.06353575246875087,9.961161586477536e-06,9.162263689948997e-05,137,13754674,210
cross_asset_target_free_conservative,1000.0,65536.0,combined,0.0003,tpsscs_finished_detector,0.41846706759468344,0.0005251444269687086,0.0031004200076365025,7222,13754674,210
cross_asset_target_free_conservative,1000.0,65536.0,combined,0.001,low_rank_residual_k30,0.42205691892953273,0.0005350332784699751,0.003161512027491409,7358,13754674,210
cross_asset_target_free_conservative,1000.0,65536.0,combined,0.001,raw,0.0656630799637862,1.0979082111795175e-05,0.00012212062464699507,151,13754674,210
cross_asset_target_free_conservative,1000.0,65536.0,combined,0.001,tpsscs_finished_detector,0.42205691892953273,0.0005350332784699751,0.003161512027491409,7358,13754674,210
cross_asset_target_free_conservative,1000.0,65536.0,combined,0.003,low_rank_residual_k30,0.4546006982513275,0.0006263615948425524,0.00352763312615488,8614,13754674,210
cross_asset_target_free_conservative,1000.0,65536.0,combined,0.003,raw,0.08240637261303958,1.606880909289988e-05,0.00021378615276547658,221,13754674,210
cross_asset_target_free_conservative,1000.0,65536.0,combined,0.003,tpsscs_finished_detector,0.4546006982513275,0.0006263615948425524,0.00352763312615488,8614,13754674,210
cross_asset_target_free_conservative,1000.0,65536.0,combined,0.01,low_rank_residual_k30,0.513331233955522,0.0008391188176972804,0.005222490303270928,11540,13754674,210
cross_asset_target_free_conservative,1000.0,65536.0,combined,0.01,raw,0.12220554283184845,4.544282647510391e-05,0.0004428427450142015,625,13754674,210
cross_asset_target_free_conservative,1000.0,65536.0,combined,0.01,tpsscs_finished_detector,0.513331233955522,0.0008391188176972804,0.005222490303270928,11540,13754674,210
cross_asset_target_free_conservative,1000.0,65536.0,simMed_test.mat,1e-05,low_rank_residual_k30,0.382876722927808,0.0004559209719533609,0.0026266359207733304,3135,6877337,105
cross_asset_target_free_conservative,1000.0,65536.0,simMed_test.mat,1e-05,raw,0.07447260513022674,1.410569662319166e-05,9.162263689948997e-05,97,6877337,105
cross_asset_target_free_conservative,1000.0,65536.0,simMed_test.mat,1e-05,tpsscs_finished_detector,0.382876722927808,0.0004559209719533609,0.0026266359207733304,3135,6877337,105
cross_asset_target_free_conservative,1000.0,65536.0,simMed_test.mat,3e-05,low_rank_residual_k30,0.382876722927808,0.0004559209719533609,0.0026266359207733304,3135,6877337,105
cross_asset_target_free_conservative,1000.0,65536.0,simMed_test.mat,3e-05,raw,0.07447260513022674,1.410569662319166e-05,9.162263689948997e-05,97,6877337,105
cross_asset_target_free_conservative,1000.0,65536.0,simMed_test.mat,3e-05,tpsscs_finished_detector,0.382876722927808,0.0004559209719533609,0.0026266359207733304,3135,6877337,105
cross_asset_target_free_conservative,1000.0,65536.0,simMed_test.mat,0.0001,low_rank_residual_k30,0.382876722927808,0.0004559209719533609,0.0026266359207733304,3135,6877337,105
cross_asset_target_free_conservative,1000.0,65536.0,simMed_test.mat,0.0001,raw,0.07447260513022674,1.410569662319166e-05,9.162263689948997e-05,97,6877337,105
cross_asset_target_free_conservative,1000.0,65536.0,simMed_test.mat,0.0001,tpsscs_finished_detector,0.382876722927808,0.0004559209719533609,0.0026266359207733304,3135,6877337,105
cross_asset_target_free_conservative,1000.0,65536.0,simMed_test.mat,0.0003,low_rank_residual_k30,0.382876722927808,0.0004559209719533609,0.0026266359207733304,3135,6877337,105
cross_asset_target_free_conservative,1000.0,65536.0,simMed_test.mat,0.0003,raw,0.07447260513022674,1.410569662319166e-05,9.162263689948997e-05,97,6877337,105
cross_asset_target_free_conservative,1000.0,65536.0,simMed_test.mat,0.0003,tpsscs_finished_detector,0.382876722927808,0.0004559209719533609,0.0026266359207733304,3135,6877337,105
cross_asset_target_free_conservative,1000.0,65536.0,simMed_test.mat,0.001,low_rank_residual_k30,0.384244731368935,0.0004592657611111655,0.002641907059847594,3158,6877337,105
cross_asset_target_free_conservative,1000.0,65536.0,simMed_test.mat,0.001,raw,0.07833043472347202,1.614153767382694e-05,0.00012212062464699507,111,6877337,105
cross_asset_target_free_conservative,1000.0,65536.0,simMed_test.mat,0.001,tpsscs_finished_detector,0.384244731368935,0.0004592657611111655,0.002641907059847594,3158,6877337,105
cross_asset_target_free_conservative,1000.0,65536.0,simMed_test.mat,0.003,low_rank_residual_k30,0.42597086160014863,0.0005673178858308256,0.003222210344669609,3901,6877337,105
cross_asset_target_free_conservative,1000.0,65536.0,simMed_test.mat,0.003,raw,0.08800732803513589,2.0940416872995162e-05,0.00021378615276547658,144,6877337,105
cross_asset_target_free_conservative,1000.0,65536.0,simMed_test.mat,0.003,tpsscs_finished_detector,0.42597086160014863,0.0005673178858308256,0.003222210344669609,3901,6877337,105
cross_asset_target_free_conservative,1000.0,65536.0,simMed_test.mat,0.01,low_rank_residual_k30,0.48910183717549605,0.0007757120073590253,0.004153749828199685,5334,6877337,105
cross_asset_target_free_conservative,1000.0,65536.0,simMed_test.mat,0.01,raw,0.13754819506410546,6.514651216398344e-05,0.0004428427450142015,448,6877337,105
cross_asset_target_free_conservative,1000.0,65536.0,simMed_test.mat,0.01,tpsscs_finished_detector,0.48910183717549605,0.0007757120073590253,0.004153749828199685,5334,6877337,105
cross_asset_target_free_conservative,1000.0,65536.0,simWind_test.mat,1e-05,low_rank_residual_k30,0.4540574122615589,0.0005943678819840563,0.0031004200076365025,4087,6877337,105
cross_asset_target_free_conservative,1000.0,65536.0,simWind_test.mat,1e-05,raw,0.052598899807274994,5.816626549763409e-06,3.054694301467781e-05,40,6877337,105
cross_asset_target_free_conservative,1000.0,65536.0,simWind_test.mat,1e-05,tpsscs_finished_detector,0.4540574122615589,0.0005943678819840563,0.0031004200076365025,4087,6877337,105
cross_asset_target_free_conservative,1000.0,65536.0,simWind_test.mat,3e-05,low_rank_residual_k30,0.4540574122615589,0.0005943678819840563,0.0031004200076365025,4087,6877337,105
cross_asset_target_free_conservative,1000.0,65536.0,simWind_test.mat,3e-05,raw,0.052598899807274994,5.816626549763409e-06,3.054694301467781e-05,40,6877337,105
cross_asset_target_free_conservative,1000.0,65536.0,simWind_test.mat,3e-05,tpsscs_finished_detector,0.4540574122615589,0.0005943678819840563,0.0031004200076365025,4087,6877337,105
cross_asset_target_free_conservative,1000.0,65536.0,simWind_test.mat,0.0001,low_rank_residual_k30,0.4540574122615589,0.0005943678819840563,0.0031004200076365025,4087,6877337,105
cross_asset_target_free_conservative,1000.0,65536.0,simWind_test.mat,0.0001,raw,0.052598899807274994,5.816626549763409e-06,3.054694301467781e-05,40,6877337,105
cross_asset_target_free_conservative,1000.0,65536.0,simWind_test.mat,0.0001,tpsscs_finished_detector,0.4540574122615589,0.0005943678819840563,0.0031004200076365025,4087,6877337,105
cross_asset_target_free_conservative,1000.0,65536.0,simWind_test.mat,0.0003,low_rank_residual_k30,0.4540574122615589,0.0005943678819840563,0.0031004200076365025,4087,6877337,105
cross_asset_target_free_conservative,1000.0,65536.0,simWind_test.mat,0.0003,raw,0.052598899807274994,5.816626549763409e-06,3.054694301467781e-05,40,6877337,105
cross_asset_target_free_conservative,1000.0,65536.0,simWind_test.mat,0.0003,tpsscs_finished_detector,0.4540574122615589,0.0005943678819840563,0.0031004200076365025,4087,6877337,105
cross_asset_target_free_conservative,1000.0,65536.0,simWind_test.mat,0.001,low_rank_residual_k30,0.45986910649013046,0.0006108007958287846,0.003161512027491409,4200,6877337,105
cross_asset_target_free_conservative,1000.0,65536.0,simWind_test.mat,0.001,raw,0.05299572520410039,5.816626549763409e-06,3.054694301467781e-05,40,6877337,105
cross_asset_target_free_conservative,1000.0,65536.0,simWind_test.mat,0.001,tpsscs_finished_detector,0.45986910649013046,0.0006108007958287846,0.003161512027491409,4200,6877337,105
cross_asset_target_free_conservative,1000.0,65536.0,simWind_test.mat,0.003,low_rank_residual_k30,0.48323053490250634,0.0006854053038542792,0.00352763312615488,4713,6877337,105
cross_asset_target_free_conservative,1000.0,65536.0,simWind_test.mat,0.003,raw,0.07680541719094329,1.1197201312804595e-05,6.109015379446218e-05,77,6877337,105
cross_asset_target_free_conservative,1000.0,65536.0,simWind_test.mat,0.003,tpsscs_finished_detector,0.48323053490250634,0.0006854053038542792,0.00352763312615488,4713,6877337,105
cross_asset_target_free_conservative,1000.0,65536.0,simWind_test.mat,0.01,low_rank_residual_k30,0.537560630735548,0.0009025256280355355,0.005222490303270928,6206,6877337,105
cross_asset_target_free_conservative,1000.0,65536.0,simWind_test.mat,0.01,raw,0.10686289059959145,2.573914078622439e-05,0.00013738570272786945,177,6877337,105
cross_asset_target_free_conservative,1000.0,65536.0,simWind_test.mat,0.01,tpsscs_finished_detector,0.537560630735548,0.0009025256280355355,0.005222490303270928,6206,6877337,105
same_asset_target_free_conservative,1000.0,256.0,combined,1e-05,low_rank_residual_k30,0.41671392376906374,0.000519254736461002,0.0033749217354122445,7141,13754674,210
same_asset_target_free_conservative,1000.0,256.0,combined,1e-05,raw,0.06329340133139344,9.452212440864415e-06,6.109015379446218e-05,130,13754674,210
same_asset_target_free_conservative,1000.0,256.0,combined,1e-05,tpsscs_finished_detector,0.5172467502925157,0.0005537920163980703,0.0034360062917092988,7616,13754674,210
same_asset_target_free_conservative,1000.0,256.0,combined,3e-05,low_rank_residual_k30,0.41671392376906374,0.000519254736461002,0.0033749217354122445,7141,13754674,210
same_asset_target_free_conservative,1000.0,256.0,combined,3e-05,raw,0.06329340133139344,9.452212440864415e-06,6.109015379446218e-05,130,13754674,210
same_asset_target_free_conservative,1000.0,256.0,combined,3e-05,tpsscs_finished_detector,0.5172467502925157,0.0005537920163980703,0.0034360062917092988,7616,13754674,210
same_asset_target_free_conservative,1000.0,256.0,combined,0.0001,low_rank_residual_k30,0.41671392376906374,0.000519254736461002,0.0033749217354122445,7141,13754674,210
same_asset_target_free_conservative,1000.0,256.0,combined,0.0001,raw,0.06329340133139344,9.452212440864415e-06,6.109015379446218e-05,130,13754674,210
same_asset_target_free_conservative,1000.0,256.0,combined,0.0001,tpsscs_finished_detector,0.5172467502925157,0.0005537920163980703,0.0034360062917092988,7616,13754674,210
same_asset_target_free_conservative,1000.0,256.0,combined,0.0003,low_rank_residual_k30,0.41671392376906374,0.000519254736461002,0.0033749217354122445,7141,13754674,210
same_asset_target_free_conservative,1000.0,256.0,combined,0.0003,raw,0.06329340133139344,9.452212440864415e-06,6.109015379446218e-05,130,13754674,210
same_asset_target_free_conservative,1000.0,256.0,combined,0.0003,tpsscs_finished_detector,0.5172467502925157,0.0005537920163980703,0.0034360062917092988,7616,13754674,210
same_asset_target_free_conservative,1000.0,256.0,combined,0.001,low_rank_residual_k30,0.4204893445126785,0.0005296526737485884,0.0033749217354122445,7284,13754674,210
same_asset_target_free_conservative,1000.0,256.0,combined,0.001,raw,0.0657531516085371,1.0033906841795108e-05,6.109015379446218e-05,138,13754674,210
same_asset_target_free_conservative,1000.0,256.0,combined,0.001,tpsscs_finished_detector,0.5206814669996523,0.0005640445431335038,0.0034360062917092988,7757,13754674,210
same_asset_target_free_conservative,1000.0,256.0,combined,0.003,low_rank_residual_k30,0.45303542482175946,0.0006186535164987059,0.003726157934120306,8508,13754674,210
same_asset_target_free_conservative,1000.0,256.0,combined,0.003,raw,0.08171806214533062,1.5341757422292066e-05,0.00012212062464699507,211,13754674,210
same_asset_target_free_conservative,1000.0,256.0,combined,0.003,tpsscs_finished_detector,0.5466016263175663,0.0006510094093903582,0.00378724249041736,8953,13754674,210
same_asset_target_free_conservative,1000.0,256.0,combined,0.01,low_rank_residual_k30,0.5102623905974354,0.0008301025008071062,0.004657697417650383,11416,13754674,210
same_asset_target_free_conservative,1000.0,256.0,combined,0.01,raw,0.12159898094895295,4.0789765138511033e-05,0.00032067922914821487,561,13754674,210
same_asset_target_free_conservative,1000.0,256.0,combined,0.01,tpsscs_finished_detector,0.591645746078917,0.0008598407583447742,0.004718781973947437,11825,13754674,210
same_asset_target_free_conservative,1000.0,256.0,simMed_test.mat,1e-05,low_rank_residual_k30,0.4399277634056081,0.000602656074826218,0.0033749217354122445,4144,6877337,105
same_asset_target_free_conservative,1000.0,256.0,simMed_test.mat,1e-05,raw,0.05445668578193068,8.434294105823042e-06,6.107522941383048e-05,58,6877337,105
same_asset_target_free_conservative,1000.0,256.0,simMed_test.mat,1e-05,tpsscs_finished_detector,0.527459707846649,0.0006302858192903492,0.0034360062917092988,4334,6877337,105
same_asset_target_free_conservative,1000.0,256.0,simMed_test.mat,3e-05,low_rank_residual_k30,0.4399277634056081,0.000602656074826218,0.0033749217354122445,4144,6877337,105
same_asset_target_free_conservative,1000.0,256.0,simMed_test.mat,3e-05,raw,0.05445668578193068,8.434294105823042e-06,6.107522941383048e-05,58,6877337,105
same_asset_target_free_conservative,1000.0,256.0,simMed_test.mat,3e-05,tpsscs_finished_detector,0.527459707846649,0.0006302858192903492,0.0034360062917092988,4334,6877337,105
same_asset_target_free_conservative,1000.0,256.0,simMed_test.mat,0.0001,low_rank_residual_k30,0.4399277634056081,0.000602656074826218,0.0033749217354122445,4144,6877337,105
same_asset_target_free_conservative,1000.0,256.0,simMed_test.mat,0.0001,raw,0.05445668578193068,8.434294105823042e-06,6.107522941383048e-05,58,6877337,105
same_asset_target_free_conservative,1000.0,256.0,simMed_test.mat,0.0001,tpsscs_finished_detector,0.527459707846649,0.0006302858192903492,0.0034360062917092988,4334,6877337,105
same_asset_target_free_conservative,1000.0,256.0,simMed_test.mat,0.0003,low_rank_residual_k30,0.4399277634056081,0.000602656074826218,0.0033749217354122445,4144,6877337,105
same_asset_target_free_conservative,1000.0,256.0,simMed_test.mat,0.0003,raw,0.05445668578193068,8.434294105823042e-06,6.107522941383048e-05,58,6877337,105
same_asset_target_free_conservative,1000.0,256.0,simMed_test.mat,0.0003,tpsscs_finished_detector,0.527459707846649,0.0006302858192903492,0.0034360062917092988,4334,6877337,105
same_asset_target_free_conservative,1000.0,256.0,simMed_test.mat,0.001,low_rank_residual_k30,0.4459745610781645,0.000619961585356831,0.0033749217354122445,4263,6877337,105
same_asset_target_free_conservative,1000.0,256.0,simMed_test.mat,0.001,raw,0.05470088602613092,8.434294105823042e-06,6.107522941383048e-05,58,6877337,105
same_asset_target_free_conservative,1000.0,256.0,simMed_test.mat,0.001,tpsscs_finished_detector,0.5328250974462493,0.0006474459192688093,0.0034360062917092988,4452,6877337,105
same_asset_target_free_conservative,1000.0,256.0,simMed_test.mat,0.003,low_rank_residual_k30,0.4657849457505103,0.0006833675312517056,0.003726157934120306,4699,6877337,105
same_asset_target_free_conservative,1000.0,256.0,simMed_test.mat,0.003,raw,0.0781139845070218,1.5850725438369646e-05,0.00012212062464699507,109,6877337,105
same_asset_target_free_conservative,1000.0,256.0,simMed_test.mat,0.003,tpsscs_finished_detector,0.5507087881919012,0.0007104156312691479,0.00378724249041736,4885,6877337,105
same_asset_target_free_conservative,1000.0,256.0,simMed_test.mat,0.01,low_rank_residual_k30,0.5058578438401101,0.0008641310647307332,0.004657697417650383,5942,6877337,105
same_asset_target_free_conservative,1000.0,256.0,simMed_test.mat,0.01,raw,0.10756648816697639,3.722715648196352e-05,0.00032067922914821487,256,6877337,105
same_asset_target_free_conservative,1000.0,256.0,simMed_test.mat,0.01,tpsscs_finished_detector,0.5825420597725897,0.0008895795065366577,0.004718781973947437,6117,6877337,105
same_asset_target_free_conservative,1000.0,256.0,simWind_test.mat,1e-05,low_rank_residual_k30,0.3935000841325194,0.00043585339809578603,0.0024129505192425167,2997,6877337,105
same_asset_target_free_conservative,1000.0,256.0,simWind_test.mat,1e-05,raw,0.0721301168808562,1.0470130775905792e-05,6.109015379446218e-05,72,6877337,105
same_asset_target_free_conservative,1000.0,256.0,simWind_test.mat,1e-05,tpsscs_finished_detector,0.5070337927383822,0.0004772982135057913,0.0025351252290775807,3282,6877337,105
same_asset_target_free_conservative,1000.0,256.0,simWind_test.mat,3e-05,low_rank_residual_k30,0.3935000841325194,0.00043585339809578603,0.0024129505192425167,2997,6877337,105
same_asset_target_free_conservative,1000.0,256.0,simWind_test.mat,3e-05,raw,0.0721301168808562,1.0470130775905792e-05,6.109015379446218e-05,72,6877337,105
same_asset_target_free_conservative,1000.0,256.0,simWind_test.mat,3e-05,tpsscs_finished_detector,0.5070337927383822,0.0004772982135057913,0.0025351252290775807,3282,6877337,105
same_asset_target_free_conservative,1000.0,256.0,simWind_test.mat,0.0001,low_rank_residual_k30,0.3935000841325194,0.00043585339809578603,0.0024129505192425167,2997,6877337,105
same_asset_target_free_conservative,1000.0,256.0,simWind_test.mat,0.0001,raw,0.0721301168808562,1.0470130775905792e-05,6.109015379446218e-05,72,6877337,105
same_asset_target_free_conservative,1000.0,256.0,simWind_test.mat,0.0001,tpsscs_finished_detector,0.5070337927383822,0.0004772982135057913,0.0025351252290775807,3282,6877337,105
same_asset_target_free_conservative,1000.0,256.0,simWind_test.mat,0.0003,low_rank_residual_k30,0.3935000841325194,0.00043585339809578603,0.0024129505192425167,2997,6877337,105
same_asset_target_free_conservative,1000.0,256.0,simWind_test.mat,0.0003,raw,0.0721301168808562,1.0470130775905792e-05,6.109015379446218e-05,72,6877337,105
same_asset_target_free_conservative,1000.0,256.0,simWind_test.mat,0.0003,tpsscs_finished_detector,0.5070337927383822,0.0004772982135057913,0.0025351252290775807,3282,6877337,105
same_asset_target_free_conservative,1000.0,256.0,simWind_test.mat,0.001,low_rank_residual_k30,0.39500412794719236,0.0004393437621403459,0.002443494196701283,3021,6877337,105
same_asset_target_free_conservative,1000.0,256.0,simWind_test.mat,0.001,raw,0.07680541719094329,1.1633519577767175e-05,6.109015379446218e-05,80,6877337,105
same_asset_target_free_conservative,1000.0,256.0,simWind_test.mat,0.001,tpsscs_finished_detector,0.5085378365530553,0.0004806431669981982,0.002565668906536347,3305,6877337,105
same_asset_target_free_conservative,1000.0,256.0,simWind_test.mat,0.003,low_rank_residual_k30,0.44028590389300853,0.0005539395017457062,0.0029324169530355096,3809,6877337,105
same_asset_target_free_conservative,1000.0,256.0,simWind_test.mat,0.003,raw,0.08532213978363944,1.4832789406214485e-05,7.636269224307772e-05,102,6877337,105
same_asset_target_free_conservative,1000.0,256.0,simWind_test.mat,0.003,tpsscs_finished_detector,0.5424944644432312,0.0005916031875115687,0.0030240549828178696,4068,6877337,105
same_asset_target_free_conservative,1000.0,256.0,simWind_test.mat,0.01,low_rank_residual_k30,0.5146669373547608,0.000796073936883479,0.004214641297376538,5474,6877337,105
same_asset_target_free_conservative,1000.0,256.0,simWind_test.mat,0.01,raw,0.1356314737309295,4.435237379505854e-05,0.0002900364835366133,305,6877337,105
same_asset_target_free_conservative,1000.0,256.0,simWind_test.mat,0.01,tpsscs_finished_detector,0.600749432385244,0.0008301020101528906,0.004260452615826284,5708,6877337,105
same_asset_target_free_conservative,1000.0,1024.0,combined,1e-05,low_rank_residual_k30,0.41671392376906374,0.000519254736461002,0.0033749217354122445,7141,13754674,210
same_asset_target_free_conservative,1000.0,1024.0,combined,1e-05,raw,0.06329340133139344,9.452212440864415e-06,6.109015379446218e-05,130,13754674,210
same_asset_target_free_conservative,1000.0,1024.0,combined,1e-05,tpsscs_finished_detector,0.4575122989108409,0.0005231084914742675,0.0033749217354122445,7194,13754674,210
same_asset_target_free_conservative,1000.0,1024.0,combined,3e-05,low_rank_residual_k30,0.41671392376906374,0.000519254736461002,0.0033749217354122445,7141,13754674,210
same_asset_target_free_conservative,1000.0,1024.0,combined,3e-05,raw,0.06329340133139344,9.452212440864415e-06,6.109015379446218e-05,130,13754674,210
same_asset_target_free_conservative,1000.0,1024.0,combined,3e-05,tpsscs_finished_detector,0.4575122989108409,0.0005231084914742675,0.0033749217354122445,7194,13754674,210
same_asset_target_free_conservative,1000.0,1024.0,combined,0.0001,low_rank_residual_k30,0.41671392376906374,0.000519254736461002,0.0033749217354122445,7141,13754674,210
same_asset_target_free_conservative,1000.0,1024.0,combined,0.0001,raw,0.06329340133139344,9.452212440864415e-06,6.109015379446218e-05,130,13754674,210
same_asset_target_free_conservative,1000.0,1024.0,combined,0.0001,tpsscs_finished_detector,0.4575122989108409,0.0005231084914742675,0.0033749217354122445,7194,13754674,210
same_asset_target_free_conservative,1000.0,1024.0,combined,0.0003,low_rank_residual_k30,0.41671392376906374,0.000519254736461002,0.0033749217354122445,7141,13754674,210
same_asset_target_free_conservative,1000.0,1024.0,combined,0.0003,raw,0.06329340133139344,9.452212440864415e-06,6.109015379446218e-05,130,13754674,210
same_asset_target_free_conservative,1000.0,1024.0,combined,0.0003,tpsscs_finished_detector,0.4575122989108409,0.0005231084914742675,0.0033749217354122445,7194,13754674,210
same_asset_target_free_conservative,1000.0,1024.0,combined,0.001,low_rank_residual_k30,0.4204893445126785,0.0005296526737485884,0.0033749217354122445,7284,13754674,210
same_asset_target_free_conservative,1000.0,1024.0,combined,0.001,raw,0.0657531516085371,1.0033906841795108e-05,6.109015379446218e-05,138,13754674,210
same_asset_target_free_conservative,1000.0,1024.0,combined,0.001,tpsscs_finished_detector,0.4612877196544556,0.0005335064287618539,0.0033749217354122445,7337,13754674,210
same_asset_target_free_conservative,1000.0,1024.0,combined,0.003,low_rank_residual_k30,0.45303542482175946,0.0006186535164987059,0.003726157934120306,8508,13754674,210
same_asset_target_free_conservative,1000.0,1024.0,combined,0.003,raw,0.08171806214533062,1.5341757422292066e-05,0.00012212062464699507,211,13754674,210
same_asset_target_free_conservative,1000.0,1024.0,combined,0.003,tpsscs_finished_detector,0.4917975179080743,0.0006221437162591383,0.003726157934120306,8556,13754674,210
same_asset_target_free_conservative,1000.0,1024.0,combined,0.01,low_rank_residual_k30,0.5102623905974354,0.0008301025008071062,0.004657697417650383,11416,13754674,210
same_asset_target_free_conservative,1000.0,1024.0,combined,0.01,raw,0.12159898094895295,4.0789765138511033e-05,0.00032067922914821487,561,13754674,210
same_asset_target_free_conservative,1000.0,1024.0,combined,0.01,tpsscs_finished_detector,0.5447014409967955,0.0008334472911250339,0.004657697417650383,11462,13754674,210
same_asset_target_free_conservative,1000.0,1024.0,simMed_test.mat,1e-05,low_rank_residual_k30,0.4399277634056081,0.000602656074826218,0.0033749217354122445,4144,6877337,105
same_asset_target_free_conservative,1000.0,1024.0,simMed_test.mat,1e-05,raw,0.05445668578193068,8.434294105823042e-06,6.107522941383048e-05,58,6877337,105
same_asset_target_free_conservative,1000.0,1024.0,simMed_test.mat,1e-05,tpsscs_finished_detector,0.47791555936789515,0.0006057100229294379,0.0033749217354122445,4165,6877337,105
same_asset_target_free_conservative,1000.0,1024.0,simMed_test.mat,3e-05,low_rank_residual_k30,0.4399277634056081,0.000602656074826218,0.0033749217354122445,4144,6877337,105
same_asset_target_free_conservative,1000.0,1024.0,simMed_test.mat,3e-05,raw,0.05445668578193068,8.434294105823042e-06,6.107522941383048e-05,58,6877337,105
same_asset_target_free_conservative,1000.0,1024.0,simMed_test.mat,3e-05,tpsscs_finished_detector,0.47791555936789515,0.0006057100229294379,0.0033749217354122445,4165,6877337,105
same_asset_target_free_conservative,1000.0,1024.0,simMed_test.mat,0.0001,low_rank_residual_k30,0.4399277634056081,0.000602656074826218,0.0033749217354122445,4144,6877337,105
same_asset_target_free_conservative,1000.0,1024.0,simMed_test.mat,0.0001,raw,0.05445668578193068,8.434294105823042e-06,6.107522941383048e-05,58,6877337,105
same_asset_target_free_conservative,1000.0,1024.0,simMed_test.mat,0.0001,tpsscs_finished_detector,0.47791555936789515,0.0006057100229294379,0.0033749217354122445,4165,6877337,105
same_asset_target_free_conservative,1000.0,1024.0,simMed_test.mat,0.0003,low_rank_residual_k30,0.4399277634056081,0.000602656074826218,0.0033749217354122445,4144,6877337,105
same_asset_target_free_conservative,1000.0,1024.0,simMed_test.mat,0.0003,raw,0.05445668578193068,8.434294105823042e-06,6.107522941383048e-05,58,6877337,105
same_asset_target_free_conservative,1000.0,1024.0,simMed_test.mat,0.0003,tpsscs_finished_detector,0.47791555936789515,0.0006057100229294379,0.0033749217354122445,4165,6877337,105
same_asset_target_free_conservative,1000.0,1024.0,simMed_test.mat,0.001,low_rank_residual_k30,0.4459745610781645,0.000619961585356831,0.0033749217354122445,4263,6877337,105
same_asset_target_free_conservative,1000.0,1024.0,simMed_test.mat,0.001,raw,0.05470088602613092,8.434294105823042e-06,6.107522941383048e-05,58,6877337,105
same_asset_target_free_conservative,1000.0,1024.0,simMed_test.mat,0.001,tpsscs_finished_detector,0.4839623570404516,0.000623015533460051,0.0033749217354122445,4284,6877337,105
same_asset_target_free_conservative,1000.0,1024.0,simMed_test.mat,0.003,low_rank_residual_k30,0.4657849457505103,0.0006833675312517056,0.003726157934120306,4699,6877337,105
same_asset_target_free_conservative,1000.0,1024.0,simMed_test.mat,0.003,raw,0.0781139845070218,1.5850725438369646e-05,0.00012212062464699507,109,6877337,105
same_asset_target_free_conservative,1000.0,1024.0,simMed_test.mat,0.003,tpsscs_finished_detector,0.5032885840857827,0.0006864214793549256,0.003726157934120306,4720,6877337,105
same_asset_target_free_conservative,1000.0,1024.0,simMed_test.mat,0.01,low_rank_residual_k30,0.5058578438401101,0.0008641310647307332,0.004657697417650383,5942,6877337,105
same_asset_target_free_conservative,1000.0,1024.0,simMed_test.mat,0.01,raw,0.10756648816697639,3.722715648196352e-05,0.00032067922914821487,256,6877337,105
same_asset_target_free_conservative,1000.0,1024.0,simMed_test.mat,0.01,tpsscs_finished_detector,0.5406113981352464,0.0008670396111618339,0.004657697417650383,5962,6877337,105
same_asset_target_free_conservative,1000.0,1024.0,simWind_test.mat,1e-05,low_rank_residual_k30,0.3935000841325194,0.00043585339809578603,0.0024129505192425167,2997,6877337,105
same_asset_target_free_conservative,1000.0,1024.0,simWind_test.mat,1e-05,raw,0.0721301168808562,1.0470130775905792e-05,6.109015379446218e-05,72,6877337,105
same_asset_target_free_conservative,1000.0,1024.0,simWind_test.mat,1e-05,tpsscs_finished_detector,0.43710903845378657,0.00044050696001909706,0.0024282223579719,3029,6877337,105
same_asset_target_free_conservative,1000.0,1024.0,simWind_test.mat,3e-05,low_rank_residual_k30,0.3935000841325194,0.00043585339809578603,0.0024129505192425167,2997,6877337,105
same_asset_target_free_conservative,1000.0,1024.0,simWind_test.mat,3e-05,raw,0.0721301168808562,1.0470130775905792e-05,6.109015379446218e-05,72,6877337,105
same_asset_target_free_conservative,1000.0,1024.0,simWind_test.mat,3e-05,tpsscs_finished_detector,0.43710903845378657,0.00044050696001909706,0.0024282223579719,3029,6877337,105
same_asset_target_free_conservative,1000.0,1024.0,simWind_test.mat,0.0001,low_rank_residual_k30,0.3935000841325194,0.00043585339809578603,0.0024129505192425167,2997,6877337,105
same_asset_target_free_conservative,1000.0,1024.0,simWind_test.mat,0.0001,raw,0.0721301168808562,1.0470130775905792e-05,6.109015379446218e-05,72,6877337,105
same_asset_target_free_conservative,1000.0,1024.0,simWind_test.mat,0.0001,tpsscs_finished_detector,0.43710903845378657,0.00044050696001909706,0.0024282223579719,3029,6877337,105
same_asset_target_free_conservative,1000.0,1024.0,simWind_test.mat,0.0003,low_rank_residual_k30,0.3935000841325194,0.00043585339809578603,0.0024129505192425167,2997,6877337,105
same_asset_target_free_conservative,1000.0,1024.0,simWind_test.mat,0.0003,raw,0.0721301168808562,1.0470130775905792e-05,6.109015379446218e-05,72,6877337,105
same_asset_target_free_conservative,1000.0,1024.0,simWind_test.mat,0.0003,tpsscs_finished_detector,0.43710903845378657,0.00044050696001909706,0.0024282223579719,3029,6877337,105
same_asset_target_free_conservative,1000.0,1024.0,simWind_test.mat,0.001,low_rank_residual_k30,0.39500412794719236,0.0004393437621403459,0.002443494196701283,3021,6877337,105
same_asset_target_free_conservative,1000.0,1024.0,simWind_test.mat,0.001,raw,0.07680541719094329,1.1633519577767175e-05,6.109015379446218e-05,80,6877337,105
same_asset_target_free_conservative,1000.0,1024.0,simWind_test.mat,0.001,tpsscs_finished_detector,0.4386130822684595,0.0004439973240636569,0.002458766035430666,3053,6877337,105
same_asset_target_free_conservative,1000.0,1024.0,simWind_test.mat,0.003,low_rank_residual_k30,0.44028590389300853,0.0005539395017457062,0.0029324169530355096,3809,6877337,105
same_asset_target_free_conservative,1000.0,1024.0,simWind_test.mat,0.003,raw,0.08532213978363944,1.4832789406214485e-05,7.636269224307772e-05,102,6877337,105
same_asset_target_free_conservative,1000.0,1024.0,simWind_test.mat,0.003,tpsscs_finished_detector,0.48030645173036596,0.0005578659531633508,0.0029324169530355096,3836,6877337,105
same_asset_target_free_conservative,1000.0,1024.0,simWind_test.mat,0.01,low_rank_residual_k30,0.5146669373547608,0.000796073936883479,0.004214641297376538,5474,6877337,105
same_asset_target_free_conservative,1000.0,1024.0,simWind_test.mat,0.01,raw,0.1356314737309295,4.435237379505854e-05,0.0002900364835366133,305,6877337,105
same_asset_target_free_conservative,1000.0,1024.0,simWind_test.mat,0.01,tpsscs_finished_detector,0.5487914838583448,0.0007998549710882336,0.004245182176343035,5500,6877337,105
same_asset_target_free_conservative,1000.0,4096.0,combined,1e-05,low_rank_residual_k30,0.41671392376906374,0.000519254736461002,0.0033749217354122445,7141,13754674,210
same_asset_target_free_conservative,1000.0,4096.0,combined,1e-05,raw,0.06329340133139344,9.452212440864415e-06,6.109015379446218e-05,130,13754674,210
same_asset_target_free_conservative,1000.0,4096.0,combined,1e-05,tpsscs_finished_detector,0.41671392376906374,0.000519254736461002,0.0033749217354122445,7141,13754674,210
same_asset_target_free_conservative,1000.0,4096.0,combined,3e-05,low_rank_residual_k30,0.41671392376906374,0.000519254736461002,0.0033749217354122445,7141,13754674,210
same_asset_target_free_conservative,1000.0,4096.0,combined,3e-05,raw,0.06329340133139344,9.452212440864415e-06,6.109015379446218e-05,130,13754674,210
same_asset_target_free_conservative,1000.0,4096.0,combined,3e-05,tpsscs_finished_detector,0.41671392376906374,0.000519254736461002,0.0033749217354122445,7141,13754674,210
same_asset_target_free_conservative,1000.0,4096.0,combined,0.0001,low_rank_residual_k30,0.41671392376906374,0.000519254736461002,0.0033749217354122445,7141,13754674,210
same_asset_target_free_conservative,1000.0,4096.0,combined,0.0001,raw,0.06329340133139344,9.452212440864415e-06,6.109015379446218e-05,130,13754674,210
same_asset_target_free_conservative,1000.0,4096.0,combined,0.0001,tpsscs_finished_detector,0.41671392376906374,0.000519254736461002,0.0033749217354122445,7141,13754674,210
same_asset_target_free_conservative,1000.0,4096.0,combined,0.0003,low_rank_residual_k30,0.41671392376906374,0.000519254736461002,0.0033749217354122445,7141,13754674,210
same_asset_target_free_conservative,1000.0,4096.0,combined,0.0003,raw,0.06329340133139344,9.452212440864415e-06,6.109015379446218e-05,130,13754674,210
same_asset_target_free_conservative,1000.0,4096.0,combined,0.0003,tpsscs_finished_detector,0.41671392376906374,0.000519254736461002,0.0033749217354122445,7141,13754674,210
same_asset_target_free_conservative,1000.0,4096.0,combined,0.001,low_rank_residual_k30,0.4204893445126785,0.0005296526737485884,0.0033749217354122445,7284,13754674,210
same_asset_target_free_conservative,1000.0,4096.0,combined,0.001,raw,0.0657531516085371,1.0033906841795108e-05,6.109015379446218e-05,138,13754674,210
same_asset_target_free_conservative,1000.0,4096.0,combined,0.001,tpsscs_finished_detector,0.4204893445126785,0.0005296526737485884,0.0033749217354122445,7284,13754674,210
same_asset_target_free_conservative,1000.0,4096.0,combined,0.003,low_rank_residual_k30,0.45303542482175946,0.0006186535164987059,0.003726157934120306,8508,13754674,210
same_asset_target_free_conservative,1000.0,4096.0,combined,0.003,raw,0.08171806214533062,1.5341757422292066e-05,0.00012212062464699507,211,13754674,210
same_asset_target_free_conservative,1000.0,4096.0,combined,0.003,tpsscs_finished_detector,0.45303542482175946,0.0006186535164987059,0.003726157934120306,8508,13754674,210
same_asset_target_free_conservative,1000.0,4096.0,combined,0.01,low_rank_residual_k30,0.5102623905974354,0.0008301025008071062,0.004657697417650383,11416,13754674,210
same_asset_target_free_conservative,1000.0,4096.0,combined,0.01,raw,0.12159898094895295,4.0789765138511033e-05,0.00032067922914821487,561,13754674,210
same_asset_target_free_conservative,1000.0,4096.0,combined,0.01,tpsscs_finished_detector,0.5102623905974354,0.0008301025008071062,0.004657697417650383,11416,13754674,210
same_asset_target_free_conservative,1000.0,4096.0,simMed_test.mat,1e-05,low_rank_residual_k30,0.4399277634056081,0.000602656074826218,0.0033749217354122445,4144,6877337,105
same_asset_target_free_conservative,1000.0,4096.0,simMed_test.mat,1e-05,raw,0.05445668578193068,8.434294105823042e-06,6.107522941383048e-05,58,6877337,105
same_asset_target_free_conservative,1000.0,4096.0,simMed_test.mat,1e-05,tpsscs_finished_detector,0.4399277634056081,0.000602656074826218,0.0033749217354122445,4144,6877337,105
same_asset_target_free_conservative,1000.0,4096.0,simMed_test.mat,3e-05,low_rank_residual_k30,0.4399277634056081,0.000602656074826218,0.0033749217354122445,4144,6877337,105
same_asset_target_free_conservative,1000.0,4096.0,simMed_test.mat,3e-05,raw,0.05445668578193068,8.434294105823042e-06,6.107522941383048e-05,58,6877337,105
same_asset_target_free_conservative,1000.0,4096.0,simMed_test.mat,3e-05,tpsscs_finished_detector,0.4399277634056081,0.000602656074826218,0.0033749217354122445,4144,6877337,105
same_asset_target_free_conservative,1000.0,4096.0,simMed_test.mat,0.0001,low_rank_residual_k30,0.4399277634056081,0.000602656074826218,0.0033749217354122445,4144,6877337,105
same_asset_target_free_conservative,1000.0,4096.0,simMed_test.mat,0.0001,raw,0.05445668578193068,8.434294105823042e-06,6.107522941383048e-05,58,6877337,105
same_asset_target_free_conservative,1000.0,4096.0,simMed_test.mat,0.0001,tpsscs_finished_detector,0.4399277634056081,0.000602656074826218,0.0033749217354122445,4144,6877337,105
same_asset_target_free_conservative,1000.0,4096.0,simMed_test.mat,0.0003,low_rank_residual_k30,0.4399277634056081,0.000602656074826218,0.0033749217354122445,4144,6877337,105
same_asset_target_free_conservative,1000.0,4096.0,simMed_test.mat,0.0003,raw,0.05445668578193068,8.434294105823042e-06,6.107522941383048e-05,58,6877337,105
same_asset_target_free_conservative,1000.0,4096.0,simMed_test.mat,0.0003,tpsscs_finished_detector,0.4399277634056081,0.000602656074826218,0.0033749217354122445,4144,6877337,105
same_asset_target_free_conservative,1000.0,4096.0,simMed_test.mat,0.001,low_rank_residual_k30,0.4459745610781645,0.000619961585356831,0.0033749217354122445,4263,6877337,105
same_asset_target_free_conservative,1000.0,4096.0,simMed_test.mat,0.001,raw,0.05470088602613092,8.434294105823042e-06,6.107522941383048e-05,58,6877337,105
same_asset_target_free_conservative,1000.0,4096.0,simMed_test.mat,0.001,tpsscs_finished_detector,0.4459745610781645,0.000619961585356831,0.0033749217354122445,4263,6877337,105
same_asset_target_free_conservative,1000.0,4096.0,simMed_test.mat,0.003,low_rank_residual_k30,0.4657849457505103,0.0006833675312517056,0.003726157934120306,4699,6877337,105
same_asset_target_free_conservative,1000.0,4096.0,simMed_test.mat,0.003,raw,0.0781139845070218,1.5850725438369646e-05,0.00012212062464699507,109,6877337,105
same_asset_target_free_conservative,1000.0,4096.0,simMed_test.mat,0.003,tpsscs_finished_detector,0.4657849457505103,0.0006833675312517056,0.003726157934120306,4699,6877337,105
same_asset_target_free_conservative,1000.0,4096.0,simMed_test.mat,0.01,low_rank_residual_k30,0.5058578438401101,0.0008641310647307332,0.004657697417650383,5942,6877337,105
same_asset_target_free_conservative,1000.0,4096.0,simMed_test.mat,0.01,raw,0.10756648816697639,3.722715648196352e-05,0.00032067922914821487,256,6877337,105
same_asset_target_free_conservative,1000.0,4096.0,simMed_test.mat,0.01,tpsscs_finished_detector,0.5058578438401101,0.0008641310647307332,0.004657697417650383,5942,6877337,105
same_asset_target_free_conservative,1000.0,4096.0,simWind_test.mat,1e-05,low_rank_residual_k30,0.3935000841325194,0.00043585339809578603,0.0024129505192425167,2997,6877337,105
same_asset_target_free_conservative,1000.0,4096.0,simWind_test.mat,1e-05,raw,0.0721301168808562,1.0470130775905792e-05,6.109015379446218e-05,72,6877337,105
same_asset_target_free_conservative,1000.0,4096.0,simWind_test.mat,1e-05,tpsscs_finished_detector,0.3935000841325194,0.00043585339809578603,0.0024129505192425167,2997,6877337,105
same_asset_target_free_conservative,1000.0,4096.0,simWind_test.mat,3e-05,low_rank_residual_k30,0.3935000841325194,0.00043585339809578603,0.0024129505192425167,2997,6877337,105
same_asset_target_free_conservative,1000.0,4096.0,simWind_test.mat,3e-05,raw,0.0721301168808562,1.0470130775905792e-05,6.109015379446218e-05,72,6877337,105
same_asset_target_free_conservative,1000.0,4096.0,simWind_test.mat,3e-05,tpsscs_finished_detector,0.3935000841325194,0.00043585339809578603,0.0024129505192425167,2997,6877337,105
same_asset_target_free_conservative,1000.0,4096.0,simWind_test.mat,0.0001,low_rank_residual_k30,0.3935000841325194,0.00043585339809578603,0.0024129505192425167,2997,6877337,105
same_asset_target_free_conservative,1000.0,4096.0,simWind_test.mat,0.0001,raw,0.0721301168808562,1.0470130775905792e-05,6.109015379446218e-05,72,6877337,105
same_asset_target_free_conservative,1000.0,4096.0,simWind_test.mat,0.0001,tpsscs_finished_detector,0.3935000841325194,0.00043585339809578603,0.0024129505192425167,2997,6877337,105
same_asset_target_free_conservative,1000.0,4096.0,simWind_test.mat,0.0003,low_rank_residual_k30,0.3935000841325194,0.00043585339809578603,0.0024129505192425167,2997,6877337,105
same_asset_target_free_conservative,1000.0,4096.0,simWind_test.mat,0.0003,raw,0.0721301168808562,1.0470130775905792e-05,6.109015379446218e-05,72,6877337,105
same_asset_target_free_conservative,1000.0,4096.0,simWind_test.mat,0.0003,tpsscs_finished_detector,0.3935000841325194,0.00043585339809578603,0.0024129505192425167,2997,6877337,105
same_asset_target_free_conservative,1000.0,4096.0,simWind_test.mat,0.001,low_rank_residual_k30,0.39500412794719236,0.0004393437621403459,0.002443494196701283,3021,6877337,105
same_asset_target_free_conservative,1000.0,4096.0,simWind_test.mat,0.001,raw,0.07680541719094329,1.1633519577767175e-05,6.109015379446218e-05,80,6877337,105
same_asset_target_free_conservative,1000.0,4096.0,simWind_test.mat,0.001,tpsscs_finished_detector,0.39500412794719236,0.0004393437621403459,0.002443494196701283,3021,6877337,105
same_asset_target_free_conservative,1000.0,4096.0,simWind_test.mat,0.003,low_rank_residual_k30,0.44028590389300853,0.0005539395017457062,0.0029324169530355096,3809,6877337,105
same_asset_target_free_conservative,1000.0,4096.0,simWind_test.mat,0.003,raw,0.08532213978363944,1.4832789406214485e-05,7.636269224307772e-05,102,6877337,105
same_asset_target_free_conservative,1000.0,4096.0,simWind_test.mat,0.003,tpsscs_finished_detector,0.44028590389300853,0.0005539395017457062,0.0029324169530355096,3809,6877337,105
same_asset_target_free_conservative,1000.0,4096.0,simWind_test.mat,0.01,low_rank_residual_k30,0.5146669373547608,0.000796073936883479,0.004214641297376538,5474,6877337,105
same_asset_target_free_conservative,1000.0,4096.0,simWind_test.mat,0.01,raw,0.1356314737309295,4.435237379505854e-05,0.0002900364835366133,305,6877337,105
same_asset_target_free_conservative,1000.0,4096.0,simWind_test.mat,0.01,tpsscs_finished_detector,0.5146669373547608,0.000796073936883479,0.004214641297376538,5474,6877337,105
same_asset_target_free_conservative,1000.0,16384.0,combined,1e-05,low_rank_residual_k30,0.41671392376906374,0.000519254736461002,0.0033749217354122445,7141,13754674,210
same_asset_target_free_conservative,1000.0,16384.0,combined,1e-05,raw,0.06329340133139344,9.452212440864415e-06,6.109015379446218e-05,130,13754674,210
same_asset_target_free_conservative,1000.0,16384.0,combined,1e-05,tpsscs_finished_detector,0.41671392376906374,0.000519254736461002,0.0033749217354122445,7141,13754674,210
same_asset_target_free_conservative,1000.0,16384.0,combined,3e-05,low_rank_residual_k30,0.41671392376906374,0.000519254736461002,0.0033749217354122445,7141,13754674,210
same_asset_target_free_conservative,1000.0,16384.0,combined,3e-05,raw,0.06329340133139344,9.452212440864415e-06,6.109015379446218e-05,130,13754674,210
same_asset_target_free_conservative,1000.0,16384.0,combined,3e-05,tpsscs_finished_detector,0.41671392376906374,0.000519254736461002,0.0033749217354122445,7141,13754674,210
same_asset_target_free_conservative,1000.0,16384.0,combined,0.0001,low_rank_residual_k30,0.41671392376906374,0.000519254736461002,0.0033749217354122445,7141,13754674,210
same_asset_target_free_conservative,1000.0,16384.0,combined,0.0001,raw,0.06329340133139344,9.452212440864415e-06,6.109015379446218e-05,130,13754674,210
same_asset_target_free_conservative,1000.0,16384.0,combined,0.0001,tpsscs_finished_detector,0.41671392376906374,0.000519254736461002,0.0033749217354122445,7141,13754674,210
same_asset_target_free_conservative,1000.0,16384.0,combined,0.0003,low_rank_residual_k30,0.41671392376906374,0.000519254736461002,0.0033749217354122445,7141,13754674,210
same_asset_target_free_conservative,1000.0,16384.0,combined,0.0003,raw,0.06329340133139344,9.452212440864415e-06,6.109015379446218e-05,130,13754674,210
same_asset_target_free_conservative,1000.0,16384.0,combined,0.0003,tpsscs_finished_detector,0.41671392376906374,0.000519254736461002,0.0033749217354122445,7141,13754674,210
same_asset_target_free_conservative,1000.0,16384.0,combined,0.001,low_rank_residual_k30,0.4204893445126785,0.0005296526737485884,0.0033749217354122445,7284,13754674,210
same_asset_target_free_conservative,1000.0,16384.0,combined,0.001,raw,0.0657531516085371,1.0033906841795108e-05,6.109015379446218e-05,138,13754674,210
same_asset_target_free_conservative,1000.0,16384.0,combined,0.001,tpsscs_finished_detector,0.4204893445126785,0.0005296526737485884,0.0033749217354122445,7284,13754674,210
same_asset_target_free_conservative,1000.0,16384.0,combined,0.003,low_rank_residual_k30,0.45303542482175946,0.0006186535164987059,0.003726157934120306,8508,13754674,210
same_asset_target_free_conservative,1000.0,16384.0,combined,0.003,raw,0.08171806214533062,1.5341757422292066e-05,0.00012212062464699507,211,13754674,210
same_asset_target_free_conservative,1000.0,16384.0,combined,0.003,tpsscs_finished_detector,0.45303542482175946,0.0006186535164987059,0.003726157934120306,8508,13754674,210
same_asset_target_free_conservative,1000.0,16384.0,combined,0.01,low_rank_residual_k30,0.5102623905974354,0.0008301025008071062,0.004657697417650383,11416,13754674,210
same_asset_target_free_conservative,1000.0,16384.0,combined,0.01,raw,0.12159898094895295,4.0789765138511033e-05,0.00032067922914821487,561,13754674,210
same_asset_target_free_conservative,1000.0,16384.0,combined,0.01,tpsscs_finished_detector,0.5102623905974354,0.0008301025008071062,0.004657697417650383,11416,13754674,210
same_asset_target_free_conservative,1000.0,16384.0,simMed_test.mat,1e-05,low_rank_residual_k30,0.4399277634056081,0.000602656074826218,0.0033749217354122445,4144,6877337,105
same_asset_target_free_conservative,1000.0,16384.0,simMed_test.mat,1e-05,raw,0.05445668578193068,8.434294105823042e-06,6.107522941383048e-05,58,6877337,105
same_asset_target_free_conservative,1000.0,16384.0,simMed_test.mat,1e-05,tpsscs_finished_detector,0.4399277634056081,0.000602656074826218,0.0033749217354122445,4144,6877337,105
same_asset_target_free_conservative,1000.0,16384.0,simMed_test.mat,3e-05,low_rank_residual_k30,0.4399277634056081,0.000602656074826218,0.0033749217354122445,4144,6877337,105
same_asset_target_free_conservative,1000.0,16384.0,simMed_test.mat,3e-05,raw,0.05445668578193068,8.434294105823042e-06,6.107522941383048e-05,58,6877337,105
same_asset_target_free_conservative,1000.0,16384.0,simMed_test.mat,3e-05,tpsscs_finished_detector,0.4399277634056081,0.000602656074826218,0.0033749217354122445,4144,6877337,105
same_asset_target_free_conservative,1000.0,16384.0,simMed_test.mat,0.0001,low_rank_residual_k30,0.4399277634056081,0.000602656074826218,0.0033749217354122445,4144,6877337,105
same_asset_target_free_conservative,1000.0,16384.0,simMed_test.mat,0.0001,raw,0.05445668578193068,8.434294105823042e-06,6.107522941383048e-05,58,6877337,105
same_asset_target_free_conservative,1000.0,16384.0,simMed_test.mat,0.0001,tpsscs_finished_detector,0.4399277634056081,0.000602656074826218,0.0033749217354122445,4144,6877337,105
same_asset_target_free_conservative,1000.0,16384.0,simMed_test.mat,0.0003,low_rank_residual_k30,0.4399277634056081,0.000602656074826218,0.0033749217354122445,4144,6877337,105
same_asset_target_free_conservative,1000.0,16384.0,simMed_test.mat,0.0003,raw,0.05445668578193068,8.434294105823042e-06,6.107522941383048e-05,58,6877337,105
same_asset_target_free_conservative,1000.0,16384.0,simMed_test.mat,0.0003,tpsscs_finished_detector,0.4399277634056081,0.000602656074826218,0.0033749217354122445,4144,6877337,105
same_asset_target_free_conservative,1000.0,16384.0,simMed_test.mat,0.001,low_rank_residual_k30,0.4459745610781645,0.000619961585356831,0.0033749217354122445,4263,6877337,105
same_asset_target_free_conservative,1000.0,16384.0,simMed_test.mat,0.001,raw,0.05470088602613092,8.434294105823042e-06,6.107522941383048e-05,58,6877337,105
same_asset_target_free_conservative,1000.0,16384.0,simMed_test.mat,0.001,tpsscs_finished_detector,0.4459745610781645,0.000619961585356831,0.0033749217354122445,4263,6877337,105
same_asset_target_free_conservative,1000.0,16384.0,simMed_test.mat,0.003,low_rank_residual_k30,0.4657849457505103,0.0006833675312517056,0.003726157934120306,4699,6877337,105
same_asset_target_free_conservative,1000.0,16384.0,simMed_test.mat,0.003,raw,0.0781139845070218,1.5850725438369646e-05,0.00012212062464699507,109,6877337,105
same_asset_target_free_conservative,1000.0,16384.0,simMed_test.mat,0.003,tpsscs_finished_detector,0.4657849457505103,0.0006833675312517056,0.003726157934120306,4699,6877337,105
same_asset_target_free_conservative,1000.0,16384.0,simMed_test.mat,0.01,low_rank_residual_k30,0.5058578438401101,0.0008641310647307332,0.004657697417650383,5942,6877337,105
same_asset_target_free_conservative,1000.0,16384.0,simMed_test.mat,0.01,raw,0.10756648816697639,3.722715648196352e-05,0.00032067922914821487,256,6877337,105
same_asset_target_free_conservative,1000.0,16384.0,simMed_test.mat,0.01,tpsscs_finished_detector,0.5058578438401101,0.0008641310647307332,0.004657697417650383,5942,6877337,105
same_asset_target_free_conservative,1000.0,16384.0,simWind_test.mat,1e-05,low_rank_residual_k30,0.3935000841325194,0.00043585339809578603,0.0024129505192425167,2997,6877337,105
same_asset_target_free_conservative,1000.0,16384.0,simWind_test.mat,1e-05,raw,0.0721301168808562,1.0470130775905792e-05,6.109015379446218e-05,72,6877337,105
same_asset_target_free_conservative,1000.0,16384.0,simWind_test.mat,1e-05,tpsscs_finished_detector,0.3935000841325194,0.00043585339809578603,0.0024129505192425167,2997,6877337,105
same_asset_target_free_conservative,1000.0,16384.0,simWind_test.mat,3e-05,low_rank_residual_k30,0.3935000841325194,0.00043585339809578603,0.0024129505192425167,2997,6877337,105
same_asset_target_free_conservative,1000.0,16384.0,simWind_test.mat,3e-05,raw,0.0721301168808562,1.0470130775905792e-05,6.109015379446218e-05,72,6877337,105
same_asset_target_free_conservative,1000.0,16384.0,simWind_test.mat,3e-05,tpsscs_finished_detector,0.3935000841325194,0.00043585339809578603,0.0024129505192425167,2997,6877337,105
same_asset_target_free_conservative,1000.0,16384.0,simWind_test.mat,0.0001,low_rank_residual_k30,0.3935000841325194,0.00043585339809578603,0.0024129505192425167,2997,6877337,105
same_asset_target_free_conservative,1000.0,16384.0,simWind_test.mat,0.0001,raw,0.0721301168808562,1.0470130775905792e-05,6.109015379446218e-05,72,6877337,105
same_asset_target_free_conservative,1000.0,16384.0,simWind_test.mat,0.0001,tpsscs_finished_detector,0.3935000841325194,0.00043585339809578603,0.0024129505192425167,2997,6877337,105
same_asset_target_free_conservative,1000.0,16384.0,simWind_test.mat,0.0003,low_rank_residual_k30,0.3935000841325194,0.00043585339809578603,0.0024129505192425167,2997,6877337,105
same_asset_target_free_conservative,1000.0,16384.0,simWind_test.mat,0.0003,raw,0.0721301168808562,1.0470130775905792e-05,6.109015379446218e-05,72,6877337,105
same_asset_target_free_conservative,1000.0,16384.0,simWind_test.mat,0.0003,tpsscs_finished_detector,0.3935000841325194,0.00043585339809578603,0.0024129505192425167,2997,6877337,105
same_asset_target_free_conservative,1000.0,16384.0,simWind_test.mat,0.001,low_rank_residual_k30,0.39500412794719236,0.0004393437621403459,0.002443494196701283,3021,6877337,105
same_asset_target_free_conservative,1000.0,16384.0,simWind_test.mat,0.001,raw,0.07680541719094329,1.1633519577767175e-05,6.109015379446218e-05,80,6877337,105
same_asset_target_free_conservative,1000.0,16384.0,simWind_test.mat,0.001,tpsscs_finished_detector,0.39500412794719236,0.0004393437621403459,0.002443494196701283,3021,6877337,105
same_asset_target_free_conservative,1000.0,16384.0,simWind_test.mat,0.003,low_rank_residual_k30,0.44028590389300853,0.0005539395017457062,0.0029324169530355096,3809,6877337,105
same_asset_target_free_conservative,1000.0,16384.0,simWind_test.mat,0.003,raw,0.08532213978363944,1.4832789406214485e-05,7.636269224307772e-05,102,6877337,105
same_asset_target_free_conservative,1000.0,16384.0,simWind_test.mat,0.003,tpsscs_finished_detector,0.44028590389300853,0.0005539395017457062,0.0029324169530355096,3809,6877337,105
same_asset_target_free_conservative,1000.0,16384.0,simWind_test.mat,0.01,low_rank_residual_k30,0.5146669373547608,0.000796073936883479,0.004214641297376538,5474,6877337,105
same_asset_target_free_conservative,1000.0,16384.0,simWind_test.mat,0.01,raw,0.1356314737309295,4.435237379505854e-05,0.0002900364835366133,305,6877337,105
same_asset_target_free_conservative,1000.0,16384.0,simWind_test.mat,0.01,tpsscs_finished_detector,0.5146669373547608,0.000796073936883479,0.004214641297376538,5474,6877337,105
same_asset_target_free_conservative,1000.0,65536.0,combined,1e-05,low_rank_residual_k30,0.41671392376906374,0.000519254736461002,0.0033749217354122445,7141,13754674,210
same_asset_target_free_conservative,1000.0,65536.0,combined,1e-05,raw,0.06329340133139344,9.452212440864415e-06,6.109015379446218e-05,130,13754674,210
same_asset_target_free_conservative,1000.0,65536.0,combined,1e-05,tpsscs_finished_detector,0.41671392376906374,0.000519254736461002,0.0033749217354122445,7141,13754674,210
same_asset_target_free_conservative,1000.0,65536.0,combined,3e-05,low_rank_residual_k30,0.41671392376906374,0.000519254736461002,0.0033749217354122445,7141,13754674,210
same_asset_target_free_conservative,1000.0,65536.0,combined,3e-05,raw,0.06329340133139344,9.452212440864415e-06,6.109015379446218e-05,130,13754674,210
same_asset_target_free_conservative,1000.0,65536.0,combined,3e-05,tpsscs_finished_detector,0.41671392376906374,0.000519254736461002,0.0033749217354122445,7141,13754674,210
same_asset_target_free_conservative,1000.0,65536.0,combined,0.0001,low_rank_residual_k30,0.41671392376906374,0.000519254736461002,0.0033749217354122445,7141,13754674,210
same_asset_target_free_conservative,1000.0,65536.0,combined,0.0001,raw,0.06329340133139344,9.452212440864415e-06,6.109015379446218e-05,130,13754674,210
same_asset_target_free_conservative,1000.0,65536.0,combined,0.0001,tpsscs_finished_detector,0.41671392376906374,0.000519254736461002,0.0033749217354122445,7141,13754674,210
same_asset_target_free_conservative,1000.0,65536.0,combined,0.0003,low_rank_residual_k30,0.41671392376906374,0.000519254736461002,0.0033749217354122445,7141,13754674,210
same_asset_target_free_conservative,1000.0,65536.0,combined,0.0003,raw,0.06329340133139344,9.452212440864415e-06,6.109015379446218e-05,130,13754674,210
same_asset_target_free_conservative,1000.0,65536.0,combined,0.0003,tpsscs_finished_detector,0.41671392376906374,0.000519254736461002,0.0033749217354122445,7141,13754674,210
same_asset_target_free_conservative,1000.0,65536.0,combined,0.001,low_rank_residual_k30,0.4204893445126785,0.0005296526737485884,0.0033749217354122445,7284,13754674,210
same_asset_target_free_conservative,1000.0,65536.0,combined,0.001,raw,0.0657531516085371,1.0033906841795108e-05,6.109015379446218e-05,138,13754674,210
same_asset_target_free_conservative,1000.0,65536.0,combined,0.001,tpsscs_finished_detector,0.4204893445126785,0.0005296526737485884,0.0033749217354122445,7284,13754674,210
same_asset_target_free_conservative,1000.0,65536.0,combined,0.003,low_rank_residual_k30,0.45303542482175946,0.0006186535164987059,0.003726157934120306,8508,13754674,210
same_asset_target_free_conservative,1000.0,65536.0,combined,0.003,raw,0.08171806214533062,1.5341757422292066e-05,0.00012212062464699507,211,13754674,210
same_asset_target_free_conservative,1000.0,65536.0,combined,0.003,tpsscs_finished_detector,0.45303542482175946,0.0006186535164987059,0.003726157934120306,8508,13754674,210
same_asset_target_free_conservative,1000.0,65536.0,combined,0.01,low_rank_residual_k30,0.5102623905974354,0.0008301025008071062,0.004657697417650383,11416,13754674,210
same_asset_target_free_conservative,1000.0,65536.0,combined,0.01,raw,0.12159898094895295,4.0789765138511033e-05,0.00032067922914821487,561,13754674,210
same_asset_target_free_conservative,1000.0,65536.0,combined,0.01,tpsscs_finished_detector,0.5102623905974354,0.0008301025008071062,0.004657697417650383,11416,13754674,210
same_asset_target_free_conservative,1000.0,65536.0,simMed_test.mat,1e-05,low_rank_residual_k30,0.4399277634056081,0.000602656074826218,0.0033749217354122445,4144,6877337,105
same_asset_target_free_conservative,1000.0,65536.0,simMed_test.mat,1e-05,raw,0.05445668578193068,8.434294105823042e-06,6.107522941383048e-05,58,6877337,105
same_asset_target_free_conservative,1000.0,65536.0,simMed_test.mat,1e-05,tpsscs_finished_detector,0.4399277634056081,0.000602656074826218,0.0033749217354122445,4144,6877337,105
same_asset_target_free_conservative,1000.0,65536.0,simMed_test.mat,3e-05,low_rank_residual_k30,0.4399277634056081,0.000602656074826218,0.0033749217354122445,4144,6877337,105
same_asset_target_free_conservative,1000.0,65536.0,simMed_test.mat,3e-05,raw,0.05445668578193068,8.434294105823042e-06,6.107522941383048e-05,58,6877337,105
same_asset_target_free_conservative,1000.0,65536.0,simMed_test.mat,3e-05,tpsscs_finished_detector,0.4399277634056081,0.000602656074826218,0.0033749217354122445,4144,6877337,105
same_asset_target_free_conservative,1000.0,65536.0,simMed_test.mat,0.0001,low_rank_residual_k30,0.4399277634056081,0.000602656074826218,0.0033749217354122445,4144,6877337,105
same_asset_target_free_conservative,1000.0,65536.0,simMed_test.mat,0.0001,raw,0.05445668578193068,8.434294105823042e-06,6.107522941383048e-05,58,6877337,105
same_asset_target_free_conservative,1000.0,65536.0,simMed_test.mat,0.0001,tpsscs_finished_detector,0.4399277634056081,0.000602656074826218,0.0033749217354122445,4144,6877337,105
same_asset_target_free_conservative,1000.0,65536.0,simMed_test.mat,0.0003,low_rank_residual_k30,0.4399277634056081,0.000602656074826218,0.0033749217354122445,4144,6877337,105
same_asset_target_free_conservative,1000.0,65536.0,simMed_test.mat,0.0003,raw,0.05445668578193068,8.434294105823042e-06,6.107522941383048e-05,58,6877337,105
same_asset_target_free_conservative,1000.0,65536.0,simMed_test.mat,0.0003,tpsscs_finished_detector,0.4399277634056081,0.000602656074826218,0.0033749217354122445,4144,6877337,105
same_asset_target_free_conservative,1000.0,65536.0,simMed_test.mat,0.001,low_rank_residual_k30,0.4459745610781645,0.000619961585356831,0.0033749217354122445,4263,6877337,105
same_asset_target_free_conservative,1000.0,65536.0,simMed_test.mat,0.001,raw,0.05470088602613092,8.434294105823042e-06,6.107522941383048e-05,58,6877337,105
same_asset_target_free_conservative,1000.0,65536.0,simMed_test.mat,0.001,tpsscs_finished_detector,0.4459745610781645,0.000619961585356831,0.0033749217354122445,4263,6877337,105
same_asset_target_free_conservative,1000.0,65536.0,simMed_test.mat,0.003,low_rank_residual_k30,0.4657849457505103,0.0006833675312517056,0.003726157934120306,4699,6877337,105
same_asset_target_free_conservative,1000.0,65536.0,simMed_test.mat,0.003,raw,0.0781139845070218,1.5850725438369646e-05,0.00012212062464699507,109,6877337,105
same_asset_target_free_conservative,1000.0,65536.0,simMed_test.mat,0.003,tpsscs_finished_detector,0.4657849457505103,0.0006833675312517056,0.003726157934120306,4699,6877337,105
same_asset_target_free_conservative,1000.0,65536.0,simMed_test.mat,0.01,low_rank_residual_k30,0.5058578438401101,0.0008641310647307332,0.004657697417650383,5942,6877337,105
same_asset_target_free_conservative,1000.0,65536.0,simMed_test.mat,0.01,raw,0.10756648816697639,3.722715648196352e-05,0.00032067922914821487,256,6877337,105
same_asset_target_free_conservative,1000.0,65536.0,simMed_test.mat,0.01,tpsscs_finished_detector,0.5058578438401101,0.0008641310647307332,0.004657697417650383,5942,6877337,105
same_asset_target_free_conservative,1000.0,65536.0,simWind_test.mat,1e-05,low_rank_residual_k30,0.3935000841325194,0.00043585339809578603,0.0024129505192425167,2997,6877337,105
same_asset_target_free_conservative,1000.0,65536.0,simWind_test.mat,1e-05,raw,0.0721301168808562,1.0470130775905792e-05,6.109015379446218e-05,72,6877337,105
same_asset_target_free_conservative,1000.0,65536.0,simWind_test.mat,1e-05,tpsscs_finished_detector,0.3935000841325194,0.00043585339809578603,0.0024129505192425167,2997,6877337,105
same_asset_target_free_conservative,1000.0,65536.0,simWind_test.mat,3e-05,low_rank_residual_k30,0.3935000841325194,0.00043585339809578603,0.0024129505192425167,2997,6877337,105
same_asset_target_free_conservative,1000.0,65536.0,simWind_test.mat,3e-05,raw,0.0721301168808562,1.0470130775905792e-05,6.109015379446218e-05,72,6877337,105
same_asset_target_free_conservative,1000.0,65536.0,simWind_test.mat,3e-05,tpsscs_finished_detector,0.3935000841325194,0.00043585339809578603,0.0024129505192425167,2997,6877337,105
same_asset_target_free_conservative,1000.0,65536.0,simWind_test.mat,0.0001,low_rank_residual_k30,0.3935000841325194,0.00043585339809578603,0.0024129505192425167,2997,6877337,105
same_asset_target_free_conservative,1000.0,65536.0,simWind_test.mat,0.0001,raw,0.0721301168808562,1.0470130775905792e-05,6.109015379446218e-05,72,6877337,105
same_asset_target_free_conservative,1000.0,65536.0,simWind_test.mat,0.0001,tpsscs_finished_detector,0.3935000841325194,0.00043585339809578603,0.0024129505192425167,2997,6877337,105
same_asset_target_free_conservative,1000.0,65536.0,simWind_test.mat,0.0003,low_rank_residual_k30,0.3935000841325194,0.00043585339809578603,0.0024129505192425167,2997,6877337,105
same_asset_target_free_conservative,1000.0,65536.0,simWind_test.mat,0.0003,raw,0.0721301168808562,1.0470130775905792e-05,6.109015379446218e-05,72,6877337,105
same_asset_target_free_conservative,1000.0,65536.0,simWind_test.mat,0.0003,tpsscs_finished_detector,0.3935000841325194,0.00043585339809578603,0.0024129505192425167,2997,6877337,105
same_asset_target_free_conservative,1000.0,65536.0,simWind_test.mat,0.001,low_rank_residual_k30,0.39500412794719236,0.0004393437621403459,0.002443494196701283,3021,6877337,105
same_asset_target_free_conservative,1000.0,65536.0,simWind_test.mat,0.001,raw,0.07680541719094329,1.1633519577767175e-05,6.109015379446218e-05,80,6877337,105
same_asset_target_free_conservative,1000.0,65536.0,simWind_test.mat,0.001,tpsscs_finished_detector,0.39500412794719236,0.0004393437621403459,0.002443494196701283,3021,6877337,105
same_asset_target_free_conservative,1000.0,65536.0,simWind_test.mat,0.003,low_rank_residual_k30,0.44028590389300853,0.0005539395017457062,0.0029324169530355096,3809,6877337,105
same_asset_target_free_conservative,1000.0,65536.0,simWind_test.mat,0.003,raw,0.08532213978363944,1.4832789406214485e-05,7.636269224307772e-05,102,6877337,105
same_asset_target_free_conservative,1000.0,65536.0,simWind_test.mat,0.003,tpsscs_finished_detector,0.44028590389300853,0.0005539395017457062,0.0029324169530355096,3809,6877337,105
same_asset_target_free_conservative,1000.0,65536.0,simWind_test.mat,0.01,low_rank_residual_k30,0.5146669373547608,0.000796073936883479,0.004214641297376538,5474,6877337,105
same_asset_target_free_conservative,1000.0,65536.0,simWind_test.mat,0.01,raw,0.1356314737309295,4.435237379505854e-05,0.0002900364835366133,305,6877337,105
same_asset_target_free_conservative,1000.0,65536.0,simWind_test.mat,0.01,tpsscs_finished_detector,0.5146669373547608,0.000796073936883479,0.004214641297376538,5474,6877337,105
