pfa_target,threshold,pd,empirical_pfa,target_count,bg_count,method,subset,path,image_index,has_target,step,split
1e-05,11124.174632589524,0.023255813953488372,1.526880735345762e-05,43,65493,raw,simMed,C:\Users\刘子轩\Desktop\TP-SSCS项目\data\downloads\aistap_sim\sampledata\sampledata\simMed\simMed_sample.mat,0,True,0,train
3e-05,9655.504170691933,0.046511627906976744,3.053761470691524e-05,43,65493,raw,simMed,C:\Users\刘子轩\Desktop\TP-SSCS项目\data\downloads\aistap_sim\sampledata\sampledata\simMed\simMed_sample.mat,0,True,0,train
0.0001,7458.75823650836,0.09302325581395349,0.00010688165147420336,43,65493,raw,simMed,C:\Users\刘子轩\Desktop\TP-SSCS项目\data\downloads\aistap_sim\sampledata\sampledata\simMed\simMed_sample.mat,0,True,0,train
0.0003,5149.309725533863,0.11627906976744186,0.00030537614706915243,43,65493,raw,simMed,C:\Users\刘子轩\Desktop\TP-SSCS项目\data\downloads\aistap_sim\sampledata\sampledata\simMed\simMed_sample.mat,0,True,0,train
0.001,3601.5911821606123,0.23255813953488372,0.001007741285328203,43,65493,raw,simMed,C:\Users\刘子轩\Desktop\TP-SSCS项目\data\downloads\aistap_sim\sampledata\sampledata\simMed\simMed_sample.mat,0,True,0,train
0.003,2386.8852097332096,0.32558139534883723,0.0030079550486311513,43,65493,raw,simMed,C:\Users\刘子轩\Desktop\TP-SSCS项目\data\downloads\aistap_sim\sampledata\sampledata\simMed\simMed_sample.mat,0,True,0,train
0.01,1286.4468520244625,0.46511627906976744,0.010001068816514741,43,65493,raw,simMed,C:\Users\刘子轩\Desktop\TP-SSCS项目\data\downloads\aistap_sim\sampledata\sampledata\simMed\simMed_sample.mat,0,True,0,train
1e-05,802.846272662242,0.13953488372093023,1.526880735345762e-05,43,65493,low_rank_residual,simMed,C:\Users\刘子轩\Desktop\TP-SSCS项目\data\downloads\aistap_sim\sampledata\sampledata\simMed\simMed_sample.mat,0,True,0,train
3e-05,686.1564991900859,0.16279069767441862,3.053761470691524e-05,43,65493,low_rank_residual,simMed,C:\Users\刘子轩\Desktop\TP-SSCS项目\data\downloads\aistap_sim\sampledata\sampledata\simMed\simMed_sample.mat,0,True,0,train
0.0001,394.85698953163865,0.23255813953488372,0.00010688165147420336,43,65493,low_rank_residual,simMed,C:\Users\刘子轩\Desktop\TP-SSCS项目\data\downloads\aistap_sim\sampledata\sampledata\simMed\simMed_sample.mat,0,True,0,train
0.0003,167.6233668881951,0.46511627906976744,0.00030537614706915243,43,65493,low_rank_residual,simMed,C:\Users\刘子轩\Desktop\TP-SSCS项目\data\downloads\aistap_sim\sampledata\sampledata\simMed\simMed_sample.mat,0,True,0,train
0.001,70.78746984367343,0.7674418604651163,0.001007741285328203,43,65493,low_rank_residual,simMed,C:\Users\刘子轩\Desktop\TP-SSCS项目\data\downloads\aistap_sim\sampledata\sampledata\simMed\simMed_sample.mat,0,True,0,train
0.003,25.740363614672184,0.9534883720930233,0.0030079550486311513,43,65493,low_rank_residual,simMed,C:\Users\刘子轩\Desktop\TP-SSCS项目\data\downloads\aistap_sim\sampledata\sampledata\simMed\simMed_sample.mat,0,True,0,train
0.01,13.508083448682333,0.9534883720930233,0.010001068816514741,43,65493,low_rank_residual,simMed,C:\Users\刘子轩\Desktop\TP-SSCS项目\data\downloads\aistap_sim\sampledata\sampledata\simMed\simMed_sample.mat,0,True,0,train
1e-05,1642.4899237668503,0.023255813953488372,1.526880735345762e-05,43,65493,trainable_gate,simMed,C:\Users\刘子轩\Desktop\TP-SSCS项目\data\downloads\aistap_sim\sampledata\sampledata\simMed\simMed_sample.mat,0,True,0,train
3e-05,1097.211345857736,0.20930232558139536,3.053761470691524e-05,43,65493,trainable_gate,simMed,C:\Users\刘子轩\Desktop\TP-SSCS项目\data\downloads\aistap_sim\sampledata\sampledata\simMed\simMed_sample.mat,0,True,0,train
0.0001,909.1280706002576,0.2558139534883721,0.00010688165147420336,43,65493,trainable_gate,simMed,C:\Users\刘子轩\Desktop\TP-SSCS项目\data\downloads\aistap_sim\sampledata\sampledata\simMed\simMed_sample.mat,0,True,0,train
0.0003,703.0721586746581,0.3488372093023256,0.00030537614706915243,43,65493,trainable_gate,simMed,C:\Users\刘子轩\Desktop\TP-SSCS项目\data\downloads\aistap_sim\sampledata\sampledata\simMed\simMed_sample.mat,0,True,0,train
0.001,447.9474963449511,0.5813953488372093,0.001007741285328203,43,65493,trainable_gate,simMed,C:\Users\刘子轩\Desktop\TP-SSCS项目\data\downloads\aistap_sim\sampledata\sampledata\simMed\simMed_sample.mat,0,True,0,train
0.003,304.02517205329957,0.6511627906976745,0.0030079550486311513,43,65493,trainable_gate,simMed,C:\Users\刘子轩\Desktop\TP-SSCS项目\data\downloads\aistap_sim\sampledata\sampledata\simMed\simMed_sample.mat,0,True,0,train
0.01,171.4762527122104,0.7906976744186046,0.010001068816514741,43,65493,trainable_gate,simMed,C:\Users\刘子轩\Desktop\TP-SSCS项目\data\downloads\aistap_sim\sampledata\sampledata\simMed\simMed_sample.mat,0,True,0,train
1e-05,6187.384051825041,,1.52587890625e-05,0,65536,raw,simMed,C:\Users\刘子轩\Desktop\TP-SSCS项目\data\downloads\aistap_sim\sampledata\sampledata\simMed\simMed_sample.mat,1,False,0,train
3e-05,5419.413788343435,,3.0517578125e-05,0,65536,raw,simMed,C:\Users\刘子轩\Desktop\TP-SSCS项目\data\downloads\aistap_sim\sampledata\sampledata\simMed\simMed_sample.mat,1,False,0,train
0.0001,3271.518491071117,,0.0001068115234375,0,65536,raw,simMed,C:\Users\刘子轩\Desktop\TP-SSCS项目\data\downloads\aistap_sim\sampledata\sampledata\simMed\simMed_sample.mat,1,False,0,train
0.0003,2632.724739434376,,0.00030517578125,0,65536,raw,simMed,C:\Users\刘子轩\Desktop\TP-SSCS项目\data\downloads\aistap_sim\sampledata\sampledata\simMed\simMed_sample.mat,1,False,0,train
0.001,1639.7416000974783,,0.001007080078125,0,65536,raw,simMed,C:\Users\刘子轩\Desktop\TP-SSCS项目\data\downloads\aistap_sim\sampledata\sampledata\simMed\simMed_sample.mat,1,False,0,train
0.003,962.8284378031237,,0.0030059814453125,0,65536,raw,simMed,C:\Users\刘子轩\Desktop\TP-SSCS项目\data\downloads\aistap_sim\sampledata\sampledata\simMed\simMed_sample.mat,1,False,0,train
0.01,475.0249748693414,,0.010009765625,0,65536,raw,simMed,C:\Users\刘子轩\Desktop\TP-SSCS项目\data\downloads\aistap_sim\sampledata\sampledata\simMed\simMed_sample.mat,1,False,0,train
1e-05,29.045922893646434,,1.52587890625e-05,0,65536,low_rank_residual,simMed,C:\Users\刘子轩\Desktop\TP-SSCS项目\data\downloads\aistap_sim\sampledata\sampledata\simMed\simMed_sample.mat,1,False,0,train
3e-05,23.278189253380425,,3.0517578125e-05,0,65536,low_rank_residual,simMed,C:\Users\刘子轩\Desktop\TP-SSCS项目\data\downloads\aistap_sim\sampledata\sampledata\simMed\simMed_sample.mat,1,False,0,train
0.0001,15.521395621170964,,0.0001068115234375,0,65536,low_rank_residual,simMed,C:\Users\刘子轩\Desktop\TP-SSCS项目\data\downloads\aistap_sim\sampledata\sampledata\simMed\simMed_sample.mat,1,False,0,train
0.0003,12.283324911414693,,0.00030517578125,0,65536,low_rank_residual,simMed,C:\Users\刘子轩\Desktop\TP-SSCS项目\data\downloads\aistap_sim\sampledata\sampledata\simMed\simMed_sample.mat,1,False,0,train
0.001,8.10177868611796,,0.001007080078125,0,65536,low_rank_residual,simMed,C:\Users\刘子轩\Desktop\TP-SSCS项目\data\downloads\aistap_sim\sampledata\sampledata\simMed\simMed_sample.mat,1,False,0,train
0.003,5.413850171893534,,0.0030059814453125,0,65536,low_rank_residual,simMed,C:\Users\刘子轩\Desktop\TP-SSCS项目\data\downloads\aistap_sim\sampledata\sampledata\simMed\simMed_sample.mat,1,False,0,train
0.01,3.6894962385577634,,0.010009765625,0,65536,low_rank_residual,simMed,C:\Users\刘子轩\Desktop\TP-SSCS项目\data\downloads\aistap_sim\sampledata\sampledata\simMed\simMed_sample.mat,1,False,0,train
1e-05,734.1328076095385,,1.52587890625e-05,0,65536,trainable_gate,simMed,C:\Users\刘子轩\Desktop\TP-SSCS项目\data\downloads\aistap_sim\sampledata\sampledata\simMed\simMed_sample.mat,1,False,0,train
3e-05,685.9471791437184,,3.0517578125e-05,0,65536,trainable_gate,simMed,C:\Users\刘子轩\Desktop\TP-SSCS项目\data\downloads\aistap_sim\sampledata\sampledata\simMed\simMed_sample.mat,1,False,0,train
0.0001,402.7845907246742,,0.0001068115234375,0,65536,trainable_gate,simMed,C:\Users\刘子轩\Desktop\TP-SSCS项目\data\downloads\aistap_sim\sampledata\sampledata\simMed\simMed_sample.mat,1,False,0,train
0.0003,334.684645315149,,0.00030517578125,0,65536,trainable_gate,simMed,C:\Users\刘子轩\Desktop\TP-SSCS项目\data\downloads\aistap_sim\sampledata\sampledata\simMed\simMed_sample.mat,1,False,0,train
0.001,214.8505991346,,0.001007080078125,0,65536,trainable_gate,simMed,C:\Users\刘子轩\Desktop\TP-SSCS项目\data\downloads\aistap_sim\sampledata\sampledata\simMed\simMed_sample.mat,1,False,0,train
0.003,131.90265203283155,,0.0030059814453125,0,65536,trainable_gate,simMed,C:\Users\刘子轩\Desktop\TP-SSCS项目\data\downloads\aistap_sim\sampledata\sampledata\simMed\simMed_sample.mat,1,False,0,train
0.01,69.48030137235574,,0.010009765625,0,65536,trainable_gate,simMed,C:\Users\刘子轩\Desktop\TP-SSCS项目\data\downloads\aistap_sim\sampledata\sampledata\simMed\simMed_sample.mat,1,False,0,train
1e-05,8474.764966781358,0.046511627906976744,1.526880735345762e-05,43,65493,raw,simNoiseOnly,C:\Users\刘子轩\Desktop\TP-SSCS项目\data\downloads\aistap_sim\sampledata\sampledata\simNoiseOnly\simNoiseOnly_sample.mat,0,True,0,train
3e-05,5824.701700123973,0.11627906976744186,3.053761470691524e-05,43,65493,raw,simNoiseOnly,C:\Users\刘子轩\Desktop\TP-SSCS项目\data\downloads\aistap_sim\sampledata\sampledata\simNoiseOnly\simNoiseOnly_sample.mat,0,True,0,train
0.0001,4062.447136381865,0.20930232558139536,0.00010688165147420336,43,65493,raw,simNoiseOnly,C:\Users\刘子轩\Desktop\TP-SSCS项目\data\downloads\aistap_sim\sampledata\sampledata\simNoiseOnly\simNoiseOnly_sample.mat,0,True,0,train
0.0003,1995.805114911917,0.3488372093023256,0.00030537614706915243,43,65493,raw,simNoiseOnly,C:\Users\刘子轩\Desktop\TP-SSCS项目\data\downloads\aistap_sim\sampledata\sampledata\simNoiseOnly\simNoiseOnly_sample.mat,0,True,0,train
0.001,407.8287507111117,0.7674418604651163,0.001007741285328203,43,65493,raw,simNoiseOnly,C:\Users\刘子轩\Desktop\TP-SSCS项目\data\downloads\aistap_sim\sampledata\sampledata\simNoiseOnly\simNoiseOnly_sample.mat,0,True,0,train
0.003,228.34277754247117,0.8372093023255814,0.0030079550486311513,43,65493,raw,simNoiseOnly,C:\Users\刘子轩\Desktop\TP-SSCS项目\data\downloads\aistap_sim\sampledata\sampledata\simNoiseOnly\simNoiseOnly_sample.mat,0,True,0,train
0.01,192.21202920375154,0.8837209302325582,0.010001068816514741,43,65493,raw,simNoiseOnly,C:\Users\刘子轩\Desktop\TP-SSCS项目\data\downloads\aistap_sim\sampledata\sampledata\simNoiseOnly\simNoiseOnly_sample.mat,0,True,0,train
1e-05,1028.6928358480818,0.16279069767441862,1.526880735345762e-05,43,65493,low_rank_residual,simNoiseOnly,C:\Users\刘子轩\Desktop\TP-SSCS项目\data\downloads\aistap_sim\sampledata\sampledata\simNoiseOnly\simNoiseOnly_sample.mat,0,True,0,train
3e-05,931.7422928664663,0.23255813953488372,3.053761470691524e-05,43,65493,low_rank_residual,simNoiseOnly,C:\Users\刘子轩\Desktop\TP-SSCS项目\data\downloads\aistap_sim\sampledata\sampledata\simNoiseOnly\simNoiseOnly_sample.mat,0,True,0,train
0.0001,554.3133995242562,0.4418604651162791,0.00010688165147420336,43,65493,low_rank_residual,simNoiseOnly,C:\Users\刘子轩\Desktop\TP-SSCS项目\data\downloads\aistap_sim\sampledata\sampledata\simNoiseOnly\simNoiseOnly_sample.mat,0,True,0,train
0.0003,334.9241901382619,0.627906976744186,0.00030537614706915243,43,65493,low_rank_residual,simNoiseOnly,C:\Users\刘子轩\Desktop\TP-SSCS项目\data\downloads\aistap_sim\sampledata\sampledata\simNoiseOnly\simNoiseOnly_sample.mat,0,True,0,train
0.001,190.93031744736606,0.7441860465116279,0.001007741285328203,43,65493,low_rank_residual,simNoiseOnly,C:\Users\刘子轩\Desktop\TP-SSCS项目\data\downloads\aistap_sim\sampledata\sampledata\simNoiseOnly\simNoiseOnly_sample.mat,0,True,0,train
0.003,161.9569317024632,0.7906976744186046,0.0030079550486311513,43,65493,low_rank_residual,simNoiseOnly,C:\Users\刘子轩\Desktop\TP-SSCS项目\data\downloads\aistap_sim\sampledata\sampledata\simNoiseOnly\simNoiseOnly_sample.mat,0,True,0,train
0.01,139.5562440306498,0.8604651162790697,0.010001068816514741,43,65493,low_rank_residual,simNoiseOnly,C:\Users\刘子轩\Desktop\TP-SSCS项目\data\downloads\aistap_sim\sampledata\sampledata\simNoiseOnly\simNoiseOnly_sample.mat,0,True,0,train
1e-05,2016.561927442012,0.11627906976744186,1.526880735345762e-05,43,65493,trainable_gate,simNoiseOnly,C:\Users\刘子轩\Desktop\TP-SSCS项目\data\downloads\aistap_sim\sampledata\sampledata\simNoiseOnly\simNoiseOnly_sample.mat,0,True,0,train
3e-05,1799.1830500025662,0.13953488372093023,3.053761470691524e-05,43,65493,trainable_gate,simNoiseOnly,C:\Users\刘子轩\Desktop\TP-SSCS项目\data\downloads\aistap_sim\sampledata\sampledata\simNoiseOnly\simNoiseOnly_sample.mat,0,True,0,train
0.0001,1145.4903590862941,0.37209302325581395,0.00010688165147420336,43,65493,trainable_gate,simNoiseOnly,C:\Users\刘子轩\Desktop\TP-SSCS项目\data\downloads\aistap_sim\sampledata\sampledata\simNoiseOnly\simNoiseOnly_sample.mat,0,True,0,train
0.0003,692.7346192142301,0.5116279069767442,0.00030537614706915243,43,65493,trainable_gate,simNoiseOnly,C:\Users\刘子轩\Desktop\TP-SSCS项目\data\downloads\aistap_sim\sampledata\sampledata\simNoiseOnly\simNoiseOnly_sample.mat,0,True,0,train
0.001,210.77808330964982,0.7906976744186046,0.001007741285328203,43,65493,trainable_gate,simNoiseOnly,C:\Users\刘子轩\Desktop\TP-SSCS项目\data\downloads\aistap_sim\sampledata\sampledata\simNoiseOnly\simNoiseOnly_sample.mat,0,True,0,train
0.003,169.35040729405586,0.8372093023255814,0.0030079550486311513,43,65493,trainable_gate,simNoiseOnly,C:\Users\刘子轩\Desktop\TP-SSCS项目\data\downloads\aistap_sim\sampledata\sampledata\simNoiseOnly\simNoiseOnly_sample.mat,0,True,0,train
0.01,145.9679797856219,0.8604651162790697,0.010001068816514741,43,65493,trainable_gate,simNoiseOnly,C:\Users\刘子轩\Desktop\TP-SSCS项目\data\downloads\aistap_sim\sampledata\sampledata\simNoiseOnly\simNoiseOnly_sample.mat,0,True,0,train
1e-05,259.68703786207243,,1.52587890625e-05,0,65536,raw,simNoiseOnly,C:\Users\刘子轩\Desktop\TP-SSCS项目\data\downloads\aistap_sim\sampledata\sampledata\simNoiseOnly\simNoiseOnly_sample.mat,1,False,0,train
3e-05,234.7134934433807,,3.0517578125e-05,0,65536,raw,simNoiseOnly,C:\Users\刘子轩\Desktop\TP-SSCS项目\data\downloads\aistap_sim\sampledata\sampledata\simNoiseOnly\simNoiseOnly_sample.mat,1,False,0,train
0.0001,220.1215825700609,,0.0001068115234375,0,65536,raw,simNoiseOnly,C:\Users\刘子轩\Desktop\TP-SSCS项目\data\downloads\aistap_sim\sampledata\sampledata\simNoiseOnly\simNoiseOnly_sample.mat,1,False,0,train
0.0003,210.58094298655067,,0.00030517578125,0,65536,raw,simNoiseOnly,C:\Users\刘子轩\Desktop\TP-SSCS项目\data\downloads\aistap_sim\sampledata\sampledata\simNoiseOnly\simNoiseOnly_sample.mat,1,False,0,train
0.001,191.72700850747006,,0.001007080078125,0,65536,raw,simNoiseOnly,C:\Users\刘子轩\Desktop\TP-SSCS项目\data\downloads\aistap_sim\sampledata\sampledata\simNoiseOnly\simNoiseOnly_sample.mat,1,False,0,train
0.003,172.2815167327679,,0.0030059814453125,0,65536,raw,simNoiseOnly,C:\Users\刘子轩\Desktop\TP-SSCS项目\data\downloads\aistap_sim\sampledata\sampledata\simNoiseOnly\simNoiseOnly_sample.mat,1,False,0,train
0.01,151.71015514226332,,0.010009765625,0,65536,raw,simNoiseOnly,C:\Users\刘子轩\Desktop\TP-SSCS项目\data\downloads\aistap_sim\sampledata\sampledata\simNoiseOnly\simNoiseOnly_sample.mat,1,False,0,train
1e-05,196.2050771222567,,1.52587890625e-05,0,65536,low_rank_residual,simNoiseOnly,C:\Users\刘子轩\Desktop\TP-SSCS项目\data\downloads\aistap_sim\sampledata\sampledata\simNoiseOnly\simNoiseOnly_sample.mat,1,False,0,train
3e-05,175.75364543691603,,3.0517578125e-05,0,65536,low_rank_residual,simNoiseOnly,C:\Users\刘子轩\Desktop\TP-SSCS项目\data\downloads\aistap_sim\sampledata\sampledata\simNoiseOnly\simNoiseOnly_sample.mat,1,False,0,train
0.0001,168.44955290492243,,0.0001068115234375,0,65536,low_rank_residual,simNoiseOnly,C:\Users\刘子轩\Desktop\TP-SSCS项目\data\downloads\aistap_sim\sampledata\sampledata\simNoiseOnly\simNoiseOnly_sample.mat,1,False,0,train
0.0003,148.1668151278647,,0.00030517578125,0,65536,low_rank_residual,simNoiseOnly,C:\Users\刘子轩\Desktop\TP-SSCS项目\data\downloads\aistap_sim\sampledata\sampledata\simNoiseOnly\simNoiseOnly_sample.mat,1,False,0,train
0.001,134.53460753633172,,0.001007080078125,0,65536,low_rank_residual,simNoiseOnly,C:\Users\刘子轩\Desktop\TP-SSCS项目\data\downloads\aistap_sim\sampledata\sampledata\simNoiseOnly\simNoiseOnly_sample.mat,1,False,0,train
0.003,123.00839262883443,,0.0030059814453125,0,65536,low_rank_residual,simNoiseOnly,C:\Users\刘子轩\Desktop\TP-SSCS项目\data\downloads\aistap_sim\sampledata\sampledata\simNoiseOnly\simNoiseOnly_sample.mat,1,False,0,train
0.01,108.92508865160114,,0.010009765625,0,65536,low_rank_residual,simNoiseOnly,C:\Users\刘子轩\Desktop\TP-SSCS项目\data\downloads\aistap_sim\sampledata\sampledata\simNoiseOnly\simNoiseOnly_sample.mat,1,False,0,train
1e-05,198.9527018033865,,1.52587890625e-05,0,65536,trainable_gate,simNoiseOnly,C:\Users\刘子轩\Desktop\TP-SSCS项目\data\downloads\aistap_sim\sampledata\sampledata\simNoiseOnly\simNoiseOnly_sample.mat,1,False,0,train
3e-05,196.83689511986745,,3.0517578125e-05,0,65536,trainable_gate,simNoiseOnly,C:\Users\刘子轩\Desktop\TP-SSCS项目\data\downloads\aistap_sim\sampledata\sampledata\simNoiseOnly\simNoiseOnly_sample.mat,1,False,0,train
0.0001,176.33240860506612,,0.0001068115234375,0,65536,trainable_gate,simNoiseOnly,C:\Users\刘子轩\Desktop\TP-SSCS项目\data\downloads\aistap_sim\sampledata\sampledata\simNoiseOnly\simNoiseOnly_sample.mat,1,False,0,train
0.0003,159.4907139928206,,0.00030517578125,0,65536,trainable_gate,simNoiseOnly,C:\Users\刘子轩\Desktop\TP-SSCS项目\data\downloads\aistap_sim\sampledata\sampledata\simNoiseOnly\simNoiseOnly_sample.mat,1,False,0,train
0.001,140.56714541614687,,0.001007080078125,0,65536,trainable_gate,simNoiseOnly,C:\Users\刘子轩\Desktop\TP-SSCS项目\data\downloads\aistap_sim\sampledata\sampledata\simNoiseOnly\simNoiseOnly_sample.mat,1,False,0,train
0.003,129.00675232641606,,0.0030059814453125,0,65536,trainable_gate,simNoiseOnly,C:\Users\刘子轩\Desktop\TP-SSCS项目\data\downloads\aistap_sim\sampledata\sampledata\simNoiseOnly\simNoiseOnly_sample.mat,1,False,0,train
0.01,114.96905535736825,,0.010009765625,0,65536,trainable_gate,simNoiseOnly,C:\Users\刘子轩\Desktop\TP-SSCS项目\data\downloads\aistap_sim\sampledata\sampledata\simNoiseOnly\simNoiseOnly_sample.mat,1,False,0,train
1e-05,8616.68416578504,0.046511627906976744,1.526880735345762e-05,43,65493,raw,simWind,C:\Users\刘子轩\Desktop\TP-SSCS项目\data\downloads\aistap_sim\sampledata\sampledata\simWind\simWind_sample.mat,0,True,0,val
3e-05,6624.480152864272,0.09302325581395349,3.053761470691524e-05,43,65493,raw,simWind,C:\Users\刘子轩\Desktop\TP-SSCS项目\data\downloads\aistap_sim\sampledata\sampledata\simWind\simWind_sample.mat,0,True,0,val
0.0001,6002.704428609053,0.09302325581395349,0.00010688165147420336,43,65493,raw,simWind,C:\Users\刘子轩\Desktop\TP-SSCS项目\data\downloads\aistap_sim\sampledata\sampledata\simWind\simWind_sample.mat,0,True,0,val
0.0003,4167.557688596562,0.18604651162790697,0.00030537614706915243,43,65493,raw,simWind,C:\Users\刘子轩\Desktop\TP-SSCS项目\data\downloads\aistap_sim\sampledata\sampledata\simWind\simWind_sample.mat,0,True,0,val
0.001,2664.77103568016,0.3023255813953488,0.001007741285328203,43,65493,raw,simWind,C:\Users\刘子轩\Desktop\TP-SSCS项目\data\downloads\aistap_sim\sampledata\sampledata\simWind\simWind_sample.mat,0,True,0,val
0.003,1863.5932502080925,0.32558139534883723,0.0030079550486311513,43,65493,raw,simWind,C:\Users\刘子轩\Desktop\TP-SSCS项目\data\downloads\aistap_sim\sampledata\sampledata\simWind\simWind_sample.mat,0,True,0,val
0.01,985.5013435885612,0.5348837209302325,0.010001068816514741,43,65493,raw,simWind,C:\Users\刘子轩\Desktop\TP-SSCS项目\data\downloads\aistap_sim\sampledata\sampledata\simWind\simWind_sample.mat,0,True,0,val
1e-05,762.4651420941657,0.13953488372093023,1.526880735345762e-05,43,65493,low_rank_residual,simWind,C:\Users\刘子轩\Desktop\TP-SSCS项目\data\downloads\aistap_sim\sampledata\sampledata\simWind\simWind_sample.mat,0,True,0,val
3e-05,675.8359899709218,0.13953488372093023,3.053761470691524e-05,43,65493,low_rank_residual,simWind,C:\Users\刘子轩\Desktop\TP-SSCS项目\data\downloads\aistap_sim\sampledata\sampledata\simWind\simWind_sample.mat,0,True,0,val
0.0001,425.7774764075933,0.16279069767441862,0.00010688165147420336,43,65493,low_rank_residual,simWind,C:\Users\刘子轩\Desktop\TP-SSCS项目\data\downloads\aistap_sim\sampledata\sampledata\simWind\simWind_sample.mat,0,True,0,val
0.0003,159.8331657518777,0.4883720930232558,0.00030537614706915243,43,65493,low_rank_residual,simWind,C:\Users\刘子轩\Desktop\TP-SSCS项目\data\downloads\aistap_sim\sampledata\sampledata\simWind\simWind_sample.mat,0,True,0,val
0.001,62.542401908383525,0.813953488372093,0.001007741285328203,43,65493,low_rank_residual,simWind,C:\Users\刘子轩\Desktop\TP-SSCS项目\data\downloads\aistap_sim\sampledata\sampledata\simWind\simWind_sample.mat,0,True,0,val
0.003,28.293707118562192,0.8837209302325582,0.0030079550486311513,43,65493,low_rank_residual,simWind,C:\Users\刘子轩\Desktop\TP-SSCS项目\data\downloads\aistap_sim\sampledata\sampledata\simWind\simWind_sample.mat,0,True,0,val
0.01,17.423410147430893,0.9069767441860465,0.010001068816514741,43,65493,low_rank_residual,simWind,C:\Users\刘子轩\Desktop\TP-SSCS项目\data\downloads\aistap_sim\sampledata\sampledata\simWind\simWind_sample.mat,0,True,0,val
1e-05,1606.3919300697642,0.023255813953488372,1.526880735345762e-05,43,65493,trainable_gate,simWind,C:\Users\刘子轩\Desktop\TP-SSCS项目\data\downloads\aistap_sim\sampledata\sampledata\simWind\simWind_sample.mat,0,True,0,val
3e-05,991.5442754103476,0.20930232558139536,3.053761470691524e-05,43,65493,trainable_gate,simWind,C:\Users\刘子轩\Desktop\TP-SSCS项目\data\downloads\aistap_sim\sampledata\sampledata\simWind\simWind_sample.mat,0,True,0,val
0.0001,824.7263339213519,0.27906976744186046,0.00010688165147420336,43,65493,trainable_gate,simWind,C:\Users\刘子轩\Desktop\TP-SSCS项目\data\downloads\aistap_sim\sampledata\sampledata\simWind\simWind_sample.mat,0,True,0,val
0.0003,589.5879576644342,0.46511627906976744,0.00030537614706915243,43,65493,trainable_gate,simWind,C:\Users\刘子轩\Desktop\TP-SSCS项目\data\downloads\aistap_sim\sampledata\sampledata\simWind\simWind_sample.mat,0,True,0,val
0.001,360.5462845293927,0.5813953488372093,0.001007741285328203,43,65493,trainable_gate,simWind,C:\Users\刘子轩\Desktop\TP-SSCS项目\data\downloads\aistap_sim\sampledata\sampledata\simWind\simWind_sample.mat,0,True,0,val
0.003,241.4363883321951,0.7209302325581395,0.0030079550486311513,43,65493,trainable_gate,simWind,C:\Users\刘子轩\Desktop\TP-SSCS项目\data\downloads\aistap_sim\sampledata\sampledata\simWind\simWind_sample.mat,0,True,0,val
0.01,137.31930355301375,0.7906976744186046,0.010001068816514741,43,65493,trainable_gate,simWind,C:\Users\刘子轩\Desktop\TP-SSCS项目\data\downloads\aistap_sim\sampledata\sampledata\simWind\simWind_sample.mat,0,True,0,val
1e-05,5622.384163866826,,1.52587890625e-05,0,65536,raw,simWind,C:\Users\刘子轩\Desktop\TP-SSCS项目\data\downloads\aistap_sim\sampledata\sampledata\simWind\simWind_sample.mat,1,False,0,val
3e-05,4628.5960442851165,,3.0517578125e-05,0,65536,raw,simWind,C:\Users\刘子轩\Desktop\TP-SSCS项目\data\downloads\aistap_sim\sampledata\sampledata\simWind\simWind_sample.mat,1,False,0,val
0.0001,3108.055553349863,,0.0001068115234375,0,65536,raw,simWind,C:\Users\刘子轩\Desktop\TP-SSCS项目\data\downloads\aistap_sim\sampledata\sampledata\simWind\simWind_sample.mat,1,False,0,val
0.0003,2342.8348786401584,,0.00030517578125,0,65536,raw,simWind,C:\Users\刘子轩\Desktop\TP-SSCS项目\data\downloads\aistap_sim\sampledata\sampledata\simWind\simWind_sample.mat,1,False,0,val
0.001,1486.4778069517024,,0.001007080078125,0,65536,raw,simWind,C:\Users\刘子轩\Desktop\TP-SSCS项目\data\downloads\aistap_sim\sampledata\sampledata\simWind\simWind_sample.mat,1,False,0,val
0.003,903.4403532966533,,0.0030059814453125,0,65536,raw,simWind,C:\Users\刘子轩\Desktop\TP-SSCS项目\data\downloads\aistap_sim\sampledata\sampledata\simWind\simWind_sample.mat,1,False,0,val
0.01,439.5823928829982,,0.010009765625,0,65536,raw,simWind,C:\Users\刘子轩\Desktop\TP-SSCS项目\data\downloads\aistap_sim\sampledata\sampledata\simWind\simWind_sample.mat,1,False,0,val
1e-05,29.632980693504855,,1.52587890625e-05,0,65536,low_rank_residual,simWind,C:\Users\刘子轩\Desktop\TP-SSCS项目\data\downloads\aistap_sim\sampledata\sampledata\simWind\simWind_sample.mat,1,False,0,val
3e-05,21.59070695258587,,3.0517578125e-05,0,65536,low_rank_residual,simWind,C:\Users\刘子轩\Desktop\TP-SSCS项目\data\downloads\aistap_sim\sampledata\sampledata\simWind\simWind_sample.mat,1,False,0,val
0.0001,17.7955079634947,,0.0001068115234375,0,65536,low_rank_residual,simWind,C:\Users\刘子轩\Desktop\TP-SSCS项目\data\downloads\aistap_sim\sampledata\sampledata\simWind\simWind_sample.mat,1,False,0,val
0.0003,14.862080036507448,,0.00030517578125,0,65536,low_rank_residual,simWind,C:\Users\刘子轩\Desktop\TP-SSCS项目\data\downloads\aistap_sim\sampledata\sampledata\simWind\simWind_sample.mat,1,False,0,val
0.001,9.29327975548219,,0.001007080078125,0,65536,low_rank_residual,simWind,C:\Users\刘子轩\Desktop\TP-SSCS项目\data\downloads\aistap_sim\sampledata\sampledata\simWind\simWind_sample.mat,1,False,0,val
0.003,6.749032386298453,,0.0030059814453125,0,65536,low_rank_residual,simWind,C:\Users\刘子轩\Desktop\TP-SSCS项目\data\downloads\aistap_sim\sampledata\sampledata\simWind\simWind_sample.mat,1,False,0,val
0.01,4.61681643849546,,0.010009765625,0,65536,low_rank_residual,simWind,C:\Users\刘子轩\Desktop\TP-SSCS项目\data\downloads\aistap_sim\sampledata\sampledata\simWind\simWind_sample.mat,1,False,0,val
1e-05,649.87319995421,,1.52587890625e-05,0,65536,trainable_gate,simWind,C:\Users\刘子轩\Desktop\TP-SSCS项目\data\downloads\aistap_sim\sampledata\sampledata\simWind\simWind_sample.mat,1,False,0,val
3e-05,586.7020781341769,,3.0517578125e-05,0,65536,trainable_gate,simWind,C:\Users\刘子轩\Desktop\TP-SSCS项目\data\downloads\aistap_sim\sampledata\sampledata\simWind\simWind_sample.mat,1,False,0,val
0.0001,392.139757797056,,0.0001068115234375,0,65536,trainable_gate,simWind,C:\Users\刘子轩\Desktop\TP-SSCS项目\data\downloads\aistap_sim\sampledata\sampledata\simWind\simWind_sample.mat,1,False,0,val
0.0003,293.34348220214457,,0.00030517578125,0,65536,trainable_gate,simWind,C:\Users\刘子轩\Desktop\TP-SSCS项目\data\downloads\aistap_sim\sampledata\sampledata\simWind\simWind_sample.mat,1,False,0,val
0.001,199.16866300960203,,0.001007080078125,0,65536,trainable_gate,simWind,C:\Users\刘子轩\Desktop\TP-SSCS项目\data\downloads\aistap_sim\sampledata\sampledata\simWind\simWind_sample.mat,1,False,0,val
0.003,123.47237991538714,,0.0030059814453125,0,65536,trainable_gate,simWind,C:\Users\刘子轩\Desktop\TP-SSCS项目\data\downloads\aistap_sim\sampledata\sampledata\simWind\simWind_sample.mat,1,False,0,val
0.01,64.44878988752757,,0.010009765625,0,65536,trainable_gate,simWind,C:\Users\刘子轩\Desktop\TP-SSCS项目\data\downloads\aistap_sim\sampledata\sampledata\simWind\simWind_sample.mat,1,False,0,val
1e-05,11124.174632589524,0.023255813953488372,1.526880735345762e-05,43,65493,raw,simMed,C:\Users\刘子轩\Desktop\TP-SSCS项目\data\downloads\aistap_sim\sampledata\sampledata\simMed\simMed_sample.mat,0,True,50,train
3e-05,9655.504170691933,0.046511627906976744,3.053761470691524e-05,43,65493,raw,simMed,C:\Users\刘子轩\Desktop\TP-SSCS项目\data\downloads\aistap_sim\sampledata\sampledata\simMed\simMed_sample.mat,0,True,50,train
0.0001,7458.75823650836,0.09302325581395349,0.00010688165147420336,43,65493,raw,simMed,C:\Users\刘子轩\Desktop\TP-SSCS项目\data\downloads\aistap_sim\sampledata\sampledata\simMed\simMed_sample.mat,0,True,50,train
0.0003,5149.309725533863,0.11627906976744186,0.00030537614706915243,43,65493,raw,simMed,C:\Users\刘子轩\Desktop\TP-SSCS项目\data\downloads\aistap_sim\sampledata\sampledata\simMed\simMed_sample.mat,0,True,50,train
0.001,3601.5911821606123,0.23255813953488372,0.001007741285328203,43,65493,raw,simMed,C:\Users\刘子轩\Desktop\TP-SSCS项目\data\downloads\aistap_sim\sampledata\sampledata\simMed\simMed_sample.mat,0,True,50,train
0.003,2386.8852097332096,0.32558139534883723,0.0030079550486311513,43,65493,raw,simMed,C:\Users\刘子轩\Desktop\TP-SSCS项目\data\downloads\aistap_sim\sampledata\sampledata\simMed\simMed_sample.mat,0,True,50,train
0.01,1286.4468520244625,0.46511627906976744,0.010001068816514741,43,65493,raw,simMed,C:\Users\刘子轩\Desktop\TP-SSCS项目\data\downloads\aistap_sim\sampledata\sampledata\simMed\simMed_sample.mat,0,True,50,train
1e-05,802.846272662242,0.13953488372093023,1.526880735345762e-05,43,65493,low_rank_residual,simMed,C:\Users\刘子轩\Desktop\TP-SSCS项目\data\downloads\aistap_sim\sampledata\sampledata\simMed\simMed_sample.mat,0,True,50,train
3e-05,686.1564991900859,0.16279069767441862,3.053761470691524e-05,43,65493,low_rank_residual,simMed,C:\Users\刘子轩\Desktop\TP-SSCS项目\data\downloads\aistap_sim\sampledata\sampledata\simMed\simMed_sample.mat,0,True,50,train
0.0001,394.85698953163865,0.23255813953488372,0.00010688165147420336,43,65493,low_rank_residual,simMed,C:\Users\刘子轩\Desktop\TP-SSCS项目\data\downloads\aistap_sim\sampledata\sampledata\simMed\simMed_sample.mat,0,True,50,train
0.0003,167.6233668881951,0.46511627906976744,0.00030537614706915243,43,65493,low_rank_residual,simMed,C:\Users\刘子轩\Desktop\TP-SSCS项目\data\downloads\aistap_sim\sampledata\sampledata\simMed\simMed_sample.mat,0,True,50,train
0.001,70.78746984367343,0.7674418604651163,0.001007741285328203,43,65493,low_rank_residual,simMed,C:\Users\刘子轩\Desktop\TP-SSCS项目\data\downloads\aistap_sim\sampledata\sampledata\simMed\simMed_sample.mat,0,True,50,train
0.003,25.740363614672184,0.9534883720930233,0.0030079550486311513,43,65493,low_rank_residual,simMed,C:\Users\刘子轩\Desktop\TP-SSCS项目\data\downloads\aistap_sim\sampledata\sampledata\simMed\simMed_sample.mat,0,True,50,train
0.01,13.508083448682333,0.9534883720930233,0.010001068816514741,43,65493,low_rank_residual,simMed,C:\Users\刘子轩\Desktop\TP-SSCS项目\data\downloads\aistap_sim\sampledata\sampledata\simMed\simMed_sample.mat,0,True,50,train
1e-05,8262.708056272113,0.046511627906976744,1.526880735345762e-05,43,65493,trainable_gate,simMed,C:\Users\刘子轩\Desktop\TP-SSCS项目\data\downloads\aistap_sim\sampledata\sampledata\simMed\simMed_sample.mat,0,True,50,train
3e-05,5821.082104002292,0.11627906976744186,3.053761470691524e-05,43,65493,trainable_gate,simMed,C:\Users\刘子轩\Desktop\TP-SSCS项目\data\downloads\aistap_sim\sampledata\sampledata\simMed\simMed_sample.mat,0,True,50,train
0.0001,3611.445712756137,0.23255813953488372,0.00010688165147420336,43,65493,trainable_gate,simMed,C:\Users\刘子轩\Desktop\TP-SSCS项目\data\downloads\aistap_sim\sampledata\sampledata\simMed\simMed_sample.mat,0,True,50,train
0.0003,1566.4430288176295,0.37209302325581395,0.00030537614706915243,43,65493,trainable_gate,simMed,C:\Users\刘子轩\Desktop\TP-SSCS项目\data\downloads\aistap_sim\sampledata\sampledata\simMed\simMed_sample.mat,0,True,50,train
0.001,374.1208792689857,0.7441860465116279,0.001007741285328203,43,65493,trainable_gate,simMed,C:\Users\刘子轩\Desktop\TP-SSCS项目\data\downloads\aistap_sim\sampledata\sampledata\simMed\simMed_sample.mat,0,True,50,train
0.003,54.939686812146256,1.0,0.0030079550486311513,43,65493,trainable_gate,simMed,C:\Users\刘子轩\Desktop\TP-SSCS项目\data\downloads\aistap_sim\sampledata\sampledata\simMed\simMed_sample.mat,0,True,50,train
0.01,15.210476739122191,1.0,0.010001068816514741,43,65493,trainable_gate,simMed,C:\Users\刘子轩\Desktop\TP-SSCS项目\data\downloads\aistap_sim\sampledata\sampledata\simMed\simMed_sample.mat,0,True,50,train
1e-05,6187.384051825041,,1.52587890625e-05,0,65536,raw,simMed,C:\Users\刘子轩\Desktop\TP-SSCS项目\data\downloads\aistap_sim\sampledata\sampledata\simMed\simMed_sample.mat,1,False,50,train
3e-05,5419.413788343435,,3.0517578125e-05,0,65536,raw,simMed,C:\Users\刘子轩\Desktop\TP-SSCS项目\data\downloads\aistap_sim\sampledata\sampledata\simMed\simMed_sample.mat,1,False,50,train
0.0001,3271.518491071117,,0.0001068115234375,0,65536,raw,simMed,C:\Users\刘子轩\Desktop\TP-SSCS项目\data\downloads\aistap_sim\sampledata\sampledata\simMed\simMed_sample.mat,1,False,50,train
0.0003,2632.724739434376,,0.00030517578125,0,65536,raw,simMed,C:\Users\刘子轩\Desktop\TP-SSCS项目\data\downloads\aistap_sim\sampledata\sampledata\simMed\simMed_sample.mat,1,False,50,train
0.001,1639.7416000974783,,0.001007080078125,0,65536,raw,simMed,C:\Users\刘子轩\Desktop\TP-SSCS项目\data\downloads\aistap_sim\sampledata\sampledata\simMed\simMed_sample.mat,1,False,50,train
0.003,962.8284378031237,,0.0030059814453125,0,65536,raw,simMed,C:\Users\刘子轩\Desktop\TP-SSCS项目\data\downloads\aistap_sim\sampledata\sampledata\simMed\simMed_sample.mat,1,False,50,train
0.01,475.0249748693414,,0.010009765625,0,65536,raw,simMed,C:\Users\刘子轩\Desktop\TP-SSCS项目\data\downloads\aistap_sim\sampledata\sampledata\simMed\simMed_sample.mat,1,False,50,train
1e-05,29.045922893646434,,1.52587890625e-05,0,65536,low_rank_residual,simMed,C:\Users\刘子轩\Desktop\TP-SSCS项目\data\downloads\aistap_sim\sampledata\sampledata\simMed\simMed_sample.mat,1,False,50,train
3e-05,23.278189253380425,,3.0517578125e-05,0,65536,low_rank_residual,simMed,C:\Users\刘子轩\Desktop\TP-SSCS项目\data\downloads\aistap_sim\sampledata\sampledata\simMed\simMed_sample.mat,1,False,50,train
0.0001,15.521395621170964,,0.0001068115234375,0,65536,low_rank_residual,simMed,C:\Users\刘子轩\Desktop\TP-SSCS项目\data\downloads\aistap_sim\sampledata\sampledata\simMed\simMed_sample.mat,1,False,50,train
0.0003,12.283324911414693,,0.00030517578125,0,65536,low_rank_residual,simMed,C:\Users\刘子轩\Desktop\TP-SSCS项目\data\downloads\aistap_sim\sampledata\sampledata\simMed\simMed_sample.mat,1,False,50,train
0.001,8.10177868611796,,0.001007080078125,0,65536,low_rank_residual,simMed,C:\Users\刘子轩\Desktop\TP-SSCS项目\data\downloads\aistap_sim\sampledata\sampledata\simMed\simMed_sample.mat,1,False,50,train
0.003,5.413850171893534,,0.0030059814453125,0,65536,low_rank_residual,simMed,C:\Users\刘子轩\Desktop\TP-SSCS项目\data\downloads\aistap_sim\sampledata\sampledata\simMed\simMed_sample.mat,1,False,50,train
0.01,3.6894962385577634,,0.010009765625,0,65536,low_rank_residual,simMed,C:\Users\刘子轩\Desktop\TP-SSCS项目\data\downloads\aistap_sim\sampledata\sampledata\simMed\simMed_sample.mat,1,False,50,train
1e-05,1033.4845712656142,,1.52587890625e-05,0,65536,trainable_gate,simMed,C:\Users\刘子轩\Desktop\TP-SSCS项目\data\downloads\aistap_sim\sampledata\sampledata\simMed\simMed_sample.mat,1,False,50,train
3e-05,494.60133577696354,,3.0517578125e-05,0,65536,trainable_gate,simMed,C:\Users\刘子轩\Desktop\TP-SSCS项目\data\downloads\aistap_sim\sampledata\sampledata\simMed\simMed_sample.mat,1,False,50,train
0.0001,163.31692245161204,,0.0001068115234375,0,65536,trainable_gate,simMed,C:\Users\刘子轩\Desktop\TP-SSCS项目\data\downloads\aistap_sim\sampledata\sampledata\simMed\simMed_sample.mat,1,False,50,train
0.0003,43.47878846814432,,0.00030517578125,0,65536,trainable_gate,simMed,C:\Users\刘子轩\Desktop\TP-SSCS项目\data\downloads\aistap_sim\sampledata\sampledata\simMed\simMed_sample.mat,1,False,50,train
0.001,13.093479438139344,,0.001007080078125,0,65536,trainable_gate,simMed,C:\Users\刘子轩\Desktop\TP-SSCS项目\data\downloads\aistap_sim\sampledata\sampledata\simMed\simMed_sample.mat,1,False,50,train
0.003,6.349472215261278,,0.0030059814453125,0,65536,trainable_gate,simMed,C:\Users\刘子轩\Desktop\TP-SSCS项目\data\downloads\aistap_sim\sampledata\sampledata\simMed\simMed_sample.mat,1,False,50,train
0.01,3.9343422225482283,,0.010009765625,0,65536,trainable_gate,simMed,C:\Users\刘子轩\Desktop\TP-SSCS项目\data\downloads\aistap_sim\sampledata\sampledata\simMed\simMed_sample.mat,1,False,50,train
1e-05,8474.764966781358,0.046511627906976744,1.526880735345762e-05,43,65493,raw,simNoiseOnly,C:\Users\刘子轩\Desktop\TP-SSCS项目\data\downloads\aistap_sim\sampledata\sampledata\simNoiseOnly\simNoiseOnly_sample.mat,0,True,50,train
3e-05,5824.701700123973,0.11627906976744186,3.053761470691524e-05,43,65493,raw,simNoiseOnly,C:\Users\刘子轩\Desktop\TP-SSCS项目\data\downloads\aistap_sim\sampledata\sampledata\simNoiseOnly\simNoiseOnly_sample.mat,0,True,50,train
0.0001,4062.447136381865,0.20930232558139536,0.00010688165147420336,43,65493,raw,simNoiseOnly,C:\Users\刘子轩\Desktop\TP-SSCS项目\data\downloads\aistap_sim\sampledata\sampledata\simNoiseOnly\simNoiseOnly_sample.mat,0,True,50,train
0.0003,1995.805114911917,0.3488372093023256,0.00030537614706915243,43,65493,raw,simNoiseOnly,C:\Users\刘子轩\Desktop\TP-SSCS项目\data\downloads\aistap_sim\sampledata\sampledata\simNoiseOnly\simNoiseOnly_sample.mat,0,True,50,train
0.001,407.8287507111117,0.7674418604651163,0.001007741285328203,43,65493,raw,simNoiseOnly,C:\Users\刘子轩\Desktop\TP-SSCS项目\data\downloads\aistap_sim\sampledata\sampledata\simNoiseOnly\simNoiseOnly_sample.mat,0,True,50,train
0.003,228.34277754247117,0.8372093023255814,0.0030079550486311513,43,65493,raw,simNoiseOnly,C:\Users\刘子轩\Desktop\TP-SSCS项目\data\downloads\aistap_sim\sampledata\sampledata\simNoiseOnly\simNoiseOnly_sample.mat,0,True,50,train
0.01,192.21202920375154,0.8837209302325582,0.010001068816514741,43,65493,raw,simNoiseOnly,C:\Users\刘子轩\Desktop\TP-SSCS项目\data\downloads\aistap_sim\sampledata\sampledata\simNoiseOnly\simNoiseOnly_sample.mat,0,True,50,train
1e-05,1028.6928358480818,0.16279069767441862,1.526880735345762e-05,43,65493,low_rank_residual,simNoiseOnly,C:\Users\刘子轩\Desktop\TP-SSCS项目\data\downloads\aistap_sim\sampledata\sampledata\simNoiseOnly\simNoiseOnly_sample.mat,0,True,50,train
3e-05,931.7422928664663,0.23255813953488372,3.053761470691524e-05,43,65493,low_rank_residual,simNoiseOnly,C:\Users\刘子轩\Desktop\TP-SSCS项目\data\downloads\aistap_sim\sampledata\sampledata\simNoiseOnly\simNoiseOnly_sample.mat,0,True,50,train
0.0001,554.3133995242562,0.4418604651162791,0.00010688165147420336,43,65493,low_rank_residual,simNoiseOnly,C:\Users\刘子轩\Desktop\TP-SSCS项目\data\downloads\aistap_sim\sampledata\sampledata\simNoiseOnly\simNoiseOnly_sample.mat,0,True,50,train
0.0003,334.9241901382619,0.627906976744186,0.00030537614706915243,43,65493,low_rank_residual,simNoiseOnly,C:\Users\刘子轩\Desktop\TP-SSCS项目\data\downloads\aistap_sim\sampledata\sampledata\simNoiseOnly\simNoiseOnly_sample.mat,0,True,50,train
0.001,190.93031744736606,0.7441860465116279,0.001007741285328203,43,65493,low_rank_residual,simNoiseOnly,C:\Users\刘子轩\Desktop\TP-SSCS项目\data\downloads\aistap_sim\sampledata\sampledata\simNoiseOnly\simNoiseOnly_sample.mat,0,True,50,train
0.003,161.9569317024632,0.7906976744186046,0.0030079550486311513,43,65493,low_rank_residual,simNoiseOnly,C:\Users\刘子轩\Desktop\TP-SSCS项目\data\downloads\aistap_sim\sampledata\sampledata\simNoiseOnly\simNoiseOnly_sample.mat,0,True,50,train
0.01,139.5562440306498,0.8604651162790697,0.010001068816514741,43,65493,low_rank_residual,simNoiseOnly,C:\Users\刘子轩\Desktop\TP-SSCS项目\data\downloads\aistap_sim\sampledata\sampledata\simNoiseOnly\simNoiseOnly_sample.mat,0,True,50,train
1e-05,7627.70208073219,0.046511627906976744,1.526880735345762e-05,43,65493,trainable_gate,simNoiseOnly,C:\Users\刘子轩\Desktop\TP-SSCS项目\data\downloads\aistap_sim\sampledata\sampledata\simNoiseOnly\simNoiseOnly_sample.mat,0,True,50,train
3e-05,3620.0465739128335,0.2558139534883721,3.053761470691524e-05,43,65493,trainable_gate,simNoiseOnly,C:\Users\刘子轩\Desktop\TP-SSCS项目\data\downloads\aistap_sim\sampledata\sampledata\simNoiseOnly\simNoiseOnly_sample.mat,0,True,50,train
0.0001,2994.750499579925,0.2558139534883721,0.00010688165147420336,43,65493,trainable_gate,simNoiseOnly,C:\Users\刘子轩\Desktop\TP-SSCS项目\data\downloads\aistap_sim\sampledata\sampledata\simNoiseOnly\simNoiseOnly_sample.mat,0,True,50,train
0.0003,1268.2719818597006,0.4418604651162791,0.00030537614706915243,43,65493,trainable_gate,simNoiseOnly,C:\Users\刘子轩\Desktop\TP-SSCS项目\data\downloads\aistap_sim\sampledata\sampledata\simNoiseOnly\simNoiseOnly_sample.mat,0,True,50,train
0.001,206.60083395795658,0.7674418604651163,0.001007741285328203,43,65493,trainable_gate,simNoiseOnly,C:\Users\刘子轩\Desktop\TP-SSCS项目\data\downloads\aistap_sim\sampledata\sampledata\simNoiseOnly\simNoiseOnly_sample.mat,0,True,50,train
0.003,164.89848401835962,0.813953488372093,0.0030079550486311513,43,65493,trainable_gate,simNoiseOnly,C:\Users\刘子轩\Desktop\TP-SSCS项目\data\downloads\aistap_sim\sampledata\sampledata\simNoiseOnly\simNoiseOnly_sample.mat,0,True,50,train
0.01,140.79295010270434,0.8604651162790697,0.010001068816514741,43,65493,trainable_gate,simNoiseOnly,C:\Users\刘子轩\Desktop\TP-SSCS项目\data\downloads\aistap_sim\sampledata\sampledata\simNoiseOnly\simNoiseOnly_sample.mat,0,True,50,train
1e-05,259.68703786207243,,1.52587890625e-05,0,65536,raw,simNoiseOnly,C:\Users\刘子轩\Desktop\TP-SSCS项目\data\downloads\aistap_sim\sampledata\sampledata\simNoiseOnly\simNoiseOnly_sample.mat,1,False,50,train
3e-05,234.7134934433807,,3.0517578125e-05,0,65536,raw,simNoiseOnly,C:\Users\刘子轩\Desktop\TP-SSCS项目\data\downloads\aistap_sim\sampledata\sampledata\simNoiseOnly\simNoiseOnly_sample.mat,1,False,50,train
0.0001,220.1215825700609,,0.0001068115234375,0,65536,raw,simNoiseOnly,C:\Users\刘子轩\Desktop\TP-SSCS项目\data\downloads\aistap_sim\sampledata\sampledata\simNoiseOnly\simNoiseOnly_sample.mat,1,False,50,train
0.0003,210.58094298655067,,0.00030517578125,0,65536,raw,simNoiseOnly,C:\Users\刘子轩\Desktop\TP-SSCS项目\data\downloads\aistap_sim\sampledata\sampledata\simNoiseOnly\simNoiseOnly_sample.mat,1,False,50,train
0.001,191.72700850747006,,0.001007080078125,0,65536,raw,simNoiseOnly,C:\Users\刘子轩\Desktop\TP-SSCS项目\data\downloads\aistap_sim\sampledata\sampledata\simNoiseOnly\simNoiseOnly_sample.mat,1,False,50,train
0.003,172.2815167327679,,0.0030059814453125,0,65536,raw,simNoiseOnly,C:\Users\刘子轩\Desktop\TP-SSCS项目\data\downloads\aistap_sim\sampledata\sampledata\simNoiseOnly\simNoiseOnly_sample.mat,1,False,50,train
0.01,151.71015514226332,,0.010009765625,0,65536,raw,simNoiseOnly,C:\Users\刘子轩\Desktop\TP-SSCS项目\data\downloads\aistap_sim\sampledata\sampledata\simNoiseOnly\simNoiseOnly_sample.mat,1,False,50,train
1e-05,196.2050771222567,,1.52587890625e-05,0,65536,low_rank_residual,simNoiseOnly,C:\Users\刘子轩\Desktop\TP-SSCS项目\data\downloads\aistap_sim\sampledata\sampledata\simNoiseOnly\simNoiseOnly_sample.mat,1,False,50,train
3e-05,175.75364543691603,,3.0517578125e-05,0,65536,low_rank_residual,simNoiseOnly,C:\Users\刘子轩\Desktop\TP-SSCS项目\data\downloads\aistap_sim\sampledata\sampledata\simNoiseOnly\simNoiseOnly_sample.mat,1,False,50,train
0.0001,168.44955290492243,,0.0001068115234375,0,65536,low_rank_residual,simNoiseOnly,C:\Users\刘子轩\Desktop\TP-SSCS项目\data\downloads\aistap_sim\sampledata\sampledata\simNoiseOnly\simNoiseOnly_sample.mat,1,False,50,train
0.0003,148.1668151278647,,0.00030517578125,0,65536,low_rank_residual,simNoiseOnly,C:\Users\刘子轩\Desktop\TP-SSCS项目\data\downloads\aistap_sim\sampledata\sampledata\simNoiseOnly\simNoiseOnly_sample.mat,1,False,50,train
0.001,134.53460753633172,,0.001007080078125,0,65536,low_rank_residual,simNoiseOnly,C:\Users\刘子轩\Desktop\TP-SSCS项目\data\downloads\aistap_sim\sampledata\sampledata\simNoiseOnly\simNoiseOnly_sample.mat,1,False,50,train
0.003,123.00839262883443,,0.0030059814453125,0,65536,low_rank_residual,simNoiseOnly,C:\Users\刘子轩\Desktop\TP-SSCS项目\data\downloads\aistap_sim\sampledata\sampledata\simNoiseOnly\simNoiseOnly_sample.mat,1,False,50,train
0.01,108.92508865160114,,0.010009765625,0,65536,low_rank_residual,simNoiseOnly,C:\Users\刘子轩\Desktop\TP-SSCS项目\data\downloads\aistap_sim\sampledata\sampledata\simNoiseOnly\simNoiseOnly_sample.mat,1,False,50,train
1e-05,196.5414221486639,,1.52587890625e-05,0,65536,trainable_gate,simNoiseOnly,C:\Users\刘子轩\Desktop\TP-SSCS项目\data\downloads\aistap_sim\sampledata\sampledata\simNoiseOnly\simNoiseOnly_sample.mat,1,False,50,train
3e-05,183.29517569804725,,3.0517578125e-05,0,65536,trainable_gate,simNoiseOnly,C:\Users\刘子轩\Desktop\TP-SSCS项目\data\downloads\aistap_sim\sampledata\sampledata\simNoiseOnly\simNoiseOnly_sample.mat,1,False,50,train
0.0001,172.9607886563585,,0.0001068115234375,0,65536,trainable_gate,simNoiseOnly,C:\Users\刘子轩\Desktop\TP-SSCS项目\data\downloads\aistap_sim\sampledata\sampledata\simNoiseOnly\simNoiseOnly_sample.mat,1,False,50,train
0.0003,152.67779650970726,,0.00030517578125,0,65536,trainable_gate,simNoiseOnly,C:\Users\刘子轩\Desktop\TP-SSCS项目\data\downloads\aistap_sim\sampledata\sampledata\simNoiseOnly\simNoiseOnly_sample.mat,1,False,50,train
0.001,135.7345094787826,,0.001007080078125,0,65536,trainable_gate,simNoiseOnly,C:\Users\刘子轩\Desktop\TP-SSCS项目\data\downloads\aistap_sim\sampledata\sampledata\simNoiseOnly\simNoiseOnly_sample.mat,1,False,50,train
0.003,123.97771923990604,,0.0030059814453125,0,65536,trainable_gate,simNoiseOnly,C:\Users\刘子轩\Desktop\TP-SSCS项目\data\downloads\aistap_sim\sampledata\sampledata\simNoiseOnly\simNoiseOnly_sample.mat,1,False,50,train
0.01,109.73693519454397,,0.010009765625,0,65536,trainable_gate,simNoiseOnly,C:\Users\刘子轩\Desktop\TP-SSCS项目\data\downloads\aistap_sim\sampledata\sampledata\simNoiseOnly\simNoiseOnly_sample.mat,1,False,50,train
1e-05,8616.68416578504,0.046511627906976744,1.526880735345762e-05,43,65493,raw,simWind,C:\Users\刘子轩\Desktop\TP-SSCS项目\data\downloads\aistap_sim\sampledata\sampledata\simWind\simWind_sample.mat,0,True,50,val
3e-05,6624.480152864272,0.09302325581395349,3.053761470691524e-05,43,65493,raw,simWind,C:\Users\刘子轩\Desktop\TP-SSCS项目\data\downloads\aistap_sim\sampledata\sampledata\simWind\simWind_sample.mat,0,True,50,val
0.0001,6002.704428609053,0.09302325581395349,0.00010688165147420336,43,65493,raw,simWind,C:\Users\刘子轩\Desktop\TP-SSCS项目\data\downloads\aistap_sim\sampledata\sampledata\simWind\simWind_sample.mat,0,True,50,val
0.0003,4167.557688596562,0.18604651162790697,0.00030537614706915243,43,65493,raw,simWind,C:\Users\刘子轩\Desktop\TP-SSCS项目\data\downloads\aistap_sim\sampledata\sampledata\simWind\simWind_sample.mat,0,True,50,val
0.001,2664.77103568016,0.3023255813953488,0.001007741285328203,43,65493,raw,simWind,C:\Users\刘子轩\Desktop\TP-SSCS项目\data\downloads\aistap_sim\sampledata\sampledata\simWind\simWind_sample.mat,0,True,50,val
0.003,1863.5932502080925,0.32558139534883723,0.0030079550486311513,43,65493,raw,simWind,C:\Users\刘子轩\Desktop\TP-SSCS项目\data\downloads\aistap_sim\sampledata\sampledata\simWind\simWind_sample.mat,0,True,50,val
0.01,985.5013435885612,0.5348837209302325,0.010001068816514741,43,65493,raw,simWind,C:\Users\刘子轩\Desktop\TP-SSCS项目\data\downloads\aistap_sim\sampledata\sampledata\simWind\simWind_sample.mat,0,True,50,val
1e-05,762.4651420941657,0.13953488372093023,1.526880735345762e-05,43,65493,low_rank_residual,simWind,C:\Users\刘子轩\Desktop\TP-SSCS项目\data\downloads\aistap_sim\sampledata\sampledata\simWind\simWind_sample.mat,0,True,50,val
3e-05,675.8359899709218,0.13953488372093023,3.053761470691524e-05,43,65493,low_rank_residual,simWind,C:\Users\刘子轩\Desktop\TP-SSCS项目\data\downloads\aistap_sim\sampledata\sampledata\simWind\simWind_sample.mat,0,True,50,val
0.0001,425.7774764075933,0.16279069767441862,0.00010688165147420336,43,65493,low_rank_residual,simWind,C:\Users\刘子轩\Desktop\TP-SSCS项目\data\downloads\aistap_sim\sampledata\sampledata\simWind\simWind_sample.mat,0,True,50,val
0.0003,159.8331657518777,0.4883720930232558,0.00030537614706915243,43,65493,low_rank_residual,simWind,C:\Users\刘子轩\Desktop\TP-SSCS项目\data\downloads\aistap_sim\sampledata\sampledata\simWind\simWind_sample.mat,0,True,50,val
0.001,62.542401908383525,0.813953488372093,0.001007741285328203,43,65493,low_rank_residual,simWind,C:\Users\刘子轩\Desktop\TP-SSCS项目\data\downloads\aistap_sim\sampledata\sampledata\simWind\simWind_sample.mat,0,True,50,val
0.003,28.293707118562192,0.8837209302325582,0.0030079550486311513,43,65493,low_rank_residual,simWind,C:\Users\刘子轩\Desktop\TP-SSCS项目\data\downloads\aistap_sim\sampledata\sampledata\simWind\simWind_sample.mat,0,True,50,val
0.01,17.423410147430893,0.9069767441860465,0.010001068816514741,43,65493,low_rank_residual,simWind,C:\Users\刘子轩\Desktop\TP-SSCS项目\data\downloads\aistap_sim\sampledata\sampledata\simWind\simWind_sample.mat,0,True,50,val
1e-05,8280.731741990043,0.046511627906976744,1.526880735345762e-05,43,65493,trainable_gate,simWind,C:\Users\刘子轩\Desktop\TP-SSCS项目\data\downloads\aistap_sim\sampledata\sampledata\simWind\simWind_sample.mat,0,True,50,val
3e-05,5850.784708135409,0.11627906976744186,3.053761470691524e-05,43,65493,trainable_gate,simWind,C:\Users\刘子轩\Desktop\TP-SSCS项目\data\downloads\aistap_sim\sampledata\sampledata\simWind\simWind_sample.mat,0,True,50,val
0.0001,3599.3357927140873,0.23255813953488372,0.00010688165147420336,43,65493,trainable_gate,simWind,C:\Users\刘子轩\Desktop\TP-SSCS项目\data\downloads\aistap_sim\sampledata\sampledata\simWind\simWind_sample.mat,0,True,50,val
0.0003,1616.3341372948605,0.3488372093023256,0.00030537614706915243,43,65493,trainable_gate,simWind,C:\Users\刘子轩\Desktop\TP-SSCS项目\data\downloads\aistap_sim\sampledata\sampledata\simWind\simWind_sample.mat,0,True,50,val
0.001,310.14988023542764,0.7441860465116279,0.001007741285328203,43,65493,trainable_gate,simWind,C:\Users\刘子轩\Desktop\TP-SSCS项目\data\downloads\aistap_sim\sampledata\sampledata\simWind\simWind_sample.mat,0,True,50,val
0.003,38.02500817541196,0.9534883720930233,0.0030079550486311513,43,65493,trainable_gate,simWind,C:\Users\刘子轩\Desktop\TP-SSCS项目\data\downloads\aistap_sim\sampledata\sampledata\simWind\simWind_sample.mat,0,True,50,val
0.01,18.47517416965831,0.9767441860465116,0.010001068816514741,43,65493,trainable_gate,simWind,C:\Users\刘子轩\Desktop\TP-SSCS项目\data\downloads\aistap_sim\sampledata\sampledata\simWind\simWind_sample.mat,0,True,50,val
1e-05,5622.384163866826,,1.52587890625e-05,0,65536,raw,simWind,C:\Users\刘子轩\Desktop\TP-SSCS项目\data\downloads\aistap_sim\sampledata\sampledata\simWind\simWind_sample.mat,1,False,50,val
3e-05,4628.5960442851165,,3.0517578125e-05,0,65536,raw,simWind,C:\Users\刘子轩\Desktop\TP-SSCS项目\data\downloads\aistap_sim\sampledata\sampledata\simWind\simWind_sample.mat,1,False,50,val
0.0001,3108.055553349863,,0.0001068115234375,0,65536,raw,simWind,C:\Users\刘子轩\Desktop\TP-SSCS项目\data\downloads\aistap_sim\sampledata\sampledata\simWind\simWind_sample.mat,1,False,50,val
0.0003,2342.8348786401584,,0.00030517578125,0,65536,raw,simWind,C:\Users\刘子轩\Desktop\TP-SSCS项目\data\downloads\aistap_sim\sampledata\sampledata\simWind\simWind_sample.mat,1,False,50,val
0.001,1486.4778069517024,,0.001007080078125,0,65536,raw,simWind,C:\Users\刘子轩\Desktop\TP-SSCS项目\data\downloads\aistap_sim\sampledata\sampledata\simWind\simWind_sample.mat,1,False,50,val
0.003,903.4403532966533,,0.0030059814453125,0,65536,raw,simWind,C:\Users\刘子轩\Desktop\TP-SSCS项目\data\downloads\aistap_sim\sampledata\sampledata\simWind\simWind_sample.mat,1,False,50,val
0.01,439.5823928829982,,0.010009765625,0,65536,raw,simWind,C:\Users\刘子轩\Desktop\TP-SSCS项目\data\downloads\aistap_sim\sampledata\sampledata\simWind\simWind_sample.mat,1,False,50,val
1e-05,29.632980693504855,,1.52587890625e-05,0,65536,low_rank_residual,simWind,C:\Users\刘子轩\Desktop\TP-SSCS项目\data\downloads\aistap_sim\sampledata\sampledata\simWind\simWind_sample.mat,1,False,50,val
3e-05,21.59070695258587,,3.0517578125e-05,0,65536,low_rank_residual,simWind,C:\Users\刘子轩\Desktop\TP-SSCS项目\data\downloads\aistap_sim\sampledata\sampledata\simWind\simWind_sample.mat,1,False,50,val
0.0001,17.7955079634947,,0.0001068115234375,0,65536,low_rank_residual,simWind,C:\Users\刘子轩\Desktop\TP-SSCS项目\data\downloads\aistap_sim\sampledata\sampledata\simWind\simWind_sample.mat,1,False,50,val
0.0003,14.862080036507448,,0.00030517578125,0,65536,low_rank_residual,simWind,C:\Users\刘子轩\Desktop\TP-SSCS项目\data\downloads\aistap_sim\sampledata\sampledata\simWind\simWind_sample.mat,1,False,50,val
0.001,9.29327975548219,,0.001007080078125,0,65536,low_rank_residual,simWind,C:\Users\刘子轩\Desktop\TP-SSCS项目\data\downloads\aistap_sim\sampledata\sampledata\simWind\simWind_sample.mat,1,False,50,val
0.003,6.749032386298453,,0.0030059814453125,0,65536,low_rank_residual,simWind,C:\Users\刘子轩\Desktop\TP-SSCS项目\data\downloads\aistap_sim\sampledata\sampledata\simWind\simWind_sample.mat,1,False,50,val
0.01,4.61681643849546,,0.010009765625,0,65536,low_rank_residual,simWind,C:\Users\刘子轩\Desktop\TP-SSCS项目\data\downloads\aistap_sim\sampledata\sampledata\simWind\simWind_sample.mat,1,False,50,val
1e-05,625.1435171440162,,1.52587890625e-05,0,65536,trainable_gate,simWind,C:\Users\刘子轩\Desktop\TP-SSCS项目\data\downloads\aistap_sim\sampledata\sampledata\simWind\simWind_sample.mat,1,False,50,val
3e-05,265.5487086701687,,3.0517578125e-05,0,65536,trainable_gate,simWind,C:\Users\刘子轩\Desktop\TP-SSCS项目\data\downloads\aistap_sim\sampledata\sampledata\simWind\simWind_sample.mat,1,False,50,val
0.0001,98.3848380640997,,0.0001068115234375,0,65536,trainable_gate,simWind,C:\Users\刘子轩\Desktop\TP-SSCS项目\data\downloads\aistap_sim\sampledata\sampledata\simWind\simWind_sample.mat,1,False,50,val
0.0003,30.252472314171825,,0.00030517578125,0,65536,trainable_gate,simWind,C:\Users\刘子轩\Desktop\TP-SSCS项目\data\downloads\aistap_sim\sampledata\sampledata\simWind\simWind_sample.mat,1,False,50,val
0.001,13.169525537473499,,0.001007080078125,0,65536,trainable_gate,simWind,C:\Users\刘子轩\Desktop\TP-SSCS项目\data\downloads\aistap_sim\sampledata\sampledata\simWind\simWind_sample.mat,1,False,50,val
0.003,7.347462768854982,,0.0030059814453125,0,65536,trainable_gate,simWind,C:\Users\刘子轩\Desktop\TP-SSCS项目\data\downloads\aistap_sim\sampledata\sampledata\simWind\simWind_sample.mat,1,False,50,val
0.01,4.8086988920283,,0.010009765625,0,65536,trainable_gate,simWind,C:\Users\刘子轩\Desktop\TP-SSCS项目\data\downloads\aistap_sim\sampledata\sampledata\simWind\simWind_sample.mat,1,False,50,val
1e-05,11124.174632589524,0.023255813953488372,1.526880735345762e-05,43,65493,raw,simMed,C:\Users\刘子轩\Desktop\TP-SSCS项目\data\downloads\aistap_sim\sampledata\sampledata\simMed\simMed_sample.mat,0,True,100,train
3e-05,9655.504170691933,0.046511627906976744,3.053761470691524e-05,43,65493,raw,simMed,C:\Users\刘子轩\Desktop\TP-SSCS项目\data\downloads\aistap_sim\sampledata\sampledata\simMed\simMed_sample.mat,0,True,100,train
0.0001,7458.75823650836,0.09302325581395349,0.00010688165147420336,43,65493,raw,simMed,C:\Users\刘子轩\Desktop\TP-SSCS项目\data\downloads\aistap_sim\sampledata\sampledata\simMed\simMed_sample.mat,0,True,100,train
0.0003,5149.309725533863,0.11627906976744186,0.00030537614706915243,43,65493,raw,simMed,C:\Users\刘子轩\Desktop\TP-SSCS项目\data\downloads\aistap_sim\sampledata\sampledata\simMed\simMed_sample.mat,0,True,100,train
0.001,3601.5911821606123,0.23255813953488372,0.001007741285328203,43,65493,raw,simMed,C:\Users\刘子轩\Desktop\TP-SSCS项目\data\downloads\aistap_sim\sampledata\sampledata\simMed\simMed_sample.mat,0,True,100,train
0.003,2386.8852097332096,0.32558139534883723,0.0030079550486311513,43,65493,raw,simMed,C:\Users\刘子轩\Desktop\TP-SSCS项目\data\downloads\aistap_sim\sampledata\sampledata\simMed\simMed_sample.mat,0,True,100,train
0.01,1286.4468520244625,0.46511627906976744,0.010001068816514741,43,65493,raw,simMed,C:\Users\刘子轩\Desktop\TP-SSCS项目\data\downloads\aistap_sim\sampledata\sampledata\simMed\simMed_sample.mat,0,True,100,train
1e-05,802.846272662242,0.13953488372093023,1.526880735345762e-05,43,65493,low_rank_residual,simMed,C:\Users\刘子轩\Desktop\TP-SSCS项目\data\downloads\aistap_sim\sampledata\sampledata\simMed\simMed_sample.mat,0,True,100,train
3e-05,686.1564991900859,0.16279069767441862,3.053761470691524e-05,43,65493,low_rank_residual,simMed,C:\Users\刘子轩\Desktop\TP-SSCS项目\data\downloads\aistap_sim\sampledata\sampledata\simMed\simMed_sample.mat,0,True,100,train
0.0001,394.85698953163865,0.23255813953488372,0.00010688165147420336,43,65493,low_rank_residual,simMed,C:\Users\刘子轩\Desktop\TP-SSCS项目\data\downloads\aistap_sim\sampledata\sampledata\simMed\simMed_sample.mat,0,True,100,train
0.0003,167.6233668881951,0.46511627906976744,0.00030537614706915243,43,65493,low_rank_residual,simMed,C:\Users\刘子轩\Desktop\TP-SSCS项目\data\downloads\aistap_sim\sampledata\sampledata\simMed\simMed_sample.mat,0,True,100,train
0.001,70.78746984367343,0.7674418604651163,0.001007741285328203,43,65493,low_rank_residual,simMed,C:\Users\刘子轩\Desktop\TP-SSCS项目\data\downloads\aistap_sim\sampledata\sampledata\simMed\simMed_sample.mat,0,True,100,train
0.003,25.740363614672184,0.9534883720930233,0.0030079550486311513,43,65493,low_rank_residual,simMed,C:\Users\刘子轩\Desktop\TP-SSCS项目\data\downloads\aistap_sim\sampledata\sampledata\simMed\simMed_sample.mat,0,True,100,train
0.01,13.508083448682333,0.9534883720930233,0.010001068816514741,43,65493,low_rank_residual,simMed,C:\Users\刘子轩\Desktop\TP-SSCS项目\data\downloads\aistap_sim\sampledata\sampledata\simMed\simMed_sample.mat,0,True,100,train
1e-05,8265.582695687206,0.046511627906976744,1.526880735345762e-05,43,65493,trainable_gate,simMed,C:\Users\刘子轩\Desktop\TP-SSCS项目\data\downloads\aistap_sim\sampledata\sampledata\simMed\simMed_sample.mat,0,True,100,train
3e-05,5879.0898029008595,0.11627906976744186,3.053761470691524e-05,43,65493,trainable_gate,simMed,C:\Users\刘子轩\Desktop\TP-SSCS项目\data\downloads\aistap_sim\sampledata\sampledata\simMed\simMed_sample.mat,0,True,100,train
0.0001,2883.3433584645227,0.27906976744186046,0.00010688165147420336,43,65493,trainable_gate,simMed,C:\Users\刘子轩\Desktop\TP-SSCS项目\data\downloads\aistap_sim\sampledata\sampledata\simMed\simMed_sample.mat,0,True,100,train
0.0003,1867.3628669088444,0.32558139534883723,0.00030537614706915243,43,65493,trainable_gate,simMed,C:\Users\刘子轩\Desktop\TP-SSCS项目\data\downloads\aistap_sim\sampledata\sampledata\simMed\simMed_sample.mat,0,True,100,train
0.001,441.58559937575205,0.7209302325581395,0.001007741285328203,43,65493,trainable_gate,simMed,C:\Users\刘子轩\Desktop\TP-SSCS项目\data\downloads\aistap_sim\sampledata\sampledata\simMed\simMed_sample.mat,0,True,100,train
0.003,52.436914940329174,1.0,0.0030079550486311513,43,65493,trainable_gate,simMed,C:\Users\刘子轩\Desktop\TP-SSCS项目\data\downloads\aistap_sim\sampledata\sampledata\simMed\simMed_sample.mat,0,True,100,train
0.01,15.307551226138017,1.0,0.010001068816514741,43,65493,trainable_gate,simMed,C:\Users\刘子轩\Desktop\TP-SSCS项目\data\downloads\aistap_sim\sampledata\sampledata\simMed\simMed_sample.mat,0,True,100,train
1e-05,6187.384051825041,,1.52587890625e-05,0,65536,raw,simMed,C:\Users\刘子轩\Desktop\TP-SSCS项目\data\downloads\aistap_sim\sampledata\sampledata\simMed\simMed_sample.mat,1,False,100,train
3e-05,5419.413788343435,,3.0517578125e-05,0,65536,raw,simMed,C:\Users\刘子轩\Desktop\TP-SSCS项目\data\downloads\aistap_sim\sampledata\sampledata\simMed\simMed_sample.mat,1,False,100,train
0.0001,3271.518491071117,,0.0001068115234375,0,65536,raw,simMed,C:\Users\刘子轩\Desktop\TP-SSCS项目\data\downloads\aistap_sim\sampledata\sampledata\simMed\simMed_sample.mat,1,False,100,train
0.0003,2632.724739434376,,0.00030517578125,0,65536,raw,simMed,C:\Users\刘子轩\Desktop\TP-SSCS项目\data\downloads\aistap_sim\sampledata\sampledata\simMed\simMed_sample.mat,1,False,100,train
0.001,1639.7416000974783,,0.001007080078125,0,65536,raw,simMed,C:\Users\刘子轩\Desktop\TP-SSCS项目\data\downloads\aistap_sim\sampledata\sampledata\simMed\simMed_sample.mat,1,False,100,train
0.003,962.8284378031237,,0.0030059814453125,0,65536,raw,simMed,C:\Users\刘子轩\Desktop\TP-SSCS项目\data\downloads\aistap_sim\sampledata\sampledata\simMed\simMed_sample.mat,1,False,100,train
0.01,475.0249748693414,,0.010009765625,0,65536,raw,simMed,C:\Users\刘子轩\Desktop\TP-SSCS项目\data\downloads\aistap_sim\sampledata\sampledata\simMed\simMed_sample.mat,1,False,100,train
1e-05,29.045922893646434,,1.52587890625e-05,0,65536,low_rank_residual,simMed,C:\Users\刘子轩\Desktop\TP-SSCS项目\data\downloads\aistap_sim\sampledata\sampledata\simMed\simMed_sample.mat,1,False,100,train
3e-05,23.278189253380425,,3.0517578125e-05,0,65536,low_rank_residual,simMed,C:\Users\刘子轩\Desktop\TP-SSCS项目\data\downloads\aistap_sim\sampledata\sampledata\simMed\simMed_sample.mat,1,False,100,train
0.0001,15.521395621170964,,0.0001068115234375,0,65536,low_rank_residual,simMed,C:\Users\刘子轩\Desktop\TP-SSCS项目\data\downloads\aistap_sim\sampledata\sampledata\simMed\simMed_sample.mat,1,False,100,train
0.0003,12.283324911414693,,0.00030517578125,0,65536,low_rank_residual,simMed,C:\Users\刘子轩\Desktop\TP-SSCS项目\data\downloads\aistap_sim\sampledata\sampledata\simMed\simMed_sample.mat,1,False,100,train
0.001,8.10177868611796,,0.001007080078125,0,65536,low_rank_residual,simMed,C:\Users\刘子轩\Desktop\TP-SSCS项目\data\downloads\aistap_sim\sampledata\sampledata\simMed\simMed_sample.mat,1,False,100,train
0.003,5.413850171893534,,0.0030059814453125,0,65536,low_rank_residual,simMed,C:\Users\刘子轩\Desktop\TP-SSCS项目\data\downloads\aistap_sim\sampledata\sampledata\simMed\simMed_sample.mat,1,False,100,train
0.01,3.6894962385577634,,0.010009765625,0,65536,low_rank_residual,simMed,C:\Users\刘子轩\Desktop\TP-SSCS项目\data\downloads\aistap_sim\sampledata\sampledata\simMed\simMed_sample.mat,1,False,100,train
1e-05,719.7618218363604,,1.52587890625e-05,0,65536,trainable_gate,simMed,C:\Users\刘子轩\Desktop\TP-SSCS项目\data\downloads\aistap_sim\sampledata\sampledata\simMed\simMed_sample.mat,1,False,100,train
3e-05,454.94802221212063,,3.0517578125e-05,0,65536,trainable_gate,simMed,C:\Users\刘子轩\Desktop\TP-SSCS项目\data\downloads\aistap_sim\sampledata\sampledata\simMed\simMed_sample.mat,1,False,100,train
0.0001,108.76011989541983,,0.0001068115234375,0,65536,trainable_gate,simMed,C:\Users\刘子轩\Desktop\TP-SSCS项目\data\downloads\aistap_sim\sampledata\sampledata\simMed\simMed_sample.mat,1,False,100,train
0.0003,28.11614307284762,,0.00030517578125,0,65536,trainable_gate,simMed,C:\Users\刘子轩\Desktop\TP-SSCS项目\data\downloads\aistap_sim\sampledata\sampledata\simMed\simMed_sample.mat,1,False,100,train
0.001,10.39610121619415,,0.001007080078125,0,65536,trainable_gate,simMed,C:\Users\刘子轩\Desktop\TP-SSCS项目\data\downloads\aistap_sim\sampledata\sampledata\simMed\simMed_sample.mat,1,False,100,train
0.003,5.8395042495667715,,0.0030059814453125,0,65536,trainable_gate,simMed,C:\Users\刘子轩\Desktop\TP-SSCS项目\data\downloads\aistap_sim\sampledata\sampledata\simMed\simMed_sample.mat,1,False,100,train
0.01,3.7858869651241043,,0.010009765625,0,65536,trainable_gate,simMed,C:\Users\刘子轩\Desktop\TP-SSCS项目\data\downloads\aistap_sim\sampledata\sampledata\simMed\simMed_sample.mat,1,False,100,train
1e-05,8474.764966781358,0.046511627906976744,1.526880735345762e-05,43,65493,raw,simNoiseOnly,C:\Users\刘子轩\Desktop\TP-SSCS项目\data\downloads\aistap_sim\sampledata\sampledata\simNoiseOnly\simNoiseOnly_sample.mat,0,True,100,train
3e-05,5824.701700123973,0.11627906976744186,3.053761470691524e-05,43,65493,raw,simNoiseOnly,C:\Users\刘子轩\Desktop\TP-SSCS项目\data\downloads\aistap_sim\sampledata\sampledata\simNoiseOnly\simNoiseOnly_sample.mat,0,True,100,train
0.0001,4062.447136381865,0.20930232558139536,0.00010688165147420336,43,65493,raw,simNoiseOnly,C:\Users\刘子轩\Desktop\TP-SSCS项目\data\downloads\aistap_sim\sampledata\sampledata\simNoiseOnly\simNoiseOnly_sample.mat,0,True,100,train
0.0003,1995.805114911917,0.3488372093023256,0.00030537614706915243,43,65493,raw,simNoiseOnly,C:\Users\刘子轩\Desktop\TP-SSCS项目\data\downloads\aistap_sim\sampledata\sampledata\simNoiseOnly\simNoiseOnly_sample.mat,0,True,100,train
0.001,407.8287507111117,0.7674418604651163,0.001007741285328203,43,65493,raw,simNoiseOnly,C:\Users\刘子轩\Desktop\TP-SSCS项目\data\downloads\aistap_sim\sampledata\sampledata\simNoiseOnly\simNoiseOnly_sample.mat,0,True,100,train
0.003,228.34277754247117,0.8372093023255814,0.0030079550486311513,43,65493,raw,simNoiseOnly,C:\Users\刘子轩\Desktop\TP-SSCS项目\data\downloads\aistap_sim\sampledata\sampledata\simNoiseOnly\simNoiseOnly_sample.mat,0,True,100,train
0.01,192.21202920375154,0.8837209302325582,0.010001068816514741,43,65493,raw,simNoiseOnly,C:\Users\刘子轩\Desktop\TP-SSCS项目\data\downloads\aistap_sim\sampledata\sampledata\simNoiseOnly\simNoiseOnly_sample.mat,0,True,100,train
1e-05,1028.6928358480818,0.16279069767441862,1.526880735345762e-05,43,65493,low_rank_residual,simNoiseOnly,C:\Users\刘子轩\Desktop\TP-SSCS项目\data\downloads\aistap_sim\sampledata\sampledata\simNoiseOnly\simNoiseOnly_sample.mat,0,True,100,train
3e-05,931.7422928664663,0.23255813953488372,3.053761470691524e-05,43,65493,low_rank_residual,simNoiseOnly,C:\Users\刘子轩\Desktop\TP-SSCS项目\data\downloads\aistap_sim\sampledata\sampledata\simNoiseOnly\simNoiseOnly_sample.mat,0,True,100,train
0.0001,554.3133995242562,0.4418604651162791,0.00010688165147420336,43,65493,low_rank_residual,simNoiseOnly,C:\Users\刘子轩\Desktop\TP-SSCS项目\data\downloads\aistap_sim\sampledata\sampledata\simNoiseOnly\simNoiseOnly_sample.mat,0,True,100,train
0.0003,334.9241901382619,0.627906976744186,0.00030537614706915243,43,65493,low_rank_residual,simNoiseOnly,C:\Users\刘子轩\Desktop\TP-SSCS项目\data\downloads\aistap_sim\sampledata\sampledata\simNoiseOnly\simNoiseOnly_sample.mat,0,True,100,train
0.001,190.93031744736606,0.7441860465116279,0.001007741285328203,43,65493,low_rank_residual,simNoiseOnly,C:\Users\刘子轩\Desktop\TP-SSCS项目\data\downloads\aistap_sim\sampledata\sampledata\simNoiseOnly\simNoiseOnly_sample.mat,0,True,100,train
0.003,161.9569317024632,0.7906976744186046,0.0030079550486311513,43,65493,low_rank_residual,simNoiseOnly,C:\Users\刘子轩\Desktop\TP-SSCS项目\data\downloads\aistap_sim\sampledata\sampledata\simNoiseOnly\simNoiseOnly_sample.mat,0,True,100,train
0.01,139.5562440306498,0.8604651162790697,0.010001068816514741,43,65493,low_rank_residual,simNoiseOnly,C:\Users\刘子轩\Desktop\TP-SSCS项目\data\downloads\aistap_sim\sampledata\sampledata\simNoiseOnly\simNoiseOnly_sample.mat,0,True,100,train
1e-05,8457.566313515461,0.046511627906976744,1.526880735345762e-05,43,65493,trainable_gate,simNoiseOnly,C:\Users\刘子轩\Desktop\TP-SSCS项目\data\downloads\aistap_sim\sampledata\sampledata\simNoiseOnly\simNoiseOnly_sample.mat,0,True,100,train
3e-05,5740.7466047161315,0.13953488372093023,3.053761470691524e-05,43,65493,trainable_gate,simNoiseOnly,C:\Users\刘子轩\Desktop\TP-SSCS项目\data\downloads\aistap_sim\sampledata\sampledata\simNoiseOnly\simNoiseOnly_sample.mat,0,True,100,train
0.0001,3457.558373942742,0.2558139534883721,0.00010688165147420336,43,65493,trainable_gate,simNoiseOnly,C:\Users\刘子轩\Desktop\TP-SSCS项目\data\downloads\aistap_sim\sampledata\sampledata\simNoiseOnly\simNoiseOnly_sample.mat,0,True,100,train
0.0003,1757.2925698772754,0.3488372093023256,0.00030537614706915243,43,65493,trainable_gate,simNoiseOnly,C:\Users\刘子轩\Desktop\TP-SSCS项目\data\downloads\aistap_sim\sampledata\sampledata\simNoiseOnly\simNoiseOnly_sample.mat,0,True,100,train
0.001,223.77581195253362,0.7906976744186046,0.001007741285328203,43,65493,trainable_gate,simNoiseOnly,C:\Users\刘子轩\Desktop\TP-SSCS项目\data\downloads\aistap_sim\sampledata\sampledata\simNoiseOnly\simNoiseOnly_sample.mat,0,True,100,train
0.003,165.47069905623806,0.8372093023255814,0.0030079550486311513,43,65493,trainable_gate,simNoiseOnly,C:\Users\刘子轩\Desktop\TP-SSCS项目\data\downloads\aistap_sim\sampledata\sampledata\simNoiseOnly\simNoiseOnly_sample.mat,0,True,100,train
0.01,141.27776690323554,0.8604651162790697,0.010001068816514741,43,65493,trainable_gate,simNoiseOnly,C:\Users\刘子轩\Desktop\TP-SSCS项目\data\downloads\aistap_sim\sampledata\sampledata\simNoiseOnly\simNoiseOnly_sample.mat,0,True,100,train
1e-05,259.68703786207243,,1.52587890625e-05,0,65536,raw,simNoiseOnly,C:\Users\刘子轩\Desktop\TP-SSCS项目\data\downloads\aistap_sim\sampledata\sampledata\simNoiseOnly\simNoiseOnly_sample.mat,1,False,100,train
3e-05,234.7134934433807,,3.0517578125e-05,0,65536,raw,simNoiseOnly,C:\Users\刘子轩\Desktop\TP-SSCS项目\data\downloads\aistap_sim\sampledata\sampledata\simNoiseOnly\simNoiseOnly_sample.mat,1,False,100,train
0.0001,220.1215825700609,,0.0001068115234375,0,65536,raw,simNoiseOnly,C:\Users\刘子轩\Desktop\TP-SSCS项目\data\downloads\aistap_sim\sampledata\sampledata\simNoiseOnly\simNoiseOnly_sample.mat,1,False,100,train
0.0003,210.58094298655067,,0.00030517578125,0,65536,raw,simNoiseOnly,C:\Users\刘子轩\Desktop\TP-SSCS项目\data\downloads\aistap_sim\sampledata\sampledata\simNoiseOnly\simNoiseOnly_sample.mat,1,False,100,train
0.001,191.72700850747006,,0.001007080078125,0,65536,raw,simNoiseOnly,C:\Users\刘子轩\Desktop\TP-SSCS项目\data\downloads\aistap_sim\sampledata\sampledata\simNoiseOnly\simNoiseOnly_sample.mat,1,False,100,train
0.003,172.2815167327679,,0.0030059814453125,0,65536,raw,simNoiseOnly,C:\Users\刘子轩\Desktop\TP-SSCS项目\data\downloads\aistap_sim\sampledata\sampledata\simNoiseOnly\simNoiseOnly_sample.mat,1,False,100,train
0.01,151.71015514226332,,0.010009765625,0,65536,raw,simNoiseOnly,C:\Users\刘子轩\Desktop\TP-SSCS项目\data\downloads\aistap_sim\sampledata\sampledata\simNoiseOnly\simNoiseOnly_sample.mat,1,False,100,train
1e-05,196.2050771222567,,1.52587890625e-05,0,65536,low_rank_residual,simNoiseOnly,C:\Users\刘子轩\Desktop\TP-SSCS项目\data\downloads\aistap_sim\sampledata\sampledata\simNoiseOnly\simNoiseOnly_sample.mat,1,False,100,train
3e-05,175.75364543691603,,3.0517578125e-05,0,65536,low_rank_residual,simNoiseOnly,C:\Users\刘子轩\Desktop\TP-SSCS项目\data\downloads\aistap_sim\sampledata\sampledata\simNoiseOnly\simNoiseOnly_sample.mat,1,False,100,train
0.0001,168.44955290492243,,0.0001068115234375,0,65536,low_rank_residual,simNoiseOnly,C:\Users\刘子轩\Desktop\TP-SSCS项目\data\downloads\aistap_sim\sampledata\sampledata\simNoiseOnly\simNoiseOnly_sample.mat,1,False,100,train
0.0003,148.1668151278647,,0.00030517578125,0,65536,low_rank_residual,simNoiseOnly,C:\Users\刘子轩\Desktop\TP-SSCS项目\data\downloads\aistap_sim\sampledata\sampledata\simNoiseOnly\simNoiseOnly_sample.mat,1,False,100,train
0.001,134.53460753633172,,0.001007080078125,0,65536,low_rank_residual,simNoiseOnly,C:\Users\刘子轩\Desktop\TP-SSCS项目\data\downloads\aistap_sim\sampledata\sampledata\simNoiseOnly\simNoiseOnly_sample.mat,1,False,100,train
0.003,123.00839262883443,,0.0030059814453125,0,65536,low_rank_residual,simNoiseOnly,C:\Users\刘子轩\Desktop\TP-SSCS项目\data\downloads\aistap_sim\sampledata\sampledata\simNoiseOnly\simNoiseOnly_sample.mat,1,False,100,train
0.01,108.92508865160114,,0.010009765625,0,65536,low_rank_residual,simNoiseOnly,C:\Users\刘子轩\Desktop\TP-SSCS项目\data\downloads\aistap_sim\sampledata\sampledata\simNoiseOnly\simNoiseOnly_sample.mat,1,False,100,train
1e-05,202.8714704062543,,1.52587890625e-05,0,65536,trainable_gate,simNoiseOnly,C:\Users\刘子轩\Desktop\TP-SSCS项目\data\downloads\aistap_sim\sampledata\sampledata\simNoiseOnly\simNoiseOnly_sample.mat,1,False,100,train
3e-05,198.77028596217434,,3.0517578125e-05,0,65536,trainable_gate,simNoiseOnly,C:\Users\刘子轩\Desktop\TP-SSCS项目\data\downloads\aistap_sim\sampledata\sampledata\simNoiseOnly\simNoiseOnly_sample.mat,1,False,100,train
0.0001,177.32680576995978,,0.0001068115234375,0,65536,trainable_gate,simNoiseOnly,C:\Users\刘子轩\Desktop\TP-SSCS项目\data\downloads\aistap_sim\sampledata\sampledata\simNoiseOnly\simNoiseOnly_sample.mat,1,False,100,train
0.0003,155.2672517269971,,0.00030517578125,0,65536,trainable_gate,simNoiseOnly,C:\Users\刘子轩\Desktop\TP-SSCS项目\data\downloads\aistap_sim\sampledata\sampledata\simNoiseOnly\simNoiseOnly_sample.mat,1,False,100,train
0.001,136.24709969262003,,0.001007080078125,0,65536,trainable_gate,simNoiseOnly,C:\Users\刘子轩\Desktop\TP-SSCS项目\data\downloads\aistap_sim\sampledata\sampledata\simNoiseOnly\simNoiseOnly_sample.mat,1,False,100,train
0.003,124.41244459374384,,0.0030059814453125,0,65536,trainable_gate,simNoiseOnly,C:\Users\刘子轩\Desktop\TP-SSCS项目\data\downloads\aistap_sim\sampledata\sampledata\simNoiseOnly\simNoiseOnly_sample.mat,1,False,100,train
0.01,109.7414700149489,,0.010009765625,0,65536,trainable_gate,simNoiseOnly,C:\Users\刘子轩\Desktop\TP-SSCS项目\data\downloads\aistap_sim\sampledata\sampledata\simNoiseOnly\simNoiseOnly_sample.mat,1,False,100,train
1e-05,8616.68416578504,0.046511627906976744,1.526880735345762e-05,43,65493,raw,simWind,C:\Users\刘子轩\Desktop\TP-SSCS项目\data\downloads\aistap_sim\sampledata\sampledata\simWind\simWind_sample.mat,0,True,100,val
3e-05,6624.480152864272,0.09302325581395349,3.053761470691524e-05,43,65493,raw,simWind,C:\Users\刘子轩\Desktop\TP-SSCS项目\data\downloads\aistap_sim\sampledata\sampledata\simWind\simWind_sample.mat,0,True,100,val
0.0001,6002.704428609053,0.09302325581395349,0.00010688165147420336,43,65493,raw,simWind,C:\Users\刘子轩\Desktop\TP-SSCS项目\data\downloads\aistap_sim\sampledata\sampledata\simWind\simWind_sample.mat,0,True,100,val
0.0003,4167.557688596562,0.18604651162790697,0.00030537614706915243,43,65493,raw,simWind,C:\Users\刘子轩\Desktop\TP-SSCS项目\data\downloads\aistap_sim\sampledata\sampledata\simWind\simWind_sample.mat,0,True,100,val
0.001,2664.77103568016,0.3023255813953488,0.001007741285328203,43,65493,raw,simWind,C:\Users\刘子轩\Desktop\TP-SSCS项目\data\downloads\aistap_sim\sampledata\sampledata\simWind\simWind_sample.mat,0,True,100,val
0.003,1863.5932502080925,0.32558139534883723,0.0030079550486311513,43,65493,raw,simWind,C:\Users\刘子轩\Desktop\TP-SSCS项目\data\downloads\aistap_sim\sampledata\sampledata\simWind\simWind_sample.mat,0,True,100,val
0.01,985.5013435885612,0.5348837209302325,0.010001068816514741,43,65493,raw,simWind,C:\Users\刘子轩\Desktop\TP-SSCS项目\data\downloads\aistap_sim\sampledata\sampledata\simWind\simWind_sample.mat,0,True,100,val
1e-05,762.4651420941657,0.13953488372093023,1.526880735345762e-05,43,65493,low_rank_residual,simWind,C:\Users\刘子轩\Desktop\TP-SSCS项目\data\downloads\aistap_sim\sampledata\sampledata\simWind\simWind_sample.mat,0,True,100,val
3e-05,675.8359899709218,0.13953488372093023,3.053761470691524e-05,43,65493,low_rank_residual,simWind,C:\Users\刘子轩\Desktop\TP-SSCS项目\data\downloads\aistap_sim\sampledata\sampledata\simWind\simWind_sample.mat,0,True,100,val
0.0001,425.7774764075933,0.16279069767441862,0.00010688165147420336,43,65493,low_rank_residual,simWind,C:\Users\刘子轩\Desktop\TP-SSCS项目\data\downloads\aistap_sim\sampledata\sampledata\simWind\simWind_sample.mat,0,True,100,val
0.0003,159.8331657518777,0.4883720930232558,0.00030537614706915243,43,65493,low_rank_residual,simWind,C:\Users\刘子轩\Desktop\TP-SSCS项目\data\downloads\aistap_sim\sampledata\sampledata\simWind\simWind_sample.mat,0,True,100,val
0.001,62.542401908383525,0.813953488372093,0.001007741285328203,43,65493,low_rank_residual,simWind,C:\Users\刘子轩\Desktop\TP-SSCS项目\data\downloads\aistap_sim\sampledata\sampledata\simWind\simWind_sample.mat,0,True,100,val
0.003,28.293707118562192,0.8837209302325582,0.0030079550486311513,43,65493,low_rank_residual,simWind,C:\Users\刘子轩\Desktop\TP-SSCS项目\data\downloads\aistap_sim\sampledata\sampledata\simWind\simWind_sample.mat,0,True,100,val
0.01,17.423410147430893,0.9069767441860465,0.010001068816514741,43,65493,low_rank_residual,simWind,C:\Users\刘子轩\Desktop\TP-SSCS项目\data\downloads\aistap_sim\sampledata\sampledata\simWind\simWind_sample.mat,0,True,100,val
1e-05,8284.259816093343,0.046511627906976744,1.526880735345762e-05,43,65493,trainable_gate,simWind,C:\Users\刘子轩\Desktop\TP-SSCS项目\data\downloads\aistap_sim\sampledata\sampledata\simWind\simWind_sample.mat,0,True,100,val
3e-05,5883.740212526119,0.11627906976744186,3.053761470691524e-05,43,65493,trainable_gate,simWind,C:\Users\刘子轩\Desktop\TP-SSCS项目\data\downloads\aistap_sim\sampledata\sampledata\simWind\simWind_sample.mat,0,True,100,val
0.0001,2941.961495143566,0.27906976744186046,0.00010688165147420336,43,65493,trainable_gate,simWind,C:\Users\刘子轩\Desktop\TP-SSCS项目\data\downloads\aistap_sim\sampledata\sampledata\simWind\simWind_sample.mat,0,True,100,val
0.0003,1639.0603223111232,0.3488372093023256,0.00030537614706915243,43,65493,trainable_gate,simWind,C:\Users\刘子轩\Desktop\TP-SSCS项目\data\downloads\aistap_sim\sampledata\sampledata\simWind\simWind_sample.mat,0,True,100,val
0.001,330.66726849543574,0.7441860465116279,0.001007741285328203,43,65493,trainable_gate,simWind,C:\Users\刘子轩\Desktop\TP-SSCS项目\data\downloads\aistap_sim\sampledata\sampledata\simWind\simWind_sample.mat,0,True,100,val
0.003,44.70674379714432,0.9534883720930233,0.0030079550486311513,43,65493,trainable_gate,simWind,C:\Users\刘子轩\Desktop\TP-SSCS项目\data\downloads\aistap_sim\sampledata\sampledata\simWind\simWind_sample.mat,0,True,100,val
0.01,18.70911646164266,0.9767441860465116,0.010001068816514741,43,65493,trainable_gate,simWind,C:\Users\刘子轩\Desktop\TP-SSCS项目\data\downloads\aistap_sim\sampledata\sampledata\simWind\simWind_sample.mat,0,True,100,val
1e-05,5622.384163866826,,1.52587890625e-05,0,65536,raw,simWind,C:\Users\刘子轩\Desktop\TP-SSCS项目\data\downloads\aistap_sim\sampledata\sampledata\simWind\simWind_sample.mat,1,False,100,val
3e-05,4628.5960442851165,,3.0517578125e-05,0,65536,raw,simWind,C:\Users\刘子轩\Desktop\TP-SSCS项目\data\downloads\aistap_sim\sampledata\sampledata\simWind\simWind_sample.mat,1,False,100,val
0.0001,3108.055553349863,,0.0001068115234375,0,65536,raw,simWind,C:\Users\刘子轩\Desktop\TP-SSCS项目\data\downloads\aistap_sim\sampledata\sampledata\simWind\simWind_sample.mat,1,False,100,val
0.0003,2342.8348786401584,,0.00030517578125,0,65536,raw,simWind,C:\Users\刘子轩\Desktop\TP-SSCS项目\data\downloads\aistap_sim\sampledata\sampledata\simWind\simWind_sample.mat,1,False,100,val
0.001,1486.4778069517024,,0.001007080078125,0,65536,raw,simWind,C:\Users\刘子轩\Desktop\TP-SSCS项目\data\downloads\aistap_sim\sampledata\sampledata\simWind\simWind_sample.mat,1,False,100,val
0.003,903.4403532966533,,0.0030059814453125,0,65536,raw,simWind,C:\Users\刘子轩\Desktop\TP-SSCS项目\data\downloads\aistap_sim\sampledata\sampledata\simWind\simWind_sample.mat,1,False,100,val
0.01,439.5823928829982,,0.010009765625,0,65536,raw,simWind,C:\Users\刘子轩\Desktop\TP-SSCS项目\data\downloads\aistap_sim\sampledata\sampledata\simWind\simWind_sample.mat,1,False,100,val
1e-05,29.632980693504855,,1.52587890625e-05,0,65536,low_rank_residual,simWind,C:\Users\刘子轩\Desktop\TP-SSCS项目\data\downloads\aistap_sim\sampledata\sampledata\simWind\simWind_sample.mat,1,False,100,val
3e-05,21.59070695258587,,3.0517578125e-05,0,65536,low_rank_residual,simWind,C:\Users\刘子轩\Desktop\TP-SSCS项目\data\downloads\aistap_sim\sampledata\sampledata\simWind\simWind_sample.mat,1,False,100,val
0.0001,17.7955079634947,,0.0001068115234375,0,65536,low_rank_residual,simWind,C:\Users\刘子轩\Desktop\TP-SSCS项目\data\downloads\aistap_sim\sampledata\sampledata\simWind\simWind_sample.mat,1,False,100,val
0.0003,14.862080036507448,,0.00030517578125,0,65536,low_rank_residual,simWind,C:\Users\刘子轩\Desktop\TP-SSCS项目\data\downloads\aistap_sim\sampledata\sampledata\simWind\simWind_sample.mat,1,False,100,val
0.001,9.29327975548219,,0.001007080078125,0,65536,low_rank_residual,simWind,C:\Users\刘子轩\Desktop\TP-SSCS项目\data\downloads\aistap_sim\sampledata\sampledata\simWind\simWind_sample.mat,1,False,100,val
0.003,6.749032386298453,,0.0030059814453125,0,65536,low_rank_residual,simWind,C:\Users\刘子轩\Desktop\TP-SSCS项目\data\downloads\aistap_sim\sampledata\sampledata\simWind\simWind_sample.mat,1,False,100,val
0.01,4.61681643849546,,0.010009765625,0,65536,low_rank_residual,simWind,C:\Users\刘子轩\Desktop\TP-SSCS项目\data\downloads\aistap_sim\sampledata\sampledata\simWind\simWind_sample.mat,1,False,100,val
1e-05,454.70151057834823,,1.52587890625e-05,0,65536,trainable_gate,simWind,C:\Users\刘子轩\Desktop\TP-SSCS项目\data\downloads\aistap_sim\sampledata\sampledata\simWind\simWind_sample.mat,1,False,100,val
3e-05,136.92438511524708,,3.0517578125e-05,0,65536,trainable_gate,simWind,C:\Users\刘子轩\Desktop\TP-SSCS项目\data\downloads\aistap_sim\sampledata\sampledata\simWind\simWind_sample.mat,1,False,100,val
0.0001,85.95099793010769,,0.0001068115234375,0,65536,trainable_gate,simWind,C:\Users\刘子轩\Desktop\TP-SSCS项目\data\downloads\aistap_sim\sampledata\sampledata\simWind\simWind_sample.mat,1,False,100,val
0.0003,30.47293112411434,,0.00030517578125,0,65536,trainable_gate,simWind,C:\Users\刘子轩\Desktop\TP-SSCS项目\data\downloads\aistap_sim\sampledata\sampledata\simWind\simWind_sample.mat,1,False,100,val
0.001,11.466298728468871,,0.001007080078125,0,65536,trainable_gate,simWind,C:\Users\刘子轩\Desktop\TP-SSCS项目\data\downloads\aistap_sim\sampledata\sampledata\simWind\simWind_sample.mat,1,False,100,val
0.003,7.213841264923452,,0.0030059814453125,0,65536,trainable_gate,simWind,C:\Users\刘子轩\Desktop\TP-SSCS项目\data\downloads\aistap_sim\sampledata\sampledata\simWind\simWind_sample.mat,1,False,100,val
0.01,4.736896368656273,,0.010009765625,0,65536,trainable_gate,simWind,C:\Users\刘子轩\Desktop\TP-SSCS项目\data\downloads\aistap_sim\sampledata\sampledata\simWind\simWind_sample.mat,1,False,100,val
1e-05,11124.174632589524,0.023255813953488372,1.526880735345762e-05,43,65493,raw,simMed,C:\Users\刘子轩\Desktop\TP-SSCS项目\data\downloads\aistap_sim\sampledata\sampledata\simMed\simMed_sample.mat,0,True,150,train
3e-05,9655.504170691933,0.046511627906976744,3.053761470691524e-05,43,65493,raw,simMed,C:\Users\刘子轩\Desktop\TP-SSCS项目\data\downloads\aistap_sim\sampledata\sampledata\simMed\simMed_sample.mat,0,True,150,train
0.0001,7458.75823650836,0.09302325581395349,0.00010688165147420336,43,65493,raw,simMed,C:\Users\刘子轩\Desktop\TP-SSCS项目\data\downloads\aistap_sim\sampledata\sampledata\simMed\simMed_sample.mat,0,True,150,train
0.0003,5149.309725533863,0.11627906976744186,0.00030537614706915243,43,65493,raw,simMed,C:\Users\刘子轩\Desktop\TP-SSCS项目\data\downloads\aistap_sim\sampledata\sampledata\simMed\simMed_sample.mat,0,True,150,train
0.001,3601.5911821606123,0.23255813953488372,0.001007741285328203,43,65493,raw,simMed,C:\Users\刘子轩\Desktop\TP-SSCS项目\data\downloads\aistap_sim\sampledata\sampledata\simMed\simMed_sample.mat,0,True,150,train
0.003,2386.8852097332096,0.32558139534883723,0.0030079550486311513,43,65493,raw,simMed,C:\Users\刘子轩\Desktop\TP-SSCS项目\data\downloads\aistap_sim\sampledata\sampledata\simMed\simMed_sample.mat,0,True,150,train
0.01,1286.4468520244625,0.46511627906976744,0.010001068816514741,43,65493,raw,simMed,C:\Users\刘子轩\Desktop\TP-SSCS项目\data\downloads\aistap_sim\sampledata\sampledata\simMed\simMed_sample.mat,0,True,150,train
1e-05,802.846272662242,0.13953488372093023,1.526880735345762e-05,43,65493,low_rank_residual,simMed,C:\Users\刘子轩\Desktop\TP-SSCS项目\data\downloads\aistap_sim\sampledata\sampledata\simMed\simMed_sample.mat,0,True,150,train
3e-05,686.1564991900859,0.16279069767441862,3.053761470691524e-05,43,65493,low_rank_residual,simMed,C:\Users\刘子轩\Desktop\TP-SSCS项目\data\downloads\aistap_sim\sampledata\sampledata\simMed\simMed_sample.mat,0,True,150,train
0.0001,394.85698953163865,0.23255813953488372,0.00010688165147420336,43,65493,low_rank_residual,simMed,C:\Users\刘子轩\Desktop\TP-SSCS项目\data\downloads\aistap_sim\sampledata\sampledata\simMed\simMed_sample.mat,0,True,150,train
0.0003,167.6233668881951,0.46511627906976744,0.00030537614706915243,43,65493,low_rank_residual,simMed,C:\Users\刘子轩\Desktop\TP-SSCS项目\data\downloads\aistap_sim\sampledata\sampledata\simMed\simMed_sample.mat,0,True,150,train
0.001,70.78746984367343,0.7674418604651163,0.001007741285328203,43,65493,low_rank_residual,simMed,C:\Users\刘子轩\Desktop\TP-SSCS项目\data\downloads\aistap_sim\sampledata\sampledata\simMed\simMed_sample.mat,0,True,150,train
0.003,25.740363614672184,0.9534883720930233,0.0030079550486311513,43,65493,low_rank_residual,simMed,C:\Users\刘子轩\Desktop\TP-SSCS项目\data\downloads\aistap_sim\sampledata\sampledata\simMed\simMed_sample.mat,0,True,150,train
0.01,13.508083448682333,0.9534883720930233,0.010001068816514741,43,65493,low_rank_residual,simMed,C:\Users\刘子轩\Desktop\TP-SSCS项目\data\downloads\aistap_sim\sampledata\sampledata\simMed\simMed_sample.mat,0,True,150,train
1e-05,8262.907740049252,0.046511627906976744,1.526880735345762e-05,43,65493,trainable_gate,simMed,C:\Users\刘子轩\Desktop\TP-SSCS项目\data\downloads\aistap_sim\sampledata\sampledata\simMed\simMed_sample.mat,0,True,150,train
3e-05,5871.769701972094,0.11627906976744186,3.053761470691524e-05,43,65493,trainable_gate,simMed,C:\Users\刘子轩\Desktop\TP-SSCS项目\data\downloads\aistap_sim\sampledata\sampledata\simMed\simMed_sample.mat,0,True,150,train
0.0001,2788.60358566771,0.3023255813953488,0.00010688165147420336,43,65493,trainable_gate,simMed,C:\Users\刘子轩\Desktop\TP-SSCS项目\data\downloads\aistap_sim\sampledata\sampledata\simMed\simMed_sample.mat,0,True,150,train
0.0003,1345.312914288937,0.46511627906976744,0.00030537614706915243,43,65493,trainable_gate,simMed,C:\Users\刘子轩\Desktop\TP-SSCS项目\data\downloads\aistap_sim\sampledata\sampledata\simMed\simMed_sample.mat,0,True,150,train
0.001,300.5597925914026,0.7441860465116279,0.001007741285328203,43,65493,trainable_gate,simMed,C:\Users\刘子轩\Desktop\TP-SSCS项目\data\downloads\aistap_sim\sampledata\sampledata\simMed\simMed_sample.mat,0,True,150,train
0.003,40.81666822242653,1.0,0.0030079550486311513,43,65493,trainable_gate,simMed,C:\Users\刘子轩\Desktop\TP-SSCS项目\data\downloads\aistap_sim\sampledata\sampledata\simMed\simMed_sample.mat,0,True,150,train
0.01,14.342260297654706,1.0,0.010001068816514741,43,65493,trainable_gate,simMed,C:\Users\刘子轩\Desktop\TP-SSCS项目\data\downloads\aistap_sim\sampledata\sampledata\simMed\simMed_sample.mat,0,True,150,train
1e-05,6187.384051825041,,1.52587890625e-05,0,65536,raw,simMed,C:\Users\刘子轩\Desktop\TP-SSCS项目\data\downloads\aistap_sim\sampledata\sampledata\simMed\simMed_sample.mat,1,False,150,train
3e-05,5419.413788343435,,3.0517578125e-05,0,65536,raw,simMed,C:\Users\刘子轩\Desktop\TP-SSCS项目\data\downloads\aistap_sim\sampledata\sampledata\simMed\simMed_sample.mat,1,False,150,train
0.0001,3271.518491071117,,0.0001068115234375,0,65536,raw,simMed,C:\Users\刘子轩\Desktop\TP-SSCS项目\data\downloads\aistap_sim\sampledata\sampledata\simMed\simMed_sample.mat,1,False,150,train
0.0003,2632.724739434376,,0.00030517578125,0,65536,raw,simMed,C:\Users\刘子轩\Desktop\TP-SSCS项目\data\downloads\aistap_sim\sampledata\sampledata\simMed\simMed_sample.mat,1,False,150,train
0.001,1639.7416000974783,,0.001007080078125,0,65536,raw,simMed,C:\Users\刘子轩\Desktop\TP-SSCS项目\data\downloads\aistap_sim\sampledata\sampledata\simMed\simMed_sample.mat,1,False,150,train
0.003,962.8284378031237,,0.0030059814453125,0,65536,raw,simMed,C:\Users\刘子轩\Desktop\TP-SSCS项目\data\downloads\aistap_sim\sampledata\sampledata\simMed\simMed_sample.mat,1,False,150,train
0.01,475.0249748693414,,0.010009765625,0,65536,raw,simMed,C:\Users\刘子轩\Desktop\TP-SSCS项目\data\downloads\aistap_sim\sampledata\sampledata\simMed\simMed_sample.mat,1,False,150,train
1e-05,29.045922893646434,,1.52587890625e-05,0,65536,low_rank_residual,simMed,C:\Users\刘子轩\Desktop\TP-SSCS项目\data\downloads\aistap_sim\sampledata\sampledata\simMed\simMed_sample.mat,1,False,150,train
3e-05,23.278189253380425,,3.0517578125e-05,0,65536,low_rank_residual,simMed,C:\Users\刘子轩\Desktop\TP-SSCS项目\data\downloads\aistap_sim\sampledata\sampledata\simMed\simMed_sample.mat,1,False,150,train
0.0001,15.521395621170964,,0.0001068115234375,0,65536,low_rank_residual,simMed,C:\Users\刘子轩\Desktop\TP-SSCS项目\data\downloads\aistap_sim\sampledata\sampledata\simMed\simMed_sample.mat,1,False,150,train
0.0003,12.283324911414693,,0.00030517578125,0,65536,low_rank_residual,simMed,C:\Users\刘子轩\Desktop\TP-SSCS项目\data\downloads\aistap_sim\sampledata\sampledata\simMed\simMed_sample.mat,1,False,150,train
0.001,8.10177868611796,,0.001007080078125,0,65536,low_rank_residual,simMed,C:\Users\刘子轩\Desktop\TP-SSCS项目\data\downloads\aistap_sim\sampledata\sampledata\simMed\simMed_sample.mat,1,False,150,train
0.003,5.413850171893534,,0.0030059814453125,0,65536,low_rank_residual,simMed,C:\Users\刘子轩\Desktop\TP-SSCS项目\data\downloads\aistap_sim\sampledata\sampledata\simMed\simMed_sample.mat,1,False,150,train
0.01,3.6894962385577634,,0.010009765625,0,65536,low_rank_residual,simMed,C:\Users\刘子轩\Desktop\TP-SSCS项目\data\downloads\aistap_sim\sampledata\sampledata\simMed\simMed_sample.mat,1,False,150,train
1e-05,609.7496410832362,,1.52587890625e-05,0,65536,trainable_gate,simMed,C:\Users\刘子轩\Desktop\TP-SSCS项目\data\downloads\aistap_sim\sampledata\sampledata\simMed\simMed_sample.mat,1,False,150,train
3e-05,129.64781946419203,,3.0517578125e-05,0,65536,trainable_gate,simMed,C:\Users\刘子轩\Desktop\TP-SSCS项目\data\downloads\aistap_sim\sampledata\sampledata\simMed\simMed_sample.mat,1,False,150,train
0.0001,52.329886907188154,,0.0001068115234375,0,65536,trainable_gate,simMed,C:\Users\刘子轩\Desktop\TP-SSCS项目\data\downloads\aistap_sim\sampledata\sampledata\simMed\simMed_sample.mat,1,False,150,train
0.0003,17.121009940272543,,0.00030517578125,0,65536,trainable_gate,simMed,C:\Users\刘子轩\Desktop\TP-SSCS项目\data\downloads\aistap_sim\sampledata\sampledata\simMed\simMed_sample.mat,1,False,150,train
0.001,9.144349534425452,,0.001007080078125,0,65536,trainable_gate,simMed,C:\Users\刘子轩\Desktop\TP-SSCS项目\data\downloads\aistap_sim\sampledata\sampledata\simMed\simMed_sample.mat,1,False,150,train
0.003,5.578511050589441,,0.0030059814453125,0,65536,trainable_gate,simMed,C:\Users\刘子轩\Desktop\TP-SSCS项目\data\downloads\aistap_sim\sampledata\sampledata\simMed\simMed_sample.mat,1,False,150,train
0.01,3.72830972084094,,0.010009765625,0,65536,trainable_gate,simMed,C:\Users\刘子轩\Desktop\TP-SSCS项目\data\downloads\aistap_sim\sampledata\sampledata\simMed\simMed_sample.mat,1,False,150,train
1e-05,8474.764966781358,0.046511627906976744,1.526880735345762e-05,43,65493,raw,simNoiseOnly,C:\Users\刘子轩\Desktop\TP-SSCS项目\data\downloads\aistap_sim\sampledata\sampledata\simNoiseOnly\simNoiseOnly_sample.mat,0,True,150,train
3e-05,5824.701700123973,0.11627906976744186,3.053761470691524e-05,43,65493,raw,simNoiseOnly,C:\Users\刘子轩\Desktop\TP-SSCS项目\data\downloads\aistap_sim\sampledata\sampledata\simNoiseOnly\simNoiseOnly_sample.mat,0,True,150,train
0.0001,4062.447136381865,0.20930232558139536,0.00010688165147420336,43,65493,raw,simNoiseOnly,C:\Users\刘子轩\Desktop\TP-SSCS项目\data\downloads\aistap_sim\sampledata\sampledata\simNoiseOnly\simNoiseOnly_sample.mat,0,True,150,train
0.0003,1995.805114911917,0.3488372093023256,0.00030537614706915243,43,65493,raw,simNoiseOnly,C:\Users\刘子轩\Desktop\TP-SSCS项目\data\downloads\aistap_sim\sampledata\sampledata\simNoiseOnly\simNoiseOnly_sample.mat,0,True,150,train
0.001,407.8287507111117,0.7674418604651163,0.001007741285328203,43,65493,raw,simNoiseOnly,C:\Users\刘子轩\Desktop\TP-SSCS项目\data\downloads\aistap_sim\sampledata\sampledata\simNoiseOnly\simNoiseOnly_sample.mat,0,True,150,train
0.003,228.34277754247117,0.8372093023255814,0.0030079550486311513,43,65493,raw,simNoiseOnly,C:\Users\刘子轩\Desktop\TP-SSCS项目\data\downloads\aistap_sim\sampledata\sampledata\simNoiseOnly\simNoiseOnly_sample.mat,0,True,150,train
0.01,192.21202920375154,0.8837209302325582,0.010001068816514741,43,65493,raw,simNoiseOnly,C:\Users\刘子轩\Desktop\TP-SSCS项目\data\downloads\aistap_sim\sampledata\sampledata\simNoiseOnly\simNoiseOnly_sample.mat,0,True,150,train
1e-05,1028.6928358480818,0.16279069767441862,1.526880735345762e-05,43,65493,low_rank_residual,simNoiseOnly,C:\Users\刘子轩\Desktop\TP-SSCS项目\data\downloads\aistap_sim\sampledata\sampledata\simNoiseOnly\simNoiseOnly_sample.mat,0,True,150,train
3e-05,931.7422928664663,0.23255813953488372,3.053761470691524e-05,43,65493,low_rank_residual,simNoiseOnly,C:\Users\刘子轩\Desktop\TP-SSCS项目\data\downloads\aistap_sim\sampledata\sampledata\simNoiseOnly\simNoiseOnly_sample.mat,0,True,150,train
0.0001,554.3133995242562,0.4418604651162791,0.00010688165147420336,43,65493,low_rank_residual,simNoiseOnly,C:\Users\刘子轩\Desktop\TP-SSCS项目\data\downloads\aistap_sim\sampledata\sampledata\simNoiseOnly\simNoiseOnly_sample.mat,0,True,150,train
0.0003,334.9241901382619,0.627906976744186,0.00030537614706915243,43,65493,low_rank_residual,simNoiseOnly,C:\Users\刘子轩\Desktop\TP-SSCS项目\data\downloads\aistap_sim\sampledata\sampledata\simNoiseOnly\simNoiseOnly_sample.mat,0,True,150,train
0.001,190.93031744736606,0.7441860465116279,0.001007741285328203,43,65493,low_rank_residual,simNoiseOnly,C:\Users\刘子轩\Desktop\TP-SSCS项目\data\downloads\aistap_sim\sampledata\sampledata\simNoiseOnly\simNoiseOnly_sample.mat,0,True,150,train
0.003,161.9569317024632,0.7906976744186046,0.0030079550486311513,43,65493,low_rank_residual,simNoiseOnly,C:\Users\刘子轩\Desktop\TP-SSCS项目\data\downloads\aistap_sim\sampledata\sampledata\simNoiseOnly\simNoiseOnly_sample.mat,0,True,150,train
0.01,139.5562440306498,0.8604651162790697,0.010001068816514741,43,65493,low_rank_residual,simNoiseOnly,C:\Users\刘子轩\Desktop\TP-SSCS项目\data\downloads\aistap_sim\sampledata\sampledata\simNoiseOnly\simNoiseOnly_sample.mat,0,True,150,train
1e-05,8468.254891747109,0.046511627906976744,1.526880735345762e-05,43,65493,trainable_gate,simNoiseOnly,C:\Users\刘子轩\Desktop\TP-SSCS项目\data\downloads\aistap_sim\sampledata\sampledata\simNoiseOnly\simNoiseOnly_sample.mat,0,True,150,train
3e-05,5790.191092529735,0.11627906976744186,3.053761470691524e-05,43,65493,trainable_gate,simNoiseOnly,C:\Users\刘子轩\Desktop\TP-SSCS项目\data\downloads\aistap_sim\sampledata\sampledata\simNoiseOnly\simNoiseOnly_sample.mat,0,True,150,train
0.0001,3459.417265387517,0.2558139534883721,0.00010688165147420336,43,65493,trainable_gate,simNoiseOnly,C:\Users\刘子轩\Desktop\TP-SSCS项目\data\downloads\aistap_sim\sampledata\sampledata\simNoiseOnly\simNoiseOnly_sample.mat,0,True,150,train
0.0003,1578.7716900212058,0.37209302325581395,0.00030537614706915243,43,65493,trainable_gate,simNoiseOnly,C:\Users\刘子轩\Desktop\TP-SSCS项目\data\downloads\aistap_sim\sampledata\sampledata\simNoiseOnly\simNoiseOnly_sample.mat,0,True,150,train
0.001,229.88069515549515,0.7906976744186046,0.001007741285328203,43,65493,trainable_gate,simNoiseOnly,C:\Users\刘子轩\Desktop\TP-SSCS项目\data\downloads\aistap_sim\sampledata\sampledata\simNoiseOnly\simNoiseOnly_sample.mat,0,True,150,train
0.003,167.34084376345805,0.8372093023255814,0.0030079550486311513,43,65493,trainable_gate,simNoiseOnly,C:\Users\刘子轩\Desktop\TP-SSCS项目\data\downloads\aistap_sim\sampledata\sampledata\simNoiseOnly\simNoiseOnly_sample.mat,0,True,150,train
0.01,141.77842738507158,0.8604651162790697,0.010001068816514741,43,65493,trainable_gate,simNoiseOnly,C:\Users\刘子轩\Desktop\TP-SSCS项目\data\downloads\aistap_sim\sampledata\sampledata\simNoiseOnly\simNoiseOnly_sample.mat,0,True,150,train
1e-05,259.68703786207243,,1.52587890625e-05,0,65536,raw,simNoiseOnly,C:\Users\刘子轩\Desktop\TP-SSCS项目\data\downloads\aistap_sim\sampledata\sampledata\simNoiseOnly\simNoiseOnly_sample.mat,1,False,150,train
3e-05,234.7134934433807,,3.0517578125e-05,0,65536,raw,simNoiseOnly,C:\Users\刘子轩\Desktop\TP-SSCS项目\data\downloads\aistap_sim\sampledata\sampledata\simNoiseOnly\simNoiseOnly_sample.mat,1,False,150,train
0.0001,220.1215825700609,,0.0001068115234375,0,65536,raw,simNoiseOnly,C:\Users\刘子轩\Desktop\TP-SSCS项目\data\downloads\aistap_sim\sampledata\sampledata\simNoiseOnly\simNoiseOnly_sample.mat,1,False,150,train
0.0003,210.58094298655067,,0.00030517578125,0,65536,raw,simNoiseOnly,C:\Users\刘子轩\Desktop\TP-SSCS项目\data\downloads\aistap_sim\sampledata\sampledata\simNoiseOnly\simNoiseOnly_sample.mat,1,False,150,train
0.001,191.72700850747006,,0.001007080078125,0,65536,raw,simNoiseOnly,C:\Users\刘子轩\Desktop\TP-SSCS项目\data\downloads\aistap_sim\sampledata\sampledata\simNoiseOnly\simNoiseOnly_sample.mat,1,False,150,train
0.003,172.2815167327679,,0.0030059814453125,0,65536,raw,simNoiseOnly,C:\Users\刘子轩\Desktop\TP-SSCS项目\data\downloads\aistap_sim\sampledata\sampledata\simNoiseOnly\simNoiseOnly_sample.mat,1,False,150,train
0.01,151.71015514226332,,0.010009765625,0,65536,raw,simNoiseOnly,C:\Users\刘子轩\Desktop\TP-SSCS项目\data\downloads\aistap_sim\sampledata\sampledata\simNoiseOnly\simNoiseOnly_sample.mat,1,False,150,train
1e-05,196.2050771222567,,1.52587890625e-05,0,65536,low_rank_residual,simNoiseOnly,C:\Users\刘子轩\Desktop\TP-SSCS项目\data\downloads\aistap_sim\sampledata\sampledata\simNoiseOnly\simNoiseOnly_sample.mat,1,False,150,train
3e-05,175.75364543691603,,3.0517578125e-05,0,65536,low_rank_residual,simNoiseOnly,C:\Users\刘子轩\Desktop\TP-SSCS项目\data\downloads\aistap_sim\sampledata\sampledata\simNoiseOnly\simNoiseOnly_sample.mat,1,False,150,train
0.0001,168.44955290492243,,0.0001068115234375,0,65536,low_rank_residual,simNoiseOnly,C:\Users\刘子轩\Desktop\TP-SSCS项目\data\downloads\aistap_sim\sampledata\sampledata\simNoiseOnly\simNoiseOnly_sample.mat,1,False,150,train
0.0003,148.1668151278647,,0.00030517578125,0,65536,low_rank_residual,simNoiseOnly,C:\Users\刘子轩\Desktop\TP-SSCS项目\data\downloads\aistap_sim\sampledata\sampledata\simNoiseOnly\simNoiseOnly_sample.mat,1,False,150,train
0.001,134.53460753633172,,0.001007080078125,0,65536,low_rank_residual,simNoiseOnly,C:\Users\刘子轩\Desktop\TP-SSCS项目\data\downloads\aistap_sim\sampledata\sampledata\simNoiseOnly\simNoiseOnly_sample.mat,1,False,150,train
0.003,123.00839262883443,,0.0030059814453125,0,65536,low_rank_residual,simNoiseOnly,C:\Users\刘子轩\Desktop\TP-SSCS项目\data\downloads\aistap_sim\sampledata\sampledata\simNoiseOnly\simNoiseOnly_sample.mat,1,False,150,train
0.01,108.92508865160114,,0.010009765625,0,65536,low_rank_residual,simNoiseOnly,C:\Users\刘子轩\Desktop\TP-SSCS项目\data\downloads\aistap_sim\sampledata\sampledata\simNoiseOnly\simNoiseOnly_sample.mat,1,False,150,train
1e-05,222.81669761589743,,1.52587890625e-05,0,65536,trainable_gate,simNoiseOnly,C:\Users\刘子轩\Desktop\TP-SSCS项目\data\downloads\aistap_sim\sampledata\sampledata\simNoiseOnly\simNoiseOnly_sample.mat,1,False,150,train
3e-05,202.00905032411222,,3.0517578125e-05,0,65536,trainable_gate,simNoiseOnly,C:\Users\刘子轩\Desktop\TP-SSCS项目\data\downloads\aistap_sim\sampledata\sampledata\simNoiseOnly\simNoiseOnly_sample.mat,1,False,150,train
0.0001,182.9472891318256,,0.0001068115234375,0,65536,trainable_gate,simNoiseOnly,C:\Users\刘子轩\Desktop\TP-SSCS项目\data\downloads\aistap_sim\sampledata\sampledata\simNoiseOnly\simNoiseOnly_sample.mat,1,False,150,train
0.0003,160.00720518090975,,0.00030517578125,0,65536,trainable_gate,simNoiseOnly,C:\Users\刘子轩\Desktop\TP-SSCS项目\data\downloads\aistap_sim\sampledata\sampledata\simNoiseOnly\simNoiseOnly_sample.mat,1,False,150,train
0.001,138.17732111127174,,0.001007080078125,0,65536,trainable_gate,simNoiseOnly,C:\Users\刘子轩\Desktop\TP-SSCS项目\data\downloads\aistap_sim\sampledata\sampledata\simNoiseOnly\simNoiseOnly_sample.mat,1,False,150,train
0.003,125.2249082858447,,0.0030059814453125,0,65536,trainable_gate,simNoiseOnly,C:\Users\刘子轩\Desktop\TP-SSCS项目\data\downloads\aistap_sim\sampledata\sampledata\simNoiseOnly\simNoiseOnly_sample.mat,1,False,150,train
0.01,110.30099754836881,,0.010009765625,0,65536,trainable_gate,simNoiseOnly,C:\Users\刘子轩\Desktop\TP-SSCS项目\data\downloads\aistap_sim\sampledata\sampledata\simNoiseOnly\simNoiseOnly_sample.mat,1,False,150,train
1e-05,8616.68416578504,0.046511627906976744,1.526880735345762e-05,43,65493,raw,simWind,C:\Users\刘子轩\Desktop\TP-SSCS项目\data\downloads\aistap_sim\sampledata\sampledata\simWind\simWind_sample.mat,0,True,150,val
3e-05,6624.480152864272,0.09302325581395349,3.053761470691524e-05,43,65493,raw,simWind,C:\Users\刘子轩\Desktop\TP-SSCS项目\data\downloads\aistap_sim\sampledata\sampledata\simWind\simWind_sample.mat,0,True,150,val
0.0001,6002.704428609053,0.09302325581395349,0.00010688165147420336,43,65493,raw,simWind,C:\Users\刘子轩\Desktop\TP-SSCS项目\data\downloads\aistap_sim\sampledata\sampledata\simWind\simWind_sample.mat,0,True,150,val
0.0003,4167.557688596562,0.18604651162790697,0.00030537614706915243,43,65493,raw,simWind,C:\Users\刘子轩\Desktop\TP-SSCS项目\data\downloads\aistap_sim\sampledata\sampledata\simWind\simWind_sample.mat,0,True,150,val
0.001,2664.77103568016,0.3023255813953488,0.001007741285328203,43,65493,raw,simWind,C:\Users\刘子轩\Desktop\TP-SSCS项目\data\downloads\aistap_sim\sampledata\sampledata\simWind\simWind_sample.mat,0,True,150,val
0.003,1863.5932502080925,0.32558139534883723,0.0030079550486311513,43,65493,raw,simWind,C:\Users\刘子轩\Desktop\TP-SSCS项目\data\downloads\aistap_sim\sampledata\sampledata\simWind\simWind_sample.mat,0,True,150,val
0.01,985.5013435885612,0.5348837209302325,0.010001068816514741,43,65493,raw,simWind,C:\Users\刘子轩\Desktop\TP-SSCS项目\data\downloads\aistap_sim\sampledata\sampledata\simWind\simWind_sample.mat,0,True,150,val
1e-05,762.4651420941657,0.13953488372093023,1.526880735345762e-05,43,65493,low_rank_residual,simWind,C:\Users\刘子轩\Desktop\TP-SSCS项目\data\downloads\aistap_sim\sampledata\sampledata\simWind\simWind_sample.mat,0,True,150,val
3e-05,675.8359899709218,0.13953488372093023,3.053761470691524e-05,43,65493,low_rank_residual,simWind,C:\Users\刘子轩\Desktop\TP-SSCS项目\data\downloads\aistap_sim\sampledata\sampledata\simWind\simWind_sample.mat,0,True,150,val
0.0001,425.7774764075933,0.16279069767441862,0.00010688165147420336,43,65493,low_rank_residual,simWind,C:\Users\刘子轩\Desktop\TP-SSCS项目\data\downloads\aistap_sim\sampledata\sampledata\simWind\simWind_sample.mat,0,True,150,val
0.0003,159.8331657518777,0.4883720930232558,0.00030537614706915243,43,65493,low_rank_residual,simWind,C:\Users\刘子轩\Desktop\TP-SSCS项目\data\downloads\aistap_sim\sampledata\sampledata\simWind\simWind_sample.mat,0,True,150,val
0.001,62.542401908383525,0.813953488372093,0.001007741285328203,43,65493,low_rank_residual,simWind,C:\Users\刘子轩\Desktop\TP-SSCS项目\data\downloads\aistap_sim\sampledata\sampledata\simWind\simWind_sample.mat,0,True,150,val
0.003,28.293707118562192,0.8837209302325582,0.0030079550486311513,43,65493,low_rank_residual,simWind,C:\Users\刘子轩\Desktop\TP-SSCS项目\data\downloads\aistap_sim\sampledata\sampledata\simWind\simWind_sample.mat,0,True,150,val
0.01,17.423410147430893,0.9069767441860465,0.010001068816514741,43,65493,low_rank_residual,simWind,C:\Users\刘子轩\Desktop\TP-SSCS项目\data\downloads\aistap_sim\sampledata\sampledata\simWind\simWind_sample.mat,0,True,150,val
1e-05,8282.718952381605,0.046511627906976744,1.526880735345762e-05,43,65493,trainable_gate,simWind,C:\Users\刘子轩\Desktop\TP-SSCS项目\data\downloads\aistap_sim\sampledata\sampledata\simWind\simWind_sample.mat,0,True,150,val
3e-05,5872.386231986153,0.11627906976744186,3.053761470691524e-05,43,65493,trainable_gate,simWind,C:\Users\刘子轩\Desktop\TP-SSCS项目\data\downloads\aistap_sim\sampledata\sampledata\simWind\simWind_sample.mat,0,True,150,val
0.0001,2797.8970107606538,0.3023255813953488,0.00010688165147420336,43,65493,trainable_gate,simWind,C:\Users\刘子轩\Desktop\TP-SSCS项目\data\downloads\aistap_sim\sampledata\sampledata\simWind\simWind_sample.mat,0,True,150,val
0.0003,1301.0164829115274,0.46511627906976744,0.00030537614706915243,43,65493,trainable_gate,simWind,C:\Users\刘子轩\Desktop\TP-SSCS项目\data\downloads\aistap_sim\sampledata\sampledata\simWind\simWind_sample.mat,0,True,150,val
0.001,210.49860422346302,0.7906976744186046,0.001007741285328203,43,65493,trainable_gate,simWind,C:\Users\刘子轩\Desktop\TP-SSCS项目\data\downloads\aistap_sim\sampledata\sampledata\simWind\simWind_sample.mat,0,True,150,val
0.003,35.926483958217,0.9767441860465116,0.0030079550486311513,43,65493,trainable_gate,simWind,C:\Users\刘子轩\Desktop\TP-SSCS项目\data\downloads\aistap_sim\sampledata\sampledata\simWind\simWind_sample.mat,0,True,150,val
0.01,18.06526464202711,0.9767441860465116,0.010001068816514741,43,65493,trainable_gate,simWind,C:\Users\刘子轩\Desktop\TP-SSCS项目\data\downloads\aistap_sim\sampledata\sampledata\simWind\simWind_sample.mat,0,True,150,val
1e-05,5622.384163866826,,1.52587890625e-05,0,65536,raw,simWind,C:\Users\刘子轩\Desktop\TP-SSCS项目\data\downloads\aistap_sim\sampledata\sampledata\simWind\simWind_sample.mat,1,False,150,val
3e-05,4628.5960442851165,,3.0517578125e-05,0,65536,raw,simWind,C:\Users\刘子轩\Desktop\TP-SSCS项目\data\downloads\aistap_sim\sampledata\sampledata\simWind\simWind_sample.mat,1,False,150,val
0.0001,3108.055553349863,,0.0001068115234375,0,65536,raw,simWind,C:\Users\刘子轩\Desktop\TP-SSCS项目\data\downloads\aistap_sim\sampledata\sampledata\simWind\simWind_sample.mat,1,False,150,val
0.0003,2342.8348786401584,,0.00030517578125,0,65536,raw,simWind,C:\Users\刘子轩\Desktop\TP-SSCS项目\data\downloads\aistap_sim\sampledata\sampledata\simWind\simWind_sample.mat,1,False,150,val
0.001,1486.4778069517024,,0.001007080078125,0,65536,raw,simWind,C:\Users\刘子轩\Desktop\TP-SSCS项目\data\downloads\aistap_sim\sampledata\sampledata\simWind\simWind_sample.mat,1,False,150,val
0.003,903.4403532966533,,0.0030059814453125,0,65536,raw,simWind,C:\Users\刘子轩\Desktop\TP-SSCS项目\data\downloads\aistap_sim\sampledata\sampledata\simWind\simWind_sample.mat,1,False,150,val
0.01,439.5823928829982,,0.010009765625,0,65536,raw,simWind,C:\Users\刘子轩\Desktop\TP-SSCS项目\data\downloads\aistap_sim\sampledata\sampledata\simWind\simWind_sample.mat,1,False,150,val
1e-05,29.632980693504855,,1.52587890625e-05,0,65536,low_rank_residual,simWind,C:\Users\刘子轩\Desktop\TP-SSCS项目\data\downloads\aistap_sim\sampledata\sampledata\simWind\simWind_sample.mat,1,False,150,val
3e-05,21.59070695258587,,3.0517578125e-05,0,65536,low_rank_residual,simWind,C:\Users\刘子轩\Desktop\TP-SSCS项目\data\downloads\aistap_sim\sampledata\sampledata\simWind\simWind_sample.mat,1,False,150,val
0.0001,17.7955079634947,,0.0001068115234375,0,65536,low_rank_residual,simWind,C:\Users\刘子轩\Desktop\TP-SSCS项目\data\downloads\aistap_sim\sampledata\sampledata\simWind\simWind_sample.mat,1,False,150,val
0.0003,14.862080036507448,,0.00030517578125,0,65536,low_rank_residual,simWind,C:\Users\刘子轩\Desktop\TP-SSCS项目\data\downloads\aistap_sim\sampledata\sampledata\simWind\simWind_sample.mat,1,False,150,val
0.001,9.29327975548219,,0.001007080078125,0,65536,low_rank_residual,simWind,C:\Users\刘子轩\Desktop\TP-SSCS项目\data\downloads\aistap_sim\sampledata\sampledata\simWind\simWind_sample.mat,1,False,150,val
0.003,6.749032386298453,,0.0030059814453125,0,65536,low_rank_residual,simWind,C:\Users\刘子轩\Desktop\TP-SSCS项目\data\downloads\aistap_sim\sampledata\sampledata\simWind\simWind_sample.mat,1,False,150,val
0.01,4.61681643849546,,0.010009765625,0,65536,low_rank_residual,simWind,C:\Users\刘子轩\Desktop\TP-SSCS项目\data\downloads\aistap_sim\sampledata\sampledata\simWind\simWind_sample.mat,1,False,150,val
1e-05,555.3365128595058,,1.52587890625e-05,0,65536,trainable_gate,simWind,C:\Users\刘子轩\Desktop\TP-SSCS项目\data\downloads\aistap_sim\sampledata\sampledata\simWind\simWind_sample.mat,1,False,150,val
3e-05,108.27925547296746,,3.0517578125e-05,0,65536,trainable_gate,simWind,C:\Users\刘子轩\Desktop\TP-SSCS项目\data\downloads\aistap_sim\sampledata\sampledata\simWind\simWind_sample.mat,1,False,150,val
0.0001,35.75719972345311,,0.0001068115234375,0,65536,trainable_gate,simWind,C:\Users\刘子轩\Desktop\TP-SSCS项目\data\downloads\aistap_sim\sampledata\sampledata\simWind\simWind_sample.mat,1,False,150,val
0.0003,18.654296588067986,,0.00030517578125,0,65536,trainable_gate,simWind,C:\Users\刘子轩\Desktop\TP-SSCS项目\data\downloads\aistap_sim\sampledata\sampledata\simWind\simWind_sample.mat,1,False,150,val
0.001,10.102252683985467,,0.001007080078125,0,65536,trainable_gate,simWind,C:\Users\刘子轩\Desktop\TP-SSCS项目\data\downloads\aistap_sim\sampledata\sampledata\simWind\simWind_sample.mat,1,False,150,val
0.003,6.936827700982663,,0.0030059814453125,0,65536,trainable_gate,simWind,C:\Users\刘子轩\Desktop\TP-SSCS项目\data\downloads\aistap_sim\sampledata\sampledata\simWind\simWind_sample.mat,1,False,150,val
0.01,4.690516741821661,,0.010009765625,0,65536,trainable_gate,simWind,C:\Users\刘子轩\Desktop\TP-SSCS项目\data\downloads\aistap_sim\sampledata\sampledata\simWind\simWind_sample.mat,1,False,150,val

